file_id,offset_hex,byte_length,jp_text,en_text,ru_text,de_text
ID00001,00001441,48,「ん～っ、今日もいい天気だなぁ」,"Hmm~, it's a nice day today.",,
ID00001,00001aee,62,「あ、@str_000君、なにしてるのぉ？　撮影？」,"Oh, @str_000-kun? Taking pics?",,
ID00001,00001e05,63,「あ、心美せ…た、体操服！？　なんで！？」,"Ah, Shinomi... PE uniform!? Why!?",,
ID00001,00001fa0,51,「ん？　これから体育の授業だから」,Hm? We have gym class next.,,
ID00001,00002290,48,「体育！？　受けるんですか！？」,Gym!? You're taking that!?,,
ID00001,00002447,45,「そ、そんなわけないでしょ！」,N-no way!,,
ID00001,00002736,60,「女子の体育の先生が、急な転勤になって、,"The female PE teacher suddenly transferred, so",,
ID00001,00002781,54,　代わりに担当することになったのよ」,I'm in charge of the class instead.,,
ID00001,00002d08,42,「ミツミキャンプが終わったら,"After Mitsumi Camp ends,",,
ID00001,00002d41,36,　新任の先生が来るから、,"a new teacher will come, so",,
ID00001,00002d74,33,　その間だけだけどね」,"just for that time, okay?""",,
ID00001,0000306e,36,「ああ、そういうこと…」,"Oh, I see...""",,
ID00001,00003223,24,「そういうこと」,That's it.,,
ID00001,000034df,60,「けど、教えるのに体操服って、なんで？」,But why do we have to wear gym clothes?,,
ID00001,00003690,36,「エヘヘ、購買部の在庫を,"Hehe, bookstore stock.",,
ID00001,000036c3,60,　支給してもらっちゃった。新米教師って、,"As a newbie teacher,",,
ID00001,0000370e,45,　お給料安いから助かっちゃう」,"My salary's low, so this helps out.",,
ID00001,00003dc5,57,「…まぁ、似合ってるからいいですけど、,"Well, it suits you, so that's fine...",,
ID00001,00003e0d,36,　それって、コスプレ…」,But isn't that like cosplay...?,,
ID00001,00003fb8,36,「コスプレじゃないわよ！,It's not cosplay!,,
ID00001,00003feb,48,　学校から支給されたんだから！」,The school gave it to me!,,
ID00001,00004184,51,（学校ぐるみで遊ばれてるんじゃ…）,(They're all just playing around with me...),,
ID00001,000041e5,39,「ぱっと見、生徒と見分けが,"At first glance, they look alike.",,
ID00001,0000421b,33,　つかないんですけど」,students and teachers.,,
ID00001,000043aa,60,「そんなことないわよ。ほら、帽子を見て！,There's no way that's true! Look at my hat!,,
ID00001,000043f5,54,　わかりやすいように被ったんだから」,I put it on so you could tell the difference easily.,,
ID00001,00004993,60,「なるほど。初等部に見せることで差を…」,Got it. Showing elementary kids...,,
ID00001,00004b72,57,「初等部じゃないわよ！　もう２２よ！」,I'm not in elementary school anymore! I'm 22!,,
ID00001,00004e6d,51,「む～っ、そういうこと言ってると、,"Muu~, if you keep saying stuff like that,",,
ID00001,00004eaf,62,　@str_000君だけ、宿題を倍にするんだからぁ」,"I'm gonna double your homework, @str_000!",,
ID00001,00005347,36,「げっ、そんなのアリ？」,"Holy crap, is that even allowed?",,
ID00001,00005556,63,「アリよ。理由なんて、どうにでもなるもん」,It's allowed. The reason can be anything you want.,,
ID00001,00005852,48,「心美先生は、大人の女性だなぁ。,Ms. Shinomiya is a grown woman.,,
ID00001,00005891,45,　初等部になんて見えないなぁ」,She doesn't look like elementary school.,,
ID00001,00005a5d,42,「そうそう、それでよろしい」,"That's right, that'll do just fine.",,
ID00001,00005c09,57,「英語に加えて、体育まで教えるなんて、,"Besides English, she even teaches P.E.,",,
ID00001,00005c51,21,　大変ですね」,isn't it?,,
ID00001,00005ddb,63,「そうなのよぉ。先生になったばかりなのに、,"Yeah, I know. She just started.",,
ID00001,00005e29,36,　授業が増えちゃって…」,her class load has increased...,,
ID00001,00006254,42,「まぁ、運動不足が解消されて,"Well, she's exercised now.",,
ID00001,0000628d,27,　いいんだけどね」,"too, but...",,
ID00001,000066ac,60,「今日はドッジボールよ。的が小さいから、,"Today's dodgeball. The target is small,",,
ID00001,000066f7,39,　当たりにくいんだからぁ」,"so it's hard to hit, okay?",,
ID00001,00006af0,15,「ははは」,Heh heh heh,,
ID00001,00006c68,33,（自分も参加するのか）,(Is she joining too?),,
ID00001,00006f9b,27,「それじゃあね～」,See ya~,,
ID00001,000072d9,51,（心美先生の年下感は反則だよなぁ）,(Sensei's youth is unfair.),,
ID00002,00002031,30,「あっ！　心美先生」,Hey! Shinomi-sensei!,,
ID00002,0000221f,44,「ん？　その声は…@str_000君？」,Hm? That voice... @str_000?,,
ID00002,00002440,33,「レコチャンスだっ！」,It's my chance!,,
ID00002,00002883,51,「はわわ、レ、レコチャンスって…」,"Wha, y-you're recording me...",,
ID00002,00002b82,36,「ダメよぉ、録っちゃ！」,"No way, don't record it!",,
ID00002,00002e3d,36,「恥ずかしいでしょお！」,That's so embarrassing!,,
ID00002,00003805,45,「なぁに？　レコチャンスって」,What's a Recchance anyway?,,
ID00002,0000399b,51,「シャッターチャンスの動画版です。,It's like Shutter Chance but for videos.,,
ID00002,000039dd,30,　俺が名付けました」,I named it.,,
ID00002,00003b8c,42,「ふうん、恥ずかしかったけど,"Hmm, I was embarrassed but",,
ID00002,00003bc5,30,　いいネーミングね」,It's a good name.,,
ID00002,00003e87,60,「体育を教えるって、水泳もなんですか？」,"You teach P.E., so you do swimming too?",,
ID00002,00004054,60,「そりゃそうよぉ。水泳こそ、女性の先生が,Of course. A female teaches it.,,
ID00002,0000409f,57,　教えなきゃ。みんな年ごろなんだから」,since all the girls are of age now.,,
ID00002,000044d0,60,「スク水も体操服と一緒に学校から支給？」,Are swimsuits also provided along with gym clothes?,,
ID00002,0000469d,42,「そうよ、ありがたくってぇ」,"Yes, we're grateful.",,
ID00002,00004830,60,（絶対、他の先生から遊ばれてる気がする。,I'm sure other teachers are hitting on her.,,
ID00002,0000487b,57,　新任だし、可愛がられてるってことか）,"She's new, so maybe she's being favored?",,
ID00002,00004a45,38,「@str_000君、ダメですよぉ、,"Oi @str_000, no way!",,
ID00002,00004a7a,36,　プールに入って来ちゃ。,You're gonna get in the pool?,,
ID00002,00004aad,42,　次の水泳は女子なんだから」,Next up's the girls' swim meet.,,
ID00002,00004ecf,60,「すみません…ちょっと忘れ物しちゃって」,Sorry... I left something behind.,,
ID00002,00005080,54,「ん…そっか。なら、仕方がないわね」,"Hmm... I see. Well, there's no help for it then.",,
ID00002,00005611,63,「水泳は楽しいんだけど、コンタクト外すから,"Swimming is fun, but I have to take out my contacts.",,
ID00002,0000565f,33,　前がよく見えなくて」,I can't see well in front of me.,,
ID00002,00005978,36,「視力、悪いんですか？」,Do you have bad eyesight?,,
ID00002,00005af8,59,「かなりね～。@str_000君の顔もボッケボケ」,Pretty bad~. @str_000's face is all blurry too.,,
ID00002,00005fa7,36,「小さいころからだから、,"I've had it since I was little, so",,
ID00002,00005fda,36,　もう慣れっこだけどね」,I'm used to it by now.,,
ID00002,00006196,42,「あ、視力が悪いんでしたね」,"Oh, you have bad eyesight.",,
ID00002,00006335,45,「そう。小さいころからだから、,"That's right. I've had it since I was little,",,
ID00002,00006371,36,　もう慣れっこだけどね」,I'm used to it by now.,,
ID00002,00006668,51,（今も小さいですよね…って言うと、,If I say you're still small...,,
ID00002,000066aa,36,　怒られるからやめよう）,(I'd get scolded. Let's not.),,
ID00002,0000695f,54,「ほらほら、もう生徒たちが来るから、,"Hey hey, the students are already coming.",,
ID00002,000069a4,33,　出てった、出てった」,"Out out, get out",,
ID00002,00006da4,33,「は、はい、それじゃ」,"Y-yeah, see you",,
ID00002,00006f56,27,「それじゃあね～」,See ya~,,
ID00003,00002c5e,45,（あ…、あそこの人だかりは…）,Oh... that crowd over there is...,,
ID00003,00003180,57,「心美先生、ここの英訳なんですけど…」,"Miss Shinmi, this English translation here...",,
ID00003,00003358,36,「うんうん、そこはねぇ」,"Yeah, yeah, it's not like that.",,
ID00003,000034e5,48,「先生、私にも教えてください！」,"Please teach me too, Miss Shinmi!",,
ID00003,000038a4,24,「私も私もー！」,Me too! Me too!,,
ID00003,00004fc5,57,（女生徒から質問攻めか。人気あるなぁ）,She's popular.,,
ID00003,00005345,51,「心美先生、私も質問したいところが,"Miss Shinmi, I also have a question...",,
ID00003,00005387,27,　あるんですけど」,I want to ask.,,
ID00003,00005aa9,18,「御前さん」,Gozen-sama.,,
ID00003,00005c5d,18,「ごぜん様」,Gozen-sama,,
ID00003,00005de4,51,「うぐ……い、いいわよ、もちろん。,Ugh... o-of course I will.,,
ID00003,00005e26,24,　どこどこぉ？」,Where? Where?,,
ID00003,000064ed,48,「先日の授業の長文で使われていた,From the long text in class a few days ago,,
ID00003,0000652c,36,　複合関係詞なのですが、,"about the complex relative clauses,",,
ID00003,0000655f,51,　復習していて気になったことが…」,Something I noticed...,,
ID00003,00006c0c,27,「う、うんうん…」,"Ugh, yeah, yeah...",,
ID00003,00007342,39,「あれ？　プロデューサー。,Huh? Producer.,,
ID00003,00007378,36,　あなたも先生に質問？」,You gonna ask the teacher too?,,
ID00003,00007c96,29,「あれ？　@str_000君。,Huh? @str_000-kun.,,
ID00003,00007cc2,36,　あなたも先生に質問？」,You gonna ask the teacher too?,,
ID00003,000081f5,56,「あ、@str_000先輩。先輩も質問ですか？」,"Ah, Senpai.",,
ID00003,00008894,63,「い、いや、俺は休み時間は休む主義だから。,"N-No, I'm all about taking breaks during break time.",,
ID00003,000088e2,24,　それじゃっ！」,See you there!,,
ID00003,00008a56,39,「フフッ、それじゃあね～」,"Hehe, see you then~",,
ID00004,00001e26,18,「っちは～」,"""Hey~""",,
ID00004,00002500,33,「あ、プロデューサー、,"Ah, Producer,",,
ID00004,00002530,36,　ちょうどいいところに。,Just in time.,,
ID00004,00002563,42,　お願いしたいことがあるの」,I have a favor to ask.,,
ID00004,00002c1f,63,「心美先生って、すっごくいいと思うのよね。,I really think Miss Shinomi is great.,,
ID00004,00002c6d,48,　ちっちゃくて、チャーミングで、,"She's so small and charming,",,
ID00004,00002cac,27,　かわいらしくて」,and cute too.,,
ID00004,00003341,45,「とても２０歳を越えてるとは、,"You'd never guess she's over 20,",,
ID00004,0000337d,30,　思えないでしょ？」,"You can't tell, right?",,
ID00004,00003504,42,「赴任してきたばかりなのに、,She just started teaching here and,,
ID00004,0000353d,39,　学園七不思議の１つって、,She's one of the school's mysteries.,,
ID00004,00003573,42,　言われるぐらいだからなぁ」,"so you get that, yeah?",,
ID00004,00003712,27,「フフッ、そうね」,"Hehe, really?",,
ID00004,000039dd,30,「教え方も上手だし、,"She's a great teacher too,",,
ID00004,00003a0a,57,　生徒からも慕われてるし、もっともっと,All the students adore her.,,
ID00004,00003a52,45,　心美先生のことが知りたいの」,more about Ms. Shinbi.,,
ID00004,00003e51,51,「そんなわけで、夏の間、心美先生を,Let me get to know Ms. Shinbi this summer.,,
ID00004,00003e93,39,　密着録画してくれない？」,Can you film her up close for me?,,
ID00004,0000403c,21,「ええっ！？」,What!??,,
ID00004,000041e2,57,「全校生徒、最大の関心事だと思うのよ。,It's what all care most.,,
ID00004,0000422a,39,　心美先生がプライベートで,about Ms. Shinbi's private life,,
ID00004,00004260,45,　どんなことをしてるのかって」,what she does in her free time?,,
ID00004,00004907,63,「お願い！　心美先生の素顔を引き出すような,Please! I want footage that reveals,,
ID00004,00004955,30,　キュートな動画を、,"her true self, cute stuff,",,
ID00004,00004982,45,　失礼のない範囲で録ってきて」,Keep it within the bounds of politeness.,,
ID00004,00004f04,44,「あ、@str_000君、いいところに。,"Ah, @str_000-kun, you're in a good spot.",,
ID00004,00004f3f,48,　ちょうど呼ぼうと思ってたのよ」,I was just about to call for you.,,
ID00004,000054c6,48,「心美先生って、いいと思わない？,Don't you think Ms. Shinmi is nice?,,
ID00004,00005505,48,　ちっちゃくて、チャーミングで、,"She's so small and charming,",,
ID00004,00005544,27,　かわいらしくて」,and cute too.,,
ID00004,00005bd9,45,「とても２０歳を越えてるとは、,"You'd never guess she's over 20,",,
ID00004,00005c15,27,　思えないよね～」,You don't really think so~,,
ID00004,00005d99,42,「赴任してきたばかりなのに、,She just started teaching here and,,
ID00004,00005dd2,39,　学園七不思議の１つって、,One of the school's seven mysteries.,,
ID00004,00005e08,42,　言われるぐらいですからね」,That's why I'm telling you.,,
ID00004,00005fa7,30,「教え方も上手だし、,"She's a great teacher too,",,
ID00004,00005fd4,57,　生徒からも慕われてるし、もっともっと,All the students adore her.,,
ID00004,0000601c,45,　心美先生のことが知りたいの」,more about Ms. Shinbi.,,
ID00004,0000644d,51,「そんなわけで、夏の間、心美先生を,So that's it.,,
ID00004,0000648f,39,　密着録画してくれない？」,Can you film her up close for me?,,
ID00004,0000661f,21,「ええっ！？」,What!??,,
ID00004,000067a9,57,「全校生徒、最大の関心事だと思うのよ。,I think it's huge for everyone.,,
ID00004,000067f1,39,　心美先生がプライベートで,about Ms. Shinbi's private life,,
ID00004,00006827,45,　どんなことをしてるのかって」,what she does in her free time?,,
ID00004,00006ece,48,「心美先生の素顔を引き出すような,Footage that reveals Ms. Shinmi's true self...,,
ID00004,00006f0d,30,　キュートな動画を、,"her true self, cute stuff,",,
ID00004,00006f3a,45,　失礼のない範囲で録ってきて」,Keep it within the bounds of politeness.,,
ID00004,000071a7,63,「アイドルプロジェクトも忙しいってのに…」,Even though she's busy with the idol project...,,
ID00004,0000735b,39,「Ｃムービー部展の目玉は、,"The star of the C-Movie Club show is,",,
ID00004,00007391,45,　いくつあってもいいでしょ？」,Can't have too many of those.,,
ID00004,00007527,15,「はぁ…」,...,,
ID00004,000076ab,63,「じゃあ、決まりね！　よろしくお願いね！」,Okay then! Let's do it!,,
ID00004,00007882,57,「いいですけど、アイドルプロジェクトも,"That's fine, but she does too.",,
ID00004,000078ca,36,　進めながらですよね？」,She still has to move forward...,,
ID00004,00007a63,21,「もちろんよ」,Of course.,,
ID00004,00007bed,39,「Ｃムービー部展の目玉は、,"The star of the C-Movie Club show is,",,
ID00004,00007c23,45,　いくつあってもいいでしょ？」,Can't have too many of those.,,
ID00004,00007db9,15,「はぁ…」,...,,
ID00004,00007e40,27,「いいですけど…」,That's fine...,,
ID00004,00007fff,51,「じゃあ、決まりね！　よろしくね」,"Then, it's settled! Take care of me.",,
ID00004,0000862c,33,（心美先生に密着…か。,So close to Shinmi-sensei...,,
ID00004,0000865c,42,　被写体として魅力十分だし、,She'll be a very attractive subject.,,
ID00004,00008695,60,　異存はないんだけど、どんなの録れば…）,"No objections, but what should I record...",,
ID00004,000086ff,36,（ブックカフェへ寄って、,Stop by the book cafe...,,
ID00004,00008732,42,　グラビア誌でも見て帰るか）,Check out some porn mags while I'm there.),,
ID00004,00008c18,45,（１８禁スレスレのグラビア…）,(Almost 18+ swimsuit shots...),,
ID00004,00008cc6,9,ペラリ,Flip,,
ID00004,00008cfd,51,（うおっ、エロッ！　…こういうのは,"(Whoa, so perverted! ...This isn't right though.",,
ID00004,00008d3f,54,　違うよな。そもそも録らせてくれない,you wouldn’t even let me take these shots,,
ID00004,00008d84,18,　だろうし）,),,
ID00004,00008dc4,42,（アイドル系のグラビアを…）,(Idol swimsuit photos...),,
ID00004,00008e6f,9,ペラリ,Flip,,
ID00004,00008ea6,36,（爽やかでいい感じだな。,(It looks fresh and nice...,,
ID00004,00008ed9,54,　けど、もっと若く見えるんだよなぁ。,But she seems younger than her actual age.,,
ID00004,00008f1e,54,　このアイドルの方が若いと思うけど）,This idol is probably younger too.),,
ID00004,00008f82,54,（…ジュニアアイドルのグラビアを…）,(Junior idol swimsuit photos...),,
ID00004,00009039,9,ペラリ,Flip,,
ID00004,00009070,36,（うぐっ、なんて背徳感。,"Ugh, what a taboo feeling.",,
ID00004,000090a3,63,　けど、こういう感じなんだよ、心美先生は。,But that's how it is with Miss Shinomi.,,
ID00004,000090f1,33,　合法…ってヤツか？）,Is this legal...?,,
ID00004,00009140,51,（密着ってことだし、ポーズ取ってる,"Since we're filming up close and personal,",,
ID00004,00009182,48,　とこより、自然な感じの動画が、,I'd rather get some more natural-looking footage,,
ID00004,000091c1,36,　録れればいいんだけど）,than just poses.,,
ID00004,00009213,45,（あれ？　あそこにいるのは…）,Huh? The one over there is...,,
ID00004,000096ba,48,「はう～～っ、めまいがするぅぅ。,*Ah~ I'm getting dizzy.,,
ID00004,000096f9,27,　こんな難しいの、,"This is way too hard,",,
ID00004,00009723,51,　受験の時も勉強したことないよぉ」,I've never studied this for exams before.,,
ID00004,00009c63,48,「けど、ダメダメ、逃げちゃダメ。,"But no can do, I gotta face it.",,
ID00004,00009ca2,36,　ドゥ　マイ　ベスト！」,Do my best!,,
ID00004,0000a3aa,51,「これぐらい、あっさり解けるように,"If I can't solve it this easily,",,
ID00004,0000a3ec,57,　ならないと、御前さんみたいな優等生に,there's no way Misaki-senpai could teach me.,,
ID00004,0000a434,36,　教えられないんだから」,That's for sure!,,
ID00004,0000a85f,63,「あう～っ、あの子、絶対私より頭いいよぉ」,"*Augh~, that girl is definitely smarter than me.",,
ID00004,0000b04f,48,「心美先生、参考書選びですか？」,"Sensei, you're picking reference books?",,
ID00004,0000b76f,23,「あ、@str_000君！,"Oh, @str_000!",,
ID00004,0000b795,42,　そ、そうなの、ちょっとね」,"Y-Yeah, just a little bit.",,
ID00004,0000bbb7,36,「御前さん対策ですか？」,Are you preparing for Misaki-senpai?,,
ID00004,0000bd62,39,「ど、どうしてそれを！？」,Why would you do that!?,,
ID00004,0000bef2,42,「心の声が口に出てましたよ」,Your thoughts slipped.,,
ID00004,0000c091,33,「えっ…はうあぅあ…」,*Eh... Hauuaa...,,
ID00004,0000c374,54,「そうなのぉ…御前さん、頭よすぎて、,"That's right... Misaki-senpai is way too smart,",,
ID00004,0000c3b9,57,　先生、ついていくのが精一杯なのよぉ」,"Teacher, I can barely keep up with you.",,
ID00004,0000cb44,60,「私だって、成績悪い方じゃなかったのよ。,I wasn't exactly a slacker either.,,
ID00004,0000cb8f,60,　けど、あんな全国でもトップクラスの子が,Top of the country...,,
ID00004,0000cbda,27,　質問に来ると…」,To ask a question...,,
ID00004,0000d30f,60,「なんて答えていいのか、しどろもどろで、,"that I didn't know how to answer, stuttering and",,
ID00004,0000d35a,57,　チンプンカンプンになっちゃうのよぉ」,completely lost...,,
ID00004,0000d637,18,「はははは」,Hahaha,,
ID00004,0000d7da,45,「あと要注意なのは反町さんね」,Watch out for Sorimachi-san.,,
ID00004,0000d97c,66,「まだ２年生だからいいけど、来年になったら、,"Still a second-year, but next year,",,
ID00004,0000d9cd,60,　御前さん以上に質問が高度になりそう…」,even more advanced...,,
ID00004,0000df48,36,「はうぅ…気が重いけど、,"Muuu... It's heavy on my mind, but",,
ID00004,0000df7b,48,　高校時代には手を出さなかった、,no super hard problems,,
ID00004,0000dfba,63,　超難解な問題に取り組むしかないのよぉ…」,tough ones...,,
ID00004,0000e68f,48,「こんなの受験の時にやっとけば、,did this stuff during,,
ID00004,0000e6ce,42,　すんごい大学行けたってぇ」,good college...,,
ID00004,0000e861,21,「ははははは」,Hahaha,,
ID00004,0000e9eb,54,「この歳で高校の参考書を買うなんて、,"Buying high school textbooks at my age,",,
ID00004,0000ea30,24,　恥ずかしくて」,it's embarrassing.,,
ID00004,0000ebb1,60,「大丈夫ですよ、生徒が買ってるようにしか,like a student.,,
ID00004,0000ebfc,33,　見えないだろうから」,They'll think it's a student.,,
ID00004,0000ed92,42,「な～に～か～言ったぁ～？」,What'd you say~?,,
ID00004,0000edea,24,「な、なにも！」,N-nothing!,,
ID00004,0000ef93,60,「はぁ…新米教師のお給料なんて安いのに、,Phew... A new teacher's salary is low.,,
ID00004,0000efde,36,　参考書代がかさんで…」,It's adding up...,,
ID00004,0000f409,57,「体操服と水着が支給されてなかったら、,"If they didn't give us gym clothes and swimsuits,",,
ID00004,0000f451,18,　破産よぉ」,we'd go bankrupt.,,
ID00004,0000f72f,27,「それじゃあね～」,See ya~,,
ID00004,0000fb34,57,（思いがけず素顔の心美先生が録れたな。,(Never thought I'd get Ms. Kimi's face on tape.),,
ID00004,0000fb7c,60,　こんな感じの動画がいっぱい録れれば…）,(If I could get a bunch of videos like this...),,
ID00005,000019e9,51,（取り立てて録りたいものもないし、,"Nothing in particular to record, so...",,
ID00005,00001a2b,36,　今日はそろそろ帰るか）,I guess I'll head home now.,,
ID00005,00001f50,21,キャンキャン！,Woof woof!,,
ID00005,00001f93,42,（ん？　犬の鳴き声が…あ…）,Huh? Is that a dog barking... Oh...,,
ID00005,000024c7,42,「はうぅぅ…どうしようぅ…」,Aww... What should I do?,,
ID00005,00002572,21,キャンキャン！,Woof woof!,,
ID00005,000026fc,21,「ひぃ～～っ」,Eek~,,
ID00005,0000273f,48,「心美先生、なにやってんです？」,"Teacher Shinomiya, what are you doing?",,
ID00005,000028fd,26,「あ、@str_000君！」,"Ah, @str_000-kun!",,
ID00005,00002cee,57,「校門の向こうに野良犬がいるみたいで。,There's a stray dog beyond the gate.,,
ID00005,00002d36,36,　怖くて帰れないのよぉ」,I'm too scared to go home.,,
ID00005,00002ffe,54,「鳴き声的に怖くなさそうですけど？」,It doesn't sound that scary though...,,
ID00005,000031c5,39,「苦手なのよぉ、野良犬ぅ。,Stray dogs are my weakness.,,
ID00005,000031fb,39,　すぐ追いかけ回すからぁ」,I'll chase it right away!,,
ID00005,000034c6,54,（下に見ると犬は強気に出るからなぁ。,"When you look down, dogs get aggressive.",,
ID00005,0000350b,39,　犬から見ても、心美先生は,Even from the dog's perspective...,,
ID00005,00003541,42,　子供にしか見えないのか？）,Does she only look like a kid?,,
ID00005,00003599,33,「俺が追い払いますよ」,I'll chase you off.,,
ID00005,0000372f,30,「本当？　出来る？」,Really? You can do that?,,
ID00005,000038b6,21,「簡単ですよ」,It's easy.,,
ID00005,00003d79,54,「ほら、あっち行きな。いい子だから」,"Come on, go over there. Be a good girl.",,
ID00005,00003e30,21,キャンキャン！,Woof woof!,,
ID00005,00004310,33,「どっか行きましたよ」,She went away.,,
ID00005,000044c2,48,「ありがとぉぉ！　よかったぁ～」,Thank youuu! I'm so happy!,,
ID00005,0000465b,57,「まぁ、飼い主がいないと怖いですよね」,"Well, it is scary without an owner around.",,
ID00005,00004809,30,「いても怖いわよぉ」,It's still scary.,,
ID00005,0000499c,60,「どんな犬も、散歩してる時に出くわすと、,"Any dog you meet while walking,",,
ID00005,000049e7,48,　必ず吠えて、脅かすんだからぁ」,will always bark and scare you.,,
ID00005,00004cd4,54,「ははは、じゃあ、犬と猫なら猫派？」,"hahaha, so are you a cat person then?",,
ID00005,00004e66,42,「猫も苦手よぉ。特に野良猫」,Cats are scary too. Especially stray cats.,,
ID00005,00005175,42,「この間、どこから来たのか、,"The other day, I found one on my balcony,",,
ID00005,000051ae,63,　ベランダに干してたお布団の上にいたから、,"sitting on the blanket that was drying there,",,
ID00005,000051fc,57,　“どこか行きなさぁい”って言ったの」,"'Go somewhere else,' I told it.",,
ID00005,00005774,54,「そしたら、逃げるどころか、お布団に,"Instead of running away, it just jumped onto",,
ID00005,000057b9,57,　体をこすりつけて、どけられるもんなら,rubbing against me,,
ID00005,00005801,39,　どけてみろって顔して…」,with a face saying 'try',,
ID00005,00005d80,33,「管理人室に電話して、,I called Tamachan.,,
ID00005,00005db0,48,　たまちゃん呼んじゃったわよぉ」,"and she came over, ya know?",,
ID00005,00006084,21,「ははははは」,Hahaha,,
ID00005,0000620e,39,「たまちゃんがモップ剣道で,Tamachan didn't chase it off.,,
ID00005,00006244,42,　追い払ってくれなかったら、,"if she hadn't,",,
ID00005,0000627d,30,　どうなってたか…」,What would've happened...,,
ID00005,0000654b,57,「野良犬きらーーい。野良猫きらーーい」,I hate stray dogs. I hate stray cats.,,
ID00005,00006715,36,「宿舎に帰るとこでしょ？,"Back to the dorm, right?",,
ID00005,00006748,42,　怖いから、一緒に帰ってぇ」,I'm scared... Can we go together?,,
ID00005,00006a16,54,「いいですよ。さっきの犬が仲間連れて,Sure thing. The dog had friends.,,
ID00005,00006a5b,48,　引き返してくるかもしれないし」,They might come back this way.,,
ID00005,00006c00,45,「怖いこと言いっこなしよぉ！」,Don't be such a scaredy-cat!,,
ID00005,00006c5b,18,「はははは」,Hahaha,,
ID00005,0000711b,51,こうして、心美先生と一緒に帰った。,And so I went back with Shimemi-sensei.,,
ID00006,000020dc,57,（うおっ、やばい！　撮影に集中してたら,"Oh crap, it’s getting late!",,
ID00006,00002124,42,　こんな時間に。帰んねーと）,(I gotta head home.),,
ID00006,0000263d,24,（腹減ったなぁ。,"(Man, I'm hungry.",,
ID00006,00002664,51,　けど、まだ晩メシ混んでたしなぁ。,But the dinner crowd is still pretty thick...,,
ID00006,000026a6,51,　ちょっと動画整理してから行くか）,Maybe I'll clean up some videos first.),,
ID00006,00002bc7,54,（ずいぶん動画がたまってきたなぁ…）,(There are a lot of videos to go through...,,
ID00006,00002c2b,63,（動画を処分するまで絶対に死ねないタイプの,I can't delete them until I finish watching...,,
ID00006,00002c79,57,　サムネイルが、増えてきた気がする…）,),,
ID00006,00002d2e,39,「ん？　誰だ？　は～い！」,Hm? Who's there? Hii~i!,,
ID00006,00002dd1,24,「こんばんはぁ」,Good evening~,,
ID00006,00002e17,21,「心美先生！」,Teacher Shinomiya!,,
ID00006,00002e5a,36,「中に…入ってもいい？」,Can I come in...?,,
ID00006,00002eac,18,「は、はい」,Y-Yes.,,
ID00006,00003654,63,「うわぁ、男の子の部屋って感じぃ。フフッ」,"Wow, it feels like a boy's room. Hehe~",,
ID00006,00003937,45,「ど、どうしたんです？　急に」,W-What's up? So suddenly...,,
ID00006,00003ac0,54,「あ、この間のお礼をしようと思って」,"Ah, I wanted to thank you for the other day...",,
ID00006,00003e2f,60,「ほら、野良犬追い払ってくれたじゃない？,"Hey, remember when you chased off that stray dog?",,
ID00006,00003e7a,45,　すっごく助かっちゃったから」,Thanks a lot for helping me out so much.,,
ID00006,00004312,48,「ほら、びしょ濡れになったとき、,Remember when I got all wet and,,
ID00006,00004351,42,　体操服を貸してくれたから。,you lent me your gym clothes?,,
ID00006,0000438a,39,　すっごく助かっちゃった」,Thanks a lot.,,
ID00006,000047f4,30,（お礼……女教師が、,You said thanks...,,
ID00006,00004821,42,　男子生徒の部屋で…お礼…）,"A teacher, in a boy's room...",,
ID00006,00004cb1,30,「ほら……来て……」,Come on...,,
ID00006,00004e2b,57,「お礼に…先生が……教えてア・ゲ・ル」,As thanks... I'll show you...,,
ID00006,00005236,45,「もう……じらさないでぇ……」,Don't tease me anymore...,,
ID00006,00005f51,51,「ほら、晩ご飯！　作ってきたから、,Here's dinner! I made it for us to eat together!,,
ID00006,00005f93,27,　一緒に食べよ！」,Let's eat together!,,
ID00006,00006399,33,「あ、お弁当ですか？」,"Oh, is it a bento box?",,
ID00006,0000654b,45,「そうなの。女の子たちと一緒に,That's right. Sometimes with the girls,,
ID00006,00006587,60,　時々、お弁当の作りっこしてるんだけど、,"and make bento boxes together,",,
ID00006,000065d2,33,　その試作を兼ねてね」,using this as a test run too.,,
ID00006,00006a13,45,「お口に合えばいいんだけど…」,Hope you like it...,,
ID00006,00006a6f,25, 絶対合いますよ！, It'll suit you!,,
ID00006,00006aa3,43, 食べるなら…心美先生の方が…, Rather eat Kokomi...,,
ID00006,00006ae9,34, 手作り弁当、最高ーッ！, Homemade is best!,,
ID00006,00006b37,54,「絶対合いますよ！　うれしいです！」,I'm sure you'll love it! I'm so happy!,,
ID00006,00006cc9,30,「フフッ、ありがと」,"Hehe, thanks.",,
ID00006,00006e7e,48,「食べるなら…心美先生の方が…」,"If anyone's gonna eat it, it'd be...",,
ID00006,00007035,21,「えっ、えっ」,Wh-what?,,
ID00006,0000723c,39,「お、俺もう…ハァハァ…」,"O-oh, I'm... huffing and puffing...",,
ID00006,000073d8,15,「もーっ！,Mouu!,,
ID00006,000073f6,54,　大人をからかうもんじゃないわよ！」,You shouldn't tease adults!,,
ID00006,000076dc,39,「そういうこと言ってると、,"If you keep saying stuff like that,",,
ID00006,00007712,51,　食べさせてあげないんだからぁ！」,I won't let you eat it!,,
ID00006,000078ae,24,「心美先生を？」,Sensei Shinmi?,,
ID00006,00007a3b,54,「お弁当を！　たまちゃん呼ぶわよ！」,The bento! I'll call Tama-chan!,,
ID00006,00007bda,60,「はははは、お弁当があまりにうれしくて、,"Hahaha, the bento was so happy that",,
ID00006,00007c25,27,　つい悪ノリを…」,I got carried away...,,
ID00006,00007d9c,51,「もう～、そういうこと言ってると、,"Ugh, when you say stuff like that,",,
ID00006,00007dde,51,　悪い大人になっちゃうんだからぁ」,you end up becoming a bad adult!,,
ID00006,000080ff,39,「手作り弁当、最高ーッ！」,"Homemade bento, the best!!",,
ID00006,0000829b,63,「フフッ、そんなに喜んでくれて、うれしい」,"Hehe, it makes me happy to see you so excited.",,
ID00006,00008a2c,30,「いただきまーす！」,Here goes~!,,
ID00006,00008a78,24,「召し上がれ～」,Please enjoy~,,
ID00006,00008abe,57,「がつがつ、んぐんぐ……この肉じゃが、,"Chomp chomp... mmm... this stewed meat,",,
ID00006,00008b06,18,　うまっ！」,So tasty!,,
ID00006,00008b46,48,「エヘヘ、甘い味付けは得意なの。,"Hehe, I'm good at sweet flavors.",,
ID00006,00008b85,54,　お母さんにもほめられるんだからぁ」,Even my mom praises me for it~,,
ID00006,00008be9,33,「卵焼きもうまいなぁ」,Your omelette's good.,,
ID00006,00008c38,39,「そっちは甘みを抑えたの。,I kept the sweetness down.,,
ID00006,00008c6e,36,　肉じゃがが甘いからね」,'Cause it's a sweet stew.,,
ID00006,00008cc0,54,「アスパラとハムのサラダもうまっ！」,The asparagus and ham salad is delicious too!,,
ID00006,00008d24,39,「アスパラは今が旬だから。,Asparagus is in season right now.,,
ID00006,00008d5a,42,　季節の野菜も取らないとね」,We gotta get some seasonal veggies too.,,
ID00006,00008db2,45,「こんなに料理がうまいとは…」,I didn't know you were such a good cook...,,
ID00006,00008e0d,39,「年期が違うわよ、年期が。,You're in a different league.,,
ID00006,00008e43,45,　女生徒と一緒にしないでよね」,Don't compare me to the other girls.,,
ID00006,00008e9e,48,「見た目は先生の方が子供っぽ…」,You look more childish than me...,,
ID00006,00008efc,39,「な～に～か～言ったぁ？」,Wh-what did you say~?,,
ID00006,00008f51,60,「な、なんにも！　う、うまっ！　最高！」,N-nothing! It's d-delicious! Amazing!,,
ID00006,00008fbb,42,「フフッ、ゆっくり食べてね」,"Hehe, take your time eating.",,
ID00006,00009013,54,こうして、心美先生の手料理を食べた。,"This way, I got to eat Sensei's home cooking.",,
ID00007,00001dcc,33,「ぐはーーーーーーー」,Guhhhhhh--,,
ID00007,00001e1b,33,「づがれだーーーーー」,Tired as hell--,,
ID00007,00001e6a,33,「だるーーーーーーー」,So lazyyyyyy--,,
ID00007,0000228b,42,「心美先生、ぐったりですね」,"Miss Shinmi, you look so exhausted.",,
ID00007,000029ce,32,「あ゛～、@str_000君～」,"Ah~, @str_000-kun~",,
ID00007,00002b63,51,「女生徒と一緒に体育やってるから、,"I'm sore from playing sports with the girls,",,
ID00007,00002ba5,21,　筋肉痛でぇ」,My muscles ache.,,
ID00007,00002e6a,39,「お風呂でいくら揉んでも、,"No matter how much in the bath,",,
ID00007,00002ea0,36,　疲れが取れないのよぉ」,I can't shake the fatigue.,,
ID00007,000032cb,39,「体育の先生って大変ね～」,That gym teacher job must be tough~,,
ID00007,00003596,39,「見た目は子供っぽくても、,"Even if I look like a kid,",,
ID00007,000035cc,33,　歳には勝てないか…」,I guess age is just a number...,,
ID00007,00003762,57,「“子供っぽい”と“歳には勝てない”は,The 'look like a kid' and 'age doesn't matter' stuff,,
ID00007,000037aa,18,　余計よ～」,is just extra~,,
ID00007,00003925,21,「裏腹だなぁ」,That's ironic.,,
ID00007,00003acb,36,「シップ薬貼ろうかなぁ」,Might put on some patches.,,
ID00007,00003c58,30,「シップもいいけど、,"Patches are good, but",,
ID00007,00003c85,42,　もっといいのがありますよ」,there's something even better.,,
ID00007,00003e0b,12,「ん？」,Hm?,,
ID00007,00003e45,51,「風呂上がりといえば、マッサージ！,Bath time means massage!,,
ID00007,00003e87,51,　俺、ユイ姉によくやらされるから、,"I get it a lot from my sister, Yuu.",,
ID00007,00003ec9,42,　いいツボ知ってるんですよ」,So I know some good spots.,,
ID00007,00003f21,30,「やりましょうか？」,Want me to do it?,,
ID00007,0000409b,51,「そ、そんなの悪いから、いいわよ」,"N-No, that's not nice of you.",,
ID00007,0000438b,33,「現役モデルといえば、,"If we're talking about a model,",,
ID00007,000043bb,48,　美容やボディケアにも気を遣う、,"She cares about her looks and body,",,
ID00007,000043fa,21,　情報発信源」,A source of info.,,
ID00007,00004578,45,「そのトップモデルに鍛えられた,"It's massage from that top model,",,
ID00007,000045b4,30,　マッサージですよ。,who trained her up.,,
ID00007,000045e1,42,　シップより効くと思うけど」,More effective than a patch.,,
ID00007,000048bb,45,「うぐ…な、なんだかスゴそう」,Nngh... It sounds pretty intense.,,
ID00007,00004bb7,57,「じゃあ…お願いできる？　ごめんねぇ」,Well... Could you do me a favor? Sorry.,,
ID00007,00005448,30,「あ、足の裏なの？」,Your foot sole?,,
ID00007,000055c2,57,「ここが一番効く？　そ、そうなんだ…」,This is the spot? R-Really...,,
ID00007,00005892,30,「そうっとしてよ…」,Be gentle...!,,
ID00007,00005a6b,39,「はうあぅあうぁあああ！」,Ahhnnnghhhh!!!,,
ID00007,00005bee,42,「痛っ！　痛ああぁあぁあ！」,"Ow! Ow, ahhh!!!",,
ID00007,00005eaf,30,「優しくしてぇぇ！」,"Gently, pleaseee!!",,
ID00007,00006029,36,「りゃめええええええ！」,S-Stopppp!!!,,
ID00007,00006762,24,「はい、終わり」,"Okay, that's it",,
ID00007,00006daf,27,「ぐすっ、ぐすっ」,"Guh, guh...",,
ID00007,00006f26,36,「ヒドい、ヒドおおおい！,"That was rough, so rough!",,
ID00007,00006f59,48,　すっごく痛かったんだからぁ！」,It hurt like a bitch.,,
ID00007,0000738d,27,「バカ、バカァァ」,"Idiot, idiot...",,
ID00007,00007511,36,「けど、肩から足先まで、,"But I should feel more rested now,",,
ID00007,00007544,51,　疲れが一回り取れたはずだけど？」,"from my shoulders to my toes, right?",,
ID00007,000076fe,54,「ん？　…あ、ホントだ。体が軽ーい」,Huh? ...Oh yeah. My body feels light.,,
ID00007,00007b2c,45,「痛いってことは、それだけ体が,"If it hurts that much, it means my body is",,
ID00007,00007b68,60,　疲れてるってことだから。これで寝れば、,"That means I'm tired. If I sleep now,",,
ID00007,00007bb3,48,　朝にはもっとスッキリしますよ」,I'll be even more refreshed in the morning.,,
ID00007,00007d3f,33,「うわぁ、ありがとう。,"Wow, thanks a lot.",,
ID00007,00007d6f,57,　さすが、現役女子高生モデル仕込みね」,As expected of an active high school model.,,
ID00007,000082f4,39,「またいつでもやりますよ」,I can do it anytime you want.,,
ID00007,00008490,63,「それは…ちょっと……痛いから考えておく」,"Well, it hurts to think about.",,
ID00007,000089f5,18,「はははは」,Hahaha,,
ID00007,000091ea,42,（ふ～っ、ずいぶん録ったな。,"Phew, we sure did a lot today.",,
ID00007,00009223,30,　今日はもう帰ろう）,Let's head home for today.,,
ID00007,00009730,57,「ただいま～っ…って、誰もいねーけど」,Home sweet home... but no one's here,,
ID00007,00009797,54,（ふ～っ、腹減った。今日はなんとなく,"Phew, I'm starving. Today I feel like",,
ID00007,000097dc,42,　カップラーメンの気分だな。,eating some cup ramen.,,
ID00007,00009815,45,　食いながら動画編集するか！）,I'll edit videos while eating!,,
ID00007,00009cf0,42,「はふはふ……ずるるる……」,Huff huff... slurp slurp...,,
ID00007,00009db6,48,（う～ん、心美先生が、どう見ても,"Hmm, Teacher Shinomiya looks",,
ID00007,00009df5,60,　中学生ぐらいにしか見えない件について）,like she could be a middle schooler at most,,
ID00007,00009e5f,36,（ヘタすりゃ小学生だよ）,She looks young.,,
ID00007,00009f1f,54,（おっ、やばい！　もうこんな時間だ！,Oh crap! It's already this late!,,
ID00007,00009f64,21,　風呂行こっ）,Let's go take a bath.,,
ID00007,0000a281,12,「あ…」,...,,
ID00008,00001195,51,（ん？　あそこで寝そべってるのは…,Hm? The one lying down over there is...,,
ID00008,000011d7,30,　レコチャンスだ！）,It's Recco-chan!,,
ID00008,000016c0,48,「ふんふん……なるほどなるほど」,"Hmm hmm... I see, I see.",,
ID00008,0000184c,60,「ここは間違えやすいから、要チェックね」,This place's easy to mess up.,,
ID00008,00001b1f,48,「あう～、難しい～、イヤーーン」,Ahh~ This is hard~ Aaaah!,,
ID00008,00001fb0,33,「ダメダメ、逃げちゃ。,"No no, run away.",,
ID00008,00001fe0,36,　ドゥ　マイ　ベスト！」,Do my best!,,
ID00008,00002b1a,54,（体育前の休み時間を惜しんで勉強か。,"Using the break before P.E. for studying, huh?",,
ID00008,00002b5f,33,　邪魔しちゃ悪いよな）,I shouldn't interrupt.,,
ID00009,00001cf3,54,（今日はさっさと帰って動画編集だ！）,Gotta hurry home and edit videos today!,,
ID00009,00002229,30,（よし！　やるぞ！）,Alright! Let's do this!,,
ID00009,00002318,42,（ずいぶん、心美先生の動画が,I've got some videos.,,
ID00009,00002351,30,　たまってきたなぁ）,that I need to get through.,,
ID00009,0000240b,57,（御前さんの要望通り、みんなの知らない,As Misaki-senpai wanted.,,
ID00009,00002453,54,　素顔っぽいのが増えてきた気がする）,I feel like),,
ID00009,000029a5,36,（うおっ！　もう夜中か！,(Whoa! It's already midnight!,,
ID00009,000029d8,51,　集中しすぎだろ、俺。腹減った～）,I've been too focused. I'm starving~),,
ID00009,00002a39,57,（メシ、メシ。確かレトルトのカレーが…,"Rice, rice. I think there was some instant curry...",,
ID00009,00002a81,24,　あったあった）,"Found it, found it",,
ID00009,00002e7d,54,（ご飯残ってっかな。明かり、明かり）,"Hope there's still some left. Light, light",,
ID00009,000032e1,59,「あ～～、@str_000君ら～～。エヘヘヘヘヘ」,Ah~ @str_000-kun~s. Heheheheh,,
ID00009,00003485,48,「心美先生！　酒飲んでんの！？」,Teacher Shinomiya! You're drinking alcohol!?,,
ID00009,00003611,42,「そうよ～～。文句あんろ～？,Yep~ Got a problem with that~?,,
ID00009,0000364a,60,　二十歳過ぎれば飲んれいいんらからね～」,You can drink once you're over 20~,,
ID00009,00003ba0,21,「そ、そっか」,R-Really?,,
ID00009,00003d27,33,（けど、見た目がなぁ。,"But, you look so young.",,
ID00009,00003d57,51,　子供が飲んでるみたいなんだよな）,Like a kid drinking alcohol.,,
ID00009,00003ee6,35,「@str_000君も飲みらさい。,@str_000 should too.,,
ID00009,00003f18,36,　おいしいよ、このお酒」,"It's really good, this sake.",,
ID00009,00004113,12,「は？」,Huh?,,
ID00009,0000427b,63,「福岡の蔵元れね、杜氏さんが若い女性なの」,"Fukuoka brewery, female distiller.",,
ID00009,0000455e,15,「へ～っ」,Wow...,,
ID00009,000046c9,45,「フルーツみらいな香りらしれ、,It has the scent of fruit.,,
ID00009,00004705,51,　女性らしさが輝いれるんらからぁ」,It's shining with femininity.,,
ID00009,00004bc1,27,「ほらほら、一杯」,"Look, have some.",,
ID00009,00004c0a,39,「いや、俺、未成年だから」,"No, I'm underage.",,
ID00009,00004d8d,30,「アハハッ、美少年？,"Ahaha, pretty boy?",,
ID00009,00004dba,45,　しょっちゃってぇ、も～～っ」,I'll take a sip... mmmm~,,
ID00009,00005312,33,（すげー酔ってんなぁ）,(You're really drunk.),,
ID00009,00005a21,15,「はぁ…」,...,,
ID00009,00005ab2,18,「ぐすん…」,...Snot...,,
ID00009,00005af2,36,「…どうかしたんです？」,...Is something wrong?,,
ID00009,00005d13,47,「うぅ……聞いてよぉ、@str_000君」,"Uu... Listen to me, @str_000.",,
ID00009,00005eab,18,「は、はい」,Y-Yes.,,
ID00009,00006019,42,「私、一生懸命やっれるよね？,"I'll do my best, right?",,
ID00009,00006052,33,　がんばっれるよね？」,"I can do it, right?",,
ID00009,00006317,63,「も、もちろん。動画録ってるからわかるけど,"Yeah, I'm recording.",,
ID00009,00006365,57,　心美先生は、すごくがんばってますよ」,Ms. Shinomi is really trying her best.,,
ID00009,000064fa,54,「そうよれ……がんばっれるよれ……」,You can do it... You can...,,
ID00009,000066ce,60,「うぅ……けろねぇ、わかってくれない人も,Uu... There are people who don't get it...,,
ID00009,00006719,21,　いるよろぉ」,"There are, you know.",,
ID00009,00006c3b,57,「ＰＴＡの人たちが来れね……私のこと…,PTA folks can't come... about me...,,
ID00009,00006c83,27,　頼りらいって…」,rely on me...,,
ID00009,00006f84,12,「え…」,Huh...?,,
ID00009,000070ec,24,「子供っぽくて…,I'm still so childish...,,
ID00009,00007113,51,　こんらんで教えられるのかって…」,can I really teach them this stuff?,,
ID00009,000073ea,51,「見た目と授業は関係ないですよ！」,Looks don't matter for teaching!,,
ID00009,00007579,51,「そうよれぇ！　関係ないよれぇ！」,That's right! They're not related at all!,,
ID00009,00007843,48,「それらのに……それらのに……、,About that... About that...,,
ID00009,00007882,27,　担任やめろって」,Quit teaching!,,
ID00009,00007a48,42,「うちの！？　んなバカな！」,Our class!? What a load of crap!,,
ID00009,00007c03,54,「うぅ～、一生懸命やっれるのにぃ…」,Ugh~... Even though we're trying our best...,,
ID00009,00007c67,42,「心美先生……俺たち生徒は、,"Sensei... We students,",,
ID00009,00007ca0,30,　先生の味方ですよ」,are on your side.,,
ID00009,00007f55,21,「ありあろ～」,Araaah~,,
ID00009,000085d5,33,「すーーっ、すーーっ」,"Suuu-, suuu-",,
ID00009,00008752,36,「ＰＴＡがなんらぁ……、,What the PTA thinks...,,
ID00009,00008785,45,　子供っぽいのがなんらぁ……」,That's so immature...,,
ID00009,00008943,42,「う～～、らめんなよぉ……」,"Uuu~, that's no good...",,
ID00009,00008afe,33,「すーーっ、すーーっ」,"Suuu-, suuu-",,
ID00009,000099ad,33,「やっと寝たみたいね」,Looks like you finally slept.,,
ID00009,000099fc,27,「あ、阿武壬さん」,"Hey, Atsumi-san.",,
ID00009,00009b8c,30,「大変よね、先生も。,"That's tough, Ms. Shimizu.",,
ID00009,00009bb9,45,　１人にした方がいいと思って、,I thought it'd be better alone.,,
ID00009,00009bf5,45,　そっとしておいたんだけど…」,but... I guess that didn't work out.,,
ID00009,0000a161,45,「私なら、心美先生みたいな人に,"If I were, I couldn't sleep with her.",,
ID00009,0000a19d,42,　教えてもらいたいけどなぁ」,I'd want to know that kinda stuff too.,,
ID00009,0000a484,42,「生徒のことを思ってくれる、,"Someone who cares about her students,",,
ID00009,0000a4bd,39,　すごく…いい先生ですよ」,She's a really... good teacher.,,
ID00009,0000a683,27,「うん、知ってる」,"Yeah, I know.",,
ID00009,0000a94e,57,「部屋中、参考書で一杯で、勉強したり、,"Her room is full of reference books, studying or",,
ID00009,0000a996,27,　問題作ったり…」,making problems...,,
ID00009,0000adb5,42,「部屋の明かりが消えるのは、,Her room's lights go out late.,,
ID00009,0000adee,30,　毎晩夜遅くだもの」,every single evening.,,
ID00009,0000b0b0,39,「毎晩…そうだったんだ…」,Every night... I see...,,
ID00009,0000b24c,33,「けど、いつも笑顔で、,"but she's always smiling,",,
ID00009,0000b27c,42,　そんな苦労、見せないで…」,don't show me your struggles...,,
ID00009,0000b691,57,「こんないい先生、そうそういないわよ」,There aren't many teachers like you around.,,
ID00009,0000b96e,18,「…ですね」,...Right?,,
ID00009,0000baf5,57,「さ、先生は私が部屋に送っていくから、,"I'll walk you back to your room, so",,
ID00009,0000bb3d,38,　@str_000君も部屋に戻って」,"go back to yours too, @str_000-kun.",,
ID00009,0000be07,36,「１人で大丈夫ですか？」,You okay on your own?,,
ID00009,0000bfbc,54,「剣道とテニスで鍛えてるから大丈夫」,"I'm fine, I've been training in kendo and tennis.",,
ID00009,0000c3dd,24,「それじゃあね」,See ya.,,
ID00009,0000c423,60,「あ、俺、腹減ってて、ご飯残ってます？」,"Oh, I'm hungry, is there any food left?",,
ID00009,0000c5d4,63,「クスッ、冷蔵庫に、残ったご飯を小分けして,"Heh, rice in small portions.",,
ID00009,0000c622,54,　冷凍してあるから、チンして食べて」,Defrost it and eat up.,,
ID00009,0000c92e,21,「すみません」,Sorry about that.,,
ID00009,0000cab8,45,「最後はちゃんと電気消してね。,Make sure to turn off all lights.,,
ID00009,0000caf4,18,　それじゃ」,Well then.,,
ID00009,0000d22a,60,「先生、立てますかぁ？　肩につかまって」,"Teacher, can I help you up? Hold my shoulder.",,
ID00009,0000d294,57,「あ～、たまちゃあ～ん…やわらか～い」,"Aaah, Tamacha~... So soft~",,
ID00009,0000d2fb,42,「そ、そんなとこさわ…あン」,D-Don't touch there... Ahn,,
ID00009,0000d353,63,（子供っぽくて……かわいくて損するなんて…,(So childish... And cute... It's a waste...,,
ID00009,0000d3a1,33,　先生って大変だな…）,Being a teacher is tough...,,
ID00010,0000280b,12,「あ…」,...,,
ID00010,00002845,18,「心美先生」,Miss Shinomiya,,
ID00010,00002c15,45,「ちょ、ちょっとこっち来て！」,"Hey, come over here!",,
ID00010,000033b6,63,「な、なんです？　こんなとこに連れ込んで」,W-What's up? Bringing me in here like this...,,
ID00010,0000357c,39,「それは…その……あのね」,Well... umm... you see...,,
ID00010,000038dc,36,（これは……まさか……）,(This is... no way...),,
ID00010,00003d43,45,「先生ね……あなたのこと……」,Teacher... about you...,,
ID00010,00004007,51,「来て……好きにして…いいのよ…」,Come... do whatever you want with me...,,
ID00010,0000440c,27,「ほら…早くぅ…」,Hurry up...,,
ID00010,0000506f,27,（な～んてなぁ…）,Like I'd say that...,,
ID00010,000051e6,36,「この間は…ごめんねぇ」,Sorry about the other day...,,
ID00010,00005570,15,「えっ？」,Huh?,,
ID00010,00005757,36,「私、酔っ払っちゃって、,"I got totally wasted,",,
ID00010,0000578a,51,　あなたに絡んじゃったでしょう？」,"You got all up in my face, didn't you?",,
ID00010,00005926,36,「あ、ああ、そうですね」,"Ah, yeah, that's right.",,
ID00010,00005abf,45,「よく覚えてなかったんだけど、,"I couldn't really remember it well, but...",,
ID00010,00005afb,42,　たまちゃんに教えてもらって,Tamachan told me about it.,,
ID00010,00005b34,36,　ビックリしちゃった…」,I was surprised...,,
ID00010,00005f5c,21,「不覚よぉ…」,Damn...,,
ID00010,00005f9f,57,「ああ、そんなこと、気にしてないんで」,"Oh, I'm not worried about that.",,
ID00010,0000614d,48,「私…あなたに変なこと言った？」,Did I say something weird to you?,,
ID00010,000062e6,33,「酒を勧めてましたよ」,I was recommending sake to you.,,
ID00010,0000647c,33,「ひ～～っ、忘れてぇ。,"Hiiiii, I forgot~",,
ID00010,000064ac,54,　教育者としてあるまじきことを～っ」,"As a teacher, it's something I shouldn't have done~",,
ID00010,000067c8,54,「担任外されそうだとも言ってました」,They might fire me.,,
ID00010,00006973,60,「イヤあぁあぁぁ！　そんなことまでぇ？」,"Eeeek, you're kidding me~?!",,
ID00010,00006b18,24,「…心配ですよ」,I'm worried...,,
ID00010,00006b5e,51,「ストレスたまってるんだなぁって。,"She's stressed out, huh.",,
ID00010,00006ba0,57,　心美先生、一生懸命がんばってるのに」,Even though Miss Shinomi is working so hard...,,
ID00010,00006d47,35,「@str_000君…ありがと…」,@str_000...thanks...,,
ID00010,0000702c,54,「けどね、私が未熟なのがいけないの。,But it's my fault for being inexperienced...,,
ID00010,00007071,51,　もっともっと、がんばらないと…」,I need to do better...,,
ID00010,000075e3,18,「はふぅ…」,Huff...,,
ID00010,00007623,45,「毎晩、夜遅くまで勉強したり、,"Every night, studying until late...",,
ID00010,0000765f,42,　問題作ってるんでしょう？」,"Making problems too, right?",,
ID00010,0000781a,30,「どうしてそれを？」,Why do that?,,
ID00010,00007866,42,「阿武壬さんが言ってました」,Akamin-san said so,,
ID00010,00007a05,42,「たまちゃんったら、もう～」,"Tama-chan, you're such a...",,
ID00010,00007cfb,51,「そんなの当然よ、先生なんだから。,"That's only natural, I'm the teacher.",,
ID00010,00007d3d,57,　みんなを預かる、責任ある立場だもの」,"In charge of everyone, it comes with responsibility.",,
ID00010,00008155,51,「気晴らしも…大事だと思うけど…」,I think taking a break is... important too...,,
ID00010,000081b6,48,「たまには、学校のことを忘れて、,"Sometimes, it's good to forget about school and",,
ID00010,000081f5,30,　パーッと遊んだ方が,"have a blast,",,
ID00010,00008222,39,　いいんじゃないですか？」,don't you think?,,
ID00010,000083be,24,「遊ぶってぇ？」,You wanna play?,,
ID00010,00008404,51,「夏の遊びといえば……プールとか？,When it comes to summer fun...a pool maybe?,,
ID00010,00008446,57,　遊園地のプールなら、流れるプールとか,There are lazy rivers.,,
ID00010,0000848e,51,　いろいろあって、楽しそうだけど」,that sound really fun.,,
ID00010,00008636,45,「あ、いいわね！　楽しそう！」,"Ah, that sounds fun! You'd have a blast!",,
ID00010,00008a6a,54,「けど…一緒に行く人がいないもの…」,But... I don't have anyone to go with...,,
ID00010,00008c09,48,「彼氏…とか…いないんですか？」,You don't have a boyfriend or anything?,,
ID00010,00008dae,36,「い～な～い～わ～よ～」,I do~n't~ ha~ve~ one~,,
ID00010,00008f47,54,「そんなの…出来たためしがないもの」,I've never even managed that before...,,
ID00010,000090e6,27,「えっ、一度も？」,"What, not once?",,
ID00010,0000925d,30,「な～い～わ～よ～」,Na~i~ wa~ yo~u~,,
ID00010,000093f0,57,「大学も、高等部も、中等部の時でさえ、,"Not in college, high school, or even middle school,",,
ID00010,00009438,48,　同い年だろうが、年下だろうが、,"No matter if they're my age or younger,",,
ID00010,00009477,54,　み～んな私を子供扱いするんだから」,Everyone treats me like a kid anyway.,,
ID00010,00009d9d,42,「いい人なんて…いないわよ」,There's no such thing as a nice person...,,
ID00010,0000a06b,60,（その中の何人かは、心美先生に惹かれて、,Some lusted after her.,,
ID00010,0000a0b6,45,　空回ってたんだと思うけど…）,"spinning their wheels, I think...",,
ID00010,0000a111,63,「じゃあ……俺と行くのって…ダメですか？」,So... if going with me is not okay?,,
ID00010,0000a2d7,12,「えっ」,Oh!,,
ID00010,0000a311,54,「実は……俺、Ｃムービー部の課題で、,"Actually... for the C-Movie Club project,",,
ID00010,0000a356,45,　心美先生の素顔に迫ってて…」,Getting close to Ms. Shinbi...,,
ID00010,0000a3b1,48,「心美先生の休みの日が録りたい。,I want to record Ms. Shinbi on her days off.,,
ID00010,0000a3f0,39,　協力してくれませんか？」,Can you help me out?,,
ID00010,0000a573,12,「あ…」,...,,
ID00010,0000a5ad,48,「な、なぁんだ、部活のお手伝い？,"Oh, so it's just club work?",,
ID00010,0000a5ec,48,　もう、勘違いしちゃったわよぉ」,You totally misunderstood.,,
ID00010,0000ab84,18,「勘違い？」,Misunderstood?,,
ID00010,0000acf2,57,「な、なんでもない！　なんでもない！」,N-No! Nothing's wrong!,,
ID00010,0000b15d,60,「そうね！　先生だもの、生徒の部活動には,Sure! I'll help out.,,
ID00010,0000b1a8,30,　協力しなきゃね！」,I'll cooperate!,,
ID00010,0000b705,57,「けど…プールだと…水着を録るのよね？,But in a swimsuit?,,
ID00010,0000b74d,24,　うむむぅぅ…」,Ummuumm...,,
ID00010,0000ba36,42,「スク水の方がいいですか？」,Do you like school swimsuits?,,
ID00010,0000bc41,33,「いいわけないでしょ！,Of course not!,,
ID00010,0000bc71,45,　普通の水着の方がいいわよ！」,Regular swimsuits are better!,,
ID00010,0000be07,63,「じゃあ、普通の水着の印象を残しといた方が,It might be better to leave a regular impression.,,
ID00010,0000be55,54,　いいと思うけど…。みんな、スク水の,Everyone knows you in that.,,
ID00010,0000be9a,42,　心美先生しか知らないから」,That's all I can think of.,,
ID00010,0000c039,45,「う……そ、それもそうね……。,"Ugh... y-yeah, you're right...",,
ID00010,0000c075,48,　子供っぽく…見えてるわよね？」,It does make me look childish...,,
ID00010,0000c605,27,「それは…まぁ…」,Well... um...,,
ID00010,0000c81d,39,「よ～し、大人っぽい水着を,I'll show them a grown-up one!,,
ID00010,0000c853,36,　見せつけちゃうわよ！」,I'm gonna strut my stuff!,,
ID00010,0000cc7e,36,「行きましょ、プールへ！,Let's go to the pool!,,
ID00010,0000ccb1,36,　撮影許可、出したげる」,Here’s the permission.,,
ID00010,0000d0cd,21,「やったっ！」,Yay!,,
ID00010,0000d110,54,「じゃあ、今度の日曜日はどうです？」,How about next Sunday then?,,
ID00010,0000d2f6,33,「あ、その日はダメよ。,"Oh, sorry, that day's no good.",,
ID00010,0000d326,57,　駅前モールのパレードがあるんだから」,There's a parade at the station mall.,,
ID00010,0000d61c,21,「そ、そっか」,R-Really?,,
ID00010,0000d7a6,56,「来週以降で、@str_000君の都合がいい時に,How about after next week?,,
ID00010,0000d7ed,33,　誘って。よろしくね」,Looking forward.,,
ID00010,0000dc06,24,「わかりました」,Understood.,,
ID00010,0000ddaf,27,「それじゃあね～」,See ya~,,
ID00010,0000e1a4,27,（来週になったら、,After next week.,,
ID00010,0000e1ce,45,　レコセッションの後に誘おう）,Maybe I'll ask you out after the recital.,,
ID00010,0000e3b1,54,「いいわよ。午前中は仕事があるから、,"Sure thing. I've got work in the morning, so",,
ID00010,0000e3f6,45,　午後２時に、駅前の踏み切りで,Two by the crossing.,,
ID00010,0000e432,33,　待ち合わせでいい？」,Is that okay for a meet-up?,,
ID00010,0000e84b,24,「わかりました」,Understood.,,
ID00010,0000e9bf,48,「フフッ、楽しみ～。よろしくね」,"Hehe, see you.",,
ID00010,0000f12c,69,こうして、心美先生とデートの約束を取り付けた。,This is how we set up our date with Miss Shinomi.,,
ID00011,00001a6f,18,「っちは～」,"""Hey~""",,
ID00011,00001aaf,27,（誰もいないか…。,"No one's here, huh...?",,
ID00011,00001ad9,60,　まぁ、気兼ねなく動画編集できていいか）,"Well, at least I can edit videos without worrying.",,
ID00011,00002031,48,（まだ心美先生のプールの動画は、,I still haven't shown Sensei's pool video to...,,
ID00011,00002070,45,　御前さんたちにナイショにして,Misaki and the others yet.,,
ID00011,000020ac,54,　おきたいからな。本番のお楽しみだ）,Keep it a secret for the moment.,,
ID00011,00002633,48,（いけねっ！　もうこんな時間だ！,Shit! It's already this late!,,
ID00011,00002672,54,　続きは宿舎に戻ってからにすっか！）,We should continue back at the dorms!,,
ID00011,00002a32,33,「さ～て、さっそく…」,Alright then...,,
ID00011,00002acf,24,（ん？　誰だ？）,Hm? Who's there?,,
ID00011,00002b63,30,「あれ？　開いてた」,"Oh, it was open.",,
ID00011,00002baf,21,「心美先生！」,Teacher Shinomiya!,,
ID00011,00002bf2,30,「上がってもいい？」,Can I come in?,,
ID00011,00002c3e,27,「も、もちろん！」,O-of course not!,,
ID00011,000032b4,50,「エヘヘ、@str_000君が帰ってきたら、,"Hehe, Tam-chan knows @str_000 is back.",,
ID00011,000032f5,48,　連絡くれるように、たまちゃんに,She told me to wait for your call.,,
ID00011,00003334,33,　お願いしてあったの」,I asked her to do that.,,
ID00011,00003740,36,「ずいぶん遅かったのね」,You were gone for a while.,,
ID00011,00003792,42,「部室で動画編集してたから」,I was editing videos in the clubroom.,,
ID00011,00003918,60,「ふう～ん、部活に熱心なのはいいことね」,"Hmm, good that you're dedicated.",,
ID00011,00003d3f,15,「けど…」,But...,,
ID00011,00003d7c,15,「けど？」,But?,,
ID00011,00003f00,57,「今日、英語の課題の提出日だったのに、,"Today was the deadline for our English assignment,",,
ID00011,00003f48,39,　出してないでしょうぅ？」,"but I didn't turn it in, did I?",,
ID00011,000040d8,33,「あっ！　忘れてた！」,Oh! I forgot!,,
ID00011,0000426e,51,「提出を忘れただけ？　それとも…」,You just forgot to submit it? Or...,,
ID00011,0000440a,51,「…まだ、最後までやってないです」,...I haven't finished it yet.,,
ID00011,000045ce,51,「あ～あ～、部活をやってる場合じゃ,Can't do club activities now.,,
ID00011,00004610,18,　ないわね」,Yeah.,,
ID00011,000048c6,15,「はい…」,Yes...,,
ID00011,00004a66,45,「今夜は課題を終わらせるまで、,"not until I finish my homework tonight,",,
ID00011,00004aa2,27,　眠らせないわよ！,I won't let you sleep!,,
ID00011,00004acc,42,　そばで見張ってるんだから」,I'll be watching over here.,,
ID00011,00004d9a,27,「えーーーっ！？」,Eeeh!??,,
ID00011,00004f2a,45,「やってないのが悪いんでしょ？,You're in trouble for not doing it?,,
ID00011,00004f66,39,　ほら、早く問題集開いて」,"Come on, open your workbook already.",,
ID00011,00005231,15,「はい…」,Yes...,,
ID00011,000056ff,57,「くっ…動画編集の区切りが悪いのに…」,Ugh... I'm at a bad spot in my video editing...,,
ID00011,00005766,42,「な～に～か～言ったぁ～？」,What'd you say~?,,
ID00011,000057be,27,「いえ…なにも…」,"N-No, nothing...",,
ID00011,00005807,63,「こうなったら、さっさと終わらせてやる！」,"Well, I'll just finish this up quickly!",,
ID00011,000058c1,72,カリカリカリカリカリカリカリカリカリカリカリカリ,Scritch scratch scritch scratch scritch scratch,,
ID00011,00005937,54,「うわ、すごい勢い。やるじゃなぁい」,"Wow, you're really going at it. Nice one!",,
ID00011,0000599b,33,「私もがんばろ～っと」,I should try harder too~,,
ID00011,00005a2a,27,カリカリカリカリ…,*Rustling noises*,,
ID00011,00005a73,48,「先生はなにをやってるんです？」,"What are you doing, Sensei?",,
ID00011,00005ad1,54,「新学期以降の授業のカリキュラムよ」,It's the new semester curriculum.,,
ID00011,00005b35,60,「綿密に練って、もうＰＴＡにも、誰にも、,"I've worked it out in detail so no one can complain,",,
ID00011,00005b80,42,　文句言わせないんだからぁ」,not even the PTA.,,
ID00011,00005bd8,36,「そっか…心美先生なら、,Oh... If Mizumi-sensei is...,,
ID00011,00005c0b,42,　きっとバッチリ出来ますよ」,it'll definitely be perfect.,,
ID00011,00005c63,50,「ありがとぉ。@str_000君の課題もね」,Thanks. And @str_000-kun's assignment too.,,
ID00011,00005cc3,27,「一緒にがんばろ」,Let's do our best together.,,
ID00011,00005d0c,12,「はい」,Okay.,,
ID00011,00005d46,45,こうして、一緒に机に向かった。,"Like this, we sat down together.",,
ID00011,00005da1,51,途中、一緒に晩ご飯を食べたりして、,We even had dinner together along the way.,,
ID00011,00005de3,42,結局終わったのは、夜遅くだ。,We finished late at night.,,
ID00012,0000114a,57,（アングルの参考に、画集でも眺めるか）,Maybe I'll look at an art book for reference.,,
ID00012,000011b1,39,（ん？　窓際にいるのは…）,(Hm? The one by the window is...),,
ID00012,00001577,54,「そうそう、それは関係代名詞だから、,"Right, it’s a relative pronoun.",,
ID00012,000015bc,24,　そこの訳は…」,What about this part?,,
ID00012,000019a6,54,「ああ、なるほど。じゃあ、ここは？」,"Yeah, makes sense. And what about here?",,
ID00012,00001f2c,57,「うんうん、そこも間違えやすいよねぇ。,"Yep, that one's easy to mess up too.",,
ID00012,00001f74,24,　それはねぇ…」,"Well, you see...",,
ID00012,00002890,39,（御前さんを教えてるのか。,She's teaching Misaki.,,
ID00012,000028c6,42,　がんばるなぁ、心美先生は）,"Good luck, Miss Shinmi.",,
ID00012,0000291e,39,（邪魔しない方がいいよな）,You'd better not get in the way.,,
ID00013,00001852,36,（んあ？　ドアの音が…。,Huh? I heard a door...,,
ID00013,00001885,39,　ヤベ、鍵かけ忘れたか？）,"Shit, did I forget to lock it?",,
ID00013,000018da,39,「ぷふぁ～、たらいまぁ～」,"Pfuu~a, takei ma~a",,
ID00013,000019a7,18,「うわっ！」,Eek!,,
ID00013,00001f6d,24,「心美先生！？」,Teacher Shinomiya!?,,
ID00013,00001fb3,45,「う～～、もう飲めにゃいぃ…」,"Uu~u, can't drink anymore...",,
ID00013,0000217e,33,「部屋間違えたのか！？,Did I get the wrong room!?,,
ID00013,000021ae,33,　って、男子宿舎だぞ！,"Wait, this is the boys' dorm!",,
ID00013,000021de,42,　どんだけ間違えんだよ！？」,How many times can you get it wrong!?,,
ID00013,000023c1,50,「あ～、@str_000君ら～。たらいま～」,"Ah~, @str_000-kun~. Just a moment~",,
ID00013,000025b6,21,「おかえり…」,Welcome back...,,
ID00013,000025f9,27,（酔っ払ってる分、,"Given her drunkenness,",,
ID00013,00002623,39,　ユイ姉より厄介そうだ…）,She seems worse...,,
ID00013,000027a6,48,「あのれ～、今日すっごくいいこと,Hey~ I had something really great happen today~,,
ID00013,000027e5,27,　あったんらよ～」,"Yeah, it was amazing~",,
ID00013,00002851,33,「はいはい、どんな？」,"Okay okay, what happened?",,
ID00013,000029ce,51,「すっごく、すっごく、いいころ～」,Super duper perfect timing~,,
ID00013,00002de0,51,「はいはい、わかったからどんな？」,"Okay okay, I get it, so what happened?",,
ID00013,00002f6f,30,「ＰＴＡのひろに～、,Moments with PTA pres~,,
ID00013,00002f9c,48,　カリキュラムほめられらのぉ～」,She praised our curriculum~,,
ID00013,00003135,12,「えっ」,Oh!,,
ID00013,0000329d,57,「これらな安心しれ、任せられるっれ～」,You can count on me~,,
ID00013,0000356d,45,「うふっ…ぐふふうふふうふ…」,Hehe... Gufu hehehehe...,,
ID00013,000035c8,54,（そっか…がんばりが認められたのか）,Oh... so they noticed my hard work.,,
ID00013,0000375a,30,「やっらああぁあぁ。,Yayyyyy.,,
ID00013,00003787,51,　わらしらって、先生なんらからぁ」,"You're a teacher now, Sagara.",,
ID00013,00003cd4,30,「よかったね、先生」,"Good for you, teacher.",,
ID00013,00003e4e,33,「う～～～ん～～～～」,Mmmmmm~,,
ID00013,00003e9d,26,「@str_000く～～ん」,@str_000-kun~,,
ID00013,00003ee5,18,「はいはい」,Sure sure.,,
ID00013,00004053,36,「コンタクロ、取ってぇ」,Give me a high five!,,
ID00013,000041e0,48,「えっ！？　そんなの無理だって」,What?! That's impossible!,,
ID00013,0000436c,51,「いいからぁ。ちょお～っとつまめば,Come on. Just give me a little bit,,
ID00013,000043ae,24,　取れるからぁ」,I can get it.,,
ID00013,00004552,36,「んなこと言われても…」,Even if you say that...,,
ID00013,00004708,21,「はやくうぅ」,"Hurry up, ugh",,
ID00013,0000474b,60,「…どれがそう？　よくわかんないけど…」,...Which one is it? I don't really know...,,
ID00013,000048e3,12,「ん…」,Hmm...,,
ID00013,00004a4b,48,「あーー、寝ちゃうとまずいらら、,"Ugh, I'll fall asleep if I do...",,
ID00013,00004a8a,42,　さっき、取ったんらっら～」,I took some earlier~,,
ID00013,00004fc1,39,「あはっひゃっははあはぁ」,Ahahahaha,,
ID00013,00005016,15,「はは…」,Heh...,,
ID00013,00005053,48,（この状態、どうすりゃいいんだ？,What the hell do I do in this situation?,,
ID00013,00005092,42,　いっそ寝てくれないかなぁ）,Maybe you could just go to sleep.,,
ID00013,00005218,38,「ありあろね～、@str_000君」,"~I love you, @str_000-kun~",,
ID00013,0000550b,24,「んちゅ～～っ」,*kiss*,,
ID00013,00005587,42,「うわっ！　こ、心美先生！」,Ugh! H-Hime-misaki-sensei!,,
ID00013,0000570d,42,「エヘヘ～、お礼のちゅ～～」,"*Hehe*, a thank-you kiss~",,
ID00013,00005b36,15,「ふがっ」,*sigh*,,
ID00013,00005b84,33,「す～～っ、す～～っ」,*sigh* *sigh*,,
ID00013,00005d0e,51,（寝たか…。キス…されてしまった。,Fell asleep...kissed.,,
ID00013,00005d50,57,　なんという役得…生きててよかった！）,(What a lucky break... I'm so glad I'm alive!),,
ID00013,00005db7,24,（…床で寝るか）,Sleep on the floor.,,
ID00014,000012eb,60,「はわわわっ！　どこ！？　ここどこ！？」,Holy crap! Where!? Where am I!?,,
ID00014,000019b3,32,「@str_000君の部屋！？」,It's @str_000's room!?,,
ID00014,00001deb,60,「うあっ、床で寝てる！　ご、ごめんねぇ」,"Ugh, I'm sleeping on the floor! S-Sorry.",,
ID00014,000023c0,30,「はっ、まさか私…」,"Huh, could it be me...?",,
ID00014,000030e8,51,「だ、大丈夫、そんな感じじゃない。,"I-I'm fine, it doesn't look that bad.",,
ID00014,0000312a,33,　よくわかんないけど」,Not really sure though...,,
ID00014,0000368a,48,「うぅ…昨日はうれしかったから、,"Ugh... I was so happy yesterday,",,
ID00014,000036c9,24,　飲み過ぎて…。,so I drank too much...,,
ID00014,000036f0,36,　お酒、気をつけよう…」,I'll watch my drinking.,,
ID00014,00003daa,42,「あ……思い出してきた……、,"Ah... I'm starting to remember...,",,
ID00014,00003de3,45,　キス……しちゃった気がする」,I think... I kissed you.,,
ID00014,00004336,42,「はうぅ…ファーストキスが、,"Ugh... My first kiss,",,
ID00014,0000436f,30,　酔った勢いなのぉ？,"You were drunk, huh?",,
ID00014,0000439c,36,　ダメダメじゃなぁぁい」,Don't tell me it's not bad...,,
ID00014,0000490c,42,「あ…ベッドに手紙？　が…」,Ah... a letter on the bed? What...,,
ID00014,00004ee5,54,「光海祭のＣムービー部展に来て、か。,So you're here for C-Movie?,,
ID00014,00004f2a,36,　うん、絶対行くからね」,"Yeah, I'm definitely going.",,
ID00014,000053e0,48,「光海祭のＥ動画部展に来て、か。,So you're here for E-Video?,,
ID00014,0000541f,36,　うん、絶対行くからね」,"Yeah, I'm definitely going.",,
ID00014,000058a0,38,「ありがとう…@str_000君…」,Thanks... @str_000...,,
ID00014,00005a22,27,「かわいい寝顔…。,You look cute sleeping.,,
ID00014,00005a4c,39,　もう一度……したいなぁ」,I want to do it again...,,
ID00014,00005e70,33,「あぅ！　ダメダメ！」,Ah! No no!,,
ID00014,000060a2,36,「１度目が酔った勢いで、,"The first time was drunk,",,
ID00014,000060d5,42,　２度目が寝込みを襲うとか、,"and the second, asleep.",,
ID00014,0000610e,39,　メチャクチャじゃない！」,That's fucking crazy!,,
ID00014,00006532,56,「…@str_000君、また、学校でよろしくね。,"Take care at school again, @str_000...",,
ID00014,00006579,51,　まだ早いから、起こさず行くから」,I'll slip out while you sleep.,,
ID00014,00006997,27,「おやすみなさい」,good night,,
ID00015,000025b4,33,「あう～、ないない～」,"Aww, not here~",,
ID00015,00002603,33,（ん？　誰だ？　あれ）,Hm? Who's that?,,
ID00015,00002925,33,「どこにいったのぉ？」,Where'd you gooo?,,
ID00015,00002974,48,「この辺りのはずなんだけどぉ…」,I thought it was around here...,,
ID00015,000029d2,15,「うぅ～」,Ugh~,,
ID00015,00002f36,30,「なに捜してんの？」,What are you looking for?,,
ID00015,00003967,26,「あ、@str_000君？」,"Oh, @str_000-kun?",,
ID00015,000039af,48,「心美先生！　なんで体操服！？」,Sensei! Why are you in a gym suit!?,,
ID00015,00003b70,45,「これから体育の授業だからよ」,It's because I have P.E. class next.,,
ID00015,00003bcb,48,「体育！？　受けるんですか！？」,Gym!? You're taking that!?,,
ID00015,00003d82,45,「そ、そんなわけないでしょ！」,N-no way!,,
ID00015,00004071,60,「女子の体育の先生が、急な転勤になって、,"The female PE teacher suddenly transferred, so",,
ID00015,000040bc,54,　代わりに担当することになったのよ」,I'm in charge of the class instead.,,
ID00015,00004643,42,「ミツミキャンプが終わったら,"After Mitsumi Camp ends,",,
ID00015,0000467c,36,　新任の先生が来るから、,"a new teacher will come, so",,
ID00015,000046af,33,　その間だけだけどね」,"just for that time, okay?""",,
ID00015,000049a9,36,「ああ、そういうこと…」,"Oh, I see...""",,
ID00015,00004b5e,24,「そういうこと」,That's it.,,
ID00015,00004ceb,51,「そんなことより、コンタクトレンズ,"Forget that, @str_000-kun. I dropped my contacts...",,
ID00015,00004d2d,57,　落としちゃったのぉ。一緒に探してぇ」,Can you help me look for them? Please?,,
ID00015,0000500a,36,「視力、悪かったんだ…」,My eyesight is bad...,,
ID00015,000051a3,62,「そうなの。今も@str_000君の顔はボッケボケ」,That's right... I can't see @str_000's face clearly now.,,
ID00015,00005729,57,「踏まないように、気をつけて捜してね」,Be careful not to step on them while you're looking.,,
ID00015,00005b22,33,「う～ん…ないなぁ…」,Hmm... nothing here...,,
ID00015,00005b71,30,「うぅ…困ったなぁ」,Ugh... this is troublesome.,,
ID00015,00005bbd,54,「不用意に動けないし、捜しづらい…」,Can't move around carelessly...,,
ID00015,000060dd,42,「むむぅ……あ！　あった！」,Mmm... ah! Found it!,,
ID00015,00006ae3,27,「よかったですね」,That's good.,,
ID00015,00006c9d,15,「うん！」,Sure!,,
ID00015,00006e15,27,「それにしても…」,...Still...,,
ID00015,00006fa5,12,「ん？」,Hm?,,
ID00015,00006fdf,57,「教えるのに体操服って、なんでです？」,Why do I have to tell you in my gym clothes?,,
ID00015,000071a9,36,「エヘヘ、購買部の在庫を,"Hehe, bookstore stock.",,
ID00015,000071dc,54,　支給してもらったの。新米教師って、,"I was given them. New teachers get these,",,
ID00015,00007221,45,　お給料安いから助かっちゃう」,"My salary's low, so this helps out.",,
ID00015,000078d8,57,「…まぁ、似合ってるからいいですけど、,"Well, it suits you, so that's fine...",,
ID00015,00007920,36,　それって、コスプレ…」,But isn't that like cosplay...?,,
ID00015,00007acb,36,「コスプレじゃないわよ！,It's not cosplay!,,
ID00015,00007afe,48,　学校から支給されたんだから！」,The school gave it to me!,,
ID00015,00007c97,51,（学校ぐるみで遊ばれてるんじゃ…）,(They're all just playing around with me...),,
ID00015,00007cf8,39,「ぱっと見、生徒と見分けが,Looks like a student...,,
ID00015,00007d2e,33,　つかないんですけど」,students and teachers.,,
ID00015,00007ebd,60,「そんなことないわよ。ほら、帽子を見て！,There's no way that's true! Look at my hat!,,
ID00015,00007f08,54,　わかりやすいように被ったんだから」,I put it on so you could tell the difference easily.,,
ID00015,000084c2,60,「なるほど。初等部に見せることで差を…」,"Ah, showing it to kids...",,
ID00015,00008685,57,「初等部じゃないわよ！　もう２２よ！」,I'm not in elementary school anymore! I'm 22!,,
ID00015,00008980,51,「むーっ、そういうこと言ってると、,"Ugh, saying that makes me feel",,
ID00015,000089c2,56,　@str_000君だけ宿題倍にするんだからぁ」,"I'm gonna double your homework, @str_000!",,
ID00015,00008e54,36,「げっ、そんなのアリ？」,"Holy crap, is that even allowed?",,
ID00015,00009063,63,「アリよ。理由なんて、どうとでもなるもん」,Sure thing. The reason can be anything.,,
ID00015,0000935f,48,「心美先生は、大人の女性だなぁ。,Ms. Shinomiya is a grown woman.,,
ID00015,0000939e,45,　初等部になんて見えないなぁ」,She doesn't look like elementary school.,,
ID00015,0000956a,42,「そうそう、それでよろしい」,"That's right, that'll do just fine.",,
ID00015,00009716,57,「英語に加えて、体育まで教えるなんて、,"Besides English, she even teaches P.E.,",,
ID00015,0000975e,21,　大変ですね」,isn't it?,,
ID00015,000098e8,63,「そうなのよぉ。先生になったばかりなのに、,"Yeah, she just started.",,
ID00015,00009936,36,　授業が増えちゃって…」,her class load has increased...,,
ID00015,00009d61,42,「まぁ、運動不足が解消されて,"Well, no more laziness.",,
ID00015,00009d9a,27,　いいんだけどね」,"too, but...",,
ID00015,0000a1d5,42,「今日はバスケットボールよ。,Today's basketball.,,
ID00015,0000a20e,48,　ディフェンスの脇をすり抜けて、,"Slide past the defense, and",,
ID00015,0000a24d,48,　シュート決めちゃうんだからぁ」,score a shot!,,
ID00015,0000a7d5,15,「ははは」,Heh heh heh,,
ID00015,0000a812,33,（自分も参加するのか）,(Is she joining too?),,
ID00015,0000a9a8,57,「それじゃ、コンタクト洗ってくるから、,"I'm gonna go wash my hands, so",,
ID00015,0000a9f0,15,　またね」,See ya later,,
ID00015,0000aca3,18,「あ、はい」,"""Ah, yes""",,
ID00015,0000b082,51,（心美先生の年下感は反則だよなぁ）,(Sensei's youth is unfair.),,
ID00017,00002c8e,45,（あ…、あそこの人だかりは…）,Oh... that crowd over there is...,,
ID00017,000031b0,54,「心美先生…ここの英訳…わからない」,Miss Shinomi... I don't get the English here...,,
ID00017,00003385,36,「うんうん、そこはねぇ」,"Yeah, yeah, it's not like that.",,
ID00017,00003512,48,「先生、私にも教えてください！」,"Please teach me too, Miss Shinmi!",,
ID00017,000038d1,24,「私も私もー！」,Me too! Me too!,,
ID00017,00004ff2,57,（女生徒から質問攻めか。人気あるなぁ）,She must be popular.,,
ID00017,00005372,51,「心美先生、私も質問したいところが,"Miss Shinmi, I also have a question...",,
ID00017,000053b4,27,　あるんですけど」,I want to ask.,,
ID00017,00005a2e,18,「御前さん」,Gozen-sama.,,
ID00017,00005be2,24,「御前…渚紗…」,Misaki... Nagisa...,,
ID00017,00005f3a,54,「内魔さんも先生に質問？　珍しいね」,Are you asking Miss Naima a question? That's rare.,,
ID00017,00006207,39,「たまには……勉強…する」,Sometimes... gotta study...,,
ID00017,000063a3,42,「うぐ…御前さんの質問かぁ。,"...ugh, Misaki asked something huh.",,
ID00017,000063dc,45,　い、いいわよ、どこどこぉ？」,"Y-yeah sure, where is it?",,
ID00017,0000697d,48,「先日の授業の長文で使われていた,From the long text in class a few days ago,,
ID00017,000069bc,36,　複合関係詞なのですが、,"about the complex relative clauses,",,
ID00017,000069ef,51,　復習していて気になったことが…」,there's something...,,
ID00017,0000709c,27,「う、うんうん…」,"Ugh, yeah, yeah...",,
ID00017,000077d2,39,「あれ？　プロデューサー。,Huh? Producer.,,
ID00017,00007808,36,　あなたも先生に質問？」,You gonna ask the teacher too?,,
ID00017,00008126,29,「あれ？　@str_000君。,Huh? @str_000-kun.,,
ID00017,00008152,36,　あなたも先生に質問？」,You gonna ask the teacher too?,,
ID00017,0000869e,35,「@str_000先輩も…質問？」,@str_000-senpai... questions?,,
ID00017,00008c1b,63,「い、いや、俺は休み時間は休む主義だから。,"N-No, I'm all about taking breaks during break time.",,
ID00017,00008c69,24,　それじゃっ！」,See you there!,,
ID00017,00008f0b,39,「フフッ、それじゃあね～」,"Hehe, see you then~",,
ID00018,00001759,18,「っちは～」,"""Hey~""",,
ID00018,00001d8a,60,「チーーーーッス。ナイスターイミング！」,Cheeeees! Nice timing!,,
ID00018,00002099,12,「え？」,What?,,
ID00018,00002464,42,「いっきなりなんだけどサ～」,"It's sudden, but~",,
ID00018,0000288f,51,「心美ちゃんって、かわいいジャン？,Isn't Shinomiya-chan cute?,,
ID00018,000028d1,51,　ちっちゃくて、チャーミングでサ」,So tiny and charming~,,
ID00018,00002e59,42,「とても２０歳過ぎてるとは、,"You don't look over 20 at all,",,
ID00018,00002e92,27,　思えないよネ～」,do you?~,,
ID00018,00003016,30,「まぁ…そうですね」,Well... yeah,,
ID00018,000031a9,42,「彼女に興味のあるヤツって、,I think guys dig her.,,
ID00018,000031e2,63,　多いと思うんだよ～。エロース的な意味で」,In an erotic kinda way.,,
ID00018,00003622,30,「Ｅ動画部としては、,"As the E-Video Club,",,
ID00018,0000364f,36,　放っとく手はないよネ」,We can't ignore it~,,
ID00018,0000392d,12,「はぁ」,Huh,,
ID00018,00003aae,33,「そこでなんだけどサ、,So here's the thing.,,
ID00018,00003ade,45,　彼女にゲリラ録画を敢行して、,How about we secretly record her and,,
ID00018,00003b1a,54,　スペシャルＰＶを作ってくんない？」,make a special PV?,,
ID00018,00003f5e,45,「ええっ！？　なんで俺が！？」,Whoa!? Why me!?,,
ID00018,00004100,33,「クラス担任ジャン？」,You mean the class rep?,,
ID00018,0000414f,24,「…そうですね」,"Yeah, you're right.",,
ID00018,000042dc,57,「マジ、頼むって～。彼女のＰＶ流せば、,"Come on, please~. If we show her PV at",,
ID00018,00004324,39,　光海祭でのＥ動画部展は、,"the E-Douga Club exhibit,",,
ID00018,0000435a,60,　大盛り上がり間違いなしなんだからサ～」,it'll definitely be a huge hit~,,
ID00018,0000491d,51,「ミスレコジェニックのマリアさんの,"So you want to keep secretly recording Mariana,",,
ID00018,0000495f,54,　ゲリラ録画を続けながらですよね？」,"Miss Miss Record-Genic,",,
ID00018,00004b0a,60,「当ったり前ジャーン。どっちもやってよ」,"That's a given, duh. Do both of them.",,
ID00018,00004caf,51,「許可は、マリアさんと同じように、,You want the president to?,,
ID00018,00004cf1,33,　あとで部長が取る？」,Afterwards?,,
ID00018,00004e87,42,「許可なんかいらないって～。,Permission? I don't need that~,,
ID00018,00004ec0,63,　先生なんだから、部活に協力してくれるヨ」,I'll help out as a teacher.,,
ID00018,000051eb,48,「撮影許可なしで録るんですか？」,Are you recording without permission?,,
ID00018,000053c5,51,「大丈夫、大丈夫。先生なんだから、,"It's fine, it's fine. Since I'm a teacher,",,
ID00018,00005407,45,　部活に協力してくれるって～」,I'll help out with the club activities~,,
ID00018,00005af6,54,「いざとなったらオレが取りなすけど、,"If it gets bad, I'll step in,",,
ID00018,00005b3b,27,　うまくやってヨ」,Do your best~,,
ID00018,00005e29,60,「はぁ…わかりました。がんばってみます」,Ugh... Got it. I'll try my best.,,
ID00018,00005fda,42,「マジで！？　サンキュー！」,Really!? Thanks a lot!,,
ID00018,000062cd,33,「んじゃ、心美ちゃんの,"Alright then, Harumi-chin's",,
ID00018,000062fd,39,　ギリギリのエロース動画、,"super close to porn videos,",,
ID00018,00006333,33,　楽しみにしてっから」,I'm looking forward to them.,,
ID00018,000069e4,24,「シクヨロー！」,You're welcome!,,
ID00018,00006ebb,42,（はぁ…心美先生に密着…か。,Phew... getting close to Miss Shimizu...,,
ID00018,00006ef4,42,　被写体として魅力十分だし、,She'll be a very attractive subject.,,
ID00018,00006f2d,60,　異存はないんだけど、どんなの録れば…）,"No objections, but what should I record...",,
ID00019,00002aa1,21,「きゃあっ！」,Kyaaa!,,
ID00019,00002b52,30,「ひゃあああああ！」,AAAAHHHHH!,,
ID00019,00002b9e,63,（この声は…心美先生！？　保健室からだ！）,(That voice... Miss Shinomiya!? From the infirmary!),,
ID00019,0000300c,23,「あ、@str_000君」,"Ah, @str_000-kun.",,
ID00019,000031fb,63,「雑巾がけしようとしたら転んじゃってぇ…」,I slipped while trying to mop the floor...,,
ID00019,00003572,30,「びしょ濡れよぉ…」,You're all wet...,,
ID00019,000036ec,36,「録ってないで助けてぇ」,Stop recording and help me!,,
ID00019,00003ea7,27,「手につかまって」,Grab my hand,,
ID00019,0000407a,15,「うん…」,Right...,,
ID00019,0000473a,42,「どうしよぉ…着替えなきゃ」,What should I do... Time to change.,,
ID00019,00004949,21,「体操服は？」,Where are the gym,,
ID00019,00004b74,30,「教員用のロッカー」,The teachers' lockers,,
ID00019,00004bc0,51,「そこには行けないな…スク水は？」,Can't go there...what about swimsuits?,,
ID00019,00004d68,30,「一緒に入ってるぅ」,They're in there with me,,
ID00019,00004f29,21,「っていうか、,No swimsuit!,,
ID00019,00004f4d,51,　水着でいられるわけないでしょ！」,There's no way!,,
ID00019,000050e9,51,「はははは、俺の体操服貸しますよ。,"Hahaha, I'll lend you my gym clothes.",,
ID00019,0000512b,27,　ここで待ってて」,"Wait here, okay?",,
ID00019,000052bb,33,「本当？　ごめんねぇ」,Really? Sorry about that~,,
ID00019,00005905,48,（転んで水浸しになるなんてなぁ。,(To think she'd end up soaked like this.),,
ID00019,00005944,54,　そんなのアニメかマンガでしかないと,"Only in anime or manga, I thought.",,
ID00019,00005989,21,　思ってたよ）,Never thought so...,,
ID00019,000059cc,42,（心美先生らしいというか…）,(That's so like Miss Shinomi...),,
ID00019,00005ef4,33,「取ってきましたよ！」,I've got them!,,
ID00019,0000608a,24,「ありがとおぉ」,Thanks a lot!,,
ID00019,000060d0,63,「じゃ、外に出てるんで、着替えてください」,"So, since she's outside, please change into them.",,
ID00019,000062ae,12,「うん」,Yeah,,
ID00019,00006f91,57,（俺の体操服を、心美先生が着るのか…。,(Shinomi-sensei is going to wear my gym clothes...,,
ID00019,00006fd9,45,　ドキドキするのはなんでだ？）,Why am I getting all nervous?,,
ID00019,00007034,63,（着たあと、いい匂いがするんだろうなぁ…）,I wonder how they'll smell.,,
ID00019,000070a1,27,「もういいわよ～」,You're done~,,
ID00019,0000761e,24,「お、おおっ！」,O-oh!,,
ID00019,000078a7,48,「ちょっと大きかったみたいで…」,Seems like it was a bit big...,,
ID00019,00007905,42,「それはそれでいいというか…,"It's actually kinda good that way, or...",,
ID00019,0000793e,48,　まるで履いてないみたいですよ」,Looks like you're not wearing any at all!,,
ID00019,00007aff,33,「は、履いてるわよ！」,I am wearing them!,,
ID00019,00007be4,18,「はははは」,Hahaha,,
ID00019,00007d6b,15,「もう…」,Geez...,,
ID00019,00007da8,45,「これは…レコチャンスだっ！」,This is... my chance to shine!,,
ID00019,000081f7,21,「はわわわ！」,*squeak*!,,
ID00019,00008368,36,「ダメよぉ、録っちゃ！」,"No way, don't record it!",,
ID00019,00008623,39,「恥ずかしいじゃないぃ！」,How embarrassing!,,
ID00019,00008fee,54,「もう！　先生、怒っちゃうわよぉ！」,"Geez! You'll get mad, you know!",,
ID00019,000091c2,51,「すみません…調子に乗っちゃって」,Sorry... I got carried away.,,
ID00019,0000936a,45,「まぁ…体操服貸してくれたし、,"Well... since you lent me your gym clothes,",,
ID00019,000093a6,36,　文句も言いづらいけど」,I can't really complain either.,,
ID00019,0000979c,54,「ありがとね。これ、ちゃんと洗って、,Thanks a lot. I'll wash these properly and,,
ID00019,000097e1,45,　ロッカーに返しておくからね」,put them back in your locker.,,
ID00019,00009acb,12,「え…」,Huh...?,,
ID00019,00009c33,12,「え？」,What?,,
ID00019,00009c6d,45,「いや、そのままでいいですよ。,You don't have to worry about it.,,
ID00019,00009ca9,27,　自分で洗うから」,I'll wash them myself.,,
ID00019,00009e39,30,「そんなの悪いわよ。,That's not nice at all.,,
ID00019,00009e66,39,　洗って、アイロンかけて、,"I'll wash them and iron them,",,
ID00019,00009e9c,30,　きちんと返させて」,Make sure to give them back.,,
ID00019,0000a15e,24,「そう…ですか」,Is that...so?,,
ID00019,0000a2eb,36,「なんで残念そうなの？」,Why do you look so disappointed?,,
ID00019,0000a33d,30,「い、いえべつに！」,N-No reason!,,
ID00019,0000a4b7,39,「それじゃあね。このまま、,"Well, then.",,
ID00019,0000a4ed,39,　走って宿舎に帰っちゃう」,See ya.,,
ID00019,0000a6b2,60,「それがいいですよ。風邪引かないように」,That's for the best. Don't catch a cold.,,
ID00019,0000a8a6,24,「うん、またね」,"Yeah, see ya",,
ID00019,0000adac,60,（まぁ…俺の体操服が、心美先生の洗濯物と,"Well... if you think about it, my gym clothes",,
ID00019,0000adf7,39,　一緒に洗われると思えば、,will be washed with Sensei's laundry,,
ID00019,0000ae2d,45,　それはそれで妄想が膨らむか）,...that just makes my imagination run wild.,,
ID00019,0000ae88,39,（下着と絡んだりして…な…,Huh...,,
ID00019,0000aebe,33,　って、俺は変態か！）,"Wait, am I a pervert?!",,
ID00019,0000af0d,57,（バカなこと考えてないで、俺も帰ろう）,Stop that nonsense.,,
ID00021,00001175,39,（ん？　あそこにいるのは…,Hm? Who's over there...,,
ID00021,000011ab,30,　レコチャンスだ！）,It's Recco-chan!,,
ID00021,00001796,48,「ふんふん……なるほどなるほど」,"Hmm hmm... I see, I see.",,
ID00021,00001aa0,54,「あう～、ここ難しい～、イヤーーン」,Auu~ This is hard~ Aaahhh,,
ID00021,00001ea8,42,「ダメダメ、がんばんなきゃ。,"No no, I have to try harder.",,
ID00021,00001ee1,54,　先生の私が逃げちゃダメなんだもん。,I can't run away from this as my teacher.,,
ID00021,00001f26,36,　ドゥ　マイ　ベスト！」,Do my best!,,
ID00021,00002bf5,54,（水泳前の休み時間を惜しんで勉強か。,She's cramming before swim class.,,
ID00021,00002c3a,33,　邪魔しちゃ悪いよな）,It'd be rude to interrupt.,,
ID00022,0000249b,15,「ずず…」,Eek...,,
ID00022,00002682,54,「たまちゃあん、コーヒー苦あぁい！」,"Tama-chan, the coffee's too bitter!",,
ID00022,00002821,51,「…だから、ブラックは心美先生には,That's why I told her black coffee was,,
ID00022,00002863,33,　無理って言ったのに」,too much for her!,,
ID00022,000029e0,33,「そんなことないもん！,No way!,,
ID00022,00002a10,39,　大人だから飲めるもん！」,"I'm an adult now, so I can drink it!",,
ID00022,00002cce,39,「いつも、甘ぁいコーヒーで,I always practice with sweet coffee,,
ID00022,00002d04,36,　練習してるんだからぁ」,anyway.,,
ID00022,000030c7,15,「ずず…」,Eek...,,
ID00022,00003232,21,「苦あぁい！」,Damn it!,,
ID00022,00003275,15,「クスッ」,Heh.,,
ID00022,00003695,45,「こんな時間にコーヒー飲むと、,You'll stay up if you drink coffee now.,,
ID00022,000036d1,33,　眠れなくなりますよ」,you know?,,
ID00022,00003cc7,23,「あ、@str_000君」,"Ah, @str_000-kun.",,
ID00022,00003e53,36,「エヘヘ、今日はいいの。,"Hehe, it's fine today.",,
ID00022,00003e86,42,　ちょっと調べものがあって、,"I've got some research to do tonight,",,
ID00022,00003ebf,30,　夜更かしするから」,so I'll be up late.,,
ID00022,0000419a,42,「授業で使うなにかですか？」,Is it something you're gonna use in class?,,
ID00022,00004339,21,「そんなとこ」,Something like that.,,
ID00022,0000437c,24,「…大変ですね」,That's a lot.,,
ID00022,0000457f,30,「ううん、ちっとも。,"Nope, not really.",,
ID00022,000045ac,42,　だって、やりがいあるもの」,It's super rewarding.,,
ID00022,000049f6,51,「先生になりたくてなったんだから、,"I wanted to be a teacher,",,
ID00022,00004a38,36,　がんばらなくっちゃ！」,so I gotta work hard!,,
ID00022,00004d0c,33,「ファイト！　心美！」,"Good luck, Shinmi!",,
ID00022,00005072,60,「たまちゃん、コーヒー、ごちそうさまぁ」,"Tam-chan, thanks for the coffee!",,
ID00022,00005217,63,「言ってくれれば、部屋に持っていきますよ。,"If you ask, I'll bring it to your room.",,
ID00022,00005265,36,　ミルクたっぷりのやつ」,with lots of milk,,
ID00022,00005555,54,「も～っ、ミルクはたっぷりじゃなくて,"Muu~, not a lot of milk is fine!",,
ID00022,0000559a,60,　いいの！　徐々に減らしてるんだからぁ」,I'm gradually reducing it!,,
ID00022,00005893,15,「フフッ」,Heh heh.,,
ID00022,000058d0,18,「はははは」,Hahaha,,
ID00022,00005b11,24,「それじゃあね」,See ya.,,
ID00022,00005b57,27,「おやすみなさい」,good night,,
ID00022,00005ce7,21,「おやすみ～」,Good night~,,
ID00024,000025f4,12,「あ…」,...,,
ID00024,0000262e,18,「心美先生」,Miss Shinomiya,,
ID00024,000029fe,45,「ちょ、ちょっとこっち来て！」,"Hey, come over here!",,
ID00024,0000315f,51,「な、なんです？　いきなりプールに,What's up? You suddenly showed up at the pool.,,
ID00024,000031a1,21,　連れてきて」,Like this?,,
ID00024,0000333d,39,「それは…その……あのね」,Well... umm... you see...,,
ID00024,0000369d,36,（これは……まさか……）,(This is... no way...),,
ID00024,00003b04,45,「先生ね……あなたのこと……」,Teacher... about you...,,
ID00024,00003dc8,51,「来て……好きにして…いいのよ…」,Come... do whatever you want with me...,,
ID00024,000041cd,27,「ほら…早くぅ…」,Hurry up...,,
ID00024,00004e12,27,（な～んてなぁ…）,Like I'd say that...,,
ID00024,00004f96,36,「この間は…ごめんねぇ」,Sorry about the other day...,,
ID00024,00005320,15,「えっ？」,Huh?,,
ID00024,00005507,36,「私、酔っ払っちゃって、,"I got totally wasted,",,
ID00024,0000553a,51,　あなたに絡んじゃったでしょう？」,"You got all up in my face, didn't you?",,
ID00024,000056d6,36,「あ、ああ、そうですね」,"Ah, yeah, that's right.",,
ID00024,0000586f,45,「よく覚えてなかったんだけど、,"I couldn't really remember it well, but...",,
ID00024,000058ab,42,　たまちゃんに教えてもらって,Tamachan told me about it.,,
ID00024,000058e4,36,　ビックリしちゃった…」,I was surprised...,,
ID00024,00005d0c,21,「不覚よぉ…」,Damn...,,
ID00024,00005d4f,57,「ああ、そんなこと、気にしてないんで」,"Oh, I'm not worried about that.",,
ID00024,00005efd,48,「私…あなたに変なこと言った？」,Did I say something weird to you?,,
ID00024,00006096,33,「酒を勧めてましたよ」,I was recommending sake to you.,,
ID00024,0000622c,33,「ひ～～っ、忘れてぇ。,"Hiiiii, I forgot~",,
ID00024,0000625c,54,　教育者としてあるまじきことを～っ」,"As a teacher, it's something I shouldn't have done~",,
ID00024,00006578,54,「担任外されそうだとも言ってました」,They might fire me.,,
ID00024,00006723,60,「イヤあぁあぁぁ！　そんなことまでぇ？」,"Eeeek, you're kidding me~?!",,
ID00024,000068c8,24,「…心配ですよ」,I'm worried...,,
ID00024,0000690e,51,「ストレスたまってるんだなぁって。,"She's stressed out, huh.",,
ID00024,00006950,57,　心美先生、一生懸命がんばってるのに」,Even though Miss Shinomi is working so hard...,,
ID00024,00006af7,35,「@str_000君…ありがと…」,@str_000...thanks...,,
ID00024,00006ddc,54,「けどね、私が未熟なのがいけないの。,But it's my fault for being inexperienced...,,
ID00024,00006e21,51,　もっともっと、がんばらないと…」,I need to do better...,,
ID00024,00007393,18,「はふぅ…」,Huff...,,
ID00024,000073d3,45,「毎晩、夜遅くまで勉強したり、,"Every night, studying until late...",,
ID00024,0000740f,42,　問題作ってるんでしょう？」,"Making problems too, right?",,
ID00024,000075ca,30,「どうしてそれを？」,Why do that?,,
ID00024,00007616,42,「阿武壬さんが言ってました」,Akamin-san said so,,
ID00024,000077b5,42,「たまちゃんったら、もう～」,"Tama-chan, you're such a...",,
ID00024,00007aab,51,「そんなの当然よ、先生なんだから。,"That's only natural, I'm the teacher.",,
ID00024,00007aed,57,　みんなを預かる、責任ある立場だもの」,"In charge of everyone, it comes with responsibility.",,
ID00024,00007f05,51,「気晴らしも…大事だと思うけど…」,I think taking a break is... important too...,,
ID00024,00007f66,48,「たまには、学校のことを忘れて、,"Sometimes, it's good to forget about school and",,
ID00024,00007fa5,30,　パーッと遊んだ方が,"have a blast,",,
ID00024,00007fd2,39,　いいんじゃないですか？」,don't you think?,,
ID00024,0000816e,24,「遊ぶってぇ？」,You wanna play?,,
ID00024,000081b4,51,「夏の遊びといえば……プールとか？,When it comes to summer fun...a pool maybe?,,
ID00024,000081f6,57,　遊園地のプールなら、流れるプールとか,There are lazy rivers.,,
ID00024,0000823e,51,　いろいろあって、楽しそうだけど」,that sound really fun.,,
ID00024,000083e6,45,「あ、いいわね！　楽しそう！」,"Ah, that sounds fun! You'd have a blast!",,
ID00024,0000881a,54,「けど…一緒に行く人がいないもの…」,But... I don't have anyone to go with...,,
ID00024,000089b9,48,「彼氏…とか…いないんですか？」,You don't have a boyfriend or anything?,,
ID00024,00008b5e,36,「い～な～い～わ～よ～」,I do~n't~ ha~ve~ one~,,
ID00024,00008cf7,54,「そんなの…出来たためしがないもの」,I've never even managed that before...,,
ID00024,00008e96,27,「えっ、一度も？」,"What, not once?",,
ID00024,0000900d,30,「な～い～わ～よ～」,Na~i~ wa~ yo~u~,,
ID00024,000091a0,57,「大学も、高等部も、中等部の時でさえ、,"Not in college, high school, or even middle school,",,
ID00024,000091e8,48,　同い年だろうが、年下だろうが、,"No matter if they're my age or younger,",,
ID00024,00009227,54,　み～んな私を子供扱いするんだから」,Everyone treats me like a kid anyway.,,
ID00024,00009b4d,42,「いい人なんて…いないわよ」,There's no such thing as a nice person...,,
ID00024,00009e1b,60,（その中の何人かは、心美先生に惹かれて、,Some lusted after her.,,
ID00024,00009e66,45,　空回ってたんだと思うけど…）,"spinning their wheels, I think...",,
ID00024,00009ec1,63,「じゃあ……俺と行くのって…ダメですか？」,So... if going with me is not okay?,,
ID00024,0000a087,12,「えっ」,Oh!,,
ID00024,0000a0c1,48,「実は……俺、Ｅ動画部の課題で、,I'm working on it.,,
ID00024,0000a100,45,　心美先生の素顔に迫ってて…」,Getting close to her.,,
ID00024,0000a15b,48,「心美先生の休みの日が録りたい。,I want to record Ms. Shinbi on her days off.,,
ID00024,0000a19a,39,　協力してくれませんか？」,Can you help me out?,,
ID00024,0000a31d,12,「あ…」,...,,
ID00024,0000a357,48,「な、なぁんだ、部活のお手伝い？,"Oh, so it's just club work?",,
ID00024,0000a396,48,　もう、勘違いしちゃったわよぉ」,You totally misunderstood.,,
ID00024,0000a92e,18,「勘違い？」,Misunderstood?,,
ID00024,0000aa9c,57,「な、なんでもない！　なんでもない！」,N-No! Nothing's wrong!,,
ID00024,0000af07,60,「そうね！　先生だもの、生徒の部活動には,Sure! I'll help.,,
ID00024,0000af52,30,　協力しなきゃね！」,I'll cooperate!,,
ID00024,0000b368,54,「じゃあ、今度の日曜日はどうです？」,How about next Sunday then?,,
ID00024,0000b513,42,「いいわよ。じゃあ、９時に、,"Sure, then meet me at nine.",,
ID00024,0000b54c,57,　駅前の踏み切りで待ち合わせでいい？」,At the railroad crossing in front of the station?,,
ID00024,0000b964,24,「わかりました」,Understood.,,
ID00024,0000bad8,48,「フフッ、楽しみ～。よろしくね」,"Hehe, can't wait~. See you.",,
ID00024,0000c245,69,こうして、心美先生とデートの約束を取り付けた。,This is how we set up our date with Miss Shinomi.,,
ID00030,00003833,42,（心美先生だ！　仕事を忘れて,It's Ms. Shinmi! Forget work.,,
ID00030,0000386c,36,　はしゃいでもらうぞ！）,have fun!,,
ID00030,00003d3e,36,（Ｃムービー部の課題の、,"for the C-Movie Club's project,",,
ID00030,00003d71,45,　密着録画も許可してくれたし、,"you even let us do a close-up recording too,",,
ID00030,00003dad,30,　今日は録るぞ～っ）,Let's record today~!,,
ID00030,0000441a,42,（ちょっと早く来すぎたか？）,Did I come a bit too early?,,
ID00030,000044bf,30,「あ！　心美先生！」,Hey! It's Ms. Shinmi!,,
ID00030,000046ad,23,「あ、@str_000君」,"Ah, @str_000-kun.",,
ID00030,00004b30,57,「遅刻せずに来るなんて、偉いじゃない」,You came on time? That's pretty good.,,
ID00030,00004cd2,45,「っていうか、待ち合わせまで、,"By the way, we still have like",,
ID00030,00004d0e,42,　まだ１５分はありますよ？」,15 minutes until our meet-up.,,
ID00030,00004e94,63,「エヘヘ、万一にも遅刻したくなかったから、,"Hehe, I didn't want to be late even a bit.",,
ID00030,00004ee2,39,　すっごく早く出ちゃった」,I left super early.,,
ID00030,0000559f,60,「先生が遅刻するわけにいかないでしょ？」,"Ms. Shinmi can't be late, right?",,
ID00030,00005744,24,「真面目だなぁ」,You're serious.,,
ID00030,000058b8,45,「当たり前よ、先生なんだから」,"Of course not, she's the teacher.",,
ID00030,00005ba2,33,（心美先生の私服姿…）,Ms. Shinmi in civilian clothes...,,
ID00030,00005ca6,30,（かわいい服だなぁ。,Cute outfit.,,
ID00030,00005cd3,57,　子供っぽい気もするけど、言えないな）,"It's a bit childish, but I can't say that...",,
ID00030,00005e81,39,「じゃ、さっそく行こっか」,"Well then, let's get going.",,
ID00030,00005f52,30,「そ、そうですね！」,Y-Yeah!,,
ID00030,000060e5,48,「どうしたの？　そんなに慌てて。,What's wrong? You're in such a hurry.,,
ID00030,00006124,27,　顔も赤いけど…」,Your face is red too...,,
ID00030,000063e3,51,「な、なんでもない、なんでもない。,"N-No, nothing at all.",,
ID00030,00006425,39,　じゃあ、行きましょうか」,Shall we go then?,,
ID00030,000065a8,27,「フフッ、そうね。,"Heh, that's right.",,
ID00030,000065d2,60,　せっかくの時間が、もったいないものね」,What a waste of such precious time.,,
ID00030,00006ecb,60,「うわぁ～、電車の窓から見える景色って、,"Wow, the scenery seen from the train window...",,
ID00030,00006f16,39,　つい眺めちゃうのよねぇ」,is so captivating.,,
ID00030,00006f6b,51,（こうして並んでると、兄妹みたい…,(We look like siblings standing side by side...),,
ID00030,00006fad,30,　とは、言えないな）,(But I can't say that.),,
ID00030,00006ff9,24,「ルンルン～♪」,*Bouncing happily*,,
ID00030,0000755e,42,「着いた、着いた。先生って、,We're here. Teacher is...,,
ID00030,00007597,48,　ここに来たの、いつ以来です？」,It's been so long since I've come here.,,
ID00030,0000779e,27,「初等部…以来よ」,Since elementary school...,,
ID00030,00007971,39,「へ～っ、じゃあ、ずいぶん,"Wow, it must have been",,
ID00030,000079a7,36,　久しぶりなんですね～」,a really long time ago.,,
ID00030,00007b54,21,「そうよぉ…」,That's right...,,
ID00030,00007b97,60,「あはははは、じゃあ、その時と同じ扱い？,"Hahaha, so you'll treat me the same way?",,
ID00030,00007be2,18,　あははは」,Ahahahaha!,,
ID00030,00007dc2,36,「も～っ、笑いすぎよ！」,"Oh my, you're laughing too much!",,
ID00030,000080a8,51,「チケット売り場のおじさんってば、,The guy at the ticket booth is...,,
ID00030,000080ea,51,　私を小学生と勘違いするなんて…」,You actually thought I was a kid...,,
ID00030,0000851e,36,「“子供料金は半額だよ”,"""Kids get half price.""",,
ID00030,00008551,33,　じゃないわよおぉ！」,"Not a kid, you moron!",,
ID00030,00008876,57,「あははは、俺、お兄ちゃん扱いですよ」,"Ahahahaha, I'm being treated like an older brother.",,
ID00030,00008a0b,15,「う～っ」,~,,
ID00030,00008a48,33,「そのシャツのクマが、,That bear on your shirt is...,,
ID00030,00008a78,42,　ダメなんじゃないですか？」,"kinda off-putting, don't you think?",,
ID00030,00008c3b,57,「え～っ、なんでよぉ？　プリベアよぉ？,"Ehh, why not? It's a bear shirt!",,
ID00030,00008c83,51,　女子高生だって着てるじゃない！」,"Even high school girls wear them, right?",,
ID00030,000090ae,45,「そうだけど、心美先生が着ると,"When Miss Shinomi wears it,",,
ID00030,000090ea,36,　子供っぽいと言うか…」,It just seems kinda childish...,,
ID00030,00009283,51,「もーっ、プールを見てなさいよぉ。,"Hey, look at the pool.",,
ID00030,000092c5,54,　大胆水着で悩殺しちゃうんだからぁ」,I'm gonna seduce you with this daring bikini~,,
ID00030,000096f3,33,「えっ、マジですか？」,"Eh, really?",,
ID00030,000098a5,57,「もちろんよ。二十歳過ぎの大人の色香を,Of course. The allure of a woman over 20...,,
ID00030,000098ed,21,　感じなさい」,Feel it,,
ID00030,00009ced,57,「じゃあ、着替えて、プールサイドでね」,"Then, change and meet me by the pool.",,
ID00030,00009e8f,12,「はい」,Okay.,,
ID00030,0000a35a,42,（一体…どんな水着なんだ？）,What kind of swimsuit...,,
ID00030,0000b265,54,（先生は…まだか。ドキドキするな…。,Is she... still not here? Don't get too excited...,,
ID00030,0000b2aa,48,　あれだけアピールしたからには、,"After all that teasing, it must be...",,
ID00030,0000b2e9,33,　ものすごく大胆な…）,Really bold...,,
ID00030,0000b338,51,（まるで…紐…みたいな水着…とか。,Like a string bikini or something...,,
ID00030,0000b37a,54,　いやいや、それじゃ見えちゃうだろ。,"No no, then everything will show.",,
ID00030,0000b3bf,30,　ない…んだから…）,There's nothing... so...,,
ID00030,0000b40b,27,「おっ待たせ～っ」,"Hey, sorry to keep you~",,
ID00030,0000b975,12,「あ…」,...,,
ID00030,0000baf6,54,「どう？　ビキニよ？　大胆でしょ？」,"How's this? A bikini! It's pretty daring, right?",,
ID00030,0000bf17,54,「青少年には刺激が強すぎたかなぁ～」,Maybe it was too much for young folks~,,
ID00030,0000c269,45,「どうしたの？　黙っちゃって」,What's wrong? You're so quiet.,,
ID00030,0000c3ff,24,「いや、その…」,"No, it's just...",,
ID00030,0000c4fa,42,「ビキニだけど…大人の色香を,It's a bikini... but you don't feel,,
ID00030,0000c533,33,　感じるかというと…」,any adult allure or anything...,,
ID00030,0000c6cc,51,「な、なによぉ、感じないっての？」,What do you mean? I don't feel anything?,,
ID00030,0000c8fd,24,「先生が着ると、,"When you wear it,",,
ID00030,0000c924,45,　ビキニもかわいい感じですね。,it looks cute.,,
ID00030,0000c960,51,　真奈の小さいころを思い出すなぁ」,It reminds me of Mana when she was little.,,
ID00030,0000caef,42,「も～っ！　それっていつよ！,Mou! When was that!,,
ID00030,0000cb28,33,　やっぱり初等部！？」,You were in elementary school?!,,
ID00030,0000ce06,21,「そんな感じ」,That's the vibe.,,
ID00030,0000cfac,57,「子供扱い禁止！　先生なんだからね！」,No treating me like a kid! I'm your teacher!,,
ID00030,0000d167,51,「あははは、すごく似合ってますよ。,"Hahaha, it really suits you.",,
ID00030,0000d1a9,51,　さっそく部活に協力してください」,Please help the club right away.,,
ID00030,0000d338,12,「え…」,Huh...?,,
ID00030,0000d372,36,「レコチャンスだあっ！」,W-We're on record time!,,
ID00030,0000d7e8,42,「はわわ、い、いきなり！？」,Eek! S-Suddenly!?,,
ID00030,0000dab6,36,「ダ、ダメだってばぁ！」,N-No way!!,,
ID00030,0000dd71,33,「恥ずかしいでしょ！」,You should be embarrassed!,,
ID00030,0000e748,57,「今日は心美先生を、録りまくりますよ」,We'll record Ms. Shinbi all day today.,,
ID00030,0000e8f6,57,「もう……部活に協力する為に来てるし、,I'm already here to help out...,,
ID00030,0000e93e,21,　いいけど…」,That's fine...,,
ID00030,0000ed25,36,「仕事を忘れて楽しんで」,Forget work and have fun.,,
ID00030,0000eebe,12,「ん…」,Hmm...,,
ID00030,0000f026,39,「よ～し、今日は思いっきり,"Alright, today I'll go all out",,
ID00030,0000f05c,33,　はしゃぐわよ～っ！」,I'm gonna have a blast~!,,
ID00030,0000f82d,45,「俺も勉強忘れるぞーーーっ！」,I'll forget about studying tooooo~!,,
ID00030,0000f888,45,「今日は許したげるーーーっ！」,"Today, I'll let you off the hook tooooo~!",,
ID00030,0000fcd7,27,「きゃーーーっ！」,Kyaaaaa!,,
ID00030,0000ff89,27,「楽しーーーっ！」,Let's haaaave fun~!,,
ID00030,00010746,27,「それーーーっ！」,That's it--!!,,
ID00030,0001092b,45,「エッチなアングルで録るのは、,Recording in an erotic angle is bad~!,,
ID00030,00010967,33,　ダメなんだからぁ！」,Don't do it~!!,,
ID00030,00010c1f,27,「やっ！　やっ！」,Stop! Stop!,,
ID00030,00010f3f,21,「あははは！」,Hahaha!,,
ID00030,000115c1,75,プールではしゃぐ心美先生は、すごく子供っぽかった。,Hokumi-sensei was so childish playing.,,
ID00030,0001163a,72,若く見えるって、普通はうらやましがられることだと,"People envy those who look young, but...",,
ID00030,00011691,72,思うけど、先生としては…頼りなく見える人もいる。,...there are also people who see you as unreliable.,,
ID00030,000116e8,18,難しいよな。,That's tough.,,
ID00030,00011728,32,「ほらほら、@str_000君！,"Hey, hey! @str_000!",,
ID00030,00011757,48,　ウオータースライダー行こっ！」,Let's go on the water slide!,,
ID00030,000117b5,21,「オッケー！」,Okay!,,
ID00030,00011846,30,「うわぁ…高ぁぁい」,Whoa... it's so expensive...,,
ID00030,00011892,57,「その方がスリルがあって、いいですよ」,"It's more thrilling that way, you know?",,
ID00030,000118f9,36,「うぅ…そうだけどぉ…」,"Ugh... yeah, but...",,
ID00030,0001194b,39,「先に降りて、お願ぁい！」,"Go down first, please!",,
ID00030,000119a0,45,「いいですけど…、結局、怖くて,"It's fine, but I'm scared.",,
ID00030,000119dc,54,　階段で降りてきたとか、ナシですよ」,Going down the stairs isn't an option for me,,
ID00030,00011a40,27,「わかってるって。,I know that.,,
ID00030,00011a6a,42,　心の準備したいだけだから」,I need to psych myself up.,,
ID00030,00011ac2,36,「よ～し……おりゃあ！」,All right... here goes!,,
ID00030,00011b62,30,「うおーーーーーッ！,Woooooah--!,,
ID00030,00011b8f,33,　ひーーーーーーッ！」,Hiiiiiiii--!,,
ID00030,00011bde,15,「うぐ…」,Ugh...,,
ID00030,00011c1b,36,「うわぁ…すごい勢い…」,Whoa... That's some momentum...,,
ID00030,00011c97,27,「心美せんせーっ！,"Sensei, it's me--!",,
ID00030,00011cc1,54,　俺が下にいるから大丈夫ですよー！」,"I'm down here, so you're safe--!",,
ID00030,00011d25,54,「うん、そうよね。今行くーーーっ！」,"Yeah, that's right. Here I go--!",,
ID00030,00011d89,18,「それっ！」,There!,,
ID00030,00011e17,54,「きゃーーーー！　すっごーーーい！」,Kyaaaa! So cool!,,
ID00030,00011ec9,36,「ひゃーーーーーーっ！」,Hiiiii--!,,
ID00030,00011f1b,36,「はわわ、バランスが…」,"Oh no, my balance...",,
ID00030,00011f6d,24,「あ、危なっ！」,"O-oh, dang it!",,
ID00030,00012025,36,「モガモガ……心美先生！,Mogamoga... Miss Shinomiya!,,
ID00030,00012058,27,　こ、この感触は」,T-this feeling...,,
ID00030,00012450,33,「ハグムグブクブク…」,Hugmugbukbuk...,,
ID00030,00012aed,51,「ぷはぁっ！　大丈夫！？　先生！」,Phew! Are you okay!? Teacher!,,
ID00030,00012b9c,33,「ぷあっ！　大丈夫ぅ」,Puhah! I'm fine.,,
ID00030,00012beb,45,「ぶふぁあぁ、ビックリしたぁ。,"Bwahaha, you scared me.",,
ID00030,00012c27,63,　ごめんねぇ、変な方向に飛び出しちゃって」,"Sorry, I flew out in a weird direction.",,
ID00030,00012c94,27,「体が小さいから、,"It's because I'm so small,",,
ID00030,00012cbe,48,　チューブの中で振られたんだな。,that I got tossed around in the tube.,,
ID00030,00012cfd,51,　身長制限、ギリギリでしたもんね」,You were barely under the height limit.,,
ID00030,00012d5e,63,「そんなことないわよ！　余裕だったわよ！」,That's not true at all! You had plenty of room!,,
ID00030,00012dcb,18,「あははは」,ahaha,,
ID00030,00012e0b,30,「も～っ。…フフッ」,Tsk... Hehe.,,
ID00030,000132e8,51,こうして、プールで楽しく過ごした。,And we had fun in the pool like this.,,
ID00030,00013cea,42,「ふ～っ、楽しかったわねぇ。,"Huff, it was really fun.",,
ID00030,00013d23,51,　あっという間に日が暮れちゃった」,The day went by so fast.,,
ID00030,00014013,39,「仕事…忘れられました？」,Did you forget about work?,,
ID00030,000141af,48,「あ……うん、すっかり忘れてた。,"Ah... yeah, I totally forgot.",,
ID00030,000141ee,45,　夢中ではしゃいじゃったから」,I was just having too much fun.,,
ID00030,00014656,18,「よかった」,Good to hear.,,
ID00030,00014945,54,「エヘッ、このまま、まっすぐ帰るのも,"Hehe, going straight home would be",,
ID00030,0001498a,60,　つまんないし、どっか寄って帰ろっか？」,boring. Let's stop somewhere on the way back?,,
ID00030,00014dbe,45,「あ、じゃあ…行きたいところが,"Oh, then... where do you wanna go?",,
ID00030,00014dfa,27,　あるんですけど」,I want to ask.,,
ID00030,00014f71,12,「え？」,What?,,
ID00030,00016030,30,「海の丘公園かぁ…」,How about Seaside Park?,,
ID00030,000161aa,63,「フフッ、一日の最後にここへ来るなんて…。,"Heh heh, coming here at the end of the day...",,
ID00030,000161f8,36,　まるでデートみたいね」,"It's like a date, isn't it?",,
ID00030,000164d9,27,「イヤでしたか？」,Did you not like it?,,
ID00030,000166aa,57,「ううん、そんなことない。うれしい…」,"No, nothing like that. I'm happy...",,
ID00030,00016af2,45,「ちょっと…ドキドキしちゃう」,A little... my heart's racing.,,
ID00030,00016e09,44,「今日はありがとね…@str_000君。,Thanks for today... @str_000.,,
ID00030,00016e44,30,　すごく楽しかった」,It was really fun.,,
ID00030,00016fcb,45,「俺も…すごく楽しかったです」,Me too... It was really fun.,,
ID00030,000171a0,18,「その…ね」,Well...,,
ID00030,00017584,57,「今日…学校用じゃない水着姿をいっぱい,I got you to record a lot of swimsuits today...,,
ID00030,000175cc,42,　録ってもらったじゃない？」,"that weren't for school, right?",,
ID00030,000179fa,27,「どう…だった？」,How... did it go?,,
ID00030,00017b7e,21,「どうって…」,What's that...,,
ID00030,00017d24,27,「どう…録っても…,No matter how I try...,,
ID00030,00017d4e,45,　子供っぽかったんじゃない？」,weren't they kinda childish?,,
ID00030,0001801f,24,「そ、それは…」,S-sorry about that...,,
ID00030,000181ac,30,「フフッ、いいのよ。,"Hehe, sure thing.",,
ID00030,000181d9,45,　自分でよくわかってるから…。,I know exactly what I'm doing...,,
ID00030,00018215,39,　童顔だし…背も低いし…」,I look young and short.,,
ID00030,000188eb,39,「あ～あ、もっと大人っぽく,"Aww, act more grown-up",,
ID00030,00018921,33,　生まれたかったなぁ」,I wish I was born different.,,
ID00030,00018be6,45,「…そんなもったいないことを」,...I can't believe you'd say that.,,
ID00030,00018d88,15,「…え？」,...Huh?,,
ID00030,00018dc5,54,「心美先生は、今のままで…かわいい…,She's cute just the way she is... Teacher Shinmi...,,
ID00030,00018e0a,42,　いや、きれいだって…思う」,"No, I think she's beautiful too...",,
ID00030,00018e62,27,「ＰＴＡがなんだ！,What does PTA matter!,,
ID00030,00018e8c,42,　心美先生は、心美先生だろ！,Teacher Shinmi is still Teacher Shinmi!,,
ID00030,00018ec5,36,　もっと自信を持って！」,You need more confidence!,,
ID00030,0001905e,20,「@str_000君…」,@str_000-kun...,,
ID00030,000191ce,24,「ありがとう…。,Thanks...,,
ID00030,000191f5,51,　そうよね、自信持たなくっちゃね」,"Yeah, you really should.",,
ID00030,000194e5,45,「先生…ここへ連れてきたのは、,Teacher... I brought you here because,,
ID00030,00019521,48,　これがやりたかったからですよ」,this is what I wanted to do.,,
ID00030,00019736,30,「えっ、な、なに？」,Wh-what?,,
ID00030,00019909,27,「すーーーーーっ、,Suuuuuch a sssshock!,,
ID00030,00019933,45,　ＰＴＡのクソバカ野郎ーーっ！,PTA dumbasses!!,,
ID00030,0001996f,63,　お前らに心美先生のなにがわかるーーっ！」,What the hell do you know about Miss Shinmi!!,,
ID00030,00019b23,33,「ビ、ビックリしたぁ。,"W-Whoa, that was scary.",,
ID00030,00019b53,45,　急におっきな声だすんだもん」,You suddenly shouted so loud.,,
ID00030,00019d20,54,「心美先生もどう？　スッキリするよ」,"How about you, Miss Shinomi? You'll feel better.",,
ID00030,00019eb2,30,「そうね……よ～し」,Yeah... Okay then!,,
ID00030,0001a4fc,45,「ＰＴＡがなによーーーーーっ！,What's with the PTA?!?,,
ID00030,0001a538,39,　私は私よーーーーーっ！」,I'm meeeeee!!,,
ID00030,0001a58d,33,「そう！　その意気！」,That's right! That's the spirit!,,
ID00030,0001a606,60,「絶対に、見返しちゃうんだからーーっ！」,I swear I'll get back at them!!!,,
ID00030,0001ac72,60,「フフッ、ホントだ、スッキリしちゃった」,"Hehe, yeah, I feel much better now.",,
ID00030,0001b0a6,33,「気晴らしになった？」,Did it cheer you up?,,
ID00030,0001b23c,18,「とっても」,Really,,
ID00030,0001b3c3,50,「…本当にありがとうね、@str_000君。,"Thanks a lot, @str_000-kun.",,
ID00030,0001b404,60,　また明日から、がんばれそうな気がする」,I feel like I can do my best again.,,
ID00030,0001b70a,60,「応援してるから…俺。クラスのみんなも」,I'll be cheering for you...,,
ID00030,0001b8a2,33,「うん。絶対に…担任を,Yeah... I won't.,,
ID00030,0001b8d2,39,　外されたりしないからね」,I promise.,,
ID00030,0001c18d,33,「そろそろ、帰ろっか」,It's time to head home.,,
ID00030,0001c1dc,18,「…ですね」,...Right?,,
ID00030,0001c21c,54,こうして、心美先生と２人で過ごした。,We spent some time together with Miss Shimizu.,,
ID00031,00001a58,32,「おはよう…@str_000君」,Morning... @str_000.,,
ID00031,00001aa6,33,「あっ！　心美先生！」,Ah! Miss Shinmi!,,
ID00031,00001c3c,45,「昨日、どうしてこなかったの？,Why didn't you come yesterday?,,
ID00031,00001c78,45,　ずっと…待ってたんだからね」,I waited for you the whole time.,,
ID00031,00001e0e,33,「そ、それは…その…」,S-Sorry... I...,,
ID00031,00001e5d,48,「急な家庭の事情で…どうしても…,I had a family emergency...,,
ID00031,00001e9c,24,　行けなくて…」,I couldn't go...,,
ID00031,00002029,24,「家庭の事情？」,Family emergency?,,
ID00031,0000206f,45,「詳しくは言えないんですけど、,"I can't really go into details, but...",,
ID00031,000020ab,45,　ちょっとトラブルがあって…」,there's been a bit of a problem...,,
ID00031,0000224d,48,「えっ？　そ、そうだったんだ…」,Oh? I-I see...,,
ID00031,0000252d,57,「もう！　それならそうと連絡してよね」,Hey! Then you should've told me that.,,
ID00031,000026cf,36,「それが…焦ってたから、,"That's... I was in a rush, so",,
ID00031,00002702,51,　スマホを宿舎に忘れて出ちゃって。,left my phone at the dorm by mistake.,,
ID00031,00002744,39,　帰ったの夜遅かったし…」,It was late when I got back...,,
ID00031,000028e0,51,「そ、そっかぁ……大変だったのね」,Oh... That must've been tough.,,
ID00031,00002bf8,57,「はぁ…そういうことじゃ仕方ないわね。,Phew... I guess there's no help for it then.,,
ID00031,00002c40,39,　ごめんね、怒っちゃって」,Sorry about getting mad...,,
ID00031,00002f0b,57,「いえ、連絡できなかった俺が悪いし…」,It's my fault I couldn't reach you.,,
ID00031,000030b9,45,「もうトラブルは大丈夫なの？」,You're okay with dealing with more trouble?,,
ID00031,00003114,21,「大丈夫です」,I'm fine.,,
ID00031,0000329e,51,「よかった。じゃあ、都合がいい時に,Glad to hear it. So whenever works for you,,
ID00031,000032e0,21,　また誘って」,Invite me!,,
ID00031,00003599,36,「はい、すぐ誘います！」,"Yes, I'll invite you right away!",,
ID00031,00003719,39,「フフッ、待ってるからね」,"Heh, I'll be waiting.",,
ID00031,00003a25,27,「それじゃあね～」,See ya~,,
ID00031,00003d63,45,（ヤバかった…。なんとかウソで,That was close...,,
ID00031,00003d9f,42,　切り抜けたけど、こんなこと,"I got away with a lie, but still.",,
ID00031,00003dd8,27,　もう出来ないぞ）,You can't do that anymore.,,
ID00031,00003e21,45,（もう一度、心美先生の好感度を,I should invite her again after this.,,
ID00031,00003e5d,48,　最大限上げて、レコセッションが,to the max and invite her then.,,
ID00031,00003e9c,51,　終わった後に誘おう。それがいい）,That would be best.,,
ID00032,00001ac8,24,「来たわねぇ…」,You're finally here...,,
ID00032,00001b0e,33,「あっ！　心美先生！」,Ah! Miss Shinmi!,,
ID00032,00001ca4,54,「また来ないなんて…どういうつもり？,What gives?,,
ID00032,00001ce9,54,　何度約束を破ったら気がすむのよ！」,How many times do you stand me up?,,
ID00032,0000210a,51,「私、ずっと待ってたんだからね…」,I've been waiting for you this whole time...,,
ID00032,0000216b,27,「す、すみません！,S-Sorry!,,
ID00032,00002195,48,　また、家族の急なトラブルで…」,There was an unexpected family emergency...,,
ID00032,00002321,42,「ホ～～ン～～ト～～に～～」,Oh really~,,
ID00032,00002379,27,「ほ、本当です！」,R-Really!,,
ID00032,00002509,57,「目を見れば、ウソをついてるかどうか、,"If you look into someone's eyes,",,
ID00032,00002551,30,　わかるんだからぁ」,You can tell.,,
ID00032,00002813,12,「う…」,...,,
ID00032,00002994,36,「結菜さんに聞こうかぁ？,Should I ask Kanna?,,
ID00032,000029c7,51,　本当にトラブルがあったかどうか」,Whether there really was trouble or not.,,
ID00032,00002b63,48,（こ、ここで引いたらおしまいだ。,I-I can't back down now.,,
ID00032,00002ba2,42,　先生は生徒のプライベートに,Teachers don't meddle.,,
ID00032,00002bdb,30,　立ち入らないはず）,do they?,,
ID00032,00002c27,54,「い、いいですよ、聞いてみて下さい。,"Sure, go ahead and ask.",,
ID00032,00002c6c,42,　出来れば…そっとしておいて,I'd prefer it if you...,,
ID00032,00002ca5,30,　欲しいですけど…」,I'll leave it alone.,,
ID00032,00002e38,12,「え…」,Huh...?,,
ID00032,00002fa0,45,「あ…ごめんね、家庭のことに、,"Sorry, forgot.",,
ID00032,00002fdc,45,　不用意に立ち入っちゃって…」,I shouldn't have pried...,,
ID00032,00003429,48,「はぁ…ダメねぇ……先生失格よ」,Ugh... I'm such a failure...,,
ID00032,000036fd,33,「そ、そんなことは…。,That's not it...,,
ID00032,0000372d,45,　連絡できなかった俺が悪いし」,I'm the one who couldn't contact you.,,
ID00032,00003910,45,「ううん、いいの、私が悪いの。,"No, it's my fault...",,
ID00032,0000394c,39,　無神経に疑ったりして…」,for doubting you...,,
ID00032,00003dbf,30,「また今度誘うから、,I'll invite you again.,,
ID00032,00003dec,54,　プールへ一緒に行ってくれますか？」,will you go to the pool with me?,,
ID00032,00003e7f,30,「また今度誘うから、,I'll invite you again.,,
ID00032,00003eac,54,　遊園地へ一緒に行ってくれますか？」,How about going to the amusement park together?,,
ID00032,00004086,47,「もちろんよ！　@str_000君の部活に,"Of course! @str_000's club activities,",,
ID00032,000040c4,30,　協力しなくっちゃ」,I have to.,,
ID00032,000044e9,51,「じゃあ、都合のいい時に誘ってね。,"Then, invite me when it's convenient for you.",,
ID00032,0000452b,27,　それじゃあね～」,See ya~,,
ID00032,00004adf,45,（ヤバい…ヤバすぎるだろ、俺。,Shit... This is way too much for me.,,
ID00032,00004b1b,48,　なんとかウソで切り抜けたけど、,"I managed to get out of it with a lie, but",,
ID00032,00004b5a,45,　こんなこと何度も出来ないぞ）,I can't keep doing this over and over again.,,
ID00032,00004bb5,45,（もう一度、心美先生の好感度を,I should invite her again after this.,,
ID00032,00004bf1,48,　最大限上げて、レコセッションが,to the max and invite her then.,,
ID00032,00004c30,51,　終わった後に誘おう。それがいい）,That would be best.,,
ID00034,00002fb3,42,（心美先生だ！　仕事を忘れて,It's Ms. Shinmi! Forget work!,,
ID00034,00002fec,36,　はしゃいでもらうぞ！）,have fun!,,
ID00034,000034be,42,（Ｅ動画部の課題の密着録画も,Got permission to film closely~,,
ID00034,000034f7,57,　許可してくれたし、今日は録るぞ～っ）,So I'm gonna record today~,,
ID00034,00003b7f,42,（ちょっと早く来すぎたか？）,Did I come a bit too early?,,
ID00034,00003c24,30,「あ！　心美先生！」,Hey! It's Ms. Shinmi!,,
ID00034,00003e12,23,「あ、@str_000君」,"Ah, @str_000-kun.",,
ID00034,00004295,57,「遅刻せずに来るなんて、偉いじゃない」,You came on time? That's pretty good.,,
ID00034,00004437,45,「っていうか、待ち合わせまで、,"By the way, we still have like",,
ID00034,00004473,42,　まだ１５分はありますよ？」,15 minutes until our meet-up.,,
ID00034,000045f9,63,「エヘヘ、万一にも遅刻したくなかったから、,"Hehe, I didn't want to be late even a bit.",,
ID00034,00004647,39,　すっごく早く出ちゃった」,I left super early.,,
ID00034,00004d04,60,「先生が遅刻するわけにいかないでしょ？」,"Ms. Shinmi can't be late, right?",,
ID00034,00004ea9,24,「真面目だなぁ」,You're serious.,,
ID00034,0000501d,45,「当たり前よ、先生なんだから」,"Of course not, she's the teacher.",,
ID00034,00005307,33,（心美先生の私服姿…）,Ms. Shinmi in civilian clothes...,,
ID00034,0000540b,30,（かわいい服だなぁ。,Cute outfit.,,
ID00034,00005438,57,　子供っぽい気もするけど、言えないな）,"It's a bit childish, but I can't say that...",,
ID00034,000055e6,39,「じゃ、さっそく行こっか」,"Well then, let's get going.",,
ID00034,000056b7,30,「そ、そうですね！」,Y-Yeah!,,
ID00034,0000584a,48,「どうしたの？　そんなに慌てて。,What's wrong? You're in such a hurry.,,
ID00034,00005889,27,　顔も赤いけど…」,Your face is red too...,,
ID00034,00005b48,51,「な、なんでもない、なんでもない。,"N-No, nothing at all.",,
ID00034,00005b8a,39,　じゃあ、行きましょうか」,Shall we go then?,,
ID00034,00005d0d,27,「フフッ、そうね。,"Heh, that's right.",,
ID00034,00005d37,60,　せっかくの時間が、もったいないものね」,What a waste of such precious time.,,
ID00034,00006630,60,「うわぁ～、電車の窓から見える景色って、,"Wow, the scenery seen from the train window...",,
ID00034,0000667b,39,　つい眺めちゃうのよねぇ」,is so captivating.,,
ID00034,000066d0,51,（こうして並んでると、兄妹みたい…,(We look like siblings standing side by side...),,
ID00034,00006712,30,　とは、言えないな）,(But I can't say that.),,
ID00034,0000675e,24,「ルンルン～♪」,*Bouncing happily*,,
ID00034,00006cc3,42,「着いた、着いた。先生って、,We're here. Teacher is...,,
ID00034,00006cfc,48,　ここに来たの、いつ以来です？」,It's been so long since I've come here.,,
ID00034,00006f03,27,「初等部…以来よ」,Since elementary school...,,
ID00034,000070d6,39,「へ～っ、じゃあ、ずいぶん,"Wow, it must have been",,
ID00034,0000710c,36,　久しぶりなんですね～」,a really long time ago.,,
ID00034,000072b9,21,「そうよぉ…」,That's right...,,
ID00034,000072fc,60,「あはははは、じゃあ、その時と同じ扱い？,"Hahaha, so you'll treat me the same way?",,
ID00034,00007347,18,　あははは」,Ahahahaha!,,
ID00034,00007527,36,「も～っ、笑いすぎよ！」,"Oh my, you're laughing too much!",,
ID00034,0000780d,51,「チケット売り場のおじさんってば、,The guy at the ticket booth is...,,
ID00034,0000784f,51,　私を小学生と勘違いするなんて…」,You actually thought I was a kid...,,
ID00034,00007c83,36,「“子供料金は半額だよ”,"""Kids get half price.""",,
ID00034,00007cb6,33,　じゃないわよおぉ！」,"Not a kid, you moron!",,
ID00034,00007fdb,57,「あははは、俺、お兄ちゃん扱いですよ」,"Ahahahaha, I'm being treated like an older brother.",,
ID00034,00008170,15,「う～っ」,~,,
ID00034,000081ad,33,「そのシャツのクマが、,That bear on your shirt is...,,
ID00034,000081dd,42,　ダメなんじゃないですか？」,"kinda off-putting, don't you think?",,
ID00034,000083a0,57,「え～っ、なんでよぉ？　プリベアよぉ？,"Ehh, why not? It's a bear shirt!",,
ID00034,000083e8,51,　女子高生だって着てるじゃない！」,"Even high school girls wear them, right?",,
ID00034,00008813,45,「そうだけど、心美先生が着ると,"When Miss Shinomi wears it,",,
ID00034,0000884f,36,　子供っぽいと言うか…」,It just seems kinda childish...,,
ID00034,000089cf,36,「う～っ、大人なのにぃ」,"""Ugh, you're such a kid...""",,
ID00034,00008b5c,60,「それだけ遊園地が似合うってことですよ。,You look great at parks.,,
ID00034,00008ba7,45,　ほら、さっそく乗りませんか？,"""Come on, let's ride something.""",,
ID00034,00008be3,36,　なにからがいいです？」,"""What do you want to start with?""",,
ID00034,00008d98,57,「それはもちろん、メリーゴーランド！」,"""Of course it's the merry-go-round!""",,
ID00034,00009068,54,「…じゃなくて、ジェットコースター」,"...Actually, I meant the roller coaster.",,
ID00034,00009207,60,「メリーゴーランドでいいじゃないですか」,Why not? The merry-go-round's fine.,,
ID00034,000093b8,57,「だって、白馬に乗ってはしゃぐなんて、,Who doesn't love that?,,
ID00034,00009400,27,　子供っぽいもん」,It's kind of childish.,,
ID00034,000096d8,39,「気にすることないのに…」,I shouldn't care...,,
ID00034,0000985b,18,「いいの！」,That's fine!,,
ID00034,000099fe,48,「それに、ジェットコースターは、,"Besides, it’s the star ride.",,
ID00034,00009a3d,60,　遊園地の花形よ。さっそく乗りましょ！」,Let's get on it right away!,,
ID00034,0000a33b,54,「うわぁ～、高い、高ぁい。怖ぁ～い」,"Oh my god, so high... So scary.",,
ID00034,0000a39f,60,「この夏出来たばかりの、新型ですからね。,It's a brand new model this summer.,,
ID00034,0000a3ea,60,　ひねって回転して、すごいらしいですよ」,"They say it twists and spins around, really amazing!",,
ID00034,0000a454,54,「うぅ～、怖いけど、ワクワクするぅ」,Ugh~ It's scary but exciting too...,,
ID00034,0000a51a,54,「頂上にきたあぁぁ！　落ちるうぅぅ」,We're at the top now! I'm gonna falllll!!,,
ID00034,0000a5e0,33,「きゃーーーーーっ！」,Kyaaaaa!!!,,
ID00034,0000a62f,33,「うおおおおおおお！」,Whoa!,,
ID00034,0000a6e0,33,「いやああああああ！」,Nooooooo!!!,,
ID00034,0000a72f,36,「ひーーーーーーーっ！」,Ahhh!,,
ID00034,0000ad6f,45,「ふ～っ、すごかったですねぇ」,"Phew~, that was amazing.",,
ID00034,0000af11,63,「ホントよぉ。まだ心臓がバクバクいってる」,"Really, my heart's still racing.",,
ID00034,0000b32f,60,「じゃあ、休憩がてら、メリーゴーランドに,How about we take a break and go?,,
ID00034,0000b37a,24,　乗りますか？」,Sound good?,,
ID00034,0000b4ee,36,「え？　…子供っぽいから,Huh? I said it's childish though,,
ID00034,0000b521,36,　いいって言ってるのに」,so don't do it.,,
ID00034,0000b81e,60,「乗りたいのに乗るのが一番ですよ。ほら」,"If you want to ride, just go for it.",,
ID00034,0000b9cf,15,「う～っ」,~,,
ID00034,0000ba0c,54,「がまんしてちゃ、心から楽しめないと,You can't enjoy yourself if you hold back.,,
ID00034,0000ba51,21,　思うけど…」,But I think...,,
ID00034,0000bbdb,15,「むむ…」,Hmmph...,,
ID00034,0000bc18,21,「心美先生…」,Miss Shinomiya...,,
ID00034,0000bd89,48,「…そうね、あなたの言う通りね。,"Yeah, you're right.",,
ID00034,0000bdc8,36,　心から楽しめないのは、,"If you can't enjoy yourself,",,
ID00034,0000bdfb,33,　もったいないわよね」,"That's a waste, isn't it?",,
ID00034,0000c385,54,「うん！　メリーゴーランドに乗るっ。,Yeah! Let's ride the merry-go-round.,,
ID00034,0000c3ca,60,　一緒にメルヘンの世界へ、レッツゴー！」,Let's go to a magical world together!,,
ID00034,0000c817,33,「そう来なくっちゃ！」,"That's right, we gotta do it!",,
ID00034,0000ccf8,39,「フフッ、たっのしい～っ」,"Hehe, so much fun~",,
ID00034,0000cd4d,57,メリーゴーランドではしゃぐ心美先生は、,"Sensei was having a blast on the merry-go-round,",,
ID00034,0000cd95,33,正直、子供っぽかった。,She seemed childish.,,
ID00034,0000cdc5,45,どう見ても年下にしか見えない。,She looked way younger than her actual age.,,
ID00034,0000ce20,72,若く見えるって、普通はうらやましがられることだと,People envy those who look young...,,
ID00034,0000ce77,72,思うけど、先生としては…頼りなく見える人もいる。,...there are also people who see you as unreliable.,,
ID00034,0000cece,18,難しいよな。,That's tough.,,
ID00034,0000d9e5,36,「ふあ～、楽しかったぁ。,"Phew~, that was so much fun.",,
ID00034,0000da18,45,　１日、満喫しちゃったわねぇ」,I had such a great time today.,,
ID00034,0000dd02,18,「ですね～」,indeed.,,
ID00034,0000deec,39,「あと乗ってないのは…と」,And the one I didn't ride...,,
ID00034,0000e199,48,「それなら、絶対体験しておきたい,There's one more ride I wanna do.,,
ID00034,0000e1d8,48,　アトラクションが残ってますよ」,It's still left.,,
ID00034,0000e364,12,「え？」,What?,,
ID00034,0000e39e,36,「『地獄のゾンビ病棟』」,'Hell's Zombie Ward',,
ID00034,0000e537,36,「ええっ！？　それって、,"Oh, really!? You mean the...",,
ID00034,0000e56a,60,　ホラーハウスでしょ？　いやぁよぉお！」,"Haunted house, right? No way!",,
ID00034,0000e9b7,48,「あれ？　先生は大人なんだから、,"Huh? Aren't you an adult, so...",,
ID00034,0000e9f6,63,　ホラーハウスなんて、怖くないですよね？」,"You shouldn't be scared of a haunted house, right?",,
ID00034,0000ebdf,12,「う…」,...,,
ID00034,0000ef12,60,「いじわるぅ…私が怖がりなの知っててぇ」,Meanie... You know I'm a scaredy-cat.,,
ID00034,0000f26e,30,「ほら、行きますよ」,"See, let's go.",,
ID00034,0000f417,45,「そ、そうよ。大人なんだから、,"Y-Yeah, you're an adult, so",,
ID00034,0000f453,54,　ホラーハウスなんて、怖くないわよ」,Haunted houses shouldn't scare me.,,
ID00034,0000fb8f,54,「じゃ、行きましょうか。ほら、早く」,"Shall we? Come on, hurry up.",,
ID00034,0000fdcb,18,「あうぅぅ」,Ow...,,
ID00034,00010752,48,「こ、怖ぁいぃぃ、なにぃここぉ」,"S-Scaaaaryyy, what is this place?",,
ID00034,000108de,48,「なにって、ホラーハウスですよ」,What do you mean? It's a haunted house.,,
ID00034,00010a6a,33,「こんな本格的なのぉ？,This is so realistic...,,
ID00034,00010a9a,42,　無理無理、歩けないってぇ」,"I can't do it, I can't walk...",,
ID00034,00010cc9,51,「大丈夫ですよ、俺がついてるから」,"It's okay, I'm right here with you.",,
ID00034,00010e9e,39,「うぅぅ…そうだけどぉ…」,"Uuuu... Yeah, but...",,
ID00034,0001102e,39,「ウオォオォォォォォン…」,Woooooaaaaaah...,,
ID00034,00011224,39,「な、なに！？　今の声！」,W-What!? That voice just now!,,
ID00034,000113b4,51,「なにって、ゾンビじゃないですか？,What? Isn't that a zombie?,,
ID00034,000113f6,57,　奥をうろついてるんだと思いますけど」,I think it was wandering around back there.,,
ID00034,000115a4,36,「奥をぉ？　そんなぁ…」,Back there? Really...?,,
ID00034,00011731,36,「グオオオオオオォォ…」,Gwoooooo...,,
ID00034,000118ca,39,「こ、声が大きくなった！」,Y-Your voice got louder!,,
ID00034,0001191f,45,「こっちに来てるみたいですね」,It seems to be coming this way.,,
ID00034,0001197a,33,「ウガァアァアァァ…」,Ughhhhhh...,,
ID00034,00011b10,33,「あうぅ、ますます…」,"Auuu, it's getting worse...",,
ID00034,00011dd5,27,「先生、後ろに！」,"Teacher, behind you!",,
ID00034,00011f65,21,「ええっ！？」,What!??,,
ID00034,0001205b,18,「はうぅ…」,Haa...,,
ID00034,000122f2,30,「はわわ…はわわ…」,Haaah... Haaah...,,
ID00034,0001233e,30,「じょ、冗談ですよ！,J-J-Just kidding!,,
ID00034,0001236b,39,　まだ来てないですって！」,"I mean, they haven't arrived yet!",,
ID00034,000124ee,24,「そうなのぉ？」,Really?,,
ID00034,00012697,39,「あう～っ、いじわるぅぅ」,"Aaah, you're so mean.",,
ID00034,000129af,48,「無理無理、こんなの行けないぃ。,"No way, I can't do this...",,
ID00034,000129ee,36,　怖いぃ…泣いちゃうぅ」,It's scary... I'm gonna cry.,,
ID00034,00012e33,42,（まずい、怖がらせ過ぎた…）,"(Oh no, I scared her too much...)",,
ID00034,00012e8b,45,「先生、俺の背中に負ぶさって！,"Teacher, carry me on your back!",,
ID00034,00012ec7,39,　一気に駆け抜けますよ！」,I'll run through it in one go!,,
ID00034,0001304a,48,「本当ぉ？　そうしてくれるぅ？」,Really? You'll do that for me?,,
ID00034,000131e3,21,「さ、背中に」,"C'mon, get on my back",,
ID00034,00013397,15,「…うん」,...Yeah,,
ID00034,0001374d,12,「よっ」,Yo.,,
ID00034,00013787,36,「あ……おっきな背中…」,Oh... such a big back...,,
ID00034,000137d9,33,「軽っ！　まるで真奈の,So light! Just like Mana's,,
ID00034,00013809,36,　子供のころのような…」,Just like when I was a kid...,,
ID00034,0001385b,36,「それを言っちゃダメぇ！,You can't say that!,,
ID00034,0001388e,60,　ほら、出発！　出発ぅ！　レッツゴォ！」,"Come on, let's go! Let's go! Let's gooo!",,
ID00034,000138f8,18,「よ～し！」,Alright!,,
ID00034,00013978,39,ダダダダダダダダダダダダ…,Dada dada dada dada dada dada dada...,,
ID00034,000139cd,57,「あはっ、怖いの怖いの飛んでけ～っ！」,"Aha, fly away if you're scared~!",,
ID00034,000140f4,33,「ふ～っ、怖かったぁ」,"Pfff, that was scary",,
ID00034,0001427e,42,「思ったよりリアルでしたね」,It felt more real than I thought,,
ID00034,00014477,60,「ホントよぉ、あんなとこに連れ込んでぇ」,"Really, to take me there.",,
ID00034,0001461c,21,「すみません」,Sorry about that.,,
ID00034,000147c2,60,「けど、おんぶしてくれたし、帳消しかな。,But you carried me back.,,
ID00034,0001480d,27,　楽しかったわよ」,I had a lot of fun.,,
ID00034,00014d4e,45,「もう…二度と行かないけどね」,I won't go there again.,,
ID00034,00014ee4,18,「はははは」,Hahaha,,
ID00034,00015087,36,「じゃあ…日も暮れたし、,"Well...it's getting late,",,
ID00034,000150ba,60,　次で最後のアトラクションにしよっかな」,let's do the last attraction then.,,
ID00034,00015516,45,「一緒に、観覧車に乗りましょ」,Let's ride the Ferris wheel together.,,
ID00034,00015921,42,「うわぁ～、夜景がきれい～」,"Wow, the night view is beautiful.",,
ID00034,00015ab4,18,「ですね～」,indeed.,,
ID00034,00015c40,42,「キラキラして…夢みたい…」,It's sparkling... like a dream...,,
ID00034,00015ffc,47,「今日は…ありがとね…@str_000君。,Thanks for today... @str_000.,,
ID00034,0001603a,30,　すごく楽しかった」,It was really fun.,,
ID00034,000162fc,21,「俺もですよ」,I feel the same way.,,
ID00034,000165d5,18,「その…ね」,Well...,,
ID00034,0001687e,60,「今日一日……あなたとはしゃぎ回って…」,We had so much fun together...,,
ID00034,00016b51,51,「ウキウキして……ドキドキして……,So happy... so excited...,,
ID00034,00016b93,30,　ワクワクして……」,Can't stop smiling...,,
ID00034,00016f83,60,「とっても……とっても楽しかったけど…」,"It was really, really fun...",,
ID00034,00017256,54,「どうしたって…子供っぽいよね、私」,"But I guess I'm still childish, huh?",,
ID00034,00017530,18,「それは…」,It's...,,
ID00034,0001769e,27,「フフッ、いいの、,"Hehe, it's fine.",,
ID00034,000176c8,45,　自分でよくわかってるから…。,I know exactly what I'm doing...,,
ID00034,00017704,39,　童顔だし…背も低いし…」,I look young... and short...,,
ID00034,00017da8,39,「あ～あ、もっと大人っぽく,"Aww, act more grown-up",,
ID00034,00017dde,33,　生まれたかったなぁ」,I wish I was born different.,,
ID00034,000180a3,33,「それは…違いますよ」,That's not true at all!,,
ID00034,00018220,15,「…え？」,...Huh?,,
ID00034,0001825d,54,「心美先生は、今のままで…かわいい…,She's cute just the way she is... Teacher Shinmi...,,
ID00034,000182a2,42,　いや、きれいだって…思う」,"No, I think she's beautiful too...",,
ID00034,000182fa,27,「ＰＴＡがなんだ！,What's PTA!,,
ID00034,00018324,45,　心美先生は、心美先生ですよ！,"You're you, Miss Shinmi!",,
ID00034,00018360,36,　もっと自信を持って！」,Believe in yourself more!,,
ID00034,000184e0,20,「@str_000君…」,@str_000-kun...,,
ID00034,00018650,24,「ありがとう…。,Thanks...,,
ID00034,00018677,54,　そうよね、自信…持たなくっちゃね」,"Yeah, I need to have more confidence...",,
ID00034,00018bba,60,「うれしい……きれいって…言ってくれて」,I'm so happy... You called me pretty...,,
ID00034,00018e9a,36,「外に向かって叫ぼう！」,Let's shout it out loud!,,
ID00034,0001901a,12,「え？」,What?,,
ID00034,00019617,27,「すーーーーーっ、,Suuuuuch a sssshock!,,
ID00034,00019641,45,　ＰＴＡのクソバカ野郎ーーっ！,PTA dumbasses!!,,
ID00034,0001967d,63,　お前らに心美先生のなにがわかるーーっ！」,What the hell do you know about Miss Shinmi!!,,
ID00034,000196ea,30,「ほら、心美先生も」,"Even you, Shinmi-sensei.",,
ID00034,00019736,30,「そうね……よ～し」,Yeah... Okay then!,,
ID00034,000197ac,45,「ＰＴＡがなによーーーーーっ！,What's with the PTA?!?,,
ID00034,000197e8,39,　私は私よーーーーーっ！」,I'm meeeeee!!,,
ID00034,0001983d,33,「そう！　その意気！」,That's right! That's the spirit!,,
ID00034,000198b6,60,「絶対に、見返しちゃうんだからーーっ！」,I swear I'll get back at them!!!,,
ID00034,00019cda,60,「フフッ、ホントだ、スッキリしちゃった」,"Hehe, yeah, I feel much better now.",,
ID00034,0001a0f5,33,「気晴らしになった？」,Did it cheer you up?,,
ID00034,0001a272,18,「とっても」,Really,,
ID00034,0001a3e0,50,「…本当にありがとうね、@str_000君。,"Thanks a lot, @str_000-kun.",,
ID00034,0001a421,60,　また明日から、がんばれそうな気がする」,I feel like I can do my best again.,,
ID00034,0001a701,60,「応援してるから…俺。クラスのみんなも」,I'll be cheering for you...,,
ID00034,0001a899,33,「うん。絶対に…担任を,Yeah... I won't.,,
ID00034,0001a8c9,39,　外されたりしないからね」,I promise.,,
ID00034,0001b292,54,こうして、心美先生と２人で過ごした。,We spent some time together with Miss Shimizu.,,
ID00035,00001a58,32,「おはよう…@str_000君」,Morning... @str_000.,,
ID00035,00001aa6,33,「あっ！　心美先生！」,Ah! Miss Shinmi!,,
ID00035,00001c3c,45,「昨日、どうしてこなかったの？,Why didn't you come yesterday?,,
ID00035,00001c78,45,　ずっと…待ってたんだからね」,I waited for you the whole time.,,
ID00035,00001e0e,33,「そ、それは…その…」,S-Sorry... I...,,
ID00035,00001e5d,48,「急な家庭の事情で…どうしても…,I had a family emergency...,,
ID00035,00001e9c,24,　行けなくて…」,I couldn't go...,,
ID00035,00002029,24,「家庭の事情？」,Family emergency?,,
ID00035,0000206f,45,「詳しくは言えないんですけど、,"I can't really go into details, but...",,
ID00035,000020ab,45,　ちょっとトラブルがあって…」,there's been a bit of a problem...,,
ID00035,0000224d,48,「えっ？　そ、そうだったんだ…」,Oh? I-I see...,,
ID00035,0000252d,57,「もう！　それならそうと連絡してよね」,Hey! Then you should've told me that.,,
ID00035,000026cf,36,「それが…焦ってたから、,"That's... I was in a rush, so",,
ID00035,00002702,51,　スマホを宿舎に忘れて出ちゃって。,left my phone at the dorm by mistake.,,
ID00035,00002744,39,　帰ったの夜遅かったし…」,It was late when I got back...,,
ID00035,000028e0,51,「そ、そっかぁ……大変だったのね」,Oh... That must've been tough.,,
ID00035,00002bf8,57,「はぁ…そういうことじゃ仕方ないわね。,Phew... I guess there's no help for it then.,,
ID00035,00002c40,39,　ごめんね、怒っちゃって」,Sorry about getting mad...,,
ID00035,00002f0b,57,「いえ、連絡できなかった俺が悪いし…」,It's my fault I couldn't reach you.,,
ID00035,000030b9,45,「もうトラブルは大丈夫なの？」,You're okay with dealing with more trouble?,,
ID00035,00003114,21,「大丈夫です」,I'm fine.,,
ID00035,0000329e,51,「よかった。じゃあ、都合がいい時に,Glad to hear it. So whenever works for you,,
ID00035,000032e0,21,　また誘って」,Invite me!,,
ID00035,00003599,36,「はい、すぐ誘います！」,"Yes, I'll invite you right away!",,
ID00035,00003719,39,「フフッ、待ってるからね」,"Heh, I'll be waiting.",,
ID00035,00003a25,27,「それじゃあね～」,See ya~,,
ID00035,00003d63,45,（ヤバかった…。なんとかウソで,That was close...,,
ID00035,00003d9f,42,　切り抜けたけど、こんなこと,"I got away with a lie, but still.",,
ID00035,00003dd8,27,　もう出来ないぞ）,You can't do that anymore.,,
ID00035,00003e21,45,（もう一度、心美先生の好感度を,I should invite her again after this.,,
ID00035,00003e5d,48,　最大限上げて、レコセッションが,to the max and invite her then.,,
ID00035,00003e9c,51,　終わった後に誘おう。それがいい）,That would be best.,,
ID00036,00001ac8,24,「来たわねぇ…」,You're finally here...,,
ID00036,00001b0e,33,「あっ！　心美先生！」,Ah! Miss Shinmi!,,
ID00036,00001ca4,54,「また来ないなんて…どういうつもり？,What's your deal?,,
ID00036,00001ce9,54,　何度約束を破ったら気がすむのよ！」,How many times do you stand me up?,,
ID00036,0000210a,51,「私、ずっと待ってたんだからね…」,I've been waiting for you this whole time...,,
ID00036,0000216b,27,「す、すみません！,S-Sorry!,,
ID00036,00002195,48,　また、家族の急なトラブルで…」,There was an unexpected family emergency...,,
ID00036,00002321,42,「ホ～～ン～～ト～～に～～」,Oh really~,,
ID00036,00002379,27,「ほ、本当です！」,R-Really!,,
ID00036,00002509,57,「目を見れば、ウソをついてるかどうか、,"If you look into someone's eyes,",,
ID00036,00002551,30,　わかるんだからぁ」,You can tell.,,
ID00036,00002813,12,「う…」,...,,
ID00036,00002994,36,「結菜さんに聞こうかぁ？,Should I ask Kanna?,,
ID00036,000029c7,51,　本当にトラブルがあったかどうか」,Whether there really was trouble or not.,,
ID00036,00002b63,48,（こ、ここで引いたらおしまいだ。,I-I can't back down now.,,
ID00036,00002ba2,42,　先生は生徒のプライベートに,"Teachers don't meddle in private lives,",,
ID00036,00002bdb,30,　立ち入らないはず）,do they?,,
ID00036,00002c27,54,「い、いいですよ、聞いてみて下さい。,"Sure, go ahead and ask.",,
ID00036,00002c6c,42,　出来れば…そっとしておいて,I'd prefer it if you...,,
ID00036,00002ca5,30,　欲しいですけど…」,I wanted to ask...,,
ID00036,00002e38,12,「え…」,Huh...?,,
ID00036,00002fa0,45,「あ…ごめんね、家庭のことに、,Sorry for talking about family.,,
ID00036,00002fdc,45,　不用意に立ち入っちゃって…」,I shouldn't have pried...,,
ID00036,00003429,48,「はぁ…ダメねぇ……先生失格よ」,Ugh... I'm such a failure...,,
ID00036,000036fd,33,「そ、そんなことは…。,That's not it...,,
ID00036,0000372d,45,　連絡できなかった俺が悪いし」,I'm the one who couldn't contact you.,,
ID00036,00003910,45,「ううん、いいの、私が悪いの。,"No, it's my fault...",,
ID00036,0000394c,39,　無神経に疑ったりして…」,for doubting you...,,
ID00036,00003dbf,30,「また今度誘うから、,I'll invite you again.,,
ID00036,00003dec,54,　プールへ一緒に行ってくれますか？」,will you go to the pool with me?,,
ID00036,00003e7f,30,「また今度誘うから、,I'll invite you again.,,
ID00036,00003eac,54,　遊園地へ一緒に行ってくれますか？」,How about going to the amusement park together?,,
ID00036,00004086,47,「もちろんよ！　@str_000君の部活に,"Of course! @str_000's club activities,",,
ID00036,000040c4,30,　協力しなくっちゃ」,I have to.,,
ID00036,000044e9,51,「じゃあ、都合のいい時に誘ってね。,"Then, invite me when it's convenient for you.",,
ID00036,0000452b,27,　それじゃあね～」,See ya~,,
ID00036,00004adf,45,（ヤバい…ヤバすぎるだろ、俺。,Shit... This is way too much for me.,,
ID00036,00004b1b,48,　なんとかウソで切り抜けたけど、,"I managed to get out of it with a lie, but",,
ID00036,00004b5a,45,　こんなこと何度も出来ないぞ）,I can't keep doing this over and over again.,,
ID00036,00004bb5,45,（もう一度、心美先生の好感度を,I should invite her again after this.,,
ID00036,00004bf1,48,　最大限上げて、レコセッションが,to the max and invite her then.,,
ID00036,00004c30,51,　終わった後に誘おう。それがいい）,That would be best.,,
ID00037,00005a58,21,（心美先生だ！,It's Sensei!,,
ID00037,00005a7c,39,　俺は、先生に見せるために,I'm always working hard,,
ID00037,00005ab2,39,　この夏がんばったんだ！）,I did my best this summer!,,
ID00037,00005dd5,48,抜けるような青空。心地よい潮風。,A bright blue sky. A pleasant breeze.,,
ID00037,00005e14,33,学園への足取りが軽い。,My steps toward school are light.,,
ID00037,00005e63,54,いつも一生懸命がんばってる心美先生。,to show her.,,
ID00037,00005ea8,27,その姿を伝えたい。,To tell her that.,,
ID00037,00005ed2,42,先生にも、学園のみんなにも。,Sensei and everyone at school.,,
ID00037,00005f2a,42,俺は…心に今日のことを刻む。,I'll... carve today into my heart.,,
ID00037,00005f63,42,人生という一度きりの動画の、,"This is our one shot at life,",,
ID00037,00005f9c,51,掛け替えのないレコチャンスなんだ！,our irreplaceable recording chance!,,
ID00037,000064da,36,（開場まであと１時間か。,(An hour until opening.),,
ID00037,0000650d,45,　どこも追い込みで大忙しだな。,"Everyone's in crunch mode, working overtime.",,
ID00037,00006549,36,　俺も部室へ急がないと）,Gotta hurry to the clubroom.,,
ID00037,000066dd,23,「あ、@str_000君」,"Ah, @str_000-kun.",,
ID00037,00006722,18,「心美先生」,Miss Shinomiya,,
ID00037,00006b0c,45,「Ｃムービー部展の準備はどう？,How's the C-Movie Club exhibit coming?,,
ID00037,00006b48,21,　バッチリ？」,All set?,,
ID00037,00006cc6,18,「もちろん。,Of course.,,
ID00037,00006ce7,54,　あとは、最終チェックするだけです」,It's just a final check now.,,
ID00037,00006e79,53,「そっかぁ。@str_000君が、どんな動画を,I see. I'm excited to see.,,
ID00037,00006ebd,36,　展示するのか、楽しみ」,@str_000 will be showing.,,
ID00037,0000719e,45,「何時ぐらいに見に来ますか？」,When will you come to see them?,,
ID00037,0000735c,42,「ん～と…すぐ行きたいところ,Hmm... I really want to go right away...,,
ID00037,00007395,27,　なんだけどぉ…」,but...,,
ID00037,0000779b,39,「いろいろ用事があるから、,"I've got a lot of stuff to do, so",,
ID00037,000077d1,30,　お昼前ぐらいかな」,"around lunchtime, I guess.",,
ID00037,00007958,48,「わかりました。待ってますから」,Got it. I'll be waiting then.,,
ID00037,00007b27,36,「うん、それじゃあね～」,"Yeah, see you later~",,
ID00037,0000972b,39,（誰もいない…俺だけだ…）,No one's here... It's just me...,,
ID00037,00009780,54,（御前さんと藍田さん、仲いいからな。,"You two are pretty close, aren't you?",,
ID00037,000097c5,51,　２人揃って展示をボイコットして、,They probably both skipped the exhibit,,
ID00037,00009807,51,　どこかへ行ってしまったんだろう）,and went off somewhere together.,,
ID00037,00009868,51,（…仕方ない。俺はそれだけのことを,(...can't help it. I've done this much.),,
ID00037,000098aa,60,　してしまったんだ。１人でやるしかない）,I have to do it alone now.,,
ID00037,0000ad09,42,こうして、光海祭は開幕した。,"And so, the Mitsumi Festival has begun.",,
ID00037,0000ad61,54,俺が原因で、部員が仲違いしてしまった,"Because of me, the club members are at odds.",,
ID00037,0000ada6,57,Ｃムービー部展だけど、客からは好評だ。,The C-Movie Club exhibit is getting good reviews.,,
ID00037,0000adee,45,男女問わず、喜んでもらえてる。,Both guys and girls seem happy.,,
ID00037,0000ae49,42,俺の動画で男子は盛り上がり、,"The boys are hyped up by my video,",,
ID00037,0000ae82,48,女子も照れながらも観てくれてる。,even the girls are watching them while blushing.,,
ID00037,0000aee0,66,もちろん、中には否定的な反応をする人もいる。,"Of course, there are those who react negatively too.",,
ID00037,0000af31,33,…けど、わかったんだ。,But I get it now.,,
ID00037,0000af80,63,良くも悪くも、自分の動画に評価が下ることが,"Whether good or bad, having my videos rated is",,
ID00037,0000afce,24,大事なんだって。,important.,,
ID00037,0000aff5,48,人目に触れなきゃダメなんだって。,It's gotta get seen by people.,,
ID00037,0000b342,42,もっと…いい動画が録りたい。,I want to record better videos.,,
ID00037,0000c2e3,29,「おはよ、@str_000君」,"Good morning, @str_000-kun.",,
ID00037,0000c32e,54,「あ、御前さん。おはようございます」,"Hey, Misaki-senpai. Good morning.",,
ID00037,0000c4d9,36,「見たよ、あなたの動画。,I saw your video.,,
ID00037,0000c50c,33,　すごくいいじゃない」,It was really good.,,
ID00037,0000c7d1,30,「ホントですか！？」,Really?!,,
ID00037,0000c94b,45,「ええ、被写体の魅力いっぱいの,"Yeah, it's full of the subject's charm.",,
ID00037,0000c987,24,　素敵な動画よ。,It's a wonderful video.,,
ID00037,0000c9ae,45,　あなたにしか録れないと思う」,I think only you could've recorded it.,,
ID00037,0000cdd3,54,「…御前さんにそう言ってもらえると、,"...It means a lot to hear you say that,",,
ID00037,0000ce18,27,　うれしいですよ」,It feels good.,,
ID00037,0000cfd2,57,「うんうん、私も、あなたに録ってって、,"Mm-hmm, I also asked you to record it,",,
ID00037,0000d01a,39,　お願いした甲斐があるよ」,It was worth asking you.,,
ID00037,0000d445,39,「それなのに、隅っこの方で,Still in a corner...,,
ID00037,0000d47b,45,　展示しようとして…。バカね」,You're an idiot.,,
ID00037,0000d758,48,「あなたの動画、一番いいところに,I'll put your video where everyone can see it.,,
ID00037,0000d797,24,　移動したから」,I moved it.,,
ID00037,0000da53,39,「えっ？　いいんですか？」,Huh? You don't mind?,,
ID00037,0000dc0b,60,「一番いいものを、一番いいところに置く。,The best things go in the best places.,,
ID00037,0000dc56,15,　当然よ」,Of course.,,
ID00037,0000df5d,51,「けど、俺…アイドルプロジェクトを,"but, I... couldn't help with the idol project",,
ID00037,0000df9f,18,　途中で…」,was halfway...,,
ID00037,0000e126,51,「ライブステージを録るところまでは,"We got to record the live stage,",,
ID00037,0000e168,42,　やってくれたから、大丈夫」,so it should be fine.,,
ID00037,0000e442,57,「責任は果たしてくれたから、それで…」,"You did fulfill your duty, though...",,
ID00037,0000e72b,57,「心美先生を録ってってお願いしたのは、,I asked you to record Teacher Shinmi...,,
ID00037,0000e773,15,　私だし」,It's me.,,
ID00037,0000e8eb,21,「御前さん…」,Misaki-senpai...,,
ID00037,0000e9b4,33,「けど、俺…御前さんの,but I... Misaki-senpai's,,
ID00037,0000e9e4,60,　アイドルプロジェクトを手伝えなくて…」,idol project...,,
ID00037,0000eb95,42,「いいのよ。あなたの動画で、,It's fine. Your videos can get across,,
ID00037,0000ebce,60,　十分、光海学園の魅力は伝えられるから」,can definitely convey the appeal of Mitsumi Academy,,
ID00037,0000f149,60,「被写体を通して、校舎も、海も、すべてが,Captured everything.,,
ID00037,0000f194,24,　光り輝いてた」,Everything shone.,,
ID00037,0000f5c0,21,「御前さん…」,Misaki-senpai...,,
ID00037,0000f74a,57,「心美先生を録ってってお願いしたのは、,I asked you to record Teacher Shinmi...,,
ID00037,0000f792,18,　私だしね」,It's me.,,
ID00037,0000faa2,63,「これで、光海祭の一番人気はいただきね！」,"This way, we've got the top spot!",,
ID00037,0000ff61,48,「美由璃！　お茶の用意はいい？」,Miyuri! Are you ready with the tea?,,
ID00037,000106c9,36,「はい！　冷たい紅茶を、,Yes! Cold black tea!,,
ID00037,000106fc,42,　たっぷり用意してあります。,I've got it all set up.,,
ID00037,00010735,48,　マカロンもいっぱい焼きました」,I baked plenty of macarons too.,,
ID00037,00010d18,54,「３人で精一杯お客様をおもてなしよ。,We'll do our best to entertain them.,,
ID00037,00010d5d,48,　素敵な動画と、お茶とお菓子で、,"With a nice video, tea and sweets,",,
ID00037,00010d9c,54,　ゆっくりくつろいでもらいましょ！」,please take your time and relax!,,
ID00037,00011304,15,「はい！」,Okay!,,
ID00037,0001147c,15,「はい！」,Okay!,,
ID00037,00011946,42,こうして、光海祭は開幕した。,"And so, the Mitsumi Festival has begun.",,
ID00037,0001199e,75,Ｃムービー部展は、３年の御前さん、１年の藍田さん、,The C-Movie Club booth is run by third-year,,
ID00037,000119f8,72,２人のきれいどころのおもてなしのおかげで大盛況。,Their beauty drew a huge crowd.,,
ID00037,00011a4f,45,男女問わず、喜んでもらえてる。,Both guys and girls seem happy.,,
ID00037,00011aaa,69,俺はチラシを配ったり、皿を洗ったり…要するに、,"I hand out flyers, wash dishes...basically,",,
ID00037,00011afe,66,２人のバックアップだ。まぁ、出る幕ないよな。,"backing them up. Yeah, I'm useless here.",,
ID00037,00012ab3,72,そんな中、俺の作った動画を喜んでくれる人がいる。,"Amidst all that, people enjoy my videos.",,
ID00037,00012b0a,27,男子は盛り上がり、,"The guys get hyped,",,
ID00037,00012b34,51,女子は驚きながらも喜んでくれたり。,and the girls are pleasantly surprised.,,
ID00037,00012b95,63,良くも悪くも、自分の動画に評価が下ることが,"Whether good or bad, having my videos rated is",,
ID00037,00012be3,24,大事なんだって。,important.,,
ID00037,00012c0a,48,人目に触れなきゃダメなんだって。,It's gotta get seen by people.,,
ID00037,00012f57,42,もっと…いい動画が録りたい。,I want to record better videos.,,
ID00037,00013019,27,そろそろお昼前か。,It's almost lunchtime.,,
ID00037,00013ae6,41,「@str_000く～ん、来たわよ～」,"Hey @str_000-kun, I'm here~",,
ID00037,00013b3d,24,「あ！　先生！」,Ah! Teacher!,,
ID00037,00013ce6,39,「さっそく動画を見せてよ。,Show me the video already.,,
ID00037,00013d1c,54,　ずっと、楽しみにしてたんだからぁ」,I've been looking forward to it for so long.,,
ID00037,0001400f,48,「ほら、そこの正面のがそうです」,"Look, that's the one in front there.",,
ID00037,00015a2d,57,「あ～っ、これ！　全部、私じゃない！」,"Ahh, this! None of these are me!",,
ID00037,00015d6a,63,「そうです。部活の課題で、心美先生の素顔を,That's right. We're filming Miss Shinomiya.,,
ID00037,00015db8,51,　録ってるって、言いましたよね？」,"for club activities, didn't we?",,
ID00037,00015fff,36,「あうぅ…そうだけどぉ…,"Auu... Yeah, but...",,
ID00037,00016032,42,　まさか展示するなんてぇ…」,They'd actually display it...,,
ID00037,000164ce,57,「私のプライベート、丸出しじゃなぁい」,They're showing my private stuff all over the place.,,
ID00037,00016670,60,「みんなに…知ってもらいたかったんです」,I wanted everyone to know that...,,
ID00037,000166da,33,「心美先生が、こんなに,Miss Shinomiya's working so hard,,
ID00037,0001670a,36,　がんばってるんだって。,for us like this.,,
ID00037,0001673d,51,　みんなのことを思ってるんだって」,She cares about us a lot.,,
ID00037,000168e5,33,「そんなのいいのにぃ。,That would've been great.,,
ID00037,00016915,57,　先生なんだからぁ、当然なんだからぁ」,"You're the teacher, so it's only natural.",,
ID00037,00016d46,54,「それに……がんばってる自分を見て、,"And... seeing how hard you work,",,
ID00037,00016d8b,57,　もっと…自信を持ってもらいたかった」,I wanted her to have more confidence...,,
ID00037,00016df2,45,「先生は…すごい先生だって…」,She's... an amazing teacher...,,
ID00037,00016f94,20,「@str_000君…」,@str_000-kun...,,
ID00037,0001711d,54,「もう…『ここみがんばる！』なんて、,No more 'Nagisa will do her best!' titles,,
ID00037,00017162,30,　タイトルつけてぇ」,I want to call her that!,,
ID00037,00017587,48,「ダメですよ、先生を呼び捨ては」,Don't call her that.,,
ID00037,00017720,27,「す、すみません」,S-Sorry.,,
ID00037,000178b0,30,「けど、ありがとね。,But thanks.,,
ID00037,000178dd,42,　私らしいタイトルだと思う」,I think it's a title that suits me well.,,
ID00037,00017bc4,21,「…よかった」,...Glad to hear that.,,
ID00037,00018137,18,「心美先生」,Miss Shinomiya,,
ID00037,000189c8,24,「あ、御前さん」,"Hey, Misaki-senpai",,
ID00037,00018be5,39,「心美先生が、陰であんなに,She worked so hard.,,
ID00037,00018c1b,48,　努力なさってたなんて…改めて、,It makes me respect her even more.,,
ID00037,00018c5a,21,　尊敬します」,I respect you...,,
ID00037,0001905a,51,「尊敬なんて…そんな、いいのよぉ、,"Respect...? That's fine, really,",,
ID00037,0001909c,39,　みんなのお役に立てれば」,If I can be of help to everyone.,,
ID00037,00019602,48,「おかげさまで、ミツミキャンプの,"Thanks to you, the final test at Mitsumi Camp",,
ID00037,00019641,48,　最終テスト、納得の出来でした。,turned out great.,,
ID00037,00019680,24,　感謝してます」,I'm really grateful.,,
ID00037,00019a9c,39,「ホントぉ？　よかったぁ。,Really? That's good.,,
ID00037,00019ad2,27,　私もうれしぃ～」,I'm happy too~,,
ID00037,00019f0d,57,「これからも、よろしくお願いしますね」,Please take care of me in the future as well.,,
ID00037,0001a1f6,51,「私の方こそよろしくね、御前さん」,"Likewise, Misaki-senpai.",,
ID00037,0001a614,21,「失礼します」,See you later.,,
ID00037,0001aab5,42,「よかったですね、心美先生」,"Good for you, Ms. Shinomiya.",,
ID00037,0001acb0,12,「うん」,Yeah,,
ID00037,0001af7e,30,「あなたのおかげよ」,It's all thanks to you.,,
ID00037,0001afca,39,「いや、俺なんかなにも…」,"Nah, I didn't do anything...",,
ID00037,0001b0ae,33,「ううん…あなたには…,No... it's because of you that...,,
ID00037,0001b0de,45,　感謝しても、感謝しきれない」,I can't even begin to thank you.,,
ID00037,0001b631,21,「ありがとう」,Thanks.,,
ID00037,0001b674,21,「心美先生…」,Miss Shinomiya...,,
ID00037,0001b814,15,「エヘッ」,Heheh,,
ID00037,0001baba,54,「ね、放課後は、なにか予定あるの？」,"So, do you have any plans for after school?",,
ID00037,0001bdad,42,「展示の片付けが終わったら、,"After we finish cleaning up the exhibit,",,
ID00037,0001bde6,36,　なにもないですけど？」,You don't have anything else to do?,,
ID00037,0001bf7f,45,「じゃあ、放課後、居残りよ！」,Then stay behind after school!,,
ID00037,0001c14a,21,「えっ？！？」,Wh-what?!,,
ID00037,0001c2bb,33,「フフッ、な～んてね」,"Hehe, just kidding.",,
ID00037,0001c59e,30,「海へ…来てくれる？,Come to the beach?,,
ID00037,0001c5cb,39,　伝えたいことが…あるの」,There's something I want to tell you.,,
ID00037,0001c896,18,「は、はい」,Y-Yes.,,
ID00037,0001ca39,48,「それじゃあ、待ってるからね～」,See you then~ I'll be waiting!,,
ID00037,0001dc3f,24,そして、放課後…,And after school...,,
ID00037,0001dcb4,54,（伝えたいこと……一体なんだろう…）,...What do I want to tell her...?,,
ID00037,0001e1a5,36,そして、俺の休み時間…、,And during my break time...,,
ID00037,0001e4c5,51,「先生、優勝おめでとうございます！,"Congratulations on winning, teacher!",,
ID00037,0001e507,42,　ダントツの得票でしたね！」,You got way more votes than anyone else!,,
ID00037,0001e55f,60,「も～っ、そんなのうれしくないってばぁ」,"Aw, that's not what I meant at all!",,
ID00037,0001e5c9,57,「しかも、このリボン、初等部じゃない」,"Besides, this ribbon isn't from elementary school.",,
ID00037,0001f6c2,54,（ん？　向こうから歩いてくるのは…）,Hm? Who's walking over there...?,,
ID00037,0001f965,39,「心美先生！　その格好！」,Teacher Shinomiya!,,
ID00037,0001fb83,32,「はわわわ、@str_000君！,"Oh my, @str_000-kun!",,
ID00037,0001fbb2,39,　こ、これにはワケがぁ…」,T-there's a reason for this...,,
ID00037,000201b5,48,「先輩、心美先生は、生徒会主催の,"Senpai, Teacher Shinomiya won the",,
ID00037,000201f4,36,　先生制服コンテストで、,"Student council's contest,",,
ID00037,00020227,39,　見事優勝されたんですよ」,in first place!,,
ID00037,0002068d,36,「先生制服コンテスト！？,Teacher uniform contest!?,,
ID00037,000206c0,39,　そんなのがあったんだ…」,There's something like that...,,
ID00037,00020908,48,「はうぅ…出たくなかったのよぉ。,Aww... I didn't want to participate.,,
ID00037,00020947,57,　けど、藍田さんがどうしてもってぇ…」,But Ms. Arita insisted...,,
ID00037,000210ba,42,「だって、絶対優勝するって、,"Because she said she'd definitely win,",,
ID00037,000210f3,33,　わかってましたから」,I knew that.,,
ID00037,00021518,45,「だから、うれしくないってぇ」,"So, I'm not happy about it.",,
ID00037,000217f5,63,「フフッ、それじゃ失礼しますね、心美先生。,"Hehe, then I'll take my leave, Mizumi-sensei.",,
ID00037,00021843,57,　Ｃムービー部展を、ごぜん様おひとりに,Leaving C-Movie Club show to you.,,
ID00037,0002188b,33,　しておけませんから」,I can't just leave you alone.,,
ID00037,00021e86,48,「あ、ごめん、休み取っちゃって」,"Oh, sorry for taking time off.",,
ID00037,00022075,57,「大丈夫です。すぐ戻るって、ごぜん様に,It's fine. I told Gozen-sama,,
ID00037,000220bd,51,　メールでお伝えしてありますので」,that I'd be back soon via email.,,
ID00037,000224db,63,「それじゃ、ゆっくりお休みしてくださいね、,"Take your time and rest well,",,
ID00037,00022529,20,　@str_000先輩」,@str_000-senpai.,,
ID00037,00022d29,18,「またね～」,See ya~,,
ID00037,00022db0,27,「…それにしても」,Still...,,
ID00037,00022f59,12,「ん？」,Hm?,,
ID00037,00022fdf,51,「コンテスト録り損った！　どうして,I missed the contest recording! Why,,
ID00037,00023021,51,　教えてくれなかったんですか！？」,you didn't tell me about it!?,,
ID00037,000231e5,54,「ギリギリまで出場を迷ってたのよぉ。,I was wavering right up until the last minute.,,
ID00037,0002322a,48,　出るとしても…恥ずかしいから、,"Too embarrassed to join,",,
ID00037,00023269,36,　言いたくなかったし…」,I didn't want to say it...,,
ID00037,000238cf,36,「さ、早く着替えなきゃ。,Hurry up and change clothes.,,
ID00037,00023902,41,　それじゃあね、@str_000君！」,"See ya later, @str_000!",,
ID00037,00023d3e,21,「その前に！」,Wait a sec!,,
ID00037,0002407f,36,「あわわ…ま、まさか…」,"Aww, n-no way...!",,
ID00037,000240d1,36,「レコチャンスだあぁ！」,It's RECORDING TIME!!,,
ID00037,00024517,51,「はわわ、ダメよぉ、録っちゃあ！」,"Nooooo, don't record meee!!",,
ID00037,000247e1,39,「恥ずかしいんだからぁ！」,This is so embarrassing!!,,
ID00037,00024d5d,30,「ダメェェェェ…！」,Nooo...!!,,
ID00037,0002523a,60,こうして、光海祭は盛況のうちに終わった。,The festival ended successfully.,,
ID00037,00025285,15,そして…。,And...,,
ID00037,00025b06,48,（やばい、ちょっと遅くなったぞ）,"(Shit, we're running late.)",,
ID00037,00025b64,36,（心美先生は……いた！）,Sensei's here...!,,
ID00037,000263bb,63,「ハァ…ハァ…すみません、待ちましたか？」,"Huff... Huff... Sorry, did you wait?",,
ID00037,000265b0,39,「ううん、私も今来たとこ」,"Nope, I just got here.",,
ID00037,00026740,33,「そっか、よかった…」,"Oh, good to hear...",,
ID00037,0002695f,33,「走ってきてくれたの？,You ran all the way over here?,,
ID00037,0002698f,42,　そんな急がなくていいのに」,There was no need to rush like that...,,
ID00037,00026b22,54,「いえ、片付けが長引いて遅れたから」,"Nah, cleaning took longer than expected.",,
ID00037,00026ce9,45,「私も１日ずっと忙しかったぁ。,I've been busy all day long.,,
ID00037,00026d25,45,　やっぱり先生の仕事は大変ね」,"Yeah, teaching's tough.",,
ID00037,0002700f,54,「この夏…先生はいろいろあったから」,This summer... you had a lot going on.,,
ID00037,000271a1,54,「フフッ、そうね。楽しかったけどね」,"Hehe, yeah. It was fun though.",,
ID00037,00027a65,57,「それで…伝えたいことってなんです？」,So... what do you want to tell me?,,
ID00037,00027c25,21,「う、うん…」,Y-yeah...,,
ID00037,00027da3,21,「その…ね…」,Um...,,
ID00037,00028068,54,「あのね……驚かずに…聞いてね……」,Hey... listen without getting surprised okay?,,
ID00037,00028342,30,「その……私ね……」,Well... I...,,
ID00037,0002874b,54,「あなたのこと……あなたのこと……」,It's that...it's that...,,
ID00037,00028a43,42,「好きなの！　大好きなの！」,I love you! I really do!,,
ID00037,00028bd6,21,「ええっ！？」,What!??,,
ID00037,00028d60,45,「驚かないでって言ったのにぃ」,I told you not to be surprised!,,
ID00037,00028dbb,54,「い、いや、そんなこと言われても…」,"N-no, even if you say that...",,
ID00037,00028f4d,51,「私じゃ…ダメ？　年上は…嫌い？」,Is it...because of me? Do you hate older people?,,
ID00037,00029378,60,「そ、そうじゃなくて……先生と生徒で…」,That's not it... teacher and student...,,
ID00037,00029545,39,「それは私も悩んだわよぉ。,That was a tough decision for me too.,,
ID00037,0002957b,30,　けどね…けどね…」,But still...but still...,,
ID00037,000299aa,45,「好きになっちゃったんだから、,"I fell for you, so",,
ID00037,000299e6,30,　仕方ないじゃない」,Nothing I can do.,,
ID00037,00029cb4,48,「初めてなのよ…こんな気持ち…」,it's my first time...feeling like this...,,
ID00037,00029fb0,45,「まさか、初恋が生徒だなんて、,Never thought my first love'd be a student...,,
ID00037,00029fec,30,　私も思わないわよ」,I wouldn't think that.,,
ID00037,0002a2ba,42,「あなたが……あなたが……」,You're the one who's...,,
ID00037,0002a594,57,「私に優しくするからいけないんだから」,It's because you treat me nicely that it's bad.,,
ID00037,0002a5fb,42,「そ、そんなこと言われても」,"Well, even if you say that...",,
ID00037,0002a781,63,「私じゃ……ダメなの？　子供っぽいから？」,I'm not good enough...? Because I act like a kid?,,
ID00037,0002aa64,30,「そうじゃなくて…」,It's not like that...,,
ID00037,0002aab0,51,「心美先生は…俺が思っていたより、,"Sensei, you're... more grown-up than I thought...",,
ID00037,0002aaf2,51,　ずっと大人で…しっかりしてて…」,You've always been so mature and dependable...,,
ID00037,0002ab53,39,「俺なんか…まだ高校生で、,I'm still just a high schooler...,,
ID00037,0002ab89,60,　相手にしてもらえないと思ってたから…」,I thought you wouldn't even bother with me...,,
ID00037,0002ad3a,51,「私は……そんなに大人じゃないよ」,I'm not that much of an adult.,,
ID00037,0002b01d,39,「好きな人に……甘えたい。,Want to rely on the one I like.,,
ID00037,0002b053,36,　あなたに……甘えたい」,I want to rely on you.,,
ID00037,0002b59d,57,「あなたの前では…子供っぽくてもいい。,In front of you... it's okay if I act childish.,,
ID00037,0002b5e5,24,　素直になれる」,Can be honest with you.,,
ID00037,0002b9e8,63,「ずっと、ずっと、そばにいたいんだからぁ」,I just wanna stay by your side forever...,,
ID00037,0002bccb,39,「心美先生……俺……俺…」,sensei... me... me...,,
ID00037,0002bd20,42,「先生のことが……好きだ！」,"I like you, @str_001!",,
ID00037,0002bebf,12,「あ…」,...,,
ID00037,0002bef9,33,「大好きだ！　心美！」,I love you! sensei!,,
ID00037,0002c088,53,「うれしい……大好きよ、@str_001くん」,"I'm so happy... I love you, @str_001-kun.",,
ID00037,0002c638,63,「覚えてるんでしょう？　酔ったときのキス」,"You remember, right? The kiss when you were drunk.",,
ID00037,0002c927,39,「卒業したら……今度は……,Once I graduate... this time...,,
ID00037,0002c95d,54,　あなたから……ちゃんとしてね……」,You do it properly... from you...,,
ID00037,0002cea0,45,「それまで……待ってるから…」,I'll be waiting until then...,,
ID00037,0002d42c,45,「フフッ……ぎゅって……して」,Teehee... give me a big hug...,,
ID00037,0002d784,12,「ん…」,Hmm...,,
ID00038,00000ea5,60,「こうして、私は…あなたに想いを伝えた」,Like this... I told you how I feel.,,
ID00038,00000f0f,48,「まだまだ、教師として半人前で、,"I'm still far from being a full-fledged teacher,",,
ID00038,00000f4e,42,　学ばなければいけないことが,there's so much I still need to learn,,
ID00038,00000f87,27,　いっぱいある私」,about being a teacher,,
ID00038,00000fd0,42,「生徒たちに、いろんなことを,Teaching them lots.,,
ID00038,00001009,57,　気づかされながら…精一杯、教えてる」,while being made aware of a lot...,,
ID00038,00001070,63,「あなたに出会えたのは…先生になったから」,Meeting you was because I became a teacher,,
ID00038,000010dd,57,「あなたが…この学園に通っていたから」,You were here at this school,,
ID00038,00001144,54,「これからも……あなたがそばにいる」,I'll be with you... from now on too.,,
ID00038,000011a8,60,「卒業したら……学園では１人になるけど…,Once I'm gone...,,
ID00038,000011f3,24,　外で会える…」,We can meet.,,
ID00038,00001239,51,「いつか……また、想いを伝えて……,Soon... I want to tell you how I feel again...,,
ID00038,0000127b,21,　恋が始まる」,Love begins here.,,
ID00038,000012be,30,「それでいいと思う。,I think that's fine.,,
ID00038,000012eb,51,　だって…まだ焦ることはないから」,Because... there's no need to rush yet.,,
ID00038,0000134c,27,「私も…あなたも…,Me too... you too...,,
ID00038,00001376,54,　ゆっくり大人になればいいんだもん」,Take your time and become an adult properly.,,
ID00038,000013da,45,「あなたがドギマギするような、,You make me nervous.,,
ID00038,00001416,57,　素敵なレディになっちゃうんだからぁ」,into such a wonderful one!,,
ID00038,0000147d,21,「大好きよ…。,I love you...,,
ID00038,000014a1,45,　ユーアーマイ…トゥルーラヴ」,You're my true love.,,
ID00038,00001a31,48,「はぁい！　今日の体育は、先生が,Okay! Today's P.E. class is on me since,,
ID00038,00001a70,63,　風邪でお休みだから、私が担当ですよぉ！」,the teacher has the flu today!,,
ID00038,00001fce,50,「もう、@str_000君！　動画録らない！,"Hey, @str_000-kun! Don't record this video!",,
ID00038,0000200f,30,　体操服の私なんて、,"Here I am in my gym clothes,",,
ID00038,0000203c,45,　もういっぱい録ったでしょ！」,You've recorded enough of me already!,,
ID00038,00002588,42,「さぁ、授業始めるわよぉ！」,"Alright, let's start class!",,
ID00038,0000271b,36,「ドゥ　ユア　ベスト！」,Do your best!,,
ID00039,00000b99,54,「ひどい……私と…約束したのに……」,So cruel... You promised me... but...,,
ID00039,00000e73,33,「あっ！　心美先生！」,Ah! Miss Shinmi!,,
ID00039,00000ff0,57,「私は……私は……本気だったのに……」,I was serious about it... I really was...,,
ID00039,00001414,42,「あなたは遊びだったのね！」,You were just playing with me!,,
ID00039,0000146c,33,「そ、そんなことは…」,That can't be true...,,
ID00039,000015e9,54,「もうプライベートじゃ話さないもん！,We're not talking privately anymore!,,
ID00039,0000162e,27,　それじゃあね！」,See ya!,,
ID00039,00001c48,63,（すみません…約束破って。けど、俺は……）,(Sorry for breaking the promise... But I'm...,,
ID00040,000052a5,21,（心美先生だ！,It's Sensei!,,
ID00040,000052c9,39,　俺は、先生に見せるために,I'm always working hard,,
ID00040,000052ff,39,　この夏がんばったんだ！）,I did my best this summer!,,
ID00040,00005622,48,抜けるような青空。心地よい潮風。,A bright blue sky. A pleasant breeze.,,
ID00040,00005661,33,学園への足取りが軽い。,My steps toward school are light.,,
ID00040,000056b0,54,いつも一生懸命がんばってる心美先生。,to show her.,,
ID00040,000056f5,27,その姿を伝えたい。,To tell her that.,,
ID00040,0000571f,42,先生にも、学園のみんなにも。,Sensei and everyone at school.,,
ID00040,00005777,42,俺は…心に今日のことを刻む。,I'll... carve today into my heart.,,
ID00040,000057b0,42,人生という一度きりの動画の、,"This is our one shot at life,",,
ID00040,000057e9,51,掛け替えのないレコチャンスなんだ！,our irreplaceable recording chance!,,
ID00040,00005ce0,36,（開場まであと１時間か。,(An hour until opening.),,
ID00040,00005d13,45,　どこも追い込みで大忙しだな。,"Everyone's in crunch mode, working overtime.",,
ID00040,00005d4f,36,　俺も部室へ急がないと）,Gotta hurry to the clubroom.,,
ID00040,00005efc,23,「あ、@str_000君」,"Ah, @str_000-kun.",,
ID00040,00005f41,18,「心美先生」,Miss Shinomiya,,
ID00040,0000632b,60,「Ｅ動画部展の準備はどう？　バッチリ？」,"E-douga club's setup, how's it going? All good?",,
ID00040,000064d0,18,「もちろん。,Of course.,,
ID00040,000064f1,54,　あとは、最終チェックするだけです」,It's just a final check now.,,
ID00040,0000669c,53,「そっかぁ。@str_000君が、どんな動画を,I see. Looking forward to it.,,
ID00040,000066e0,36,　展示するのか、楽しみ」,@str_000 will be showing.,,
ID00040,000069c1,45,「何時ぐらいに見に来ますか？」,When will you come to see them?,,
ID00040,00006bc6,42,「ん～と…すぐ行きたいところ,Hmm... I really want to go right away...,,
ID00040,00006bff,27,　なんだけどぉ…」,but...,,
ID00040,00006f6b,39,「いろいろ用事があるから、,"I've got a lot of stuff to do, so",,
ID00040,00006fa1,30,　お昼前ぐらいかな」,"around lunchtime, I guess.",,
ID00040,00007141,48,「わかりました。待ってますから」,Got it. I'll be waiting then.,,
ID00040,00007310,36,「うん、それじゃあね～」,"Yeah, see you later~",,
ID00040,000092fd,35,「チーーーッス、@str_000」,"Cheeeezus, @str_000",,
ID00040,0000934e,54,「あ、堂下部長、おはようございます」,"Oh, Doukami-senpai, good morning",,
ID00040,000094f9,48,「見たゼ～、動画、最高ジャン！」,I saw the video~ It was awesome!,,
ID00040,00009937,45,「あ…ありがとうございます！」,Ah... Thank you so much!,,
ID00040,00009ad9,51,「頼んだとおり、心美ちゃんの魅力を,"Just like you asked, her charm.",,
ID00040,00009b1b,39,　バッチリ捉えてるってー」,captured.,,
ID00040,00009dff,36,「そう言ってもらえると、,It means a lot to hear that.,,
ID00040,00009e32,39,　録った甲斐がありますよ」,It's worth it to record.,,
ID00040,00009fce,42,「けどサ、なーんで、隅っこで,"But, why are you trying to",,
ID00040,0000a007,39,　展示しようとしてんの？」,display it in the corner?,,
ID00040,0000a320,36,「せっかくのお宝動画が、,"This is such a precious video,",,
ID00040,0000a353,33,　もったいねージャン」,it'd be a waste.,,
ID00040,0000a631,51,「けど、初心者の俺の動画なんか…」,But my videos as a beginner...,,
ID00040,0000a7d9,48,「えっ、キャリアとか気にすんの？,"Wait, do you care about experience?",,
ID00040,0000a818,21,　マッジで？」,For real?,,
ID00040,0000ac31,45,「カンケーねーって、そんなの。,"Who cares about that, though.",,
ID00040,0000ac6d,54,　出来がよければそれでいージャン？」,"If it's good enough, isn't that all that matters?",,
ID00040,0000b24c,47,「そんなわけで、@str_000の動画は、,@str_000's vid'll be front and center.,,
ID00040,0000b28a,60,　ミスレコジェニックの横の、目立つとこに,the Misrecogenix one.,,
ID00040,0000b2d5,48,　移動しといたゼ。いいっショ？」,"Moved it over there, alright? Sweet deal?",,
ID00040,0000bad4,45,「あ…ありがとうございます！」,Ah... Thank you so much!,,
ID00040,0000bca5,47,「そんなわけで、@str_000の動画は、,@str_000's vid'll be front and center.,,
ID00040,0000bce3,45,　目立つとこに移動しといたゼ。,I moved it to a place where it'll stand out.,,
ID00040,0000bd1f,24,　いいっショ？」,Sweet deal?,,
ID00040,0000c12f,45,「え…みんなの動画もあるのに…,Eh... There are everyone else's videos too...,,
ID00040,0000c16b,36,　ありがとうございます」,Thank you.,,
ID00040,0000c333,45,「礼を言うのは俺の方だってー。,It should be me thanking you.,,
ID00040,0000c36f,45,　これでＥ動画部展が、光海祭の,"With this, the E-Drama Club exhibit will",,
ID00040,0000c3ab,39,　一番人気、間違いなし！」,definitely be a hit!,,
ID00040,0000c911,36,「今日１日、シクヨロ！」,"Thanks a lot for today, bro!",,
ID00040,0000d145,51,「イッツ　ショウターーーーイム！」,It's showtime~!,,
ID00040,0000d1b5,42,こうして、光海祭は開幕した。,"And so, the Mitsumi Festival has begun.",,
ID00040,0000e2ba,42,「よぉよぉ、そこの兄ちゃん、,"Yo yo, you there, dude,",,
ID00040,0000e2f3,57,　お宝生動画あるよ～、見てかね～か～」,"I've got some treasure videos, wanna check 'em out?",,
ID00040,0000e7e0,54,「学園でも指折りの美少女の、体操服や,Check out the school swimsuits and,,
ID00040,0000e825,39,　スク水がいっぱいだよ～」,cute swimsuits!,,
ID00040,0000ed00,39,「ドキドキの動画……ある」,Got some heart-pounding videos...,,
ID00040,0000ef65,27,「ウェッヘッヘッ、,"Heheh,",,
ID00040,0000ef8f,45,　お宝ＤＶＤも販売してるぜ～。,We've got treasure DVDs for sale too~.,,
ID00040,0000efcb,54,　チラリ満載で５００円ポッキリだ！」,Packed with peeks and only 500 yen!,,
ID00040,000102c7,66,中井たちの客引きもあり、Ｅ動画部展は大盛況。,"Thanks to Nakai's sales pitch, it's packed.",,
ID00040,00010318,42,ひっきりなしに客が訪れてる。,Customers are coming in nonstop.,,
ID00040,00010370,57,目立つところに展示されてる俺の動画は、,My videos grab everyone's attention.,,
ID00040,000103b8,24,常に人だかりだ。,there's always a crowd.,,
ID00040,000103fe,45,被写体がよかったおかげだろう、,"Thanks to the good subjects,",,
ID00040,0001043a,54,男女問わず、かわいいと言ってくれる。,"They say it's cute, no matter their gender.",,
ID00040,0001047f,60,けど、中には否定的な反応をする人もいる。,But some react negatively.,,
ID00040,000104e9,57,俺は…良くも悪くも、自分の動画に評価が,Getting feedback on my vids matters...,,
ID00040,00010531,51,下るってことが大事なんだと知った。,whether good or bad.,,
ID00040,00010592,66,結果を恐れず、人目に触れることが大事なんだ。,Don't be afraid to put yourself out there.,,
ID00040,000105e3,27,きっと次に繋がる。,It leads somewhere good.,,
ID00040,0001062c,54,目立つ場所に俺の動画を置いてくれた、,Thanks for displaying my video.,,
ID00040,00010671,39,堂下部長に感謝しなきゃな。,I owe him one.,,
ID00040,000106a7,42,もっと…いい動画が録りたい。,I want to record better videos.,,
ID00040,000106ff,27,そろそろお昼前か。,It's almost lunchtime.,,
ID00040,00011275,41,「@str_000く～ん、来たわよ～」,"Hey @str_000-kun, I'm here~",,
ID00040,000112cc,24,「あ！　先生！」,Ah! Teacher!,,
ID00040,00011475,42,「さっそく動画を見せてよぉ。,Show me the video already.,,
ID00040,000114ae,54,　ずっと、楽しみにしてたんだからぁ」,I've been looking forward to it for so long.,,
ID00040,00011666,48,「ほら、そこの正面のがそうです」,"Look, that's the one in front there.",,
ID00040,0001323b,57,「あ～っ、これ！　全部、私じゃない！」,"Ahh, this! None of these are me!",,
ID00040,00013607,63,「そうです。部活の課題で、心美先生の素顔を,That's right. Miss Shinomiya's real face.,,
ID00040,00013655,51,　録ってるって、言いましたよね？」,"for club activities, didn't we?",,
ID00040,0001380f,36,「あうぅ…そうだけどぉ…,"Auu... Yeah, but...",,
ID00040,00013842,42,　まさか展示するなんてぇ…」,They'd actually display it...,,
ID00040,00013c70,57,「私のプライベート、丸出しじゃなぁい」,They're showing my private stuff all over the place.,,
ID00040,00013e12,60,「みんなに…知ってもらいたかったんです」,I wanted everyone to know that...,,
ID00040,00013e7c,33,「心美先生が、こんなに,Miss Shinomiya's working so hard,,
ID00040,00013eac,36,　がんばってるんだって。,for us like this.,,
ID00040,00013edf,51,　みんなのことを思ってるんだって」,She cares about us a lot.,,
ID00040,00014087,33,「そんなのいいのにぃ。,That would've been great.,,
ID00040,000140b7,57,　先生なんだからぁ、当然なんだからぁ」,"You're the teacher, so it's only natural.",,
ID00040,00014527,54,「それに……がんばってる自分を見て、,"And... seeing how hard you work,",,
ID00040,0001456c,57,　もっと…自信を持ってもらいたかった」,I wanted her to have more confidence...,,
ID00040,000145d3,45,「先生は…すごい先生だって…」,She's... an amazing teacher...,,
ID00040,0001476e,20,「@str_000君…」,@str_000-kun...,,
ID00040,0001498c,54,「もう…『ここみがんばる！』なんて、,No more 'Nagisa will do her best!' titles,,
ID00040,000149d1,30,　タイトルつけてぇ」,I want to call her that!,,
ID00040,00014f44,48,「ダメですよ、先生を呼び捨ては」,You can't call the teacher that.,,
ID00040,000150dd,27,「す、すみません」,S-Sorry.,,
ID00040,0001526d,30,「けど、ありがとね。,But thanks.,,
ID00040,0001529a,42,　私らしいタイトルだと思う」,I think it's a title that suits me well.,,
ID00040,00015597,21,「…よかった」,...Glad to hear that.,,
ID00040,00015cc5,18,「心美先生」,Miss Shinomiya,,
ID00040,0001606f,24,「あ、御前さん」,"Hey, Misaki-senpai",,
ID00040,00016244,21,「御前さん…」,Misaki-senpai...,,
ID00040,000164b3,18,「御前さん」,Gozen-sama.,,
ID00040,000166ae,57,「Ｅ動画部展なんて覗く気なかったけど、,"Wasn't planning on checking out their booth, but...",,
ID00040,000166f6,62,　@str_000君の心美先生の動画が気になったから,I was curious about @str_000's video with Miss Kimi.,,
ID00040,00016743,21,　来ちゃった」,I ended up coming.,,
ID00040,00016b43,24,「素敵な動画ね。,Nice video.,,
ID00040,00016b6a,42,　心美先生のキュートな魅力が,Ms. Kumomi's cute charm was,,
ID00040,00016ba3,33,　いっぱい詰まってた」,packed in there.,,
ID00040,00016eee,24,「ありがとう…」,Thanks...,,
ID00040,00016f63,39,「ありがとうございます！」,Thank you so much!,,
ID00040,000171d4,21,「心美先生…」,Miss Shinomiya...,,
ID00040,0001735e,33,「先生が、陰であんなに,I didn't know Ms. Kumomi,,
ID00040,0001738e,48,　努力なさってたなんて…改めて、,It makes me respect her even more.,,
ID00040,000173cd,21,　尊敬します」,I respect you...,,
ID00040,000177cd,51,「尊敬なんて…そんな、いいのよぉ、,"Respect...? That's fine, really,",,
ID00040,0001780f,39,　みんなのお役に立てれば」,If I can be of help to everyone.,,
ID00040,00017d8e,48,「おかげさまで、ミツミキャンプの,"Thanks to you, the final test at Mitsumi Camp",,
ID00040,00017dcd,48,　最終テスト、納得の出来でした。,turned out great.,,
ID00040,00017e0c,24,　感謝してます」,I'm really grateful.,,
ID00040,00018363,39,「ホントぉ？　よかったぁ。,Really? That's good.,,
ID00040,00018399,27,　私もうれしぃ～」,I'm happy too~,,
ID00040,00018928,57,「これからも、よろしくお願いしますね」,Please take care of me in the future as well.,,
ID00040,00018c11,51,「私の方こそよろしくね、御前さん」,"Likewise, Misaki-senpai.",,
ID00040,00019048,21,「失礼します」,See you later.,,
ID00040,00019476,42,「よかったですね、心美先生」,"Good for you, Ms. Shinomiya.",,
ID00040,00019820,12,「うん」,Yeah,,
ID00040,00019b4f,30,「あなたのおかげよ」,It's all thanks to you.,,
ID00040,00019b9b,39,「いや、俺なんかなにも…」,"Nah, I didn't do anything...",,
ID00040,00019dad,33,「ううん…あなたには…,No... it's because of you that...,,
ID00040,00019ddd,45,　感謝しても、感謝しきれない」,I can't even begin to thank you.,,
ID00040,0001a36f,21,「ありがとう」,Thanks.,,
ID00040,0001a3b2,21,「心美先生…」,Miss Shinomiya...,,
ID00040,0001a558,15,「エヘッ」,Heheh,,
ID00040,0001a817,54,「ね、放課後は、なにか予定あるの？」,"So, do you have any plans for after school?",,
ID00040,0001ab0a,42,「展示の片付けが終わったら、,"After we finish cleaning up the exhibit,",,
ID00040,0001ab43,36,　なにもないですけど？」,You don't have anything else to do?,,
ID00040,0001acdc,45,「じゃあ、放課後、居残りよ！」,Then stay behind after school!,,
ID00040,0001afad,21,「えっ？！？」,Wh-what?!,,
ID00040,0001b11e,33,「フフッ、な～んてね」,"Hehe, just kidding.",,
ID00040,0001b408,30,「海へ…来てくれる？,Come to the beach?,,
ID00040,0001b435,39,　伝えたいことが…あるの」,There's something I want to tell you.,,
ID00040,0001b88b,18,「は、はい」,Y-Yes.,,
ID00040,0001ba12,48,「それじゃあ、待ってるからね～」,See you then~ I'll be waiting!,,
ID00040,0001bf81,54,（伝えたいこと……一体なんだろう…）,...What do I want to tell her...?,,
ID00040,0001d0b2,36,そして、俺の休み時間…、,And during my break time...,,
ID00040,0001d85f,39,（ん？　すごい人だかりが。,Huh? There's a huge crowd.,,
ID00040,0001d895,45,　なんだこの『仮想喫茶』って）,What's this 'Virtual Cafe'?,,
ID00040,0001eb99,27,「あ……にい…君」,Ah... big bro... dude,,
ID00040,0001ed1d,36,「真奈！　その格好！？」,Mana! What are you wearing!?,,
ID00040,0001eeb6,48,「『仮想天使』のメインキャラ…」,The main character of 'Virtual Angel'...,,
ID00040,0001f0cb,54,「プリティライトだろ？　知ってるよ」,"Pretty Light, right? I know her.",,
ID00040,0001f3df,15,「…そう」,...Yeah.,,
ID00040,0001f7bb,15,「じゃ…」,Then...,,
ID00040,0001f987,36,「にい君、いらっしゃい。,"Welcome, big bro.",,
ID00040,0001f9ba,39,　『仮想喫茶』へようこそ」,Welcome to 'Virtual Cafe'.,,
ID00040,0001fc9e,36,「真奈！　その格好！？」,Mana! What are you wearing!?,,
ID00040,0001fe37,45,「『仮想天使』のメインキャラの,"You're the main character of 'Virtual Angel',",,
ID00040,0001fe73,48,　プリティライトだよ。似合う？」,"Pretty Light, right? Does it suit you?",,
ID00040,0002017c,51,「あ、ああ、馴染み過ぎなぐらいだ」,"Ah, yeah, I fit in too well.",,
ID00040,00020340,18,「ありがと」,Thanks.,,
ID00040,000204c7,63,「お水持ってくるから、隅っこのリザーブ席に,"Take a corner seat, I'll bring water.",,
ID00040,00020515,18,　座ってて」,Okay?,,
ID00040,00020690,21,「いいのか？」,Is that okay?,,
ID00040,0002081a,60,「大丈夫。スタッフの関係者用の席だから」,"It's fine, it's for staff and VIPs.",,
ID00040,000209d5,15,「そっか」,Oh yeah,,
ID00040,00021440,41,「いらっしゃあい、@str_000君」,"Welcome, @str_000-kun.",,
ID00040,00021497,57,「あっ！　こ、心美先生！　その格好…」,Ah! H-Hanami-sensei! That outfit...,,
ID00040,000218b7,51,「『仮想天使』のお医者さんキャラ、,"The doctor character from 'Virtual Angel',",,
ID00040,000218f9,57,　『仮想司祭ファンタジックリトル』よ。,"'Fantastic Little Priestess,' to be exact.",,
ID00040,00021941,18,　似合う？」,Does it suit me?,,
ID00040,00021d4b,33,「に、似合ってますよ」,You look great in it!,,
ID00040,00021d9a,57,（っていうか、なんてサービス満点な…）,"In fact, this is so generous of you...",,
ID00040,00021f48,30,「フフッ、ありがと」,"Hehe, thanks.",,
ID00040,00022216,60,「真奈ちゃんに、どうしてもって言われて、,It's because Mana-chan really wanted me to...,,
ID00040,00022261,27,　断れなくてねぇ」,"Can't say no, you know.",,
ID00040,0002252c,63,「パソコンのこととか、よく教えてもらって、,"You've taught me a lot about computers and stuff,",,
ID00040,0002257a,36,　お世話になってるから」,so I owe you one.,,
ID00040,00022842,63,「そっか…じゃあ、さっそく録らせてもらって,"Oh... Well then, let's get started recording.",,
ID00040,00022890,24,　いいですか？」,You ready?,,
ID00040,00022a1d,54,「え～っ、録るのぉ？　恥ずかしいぃ」,Eh? You're gonna record it? That's embarrassing.,,
ID00040,00022d10,54,「今さらなにを…。俺に見つかったのが,"What now... Getting caught by me is bad luck, huh?",,
ID00040,00022d55,30,　運の尽きですって」,My luck just ran out.,,
ID00040,00022f4b,36,「うぅ～仕方ないわねぇ」,"Aww, guess I have no choice.",,
ID00040,00023414,54,「じゃあ、真奈ちゃんに教えてもらった,"Well then, let's do the pose Mana-chan taught me",,
ID00040,00023459,45,　決めポーズをやっちゃうね！」,I'll show you my finishing pose!,,
ID00040,00023b53,54,「治るもハッケ！　召されるもハッケ！,"Heal or summon, it's all HAKKE!",,
ID00040,00023b98,51,　失敗したって許してくれるもん！」,"Even if I mess up, you'll forgive me!",,
ID00040,00024213,39,「教会に棲み着いてン百年？,Lived here 100 years?,,
ID00040,00024249,57,　仮想司祭ファンタジックリトーール！」,Virtual priest Fantastic Rito-ru!,,
ID00040,000257bc,60,「わー、さすが心美先生。バッチリだよー」,"Wow, Miss Shinomiya's on point as always.",,
ID00040,00025c18,48,「エヘヘ～、真奈ちゃんの教え方が,"Hehe~, it's 'cause Mana-chan's teaching style",,
ID00040,00025c57,33,　上手だったからね～」,was just so good~,,
ID00040,00025f28,36,「年齢不詳のロリッ娘は、,Unknown age loli,,
ID00040,00025f5b,60,　心美先生にしか出来ないと思ったんだー」,a lolita girl of unknown age.,,
ID00040,00026260,45,「ん？　なんか引っかかるけど、,"Huh? Something feels off, but",,
ID00040,0002629c,33,　楽しいからいっか～」,"it's fun, so whatever~",,
ID00040,0002691c,18,「あははー」,Heheh~,,
ID00040,00026abf,18,「エヘヘー」,Hehe~,,
ID00040,00026c8e,15,「真奈…」,Mina...,,
ID00040,0002724b,39,「しばらく口利かないから」,I won't talk for a while.,,
ID00040,0002760b,60,「にい君、席にお水おいたよ、ごゆっくり」,"I left some water at your seat, take it easy.",,
ID00040,00027b12,21,「サンキュー」,Thanks.,,
ID00040,00028004,54,「さ、ご注文をどうぞ、仮想ご主人様」,"O-Okay, what'll it be, Master?",,
ID00040,000284f9,60,こうして、光海祭は盛況のうちに終わった。,The festival ended well.,,
ID00040,00028544,15,そして…。,And...,,
ID00040,00028d85,48,（やばい、ちょっと遅くなったぞ）,"(Shit, we're running late.)",,
ID00040,00028de3,36,（心美先生は……いた！）,Sensei's here...!,,
ID00040,0002963a,63,「ハァ…ハァ…すみません、待ちましたか？」,"Huff... Huff... Sorry, did you wait?",,
ID00040,0002982f,39,「ううん、私も今来たとこ」,"Nope, I just got here.",,
ID00040,000299bf,33,「そっか、よかった…」,"Oh, good to hear...",,
ID00040,00029bde,33,「走ってきてくれたの？,You ran all the way over here?,,
ID00040,00029c0e,42,　そんな急がなくていいのに」,There was no need to rush like that...,,
ID00040,00029da1,54,「いえ、片付けが長引いて遅れたから」,"Nah, cleaning took longer than expected.",,
ID00040,00029f68,45,「私も１日ずっと忙しかったぁ。,I've been busy all day long.,,
ID00040,00029fa4,45,　やっぱり先生の仕事は大変ね」,"Yeah, teaching's tough.",,
ID00040,0002a28e,54,「この夏…先生はいろいろあったから」,This summer... you had a lot going on.,,
ID00040,0002a420,54,「フフッ、そうね。楽しかったけどね」,"Hehe, yeah. It was fun though.",,
ID00040,0002ace4,57,「それで…伝えたいことってなんです？」,So... what do you want to tell me?,,
ID00040,0002aea4,21,「う、うん…」,Y-yeah...,,
ID00040,0002b022,21,「その…ね…」,Um...,,
ID00040,0002b2e7,54,「あのね……驚かずに…聞いてね……」,Hey... listen without getting surprised okay?,,
ID00040,0002b5c1,30,「その……私ね……」,Well... I...,,
ID00040,0002b9ca,54,「あなたのこと……あなたのこと……」,It's that...it's that...,,
ID00040,0002bcc2,42,「好きなの！　大好きなの！」,I love you! I really do!,,
ID00040,0002be55,21,「ええっ！？」,What!??,,
ID00040,0002bfdf,45,「驚かないでって言ったのにぃ」,I told you not to be surprised!,,
ID00040,0002c03a,54,「い、いや、そんなこと言われても…」,"N-no, even if you say that...",,
ID00040,0002c1cc,51,「私じゃ…ダメ？　年上は…嫌い？」,Is it...because of me? Do you hate older people?,,
ID00040,0002c5f7,60,「そ、そうじゃなくて……先生と生徒で…」,Not that... teacher and student...,,
ID00040,0002c7c4,39,「それは私も悩んだわよぉ。,That was a tough decision for me too.,,
ID00040,0002c7fa,30,　けどね…けどね…」,But still...but still...,,
ID00040,0002cc29,45,「好きになっちゃったんだから、,"I fell for you, so",,
ID00040,0002cc65,30,　仕方ないじゃない」,Nothing I can do.,,
ID00040,0002cf33,48,「初めてなのよ…こんな気持ち…」,it's my first time...feeling like this...,,
ID00040,0002d22f,45,「まさか、初恋が生徒だなんて、,First love's a student?,,
ID00040,0002d26b,30,　私も思わないわよ」,I wouldn't.,,
ID00040,0002d539,42,「あなたが……あなたが……」,You're the one who's...,,
ID00040,0002d813,57,「私に優しくするからいけないんだから」,It's because you treat me nicely that it's bad.,,
ID00040,0002d87a,42,「そ、そんなこと言われても」,"Well, even if you say that...",,
ID00040,0002da00,63,「私じゃ……ダメなの？　子供っぽいから？」,I'm not good enough...? Because I act like a kid?,,
ID00040,0002dce3,30,「そうじゃなくて…」,It's not like that...,,
ID00040,0002dd2f,51,「心美先生は…俺が思っていたより、,"Sensei, you're... more grown-up than I thought...",,
ID00040,0002dd71,51,　ずっと大人で…しっかりしてて…」,You've always been so mature and dependable...,,
ID00040,0002ddd2,39,「俺なんか…まだ高校生で、,I'm still just a high schooler...,,
ID00040,0002de08,60,　相手にしてもらえないと思ってたから…」,I thought you wouldn't even bother with me...,,
ID00040,0002dfb9,51,「私は……そんなに大人じゃないよ」,I'm not that much of an adult.,,
ID00040,0002e29c,39,「好きな人に……甘えたい。,I wanna lean on him.,,
ID00040,0002e2d2,36,　あなたに……甘えたい」,I want to rely on you.,,
ID00040,0002e81c,57,「あなたの前では…子供っぽくてもいい。,In front of you... it's okay if I act childish.,,
ID00040,0002e864,24,　素直になれる」,I can.,,
ID00040,0002ec67,63,「ずっと、ずっと、そばにいたいんだからぁ」,I just wanna stay by your side forever...,,
ID00040,0002ef4a,39,「心美先生……俺……俺…」,sensei... me... me...,,
ID00040,0002ef9f,42,「先生のことが……好きだ！」,"I like you, @str_001!",,
ID00040,0002f13e,12,「あ…」,...,,
ID00040,0002f178,33,「大好きだ！　心美！」,I love you! sensei!,,
ID00040,0002f307,53,「うれしい……大好きよ、@str_001くん」,"I'm so happy... I love you, @str_001-kun.",,
ID00040,0002f8b7,63,「覚えてるんでしょう？　酔ったときのキス」,"You remember, right? The kiss when you were drunk.",,
ID00040,0002fba6,39,「卒業したら……今度は……,Once I graduate... this time...,,
ID00040,0002fbdc,54,　あなたから……ちゃんとしてね……」,You do it properly... from you...,,
ID00040,0003011f,45,「それまで……待ってるから…」,I'll be waiting until then...,,
ID00040,000306ab,45,「フフッ……ぎゅって……して」,Teehee... give me a big hug...,,
ID00040,00030a03,12,「ん…」,Hmm...,,
ID00042,00000b99,54,「ひどい……私と…約束したのに……」,So cruel... You promised me... but...,,
ID00042,00000e73,33,「あっ！　心美先生！」,Ah! Miss Shinmi!,,
ID00042,00000ff0,57,「私は……私は……本気だったのに……」,I was serious about it... I really was...,,
ID00042,00001414,42,「あなたは遊びだったのね！」,You were just playing with me!,,
ID00042,0000146c,33,「そ、そんなことは…」,That can't be true...,,
ID00042,000015e9,54,「もうプライベートじゃ話さないもん！,We're not talking privately anymore!,,
ID00042,0000162e,27,　それじゃあね！」,See ya!,,
ID00042,00001c48,63,（すみません…約束破って。けど、俺は……）,(Sorry for breaking the promise... But I'm...,,
ID00043,00001569,48,「あ～っ、授業が始まるってのに、,"Aaah, even though class is starting,",,
ID00043,000015a8,45,　黒板が消えてないじゃなぁい」,the board isn't erased yet!,,
ID00043,00001c4e,33,「今日の日直は誰ぇ？」,Who's on duty today?,,
ID00043,00001c9d,51,「……あ！　俺だ！　すみません！」,...Ah! It's me! Sorry!,,
ID00043,00001f9c,63,「も～っ、ダメですよぉ。次から気をつけて」,"Ohhh, nope. You have to be more careful next time.",,
ID00043,00002298,27,「すぐ消します！」,I'll erase it right away!,,
ID00043,0000240f,39,「いいわよ、私が消すから」,"It's fine, I'll do it.",,
ID00043,0000289c,21,「ん～～～っ」,Nnnn~,,
ID00043,000028df,33,「んぎっんぎっん～っ」,Nghnghnn~,,
ID00043,0000292e,39,「と・ど・か・な・い～っ」,I-it's not enough~,,
ID00043,00003298,54,「お、俺がやります！　すみません！」,L-let me do it! Sorry!,,
ID00043,00003489,45,「そ、そぉ？　じゃあ、お願い」,"R-really? Then, please go ahead",,
ID00043,00003aae,63,「う～っ、高いヒール履いて来るんだったぁ」,"Ugh, I forgot I wore these high heels...",,
ID00043,00003d04,48,「背伸びしても届かないんだから、,"Even if I stretch, I can't reach anyway,",,
ID00043,00003d43,42,　ヒールは関係ないんじゃ？」,So does it matter that I'm wearing them?,,
ID00043,00003f9c,60,「あう！　いいの！　ゴチャゴチャ言わずに,Ahh! It's fine! Don't make a fuss over it.,,
ID00043,00003fe7,24,　早く消して！」,Hurry up and delete it!,,
ID00043,0000442c,15,「はい…」,Yes...,,
ID00043,00004a3d,18,「よっ…と」,Heh...,,
ID00043,00004a7d,42,「いいなぁ、ラクラク届いて」,"It's nice, easy to give.",,
ID00044,00001cea,57,「は～い、これでチャプター３終了っと。,"Hey, that's the end of Chapter 3~",,
ID00044,00001d32,63,　ちょうど切りのいいとこまで来ましたね～」,"We've reached a good stopping point, haven't we?~",,
ID00044,00002226,60,「チャイムが鳴るまで、あと５分ぐらい…」,Five more minutes 'til the bell.,,
ID00044,000025b3,27,「今日のランチは、,Today's lunch is...,,
ID00044,000025dd,60,　人気のスペシャルハンバーグなんでしょ？,"It's the popular special hamburger, right?",,
ID00044,00002628,54,　あれって、よく売りきれるのよねぇ」,That thing always sells out so quickly.,,
ID00044,00002a7e,48,「みんな、早く行って食べたい？」,Want to go eat soon?,,
ID00044,00002c17,42,おーっ！　と、声が上がった。,Whoa!,,
ID00044,00002dd2,54,「よ～し、じゃあ、ちょっと早いけど、,"Alright, then, even though it's a bit early,",,
ID00044,00002e17,30,　終わりにします！」,let's end it!,,
ID00044,0000335b,51,やったーー！　と、歓喜に沸く教室。,Yayyyyy! The classroom erupts in joy.,,
ID00044,000033bc,15,「起立！」,Stand up!,,
ID00044,000033f9,12,「礼！」,Bow!,,
ID00044,000038c4,45,「それじゃ、他のクラスの授業の,Won't disturb other classes.,,
ID00044,00003900,36,　邪魔にならないように、,and quietly head to the cafeteria,,
ID00044,00003933,36,　静かに食堂へ行ってね」,okay?,,
ID00044,000039c6,21,「やったぜ！」,"Yeah, we did it!",,
ID00044,00003a09,36,「心美先生、話せるゥ！」,"Sensei, I can talk to you now!",,
ID00044,00003a5b,57,「シーッ！　シーッ！　騒いじゃダメェ」,Shh! Shh! Don't make a fuss.,,
ID00044,00004345,18,「心美先生」,Miss Shinomiya,,
ID00044,0000452a,45,「あ、反町さん、行かないの？」,"Oh, Sorimachi-san, aren't you going?",,
ID00044,00004a22,33,「ええ。せっかく頂いた,You gave me this...,,
ID00044,00004a52,36,　貴重な５分間ですから、,"these precious five minutes,",,
ID00044,00004a85,33,　有意義に使わないと」,I have to use them wisely.,,
ID00044,00004eaa,42,「さっきの授業で、不明な点が,Didn't get some things in class.,,
ID00044,00004ee3,36,　３点ほどあるんですが、,I've got about three points.,,
ID00044,00004f16,39,　質問してもいいですか？」,Can I ask you some questions?,,
ID00044,00005341,12,「え…」,Huh...?,,
ID00044,000054c2,27,「も、もちろんよ」,"C-Certainly, go ahead",,
ID00044,0000578d,36,「まずは、セクション２の,"First, about section two.",,
ID00044,000057c0,42,　関係代名詞なんですけど…」,"It's related to relative pronouns...""",,
ID00044,00005a81,33,「うぅ…勉強熱心ねぇ」,Ugh... You're so studious.,,
ID00044,00005d6b,45,「あれ…もしかして、心美先生も,Oh wait... Could it be?,,
ID00044,00005da7,36,　スペシャルハンバーグを,is having special hamburger,,
ID00044,00005dda,33,　食べたかったとか？」,wanted to eat it too?,,
ID00044,000061e6,48,「う、ううん！　そんなことない！,"Uh, no! That's not true!",,
ID00044,00006225,36,　食べたくなんかない！」,I don't want to eat it at all!,,
ID00044,0000684c,57,「ですよねぇ。自分が食べたいからって、,Right? I want to eat it.,,
ID00044,00006894,57,　授業を早く切り上げた…なんてこと…」,There's no way she'd end class early...,,
ID00044,00006e66,57,「ないない！　あるわけないじゃない！」,Nope! That's impossible!,,
ID00044,00007168,57,「じゃあ、セクション２なんですけど…」,So it's Section 2 then...,,
ID00044,00007451,36,「はうぅぅ…じゅるる…」,Aaauu... Sluuurp...,,
ID00044,00007a24,36,「がんばって、心美先生」,"Good luck, Miss Shinmi!",,
ID00044,00007d88,24,「あ、相良さん」,"Ah, Sagara-san.",,
ID00044,000080e5,21,「私もお昼は、,"Me too, I'll have the",,
ID00044,00008109,54,　スペシャルハンバーグにしよ～っと」,special hamburger for lunch~,,
ID00044,00008823,33,「あ～っ、いいなぁ～」,"Ahh, nice~",,
ID00044,00008b0d,21,「心美先生！」,Teacher Shinomiya!,,
ID00044,00008d27,48,「は、はいっ、がんばるわよぉ！」,H-Hai! I'll do my best!!,,
ID00044,000094c9,72,こうして、心美先生は熱心に反町の質問に答えてた。,Shinmi-sensei answered Riko's questions.,,
ID00044,0000953f,57,（俺も昼はスペシャルハンバーグだな！）,(I'm having special hamburger for lunch too!),,
ID00045,00001583,60,（ずいぶん遅くなったな。そろそろ帰るか）,"You're pretty late. Time to head home, huh?",,
ID00045,00001bde,62,「あ！　@str_000君。ちょうどいいところにぃ」,"Ah! @str_000-kun, you came just in time!",,
ID00045,00001d85,30,「どうしたんです？」,What's up?,,
ID00045,00002040,39,「一緒に保健室へ行って～」,Let's go to the infirmary together~,,
ID00045,00002095,45,「…いいですけど、どうして？」,"...Sure, but why?",,
ID00045,00002248,18,「それが…」,That's...,,
ID00045,000023e1,15,「その…」,Well...,,
ID00045,0000241e,30,「どうしたんです？」,What's up?,,
ID00045,000025ec,45,「怖いのよおぉ、保健室がぁ！」,I'm scared of the infirmary!!,,
ID00045,0000279b,18,「はぁ！？」,Hah!?,,
ID00045,00002922,33,「さっき、生徒の子に、,"Just now, a student told me,",,
ID00045,00002952,51,　学校の怪談を話されちゃってぇ…」,They told me some school ghost stories...,,
ID00045,00002dd3,36,「うぅ…夕暮れになると、,"Ugh... When it gets to dusk,",,
ID00045,00002e06,48,　保健室の鏡に幽霊が映るのよぉ」,A ghost shows up in the infirmary mirror!!,,
ID00045,0000342f,33,「これから、来室記録を,I'm gonna record your visit now.,,
ID00045,0000345f,48,　取りに行かなきゃならないのに、,"I gotta go get it, but...",,
ID00045,0000349e,51,　行けなくなっちゃったじゃなぁい」,I can't even move now!,,
ID00045,00003653,24,「怖がりだなぁ」,You're so scared.,,
ID00045,000037e0,57,「普通、怖いわよぉ。幽霊よ！　幽霊！」,"It's normal to be scared, right? Ghosts! Ghosts!",,
ID00045,00003af2,60,「一緒に行くのは、べつにいいですけど？」,You don't mind if I go with you?,,
ID00045,00003ca3,42,「ホント！？　ありがとぉ！」,Really!? Thanks a lot!,,
ID00045,00004270,30,「さ、い、行くわよ」,S-s-s-let's go then.,,
ID00045,00004532,33,「い、今から、そんなに,I'm leaving now.,,
ID00045,00004562,36,　しがみつかなくても…」,hold on so tight...,,
ID00045,00004756,63,「心構えがいるのよぉ。ほら、出発、出発！」,"You need to be ready. C'mon, let's go!",,
ID00045,00004a39,18,「はいはい」,Sure sure.,,
ID00045,00004f0a,63,こうして、心美先生と一緒に保健室へ行った。,So I went to the infirmary with Shimami-sensei.,,
ID00045,00004fc5,48,「はうぅ…誰もいなあぃ。怖いぃ」,Uwah... No one's here. It's scary!,,
ID00045,00005023,33,「俺がついてますって」,I'm right behind you.,,
ID00045,00005072,30,「離れちゃいやよぉ」,Don't leave me!,,
ID00046,00001842,57,「ふ～っ、学校中、歩き回って疲れた…」,"Phew, I'm tired...",,
ID00046,00002074,39,「あれ？　ぶろ君も休憩？」,Hey? Are you taking a break too?,,
ID00046,0000221d,15,「ユイ姉」,Yui-nee,,
ID00046,000023a1,30,「一緒にお茶する？」,Wanna get some tea together?,,
ID00046,000023ed,15,「いいね」,That's great.,,
ID00046,00002571,63,「じゃあ、買ってきてよ。私、アイスティね」,So go buy it for me. I want iced tea.,,
ID00046,0000286d,57,「ったく…はいはい、買ってきてやるよ」,"Geez... Fine, fine, I'll go buy it for you.",,
ID00046,000028e5,57,「そのドリンク、私に買いに行かせて！」,You're gonna make me buy that drink for you?,,
ID00046,0000318d,36,「心美先生……なんで？」,Miss Shinomi... Why?,,
ID00046,00003461,57,「あのね……その代わりにって言ったら、,You see... If I say instead of that...,,
ID00046,000034a9,60,　気を悪くするかもしれないんだけどぉ…」,"you might get mad, though...",,
ID00046,000038d0,63,「ユイナさんに…お願いしたいことがあるの」,"I have a favor to ask you, Yuina-san.",,
ID00046,00003bdb,30,「私に？　先生が？」,You? Miss Shinomi?,,
ID00046,00003ed4,51,「その……ね、ずっと……その……」,"Well, umm... for a long time... ummm...",,
ID00046,00004446,51,「あなたのサインが欲しかったの！」,I wanted your autograph!,,
ID00046,000045ee,12,「えっ」,Oh!,,
ID00046,0000478e,42,「ファンなのよ！　あなたの。,I'm a fan! Of yours.,,
ID00046,000047c7,48,　いっつもキレイで、凜としてて、,You're always so beautiful and composed...,,
ID00046,00004806,30,　キラキラしてて…」,and sparkling...,,
ID00046,00004f33,45,「けど、周りがみんな、あなたに,but everyone wants yours...,,
ID00046,00004f6f,54,　サインをねだるから、大変そうで…」,so it looks like a hassle...,,
ID00046,000055eb,48,「私はお願いしちゃいけないって…,I wasn't supposed to ask for one though...,,
ID00046,0000562a,36,　がまんしてたんだけど…,but I've been holding back...,,
ID00046,0000565d,39,　どうしても…欲しくて…」,I just really wanted it so much...,,
ID00046,00005c21,21,「心美先生…」,Miss Shinomiya...,,
ID00046,00005dab,48,「そんな気を遣わなくていいのに。,You didn't have to go out of your way...,,
ID00046,00005dea,42,　いいですよ、サインぐらい」,"It's fine, just a signature.",,
ID00046,00006218,39,「ホントォ？　ゴメンねぇ、,"Really? Sorry,",,
ID00046,0000624e,39,　せっかく休憩してる時に」,I was taking a break though.,,
ID00046,000066ed,54,「ほら、ぶろ君、早くお茶買ってきて。,"Hey, Bro-kun, go get some tea quick.",,
ID00046,00006732,24,　先生の分もよ」,And get some for the,,
ID00046,00006c89,60,「あ～ん、それは私が買ってくるってばぁ」,"Ah, I said I'd go buy it myself.",,
ID00046,00006e47,42,「先生に買いに行かせるわけに,I can't make her go buy it for me.,,
ID00046,00006e80,51,　いかないですよ。なに飲みます？」,What'll you be having?,,
ID00046,0000708b,39,「うぅ…私もアイスティ…。,Ugh... I want iced tea too...,,
ID00046,000070c1,35,　ゴメンねぇ、@str_000君」,"Sorry, @str_000-kun",,
ID00046,0000771b,18,「いえいえ」,"Oh no, it's fine",,
ID00046,00007889,57,「あ！　じゃあ、お代は私が出すから！」,Ah! Then let me pay for it!,,
ID00046,00007d42,30,「財布…さ、財布…」,My wallet... my wallet...,,
ID00046,00008289,51,「あうぅ……職員室に置いてきたぁ」,Aww... I left it in the faculty room...,,
ID00046,00008425,42,「気を遣わなくていいですよ」,You don't have to go out of your way,,
ID00046,00008623,36,「そうそう。お茶ぐらい、,Yeah. A cup of tea is just,,
ID00046,00008656,36,　ぶろ君のおごりだから」,It's my treat for Bro-kun.,,
ID00046,00008b1b,63,「なに言ってんだ、あとで個別に請求する！」,What are you saying? I'll bill you later!,,
ID00046,00009057,36,「うん、必ず払うからね」,"Yeah, I'll definitely pay it back.",,
ID00046,00009344,36,「きっちりしてるわねぇ」,You're so responsible.,,
ID00046,00009396,63,「ユイ姉がいつもそうしろって言ってんだろ」,"Yui-nee always tells you to do that, right?",,
ID00046,0000974a,63,「そう。お金にルーズなのはよくないからね。,That's right. Watch your cash.,,
ID00046,00009798,27,　芸能界にいると、,"In showbiz,",,
ID00046,000097c2,48,　こわ～い話がいっぱいあるのよ」,there are lots of scary stories.,,
ID00046,00009c03,51,「はいはい。じゃ、買ってくるから」,"Sure, sure. I'll go get it.",,
ID00046,00009e1f,24,「ありがとう～」,Thanks a lot~,,
ID00046,0000a023,54,「そこのテーブルで書いちゃいますね、,"I'll write it at that table, Miss Shinmi.",,
ID00046,0000a068,18,　心美先生」,Miss Shinmi.,,
ID00046,0000a266,42,「うん、大切にするからね～」,"Yeah, I'll take good care of it~",,
ID00046,0000a879,72,こうして、心美先生は、念願のユイ姉…じゃなくて、,"And so, Miss Shinmi finally got her long-awaited",,
ID00046,0000a8d0,42,ユイナのサインをゲットした。,She got Yuna's autograph.,,
ID00047,000012c3,51,「む！　よ～し、がんばるぞ～っ！」,"Muu! Alright, I'll do my best!!",,
ID00047,000015bf,54,「心美先生、なにをがんばるんです？」,"Teacher Shinomiya, what are you trying so hard at?",,
ID00047,000017b0,23,「あ、@str_000君」,"Ah, @str_000-kun.",,
ID00047,00001c21,48,「エヘヘ、砂浜をランニングよ！」,"Hehe, running on the beach!",,
ID00047,00001f36,39,「元気いっぱいの生徒たちに,The energetic students,,
ID00047,00001f6c,36,　負けない体力をつけて、,I'm gonna build up my stamina and,,
ID00047,00001f9f,60,　もっともっとがんばっちゃうんだから！」,try even harder!,,
ID00047,000023fb,29,「@str_000君も走る？」,"@str_000, you wanna run too?",,
ID00047,00002446,57,「い、いや、俺はいいですよ。制服だし」,"N-No, I'm good. I've got a uniform on.",,
ID00047,000025f4,57,「そっかぁ、汗だくになっちゃうもんね」,"Oh, right, you'd get all sweaty.",,
ID00047,00002796,45,「どれぐらい走るつもりです？」,How far do you plan on running?,,
ID00047,00002954,33,「まずは、１キロから。,Let's start with one kilometer.,,
ID00047,00002984,51,　徐々に増やして、目標は３キロ！」,Gradually reach three km!,,
ID00047,00002c74,57,「じゃあ、冬の持久走大会は完走ですね」,So you'll finish the winter long-distance race then.,,
ID00047,00002e22,45,「私は先生だから、走らないの！,"I'm a teacher, so I won't run!",,
ID00047,00002e5e,27,　見守る側なの！」,I'll watch over you!,,
ID00047,00003136,21,「そ、そっか」,R-Really?,,
ID00047,000032c0,39,「も～っ、子供扱いしてぇ」,You're treating me like a kid~,,
ID00047,0000357e,63,「…けど、一緒に走るのって、楽しそうよね」,"But, running together sounds like fun...",,
ID00047,0000387a,51,「先生が走れば、みんな喜びますよ」,"If you run, everyone will be happy.",,
ID00047,00003a9e,54,「そっかぁ……学校のお許しが出たら、,"I see... If the school gives us permission,",,
ID00047,00003ae3,39,　一緒に走っちゃおうかな」,Maybe I'll join in too.,,
ID00047,00003fe4,54,「その為にも、ドゥ　マイ　ベスト！」,"For that reason, I'll do my best!",,
ID00047,0000441e,27,「それじゃあね～」,See ya~,,
ID00047,00004809,57,（いつもがんばってるよな、心美先生は）,"(She always works hard, doesn't she, Miss Shinmi?)",,
ID00048,000016c3,39,「はうぅぅ…疲れたぁぁ…」,Ahh... I'm so tired...,,
ID00048,00001853,45,「ずいぶんぐったりしてますね」,You look really exhausted.,,
ID00048,00001a82,44,「あ、@str_000君、そうなのよぉ」,"Oh, @str_000-kun, is that right?",,
ID00048,00001f20,51,「体育の授業で、生徒に乗せられて、,"In P.E., the students made me ride",,
ID00048,00001f62,60,　一緒にバスケをやっちゃったもんだから、,"We ended up playing basketball together, so...",,
ID00048,00001fad,30,　くったくたでぇ…」,I'm totally drained...,,
ID00048,000023c3,48,「はは…まだ授業残ってますけど、,"Haha... There's still class left, but...",,
ID00048,00002402,24,　大丈夫ですか」,Are you okay?,,
ID00048,0000258f,48,「もちろんよ！　こんな時のための,Of course! It's for times like this!,,
ID00048,000025ce,36,　栄養ドリンクだもん！」,"It's a nutritional drink, after all!",,
ID00048,000029f6,45,「一気飲みしちゃうわよ～っ！」,I'm gonna chug it down~!,,
ID00048,00002db2,30,「んっ……んっ……」,...Mmm...,,
ID00048,00002dfe,42,「んっ……んっ……んっ……」,Nn... Nn... Nn...,,
ID00048,000038ae,39,「ぷはぁ～っ、おいし～っ」,Pfff~ It's so good~,,
ID00048,00003a3e,45,「栄養ドリンクって、牛乳！？」,A nutritional drink? Milk!?,,
ID00048,00003be0,42,「なによぉ、栄養ドリンクには,What do you mean?,,
ID00048,00003c19,30,　違いないでしょ？」,aren't they?,,
ID00048,00003f10,18,「…ですね」,...Right?,,
ID00048,00004097,33,「さ～て、元気出たし、,"I'm feeling better now,",,
ID00048,000040c7,42,　残りの授業がんばるぞ～っ」,I'll do my best for the rest of class~,,
ID00048,0000464c,30,「それじゃあね～っ」,See ya~,,
ID00048,00004a54,63,（牛乳が栄養ドリンクか。心美先生らしいな）,(That's so Shinomi.),,
ID00049,00001172,45,（外でレコチャンスでも探すか）,Maybe I'll find one outside.,,
ID00049,0000145b,60,（あ…靴を履き替えてるのは…心美先生！）,Oh... The one changing shoes is Ms. Shinomiya!,,
ID00049,000014c6,25, レコチャンスだ！, Recording chance!,,
ID00049,000014fa,25, 録るまでもないな, Not worth recording,,
ID00049,00001c2c,30,（録るまでもないな）,No point recording.,,
ID00050,0000106e,51,（あ！　階段を上がっていくのは…）,(Oh! The one going up the stairs is...),,
ID00050,000010d0,25, レコチャンスだ！, Recording chance!,,
ID00050,00001104,25, 録るまでもないな, Not worth recording,,
ID00050,00001836,30,（録るまでもないな）,No point recording.,,
ID00051,0000115e,54,（うちのプールって、フェンスの隙間が,There's a hole in our fence.,,
ID00051,000011a3,42,　大きくて、のぞこうと思えば,you could.,,
ID00051,000011dc,30,　のぞけるんだよな）,You know?,,
ID00051,00001229,10, のぞく, Peek,,
ID00051,0000124e,16, のぞかない, Don't peek,,
ID00051,0000128a,48,（ちょっとだけ…のぞいてみるか）,...I'll just take a quick peek then.,,
ID00051,00001bfc,60,（思わず…録ってしまった…。後で消そう）,I couldn't help recording it... I'll erase it later.,,
ID00051,00001c7b,57,（いやいや、のぞくわけにいかないだろ。,"Nah, I can't exactly peek, though.",,
ID00051,00001cc3,24,　教室へ戻ろう）,Let's head back.,,
ID00052,0000109e,48,（あ！　シャワーを浴びてるのは、,Hey! It's Sagara in the shower!,,
ID00052,000010dd,21,　心美先生！）,"Sensei, Shinmi!",,
ID00052,00001121,25, レコチャンスだ！, Recording chance!,,
ID00052,00001155,25, 録るまでもないな, Not worth recording,,
ID00052,0000159b,21,「フンフン～」,Hmm hmm~,,
ID00052,00001847,45,「心美はできる子がんばる子～。,Shinmi's a good girl who works hard~.,,
ID00052,00001883,48,　自分を信じてドゥマイベスト～」,Believe in yourself and do your best~.,,
ID00052,00001f3e,30,（録るまでもないな）,No point recording.,,
ID00053,0000119e,57,（あ……あそこで寝てるのは、心美先生）,(Oh... She's sleeping over there.),,
ID00053,00001206,25, レコチャンスだ！, Recording chance!,,
ID00053,0000123a,25, 録るまでもないな, Not worth recording,,
ID00053,000016b5,21,「す～～～っ」,Sss...,,
ID00053,000016f8,27,「ふにょ～～～っ」,Fnuh...,,
ID00053,000018a4,27,「で…出来たぁ…」,I... I did it...,,
ID00053,00001d30,21,「す～～～っ」,Sss...,,
ID00053,00001d73,27,「ふにゅ～～～っ」,Fnuh...,,
ID00053,000023f3,57,（疲れてるんだな、そっとしておこう…）,"(She looks so tired, let's leave her alone...)",,
ID00054,000017c4,57,（暑っち～っ。夏も終わりが近いってのに,It's still so hot...,,
ID00054,0000180c,30,　なんだこの暑さは）,Summer's almost over.,,
ID00054,00001858,33,（風が吹いてくれれば、,"If only there was a breeze,",,
ID00054,00001888,42,　少しは涼しくなんだけど…）,I could feel cooler... but nope...,,
ID00054,00001921,33,（まさか…この風は…）,Could it be... that wind is...?,,
ID00054,00001971,25, レコチャンスだ！, Recording chance!,,
ID00054,000019a5,25, 録るまでもないな, Not worth recording,,
ID00054,0000286d,51,（うおおおおおっ！　神風だあッ！）,Ahhh! It's a divine wind!,,
ID00054,00003018,12,「あ…」,...,,
ID00054,00003052,15,「はは…」,Heh...,,
ID00054,000031d6,36,「い、いつからそこに？」,W-When did you get there?,,
ID00054,00003363,36,「えと…風が吹く前から」,Well... before the wind blew.,,
ID00054,000034fc,24,「み、見たぁ？」,D-Did you see it?,,
ID00054,0000367d,60,「クマのパンツだなんて見てないですよ！」,I didn't look at bear underwear!,,
ID00054,0000382e,57,「もう！　そんなパンツ履いてないわよ！,Geez! I don't wear that kind of underwear anymore!,,
ID00054,00003876,39,　もっと大人のパンツよ！」,I wear more grown-up underwear now.,,
ID00054,00003b76,33,「大人のパンツって？」,More grown-up underwear?,,
ID00054,00003d88,18,「それは…」,It's...,,
ID00054,00003dc8,18,「ゴクリ…」,Swallow...,,
ID00054,00003ff0,60,「見てないならいいの！　それじゃあね！」,"If you didn't look, then fine! See ya!",,
ID00054,00004d3a,30,「スッゲ！　ヤッル！,Damn! Let's do this!,,
ID00054,00004d67,42,　まさにスナイパーだぜェ！」,You're a damn sniper!,,
ID00054,00005064,33,「ああっ、堂下部長！」,"Ah, Dougeki-buchou!",,
ID00054,000051fa,45,「心美ちゃんのお宝生動画とか、,"Heart-chan's treasure videos,",,
ID00054,00005236,33,　うっらやましーーッ」,damn I'm jealous!,,
ID00054,0000559a,39,「今からでも遅くねーから、,"You're not too late, so",,
ID00054,000055d0,51,　うちの部に来た方がいいんじゃネ？,"it'd be better to come join our club, right?",,
ID00054,00005612,60,　渚紗ちゃんとこじゃ、もったいないって」,You'd be wasting your time with Nagisa-chin.,,
ID00054,00005bb0,15,「はは…」,Heh...,,
ID00054,00005d34,36,「その調子で、バシバシ、,"Just keep it up, bang away,",,
ID00054,00005d67,45,　エロースを追求していきなヨ。,Go for ero all the way.,,
ID00054,00005da3,21,　応援するぜ」,I'll cheer you on.,,
ID00054,00006461,18,「バイビー」,Bye-bye,,
ID00054,0000698b,54,（やばいやばい、エロースじゃなくて、,"Oh no, oh no, not ero...",,
ID00054,000069d0,42,　キュートを追求しないと…）,I gotta go for cute instead...,,
ID00054,00006b85,45,「先生にも容赦しねーその姿勢、,You don't spare the teacher.,,
ID00054,00006bc1,30,　見習わねーとなぁ」,I've got to learn from that.,,
ID00054,00006ea8,36,「その調子で、バシバシ、,"Just keep it up, bang away,",,
ID00054,00006edb,42,　エロース、狙っちゃってよ」,Go ahead and aim for ero.,,
ID00054,000072fd,15,「はは…」,Heh...,,
ID00054,00007481,24,「シクヨロー！」,You're welcome!,,
ID00054,00007883,57,（俺、Ｅ動画部に染まってきてないか？）,(Am I getting into the E-Video Club?),,
ID00054,0000792e,30,（録るまでもないな）,No point recording.,,
ID00055,000015f6,63,（これといって、録りたいものがないなぁ…。,Nothing in particular I wanna record...,,
ID00055,00001644,24,　教室へ帰るか）,Back to class.,,
ID00055,00001b2a,39,「おわっ！　つむじ風が！」,Whoa! A dust devil!,,
ID00055,00001b7f,42,（まいったな…砂まみれだよ）,Aw man... I'm covered in sand.,,
ID00055,0000208f,48,「ふ～っ、顔洗ってスッキリした」,My face feels refreshed.,,
ID00055,00002371,35,「@str_000君、どうしたの？,"Hey @str_000, what's up?",,
ID00055,000023a3,36,　顔がびしょ濡れだけど」,Your face is all wet.,,
ID00055,00002530,39,「あ、校庭で突風が吹いて、,"Oh, a sudden gust.",,
ID00055,00002566,33,　砂まみれになって…」,And I'm covered in sand...,,
ID00055,000026fc,21,「そうなんだ」,"Oh, really?",,
ID00055,00002886,30,「ほら、これ使って」,"Here, use this.",,
ID00055,00002b27,27,「あ…すみません」,Oh... I'm sorry.,,
ID00055,00002cb7,51,「いいのいいの。男子って、ハンカチ,It's fine. Boys don't.,,
ID00055,00002cf9,39,　持ち歩いてないもんね～」,You don't need to walk around with one~,,
ID00055,000030de,39,「ありがとうございました」,Thank you very much,,
ID00055,0000327a,30,「どういたしまして」,You're welcome.,,
ID00055,000032c6,39,「かわいいハンカチですね」,That's a cute handkerchief.,,
ID00055,00003462,45,「でしょお？　お気に入りなの」,See? It's my favorite.,,
ID00055,000035f8,54,「…けど、それって、女児向けじゃ…」,...But that looks like it's for little girls...,,
ID00055,000037b5,45,「女児じゃないわよ！　大人よ！,I'm not a little girl! I'm an adult!,,
ID00055,000037f1,51,　二十歳過ぎのレディなんだから！」,"I'm a lady over twenty, you know!",,
ID00055,00003ae1,39,「それはわかってますけど、,"I know that, but...",,
ID00055,00003b17,57,　そのハンカチはどう見ても女児向け…」,Looks like for girls...,,
ID00055,00003ce1,36,「いいの！　かわいいは、,That's fine! Cute is,,
ID00055,00003d14,39,　何事にも勝るんだから！」,better than anything else!,,
ID00055,0000401e,18,「ははは…」,Hahaha...,,
ID00055,0000418c,54,「も～っ、せっかく貸してあげたのに、,"Mou~, I lent it.",,
ID00055,000041d1,30,　お小言なわけぇ？」,why are you scolding me?,,
ID00055,000044ac,51,「す、すみません！　助かりました！,S-Sorry! Thank you so much!,,
ID00055,000044ee,39,　ありがとうございます！」,Thank you so much!,,
ID00055,000046b4,42,「うんうん、それでいいのよ。,"Yeah yeah, that's fine.",,
ID00055,000046ed,30,　わかればよろしい」,As long as you understand.,,
ID00055,00004b0f,27,「それじゃあね～」,See ya~,,
ID00055,00004e3c,36,（女児向けのハンカチが、,"A handkerchief for little girls,",,
ID00055,00004e6f,36,　似合いすぎて困るよな）,"fits you too well, huh?",,
ID00056,00001f10,33,「わ～っ、今日の水泳、,"Wah~, today's swimming is~",,
ID00056,00001f40,36,　心美先生なんだ～っ！」,with Shinmi-sensei~!,,
ID00056,00001f92,48,「かわいい～っ！　妹みた～い！」,So cute~! Like a little sister~!,,
ID00056,00001ff0,51,「妹じゃないもん！　先生だもん！」,I'm not your little sister! I'm your teacher~!,,
ID00056,00002051,48,（プールから聞こえるこの声は…）,(That voice coming from the pool...),,
ID00056,0000287b,45,「やっぱり相良さんと心美先生」,"It's Sagara and Shinmi-sensei, as expected.",,
ID00056,00002dd3,12,「あ…」,...,,
ID00056,00002fcb,39,「心美先生、男子がいきなり,"Shinmi-sensei, having guys suddenly",,
ID00056,00003001,33,　入ってくるなんて…」,come in like this...,,
ID00056,00003484,21,「そ、そうね」,R-Right.,,
ID00056,0000381f,59,「@str_000君、もう女子の水泳が始まるから、,"@str_000, the girls' swim meet's about to start, so",,
ID00056,00003869,24,　外に出てって」,Go outside.,,
ID00056,000039ea,18,「は、はい」,Y-Yes.,,
ID00056,00003d1c,54,（追い出された…か。仕方ないよな…）,(Got kicked out... I guess that's to be expected...),,
ID00056,00003edd,62,「あ、@str_000君！　心美先生の学校用水着姿、,"Ah, @str_000! So cute~!",,
ID00056,00003f2a,51,　かわいいわよね～！　妹みたい！」,She looks like my little sister!,,
ID00056,000047af,48,「…まぁ、年下っぽくはあるかな」,"...Well, she does look kinda young.",,
ID00056,000049c8,41,「もーっ、@str_000君までぇ！」,"Aw, @str_000 too!",,
ID00056,00004e6f,45,「年下じゃないわよ！　先生よ！,I'm not younger than you! I'm the teacher!,,
ID00056,00004eab,36,　もう２２なんだから！」,"I'm already twenty-two, after all!",,
ID00056,00005637,54,「心美先生、ちょっといいですかぁ～」,"Miss Shinomi, can I talk to you for a sec~?",,
ID00056,00005886,24,「あ、いいわよ」,"Oh, sure.",,
ID00056,00005c08,38,「それじゃあね、@str_000君。,"Well then, @str_000-kun,",,
ID00056,00005c3d,60,　もう授業始まるから、外に出てくれる？」,"class is about to start, so could you go outside?",,
ID00056,00005f36,15,「はい…」,Yes...,,
ID00056,00006297,27,（仕方ないよな…）,Oh well...,,
ID00056,00006755,45,「その歳でそれだけ学校用水着が,You're that old and still in a swimsuit?,,
ID00056,00006791,48,　似合うんだから、反則でしょ？」,"You look good in it, that's cheating!",,
ID00056,00006cf2,18,「あ、反町」,Huh? Sorimachi?,,
ID00056,00006fa7,36,「普通、その歳で着たら、,"At your age, wearing it would be",,
ID00056,00006fda,36,　コスプレよ、コスプレ」,"Cosplay, cosplay.",,
ID00056,00007559,42,「コスプレじゃないもぉん！」,It's not cosplay!!,,
ID00056,000076f8,48,「そう。全然、コスプレって感じが,"Right. It doesn't feel like cosplay at all,",,
ID00056,00007737,51,　しないのよね。すごく馴染んでる」,It fits you really well.,,
ID00056,00007d7f,18,「うんうん」,Yeah yeah,,
ID00056,000080bd,39,「そんなとこ褒められても、,"Even if you say that,",,
ID00056,000080f3,51,　ちっともうれしくないんだからぁ」,it doesn't make me happy at all!,,
ID00056,000083bd,60,「せめて…せめてお姉さんに見られたいぃ」,At least... I want my sister to see it!,,
ID00056,000085f2,18,「それは…」,It's...,,
ID00056,00008662,35,  胸で反町に負けてるし…,  Sorimachi wins on chest...,,
ID00056,000086a0,50,  スタイルで相良さんに負けてるし…,  Sagara wins on figure...,,
ID00056,000086ed,53,  ロリっぽい方がいいじゃないですか！,"  Petite is better, right?",,
ID00056,0000874e,39,「胸で反町に負けてるし…」,I lose to Sorimachi in bust size...,,
ID00056,00008917,12,「う…」,...,,
ID00056,00008f0a,59,「ちょっ！　@str_000！　どこ見てんの！？」,Oh! @str_000! What are you looking at!?,,
ID00056,000094f3,45,「確かに……負けてる。うう…」,Yeah... I lose. Ugh...,,
ID00056,000097d9,54,「スタイルで相良さんに負けてるし…」,I also lose to Sagara in figure...,,
ID00056,000099b1,12,「う…」,...,,
ID00056,00009fa4,12,「え…」,Huh...?,,
ID00056,0000a1a1,60,「確かに……身長も、スタイルも負けてる。,Yeah... I'm shorter and my figure sucks too.,,
ID00056,0000a1ec,15,　うう…」,Ugh...,,
ID00056,0000a9e5,33,「けど、いいんだもん！,But it's fine!,,
ID00056,0000aa15,51,　私には大人の経験があるんだから！,"I've got adult experience, you see!",,
ID00056,0000aa57,45,　お酒だって飲めるんだもん！」,I can even drink alcohol!,,
ID00056,0000b514,60,「さ、２人とも、授業の準備をしますよぉ。,"Alright, both of you, let's get ready for class.",,
ID00056,0000b55f,33,　ビート板持ってきて」,"Bring the dance floor, then.",,
ID00056,0000babf,15,「はーい」,Okay!,,
ID00056,0000bc43,15,「はぁい」,Okay.,,
ID00056,0000c38e,45,「じゃ、俺も体育館へ行くかな」,Guess I'll head to the gym too.,,
ID00056,0000c5ea,36,「暑いけどがんばってね」,It's hot but do your best!,,
ID00056,0000c63c,18,「…はーい」,...Okay!,,
ID00056,0000c69f,57,「ロリっぽい方がいいじゃないですか！」,"Doll-like is better, isn't it?",,
ID00056,0000c914,12,「えっ」,Oh!,,
ID00056,0000cb4f,12,「えっ」,Oh!,,
ID00056,0000cd8a,12,「えっ」,Oh!,,
ID00056,0000cf0b,41,「@str_000君って…そうなの？」,@str_000-kun...is that true?,,
ID00056,0000d1e4,24,「ふ、ふうん…」,Huh...?,,
ID00056,0000d4ac,33,「うわぁ…ドン引き…」,Ugh...she's backing away...,,
ID00056,0000d80d,39,「向こう…行きましょうか」,Should we go over there?,,
ID00056,0000dec9,15,「うん…」,Right...,,
ID00056,0000e04d,21,「行こ行こ…」,"Let's go, let's go...",,
ID00056,0000e510,48,「あっ！　ちょ、ちょっと待っ…」,Ah! Wait a sec!,,
ID00056,0000e56e,39,「誤解だ！　誤解なんだぁ！,It's a misunderstanding!,,
ID00056,0000e5a4,30,　俺はウケると思って,I said it for laughs.,,
ID00056,0000e5d1,33,　言っただけでーっ！」,and stuff!,,
ID00056,0000e620,45,こうして…あらぬ誤解を招いた。,And so... I caused a misunderstanding.,,
ID00057,00001dce,36,「ね～ね～、そこの子～、,"Hey~ hey~, you there~",,
ID00057,00001e01,63,　ここから職員室って、どう行くのが近道？」,What's the quickest way there?,,
ID00057,00002482,18,「ね～ね～」,Hmm~ hmm~,,
ID00057,00002609,24,「ね～ってばぁ」,What's with 'hey'!,,
ID00057,00002668,21,「え？　私？」,Huh? Me?,,
ID00057,000029e3,33,「ああっ！　心美先生！,Oh! Miss Shinmi!,,
ID00057,00002a13,30,　ご、ごめんなさい！,S-Sorry!,,
ID00057,00002a40,42,　下級生と間違えちゃった！」,I mistook her for a lowerclassman!,,
ID00057,000030e4,48,「だ、誰が下級生よ！　よく見て！,Who the hell's a lowerclassman! Look closely!,,
ID00057,00003123,51,　年上よ、年上！　それもすごく！」,"I'm older, way older than you!",,
ID00057,00003959,42,「あなたの年下っていったら、,"If I were younger than you, it'd be like",,
ID00057,00003992,39,　中２とか中１じゃない！」,Not a first- or second-year!,,
ID00057,00003da4,60,「いやぁ、小６ぐらいかと思っちゃったよ」,I thought maybe you were just in sixth grade.,,
ID00057,00004090,39,「そんなワケないでしょぉ！,No way am I that young!,,
ID00057,000040c6,30,　歴とした先生よ！」,I'm a real teacher!,,
ID00057,000043ad,30,「あはは、だよね～」,"Hehe, yeah.",,
ID00057,00004534,36,「まぁ、後ろから見ると、,"From behind, you'd think",,
ID00057,00004567,33,　生徒と間違えるよな」,I'm a student.,,
ID00057,00004ae5,57,「あ…話しかけないでって言ったのに…」,Ah... I told you not to talk to me...,,
ID00057,00004ffc,39,「心美先生、向こう行こっ」,"Come on, Shinmi-sensei.",,
ID00057,000054e3,24,「え？　ええ…」,Huh? Yeah...,,
ID00057,00005c59,30,（行っちゃったか…）,She left...,,
ID00057,00005e1b,39,「あ、ナツにい。だよね～」,"Oh, Nat-su. Hehe~",,
ID00057,00006438,38,「も～っ、@str_000君まで！」,"Even you too, @str_000!",,
ID00057,00006846,48,「ほらあ、帽子を被ってるでしょ？,"Look, I'm wearing a hat.",,
ID00057,00006885,42,　ちゃんと生徒と違いをつけて,I stand out from other students.,,
ID00057,000068be,45,　わかりやすくしてるんだから」,so it's obvious who I am.,,
ID00057,0000747f,45,「ね、心美先生って、天然なの？,"Hey, isn't Ms. Shinomi kind of ditzy?",,
ID00057,000074bb,60,　あの帽子のせいで余計幼く見えるよね？」,"That hat makes her look even younger, doesn't it?",,
ID00057,00007c6c,27,「…それを言うな」,...Don't say that.,,
ID00057,00007dfc,42,「天然じゃないわよ、もーっ！,"I'm not ditzy at all, geez!",,
ID00057,00007e35,33,　しっかりしてるの！」,I'm totally responsible!,,
ID00057,00008425,63,「そういうこと言ってると、職員室への近道、,I'm not telling you that shortcut.,,
ID00057,00008473,42,　教えてあげないんだからぁ」,See? I won't tell ya!,,
ID00057,000088ba,36,「あ～、教えて、教えて。,"Oh, please tell me, tell me.",,
ID00057,000088ed,63,　心美先生はしっかり者！　大人っぽいなぁ」,"You're so responsible, Miss Shinomi! So grown-up.",,
ID00057,00008ea0,57,「でしょう？　じゃあ、案内してあげる」,You see? I'll show you around.,,
ID00057,000091be,60,「実はね、次、受け持ちのクラスの体育だと,"Actually, next up is my class's P.E.",,
ID00057,00009209,57,　思ってたんだけど、違ったみたいで…。,Turns out I was wrong...,,
ID00057,00009251,30,　急いで戻らなきゃ」,I gotta hurry back.,,
ID00057,000097ae,45,「え？　クラスを間違えるって…,Huh? You got the class wrong...?,,
ID00057,000097ea,27,　やっぱり天然？」,You're a space cadet.,,
ID00057,00009ac2,12,「だな」,Exactly.,,
ID00057,00009cba,45,「天然じゃないわよ！　もーっ」,I'm not a space cadet! Grr...,,
ID00057,00009fb0,33,「ほらほら、行くわよ」,"Come on, let's go.",,
ID00057,0000a13a,30,「じゃあな、まひろ」,"Later, Mahiro.",,
ID00057,0000a387,27,「うん、またね～」,See ya!,,
ID00058,00003082,51,（あ…窓際の席で勉強してるのは…）,(Oh... the person studying by the window is...),,
ID00058,00003582,33,「じゃあ、次の問題ね。,"Okay, next question.",,
ID00058,0000386a,54,「ん……まずは、分母を同じにしなきゃ,"First, match the denominators.",,
ID00058,000038af,27,　ならないから…」,Otherwise it won't work...,,
ID00058,00003b61,51,「６と８の最小公倍数は……２４？」,The least common multiple of 6 and 8 is... 24?,,
ID00058,00003e2b,12,「そう」,Yeah.,,
ID00058,00003f93,54,「じゃあ、４／２４＋１５／２４で…」,So that's 4/24 + 15/24...,,
ID00058,000043d1,36,「正解。簡単でしょう？」,"Correct. It's easy, right?",,
ID00058,000046cf,33,「うん、やり方覚えた」,"Yeah, I got it.",,
ID00058,0000541e,23,「あ、@str_000君」,"Ah, @str_000-kun.",,
ID00058,0000560f,12,「あ…」,...,,
ID00058,00005820,48,「心美先生、向こうの席で教えて」,"Miss Shinmi, you taught her over there?",,
ID00058,00005ce4,27,「え？　いいけど」,Huh? Sure.,,
ID00058,0000634d,24,「あ、妃月さ…」,"Oh, Himeragi...",,
ID00058,000066cf,24,「それじゃあね」,See ya.,,
ID00058,00006715,15,「はい…」,Yes...,,
ID00058,00006af0,45,（俺が悪いんだ…仕方ないよな）,(It's my fault... Guess that's fine.),,
ID00058,00006cfd,60,「心美先生に算数教えてもらってるのか？」,You're getting math lessons from Miss Shinmi?,,
ID00058,00006ed8,36,「そう。わからないとこ、,I can't stand uncertainty.,,
ID00058,00006f0b,33,　放っておくのキライ」,I can't stand it.,,
ID00058,00007573,39,「うんうん、いい心がけね」,"Yeah, that's a good attitude.",,
ID00058,00007900,48,「けど、なんで、心美先生なんだ？,But why Ms. Shinbi?,,
ID00058,0000793f,27,　担任の先生は？」,What about our teacher?,,
ID00058,00007b43,54,「心美先生の方がいい。かわいいから」,I prefer Ms. Shinbi. She's cute.,,
ID00058,00007e10,36,「ホント？　うれしい～、,Really? I'm so happy~,,
ID00058,00007e43,57,　妃月さんにかわいいってほめられたぁ」,Himeragi said I was cute!,,
ID00058,000084db,45,「クラスメイトみたいで気が楽」,It feels more like talking to a classmate.,,
ID00058,00008664,36,「ん？　ちょっと待って。,Huh? Wait a sec.,,
ID00058,00008697,60,　それって、私が小学生みたいってこと？」,Does that mean I seem like an elementary school kid?,,
ID00058,00008ddd,21,「見た目はね」,It's just how I look.,,
ID00058,00008f67,42,「そんなことないわよぉ～っ。,No way!,,
ID00058,00008fa0,51,　下に見られても、中学生までよぉ」,I'm still in middle school.,,
ID00058,00009290,54,「中１と小５ならそんなに変わらな…」,Not much difference between us...,,
ID00058,000094cb,36,「なんで中１限定なのよ！,Whyyyy is it only for first-years?!,,
ID00058,000094fe,33,　中３でいいでしょ！」,"Third-year's okay, right?!",,
ID00058,000097c3,27,「いや、それは…」,"Well, it's just...",,
ID00058,00009aed,33,「うん、中３はないよ」,"Nope, not for third-years.",,
ID00058,00009f89,39,「もーっ、妃月さんまでぇ」,"Geez, even you too, Himeragi-sensei...",,
ID00058,0000a260,21,「私、先生よ！,I'm your teacher!,,
ID00058,0000a284,48,　２０歳過ぎた大人なんだからぁ」,I'm an adult over 20 years old!,,
ID00058,0000a564,15,「クスッ」,Heh.,,
ID00058,0000a6e8,36,「そんなイジワル言うと、,"If you say something so mean,",,
ID00058,0000a71b,42,　勉強教えてあげないわよぉ」,I won't help with your studies!,,
ID00058,0000a8ae,54,「おぉ！？　先生にあるまじき発言！」,Wow!? Such a comment from a teacher!,,
ID00058,0000aacd,39,「あわわ、そうじゃなくて！,"No no, that's not what I meant!",,
ID00058,0000ab03,39,　子供みたいって言うのが、,"You know, calling me a kid",,
ID00058,0000ab39,36,　いけないんだからぁ！」,It's her fault!,,
ID00058,0000b0b8,63,「若く見えるのは、いいことだと思うけど？」,Is it good to look young?,,
ID00058,0000b437,42,「体操だと、先生みたいな子は,A gymnast like you is,,
ID00058,0000b470,36,　うらやましがられるよ。,Often envied.,,
ID00058,0000b4a3,36,　小柄な方が有利だから」,It's an advantage to be small.,,
ID00058,0000b8cb,60,「あ、そっか…。私、体操じゃ逸材なのね」,Oh right... I'm gifted at gymnastics then,,
ID00058,0000bd35,57,「そう。小さいころから体操やってれば、,"I've been doing gymnastics since I was little,",,
ID00058,0000bd7d,39,　トップ選手になれたかも」,I could've become a top player too,,
ID00058,0000c1a8,39,「フフッ、そう言われると、,"Hehe, when you put it that way,",,
ID00058,0000c1de,60,　子供っぽいのもうれしくなっちゃうわね」,It makes me happy to be called childish too,,
ID00058,0000c605,39,「私も一緒にいて楽だしね」,It's nice hanging out with you too,,
ID00058,0000c7a1,36,「算数の続き、教えてよ」,Teach me more math then,,
ID00058,0000c93a,60,「いいわよ。次のページもやっちゃおっか」,Sure. Let's do the next page too,,
ID00058,0000cc50,12,「うん」,Yeah,,
ID00058,0000cc8a,45,「じゃあ、俺は部室へ戻るんで」,Guess I'll head back to the clubroom then,,
ID00058,0000d039,21,「あ…またね」,Oh... see ya,,
ID00058,0000d413,18,「じゃあね」,See ya.,,
ID00058,0000d6b1,18,「またねぇ」,See ya.,,
ID00059,00001cc8,39,「あれ？　３人でなにを？」,Huh? What are you guys doing?,,
ID00059,00002aa2,56,「あ、@str_000君。トランプで遊んでるの」,"Oh, @str_000-kun. We're playing cards.",,
ID00059,00002f0e,54,「真奈、心美先生…続きは向こうで…」,"Mana, Sensei... Let's continue over there...",,
ID00059,0000341d,12,「え？」,What?,,
ID00059,0000359e,12,「ん？」,Hm?,,
ID00059,00003b30,54,「あ、内魔さん！　ちょ、ちょっと！」,"Ah, Nemu-san! W-wait a sec!",,
ID00059,0000410c,24,「それじゃあね」,See ya.,,
ID00059,00004326,30,「じゃあね、にい君」,"See ya, bro.",,
ID00059,00004372,15,「ああ…」,Ah...,,
ID00059,00004abd,27,（仕方ない…よな）,(Guess I have no choice...),,
ID00059,00004cef,54,「シンプルに、ばば抜きで勝負だよー」,It's just a simple game of strip poker~,,
ID00059,00005048,24,「フフフフフフ」,Heheheheh,,
ID00059,00005111,63,「真奈、お前、内魔と知り合いだったのか？」,"Mana, you knew Inner Magic?",,
ID00059,0000533c,42,「ゆーたんとは、超常現象や、,I get along with Yu-tan because...,,
ID00059,00005375,57,　スピリチュアルな話で気が合うからね」,we share an interest in the paranormal.,,
ID00059,000059e5,42,「ゆーたん！？　内魔、お前、,"Yutan!? Inner Demon, you're...",,
ID00059,00005a1e,51,　ゆーたんって呼ばれてんのか！？」,called Yutan!?,,
ID00059,00005c79,33,「真奈と…一部だけ…」,...with Mana...just a bit...,,
ID00059,00005e03,27,「知らなかった…」,I didn't know that.,,
ID00059,00005fa5,57,「フフフ…真奈ほど…力を秘めた存在から,Heheh...to be favored by Mana...,,
ID00059,00005fed,36,　親しまれるのは…光栄」,Is quite an honor.,,
ID00059,000060ad,36,「あと数手で勝負がつく。,Just a few moves left.,,
ID00059,000060e0,39,　行方を見届けると…いい」,I'll watch over you until then.,,
ID00059,000063fa,30,「ああ、そうするよ」,Sure thing.,,
ID00059,000068d3,30,「風の精霊シルフよ、,"Spirit of the wind, Silf,",,
ID00059,00006900,54,　『魔法を司る者』の名において命ず。,I command thee in my name.,,
ID00059,00006945,48,　我にジョーカーの位置を教えよ」,Reveal to me the Joker's position.,,
ID00059,000069a3,45,「こっくりさん、こっくりさん…,"Hey, Hey, Mr. Kokkuri...",,
ID00059,000069df,57,　呪いのカードを持ってるのはだ～れ？」,Who's got the cursed card?,,
ID00059,00006a46,51,「普通に引けないのか？　お前らは」,Can't you just draw normally?,,
ID00059,00006aa7,39,「そうそう、こういうのは、,"That's right, when it comes to this...",,
ID00059,00006add,33,　な～んにも考えずに、,Do it without thinking.,,
ID00059,00006b0d,39,　直感で引くのがいいのよ」,You should go with your gut.,,
ID00059,00006b62,57,「ど、れ、に、し、よ、う、か、なっ！」,What should we do? Huh!,,
ID00059,00006bc9,12,「む…」,Ugh...,,
ID00059,00006c03,63,「ほら、ペアが出来た。あと２枚であがりよ」,"Here, we've got a pair. Two more to go.",,
ID00059,00006c70,15,「うぐ…」,Ugh...,,
ID00059,00006cad,57,「むむ……では、真奈のカードを…読む」,Hmm... Then I'll read Mana's card...,,
ID00059,00006d14,48,「こっくりさん、こっくりさん……,"Kokkuri-san, Kokkuri-san...",,
ID00059,00006d53,48,　呪いのカードを退けたま…え！」,You managed to ward off the curse card...!,,
ID00059,00006db1,12,「あ…」,...,,
ID00059,00006deb,15,「プフッ」,Pfft,,
ID00059,00006e28,57,「真奈…精霊をブラフで呼び出すとは…」,Mana... Calling out a spirit with bluffing?,,
ID00059,00006e8f,27,「あ～っ、まさか、,"Ah~, no way,",,
ID00059,00006eb9,42,　内魔さんにジョーカーが？」,Nemama has a Joker?,,
ID00059,00006f11,39,「心美先生のカードは安心。,Teacher Shinmi's card is safe.,,
ID00059,00006f47,33,　…ほら、１枚減った」,"Well, look, one less now...",,
ID00059,00006f96,45,「う～っ、どれがジョーカー？」,Ugh~ which one's the Joker?,,
ID00059,00006ff1,45,「こっくりさん、こっくりさん…,"Hey, Hey, Mr. Kokkuri...",,
ID00059,0000702d,45,　呪いのカードを心美先生に…」,...I'll give Teacher Shinmi a cursed card...,,
ID00059,00007088,33,「ん～と……これっ！」,Hmm... this one!,,
ID00059,000070d7,12,「あ…」,...,,
ID00059,00007111,48,「やった～っ！　イチ抜け～っ！」,Yay~! I got it right~!,,
ID00059,0000716f,45,「ぐぬぬ…女のカン、恐るべし」,Grrr... women's intuition is scary,,
ID00059,000071ca,63,「ゆーたんのこっくりさんが敗れるなんて…」,Yu-tan's ouija board lost?,,
ID00059,00007237,36,「では…真奈と一騎打ち」,Then... a one-on-one with Mana,,
ID00059,00007289,15,「…いざ」,Let's do it.,,
ID00059,000072c6,45,「こっくりさん、こっくりさん…,"Hey, Hey, Mr. Kokkuri...",,
ID00059,00007302,45,　呪いのカードを真奈に渡せ…」,Give the cursed card to Mana...,,
ID00059,0000735d,42,「む～っ、風の精霊シルフよ、,"Muu~, wind spirit Silf,",,
ID00059,00007396,48,　我にジョーカーがどれか教えよ」,Tell me which one's the Joker.,,
ID00059,00007eb8,27,「ぐむむむむむ…」,Grrr...,,
ID00059,00007f1a,27,「うぬぬぬぬぬ…」,Ugh...,,
ID00059,00008164,42,「仲がいいわねぇ、２人って」,"You two are pretty close, huh?",,
ID00059,000082f7,57,「はは…異種オカルト対決ってとこだな」,Heh... An occult showdown.,,
ID00060,00001c69,30,「心美先生、光海祭、,"Teacher Shinomiya, the Mitsumi",,
ID00060,00001c96,39,　よろしくお願いしますね」,I hope it goes well.,,
ID00060,000020c6,54,「え～っ、あれ、ホントにやるのぉ？」,Eh? Really doing it?,,
ID00060,000023f0,24,「もちろんです。,Of course.,,
ID00060,00002417,45,　先生は優勝候補筆頭ですから」,You're a top contender.,,
ID00060,000025fd,45,「そんなのうれしくないって～」,That's not nice to hear~,,
ID00060,000026a8,45,「フフッ、そんなこと言わずに、,"Hehe, don't say that,",,
ID00060,000026e4,36,　がんばってくださいね」,Please give it your best shot!,,
ID00060,00002a33,60,「あううぅ…もーっ、人ごとだと思ってぇ」,Auuu... You're just saying that 'cause it's not you.,,
ID00060,00002e38,36,「心美先生、なんの話？」,"Sensei, what are you talking about?",,
ID00060,000031e5,12,「あ…」,...,,
ID00060,000033fb,30,「心美先生、じゃあ、,"Sensei, then...",,
ID00060,00003428,39,　よろしくお願いしますね。,Please take care of me.,,
ID00060,0000345e,21,　失礼します」,Excuse me.,,
ID00060,00003d12,51,「優勝候補とかって聞こえたけど…」,...I heard something about a top contender...,,
ID00060,00004062,63,「な、なんでもないの！　それじゃあね～！」,N-nothing! See ya!,,
ID00060,000046ad,42,（２人とも行っちゃったか…）,(They both left...),,
ID00060,00004734,51,「心美先生、藍田さん、なんの話？」,"Sensei, Aiuta-san, what were you talking about?",,
ID00060,00004c63,26,「あ！　@str_000君！,Ah! @str_000!,,
ID00060,00004c8c,54,　な、なんでもないの！　なんでも！」,N-nothing! Nothing at all!,,
ID00060,000050d8,51,「優勝候補とかって聞こえたけど…」,...I heard something about a top contender...,,
ID00060,00005323,63,「心美先生、光海祭で、担任じゃないクラスの,"Sensei, I heard about...",,
ID00060,00005371,48,　出しものに出られるそうですね」,can participate in the exhibits.,,
ID00060,000057bc,45,「えっ、ど、どうしてそれを？」,Wh-why would you know that?,,
ID00060,00005c29,60,「生徒会書記ですから、噂は入ってきます」,"As a student council secretary, rumors come to me.",,
ID00060,00005f33,45,「楽しみです～、先生のコス…」,I'm looking forward to it~. Sensei's cos...,,
ID00060,00006240,33,「あ～～っ、あ～～っ、,"Ahh, aahh,",,
ID00060,00006270,54,　まだ決めたわけじゃないんだからぁ」,I haven't even decided yet!,,
ID00060,00006814,30,「そうなんですか？」,Really?,,
ID00060,000069c5,51,「そうよぉ。お世話になってる子から,That's right. From someone I've been taking care of,,
ID00060,00006a07,51,　頼まれたから、断り切れなくて…」,She asked me to do it and I couldn't say no...,,
ID00060,00006fb5,39,「けど……先生が……ねぇ」,But... Sensei is...,,
ID00060,0000741c,51,「お祭りですし、気にすることないと,Don't worry.,,
ID00060,0000745e,27,　思いますけど？」,is what I think.,,
ID00060,00007747,54,「むしろ、盛り上げていただいた方が、,We'd prefer it.,,
ID00060,0000778c,45,　生徒会としてはうれしいです」,That's great.,,
ID00060,00007bc2,18,「そぅお？」,So you think so?,,
ID00060,00007d73,12,「はい」,Okay.,,
ID00060,00007e36,51,「心美先生、藍田さん、なんの話？」,"Sensei, Aiuta-san, what were you talking about?",,
ID00060,0000805d,26,「あ！　@str_000君！,Ah! @str_000!,,
ID00060,00008086,54,　な、なんでもないの！　なんでも！」,N-nothing! Nothing at all!,,
ID00060,000086a7,63,「うち以外の出し物に出るって聞こえたけど」,I heard you were participating in something else.,,
ID00060,000088db,60,「あーっ！　立ち聞き！？　ひっどおっ！」,Ah! You were eavesdropping!? That's so mean!,,
ID00060,00008efe,42,「ホント、なんでもないから！,"Really, it's nothing!",,
ID00060,00008f37,51,　出るって決めたわけじゃないし！」,I haven't even decided to participate yet!,,
ID00060,00009449,33,「それじゃあね～っ！」,See ya~!,,
ID00060,00009ad7,30,「藍田さん、一体…」,"Aran-san, what's going on...?",,
ID00060,00009d42,36,「フフッ、ナイショです」,"Hehe, it's a secret",,
ID00079,0000198b,24,「あ、心美先生」,"Hey, Miss Shinomi.",,
ID00079,00001d3a,17,「@str_000君」,@str_000-kun,,
ID00079,00001fcf,36,「どこか寄り道ですか？」,Did you stop somewhere?,,
ID00079,00002168,51,「そうよ。夕方だってのに暑いから、,"That's right. It's hot even in the evening, so",,
ID00079,000021aa,54,　ソフトクリームを食べようと思って」,I thought I'd get some soft serve.,,
ID00079,00002600,57,「仕事が終わった後のソフトクリームは、,"Soft serve after finishing work is,",,
ID00079,00002648,30,　自分へのご褒美！」,a treat for myself!,,
ID00079,00002cc7,60,「いつもは近くのコンビニで買うんだけど、,"Usually I buy it from the convenience store nearby,",,
ID00079,00002d12,33,　今日はお散歩がてら、,"Today, I'll walk to the mall.",,
ID00079,00002d42,48,　駅前モールまで行こうと思って」,I thought I'd head over there today.,,
ID00079,00003176,63,「あそこのパン屋さんのソフトクリームって、,The soft cream there's cheap and tasty.,,
ID00079,000031c4,39,　安くておいしいのよねぇ」,"It's so good, you know?",,
ID00079,00003354,63,「あ、初等部のころ、俺もよく食いましたよ」,"Oh, I did too.",,
ID00079,00003508,30,「私は今でも常連よ」,I still am.,,
ID00079,00003554,45,「久しぶりに俺も食いたいなぁ」,I want to eat some again.,,
ID00079,000036f6,24,「一緒に行く？」,Wanna go together?,,
ID00079,0000373c,15,「ぜひ！」,Of course!,,
ID00079,0000425f,27,「フフッ、なんだか,"Heh heh, something's up",,
ID00079,00004289,42,　ワクワクしてきちゃったぁ」,I'm getting excited~,,
ID00079,00004442,57,「ジェラートより、ソフトクリームの方が,I prefer soft-serve over gelato,,
ID00079,0000448a,30,　好きなんですか？」,You like that better?,,
ID00079,0000461d,21,「どうして？」,Why?,,
ID00079,00004660,30,「ほら、その先にある,"See, the one ahead is",,
ID00079,0000468d,39,　ジェラート専門店の方が、,"the gelato place,",,
ID00079,000046c3,45,　いつも女子で賑わってるから」,It's always packed with girls.,,
ID00079,00004865,27,「ああ…うんうん、,Yeah... yeah.,,
ID00079,0000488f,45,　あそこは流行ってるわよね～。,That place is so trendy~.,,
ID00079,000048cb,57,　私も生徒の子たちと、たまに寄ってる」,I go there sometimes with the students too.,,
ID00079,00004ebb,18,「けどね…」,But...,,
ID00079,00004efb,15,「けど？」,But?,,
ID00079,0000507f,36,「ちょっと少ないのよぉ。,There's not much of it though.,,
ID00079,000050b2,45,　オシャレでおいしいんだけど、,"It's stylish and tasty,",,
ID00079,000050ee,57,　あっという間に食べ終わっちゃって…」,but I finish it super fast...,,
ID00079,00005682,60,「その点、パン屋さんのソフトクリームは、,But the soft serve from the bakery is,,
ID00079,000056cd,54,　子供も大人も大喜びのビッグサイズ！,big enough to make both kids and adults happy!,,
ID00079,00005712,33,　大満足なんだからぁ」,"I'm totally satisfied, you know?",,
ID00079,00005c7f,42,（そんなに大きかったかなぁ）,Were they really that big though?,,
ID00079,00005e1e,63,「さ、行こ行こっ。暑い夏を吹き飛ばすわよ」,"C'mon, let's go! We'll blow this hot summer away.",,
ID00079,000066f1,54,「おじさ～ん、バニラのソフトクリーム,Daddy~ can I have a vanilla soft serve?,,
ID00079,00006736,18,　下さい！」,Please!,,
ID00079,00006776,30,「俺は、ミックスで」,I'll take the mix.,,
ID00079,000067c2,18,「あいよ～」,Got it~,,
ID00079,00006ea1,42,「ふわぁ～～、おっきい～～。,"Wow~, so big~.",,
ID00079,00006eda,24,　おいしそ～～」,So yummy~,,
ID00079,000071af,27,「いただきま～す」,Here goes~,,
ID00079,00007624,36,「ぺろっ、んぐんぐ……」,"Mmm, *suck*...",,
ID00079,00007def,51,「ん～～っ、冷たくておいしい～っ」,"Ahh~, so cold and tasty~",,
ID00079,00007e50,48,（明らかに心美先生の方が大きい。,(Clearly Heartful-sensei's is bigger.,,
ID00079,00007e8f,33,　おじさん、女の子には,"Dude, girls have",,
ID00079,00007ebf,42,　いつもサービスしてんだな）,You always go all out for the girls.,,
ID00079,00007f17,45,「どうしたの？　食べないの？」,What's wrong? Aren't you gonna eat it?,,
ID00079,00007f72,45,「あ、いただきます。…うまっ、,"Oh, thanks. ...Yum,",,
ID00079,00007fae,48,　変わらないなぁ。懐かしい味だ」,It's just the same. It tastes so nostalgic.,,
ID00079,0000800c,54,「変わらない良さって、あるわよねぇ」,It's amazing how some things never change.,,
ID00079,00008070,48,（心美先生も、初等部のころから、,Like this since elementary.,,
ID00079,000080af,54,　あんまり変わってないんだろうなぁ）,"Not much's changed, huh?",,
ID00079,00008113,51,「ぺろっ……ん～っ、おいしい～っ」,Lick... Mmm~ so yummy~,,
ID00079,00008174,66,こうして、心美先生とソフトクリームを食べた。,"Like this, I ate soft-serve with Shinmi-sensei.",,
ID00080,0000190b,24,「あ、心美先生」,"Hey, Miss Shinomi.",,
ID00080,00001cba,17,「@str_000君」,@str_000-kun,,
ID00080,00002096,27,「どこか寄り道？」,Did you stop somewhere?,,
ID00080,000020df,48,「そんなとこです。心美先生は？」,That's the place. Where's Shinmi-sensei?,,
ID00080,00002284,33,「私はブックカフェで、,I'll stop by a book cafe.,,
ID00080,000022b4,42,　コーヒーを飲もうと思って」,to get some coffee.,,
ID00080,00002447,48,「いいですね。…俺も飲もうかな」,Sounds good... I might do that too.,,
ID00080,000025ec,63,「一緒に飲む？　いいわよ、勉強するならね」,"Want to join me? It's fine, if you're studying.",,
ID00080,000027d0,12,「え…」,Huh...?,,
ID00080,0000296d,57,「ついでに夏の課題のわからないところを,Help with your summer homework.,,
ID00080,000029b5,48,　教えてあげる。ほら、行くわよ」,"Come on, let's go.",,
ID00080,00002ddd,18,「は、はい」,Y-Yes.,,
ID00080,0000329d,51,（放課後に勉強とは…ついてない…）,Studying after school... I'm so unlucky...,,
ID00080,000032fe,42,「ほらぁ、のんびりしてると、,"Hey, if you slack off too much,",,
ID00080,00003337,36,　置いてっちゃうわよぉ」,I'll leave without you.,,
ID00080,00003389,15,「はは…」,Heh...,,
ID00080,000039fb,48,「ん～っ、コーヒーのいい香りぃ」,Mmm~ the smell of coffee is nice.,,
ID00080,00003cf1,41,「@str_000君はなにを飲むの？」,"@str_000, what are you drinking?",,
ID00080,00003d48,60,「勉強するなら、ブラックコーヒーかなぁ」,"If it's for studying, maybe black coffee?",,
ID00080,00003ef9,45,「ブラック？　お砂糖もミルクも,Black? So no sugar or milk?,,
ID00080,00003f35,33,　入れないってこと？」,You don't add anything at all?,,
ID00080,000041fa,24,「そうですけど」,That's right.,,
ID00080,00004387,54,「お、大人ねぇ……見栄張ってない？」,You're an adult now...,,
ID00080,00004696,30,「張ってないですよ。,I'm not trying to impress.,,
ID00080,000046c3,42,　目が覚めていいんですよね」,"It's fine if I wake up, isn't it?",,
ID00080,00004873,24,「ふ、ふうん…」,Huh...?,,
ID00080,000049f4,48,「心美先生はなにを飲むんです？」,"What do you drink, Miss Shinmi?",,
ID00080,00004b99,24,「わ、私はぁ…」,"W-Well, I...",,
ID00080,00004f87,57,「ミルクたっぷり…黒糖カフェオレ…に、,"Lots of milk... black sugar cafe au lait..., and",,
ID00080,00004fcf,24,　ミルク増量よ」,extra milk.,,
ID00080,0000532c,54,「…それって、コーヒーっていうより、,That's more of a milk drink than coffee...,,
ID00080,00005371,27,　もう乳飲料じゃ」,"than actual coffee, really.",,
ID00080,0000551d,57,「乳飲料じゃないわよ！　コーヒーよ！」,It's not a milk drink! It's coffee!,,
ID00080,0000596c,42,「仕方ないじゃなぁい…苦いの,"Well, can't help it... Bitter stuff,",,
ID00080,000059a5,33,　苦手なんだからぁ…」,I hate bitter things...,,
ID00080,00005cff,45,「苦手なら、紅茶とかにした方が,Tea would've been better.,,
ID00080,00005d3b,30,　よくないですか？」,Isn't that better?,,
ID00080,00005f56,48,「コーヒーはね、先生方が職員室で,Teachers drink coffee in the staff room,,
ID00080,00005f95,24,　よく飲むのよ」,I drink it a lot.,,
ID00080,00006276,42,「私も話の輪に入りたいから、,"I want to join the conversation, so",,
ID00080,000062af,36,　がんばって飲んでて…」,...keep drinking hard...,,
ID00080,000065d4,60,「いつか…甘くてミルキーなコーヒーから、,"One day... from sweet and milky coffee,",,
ID00080,0000661f,63,　先生方が飲んでるような、濃～いコーヒーに,"to the super strong stuff teachers drink,",,
ID00080,0000666d,48,　ステップアップするんだからぁ」,I'll step up my game!,,
ID00080,00006c2b,18,「はははは。,Hahaha.,,
ID00080,00006c4c,54,　先生同士の付き合いか…大変ですね」,"Teacher relationships are tough, huh?",,
ID00080,00006fda,36,「ううん、お話ししてると,"Yeah, talking to them",,
ID00080,0000700d,36,　とっても為になるのよ。,is really helpful.,,
ID00080,00007040,45,　学ぶことがいっぱいあるから」,There's so much to learn.,,
ID00080,000075ac,42,「お小言も…多いんだけどね」,They lecture me a lot.,,
ID00080,0000773f,18,「はははは」,Hahaha,,
ID00080,000078c6,29,「さ、@str_000君にも、,"Hey, @str_000-kun,",,
ID00080,000078f2,42,　為になること教えてあげる」,I'll teach you something useful too.,,
ID00080,00007d07,33,「レッツ　スタディ！」,Let's study!,,
ID00080,00007e9d,15,「はい…」,Yes...,,
ID00080,00008367,42,「む……なぁに？　まだ全然、,Mm...what? You still haven't,,
ID00080,000083a0,51,　課題に手をつけてないじゃなぁい。,You haven't even touched your homework yet.,,
ID00080,000083e2,30,　ダメよぉ、も～っ」,"You're no good, you know~",,
ID00080,0000842e,15,「はは…」,Heh...,,
ID00080,0000846b,63,こうして、心美先生に勉強を教えてもらった。,"In this way, I was taught by Shinmi-sensei.",,
ID00081,000018a2,48,（これといって誰もいないなぁ…）,No one in particular around here...,,
ID00081,00001900,57,（暇だし、アミューズメントスペースでも,"I'm bored, maybe I'll check out the amusement area.",,
ID00081,00001948,15,　寄るか）,Maybe.,,
ID00081,00001edd,24,「あ、心美先生」,"Hey, Miss Shinomi.",,
ID00081,0000228c,20,「@str_000君！」,@str_000-kun!,,
ID00081,00002524,48,「なにやってるんです？　ここで。,What are you doing here?,,
ID00081,00002563,30,　まさか…見回り？」,You're not patrolling?,,
ID00081,000026f6,36,「そんなわけないわよぉ。,That's so not gonna happen.,,
ID00081,00002729,42,　私なんかが見回りしたって、,"If it was up to me to patrol,",,
ID00081,00002762,27,　効果ないってぇ」,"It's pointless, y'know.",,
ID00081,00002cbc,39,「そういうのは、生徒指導の,That's for them.,,
ID00081,00002cf2,42,　怖ぁい先生がやらないとね」,"to do, not me.",,
ID00081,000033a6,63,（まぁ、そうなんだけど、自分で効果ないって,"(True, but useless if you say it yourself",,
ID00081,000033f4,36,　言っちゃうのもなぁ…）,...when you admit it out loud,,
ID00081,0000358d,36,「生徒の子たちと一緒に、,"With the other students,",,
ID00081,000035c0,45,　プリントシールを撮ってたの。,I was taking photo stickers.,,
ID00081,000035fc,51,　どうしてもってせがまれちゃって」,You just wouldn't take no for an answer.,,
ID00081,00003a33,63,「いいわよねぇ、みんな若くて、かわいくて。,"You know, everyone's so young and cute.",,
ID00081,00003a81,42,　学生時代を思い出しちゃう」,It makes me reminisce.,,
ID00081,00003d68,54,（先生も反則なぐらい若いですけどね）,(Though the teacher is way too young herself.),,
ID00081,00003f13,44,「@str_000君はゲームしに来たの？,"@str_000, did you come here to play games?",,
ID00081,00003f4e,57,　バキューン、バキューンって撃ったり、,"Like shooting stuff with *bang bang* sounds,",,
ID00081,00003f96,42,　バシバシ殴っちゃう感じ？」,"and beating things up?""",,
ID00081,0000442f,48,「そうなんですけど…その前に…」,That's right... but before that...,,
ID00081,000045d4,12,「ん？」,Hm?,,
ID00081,0000460e,51,「俺も…先生とプリントシール撮って,I want to take photo stickers with you too.,,
ID00081,00004650,24,　いいですか？」,You ready?,,
ID00081,000047dd,27,「え？　２人で？」,Huh? Just the two of us?,,
ID00081,00004961,12,「そう」,Yeah.,,
ID00081,00004b36,44,「い、いいわよ。@str_000君には、,"S-Sure, @str_000-kun did help me",,
ID00081,00004b71,48,　野良犬を追い立ててもらったし」,chase away a stray dog once.,,
ID00081,0000510f,44,「い、いいわよ。@str_000君には、,"S-Sure, @str_000-kun did help me",,
ID00081,0000514a,54,　びしょ濡れの時、助けてもらったし」,And you helped me when I was soaking wet.,,
ID00081,00005829,27,「じゃ、撮ろっか」,"Okay then, let's do it.",,
ID00081,00005da1,45,「フフッ、男子と入ると狭ぁい」,"Hehe, feels so cramped with guys in here.",,
ID00081,00006065,51,「ちょっと…ドキドキしちゃうわね。,I'm kind of... nervous.,,
ID00081,000060a7,33,　女の子と撮るのとは、,Different from that.,,
ID00081,000060d7,36,　勝手が違うというか…」,"It's just... different, I guess.",,
ID00081,00006519,27,「じゃ、撮るわよ」,"Okay then, let's take it.",,
ID00081,000067cb,30,「セイ　チーーーズ」,Say cheese~,,
ID00081,00006d44,39,「フフッ、撮れた、撮れた。,"Hehe, gotcha, gotcha.",,
ID00081,00006d7a,30,　じゃ、半分ずつね」,So we'll split them in half.,,
ID00081,00006dc6,36,「ありがとうございます」,Thanks a lot.,,
ID00081,00007412,24,「どうかした？」,What's wrong?,,
ID00081,00007458,30,「い、いえ、その…」,"N-No, that is...",,
ID00081,000075d2,45,（プリクラのフレームの中だと、,"In the photo booth frame,",,
ID00081,0000760e,45,　さらに子供っぽくて、先生とは,"she looks even more like a kid,",,
ID00081,0000764a,48,　とても思えないとは言えない…）,and it's hard to believe she’s a teacher...,,
ID00081,000076a8,48,「“はい、チーズ”って、英語だと,"By the way, 'cheese' in English,",,
ID00081,000076e7,57,　そのまま“セイ　チーズ”なんですね」,"is literally 'Say cheese,' huh?",,
ID00081,00007895,36,「そうよ。元々アメリカで,That's right.,,
ID00081,000078c8,33,　そう言われてたのが、,That's what they say.,,
ID00081,000078f8,39,　日本に広まったんだから」,It spread all over Japan.,,
ID00081,00007bdc,33,「そうなんですか！？」,Really!?,,
ID00081,00007d88,30,「知らなかったぁ？」,Didn't know that?,,
ID00081,00007dd4,30,「知らなかったです」,I didn't know.,,
ID00081,00007f67,36,「なんでも、ずっと昔に、,"It started long ago,",,
ID00081,00007f9a,42,　チーズのＣＭで使われたのが,"it was used in a cheese commercial,",,
ID00081,00007fd3,45,　広まったきっかけらしいわよ」,and spread from there.,,
ID00081,000082a4,45,「へ～っ、よく知ってますね？」,"Wow, you really know your stuff.",,
ID00081,0000847b,60,「エッヘン！　これでも、英語教師だもん。,Ahem! I am an English teacher after all.,,
ID00081,000084c6,51,　英語にまつわることで気になったら,If you're curious about anything related to English,,
ID00081,00008508,27,　すぐ調べるわよ」,you can just look it up.,,
ID00081,00008c66,48,「サーチ　ザ　インターネット！」,'Search the internet!',,
ID00081,00008e25,18,「はははは」,Hahaha,,
ID00081,00008fac,45,「それじゃ、遅くならないうちに,Let's go back soon.,,
ID00081,00008fe8,27,　宿舎へ帰ろっか」,"All right then, shall we?",,
ID00081,000092a7,21,「そうですね」,"Yeah, that's right.",,
ID00081,0000977b,66,こうして、心美先生とプリントシールを撮った。,"In this way, I took a photo with Miss Shinbi.",,
ID00082,00001c6b,24,「あ、心美先生」,"Hey, Miss Shinomi.",,
ID00082,0000201a,17,「@str_000君」,@str_000-kun,,
ID00082,000022af,36,「どこか寄り道ですか？」,Did you stop somewhere?,,
ID00082,00002448,42,「そう。海の丘公園へ行って、,That's right.,,
ID00082,00002481,39,　夕日を眺めようと思って」,watching the sunset.,,
ID00082,0000274c,51,「これからあの坂を登るんですか？」,You're planning on climbing that hill now?,,
ID00082,000028f4,21,「そうよぉ？」,Really?,,
ID00082,00002937,39,「体育の授業につき合って、,I know it's a pain.,,
ID00082,0000296d,36,　大変って言ってたのに」,and you were complaining about it.,,
ID00082,00002b22,51,「だからこそ、がんばらなくっちゃ」,So that's why I have to do my best.,,
ID00082,00002e05,57,「登った先に、あのきれいな景色があると,There's such a beautiful view at the top.,,
ID00082,00002e4d,42,　思えば、がんばれるでしょ」,"Thinkin' about it, I can do my best.",,
ID00082,0000326a,38,「@str_000君も一緒に登る？」,"Hey @str_000, wanna climb with me?",,
ID00082,000032be,21,「お、俺も？」,Me too?,,
ID00082,00003448,45,「動画だって、あっち行ったり、,It's like a choice.,,
ID00082,00003484,51,　こっち行ったり、体力勝負でしょ？,"it all comes down to stamina, doesn't it?",,
ID00082,000034c6,48,　夏の間に鍛えておかなくっちゃ」,I gotta train up over the summer.,,
ID00082,00003bc2,45,「…そうですね、つき合います」,"...Sure, I'll join you.",,
ID00082,00003d80,54,「フフッ、それじゃあ、レッツゴー！」,"Hehe, let's do this!",,
ID00082,0000463f,39,「はぁ……はぁ……はぁ…」,Haa... Haa... Haa...,,
ID00082,00004694,30,「ひぃ……ひぃ……」,Eek... Eek...,,
ID00082,000046e0,51,「もうちょっとよ～。ファイトー！」,Just a little more~. Fight!,,
ID00082,00004741,15,「お～～」,Oooo~,,
ID00082,00005108,24,「着いたぁ～っ」,We're hereee~,,
ID00082,000053d0,24,「着いたあぁぁ」,We're heeeeere,,
ID00082,00005579,42,「もう、大人の私よりヘバって,"You're even more tired than me, geez...",,
ID00082,000055b2,27,　どうすんのよぉ」,What am I gonna dooooo,,
ID00082,00005871,36,「見た目は…俺より若…」,You look... younger than me...,,
ID00082,00005a0a,33,「なにか言ったぁ～？」,Did you say something~?,,
ID00082,00005a59,36,「な、なんでもないです」,N-nothing's wrong.,,
ID00082,00005bd9,48,「フフッ、さっ、夕日を見に行こ」,"Hehe, c'mon, let's go see the sunset.",,
ID00082,00006346,54,「うわぁ～～、いつ見てもきれいね～。,"Wow~, it's so beautiful every time I see it.",,
ID00082,0000638b,63,　空も海も…すべてがあかね色に染まって…」,The sky and sea... everything is dyed orange...,,
ID00082,000063f8,18,「ですね…」,Right...,,
ID00082,00006cb5,54,「さて、問題です。この景色の感動を、,"Alright then, the question is.",,
ID00082,00006cfa,45,　英語で、一言で表わしなさい。,"In English, describe it in one word.",,
ID00082,00006d36,39,　ビューティフル以外でね」,"Not 'beautiful', though.",,
ID00082,00007425,30,「げっ、いきなり？」,"Geez, out of nowhere?",,
ID00082,000075b8,33,「動画を録ってるなら、,"If you're recording video,",,
ID00082,000075e8,33,　感動を表す英語くらい,you should know how to say it.,,
ID00082,00007618,39,　知っておかなくっちゃね」,You gotta know that!,,
ID00082,000078e3,45,「むむ……アメージング…かな」,Hmm... Amazing... maybe.,,
ID00082,00007aa1,48,「そう！　イッツ　アメージング！,Right! It's amazing!,,
ID00082,00007ae0,21,　さ、一緒に」,"Let's, together.",,
ID00082,0000805a,45,「イッツ　アッメーージング！」,It's amazing!,,
ID00082,00008337,45,「イッツ　アッメーージング！」,It's amazing!,,
ID00082,000084d9,33,「よく出来ましたぁ！」,You did a great job!,,
ID00082,0000854e,39,（心美先生の見た目の方が、,"(Compared to Ms. Shinmi's appearance,",,
ID00082,00008584,45,　よっぽどアメージングだよな）,this is nothing special.),,
ID00082,00008742,48,「フフッ、こうして１日の終わりに,"Hehe, at the end of the day,",,
ID00082,00008781,39,　きれいな景色を見てると、,seeing such beauty makes you feel.,,
ID00082,000087b7,54,　明日もがんばろうって気になるわね」,like you can do better tomorrow.,,
ID00082,00008e35,51,「レッツ！　ドゥ　アワ　ベスト！」,Let's do our best!,,
ID00082,000092dc,51,「レッツ！　ドゥ　アワ　ベスト！」,Let's do our best!,,
ID00082,00009537,45,「フフッ、その意気、その意気」,"Hehe, you go girl",,
ID00082,00009b90,60,こうして、心美先生と一緒に夕日を眺めた。,"Like this, I watched the sunset with Shimemi-sensei.",,
ID00083,0000185b,24,「あ、心美先生」,"Hey, Miss Shinomi.",,
ID00083,00001c0a,23,「あ…@str_000君」,A...@str_000-kun,,
ID00083,00001d78,51,「どうしたんです？　元気ないけど」,What's wrong? You don't seem well.,,
ID00083,000020d2,59,「ん～、@str_000君には知られちゃってるから,"Hmm, @str_000-kun already knows, but...",,
ID00083,0000211c,57,　言うけど、いろいろ大変だからねぇ…」,It's been tough lately...,,
ID00083,00002540,39,「はぁ…ぐったりなのよぉ」,Ugh... I'm so exhausted.,,
ID00083,00002846,63,「ん～、ちょっとここんとこ色々あってねぇ。,"Hmm, things have been happening recently.",,
ID00083,00002894,30,　ぐったりなのよぉ」,I'm totally drained.,,
ID00083,00002b6f,45,（夜、飲んだくれてたもんなぁ）,(He was drinking last night too.),,
ID00083,00002da8,57,「なにか、スッキリすることないかなぁ。,"Anything to clear my head, I guess.",,
ID00083,00002df0,36,　気晴らしになるような」,Something to distract me...,,
ID00083,00002f7d,54,「それならうってつけのがありますよ」,I know just the thing for you.,,
ID00083,000033aa,36,「ホント？　なになに？」,Really? What is it?,,
ID00083,000035c0,21,「ついて来て」,Follow me then.,,
ID00083,0000374a,18,「う、うん」,Y-Yeah.,,
ID00083,00003f8d,45,「ここにスッキリするものが？」,Clear my head here?,,
ID00083,00004176,51,「ゲームならダメよぉ、苦手だから」,"No games though, I suck at them.",,
ID00083,00004312,33,「ゲームはゲームでも、,A physical game.,,
ID00083,00004342,39,　体を使うのはどうです？」,Maybe something physical?,,
ID00083,000044de,12,「ん？」,Hm?,,
ID00083,00004518,39,「キックターゲットですよ！,You're the target!,,
ID00083,0000454e,54,　思いっきりサッカーボールを蹴ると、,"Kick a soccer ball as hard as you can,",,
ID00083,00004593,30,　スッキリしますよ」,You'll feel better.,,
ID00083,00004726,57,「サッカー？　む、無理よ、苦手だもん」,"Soccer? N-no way, I'm bad at it.",,
ID00083,00004a03,36,「あれ？　女子も、体育で,"Wait, girls have soccer in PE too?",,
ID00083,00004a36,39,　サッカーありますよね？」,Don't they?,,
ID00083,00004bd2,21,「あるけど…」,I do... but,,
ID00083,00004c15,30,「じゃあ、苦手なんて,You're not bad at it.,,
ID00083,00004c42,39,　言ってられないんじゃ？」,Can you?,,
ID00083,00004dc5,42,「う…それはそうだけどぉ…」,"...Well, that's true... but...",,
ID00083,000050ac,48,「思いっきり蹴って、ターゲットに,Kick the ball as hard as you can and,,
ID00083,000050eb,48,　命中すればスッキリしますって。,hit the target to feel better.,,
ID00083,0000512a,36,　レッツ　チャレンジ！」,Let's do this!,,
ID00083,000052f8,24,「…ん、そうね。,"...Yeah, okay.",,
ID00083,0000531f,51,　何事も、レッツ　チャレンジよね！,Let's give it our all!,,
ID00083,00005361,24,　やってみる！」,Let's do it!,,
ID00083,00005b56,60,「え～と…あのマトに当てればいいのよね」,Hmm... I just need to hit that target.,,
ID00083,00005bc0,36,「そう。何番狙います？」,Right. Which one are you aiming for?,,
ID00083,00005c12,60,「そんなの、ど真ん中に決まってるわよぉ。,"Obviously, right in the middle.",,
ID00083,00005c5d,42,　変な方向に飛んでいっても、,"Even if it goes off course a bit,",,
ID00083,00005c96,42,　どっかに当たりそうだもん」,it'll probably still hit something.,,
ID00083,00005cee,42,「じゃあ、レッツ　トライ！」,Then let's try!,,
ID00083,00005d46,15,「よ～し」,Alright then.,,
ID00083,00006ce0,27,「痛ったあぁぁい」,"Ouch, that hurt!",,
ID00083,00006d29,51,「当たった！　靴が見事命中だぁ！」,I hit it! My shoe got a direct hit!,,
ID00083,00006d8a,12,「え…」,Huh...?,,
ID00083,0000728d,51,「狙い通り、ど真ん中にヒーット！」,"Right on target, straight to the heart!",,
ID00083,000072ee,51,「え～っ、私のベストは靴ってこと？,Eh? Does that mean my best shot was with my shoe?,,
ID00083,00007330,42,　ちっともうれしくないよぉ」,That's not really making me happy...,,
ID00083,00007388,48,「あははは、心美先生のがんばりが,"Hahaha, this means Ms. Shinmi's efforts",,
ID00083,000073c7,36,　通じたってことですよ」,paid off.,,
ID00083,00007419,48,「形はどうあれ、当たったんだから,"No matter the shape, we hit it so",,
ID00083,00007458,27,　喜ばなくっちゃ」,We should be happy.,,
ID00083,000074a1,42,「ん……そうね、形なんて……,"Mm... Right, the form doesn't matter...",,
ID00083,000074da,54,　見た目なんて…どうでもいいもんね」,The appearance... who cares anyway?,,
ID00083,0000753e,57,「よ～し、次は隅っこ狙っちゃうわよ！」,"All right, next I'll aim for a corner!",,
ID00083,000075a5,36,「ドゥ　マイ　ベスト！」,Do my best!,,
ID00083,000075f7,36,「ドゥ　マイ　ベスト！」,Do my best!,,
ID00083,00007649,66,こうして、一緒にキックターゲットを楽しんだ。,"And so, we enjoyed kicking the target together.",,
ID00084,0000240d,48,（これといって誰もいないなぁ…）,No one in particular around here...,,
ID00084,0000246b,51,（暇だし、ブックカフェでも寄るか）,"I'm bored, maybe I'll drop by the book cafe.",,
ID00084,0000298c,42,「ふぅ…ふぅ……おっも～い」,Phew... phew......so heavy,,
ID00084,000029e4,18,「心美先生」,Miss Shinomiya,,
ID00084,00002b98,23,「あ、@str_000君」,"Ah, @str_000-kun.",,
ID00084,00002c66,42,「その足下の本の山…まさか、,Those piles of books under you...,,
ID00084,00002c9f,30,　一気買いですか？」,buy them all at once?,,
ID00084,00002e32,48,「そう。頼んでた洋書が来たから、,"Yeah. The English books I ordered came in, so...",,
ID00084,00002e71,30,　引き取りに来たの」,I came to pick them up.,,
ID00084,0000327a,45,「英語の長文に慣れ親しむには、,"To get used to English passages,",,
ID00084,000032b6,51,　楽しんで読める英語の小説が一番」,nothing beats an enjoyable novel.,,
ID00084,000035ce,39,「秋の夜長に読むわよ～っ」,I'll read it on a long autumn night~,,
ID00084,00003623,48,「そっか、もうすぐ秋だもんなぁ」,"Oh yeah, fall's almost here.",,
ID00084,000037c8,24,「そういうこと」,That's it.,,
ID00084,00003971,63,「テヘヘ、けど、ちょっと買いすぎちゃった。,"Heheh, but I kinda overbought.",,
ID00084,000039bf,63,　ハードカバーだなんて思ってなかったから、,Didn't expect them to be hardcovers.,,
ID00084,00003a0d,27,　すっごく重くて」,It's super heavy.,,
ID00084,00003f74,27,「俺が持ちますよ」,Let me carry it for you.,,
ID00084,00004104,12,「え？」,What?,,
ID00084,0000413e,33,「重いものなら任せて。,"If it's heavy, I got you.",,
ID00084,0000416e,45,　よくユイ姉に持たされてるし」,Yui-nee makes me carry hers.,,
ID00084,00004310,39,「い、いいわよ、悪いから」,"Sure, go ahead, it's fine.",,
ID00084,000045f4,39,「いや、そんな重そうなの、,"No way, that looks heavy...",,
ID00084,0000462a,42,　宿舎まで運べないですって。,I can't even carry it to the dorms.,,
ID00084,00004663,24,　その代わり…」,But in return...,,
ID00084,000047f0,24,「その代わり？」,In return...?,,
ID00084,00004836,51,「心美先生の…部屋まで運びますよ」,I'll carry it to Ms. Shinbi's room.,,
ID00084,00004b90,45,「私の部屋！？　また女子宿舎に,My room!?,,
ID00084,00004bcc,36,　入り込むってこと！？」,You’re going into the girls' dorm?,,
ID00084,00004d59,27,「ダメ…ですか？」,Is that bad...?,,
ID00084,00004ee9,42,「もう…私が一緒だからって、,You're already so confident.,,
ID00084,00004f22,27,　調子に乗ってぇ」,Stop gettin' so cocky.,,
ID00084,000051e1,42,「俺たちのためにがんばってる,We're working hard for us,,
ID00084,0000521a,63,　心美先生の素顔をもっと録りたいんですよ」,I want to record more of Sensei's real face.,,
ID00084,000053ce,30,「部活…ってこと？」,You mean club activities...?,,
ID00084,0000541a,18,「そうです」,Yes.,,
ID00084,00005588,39,「もう…じゃあ、いいわよ。,"Fine, then.",,
ID00084,000055be,51,　先生として、協力しなくっちゃね」,"As a teacher, we have to cooperate.",,
ID00084,00005ccf,21,「私の部屋！？,My room!?,,
ID00084,00005cf3,45,　女子宿舎に入るってこと！？」,You want in?,,
ID00084,00005ea2,27,「ダメ…ですか？」,Is that bad...?,,
ID00084,0000604e,42,「ダメに決まってるじゃない。,Of course not.,,
ID00084,00006087,36,　男子は立ち入り禁止よ」,Boys aren't allowed in there.,,
ID00084,0000622d,60,「先生がオッケーなら、大丈夫ですよね？」,We'll be good if he's cool with it.,,
ID00084,000063de,45,「そりゃあ……そうだけど……」,Well...that's true...,,
ID00084,000066af,42,「俺たちのためにがんばってる,We're working hard for us,,
ID00084,000066e8,57,　心美先生の部屋が、どんな感じなのか…,I wonder what Sensei's room is like...,,
ID00084,00006730,39,　録らせてくれませんか？」,Please?,,
ID00084,000068cc,30,「部活…ってこと？」,You mean club activities...?,,
ID00084,00006918,18,「そうです」,Yes.,,
ID00084,00006a9f,39,「…じゃあ、仕方ないわね。,"Well, I guess there's no choice then.",,
ID00084,00006ad5,51,　先生として、協力しなくっちゃね」,"As a teacher, we have to cooperate.",,
ID00084,00006f55,60,「やった！　よ～し、じゃあ、持つかぁ！」,"Yay! Alright, let's go in!",,
ID00084,00007450,27,「よいしょっと！」,Heave ho!,,
ID00084,00007499,44,「フレー、フレー、@str_000君！」,"Flare, flare, @str_000-kun!",,
ID00084,00007576,54,（ついに、憧れの女子宿舎へ潜入だ！）,Finally sneaking into the girls' dormitory!,,
ID00084,00008132,42,「たまちゃん、ただいまぁ～」,"Tam-chan, I'm home~",,
ID00084,00008547,42,「おかえりなさい、心美先生。,"Welcome back, Sensei.",,
ID00084,00008580,47,　@str_000君と一緒だったんですね」,"I see, you were with @str_000-kun.",,
ID00084,00008a27,45,「って、うわぁ、すごい本の束」,"Whoa, what a pile of books...",,
ID00084,00008e58,32,「@str_000君に、部屋まで,"@str_000-kun, could you...?",,
ID00084,00008e87,63,　持って行ってもらいたいんだけど…いい？」,...is that okay?,,
ID00084,00009328,45,「え？　…もちろん、心美先生と,"Huh? Oh yeah, as long as I'm with Sensei...",,
ID00084,00009364,51,　一緒であれば、問題ないですけど」,...it's fine if we're together.,,
ID00084,00009990,41,「じゃ、行こっか、@str_000君」,"Alright then, let's go @str_000-kun.",,
ID00084,00009b22,36,「はい……急がないと……,Okay... We should hurry...,,
ID00084,00009b55,33,　腕がジンジンして…」,My arm's tingling...,,
ID00084,00009fe1,57,「あわわ、それじゃあね、たまちゃん！」,"Aw, see you later Tamachan!",,
ID00084,0000a999,42,「は、はい。用が終わったら、,"Y-Yes... When you're done,",,
ID00084,0000a9d2,48,　すぐ帰ってもらってくださいね」,please come back right away.,,
ID00084,0000aa30,30,「わかってるってぇ」,I know that already.,,
ID00084,0000b19d,45,「ここが、心美先生の部屋かぁ」,This is Miss Shinomiya's room?,,
ID00084,0000b227,27,「いらっしゃあい」,Welcome!,,
ID00084,0000b270,42,「じゃあ、さっそく録画を…」,"Okay then, let's start recording.",,
ID00084,0000b841,42,「はわわ！　散らかってるとこ,Whoa! Don't record me like this!,,
ID00084,0000b87a,30,　録っちゃダメェ！」,Can't film me like this!,,
ID00084,0000bb3c,39,「それだけ、俺たちのために,That's because you're working hard,,
ID00084,0000bb72,54,　がんばってくれてるってことだから、,"for us, so",,
ID00084,0000bbb7,30,　隠すことないのに」,There's nothing to hide.,,
ID00084,0000bd4a,51,「ダメだってぇ、恥ずかしいもん！」,"It's not okay, it's embarrassing!",,
ID00084,0000c02d,42,「それより、腕は大丈夫なの？,"More importantly, is your arm okay?",,
ID00084,0000c066,33,　重かったでしょう？」,It must have been heavy?,,
ID00084,0000c32b,48,「まだちょっと痛いけど、大丈夫」,"It still hurts a little, but I'm fine.",,
ID00084,0000c4d0,39,「治るまでのんびりしてて。,Take it easy until you're better.,,
ID00084,0000c506,39,　その間になにかお礼を…」,I'll think of something to thank you...,,
ID00084,0000c875,39,「あ、そうだ！　昨日作った,Oh yeah! Curry I made.,,
ID00084,0000c8ab,51,　カレーがあるんだけど、食べる？」,that you can have if you want.,,
ID00084,0000cd90,42,「心美先生のカレー？　食う！,Ms. Shinomiya's curry? Count me in!,,
ID00084,0000cdc9,24,　食いますよ！」,I will eat it!,,
ID00084,0000cf72,60,「エヘヘ、じっくり煮込んだ自信作なのよ。,"Hehe, my best curry.",,
ID00084,0000cfbd,33,　ちょっと待っててね」,"Just a moment, okay?",,
ID00084,0000d775,63,（まさか、心美先生の手料理が食えるとは…）,I never thought I'd taste her food...,,
ID00084,0000d7e2,63,「ご飯が炊けるまで、３０分ぐらいだからぁ」,It'll take about 30 minutes until the rice is done.,,
ID00084,0000d84f,15,「は～い」,Okay then.,,
ID00084,0000d88c,57,（その間に、テーブルの上の本だけでも、,Maybe I can tidy the books...,,
ID00084,0000d8d4,27,　片付けておくか）,I should tidy them up.,,
ID00084,0000dd9d,48,「ルンル～ン♪　ルルルル～ン♪」,Luuu~n♪ Luurruun♪,,
ID00084,0000ddfb,42,（おっ、いい香りがしてきた）,"(Ah, it smells good.)",,
ID00084,0000de53,48,「もうちょっとで出来るからね～」,Just a little longer and we'll be done~,,
ID00084,0000deb1,60,「こっちも、もうちょっとで片付きますよ」,This part will be finished up soon too.,,
ID00084,0000df1b,12,「ん？」,Hm?,,
ID00084,0000df55,33,「あ！　テーブルの上、,Ah! You cleaned up the table!,,
ID00084,0000df85,36,　片付けてくれたの！？」,You did?,,
ID00084,0000dfd7,60,「まとめて床の隅に置いただけですけどね」,I just put everything in a corner of the floor.,,
ID00084,0000e041,48,「腕が疲れてるのに、ありがとぉ」,"Thanks, even though my arms are tired.",,
ID00084,0000e09f,57,「あのテーブルじゃ、食べるとこないし」,That table's not for eating at anyway.,,
ID00084,0000e106,33,「テヘヘ、もうちょっと,"Hehe, just a little longer",,
ID00084,0000e136,42,　整理整頓を心がけなきゃね」,I gotta keep things tidy.,,
ID00084,0000e18e,54,「さ、出来たわよ。たくさん食べてね」,There you go! Eat up!,,
ID00084,0000e595,42,「ジャーーーン！　心美特製、,"Ta-da! Heart's special,",,
ID00084,0000e5ce,54,　ミルクたっぷりホワイトカレーよ！」,milk-rich white curry!,,
ID00084,0000e9e3,57,「白っ！　これ、カレーなんですか！？」,"White! This is curry, right!?",,
ID00084,0000eb78,39,「そう、歴としたカレーよ」,"Yep, it's real curry.",,
ID00084,0000ee36,48,「クリームソースがベースだから、,"It's based on a cream sauce, so",,
ID00084,0000ee75,48,　見た目がシチューみたいだけど、,"it looks like stew, but",,
ID00084,0000eeb4,48,　食べてみれば味はカレーだから」,"Try it and you'll see, it tastes like curry.",,
ID00084,0000f3f1,60,「ほらほら、ジャスト　トライ　イット！」,"Come on, just try it!",,
ID00084,0000fb8d,21,「もぐもぐ…」,*chomp chomp...*,,
ID00084,0000fbd0,15,「どう？」,"""How's that?""",,
ID00084,0000fc0d,45,「確かにカレーだ！　うまい！」,It really is curry! It's delicious!,,
ID00084,0000fc68,21,「でしょお？」,See?,,
ID00084,0000fcab,42,「こんなクリーミーなカレー、,I've never had curry this creamy before.,,
ID00084,0000fce4,36,　食ったことないですよ」,Never tasted anything like it.,,
ID00084,0000fd36,57,「エヘヘ、なんせミルクたっぷりだから」,"Hehe, it's because there's plenty of milk in it.",,
ID00084,0000fd9d,27,「心美先生って…」,Sensei... Heartmi...,,
ID00084,0000fde6,12,「ん？」,Hm?,,
ID00084,0000fe20,54,「牛乳たっぷり取ってるみたいなのに、,"She seems to drink lots of milk, but...",,
ID00084,0000fe65,57,　なんで背も…なにもかも小さいまま…」,Why is she still so small...,,
ID00084,0000fecc,45,「そ、それは言っちゃダメなの！,N-no way! You can't say that!,,
ID00084,0000ff08,36,　いつかおっきくなるかも,She might grow up someday!,,
ID00084,0000ff3b,33,　しれないんだから！」,Who knows when!,,
ID00084,0000ff8a,18,「はははは」,Hahaha,,
ID00084,0000ffca,69,こうして、心美先生のカレーをごちそうになった。,"And so, I got to enjoy Sensei's curry.",,
ID00091,0000120a,24,「あ、心美先生」,"Hey, Miss Shinomi.",,
ID00091,000015b9,17,「@str_000君」,@str_000-kun,,
ID00091,00001714,42,「ここでなにしてるんです？」,What are you doing here?,,
ID00091,000018b3,57,「これから、生徒の子たちと待ち合わせて,I'm meeting up with some students later.,,
ID00091,000018fb,30,　クレープ食べるの」,I'm gonna eat crepes.,,
ID00091,00001a82,33,「へ～っ、いいですね」,"Ohh, that sounds nice.",,
ID00091,00001c34,48,「グフフフ…なに食べよっかなぁ。,"Heheh... What should I eat, hmm?",,
ID00091,00001c73,63,　バナナチョコレート？　アップルシナモン？,Banana chocolate? Apple cinnamon?,,
ID00091,00001cc1,54,　キャラメルカスタードもいいわねぇ」,"Caramel custard's good too, ne?",,
ID00091,000023d3,42,「心美先生、よだれ、よだれ」,"Miss Shinmi, drool, drool.",,
ID00091,0000274e,39,「あわわ、落ちそうだった？,"Whoa, it almost fell?",,
ID00091,00002784,27,　想像するとつい」,Just thinking about it...,,
ID00091,00002bcb,45,「待ち合わせ場所へ急がなきゃ。,I gotta hurry to the meeting spot.,,
ID00091,00002c07,27,　それじゃあね～」,See ya~,,
ID00091,000032b8,36,（心美先生とクレープか。,Shinmi-sensei and a crepe huh...,,
ID00091,000032eb,33,　似合いすぎて困るな）,It's so fitting I'm worried,,
ID00091,0000336a,48,「つれねーこと言わずにいいだろ？,You don't need to say I'm out.,,
ID00091,000033a9,27,　ちょっとぐらい」,Just for a bit though,,
ID00091,000033f2,54,「もう！　イヤって言ってるでしょ！」,Geez! I said no already!,,
ID00091,00003456,60,「カラオケ行くだけだって～、な？　な？」,"Just going to karaoke, okay? Okay?",,
ID00091,000034c0,54,「あなたたち高校生なんじゃないの！？,You're high schoolers right!?,,
ID00091,00003505,63,　先生に声かけるって、どういうつもり！？」,What do you mean by talking to a teacher!?,,
ID00091,00003572,48,「だから、そんな見え透いたウソ、,I said that obvious lie of yours is,,
ID00091,000035b1,21,　いいって～」,fine~,,
ID00091,000035f4,36,「ホントなんだってば！」,It's the truth!,,
ID00091,00003d86,47,「あ！　@str_000君！　助けてぇ！」,Ah! @str_000-kun! Help meee!,,
ID00091,00004199,39,「あの人たちしつっこいの！,Those guys are persistent!,,
ID00091,000041cf,57,　先生って言っても信じてくれなくて！」,"Even if I say 'teacher,' you won't believe me!",,
ID00091,00004a80,33,「な、なんだよ、お前」,What's up with you?,,
ID00091,00004acf,42,「…俺の彼女になんの用だ？」,What do you want from my girlfriend?,,
ID00091,00004b27,12,「え…」,Huh...?,,
ID00091,00004b61,30,「チッ、男連れかよ」,"Tch, you brought a guy?",,
ID00091,00004bad,39,「それならそうと言えよな。,"If that's the case, just say so.",,
ID00091,00004be3,45,　変なウソついてんじゃねーよ」,Stop telling weird lies.,,
ID00091,00005143,30,「ふぅ…行ったか…」,Huh... Did she leave...,,
ID00091,000052d6,33,「ウソじゃないもーん！,That wasn't a lie!,,
ID00091,00005306,39,　ホントに先生だもーん！」,"She really is a teacher, you know!",,
ID00091,00005496,45,「ったく、あいつらロリコンか？,"Man, are those guys lolicons?",,
ID00091,000054d2,42,　心美先生に声かけるなんて」,To even talk to Shinomi-sensei...,,
ID00091,00005893,30,「そうよ、そうよぉ」,"That's right, that's right.",,
ID00091,00005a42,42,「って、なんでそうなるのよ！,"Wait, why would it be like that!",,
ID00091,00005a7b,24,　私、２２よ！」,"I'm 22, okay!",,
ID00091,00005d37,18,「はははは」,Hahaha,,
ID00091,00005ebe,15,「もう…」,Geez...,,
ID00091,00006053,54,「けど、ありがとね、助かっちゃった」,"But thanks anyway, I needed the help.",,
ID00091,0000632d,30,「どういたしまして。,You're welcome.,,
ID00091,0000635a,51,　大事にならなくてよかったですよ」,Glad it wasn't anything serious.,,
ID00091,0000655b,30,「どうしたんです？」,What's up?,,
ID00091,000065a7,45,「私のこと…彼女って言った…」,You called me... your girlfriend...,,
ID00091,0000673d,36,「そ、それはとっさに…」,I-I just said that on the spot...,,
ID00091,000068f2,30,「担任の先生だって、,"Even my homeroom teacher,",,
ID00091,0000691f,60,　ちゃんと説明してくれればよかったのに」,should've explained everything properly...,,
ID00091,00006ac4,48,「い、いや、あいつらなに言っても,"N-No, they wouldn't believe",,
ID00091,00006b03,45,　信じないだろうし、それで…」,anything those guys say anyway...,,
ID00091,00006c8c,48,「フフッ、ダメですよぉ、ウソは。,"Heh heh, nope, don't lie.",,
ID00091,00006ccb,45,　先生のこと、彼女だなんてね」,"I mean, calling her my girlfriend...",,
ID00091,0000710c,21,「すみません」,Sorry about that.,,
ID00091,0000727d,36,「フフッ、許してあげる。,"Heh heh, I'll forgive you.",,
ID00091,000072b0,54,　ウソはウソでも、いいウソだもんね」,It's a good lie even if it is a lie.,,
ID00091,0000783e,36,「さ、宿舎へ帰りましょ」,Shall we head back to the dorm?,,
ID00091,00007890,15,「ですね」,Yeah,,
ID00091,00007d5e,51,こうして、心美先生と一緒に帰った。,And so I went back with Shimemi-sensei.,,
ID00098,000010c4,60,「ふんふん……ワクワク……ドキドキ……」,Hehe... excited... nervous...,,
ID00098,000013b0,36,「え～、ここで終わりぃ？,"Eh~, is this it?",,
ID00098,000013e3,30,　続きが気になるぅ」,I wanna know more~,,
ID00098,00001583,51,「心美先生、なに読んでるんです？」,"Teacher Shinomiya, what are you reading?",,
ID00098,00001749,12,「え？」,What?,,
ID00098,0000192a,23,「あ、@str_000君！,"Oh, @str_000!",,
ID00098,00001950,48,　なんでもない、なんでもないの」,"Nothing, nothing at all.",,
ID00098,00001c3d,33,「本棚に戻したのは…」,Putting the book back was...,,
ID00098,00001e61,24,「ダ、ダメェ！」,N-No way!,,
ID00098,00002047,48,「少女漫画か。隠すことないのに」,Shoujo manga? There's no need to hide it.,,
ID00098,000021d3,51,「だって…先生が漫画なんて…ねぇ」,But... a teacher reading manga...,,
ID00098,000024d7,57,「そうですか？　べつにいいと思うけど」,Really? I don't mind though.,,
ID00098,000026df,54,「だって、ただでさえ威厳がないのに、,"Because, you barely have any authority as it is,",,
ID00098,00002724,54,　ますますなくなっちゃうじゃないぃ」,"and this just makes it worse, doesn't it?",,
ID00098,000029fe,33,「それは…そうかも…」,That might be... true...,,
ID00098,00002b7b,36,「でしょお？　先生だって,See? Even teachers,,
ID00098,00002bae,42,　いろいろ考えてるんだから」,have a lot to think about.,,
ID00098,00002e95,54,「じゃあ、人前で立ち読みなんかせず、,"Then don't read manga in public,",,
ID00098,00002eda,60,　電子書籍を買えばいいんじゃないです？」,Why not just buy an e-book?,,
ID00098,00003072,12,「えっ」,Oh!,,
ID00098,0000320f,60,「それよ！　スマホで読めばいいんだぁ！」,That's right! You can read it on your phone!,,
ID00098,000034fb,54,「さっそく帰って、大人買いしよっと！,I'll go home and buy a bunch right away!,,
ID00098,00003540,24,　ありがとね！」,Thanks!,,
ID00098,0000396c,27,「それじゃあね～」,See ya~,,
ID00098,00003d53,42,（そそっかしいとこあるよな、,"You're so naive, aren't you?",,
ID00098,00003d8c,24,　心美先生って）,Beautiful heart.,,
ID00098,0000442c,12,「ね…」,Yeah?,,
ID00098,000044bf,33,「ど、どうしたんです？,W-What's wrong?,,
ID00098,000044ef,36,　宿舎へ戻ったんじゃ…」,You went back to the dorm...,,
ID00098,000046bd,66,「立ち読みじゃなくて、せっかく買うってのに、,You bought it but...,,
ID00098,0000470e,60,　電子書籍だと付録がつかないんだけど…。,"with e-books, there's no bonus content...",,
ID00098,00004759,30,　どうすればいい？」,What should I do?,,
ID00098,00004b6f,36,「はは…付録がつくような,Bonus content?,,
ID00098,00004ba2,33,　漫画誌なんですか？」,Like what?,,
ID00098,00004d1f,60,「う、ううん、ついてない！　ついてない！,N-No! I'm not lucky!,,
ID00098,00004d6a,27,　それじゃあね～」,See ya~,,
ID00098,000056a8,30,（ついてるんだな…）,"You are, though...",,
ID00098,00005b86,54,（なにか動画の参考になる雑誌は…と）,A mag with vid ref material?,,
ID00098,00005c3e,27,（グラビア誌か…。,"A bikini mag, huh...",,
ID00098,00005c68,48,　『ＯＨ！　ＰＩＥＥＥ！』って、,Oh! PIEEEEE!,,
ID00098,00005ca7,36,　この間読んだヤツだな）,That's the one I read recently.,,
ID00098,00005cf9,33,（また…覗いてみるか）,Maybe...I'll take a peek again,,
ID00098,00005d9b,9,ペラリ,Flip,,
ID00098,00005dd2,60,（むむ……何度見てもでけぇ！　すげぇ！）,It's huge! Awesome!,,
ID00098,00005e8f,9,ペラリ,Flip,,
ID00098,00005ec6,39,（水着がまた…刺激的な…）,Swimsuits are so...provocative...,,
ID00098,00005f6e,9,ペラリ,Flip,,
ID00098,00005fa5,45,（まさに…こぼれんばかりな…）,Almost...spilling over...,,
ID00098,0000602f,27,（グラビア誌か…。,"A bikini mag, huh...",,
ID00098,00006059,42,　胸のでかい子が表紙だなぁ）,Big-boobed girl.,,
ID00098,000060b1,51,（『ＯＨ！　ＰＩＥＥＥ！』って…、,"Like 'OH! PEEEE!' or something...,",,
ID00098,000060f3,36,　ああ、巨乳専門的な？）,"Ah, a big-boob specialist?",,
ID00098,00006198,9,ペラリ,Flip,,
ID00098,000061cf,45,（むむ……でけぇ！　すげぇ！）,Mmm... huge! Awesome!,,
ID00098,0000627d,9,ペラリ,Flip,,
ID00098,000062b4,48,（いきなり水着か。刺激的だな…）,Swimsuits already? That's pretty provocative...,,
ID00098,00006365,9,ペラリ,Flip,,
ID00098,0000639c,42,（おおっ、すごいアングル…）,"Wow, what a great angle...",,
ID00098,00006447,9,ペラリ,Flip,,
ID00098,0000647e,54,（こ、これは……こぼれんばかりな…）,T-this... almost spilling over...,,
ID00098,000069f5,53,「@str_000く～ん、な～に読んでるの？」,@str_000-kun~! What are you reading?,,
ID00098,00006bbd,39,「あっ！　こ、心美先生！」,Ah! H-Hime-miss?!,,
ID00098,00006d59,33,「オー…パイイイイ？」,Oh...boobs?,,
ID00098,00006ee3,45,「く、口にしなくていいから！」,D-Don't say it out loud!,,
ID00098,00007085,30,「オーパイ…オパイ…,Boobss...,,
ID00098,000070b2,33,　おっぱいのこと！？」,You mean boobs?!?,,
ID00098,00007297,57,「だから、口にしなくていいですって！」,I said don't say it out loud!!,,
ID00098,0000743e,57,「はうぅぅ…そんな雑誌、熱心に見てぇ」,Aww...you're so into that magazine.,,
ID00098,00007862,57,「そんなに胸の大きな子が好きなの！？」,Do you like girls with big chests so much??,,
ID00098,000078c9,39,「そ、そういうわけじゃ！」,"S-Sorry, that's not it!",,
ID00098,00007a4c,24,「じゃあなに？」,Then what is it?,,
ID00098,00007a92,15,「むむ…」,Hmmph...,,
ID00098,00007c32,24,「小さい子には、,Small girls have,,
ID00098,00007c59,42,　小さい子の良さがあるのよ」,their own charm.,,
ID00098,00007dec,21,「…例えば？」,...Like what?,,
ID00098,00007f76,24,「そ、それは…」,S-sorry about that...,,
ID00098,0000823e,48,「寄せて上げる必要がないのよ！」,You don't need to boost them up!,,
ID00098,0000829c,42,「ああ……ない…ですからね」,Ah...that's right...,,
ID00098,0000844d,42,「う～っ、小さい胸にはねぇ…,"Ugh, small boobs just are...",,
ID00098,00008486,33,　小さい胸にはねぇ…」,Small boobs just are...,,
ID00098,00008879,51,「純真さが詰まってるんだからぁ！」,You're so innocent!,,
ID00098,00008a15,32,「@str_000君のバカァ！」,"@str_000, you idiot!",,
ID00098,00008df8,30,「あ！　心美先生！」,Hey! It's Ms. Shinmi!,,
ID00098,00008e44,30,（行っちゃったか…。,I did it.,,
ID00098,00008e71,45,　とんだとこ見られちゃったな。,You sure got a good look at me.,,
ID00098,00008ead,63,　別に巨乳好きってわけじゃないんだけど…）,I'm not even really into big boobs or anything...,,
ID00105,0000081a,18,（あち～っ。,Eek~!,,
ID00105,0000083b,54,　夕方だってのに茹だるような暑さだ）,"It's so hot, even though it's evening.",,
ID00105,0000089f,54,（ふ～っ、ここはエアコンが効いてて、,Phew... it's nice and cool.,,
ID00105,000008e4,18,　涼しいな）,Pretty refreshing.,,
ID00105,00000f7f,29,「あ～…@str_000君～」,@str_000-kun~...,,
ID00105,00000fca,21,「心美先生…」,Miss Shinomiya...,,
ID00105,00001129,45,「ここへなにしに？　ゲーム？」,What are you doing here? Playing games?,,
ID00105,0000130c,63,「ううん～、駅前モールの１００円ショップへ,"Nah, 100 yen shop at station.",,
ID00105,0000135a,54,　行くとこなんだけど、あまりに暑くて,but it's so hot out there that...,,
ID00105,0000139f,27,　避難してきたぁ」,I came here to cool off.,,
ID00105,000017ce,39,「ここは涼しいですからね」,It's nice and cool in here.,,
ID00105,00001986,63,「そう～、駅前へ行く途中のオアシスよぉ～」,"Yeah, it's like an oasis on the way to the station.",,
ID00105,00001c69,54,「俺も暑くて避難してきたクチですよ」,I came here too because it was so hot outside.,,
ID00105,00001e14,36,「考えることは一緒ね～」,We're thinking the same thing.,,
ID00105,00001ffe,48,「はぁ…けど、買い物がすんだら、,"Phew... but once I'm done shopping,",,
ID00105,0000203d,54,　すぐ学校へ戻らなきゃならなくて…」,I gotta head back to school right away though...,,
ID00105,0000245e,51,「もう行かなきゃ。それじゃあね～」,I've got to go already. See ya~,,
ID00105,0000262f,24,「気をつけて…」,Be careful...,,
ID00105,000027bc,15,「うん～」,Yeah~,,
ID00105,00002bb5,21,（大変だな…）,Man...,,
ID00105,00002c1b,54,（ふ～っ、ここはいつ来ても涼しいな）,This place is always cool~,,
ID00105,000031ac,24,「あ、心美先生」,"Hey, Miss Shinomi.",,
ID00105,00003320,26,「あ゛、@str_000君」,"Ah, @str_000-kun",,
ID00105,000035d8,45,「ごごで会うなんで、偶然ね～」,It's a coincidence we meet today~,,
ID00105,0000376e,54,「うわ、ヒドい声。どうしたんです？」,"Whoa, what's up with that voice? What happened?",,
ID00105,00003919,36,「あ゛～、生徒の子だちと,"Ah~, you're a student here.",,
ID00105,0000394c,39,　ガラオゲやっでたがら～」,I don't wanna go to the arcade~,,
ID00105,00003c17,36,「ああ、そうなんですか」,"Oh, I see.",,
ID00105,00003dcc,63,「盛り上がっだがら、声張り上げぢゃった～」,I got excited and raised my voice~,,
ID00105,00003f74,42,「ははは、無理にしゃべらず、,"Haha, don't force yourself to talk.",,
ID00105,00003fad,45,　のどを休めた方がいいですよ」,Take a break and rest your voice.,,
ID00105,0000414f,33,「ぞうね～、ぞうずる」,You're such a tease~,,
ID00105,00004420,50,「今度、@str_000ぐんども行ごうね～」,We'll go together next time~,,
ID00105,000045bb,18,「ですね！」,Right!,,
ID00105,00004729,57,「じゃあ、みんなまだ向ごうにいるがら」,So everyone's still there then.,,
ID00105,000048cb,42,「そっか、じゃあ失礼します」,"Oh, okay then. I'll be off.",,
ID00105,00004a94,30,「う゛ん、まだね～」,"Mm-hmm, they are~",,
ID00105,00005060,36,（好きとは聞いてたけど、,"(I heard you liked karaoke,",,
ID00105,00005093,51,　本当に好きなんだなぁ、カラオケ）,"but it really is something you love, huh?]",,
ID00105,00005123,42,（好きなんだなぁ、カラオケ）,"(You really do love karaoke,)",,
ID00112,000022ae,51,（１人で来るここもいいもんだよな）,(It's nice to come here alone too.),,
ID00112,0000278f,39,（フッ、暮れなずむ夕日が、,"Heh, the setting sun.",,
ID00112,000027c5,42,　去りゆく夏を感じさせるゼ）,Like it's saying goodbye to summer.,,
ID00112,0000286f,42,「うわっ！　な、なんだ！？」,Whoa! What's going on!?,,
ID00112,000028c7,33,「だ～～～～れだっ？」,Who the hell is it!?,,
ID00112,00002916,12,「え…」,Huh...?,,
ID00112,00002a33,16, 反町だろ？, Sorimachi?,,
ID00112,00002a5e,25, 御前さんでしょ？, Misaki-senpai?,,
ID00112,00002a92,19, まひろだろ？, Mahiro?,,
ID00112,00002bcb,25, 心美先生でしょ？, Ms. Kokomi?,,
ID00112,00002c10,27,「相良さんだろ？」,Sagara-san?,,
ID00112,00002c6d,33,「マリアさんでしょ？」,"It's Maria, right?",,
ID00112,00002cd0,21,「反町だろ？」,"Sorimachi, right?",,
ID00112,00002d7b,21,「渚紗だろ？」,Aren't you Nagisa?,,
ID00112,00002ded,27,「御前さんだろ？」,"It's you, Senpai?",,
ID00112,00002e8b,24,「まひろだろ？」,You mean Mahiro?,,
ID00112,00002f39,21,「凜世だろ？」,"Rinze, right?",,
ID00112,00002fab,21,「妃月だろ？」,"Himeragi, right?",,
ID00112,00003043,21,「真奈だろ？」,"Mana, right?",,
ID00112,000038af,27,「はっずれ～～～」,Damn~,,
ID00112,000038f8,21,「心美先生！」,Teacher Shinomiya!,,
ID00112,00003a82,45,「妹さんと間違えちゃったかぁ。,"You mistook her for your sister, huh?",,
ID00112,00003abe,30,　兄妹、仲いいのね」,Siblings get along.,,
ID00112,00003d80,45,「っていうか、突拍子もないこと,"By the way, she's the type to do crazy stuff",,
ID00112,00003dbc,27,　するヤツだから」,because of that.,,
ID00112,00003f4c,30,「あ～っ、なぁにぃ？,Oh? What is it?,,
ID00112,00003f79,33,　私が突拍子もないこと,Did something unexpected,,
ID00112,00003fa9,45,　しちゃったみたいじゃなぁい」,don't I?,,
ID00112,000043ea,39,「はは…したと思うけど…」,Heh... I think so...,,
ID00112,00004586,18,「そうぉ？」,Really?,,
ID00112,000045c6,45,「普通、先生が“だ～れだ”とか,"Usually, teachers don't ask 'who is it'",,
ID00112,00004602,27,　しないですって」,like that.,,
ID00112,000047ae,21,「そうかなぁ？,Is that right?,,
ID00112,000047d2,45,　私はついやっちゃうけどなぁ」,But I just can't help myself.,,
ID00112,00004968,33,「ビックリしましたよ」,You really scared me.,,
ID00112,00004b1a,60,「そりゃそうよ、ビックリさせたんだから」,"Of course you did, I scared you after all.",,
ID00112,00004e06,60,「ん～、担任だし、当てて欲しかったけど、,"Hmm, I wanted to be right",,
ID00112,00004e51,63,　兄妹で仲がいいのは、とってもいいことね」,It's great that you two get along so well.,,
ID00112,000054f1,45,「これからも妹さんを大切にね。,Take care of your little sister from now on.,,
ID00112,0000552d,27,　それじゃあね～」,See ya~,,
ID00112,00005a96,42,（まさか、心美先生とはなぁ）,(I didn't expect it to be Miss Shinomi.),,
ID00112,00005aff,24,「ユイ姉だろ？」,"Yui-onee, right?",,
ID00112,0000636e,27,「はっずれ～～～」,Damn~,,
ID00112,000063b7,21,「心美先生！」,Teacher Shinomiya!,,
ID00112,00006528,48,「お姉さんと間違えちゃったかぁ。,You must've mistaken me for my big sister.,,
ID00112,00006567,30,　姉弟、仲いいのね」,"You two are pretty close, huh?",,
ID00112,00006842,57,「こういうイタズラをよくやるんですよ」,I do this kind of prank a lot.,,
ID00112,00006a0c,42,「そっかぁ、結菜さんらしい」,"Oh yeah, that's right up Yuna's alley.",,
ID00112,00006ce6,51,「担任だし、当てて欲しかったけど、,"I'm your teacher, but",,
ID00112,00006d28,48,　お姉さんと間違えられたんじゃ、,"but if you mistook me for my big sister,",,
ID00112,00006d67,21,　仕方ないか」,Can't do anything.,,
ID00112,000072d7,27,「それじゃあね～」,See ya~,,
ID00112,000076d0,42,（まさか、心美先生とはなぁ）,(I didn't expect it to be Miss Shinomi.),,
ID00112,00007739,27,「藍田さんだろ？」,"Aran-san, right?",,
ID00112,00007796,21,「内魔だろ？」,Isn't that you?,,
ID00112,00008016,27,「はっずれ～～～」,Damn~,,
ID00112,0000805f,21,「心美先生！」,Teacher Shinomiya!,,
ID00112,0000821b,62,「フフ～ン、@str_000君と親しい子が誰なのか、,"Heh~n, who the hell's your close friend, @str_000?",,
ID00112,00008268,30,　わかっちゃった～」,Gotcha~,,
ID00112,0000852a,39,「そ、そういうわけじゃ！」,"S-Sorry, that's not it!",,
ID00112,000086c6,60,「隠さない隠さない、誰にも言わないから」,"Don't hide it, don't hide it, I won't tell anyone.",,
ID00112,00008cb8,48,「御前さんのこと、渚紗、なんて、,'Called you Nagisa...,,
ID00112,00008cf7,39,　呼び捨てにしちゃって～」,'I called you Nagisa~',,
ID00112,00008fdb,12,「う…」,...,,
ID00112,000091df,48,「ひめちゃん、いつも１人だから、,"Hime-chan always goes alone,",,
ID00112,0000921e,51,　いいお兄ちゃんが出来たみたいね」,You've got yourself a good big bro now.,,
ID00112,0000966b,57,「これからも仲良くね。それじゃあね～」,Let's stay friends from now on. Bye~,,
ID00112,00009bf2,60,（まさか、先生が“だ～れだ”なんてなぁ）,"No way, Teacher saying 'who is it' or something",,
ID00112,00009c6d,30,「心美先生でしょ？」,Isn't it Shinmi-sensei?,,
ID00112,0000a4f4,63,「当ったり～っ！　どうしてわかったのぉ？」,Bingo~! How did you know that?,,
ID00112,0000a69c,48,「声が、心美先生の声でしたから」,Because it was Teacher Shinomiya's voice.,,
ID00112,0000a85d,54,「そっかぁ、声でわかっちゃったかぁ。,"Oh, so you figured it out from the voice.",,
ID00112,0000a8a2,45,　いつも教室で聞いてるもんね」,You hear her in class.,,
ID00112,0000acba,51,「フフッ、担任冥利に尽きるかも～」,"Hehe, this is just what I wanted~",,
ID00112,0000b0d8,45,「満足、満足。それじゃあね～」,"Satisfied, satisfied. Bye~",,
ID00112,0000b3de,36,「あ、はい、失礼します」,"Ah, yes, excuse me.",,
ID00112,0000b7e0,39,（バッチリ当てられたけど、,"You got me there,",,
ID00112,0000b816,60,　まさか、先生が“だ～れだ”なんてなぁ）,I didn't think you'd ask 'who' like that.,,
ID00112,0000bfff,24,「あ、心美先生」,"Hey, Miss Shinomi.",,
ID00112,0000c3ae,44,「@str_000君、なにしにここへ？」,"@str_000, what are you doing here?",,
ID00112,0000c543,39,「夕日でも録ろうというか、,Was it to record the sunset or,,
ID00112,0000c579,30,　見ようというか…」,just look at it...?,,
ID00112,0000c70c,33,「そっか、私と一緒ね。,Same here.,,
ID00112,0000c73c,42,　私もここの夕日が大好きよ」,I love this sunset too.,,
ID00112,0000cb45,30,「きれいですからね」,It's so beautiful.,,
ID00112,0000ccd8,18,「そうね～」,I see~,,
ID00112,0000ce5f,27,「…あ、そうだ！」,"...Oh, right!",,
ID00112,0000d22d,24,「一緒に来て！」,Come with me!,,
ID00112,0000d273,24,「ど、どこへ？」,W-Where?,,
ID00112,0000d400,18,「いいから」,Just come.,,
ID00112,0000db70,60,「ほらほら、そこの鐘、なにか知ってる？」,"Hey, know that bell?",,
ID00112,0000deb5,60,「恋人の鐘ですよね？　カップルが鳴らすと,"It's the Lover's Bell, right? Couples ring it and",,
ID00112,0000df00,33,　幸せになるっていう」,"brings happiness, they say.",,
ID00112,0000e0b2,54,「そう、その通り！　恋に焦がれる人、,"Right! That's it! People in love,",,
ID00112,0000e0f7,42,　みんなの憧れ、恋人の鐘！」,dream of the Lover's Bell!,,
ID00112,0000e782,33,「さ、一緒に慣らそっ」,Let's try it together.,,
ID00112,0000e90c,57,「ええっ！？　俺と！？　どうして！？」,Wh-what!? With me!? Why!?,,
ID00112,0000eaa1,60,「どうしてって…幸せになりたくないの？」,Why not...? Don't you want to be happy?,,
ID00112,0000ec5f,36,「幸せにはなりたいけど、,"I do, but I can't ring",,
ID00112,0000ec92,39,　恋人の鐘を先生とって…」,the Lover's Bell with my teacher...,,
ID00112,0000ee2e,33,「私のことが…嫌い？」,You... don't like me?,,
ID00112,0000efb8,33,「そんな訳ないですよ！,Of course not! Sensei's always...,,
ID00112,0000efe8,51,　心美先生は…いつも一生懸命で…」,working so hard for us...,,
ID00112,0000f189,45,「私の幸せを…願ってくれる？」,Do you want my happiness too?,,
ID00112,0000f4d1,39,「もちろん！　心美先生は…,Absolutely! I hope you find...,,
ID00112,0000f507,42,　これからも大変だろうから、,"things are going to be tough, but",,
ID00112,0000f540,33,　幸せになって欲しい」,I just want you to be happy.,,
ID00112,0000f5be,39,「もちろん！　心美先生は…,Absolutely! I hope you find...,,
ID00112,0000f5f4,63,　いろいろ大変だから、幸せになって欲しい」,"Things will get rough, but please be happy.",,
ID00112,0000f7d7,30,「フフッ、ありがと」,"Hehe, thanks.",,
ID00112,0000faa5,39,「じゃあ、一緒に鳴らして。,Let's ring them together then.,,
ID00112,0000fadb,45,　それで私は、十分幸せだから」,And I'm already plenty happy.,,
ID00112,0000ff00,33,「そう…なんですか？」,Is that...so?,,
ID00112,000100c0,24,「うん、そう！」,"Yeah, it is!",,
ID00112,00010241,39,「じゃあ…いいですけど…」,Well...that's fine...,,
ID00112,000103ef,36,「優しく…手を添えてね」,Be gentle...and hold my hand.,,
ID00112,00010a1c,51,「うわぁ～、いい音色ぉ。素敵ぃ～」,Wow~ Such a nice sound. So pretty~,,
ID00112,00010a7d,60,「うんうん…幸せって、こういうことよね」,Yep yep...This is what happiness feels like.,,
ID00112,00010ae7,42,（心美先生……俺、心の支えに,(Miss Shinomi... Am I some support?),,
ID00112,00010b20,39,　少しはなってるのかな…）,(...),,
ID00119,0000120a,24,「あ、心美先生」,"Hey, Miss Shinomi.",,
ID00119,000015b9,17,「@str_000君」,@str_000-kun,,
ID00119,00001714,42,「ここでなにしてるんです？」,What are you doing here?,,
ID00119,000018b3,57,「これから、生徒の子たちと待ち合わせて,I'm meeting up with some students later.,,
ID00119,000018fb,30,　クレープ食べるの」,I'm gonna eat crepes.,,
ID00119,00001a82,33,「へ～っ、いいですね」,"Ohh, that sounds nice.",,
ID00119,00001c34,48,「グフフフ…なに食べよっかなぁ。,"Heheh... What should I eat, hmm?",,
ID00119,00001c73,63,　バナナチョコレート？　アップルシナモン？,Banana chocolate? Apple cinnamon?,,
ID00119,00001cc1,54,　キャラメルカスタードもいいわねぇ」,"Caramel custard's good too, ne?",,
ID00119,000023d3,42,「心美先生、よだれ、よだれ」,"Miss Shinmi, drool, drool.",,
ID00119,0000274e,39,「あわわ、落ちそうだった？,"Whoa, it almost fell?",,
ID00119,00002784,27,　想像するとつい」,Just thinking about it...,,
ID00119,00002bcb,45,「待ち合わせ場所へ急がなきゃ。,I gotta hurry to the meeting spot.,,
ID00119,00002c07,27,　それじゃあね～」,See ya~,,
ID00119,000032b8,36,（心美先生とクレープか。,Shinmi-sensei and a crepe huh...,,
ID00119,000032eb,33,　似合いすぎて困るな）,It's so fitting I'm worried,,
ID00119,0000336a,48,「つれねーこと言わずにいいだろ？,You don't need to say it.,,
ID00119,000033a9,27,　ちょっとぐらい」,Just for a bit though,,
ID00119,000033f2,54,「もう！　イヤって言ってるでしょ！」,Geez! I said no already!,,
ID00119,00003456,60,「カラオケ行くだけだって～、な？　な？」,"Just going to karaoke, okay? Okay?",,
ID00119,000034c0,54,「あなたたち高校生なんじゃないの！？,You're high schoolers right!?,,
ID00119,00003505,63,　先生に声かけるって、どういうつもり！？」,What do you mean by talking to a teacher!?,,
ID00119,00003572,48,「だから、そんな見え透いたウソ、,I said that obvious lie of yours is,,
ID00119,000035b1,21,　いいって～」,fine~,,
ID00119,000035f4,36,「ホントなんだってば！」,It's the truth!,,
ID00119,00003d86,47,「あ！　@str_000君！　助けてぇ！」,Ah! @str_000-kun! Help meee!,,
ID00119,00004199,39,「あの人たちしつっこいの！,Those guys are persistent!,,
ID00119,000041cf,57,　先生って言っても信じてくれなくて！」,"Even if I say 'teacher,' you won't believe me!",,
ID00119,00004a80,33,「な、なんだよ、お前」,What's up with you?,,
ID00119,00004acf,42,「…俺の彼女になんの用だ？」,What do you want from my girlfriend?,,
ID00119,00004b27,12,「え…」,Huh...?,,
ID00119,00004b61,30,「チッ、男連れかよ」,"Tch, you brought a guy?",,
ID00119,00004bad,39,「それならそうと言えよな。,"If that's the case, just say so.",,
ID00119,00004be3,45,　変なウソついてんじゃねーよ」,Stop telling weird lies.,,
ID00119,00005143,30,「ふぅ…行ったか…」,Huh... Did she leave...,,
ID00119,000052d6,33,「ウソじゃないもーん！,That wasn't a lie!,,
ID00119,00005306,39,　ホントに先生だもーん！」,"She really is a teacher, you know!",,
ID00119,00005496,45,「ったく、あいつらロリコンか？,"Man, are those guys lolicons?",,
ID00119,000054d2,42,　心美先生に声かけるなんて」,To even talk to Shinomi-sensei...,,
ID00119,00005893,30,「そうよ、そうよぉ」,"That's right, that's right.",,
ID00119,00005a42,42,「って、なんでそうなるのよ！,"Wait, why would it be like that!",,
ID00119,00005a7b,24,　私、２２よ！」,"I'm 22, okay!",,
ID00119,00005d37,18,「はははは」,Hahaha,,
ID00119,00005ebe,15,「もう…」,Geez...,,
ID00119,00006053,54,「けど、ありがとね、助かっちゃった」,"But thanks anyway, I needed the help.",,
ID00119,0000632d,30,「どういたしまして。,You're welcome.,,
ID00119,0000635a,51,　大事にならなくてよかったですよ」,Glad it wasn't anything serious.,,
ID00119,0000655b,30,「どうしたんです？」,What's up?,,
ID00119,000065a7,45,「私のこと…彼女って言った…」,You called me... your girlfriend...,,
ID00119,0000673d,36,「そ、それはとっさに…」,I-I just said that on the spot...,,
ID00119,000068f2,30,「担任の先生だって、,"Even my homeroom teacher,",,
ID00119,0000691f,60,　ちゃんと説明してくれればよかったのに」,should've explained everything properly...,,
ID00119,00006ac4,48,「い、いや、あいつらなに言っても,"N-No, they wouldn't believe",,
ID00119,00006b03,45,　信じないだろうし、それで…」,anything those guys say anyway...,,
ID00119,00006c8c,48,「フフッ、ダメですよぉ、ウソは。,"Heh heh, nope, don't lie.",,
ID00119,00006ccb,45,　先生のこと、彼女だなんてね」,"I mean, calling her my girlfriend...",,
ID00119,0000710c,21,「すみません」,Sorry about that.,,
ID00119,0000727d,36,「フフッ、許してあげる。,"Heh heh, I'll forgive you.",,
ID00119,000072b0,54,　ウソはウソでも、いいウソだもんね」,It's a good lie even if it is a lie.,,
ID00119,0000783e,36,「さ、宿舎へ帰りましょ」,Shall we head back to the dorm?,,
ID00119,00007890,15,「ですね」,Yeah,,
ID00119,00007d5e,51,こうして、心美先生と一緒に帰った。,And so I went back with Shimemi-sensei.,,
ID00126,000010c4,60,「ふんふん……ワクワク……ドキドキ……」,Hehe... excited... nervous...,,
ID00126,000013b0,36,「え～、ここで終わりぃ？,"Eh~, is this it?",,
ID00126,000013e3,30,　続きが気になるぅ」,I wanna know more~,,
ID00126,00001583,51,「心美先生、なに読んでるんです？」,"Teacher Shinomiya, what are you reading?",,
ID00126,00001749,12,「え？」,What?,,
ID00126,0000192a,23,「あ、@str_000君！,"Oh, @str_000!",,
ID00126,00001950,48,　なんでもない、なんでもないの」,"Nothing, nothing at all.",,
ID00126,00001c3d,33,「本棚に戻したのは…」,Putting the book back was...,,
ID00126,00001e61,24,「ダ、ダメェ！」,N-No way!,,
ID00126,00002047,48,「少女漫画か。隠すことないのに」,Shoujo manga? There's no need to hide it.,,
ID00126,000021d3,51,「だって…先生が漫画なんて…ねぇ」,But... a teacher reading manga...,,
ID00126,000024d7,57,「そうですか？　べつにいいと思うけど」,Really? I don't mind though.,,
ID00126,000026df,54,「だって、ただでさえ威厳がないのに、,"Because, you barely have any authority as it is,",,
ID00126,00002724,54,　ますますなくなっちゃうじゃないぃ」,"and this just makes it worse, doesn't it?",,
ID00126,000029fe,33,「それは…そうかも…」,That might be... true...,,
ID00126,00002b7b,36,「でしょお？　先生だって,See? Even teachers,,
ID00126,00002bae,42,　いろいろ考えてるんだから」,have a lot to think about.,,
ID00126,00002e95,54,「じゃあ、人前で立ち読みなんかせず、,"Then don't read manga in public,",,
ID00126,00002eda,60,　電子書籍を買えばいいんじゃないです？」,Why not just buy an e-book?,,
ID00126,00003072,12,「えっ」,Oh!,,
ID00126,0000320f,60,「それよ！　スマホで読めばいいんだぁ！」,That's right! You can read it on your phone!,,
ID00126,000034fb,54,「さっそく帰って、大人買いしよっと！,I'll go home and buy a bunch right away!,,
ID00126,00003540,24,　ありがとね！」,Thanks!,,
ID00126,0000396c,27,「それじゃあね～」,See ya~,,
ID00126,00003d53,42,（そそっかしいとこあるよな、,"You're so naive, aren't you?",,
ID00126,00003d8c,24,　心美先生って）,Sensei's heart.,,
ID00126,0000442c,12,「ね…」,Yeah?,,
ID00126,000044bf,33,「ど、どうしたんです？,W-What's wrong?,,
ID00126,000044ef,36,　宿舎へ戻ったんじゃ…」,You went back to the dorm...,,
ID00126,000046bd,66,「立ち読みじゃなくて、せっかく買うってのに、,You bought it...,,
ID00126,0000470e,60,　電子書籍だと付録がつかないんだけど…。,"with e-books, there's no bonus content...",,
ID00126,00004759,30,　どうすればいい？」,What should I do?,,
ID00126,00004b6f,36,「はは…付録がつくような,Bonus content?,,
ID00126,00004ba2,33,　漫画誌なんですか？」,Like what?,,
ID00126,00004d1f,60,「う、ううん、ついてない！　ついてない！,N-No! I'm not lucky!,,
ID00126,00004d6a,27,　それじゃあね～」,See ya~,,
ID00126,000056a8,30,（ついてるんだな…）,"You are, though...",,
ID00126,00005b86,54,（なにか動画の参考になる雑誌は…と）,A mag with vid ref material?,,
ID00126,00005c3e,27,（グラビア誌か…。,"A bikini mag, huh...",,
ID00126,00005c68,48,　『ＯＨ！　ＰＩＥＥＥ！』って、,Oh! PIEEEEE!,,
ID00126,00005ca7,36,　この間読んだヤツだな）,That's the one I read recently.,,
ID00126,00005cf9,33,（また…覗いてみるか）,Maybe...I'll take a peek again,,
ID00126,00005d9b,9,ペラリ,Flip,,
ID00126,00005dd2,60,（むむ……何度見てもでけぇ！　すげぇ！）,It's huge!,,
ID00126,00005e8f,9,ペラリ,Flip,,
ID00126,00005ec6,39,（水着がまた…刺激的な…）,Swimsuits are so...provocative...,,
ID00126,00005f6e,9,ペラリ,Flip,,
ID00126,00005fa5,45,（まさに…こぼれんばかりな…）,Almost...spilling over...,,
ID00126,0000602f,27,（グラビア誌か…。,"A bikini mag, huh...",,
ID00126,00006059,42,　胸のでかい子が表紙だなぁ）,Big boobs.,,
ID00126,000060b1,51,（『ＯＨ！　ＰＩＥＥＥ！』って…、,"Like 'OH! PEEEE!' or something...,",,
ID00126,000060f3,36,　ああ、巨乳専門的な？）,"Ah, a big-boob specialist?",,
ID00126,00006198,9,ペラリ,Flip,,
ID00126,000061cf,45,（むむ……でけぇ！　すげぇ！）,Mmm... huge! Awesome!,,
ID00126,0000627d,9,ペラリ,Flip,,
ID00126,000062b4,48,（いきなり水着か。刺激的だな…）,Swimsuits already? That's pretty provocative...,,
ID00126,00006365,9,ペラリ,Flip,,
ID00126,0000639c,42,（おおっ、すごいアングル…）,"Wow, what a great angle...",,
ID00126,00006447,9,ペラリ,Flip,,
ID00126,0000647e,54,（こ、これは……こぼれんばかりな…）,T-this... almost spilling over...,,
ID00126,000069f5,53,「@str_000く～ん、な～に読んでるの？」,@str_000-kun~! What are you reading?,,
ID00126,00006bbd,39,「あっ！　こ、心美先生！」,Ah! H-Hime-miss?!,,
ID00126,00006d59,33,「オー…パイイイイ？」,Oh...boobs?,,
ID00126,00006ee3,45,「く、口にしなくていいから！」,D-Don't say it out loud!,,
ID00126,00007085,30,「オーパイ…オパイ…,Boobss...,,
ID00126,000070b2,33,　おっぱいのこと！？」,You mean boobs?!?,,
ID00126,00007297,57,「だから、口にしなくていいですって！」,I said don't say it out loud!!,,
ID00126,0000743e,57,「はうぅぅ…そんな雑誌、熱心に見てぇ」,Aww...you're so into that magazine.,,
ID00126,00007862,57,「そんなに胸の大きな子が好きなの！？」,Do you like girls with big chests so much??,,
ID00126,000078c9,39,「そ、そういうわけじゃ！」,"S-Sorry, that's not it!",,
ID00126,00007a4c,24,「じゃあなに？」,Then what is it?,,
ID00126,00007a92,15,「むむ…」,Hmmph...,,
ID00126,00007c32,24,「小さい子には、,Small girls have,,
ID00126,00007c59,42,　小さい子の良さがあるのよ」,their own charm.,,
ID00126,00007dec,21,「…例えば？」,...Like what?,,
ID00126,00007f76,24,「そ、それは…」,S-sorry about that...,,
ID00126,0000823e,48,「寄せて上げる必要がないのよ！」,You don't need to boost them up!,,
ID00126,0000829c,42,「ああ……ない…ですからね」,Ah...that's right...,,
ID00126,0000844d,42,「う～っ、小さい胸にはねぇ…,"Ugh, small boobs just are...",,
ID00126,00008486,33,　小さい胸にはねぇ…」,Small boobs just are...,,
ID00126,00008879,51,「純真さが詰まってるんだからぁ！」,You're so innocent!,,
ID00126,00008a15,32,「@str_000君のバカァ！」,"@str_000, you idiot!",,
ID00126,00008df8,30,「あ！　心美先生！」,Hey! It's Ms. Shinmi!,,
ID00126,00008e44,30,（行っちゃったか…。,I did it.,,
ID00126,00008e71,45,　とんだとこ見られちゃったな。,You sure got a good look at me.,,
ID00126,00008ead,63,　別に巨乳好きってわけじゃないんだけど…）,I'm not even really into big boobs or anything...,,
ID00133,0000081a,18,（あち～っ。,Eek~!,,
ID00133,0000083b,54,　夕方だってのに茹だるような暑さだ）,"It's so hot, even though it's evening.",,
ID00133,0000089f,54,（ふ～っ、ここはエアコンが効いてて、,Phew... it’s cool.,,
ID00133,000008e4,18,　涼しいな）,It's refreshing.,,
ID00133,00000f7f,29,「あ～…@str_000君～」,@str_000-kun~...,,
ID00133,00000fca,21,「心美先生…」,Miss Shinomiya...,,
ID00133,00001129,45,「ここへなにしに？　ゲーム？」,What are you doing here? Playing games?,,
ID00133,0000130c,63,「ううん～、駅前モールの１００円ショップへ,"Nah, 100 yen shop.",,
ID00133,0000135a,54,　行くとこなんだけど、あまりに暑くて,but it's so hot out there that...,,
ID00133,0000139f,27,　避難してきたぁ」,I came here to cool off.,,
ID00133,000017ce,39,「ここは涼しいですからね」,It's nice and cool in here.,,
ID00133,00001986,63,「そう～、駅前へ行く途中のオアシスよぉ～」,"Yeah, it's like an oasis on the way to the station.",,
ID00133,00001c69,54,「俺も暑くて避難してきたクチですよ」,I came here too because it was so hot outside.,,
ID00133,00001e14,36,「考えることは一緒ね～」,We're thinking the same thing.,,
ID00133,00001ffe,48,「はぁ…けど、買い物がすんだら、,"Phew... but once I'm done shopping,",,
ID00133,0000203d,54,　すぐ学校へ戻らなきゃならなくて…」,I gotta head back to school right away though...,,
ID00133,0000245e,51,「もう行かなきゃ。それじゃあね～」,I've got to go already. See ya~,,
ID00133,0000262f,24,「気をつけて…」,Be careful...,,
ID00133,000027bc,15,「うん～」,Yeah~,,
ID00133,00002bb5,21,（大変だな…）,Man...,,
ID00133,00002c1b,54,（ふ～っ、ここはいつ来ても涼しいな）,Phew~ Always cool.,,
ID00133,000031ac,24,「あ、心美先生」,"Hey, Miss Shinomi.",,
ID00133,00003320,26,「あ゛、@str_000君」,"Ah, @str_000-kun",,
ID00133,000035d8,45,「ごごで会うなんで、偶然ね～」,Coincidence we meet today~,,
ID00133,0000376e,54,「うわ、ヒドい声。どうしたんです？」,"Whoa, what's up with that voice? What happened?",,
ID00133,00003919,36,「あ゛～、生徒の子だちと,"Ah~, student here and",,
ID00133,0000394c,39,　ガラオゲやっでたがら～」,I don't wanna go to the arcade~,,
ID00133,00003c17,36,「ああ、そうなんですか」,"Oh, I see.",,
ID00133,00003dcc,63,「盛り上がっだがら、声張り上げぢゃった～」,I got excited and raised my voice~,,
ID00133,00003f74,42,「ははは、無理にしゃべらず、,"Haha, don't force yourself to talk.",,
ID00133,00003fad,45,　のどを休めた方がいいですよ」,Take a break and rest your voice.,,
ID00133,0000414f,33,「ぞうね～、ぞうずる」,You're such a tease~,,
ID00133,00004420,50,「今度、@str_000ぐんども行ごうね～」,We'll go together next time~,,
ID00133,000045bb,18,「ですね！」,Right!,,
ID00133,00004729,57,「じゃあ、みんなまだ向ごうにいるがら」,So everyone's still there then.,,
ID00133,000048cb,42,「そっか、じゃあ失礼します」,"Oh, okay then. I'll be off.",,
ID00133,00004a94,30,「う゛ん、まだね～」,"Mm-hmm, they are~",,
ID00133,00005060,36,（好きとは聞いてたけど、,"(I heard you liked karaoke,",,
ID00133,00005093,51,　本当に好きなんだなぁ、カラオケ）,"but it really is something you love, huh?]",,
ID00133,00005123,42,（好きなんだなぁ、カラオケ）,"(You really do love karaoke,)",,
ID00140,000022ae,51,（１人で来るここもいいもんだよな）,(It's nice to come here alone too.),,
ID00140,0000278f,39,（フッ、暮れなずむ夕日が、,"Heh, the setting sun.",,
ID00140,000027c5,42,　去りゆく夏を感じさせるゼ）,Like it's saying goodbye to summer.,,
ID00140,0000286f,42,「うわっ！　な、なんだ！？」,Whoa! What's going on!?,,
ID00140,000028c7,33,「だ～～～～れだっ？」,Who the hell is it!?,,
ID00140,00002916,12,「え…」,Huh...?,,
ID00140,00002a33,16, 反町だろ？, Sorimachi?,,
ID00140,00002a5e,25, 御前さんでしょ？, Misaki-senpai?,,
ID00140,00002a92,19, まひろだろ？, Mahiro?,,
ID00140,00002bcb,25, 心美先生でしょ？, Ms. Kokomi?,,
ID00140,00002c10,27,「相良さんだろ？」,Sagara-san?,,
ID00140,00002c6d,33,「マリアさんでしょ？」,"It's Maria, right?",,
ID00140,00002cd0,21,「反町だろ？」,"Sorimachi, right?",,
ID00140,00002d7b,21,「渚紗だろ？」,Aren't you Nagisa?,,
ID00140,00002ded,27,「御前さんだろ？」,"It's you, Senpai?",,
ID00140,00002e8b,24,「まひろだろ？」,You mean Mahiro?,,
ID00140,00002f39,21,「凜世だろ？」,"Rinze, right?",,
ID00140,00002fab,21,「妃月だろ？」,"Himeragi, right?",,
ID00140,00003043,21,「真奈だろ？」,"Mana, right?",,
ID00140,000038af,27,「はっずれ～～～」,Damn~,,
ID00140,000038f8,21,「心美先生！」,Teacher Shinomiya!,,
ID00140,00003a82,45,「妹さんと間違えちゃったかぁ。,"You mistook her for your sister, huh?",,
ID00140,00003abe,30,　兄妹、仲いいのね」,Siblings get along.,,
ID00140,00003d80,45,「っていうか、突拍子もないこと,"By the way, she's the type to do crazy stuff",,
ID00140,00003dbc,27,　するヤツだから」,because of that.,,
ID00140,00003f4c,30,「あ～っ、なぁにぃ？,Oh? What is it?,,
ID00140,00003f79,33,　私が突拍子もないこと,Did something unexpected,,
ID00140,00003fa9,45,　しちゃったみたいじゃなぁい」,don't I?,,
ID00140,000043ea,39,「はは…したと思うけど…」,Heh... I think so...,,
ID00140,00004586,18,「そうぉ？」,Really?,,
ID00140,000045c6,45,「普通、先生が“だ～れだ”とか,"Usually, teachers don't ask 'who is it'",,
ID00140,00004602,27,　しないですって」,like that.,,
ID00140,000047ae,21,「そうかなぁ？,Is that right?,,
ID00140,000047d2,45,　私はついやっちゃうけどなぁ」,But I just can't help myself.,,
ID00140,00004968,33,「ビックリしましたよ」,You really scared me.,,
ID00140,00004b1a,60,「そりゃそうよ、ビックリさせたんだから」,"Of course you did, I scared you after all.",,
ID00140,00004e06,60,「ん～、担任だし、当てて欲しかったけど、,"Hmm, I wanted to be right",,
ID00140,00004e51,63,　兄妹で仲がいいのは、とってもいいことね」,It's great that you two get along so well.,,
ID00140,000054f1,45,「これからも妹さんを大切にね。,Take care of your little sister from now on.,,
ID00140,0000552d,27,　それじゃあね～」,See ya~,,
ID00140,00005a96,42,（まさか、心美先生とはなぁ）,(I didn't expect it to be Miss Shinomi.),,
ID00140,00005aff,24,「ユイ姉だろ？」,"Yui-onee, right?",,
ID00140,0000636e,27,「はっずれ～～～」,Damn~,,
ID00140,000063b7,21,「心美先生！」,Teacher Shinomiya!,,
ID00140,00006528,48,「お姉さんと間違えちゃったかぁ。,You must've mistaken me for my big sister.,,
ID00140,00006567,30,　姉弟、仲いいのね」,"You two are pretty close, huh?",,
ID00140,00006842,57,「こういうイタズラをよくやるんですよ」,I do this kind of prank a lot.,,
ID00140,00006a0c,42,「そっかぁ、結菜さんらしい」,"Oh yeah, that's right up Yuna's alley.",,
ID00140,00006ce6,51,「担任だし、当てて欲しかったけど、,"Wanted you to guess me,",,
ID00140,00006d28,48,　お姉さんと間違えられたんじゃ、,"but if you mistook me for my big sister,",,
ID00140,00006d67,21,　仕方ないか」,Can't do anything.,,
ID00140,000072d7,27,「それじゃあね～」,See ya~,,
ID00140,000076d0,42,（まさか、心美先生とはなぁ）,(I didn't expect it to be Miss Shinomi.),,
ID00140,00007739,27,「藍田さんだろ？」,"Aran-san, right?",,
ID00140,00007796,21,「内魔だろ？」,Isn't that you?,,
ID00140,00008016,27,「はっずれ～～～」,Damn~,,
ID00140,0000805f,21,「心美先生！」,Teacher Shinomiya!,,
ID00140,0000821b,62,「フフ～ン、@str_000君と親しい子が誰なのか、,"Heh~n, who the hell's your close friend, @str_000?",,
ID00140,00008268,30,　わかっちゃった～」,Gotcha~,,
ID00140,0000852a,39,「そ、そういうわけじゃ！」,"S-Sorry, that's not it!",,
ID00140,000086c6,60,「隠さない隠さない、誰にも言わないから」,"Don't hide it, don't hide it, I won't tell anyone.",,
ID00140,00008cb8,48,「御前さんのこと、渚紗、なんて、,'Called you Nagisa...,,
ID00140,00008cf7,39,　呼び捨てにしちゃって～」,'I called you Nagisa~',,
ID00140,00008fdb,12,「う…」,...,,
ID00140,000091df,48,「ひめちゃん、いつも１人だから、,"Hime-chan always goes alone,",,
ID00140,0000921e,51,　いいお兄ちゃんが出来たみたいね」,You've got yourself a good big bro now.,,
ID00140,0000966b,57,「これからも仲良くね。それじゃあね～」,Let's stay friends from now on. Bye~,,
ID00140,00009bf2,60,（まさか、先生が“だ～れだ”なんてなぁ）,"No way, Teacher saying 'who is it' or something",,
ID00140,00009c6d,30,「心美先生でしょ？」,Isn't it Shinmi-sensei?,,
ID00140,0000a4f4,63,「当ったり～っ！　どうしてわかったのぉ？」,Bingo~! How did you know that?,,
ID00140,0000a69c,48,「声が、心美先生の声でしたから」,Because it was Teacher Shinomiya's voice.,,
ID00140,0000a85d,54,「そっかぁ、声でわかっちゃったかぁ。,"Oh, so you figured it out from the voice.",,
ID00140,0000a8a2,45,　いつも教室で聞いてるもんね」,You hear her in class.,,
ID00140,0000acba,51,「フフッ、担任冥利に尽きるかも～」,"Hehe, this is just what I wanted~",,
ID00140,0000b0d8,45,「満足、満足。それじゃあね～」,"Satisfied, satisfied. Bye~",,
ID00140,0000b3de,36,「あ、はい、失礼します」,"Ah, yes, excuse me.",,
ID00140,0000b7e0,39,（バッチリ当てられたけど、,"You got me there,",,
ID00140,0000b816,60,　まさか、先生が“だ～れだ”なんてなぁ）,I didn't think you'd ask 'who' like that.,,
ID00140,0000bfff,24,「あ、心美先生」,"Hey, Miss Shinomi.",,
ID00140,0000c3ae,44,「@str_000君、なにしにここへ？」,"@str_000, what are you doing here?",,
ID00140,0000c543,39,「夕日でも録ろうというか、,Was it to record the sunset or,,
ID00140,0000c579,30,　見ようというか…」,just look at it...?,,
ID00140,0000c70c,33,「そっか、私と一緒ね。,We're doing the same thing.,,
ID00140,0000c73c,42,　私もここの夕日が大好きよ」,I love this sunset too.,,
ID00140,0000cb45,30,「きれいですからね」,It's so beautiful.,,
ID00140,0000ccd8,18,「そうね～」,I see~,,
ID00140,0000ce5f,27,「…あ、そうだ！」,"...Oh, right!",,
ID00140,0000d22d,24,「一緒に来て！」,Come with me!,,
ID00140,0000d273,24,「ど、どこへ？」,W-Where?,,
ID00140,0000d400,18,「いいから」,Just come.,,
ID00140,0000db70,60,「ほらほら、そこの鐘、なにか知ってる？」,"Hey, know that bell?",,
ID00140,0000deb5,60,「恋人の鐘ですよね？　カップルが鳴らすと,"It's the Lover's Bell, right? Couples ring it and",,
ID00140,0000df00,33,　幸せになるっていう」,"brings happiness, they say.",,
ID00140,0000e0b2,54,「そう、その通り！　恋に焦がれる人、,"Right! That's it! People in love,",,
ID00140,0000e0f7,42,　みんなの憧れ、恋人の鐘！」,dream of the Lover's Bell!,,
ID00140,0000e782,33,「さ、一緒に慣らそっ」,Let's try it together.,,
ID00140,0000e90c,57,「ええっ！？　俺と！？　どうして！？」,Wh-what!? With me!? Why!?,,
ID00140,0000eaa1,60,「どうしてって…幸せになりたくないの？」,Why not...? Don't you want to be happy?,,
ID00140,0000ec5f,36,「幸せにはなりたいけど、,"I do, but I can't ring",,
ID00140,0000ec92,39,　恋人の鐘を先生とって…」,the Lover's Bell with my teacher...,,
ID00140,0000ee2e,33,「私のことが…嫌い？」,You... don't like me?,,
ID00140,0000efb8,33,「そんな訳ないですよ！,Of course not! Sensei's always...,,
ID00140,0000efe8,51,　心美先生は…いつも一生懸命で…」,working so hard for us...,,
ID00140,0000f189,45,「私の幸せを…願ってくれる？」,Do you want my happiness too?,,
ID00140,0000f4d1,39,「もちろん！　心美先生は…,Absolutely! I hope you find...,,
ID00140,0000f507,42,　これからも大変だろうから、,"things are going to be tough, but",,
ID00140,0000f540,33,　幸せになって欲しい」,I just want you to be happy.,,
ID00140,0000f5be,39,「もちろん！　心美先生は…,Absolutely! I hope you find...,,
ID00140,0000f5f4,63,　いろいろ大変だから、幸せになって欲しい」,"Things will get rough, but please be happy.",,
ID00140,0000f7d7,30,「フフッ、ありがと」,"Hehe, thanks.",,
ID00140,0000faa5,39,「じゃあ、一緒に鳴らして。,Let's ring them together then.,,
ID00140,0000fadb,45,　それで私は、十分幸せだから」,And I'm already plenty happy.,,
ID00140,0000ff00,33,「そう…なんですか？」,Is that...so?,,
ID00140,000100c0,24,「うん、そう！」,"Yeah, it is!",,
ID00140,00010241,39,「じゃあ…いいですけど…」,Well...that's fine...,,
ID00140,000103ef,36,「優しく…手を添えてね」,Be gentle...and hold my hand.,,
ID00140,00010a1c,51,「うわぁ～、いい音色ぉ。素敵ぃ～」,Wow~ Such a nice sound. So pretty~,,
ID00140,00010a7d,60,「うんうん…幸せって、こういうことよね」,Yep yep...This is what happiness feels like.,,
ID00140,00010ae7,42,（心美先生……俺、心の支えに,(Miss Shinomi... Am I some support?),,
ID00140,00010b20,39,　少しはなってるのかな…）,(...),,
ID00147,00001332,51,「はぁ…もう、ドジなんだからぁ…」,Phew... You're so clumsy...,,
ID00147,00001393,42,（あれ？　中等部の子かな？）,Hmm? Is that a middle school student?,,
ID00147,000013eb,39,「こんな時間にどうかした？,What are you doing up at this hour?,,
ID00147,00001421,33,　なんか困ってんの？」,Is something wrong?,,
ID00147,0000159e,12,「え？」,What?,,
ID00147,0000167c,23,「あ、@str_000君」,"Ah, @str_000-kun.",,
ID00147,00001868,21,「心美先生！」,Teacher Shinomiya!,,
ID00147,000019f2,48,「どうしたの？　そんなに驚いて」,What's the matter? Why are you so surprised?,,
ID00147,00001b8b,45,「い、いえ、なんでもないです」,"N-No, it's nothing.",,
ID00147,00001be6,51,（中等部の子と思ったとは言えねー。,"Even if I thought she was a middle schooler,",,
ID00147,00001c28,45,　部屋着じゃ区別つかないよな）,it’s hard to tell in pajamas.,,
ID00147,00001c83,51,「なにか困ってたみたいですけど？」,Seems like you were in a bind or something?,,
ID00147,00001e47,63,「ああ、ジュースを買おうと思ったんだけど、,"Oh, I was gonna buy some juice, but",,
ID00147,00001e95,33,　お財布忘れちゃって」,I forgot my wallet.,,
ID00147,000022ba,48,「部屋着の時の為に買ったポーチが,The pouch I bought for wearing pajamas,,
ID00147,000022f9,60,　あるんだけど、持ち歩く習慣がないから、,"I've got one, but I don't carry it.",,
ID00147,00002344,51,　つい部屋に置いて来ちゃうのよね」,I always end up leaving it in my room by accident.,,
ID00147,00002650,54,「せっかく買ったのに意味がないなぁ」,It's such a waste since I bought it.,,
ID00147,000027e2,36,「フフッ、ホントよねぇ」,"""Heh heh, you're right.""",,
ID00147,00002aeb,50,「@str_000君はこんな遅くまで起きて、,"@str_000, why are you still up this late?",,
ID00147,00002b2c,45,　なにしてるの？　夏の課題？」,Is it summer homework?,,
ID00147,00002e16,42,「…まぁ、そんなところです」,"...Yeah, something like that.",,
ID00147,00002f9c,39,「フフッ、がんばるわねぇ」,"Heh heh, you're working hard.",,
ID00147,000032a8,48,「けど、睡眠を取ることも大切よ。,But getting sleep is important too.,,
ID00147,000032e7,60,　健康のためにも、そろそろ眠るようにね」,"For your health, you should go to bed soon.",,
ID00147,00003737,12,「はい」,Okay.,,
ID00147,0000389f,63,「フフッ、それじゃあね。おやすみなさぁい」,"Heh heh, good night then. Sleep well.",,
ID00147,00003b9b,27,「おやすみなさい」,good night,,
ID00147,000040cf,45,（心美先生の若さは反則だよな）,(Sensei's youth is unfair.),,
ID00148,000017a9,27,「あ、心美先生！」,"Ah, Miss Shinomi!",,
ID00148,00001920,17,「@str_000君」,@str_000-kun,,
ID00148,0000195f,45,「大浴場から出たところですか」,You just got out of the bathhouse?,,
ID00148,00001ae8,60,「フフッ、そうよぉ。いいお湯だったわぁ」,"Hehe, yeah! It was a nice soak.",,
ID00148,00001dfd,36,「いつも風呂は大浴場？」,Do you always use the big bathhouse?,,
ID00148,00001f7d,54,「そうね、おっきな湯船に浸かった方が,"Yeah, soaking in a large tub helps",,
ID00148,00001fc2,33,　疲れが取れるからね」,get rid of fatigue.,,
ID00148,00002400,63,「生徒の子たちと背中を流しっこしたりして、,"I even help bathe the students sometimes,",,
ID00148,0000244e,21,　楽しいわよ」,it's fun.,,
ID00148,000025cc,15,「へ～っ」,Wow...,,
ID00148,00002750,42,「私より…全然発育がよくて、,They're way more developed than me...,,
ID00148,00002789,48,　ガックリすることも多いけど…」,I get pretty depressed sometimes...,,
ID00148,00002c2d,18,「ははは…」,Hahaha...,,
ID00148,00002d16,39,「先生って、教員専用時間に,Aren't you in your lounge?,,
ID00148,00002d4c,42,　入るんじゃないんですか？」,during staff-only hours?,,
ID00148,00002f07,33,「イヤよぉ、そんなの。,"Eww, no way.",,
ID00148,00002f37,42,　先輩の先生方と入るなんて、,It's tiring with teachers.,,
ID00148,00002f70,42,　余計疲れちゃうじゃないぃ」,"than my seniors, isn't it?",,
ID00148,00003511,39,「お風呂は、生徒の子たちと,"I bathe with the students,",,
ID00148,00003547,54,　女子トークしながら入るのが一番よ」,It's best to go in while chatting with the girls.,,
ID00148,00003856,15,「そっか」,Oh yeah,,
ID00148,000039da,27,「それじゃあね～」,See ya~,,
ID00148,00003a23,21,「失礼します」,See you later.,,
ID00148,00003e23,57,（背中を流しっこか…色々妄想が捗るな）,(Washing my back... My imagination runs wild.),,
ID00149,00002173,45,（あー、エアホッケーやりてー。,"Man, I wanna play air hockey.",,
ID00149,000021af,48,　たまに無性にやりたくなるよな。,Sometimes you just get the urge to do it.,,
ID00149,000021ee,45,　誰か相手してくんねーかなぁ）,Anyone want to be my partner?,,
ID00149,00002393,51,「あ、心美先生！　今、暇ですか？」,"Hey, Miss Shinomiya! Are you free right now?",,
ID00149,000026f4,30,「時間はあるけど？」,Do you have time?,,
ID00149,00002740,24,「じゃあ、一緒に,Then let's go to,,
ID00149,00002767,45,　エアホッケーやりませんか？」,Want to play air hockey?,,
ID00149,00002909,39,「あ、いいわね。やろっか」,"Oh, sure. Let's do it.",,
ID00149,000030ab,48,「先生のサーブからでいいですよ」,Your serve is fine.,,
ID00149,00003109,39,「よぉし、負けないわよぉ」,"Alright, I won't lose!",,
ID00149,0000315e,18,「それっ！」,There!,,
ID00149,000031f9,21,「おりゃっ！」,Got it!,,
ID00149,00003297,18,「えいっ！」,Heeey!,,
ID00149,00003332,57,（む…パックに勢いがなくてやりづらい）,(Grr... It's hard to play without momentum.),,
ID00149,000033f4,36,「あ、ヤバッ！　弱っ！」,"Ah, bad! Weak!",,
ID00149,00003446,42,「チャンス！　やーーーっ！」,Chance! Yaaaaaah!,,
ID00149,000038ee,42,「あ～～ん、届かないぃ～っ」,"Aaaah, can't reach it~",,
ID00149,00003baf,45,「もうちょっとこっちにくれば、,"Come a little closer,",,
ID00149,00003beb,42,　スマッシュ打てたのにぃ～」,and I could've smashed it~,,
ID00149,0000402e,33,「ちゃんと返してよぉ」,Return the ball properly.,,
ID00149,000046d5,51,「心美先生の返しに勢いがないから、,"The power in Sensei's return is lacking,",,
ID00149,00004717,57,　パックにスピードがつかないんですよ」,so the speed doesn't carry over to Pack.,,
ID00149,0000477e,48,「む～っ、私が悪いってワケぇ？」,"Tsk, are you blaming me?",,
ID00149,000047dc,48,「なんかタイミングが合わなくて」,It just didn't sync up well.,,
ID00149,0000483a,42,「も～っ、私のせいにしてぇ」,Don't blame me~,,
ID00149,00004892,27,「それにしても…」,...Still...,,
ID00149,000048db,12,「ん？」,Hm?,,
ID00149,00004915,39,「体が小さいから、台の奥に,"It's because I'm short, so",,
ID00149,0000494b,36,　全然届かないですね～」,I can't even reach the back.,,
ID00149,0000499d,45,「あ～っ、子供扱いするの禁止！,"Aaah~, no treating me like a kid!",,
ID00149,000049d9,33,　先生なんだからね！」,"Remember, I'm your teacher!",,
ID00149,00004a28,54,「はいはい。じゃあ、続き行きますよ」,Sure sure. Let's continue then.,,
ID00149,00004a8c,18,「いいわよ。,Fine.,,
ID00149,00004aad,54,　キリキリ舞いさせちゃうんだからぁ」,Watch me dance around like crazy~,,
ID00149,00004b11,18,「えいっ！」,Heeey!,,
ID00149,00004bac,66,こうして、心美先生とエアホッケーを楽しんだ。,This is how Iori and Ms. Kimi enjoyed air hockey.,,
ID00150,00001aaf,48,（はぁ…レコチャンスはないかな。,Any chance to record?,,
ID00150,00001aee,57,　宿舎じゃあんまり録る機会がないから、,No chance in the dorms.,,
ID00150,00001b36,30,　なにか録りたい…）,I wanna record something...),,
ID00150,00001de6,54,「ルル～ン♪　アイス、アイス～っと。,"Ruuuun~♪ Ice cream, ice cream~",,
ID00150,00001e2b,36,　仕事が終わったあとは、,"After work's done,",,
ID00150,00001e5e,60,　冷たぁいアイスクリームに限るわよねぇ」,there's nothing like a cold ice cream.,,
ID00150,00002572,54,「あ！　心美先生！　いいところに？」,Ah! Shinomi-sensei! Just in time?,,
ID00150,00002754,12,「ん？」,Hm?,,
ID00150,0000291c,44,「あ、@str_000君、こんな遅くに、,"Oh, @str_000-kun, so late at night,",,
ID00150,00002957,27,　なにしてるの？」,What are you doing?,,
ID00150,00002b7d,33,「被写体を探してて…。,Looking for a subject...,,
ID00150,00002bad,39,　録らせてくれませんか？」,Please?,,
ID00150,00002d5b,30,「えっ？　今から？」,Huh? Right now?,,
ID00150,00002efb,48,「プライベートな感じの心美先生が,Some private moments...,,
ID00150,00002f3a,48,　録れればって……ダメですか？」,Is that not okay?,,
ID00150,000030df,42,「ダ、ダメじゃあないけど…。,"W-Well, it's not bad...",,
ID00150,00003118,54,　部活に協力するのは教師の務めだし」,It's my duty.,,
ID00150,0000340b,39,「じゃあ、お願いします！」,Then please do!,,
ID00150,000035a7,33,「けど、ここで録るの？,"But, record here?",,
ID00150,000035d7,30,　さすがに…それは、,I mean... it's kind of...,,
ID00150,00003604,39,　恥ずかしいっていうか…」,embarrassing or something...,,
ID00150,00003ba9,57,「心美先生の……部屋じゃダメですか？」,Can't we do it in Ms. Shinomiya's room?,,
ID00150,00003df8,39,「えっ！？　私の部屋！？」,Wh-!? My room!?,,
ID00150,00004153,60,「この間もおじゃましたし、また…なんて」,"I already visited before, so I can’t...",,
ID00150,00004320,30,「もう、私と一緒だと,I'm with you,,
ID00150,0000434d,42,　女子宿舎に入れるからって、,you can enter the girls' dorm?,,
ID00150,00004386,27,　調子に乗ってぇ」,Don't get cocky.,,
ID00150,0000478c,42,「いいけど…ちょっとだけよ。,"Sure, but just for a bit.",,
ID00150,000047c5,33,　もう夜遅いんだから」,It's late.,,
ID00150,00004ab9,39,「先生が許可してくれれば、,"If the teacher gives permission,",,
ID00150,00004aef,45,　女子宿舎にも入れますよね？」,"we can enter the girls' dorm too, right?",,
ID00150,00004cad,36,「まぁ…そうだけどぉ…」,Well...that's true...,,
ID00150,00004f81,27,「仕方ないわねぇ。,I guess there's no choice.,,
ID00150,00004fab,62,　@str_000君には、いっぱい助けてもらったし、,"@str_000-kun has helped me so much,",,
ID00150,00004ff8,45,　私ももっとお返ししないとね」,I should do more to repay him.,,
ID00150,00005468,18,「やった！」,Yeah!,,
ID00150,000055ef,54,「たまちゃん、ちょうど席外してるし、,"Tam-chan, you're out of your seat right now,",,
ID00150,00005634,42,　今のうちに行っちゃおっか」,so let's go while we can.,,
ID00150,0000592a,63,「アイス買っていくから、ちょっと待ってね」,"I'll buy some ice cream, so wait a bit, okay?",,
ID00150,00005ba7,54,（ついに、憧れの女子宿舎へ潜入だ！）,Finally sneaking into the girls' dormitory!,,
ID00150,00006390,57,「この間、テーブルの上、片付けたのに、,"The other day I cleaned up the table, but",,
ID00150,000063d8,48,　またすごいことになってるなぁ」,it's already a mess again.,,
ID00150,0000657d,42,「エヘヘ、忙しいから、つい」,"Heheh, I was busy, so I got carried away.",,
ID00150,000069c4,48,（片付けベタなのかもしれないな）,(Maybe I'm just good at cleaning up.),,
ID00150,00006a51,45,「ここが、心美先生の部屋かぁ」,This is Miss Shinomiya's room?,,
ID00150,00006bf3,57,「エヘヘ、散らかってるから恥ずかしい」,"Heheh, I feel embarrassed because it's messy.",,
ID00150,00006ed0,39,「それだけ、俺たちのために,That's because you're working hard,,
ID00150,00006f06,54,　がんばってくれてるってことですよ」,It means you're doing your best.,,
ID00150,000070cd,48,「テヘッ、そう言ってもらえると、,"Teehee, hearing that makes me...",,
ID00150,0000710c,36,　教師冥利に尽きちゃう」,Fulfilled my duty.,,
ID00150,000074bd,51,「じゃあ、さっそく録らせてもらって,Then let's start recording right away.,,
ID00150,000074ff,24,　いいですか？」,You ready?,,
ID00150,0000768c,57,「いいわよ。どんな感じのが録りたい？」,Sure. What kind of thing do you want to record?,,
ID00150,00007847,30,「いつも、夜、ここで,"Every night, here...",,
ID00150,00007874,57,　心美先生がしてることってなんです？」,What does Miss Shinomiya usually do?,,
ID00150,00007a22,39,「私がしてること？　ん～」,What I do? Hmm~,,
ID00150,00007be6,42,「美容で気遣ってることとか」,Things I'm careful about for beauty...,,
ID00150,00007d85,33,「美容で？　むむぅ～」,For beauty... Mmm~,,
ID00150,0000808b,42,「あ！　最近始めたんだけど、,"Oh! I just started recently, but",,
ID00150,000080c4,54,　あったかいアイマスクをしてるわよ。,I wear warm eye masks.,,
ID00150,00008109,30,　レンジでチンして」,Heat 'em up.,,
ID00150,00008673,24,「アイマスク？」,Eye masks?,,
ID00150,00008800,60,「ほら、私ってコンタクトレンズじゃない？,"You know, I don't use glasses...",,
ID00150,0000884b,54,　１日してると、目が疲れちゃって…」,"After a day of it, my eyes get tired...",,
ID00150,00008dc0,42,「色々目薬を試したんだけど、,"I tried all sorts of eye drops, but...",,
ID00150,00008df9,42,　どれも効果がイマイチで…」,None of them really worked...,,
ID00150,0000925f,42,「で、一番スッキリしたのが、,"So the one that made me feel best was,",,
ID00150,00009298,48,　あったかいアイマスクってわけ」,"Warm eye masks, that's it.",,
ID00150,000097ee,36,「ほら、目薬って、結局、,Eye drops basically...,,
ID00150,00009821,60,　目の血行を良くしようとする訳じゃない？,trying to improve blood circulation in the eyes?,,
ID00150,0000986c,30,　色んな薬効成分で」,With various ingredients.,,
ID00150,00009f39,57,「けど、血行って暖めれば良くなるから、,"but, if you warm up your blood flow it gets better,",,
ID00150,00009f81,57,　わざわざ薬に頼るまでもなかったのよ」,there was no need to rely on medicine specifically.,,
ID00150,0000a3b2,15,「へ～っ」,Wow...,,
ID00150,0000a536,39,「どんな感じか見てみたい？,Do you want to see how it feels?,,
ID00150,0000a56c,27,　してみようか？」,Want to try it out?,,
ID00150,0000a6f0,39,「ぜひ！　録らせて下さい」,Sure! Please let me record it!,,
ID00150,0000a89e,63,「録るの？　いいけど…そんなとこ録っても、,You wanna record it?,,
ID00150,0000a8ec,36,　仕方ないと思うけど…」,I don't think there's much point...,,
ID00150,0000b295,33,「ふぁ～～、効く～～」,"fuu~~, it's working~~",,
ID00150,0000b54d,24,「気持ちいい～」,Feels so good~,,
ID00150,0000b6c1,60,「このまま、２０分ぐらいこうしてるのよ」,Like this for about twenty minutes.,,
ID00150,0000b72b,18,「むふ～～」,Mufu~~,,
ID00150,0000b899,51,「…あ！　アイスクリーム忘れてた！,...Ah! I forgot the ice cream!,,
ID00150,0000b8db,24,　溶けちゃう！」,It'll melt!,,
ID00150,0000bb8a,36,「このまま食べさせてぇ」,Let me eat it like this...,,
ID00150,0000bd0a,18,「あ～～ん」,Aaaah~,,
ID00150,0000c3a2,33,「んぐんぐ…おいし～」,Nnghnngh...so good~,,
ID00150,0000c3f1,36,「目も口もリラ～ックス」,"Eyes and mouth, relax~",,
ID00150,0000c443,18,「はははは」,Hahaha,,
ID00150,0000c483,42,（十分、いい動画が録れたな）,"(Got some good footage, I think.)",,
ID00151,00001332,51,「はぁ…もう、ドジなんだからぁ…」,Phew... You're so clumsy...,,
ID00151,00001393,42,（あれ？　中等部の子かな？）,Hmm? Is that a middle school student?,,
ID00151,000013eb,39,「こんな時間にどうかした？,What are you doing up at this hour?,,
ID00151,00001421,33,　なんか困ってんの？」,Is something wrong?,,
ID00151,0000159e,12,「え？」,What?,,
ID00151,0000167c,23,「あ、@str_000君」,"Ah, @str_000-kun.",,
ID00151,00001868,21,「心美先生！」,Teacher Shinomiya!,,
ID00151,000019f2,48,「どうしたの？　そんなに驚いて」,What's the matter? Why are you so surprised?,,
ID00151,00001b8b,45,「い、いえ、なんでもないです」,"N-No, it's nothing.",,
ID00151,00001be6,51,（中等部の子と思ったとは言えねー。,"Even if I thought she was a middle schooler,",,
ID00151,00001c28,45,　部屋着じゃ区別つかないよな）,it’s hard to tell in pajamas.,,
ID00151,00001c83,51,「なにか困ってたみたいですけど？」,Seems like you were in a bind or something?,,
ID00151,00001e47,63,「ああ、ジュースを買おうと思ったんだけど、,"Oh, I was gonna buy some juice, but",,
ID00151,00001e95,33,　お財布忘れちゃって」,I forgot my wallet.,,
ID00151,000022ba,48,「部屋着の時の為に買ったポーチが,The pouch I bought for wearing pajamas,,
ID00151,000022f9,60,　あるんだけど、持ち歩く習慣がないから、,"I've got one, but don't carry it.",,
ID00151,00002344,51,　つい部屋に置いて来ちゃうのよね」,I always end up leaving it in my room by accident.,,
ID00151,00002650,54,「せっかく買ったのに意味がないなぁ」,It's such a waste since I bought it.,,
ID00151,000027e2,36,「フフッ、ホントよねぇ」,"""Heh heh, you're right.""",,
ID00151,00002aeb,50,「@str_000君はこんな遅くまで起きて、,"@str_000, why are you still up this late?",,
ID00151,00002b2c,45,　なにしてるの？　夏の課題？」,Is it summer homework?,,
ID00151,00002e16,42,「…まぁ、そんなところです」,"...Yeah, something like that.",,
ID00151,00002f9c,39,「フフッ、がんばるわねぇ」,"Heh heh, you're working hard.",,
ID00151,000032a8,48,「けど、睡眠を取ることも大切よ。,But getting sleep is important too.,,
ID00151,000032e7,60,　健康のためにも、そろそろ眠るようにね」,"For your health, you should go to bed soon.",,
ID00151,00003737,12,「はい」,Okay.,,
ID00151,0000389f,63,「フフッ、それじゃあね。おやすみなさぁい」,"Heh heh, good night then. Sleep well.",,
ID00151,00003b9b,27,「おやすみなさい」,good night,,
ID00151,000040cf,45,（心美先生の若さは反則だよな）,(Sensei's youth is unfair.),,
ID00152,000017a9,27,「あ、心美先生！」,"Ah, Miss Shinomi!",,
ID00152,00001920,17,「@str_000君」,@str_000-kun,,
ID00152,0000195f,45,「大浴場から出たところですか」,You just got out of the bathhouse?,,
ID00152,00001ae8,60,「フフッ、そうよぉ。いいお湯だったわぁ」,"Hehe, yeah! It was a nice soak.",,
ID00152,00001dfd,36,「いつも風呂は大浴場？」,Do you always use the big bathhouse?,,
ID00152,00001f7d,54,「そうね、おっきな湯船に浸かった方が,"Yeah, soaking in a large tub helps",,
ID00152,00001fc2,33,　疲れが取れるからね」,get rid of fatigue.,,
ID00152,00002400,63,「生徒の子たちと背中を流しっこしたりして、,"I even help bathe the students sometimes,",,
ID00152,0000244e,21,　楽しいわよ」,it's fun.,,
ID00152,000025cc,15,「へ～っ」,Wow...,,
ID00152,00002750,42,「私より…全然発育がよくて、,They're way more developed than me...,,
ID00152,00002789,48,　ガックリすることも多いけど…」,I get pretty depressed sometimes...,,
ID00152,00002c2d,18,「ははは…」,Hahaha...,,
ID00152,00002d16,39,「先生って、教員専用時間に,Aren't you in your lounge?,,
ID00152,00002d4c,42,　入るんじゃないんですか？」,during staff-only hours?,,
ID00152,00002f07,33,「イヤよぉ、そんなの。,"Eww, no way.",,
ID00152,00002f37,42,　先輩の先生方と入るなんて、,It's tiring with teachers.,,
ID00152,00002f70,42,　余計疲れちゃうじゃないぃ」,"than my seniors, isn't it?",,
ID00152,00003511,39,「お風呂は、生徒の子たちと,"I bathe with the students,",,
ID00152,00003547,54,　女子トークしながら入るのが一番よ」,It's best to go in while chatting with the girls.,,
ID00152,00003856,15,「そっか」,Oh yeah,,
ID00152,000039da,27,「それじゃあね～」,See ya~,,
ID00152,00003a23,21,「失礼します」,See you later.,,
ID00152,00003e23,57,（背中を流しっこか…色々妄想が捗るな）,(Washing my back... My imagination runs wild.),,
ID00153,00002173,45,（あー、エアホッケーやりてー。,"Man, I wanna play air hockey.",,
ID00153,000021af,48,　たまに無性にやりたくなるよな。,Sometimes you just get the urge to do it.,,
ID00153,000021ee,45,　誰か相手してくんねーかなぁ）,Anyone want to be my partner?,,
ID00153,00002393,51,「あ、心美先生！　今、暇ですか？」,"Hey, Miss Shinomiya! Are you free right now?",,
ID00153,000026f4,30,「時間はあるけど？」,Do you have time?,,
ID00153,00002740,24,「じゃあ、一緒に,Then let's go to,,
ID00153,00002767,45,　エアホッケーやりませんか？」,Want to play air hockey?,,
ID00153,00002909,39,「あ、いいわね。やろっか」,"Oh, sure. Let's do it.",,
ID00153,000030ab,48,「先生のサーブからでいいですよ」,Your serve is fine.,,
ID00153,00003109,39,「よぉし、負けないわよぉ」,"Alright, I won't lose!",,
ID00153,0000315e,18,「それっ！」,There!,,
ID00153,000031f9,21,「おりゃっ！」,Got it!,,
ID00153,00003297,18,「えいっ！」,Heeey!,,
ID00153,00003332,57,（む…パックに勢いがなくてやりづらい）,(Grr... It's hard to play without momentum.),,
ID00153,000033f4,36,「あ、ヤバッ！　弱っ！」,"Ah, bad! Weak!",,
ID00153,00003446,42,「チャンス！　やーーーっ！」,Chance! Yaaaaaah!,,
ID00153,000038ee,42,「あ～～ん、届かないぃ～っ」,"Aaaah, can't reach it~",,
ID00153,00003baf,45,「もうちょっとこっちにくれば、,"Come a little closer,",,
ID00153,00003beb,42,　スマッシュ打てたのにぃ～」,and I could've smashed it~,,
ID00153,0000402e,33,「ちゃんと返してよぉ」,Return the ball properly.,,
ID00153,000046d5,51,「心美先生の返しに勢いがないから、,"The power in Sensei's return is lacking,",,
ID00153,00004717,57,　パックにスピードがつかないんですよ」,so the speed doesn't carry over to Pack.,,
ID00153,0000477e,48,「む～っ、私が悪いってワケぇ？」,"Tsk, are you blaming me?",,
ID00153,000047dc,48,「なんかタイミングが合わなくて」,It just didn't sync up well.,,
ID00153,0000483a,42,「も～っ、私のせいにしてぇ」,Don't blame me~,,
ID00153,00004892,27,「それにしても…」,...Still...,,
ID00153,000048db,12,「ん？」,Hm?,,
ID00153,00004915,39,「体が小さいから、台の奥に,"It's because I'm short, so",,
ID00153,0000494b,36,　全然届かないですね～」,I can't even reach the back.,,
ID00153,0000499d,45,「あ～っ、子供扱いするの禁止！,"Aaah~, no treating me like a kid!",,
ID00153,000049d9,33,　先生なんだからね！」,"Remember, I'm your teacher!",,
ID00153,00004a28,54,「はいはい。じゃあ、続き行きますよ」,Sure sure. Let's continue then.,,
ID00153,00004a8c,18,「いいわよ。,Fine.,,
ID00153,00004aad,54,　キリキリ舞いさせちゃうんだからぁ」,Watch me dance around like crazy~,,
ID00153,00004b11,18,「えいっ！」,Heeey!,,
ID00153,00004bac,66,こうして、心美先生とエアホッケーを楽しんだ。,This is how Iori and Ms. Kimi enjoyed air hockey.,,
ID00154,00001aaf,48,（はぁ…レコチャンスはないかな。,Any chance to record?,,
ID00154,00001aee,57,　宿舎じゃあんまり録る機会がないから、,I rarely get a chance...,,
ID00154,00001b36,30,　なにか録りたい…）,I wanna record something...),,
ID00154,00001de6,54,「ルル～ン♪　アイス、アイス～っと。,"Ruuuun~♪ Ice cream, ice cream~",,
ID00154,00001e2b,36,　仕事が終わったあとは、,"After work's done,",,
ID00154,00001e5e,60,　冷たぁいアイスクリームに限るわよねぇ」,there's nothing like a cold ice cream.,,
ID00154,00002572,54,「あ！　心美先生！　いいところに？」,Ah! Shinomi-sensei! Just in time?,,
ID00154,00002754,12,「ん？」,Hm?,,
ID00154,0000291c,44,「あ、@str_000君、こんな遅くに、,"Oh, @str_000-kun, so late at night,",,
ID00154,00002957,27,　なにしてるの？」,What are you doing?,,
ID00154,00002b7d,33,「被写体を探してて…。,Looking for a subject...,,
ID00154,00002bad,39,　録らせてくれませんか？」,Please?,,
ID00154,00002d5b,30,「えっ？　今から？」,Huh? Right now?,,
ID00154,00002efb,48,「プライベートな感じの心美先生が,Private moments with her...,,
ID00154,00002f3a,48,　録れればって……ダメですか？」,Is that not okay?,,
ID00154,000030df,42,「ダ、ダメじゃあないけど…。,"W-Well, it's not bad...",,
ID00154,00003118,54,　部活に協力するのは教師の務めだし」,It's my duty.,,
ID00154,0000340b,39,「じゃあ、お願いします！」,Then please do!,,
ID00154,000035a7,33,「けど、ここで録るの？,"But, record here?",,
ID00154,000035d7,30,　さすがに…それは、,I mean... it's kind of...,,
ID00154,00003604,39,　恥ずかしいっていうか…」,embarrassing or something...,,
ID00154,00003ba9,57,「心美先生の……部屋じゃダメですか？」,Can't we do it in Ms. Shinomiya's room?,,
ID00154,00003df8,39,「えっ！？　私の部屋！？」,Wh-!? My room!?,,
ID00154,00004153,60,「この間もおじゃましたし、また…なんて」,"I already visited before, so I can’t...",,
ID00154,00004320,30,「もう、私と一緒だと,You're with me,,
ID00154,0000434d,42,　女子宿舎に入れるからって、,you can enter the girls' dorm?,,
ID00154,00004386,27,　調子に乗ってぇ」,Stop bragging.,,
ID00154,0000478c,42,「いいけど…ちょっとだけよ。,"Sure, but just for a bit.",,
ID00154,000047c5,33,　もう夜遅いんだから」,It's really late.,,
ID00154,00004ab9,39,「先生が許可してくれれば、,"If the teacher gives permission,",,
ID00154,00004aef,45,　女子宿舎にも入れますよね？」,"we can enter the girls' dorm too, right?",,
ID00154,00004cad,36,「まぁ…そうだけどぉ…」,Well...that's true...,,
ID00154,00004f81,27,「仕方ないわねぇ。,I guess there's no choice.,,
ID00154,00004fab,62,　@str_000君には、いっぱい助けてもらったし、,"@str_000-kun has helped me so much,",,
ID00154,00004ff8,45,　私ももっとお返ししないとね」,I should do more to repay him.,,
ID00154,00005468,18,「やった！」,Yeah!,,
ID00154,000055ef,54,「たまちゃん、ちょうど席外してるし、,"Tam-chan, you're out of your seat right now,",,
ID00154,00005634,42,　今のうちに行っちゃおっか」,so let's go while we can.,,
ID00154,0000592a,63,「アイス買っていくから、ちょっと待ってね」,"I'll buy some ice cream, so wait a bit, okay?",,
ID00154,00005ba7,54,（ついに、憧れの女子宿舎へ潜入だ！）,Finally sneaking into the girls' dormitory!,,
ID00154,00006390,57,「この間、テーブルの上、片付けたのに、,"The other day I cleaned up the table, but",,
ID00154,000063d8,48,　またすごいことになってるなぁ」,it's already a mess again.,,
ID00154,0000657d,42,「エヘヘ、忙しいから、つい」,"Heheh, I was busy, so I got carried away.",,
ID00154,000069c4,48,（片付けベタなのかもしれないな）,(Maybe I'm just good at cleaning up.),,
ID00154,00006a51,45,「ここが、心美先生の部屋かぁ」,This is Miss Shinomiya's room?,,
ID00154,00006bf3,57,「エヘヘ、散らかってるから恥ずかしい」,"Heheh, I feel embarrassed because it's messy.",,
ID00154,00006ed0,39,「それだけ、俺たちのために,That's because you're working hard,,
ID00154,00006f06,54,　がんばってくれてるってことですよ」,It means you're doing your best.,,
ID00154,000070cd,48,「テヘッ、そう言ってもらえると、,"Teehee, hearing that makes me...",,
ID00154,0000710c,36,　教師冥利に尽きちゃう」,Fulfilled a teacher's duty.,,
ID00154,000074bd,51,「じゃあ、さっそく録らせてもらって,Then let's start recording right away.,,
ID00154,000074ff,24,　いいですか？」,You ready?,,
ID00154,0000768c,57,「いいわよ。どんな感じのが録りたい？」,Sure. What kind of thing do you want to record?,,
ID00154,00007847,30,「いつも、夜、ここで,"Every night, here...",,
ID00154,00007874,57,　心美先生がしてることってなんです？」,What does Miss Shinomiya usually do?,,
ID00154,00007a22,39,「私がしてること？　ん～」,What I do? Hmm~,,
ID00154,00007be6,42,「美容で気遣ってることとか」,Things I'm careful about for beauty...,,
ID00154,00007d85,33,「美容で？　むむぅ～」,For beauty... Mmm~,,
ID00154,0000808b,42,「あ！　最近始めたんだけど、,"Oh! I just started recently, but",,
ID00154,000080c4,54,　あったかいアイマスクをしてるわよ。,I wear warm eye masks.,,
ID00154,00008109,30,　レンジでチンして」,Heat them up.,,
ID00154,00008673,24,「アイマスク？」,Eye masks?,,
ID00154,00008800,60,「ほら、私ってコンタクトレンズじゃない？,"You know, I don't use glasses...",,
ID00154,0000884b,54,　１日してると、目が疲れちゃって…」,"After a day of it, my eyes get tired...",,
ID00154,00008dc0,42,「色々目薬を試したんだけど、,"I tried all sorts of eye drops, but...",,
ID00154,00008df9,42,　どれも効果がイマイチで…」,None of them really worked...,,
ID00154,0000925f,42,「で、一番スッキリしたのが、,"So the one that made me feel best was,",,
ID00154,00009298,48,　あったかいアイマスクってわけ」,"Warm eye masks, that's it.",,
ID00154,000097ee,36,「ほら、目薬って、結局、,Eye drops are just...,,
ID00154,00009821,60,　目の血行を良くしようとする訳じゃない？,trying to improve blood circulation in the eyes?,,
ID00154,0000986c,30,　色んな薬効成分で」,With medicinal ingredients.,,
ID00154,00009f39,57,「けど、血行って暖めれば良くなるから、,"but, if you warm up your blood flow it gets better,",,
ID00154,00009f81,57,　わざわざ薬に頼るまでもなかったのよ」,there was no need to rely on medicine specifically.,,
ID00154,0000a3b2,15,「へ～っ」,Wow...,,
ID00154,0000a536,39,「どんな感じか見てみたい？,Do you want to see how it feels?,,
ID00154,0000a56c,27,　してみようか？」,Want to try it out?,,
ID00154,0000a6f0,39,「ぜひ！　録らせて下さい」,Sure! Please let me record it!,,
ID00154,0000a89e,63,「録るの？　いいけど…そんなとこ録っても、,You want to record it?,,
ID00154,0000a8ec,36,　仕方ないと思うけど…」,I don't think there's much point...,,
ID00154,0000b295,33,「ふぁ～～、効く～～」,"fuu~~, it's working~~",,
ID00154,0000b54d,24,「気持ちいい～」,Feels so good~,,
ID00154,0000b6c1,60,「このまま、２０分ぐらいこうしてるのよ」,Like this for about twenty minutes.,,
ID00154,0000b72b,18,「むふ～～」,Mufu~~,,
ID00154,0000b899,51,「…あ！　アイスクリーム忘れてた！,...Ah! I forgot the ice cream!,,
ID00154,0000b8db,24,　溶けちゃう！」,It'll melt!,,
ID00154,0000bb8a,36,「このまま食べさせてぇ」,Let me eat it like this...,,
ID00154,0000bd0a,18,「あ～～ん」,Aaaah~,,
ID00154,0000c3a2,33,「んぐんぐ…おいし～」,Nnghnngh...so good~,,
ID00154,0000c3f1,36,「目も口もリラ～ックス」,"Eyes and mouth, relax~",,
ID00154,0000c443,18,「はははは」,Hahaha,,
ID00154,0000c483,42,（十分、いい動画が録れたな）,"(Got some good footage, I think.)",,
ID00155,00001321,23,「あ、@str_000君」,"Ah, @str_000-kun.",,
ID00155,00001366,60,「心美先生…。こんな時間まで仕事ですか？,Sensei... Are you still working this late?,,
ID00155,000013b1,21,　大変だなぁ」,That sounds tough.,,
ID00155,00001557,50,「@str_000君はこんな遅くまで起きて、,"@str_000, why are you still up this late?",,
ID00155,00001598,45,　なにしてるの？　夏の課題？」,Is it summer homework?,,
ID00155,00001882,42,「…まぁ、そんなところです」,"...Yeah, something like that.",,
ID00155,00001a08,39,「フフッ、がんばるわねぇ」,"Heh heh, you're working hard.",,
ID00155,00001d14,48,「けど、睡眠を取ることも大切よ。,But getting sleep is important too.,,
ID00155,00001d53,60,　健康のためにも、そろそろ眠るようにね」,"For your health, you should go to bed soon.",,
ID00155,000021a3,12,「はい」,Okay.,,
ID00155,0000230b,63,「フフッ、それじゃあね。おやすみなさぁい」,"Heh heh, good night then. Sleep well.",,
ID00155,00002607,27,「おやすみなさい」,good night,,
ID00156,00001719,27,「あ、心美先生！」,"Ah, Miss Shinomi!",,
ID00156,00001890,17,「@str_000君」,@str_000-kun,,
ID00156,000018cf,45,「大浴場から出たところですか」,You just got out of the bathhouse?,,
ID00156,00001a58,60,「フフッ、そうよぉ。いいお湯だったわぁ」,"Hehe, yeah! It was a nice soak.",,
ID00156,00001eb4,27,「それじゃあね～」,See ya~,,
ID00156,00001efd,21,「失礼します」,See you later.,,
ID00157,00001321,23,「あ、@str_000君」,"Ah, @str_000-kun.",,
ID00157,00001366,60,「心美先生…。こんな時間まで仕事ですか？,Sensei... Are you still working this late?,,
ID00157,000013b1,21,　大変だなぁ」,That sounds tough.,,
ID00157,00001557,50,「@str_000君はこんな遅くまで起きて、,"@str_000, why are you still up this late?",,
ID00157,00001598,45,　なにしてるの？　夏の課題？」,Is it summer homework?,,
ID00157,00001882,42,「…まぁ、そんなところです」,"...Yeah, something like that.",,
ID00157,00001a08,39,「フフッ、がんばるわねぇ」,"Heh heh, you're working hard.",,
ID00157,00001d14,48,「けど、睡眠を取ることも大切よ。,But getting sleep is important too.,,
ID00157,00001d53,60,　健康のためにも、そろそろ眠るようにね」,"For your health, you should go to bed soon.",,
ID00157,000021a3,12,「はい」,Okay.,,
ID00157,0000230b,63,「フフッ、それじゃあね。おやすみなさぁい」,"Heh heh, good night then. Sleep well.",,
ID00157,00002607,27,「おやすみなさい」,good night,,
ID00158,00001719,27,「あ、心美先生！」,"Ah, Miss Shinomi!",,
ID00158,00001890,17,「@str_000君」,@str_000-kun,,
ID00158,000018cf,45,「大浴場から出たところですか」,You just got out of the bathhouse?,,
ID00158,00001a58,60,「フフッ、そうよぉ。いいお湯だったわぁ」,"Hehe, yeah! It was a nice soak.",,
ID00158,00001eb4,27,「それじゃあね～」,See ya~,,
ID00158,00001efd,21,「失礼します」,See you later.,,
ID00159,00002410,44,「あ、@str_000君。よかったわね、,"Hey, @str_000-kun.",,
ID00159,0000244b,54,　学力テスト、合格だったじゃなぁい」,That's great.,,
ID00159,00002895,33,「あ、先生、なんとか」,"Ah, teacher, I barely made it.",,
ID00159,00002a7f,63,「これで、この夏の実力テストも全て終わり。,"With this, all of our summer tests are over.",,
ID00159,00002acd,18,　お疲れ様」,Good job.,,
ID00159,00002ee6,45,「あとは、光海祭に全力投球ね」,Now we can focus on the Mitsumi Festival.,,
ID00159,00002f41,36,「ですね、がんばります」,"Yeah, I'll do my best.",,
ID00159,0000311d,45,「うんうん、期待してるからね」,I'm counting on you.,,
ID00159,0000346b,36,「次はもっとがんばって、,"Next time, do even better,",,
ID00159,0000349e,36,　成績上位を目指してね」,aim for the top scores.,,
ID00159,000037a1,27,「それじゃあね～」,See ya~,,
ID00159,00003dc5,62,「あ、@str_000君！　成績上位、おめでとう！」,"Hey, @str_000! Congrats on your high score!",,
ID00159,000040a7,63,「あ、心美先生。なんとかいい点取れました」,"Oh, Miss Shinomiya.",,
ID00159,000042d9,36,「うんうん、お疲れ様ぁ」,Good job!,,
ID00159,000045ad,51,「これで実力テストも全ておしまい。,Now all of the proficiency tests are over.,,
ID00159,000045ef,42,　あとは光海祭に全力投球ね」,I'll give it my all.,,
ID00159,000047b7,24,「がんばります」,I will.,,
ID00159,00004944,63,「フフッ、がんばってね。期待してるからね」,"Hehe, do your best. I'm counting on you.",,
ID00159,00004dfc,36,「うんうん、この調子で、,"Yeah, keep it up,",,
ID00159,00004e2f,60,　次も成績上位を目指して、がんばろ～！」,Let's aim for the top again next time~!,,
ID00159,000053c6,36,「ドゥ　ユア　ベスト！」,Do your best!,,
ID00159,000056c9,27,「それじゃあね～」,See ya~,,
ID00159,00005d28,44,「あ、@str_000君！　すっご～い！,"Ah, @str_000-kun! Wow~!",,
ID00159,00005d63,63,　２回連続、学力テストで成績上位だなんて」,You got in the top ranks twice in a row now.,,
ID00159,00006325,44,「あ、@str_000君！　すっご～い！,"Ah, @str_000-kun! Wow~!",,
ID00159,00006360,63,　３回連続、学力テストで成績上位だなんて」,You got in the top ranks three times in a row now.,,
ID00159,000067a9,57,「ははっ、本気出せばこんなもんですよ」,"Haha, if I put my mind to it, this is what happens.",,
ID00159,000069ee,45,「うんうん、この夏のがんばりを,"Yeah, keep up that summer effort~",,
ID00159,00006a2a,24,　忘れないでね」,Don't forget about it.,,
ID00159,00006cf2,54,「さ、あとは楽しい光海祭を残すのみ。,Now to enjoy it.,,
ID00159,00006d37,63,　文化系の部が主役の祭典よ、がんばってね」,It's a cultural club festival.,,
ID00159,0000718a,18,「もちろん」,Of course.,,
ID00159,00007383,39,「うんうん、先生うれしい。,"Yeah yeah, I'm happy.",,
ID00159,000073b9,45,　この調子で、次の学力テストも,Keep it up for next time.,,
ID00159,000073f5,48,　成績上位目指してがんばってね」,aim for top scores!,,
ID00159,00007abb,48,「ユー　キャン　ドゥ　イット！」,You can do it!,,
ID00159,00007f05,27,「それじゃあね～」,See ya~,,
ID00159,00008529,29,「あ！　@str_000君！」,Hey! @str_000!,,
ID00159,00008574,18,「心美先生」,Miss Shinomiya,,
ID00159,000086fb,54,「すごい！　すごい！　すっご～い！」,Wow! Wow! So amazing!,,
ID00159,00008b51,36,「４回連続、学力テストで,You got four in a row.,,
ID00159,00008b84,33,　成績上位だなんて！」,That's awesome!,,
ID00159,00008ec2,42,「しかも、スポーツテストも、,"And even the sports test,",,
ID00159,00008efb,39,　３回連続成績上位だから、,"in the sports tests too,",,
ID00159,00008f31,36,　オールパーフェクト！」,You're a well-rounded person!,,
ID00159,00009375,57,「もうすごすぎ！　まさに完璧よぉ～っ」,It's too impressive! Absolutely perfect~,,
ID00159,0000966b,57,「ははっ、俺が本気出せば、当然ですよ」,"Heh, that's how it is.",,
ID00159,00009819,39,「く～っ、かっこいい～っ！,"Kuu~, so cool~!",,
ID00159,0000984f,27,　憧れちゃう～っ」,I'm totally in awe~!,,
ID00159,00009b27,24,「はっはっはっ」,Hahaha,,
ID00159,00009cd0,27,「これで、この夏の,"Now then, for this summer,",,
ID00159,00009cfa,39,　勉強もスポーツも一休み。,Take a break.,,
ID00159,00009d30,45,　光海祭をたっぷり楽しんでね」,Enjoy the festival.,,
ID00159,0000a055,39,「パーフェクト達成よぉ！」,Perfect score achieved!,,
ID00159,0000a0aa,57,「ははっ、俺が本気出せば、当然ですよ」,"Heh, that's just how it is.",,
ID00159,0000a274,39,「く～っ、かっこいい～っ。,"Damn, you're cool~.",,
ID00159,0000a2aa,54,　優等生は言うことが違うわねぇ～っ」,You're so different.,,
ID00159,0000a6d8,24,「はっはっはっ」,Hahaha,,
ID00159,0000a865,39,「フフッ、これで、この夏の,"Hehe, now that this summer's",,
ID00159,0000a89b,39,　勉強もスポーツも一休み。,Take a break.,,
ID00159,0000a8d1,45,　光海祭をたっぷり楽しんでね」,Enjoy the Mitsumi Festival.,,
ID00159,0000ad73,54,「応援してるからね。それじゃあね～」,I'll be cheering for you. See ya~!,,
ID00159,0000b506,20,「@str_000君…」,@str_000-kun...,,
ID00159,0000b683,24,「あ、心美先生」,"Hey, Miss Shinomi.",,
ID00159,0000b7f7,48,「学力テスト、不合格だなんて…。,Failing the academic test...,,
ID00159,0000b836,45,　もっと勉強しなきゃダメよぉ」,You need to study harder.,,
ID00159,0000b9e5,45,「すみません…調子出なくて…」,Sorry... I wasn't in the mood...,,
ID00159,0000bbf7,48,「新学期からはがんばるようにね」,"Starting next semester, I'll try my best.",,
ID00159,0000beed,42,「もう…次の学力テストでは、,I'll do better next time.,,
ID00159,0000bf26,30,　がんばるようにね」,Can't slack off anymore.,,
ID00159,0000c21d,15,「はい…」,Yes...,,
ID00159,0000c3d0,27,「それじゃあね…」,"Well then, bye...",,
ID00159,0000c9f4,30,「はぁ…ダメねぇ…」,Haa... No good...,,
ID00159,0000cb7b,24,「あ、心美先生」,"Hey, Miss Shinomi.",,
ID00159,0000cd08,30,「学力テストの成績、,My grades were...,,
ID00159,0000cd35,45,　２回連続で不合格だなんて…」,Failed both times...,,
ID00159,0000d012,36,「ちゃんと勉強してる？」,Aren't you studying properly?,,
ID00159,0000d064,15,「はは…」,Heh...,,
ID00159,0000d258,63,「夏は実力を伸ばすチャンスだっていうのに、,"It's a chance to improve during summer break, yet...",,
ID00159,0000d2a6,45,　残念な終わり方しちゃって…」,What a disappointing end...,,
ID00159,0000d59c,48,「新学期からはがんばってよね？」,Work harder from next semester?,,
ID00159,0000d78c,57,「動画もいいけど、学生の本分は勉強よ？,Your main job's studying.,,
ID00159,0000d7d4,45,　もっと真剣に取り組まなきゃ」,You need to take it more seriously.,,
ID00159,0000daed,15,「はい…」,Yes...,,
ID00159,0000dc71,27,「それじゃあね…」,"Well then, bye...",,
ID00159,0000e295,33,「はぁ…ちっとも成績が,Hah... My grades aren't,,
ID00159,0000e2c5,36,　上向かないんだから…」,getting any better at all...,,
ID00159,0000e452,27,「あ！　心美先生」,Ah! Shinmi-sensei.,,
ID00159,0000e5e2,57,「学力テスト、３回連続不合格だなんて…,Failed it thrice...,,
ID00159,0000e62a,39,　恥ずかしいと思わない？」,Don't you feel embarrassed about it?,,
ID00159,0000e7e0,24,「すみません…」,Sorry...,,
ID00159,0000e9c1,63,「夏は実力を伸ばすチャンスだっていうのに、,"It's a chance to improve during summer break, yet...",,
ID00159,0000ea0f,45,　ひどい終わり方しちゃって…」,What a terrible way to end...,,
ID00159,0000ed08,45,「新学期からは、心を入れ替えて,"Starting the new semester, I'll have to",,
ID00159,0000ed44,39,　がんばらなきゃダメよ？」,"really try my best, right?",,
ID00159,0000f04a,39,「次は最後の学力テストよ。,The next one is the last academic test.,,
ID00159,0000f080,51,　今度こそ、せめて合格するように、,"This time, at least pass it,",,
ID00159,0000f0c2,30,　心してがんばって」,and really give it my all,,
ID00159,0000f427,15,「はい…」,Yes...,,
ID00159,0000f5ab,27,「それじゃあね…」,"Well then, bye...",,
ID00159,0000fc4b,45,「はぁ…結局、全部ダメ…かぁ」,"Phew... In the end, I failed everything...",,
ID00159,0000fe82,27,「あ！　心美先生」,Ah! Shinmi-sensei.,,
ID00159,0000fff9,50,「@str_000君って、勉強嫌いなのねぇ」,"You really hate studying, don't you @str_000?",,
ID00159,00010310,42,「先生があれほど言ったのに、,"Even though the teacher said that much,",,
ID00159,00010349,48,　結局４回連続不合格だなんて…」,I still got rejected four times in a row...,,
ID00159,000107d1,39,「しかも、スポーツテストも,You're top in all sports tests.,,
ID00159,00010807,57,　全部不合格だから、逆パーフェクトよ」,"Since I failed everything, it's like a perfect fail.",,
ID00159,00010b09,24,「かっこ悪い…」,So embarrassing...,,
ID00159,00010b4f,15,「はは…」,Heh...,,
ID00159,00010cd3,63,「動画以外は、まるでやる気がないのねぇ…」,No motivation aside from that...,,
ID00159,00010e7b,24,「すみません…」,Sorry...,,
ID00159,00011008,45,「新学期からは心を入れ替えて、,"Starting new sem, I'll change my attitude,",,
ID00159,00011044,45,　何事も全力で取り組まないと、,I gotta put all my effort into everything...,,
ID00159,00011080,30,　後悔するんだから」,Otherwise I'll regret it.,,
ID00159,000114b8,45,「新学期からは心を入れ替えて、,"Starting new sem, I'll change my attitude,",,
ID00159,000114f4,45,　全力で勉強に取り組まないと、,"If I don't study with all my might,",,
ID00159,00011530,39,　いつか後悔するんだから」,I'll regret it someday.,,
ID00159,0001184f,24,「がんばってね」,Good luck.,,
ID00159,00011895,15,「はい…」,Yes...,,
ID00159,00011a19,27,「それじゃあね…」,"Well then, bye...",,
ID00160,00001ea8,47,「あ、@str_000君。スポーツテスト、,"Hey, @str_000! You passed the sports test,",,
ID00160,00001ee6,36,　合格だったじゃなぁい」,didn't you?,,
ID00160,000021ae,33,「あ、先生、なんとか」,"Ah, teacher, I barely made it.",,
ID00160,000023b4,54,「これで残すは最後の学力テストのみ。,Now all we have left is the final academic test.,,
ID00160,000023f9,24,　がんばってね」,Best luck.,,
ID00160,00002593,24,「がんばります」,I will.,,
ID00160,00002779,39,「うんうん、よかったわね」,"Yeah, that's great.",,
ID00160,00002a85,44,「けど、@str_000君はがんばれば、,"But I think if @str_000 tries harder,",,
ID00160,00002ac0,51,　もっといい成績が取れると思うな」,you could get even better results.,,
ID00160,00002da3,36,「ドゥ　ユア　ベスト！」,Do your best!,,
ID00160,00002df5,24,「がんばります」,I will.,,
ID00160,00002fb1,27,「それじゃあね～」,See ya~,,
ID00160,000035d5,50,「あ、@str_000君！　スポーツテスト、,"Oh, @str_000! The sports test,",,
ID00160,00003616,60,　いい成績だったじゃない。おめでとう！」,You did really well! Congratulations!,,
ID00160,00003a4a,60,「あ、心美先生。なんか調子よかったんで」,"Oh, Miss Shinomiya. I just felt in the zone.",,
ID00160,00003c25,42,「うんうん、暑さに負けずに、,"Yeah, you beat the heat.",,
ID00160,00003c5e,36,　よくがんばったと思う」,I think you did great.,,
ID00160,000040f6,60,「あとは、最後の学力テストを残すのみね。,All that's left now is the final academic test.,,
ID00160,00004141,54,　気を緩めずにドゥ　ユア　ベスト！」,Don't slack off and do your best!,,
ID00160,000046e5,33,「次のスポーツテストも,"Next time for the test too,",,
ID00160,00004715,54,　気を緩めずにドゥ　ユア　ベスト！」,Don't slack off and do your best!,,
ID00160,00004a37,24,「がんばります」,I will.,,
ID00160,00004bc4,39,「フフッ、それじゃあね～」,"Hehe, see you then~",,
ID00160,0000532f,38,「あ、@str_000君！　２回連続,"Oh, @str_000! Twice in a row!",,
ID00160,00005364,54,　スポーツテストで成績上位だなんて、,"You did well in the sports test, huh?",,
ID00160,000053a9,33,　すごいじゃなぁい！」,That's awesome!,,
ID00160,00005687,39,「ははっ、俺が本気出せば、,"Haha, if I really put my mind to it,",,
ID00160,000056bd,30,　こんなもんですよ」,That's how it is.,,
ID00160,00005850,39,「フフッ、かっこいい～っ」,"Hehe, you're so cool~",,
ID00160,00005b97,48,「この調子で、最後の学力テストも,"Keep it up, final test too",,
ID00160,00005bd6,30,　いい成績取ってね」,get a good score.,,
ID00160,00005e98,24,「がんばります」,I will.,,
ID00160,00006070,60,「次のスポーツテストも成績上位に入れば、,"If you do well in the next sports test too,",,
ID00160,000060bb,45,　３回連続でパーフェクトよ！」,"Three in a row, perfect scores!",,
ID00160,00006251,24,「がんばります」,I will.,,
ID00160,0000640d,60,「フフッ、ファイトォ！　それじゃあね～」,"Hehe, good luck! See ya~",,
ID00160,00006ce1,29,「あ！　@str_000君！」,Hey! @str_000!,,
ID00160,00006d2c,18,「心美先生」,Miss Shinomiya,,
ID00160,00006eb3,42,「すごい！　すっご～いっ！」,Wow! Amazing!,,
ID00160,000071a9,60,「３回連続、スポーツテストで成績上位よ！,I've been top three for the last three sports tests!,,
ID00160,000071f4,30,　パーフェクトよ！」,Perfect score!,,
ID00160,00007632,63,「運動神経いい人って素敵！　憧れちゃう！」,Great athletic skills are cool!,,
ID00160,00007915,36,「ははっ、それほどでも」,"Heh, I don't think it's that much.",,
ID00160,00007b02,42,「どこか運動部にも入った方が,You should join a sports club.,,
ID00160,00007b3b,60,　いいんじゃない？　Ｃムービー部だけじゃ,How about it? Just C-Movie Club isn't enough.,,
ID00160,00007b86,33,　もったいないわよぉ」,"That'd be a waste, you know?",,
ID00160,00007e72,42,「どこか運動部にも入った方が,You should join a sports club too.,,
ID00160,00007eab,54,　いいんじゃない？　Ｅ動画部だけじゃ,How about it? Just E-Video Club isn't enough.,,
ID00160,00007ef0,33,　もったいないわよぉ」,"That'd be a waste, you know?",,
ID00160,000080a9,48,「ん～、動画に打ち込んでるから」,"Hmm, I'm really into videos.",,
ID00160,0000824e,54,「そっかぁ。１つのことに集中した方が,"Oh, I see. It's better to focus on one thing.",,
ID00160,00008293,18,　いいかぁ」,Right?,,
ID00160,00008555,39,「来週、最後の学力テストが,Next week is the last academic test.,,
ID00160,0000858b,60,　終わったら､光海祭よ。がんばってね！」,"After that, it's the Mitsumi Festival! Good luck!",,
ID00160,0000886b,24,「がんばります」,I will.,,
ID00160,000089f8,60,「ドゥ　ユア　ベスト！　それじゃあね～」,Do your best! See ya~,,
ID00160,000092cc,23,「あ、@str_000君」,"Ah, @str_000-kun.",,
ID00160,00009311,18,「心美先生」,Miss Shinomiya,,
ID00160,00009498,48,「スポーツテスト、どうしたのぉ？,How was the sports test?,,
ID00160,000094d7,27,　不合格だなんて」,"You didn't fail, did you?",,
ID00160,00009796,48,「それが…暑くて調子出なくて…」,That's... It was too hot...,,
ID00160,00009922,39,「そっかぁ…。けど、みんな,I see... But everyone,,
ID00160,00009958,57,　同じ条件なんだから、がんばらないと」,"is in the same situation, so we have to do our best.",,
ID00160,00009c6a,15,「はい…」,Yes...,,
ID00160,00009e5e,42,「もうすぐスポーツの秋だし、,"It's almost fall sports season anyway,",,
ID00160,00009e97,60,　心を入れ替えて運動に取り組むようにね」,So try your hardest with sports from now on.,,
ID00160,0000a309,42,「次回のスポーツテストでは、,"Next time in the sports test,",,
ID00160,0000a342,54,　暑さに負けずに、いい成績取ってね」,don't let the heat get to you and do well.,,
ID00160,0000a792,24,「それじゃあね」,See ya.,,
ID00160,0000adb3,26,「あ、@str_000君…」,"""A- @str_000-kun...""",,
ID00160,0000adfb,18,「心美先生」,Miss Shinomiya,,
ID00160,0000af82,45,「あなたって、運動苦手なのぉ？,"You're not good at sports, huh?",,
ID00160,0000afbe,39,　２回連続スポーツテストで,Failed twice in a row...?,,
ID00160,0000aff4,30,　不合格だなんて…」,That's just...,,
ID00160,0000b2cf,36,「暑くて調子出なくて…」,It's too hot for me...,,
ID00160,0000b468,39,「またそんなこと言ってぇ。,Don't say stuff like that again.,,
ID00160,0000b49e,63,　暑さなんか吹き飛ばして、がんばらないと」,Blow off the heat and do your best.,,
ID00160,0000b79a,15,「はい…」,Yes...,,
ID00160,0000b98e,36,「秋になったら心機一転、,"Once fall comes, let's start over.",,
ID00160,0000b9c1,48,　もっと真剣に取り組むようにね」,and take it more seriously.,,
ID00160,0000bca1,24,「それじゃあね」,See ya.,,
ID00160,0000be79,48,「夏の間に体力つけておかないと、,You'll need to build it up.,,
ID00160,0000beb8,51,　厳しい冬を乗り越えられないわよ」,you won't be able to get through the harsh winter.,,
ID00160,0000c2d6,39,「次のスポーツテストでは、,"Next time in the sports test,",,
ID00160,0000c30c,39,　精一杯がんばるようにね」,Do your very best.,,
ID00160,0000cb22,35,「はぁ……@str_000君って、,Haa... @str_000-kun is...,,
ID00160,0000cb54,36,　スポーツ嫌いなのねぇ」,"You really don't like sports, huh?",,
ID00160,0000cebd,27,「あ！　心美先生」,Ah! Shinmi-sensei.,,
ID00160,0000d04d,45,「結局、３回のスポーツテスト、,"In the end, all three sports tests...",,
ID00160,0000d089,36,　全て不合格だなんて…」,you failed everything...,,
ID00160,0000d35d,33,「先生、がっかりよぉ」,"Teacher, you're disappointing.",,
ID00160,0000d4e7,24,「すみません…」,Sorry...,,
ID00160,0000d690,42,「動画ばっかり録ってないで、,"Don't just record videos all day,",,
ID00160,0000d6c9,39,　秋からは、もっと前向きに,"Starting this fall, be more positive",,
ID00160,0000d6ff,39,　運動に取り組むようにね」,about working out.,,
ID00160,0000d9f0,15,「はい…」,Yes...,,
ID00160,0000db74,27,「それじゃあね…」,"Well then, bye...",,
ID00161,00002410,44,「あ、@str_000君。よかったわね、,"Hey, @str_000-kun.",,
ID00161,0000244b,54,　学力テスト、合格だったじゃなぁい」,That's great.,,
ID00161,00002895,33,「あ、先生、なんとか」,"Ah, teacher, I barely made it.",,
ID00161,00002a7f,63,「これで、この夏の実力テストも全て終わり。,"With this, all of our summer tests are over.",,
ID00161,00002acd,18,　お疲れ様」,Good job.,,
ID00161,00002ee6,45,「あとは、光海祭に全力投球ね」,Now we can focus on the Mitsumi Festival.,,
ID00161,00002f41,36,「ですね、がんばります」,"Yeah, I'll do my best.",,
ID00161,0000311d,45,「うんうん、期待してるからね」,I'm counting on you.,,
ID00161,0000346b,36,「次はもっとがんばって、,"Next time, do even better,",,
ID00161,0000349e,36,　成績上位を目指してね」,aim for the top scores.,,
ID00161,000037a1,27,「それじゃあね～」,See ya~,,
ID00161,00003dc5,62,「あ、@str_000君！　成績上位、おめでとう！」,"Hey, @str_000! Congrats on your high score!",,
ID00161,000040a7,63,「あ、心美先生。なんとかいい点取れました」,"Oh, Miss Shinomiya. I did well.",,
ID00161,000042d9,36,「うんうん、お疲れ様ぁ」,Good job!,,
ID00161,000045ad,51,「これで実力テストも全ておしまい。,Now all of the proficiency tests are over.,,
ID00161,000045ef,42,　あとは光海祭に全力投球ね」,I'll give it my all.,,
ID00161,000047b7,24,「がんばります」,I will.,,
ID00161,00004944,63,「フフッ、がんばってね。期待してるからね」,"Hehe, do your best. I'm counting on you.",,
ID00161,00004dfc,36,「うんうん、この調子で、,"Yeah, keep it up,",,
ID00161,00004e2f,60,　次も成績上位を目指して、がんばろ～！」,Let's aim for the top again next time~!,,
ID00161,000053c6,36,「ドゥ　ユア　ベスト！」,Do your best!,,
ID00161,000056c9,27,「それじゃあね～」,See ya~,,
ID00161,00005d28,44,「あ、@str_000君！　すっご～い！,"Ah, @str_000-kun! Wow~!",,
ID00161,00005d63,63,　２回連続、学力テストで成績上位だなんて」,You got in the top ranks twice in a row now.,,
ID00161,00006325,44,「あ、@str_000君！　すっご～い！,"Ah, @str_000-kun! Wow~!",,
ID00161,00006360,63,　３回連続、学力テストで成績上位だなんて」,You got in the top ranks three times in a row now.,,
ID00161,000067a9,57,「ははっ、本気出せばこんなもんですよ」,"Haha, if I put my mind to it, this is what happens.",,
ID00161,000069ee,45,「うんうん、この夏のがんばりを,"Yeah, keep up that summer effort~",,
ID00161,00006a2a,24,　忘れないでね」,Don't forget about it.,,
ID00161,00006cf2,54,「さ、あとは楽しい光海祭を残すのみ。,Now to enjoy it.,,
ID00161,00006d37,63,　文化系の部が主役の祭典よ、がんばってね」,It's a cultural club festival.,,
ID00161,0000718a,18,「もちろん」,Of course.,,
ID00161,00007383,39,「うんうん、先生うれしい。,"Yeah yeah, I'm happy.",,
ID00161,000073b9,45,　この調子で、次の学力テストも,Keep it up for next time.,,
ID00161,000073f5,48,　成績上位目指してがんばってね」,aim for top scores!,,
ID00161,00007abb,48,「ユー　キャン　ドゥ　イット！」,You can do it!,,
ID00161,00007f05,27,「それじゃあね～」,See ya~,,
ID00161,00008529,29,「あ！　@str_000君！」,Hey! @str_000!,,
ID00161,00008574,18,「心美先生」,Miss Shinomiya,,
ID00161,000086fb,54,「すごい！　すごい！　すっご～い！」,Wow! Wow! So amazing!,,
ID00161,00008b51,36,「４回連続、学力テストで,You got four in a row.,,
ID00161,00008b84,33,　成績上位だなんて！」,That's awesome!,,
ID00161,00008ec2,42,「しかも、スポーツテストも、,"And even the sports test,",,
ID00161,00008efb,39,　３回連続成績上位だから、,"in the sports tests too,",,
ID00161,00008f31,36,　オールパーフェクト！」,You're a well-rounded person!,,
ID00161,00009375,57,「もうすごすぎ！　まさに完璧よぉ～っ」,It's too impressive! Absolutely perfect~,,
ID00161,0000966b,57,「ははっ、俺が本気出せば、当然ですよ」,"Heh, that's how it is when I focus.",,
ID00161,00009819,39,「く～っ、かっこいい～っ！,"Kuu~, so cool~!",,
ID00161,0000984f,27,　憧れちゃう～っ」,I'm totally in awe~!,,
ID00161,00009b27,24,「はっはっはっ」,Hahaha,,
ID00161,00009cd0,27,「これで、この夏の,"Now then, for this summer,",,
ID00161,00009cfa,39,　勉強もスポーツも一休み。,Take a break from both.,,
ID00161,00009d30,45,　光海祭をたっぷり楽しんでね」,Enjoy the Mitsumi Festival.,,
ID00161,0000a055,39,「パーフェクト達成よぉ！」,Perfect score achieved!,,
ID00161,0000a0aa,57,「ははっ、俺が本気出せば、当然ですよ」,"Heh, that's how it is when I focus.",,
ID00161,0000a274,39,「く～っ、かっこいい～っ。,"Damn, you're cool~.",,
ID00161,0000a2aa,54,　優等生は言うことが違うわねぇ～っ」,You're different from us.,,
ID00161,0000a6d8,24,「はっはっはっ」,Hahaha,,
ID00161,0000a865,39,「フフッ、これで、この夏の,"Hehe, now that this summer's",,
ID00161,0000a89b,39,　勉強もスポーツも一休み。,Take a break from both.,,
ID00161,0000a8d1,45,　光海祭をたっぷり楽しんでね」,Enjoy the Mitsumi Festival.,,
ID00161,0000ad73,54,「応援してるからね。それじゃあね～」,I'll be cheering for you. See ya~!,,
ID00161,0000b506,20,「@str_000君…」,@str_000-kun...,,
ID00161,0000b683,24,「あ、心美先生」,"Hey, Miss Shinomi.",,
ID00161,0000b7f7,48,「学力テスト、不合格だなんて…。,Failing the academic test...,,
ID00161,0000b836,45,　もっと勉強しなきゃダメよぉ」,You need to study harder.,,
ID00161,0000b9e5,45,「すみません…調子出なくて…」,Sorry... I wasn't in the mood...,,
ID00161,0000bbf7,48,「新学期からはがんばるようにね」,"Starting next semester, I'll try my best.",,
ID00161,0000beed,42,「もう…次の学力テストでは、,Next time I'll do better.,,
ID00161,0000bf26,30,　がんばるようにね」,Can't slack off anymore.,,
ID00161,0000c21d,15,「はい…」,Yes...,,
ID00161,0000c3d0,27,「それじゃあね…」,"Well then, bye...",,
ID00161,0000c9f4,30,「はぁ…ダメねぇ…」,Haa... No good...,,
ID00161,0000cb7b,24,「あ、心美先生」,"Hey, Miss Shinomi.",,
ID00161,0000cd08,30,「学力テストの成績、,My grades in tests were...,,
ID00161,0000cd35,45,　２回連続で不合格だなんて…」,Failed both times...,,
ID00161,0000d012,36,「ちゃんと勉強してる？」,Aren't you studying properly?,,
ID00161,0000d064,15,「はは…」,Heh...,,
ID00161,0000d258,63,「夏は実力を伸ばすチャンスだっていうのに、,"It's a chance to improve during summer break, yet...",,
ID00161,0000d2a6,45,　残念な終わり方しちゃって…」,What a disappointing end...,,
ID00161,0000d59c,48,「新学期からはがんばってよね？」,Work harder next semester?,,
ID00161,0000d78c,57,「動画もいいけど、学生の本分は勉強よ？,Studying's your main job.,,
ID00161,0000d7d4,45,　もっと真剣に取り組まなきゃ」,You need to take it more seriously.,,
ID00161,0000daed,15,「はい…」,Yes...,,
ID00161,0000dc71,27,「それじゃあね…」,"Well then, bye...",,
ID00161,0000e295,33,「はぁ…ちっとも成績が,Hah... My grades aren't,,
ID00161,0000e2c5,36,　上向かないんだから…」,getting any better at all...,,
ID00161,0000e452,27,「あ！　心美先生」,Ah! Shinmi-sensei.,,
ID00161,0000e5e2,57,「学力テスト、３回連続不合格だなんて…,Failed it thrice...,,
ID00161,0000e62a,39,　恥ずかしいと思わない？」,Don't you feel embarrassed about it?,,
ID00161,0000e7e0,24,「すみません…」,Sorry...,,
ID00161,0000e9c1,63,「夏は実力を伸ばすチャンスだっていうのに、,"It's a chance to improve during summer break, yet...",,
ID00161,0000ea0f,45,　ひどい終わり方しちゃって…」,What a terrible way to end...,,
ID00161,0000ed08,45,「新学期からは、心を入れ替えて,"Starting the new semester, I'll have to",,
ID00161,0000ed44,39,　がんばらなきゃダメよ？」,"really try my best, right?",,
ID00161,0000f04a,39,「次は最後の学力テストよ。,The next one is the last academic test.,,
ID00161,0000f080,51,　今度こそ、せめて合格するように、,"This time, at least pass it,",,
ID00161,0000f0c2,30,　心してがんばって」,and really give it my all,,
ID00161,0000f427,15,「はい…」,Yes...,,
ID00161,0000f5ab,27,「それじゃあね…」,"Well then, bye...",,
ID00161,0000fc4b,45,「はぁ…結局、全部ダメ…かぁ」,"Phew... In the end, I failed everything...",,
ID00161,0000fe82,27,「あ！　心美先生」,Ah! Shinmi-sensei.,,
ID00161,0000fff9,50,「@str_000君って、勉強嫌いなのねぇ」,"You really hate studying, don't you @str_000?",,
ID00161,00010310,42,「先生があれほど言ったのに、,"Even though the teacher said that much,",,
ID00161,00010349,48,　結局４回連続不合格だなんて…」,I still got rejected four times in a row...,,
ID00161,000107d1,39,「しかも、スポーツテストも,You're top in all sports tests.,,
ID00161,00010807,57,　全部不合格だから、逆パーフェクトよ」,"Since I failed everything, it's like a perfect fail.",,
ID00161,00010b09,24,「かっこ悪い…」,So embarrassing...,,
ID00161,00010b4f,15,「はは…」,Heh...,,
ID00161,00010cd3,63,「動画以外は、まるでやる気がないのねぇ…」,No drive else...,,
ID00161,00010e7b,24,「すみません…」,Sorry...,,
ID00161,00011008,45,「新学期からは心を入れ替えて、,"Starting new sem, I'll change my attitude,",,
ID00161,00011044,45,　何事も全力で取り組まないと、,I gotta put all my effort into everything...,,
ID00161,00011080,30,　後悔するんだから」,Otherwise I'll regret it.,,
ID00161,000114b8,45,「新学期からは心を入れ替えて、,"Starting new sem, I'll change my attitude,",,
ID00161,000114f4,45,　全力で勉強に取り組まないと、,"If I don't study with all my might,",,
ID00161,00011530,39,　いつか後悔するんだから」,I'll regret it someday.,,
ID00161,0001184f,24,「がんばってね」,Good luck.,,
ID00161,00011895,15,「はい…」,Yes...,,
ID00161,00011a19,27,「それじゃあね…」,"Well then, bye...",,
ID00162,00001ea8,47,「あ、@str_000君。スポーツテスト、,"Hey, @str_000! You passed the sports test,",,
ID00162,00001ee6,36,　合格だったじゃなぁい」,didn't you?,,
ID00162,000021ae,33,「あ、先生、なんとか」,"Ah, teacher, I barely made it.",,
ID00162,000023b4,54,「これで残すは最後の学力テストのみ。,Now all we have left is the final academic test.,,
ID00162,000023f9,24,　がんばってね」,Best luck.,,
ID00162,00002593,24,「がんばります」,I will.,,
ID00162,00002779,39,「うんうん、よかったわね」,"Yeah, that's great.",,
ID00162,00002a85,44,「けど、@str_000君はがんばれば、,"But I think if @str_000 tries harder,",,
ID00162,00002ac0,51,　もっといい成績が取れると思うな」,you could get even better results.,,
ID00162,00002da3,36,「ドゥ　ユア　ベスト！」,Do your best!,,
ID00162,00002df5,24,「がんばります」,I will.,,
ID00162,00002fb1,27,「それじゃあね～」,See ya~,,
ID00162,000035d5,50,「あ、@str_000君！　スポーツテスト、,"Oh, @str_000! The sports test,",,
ID00162,00003616,60,　いい成績だったじゃない。おめでとう！」,You did really well! Congratulations!,,
ID00162,00003a4a,60,「あ、心美先生。なんか調子よかったんで」,"Oh, Miss Shinomiya. I just felt in the zone.",,
ID00162,00003c25,42,「うんうん、暑さに負けずに、,"Yeah, you didn't let the heat win.",,
ID00162,00003c5e,36,　よくがんばったと思う」,I think you did great.,,
ID00162,000040f6,60,「あとは、最後の学力テストを残すのみね。,All that's left now is the final academic test.,,
ID00162,00004141,54,　気を緩めずにドゥ　ユア　ベスト！」,Don't slack off and do your best!,,
ID00162,000046e5,33,「次のスポーツテストも,"Next time for the test too,",,
ID00162,00004715,54,　気を緩めずにドゥ　ユア　ベスト！」,Don't slack off and do your best!,,
ID00162,00004a37,24,「がんばります」,I will.,,
ID00162,00004bc4,39,「フフッ、それじゃあね～」,"Hehe, see you then~",,
ID00162,0000532f,38,「あ、@str_000君！　２回連続,"Oh, @str_000! Twice in a row!",,
ID00162,00005364,54,　スポーツテストで成績上位だなんて、,"You did well in the sports test, huh?",,
ID00162,000053a9,33,　すごいじゃなぁい！」,That's awesome!,,
ID00162,00005687,39,「ははっ、俺が本気出せば、,"Haha, if I really put my mind to it,",,
ID00162,000056bd,30,　こんなもんですよ」,That's how it is.,,
ID00162,00005850,39,「フフッ、かっこいい～っ」,"Hehe, you're so cool~",,
ID00162,00005b97,48,「この調子で、最後の学力テストも,Keep it up and ace the final test.,,
ID00162,00005bd6,30,　いい成績取ってね」,get a good score.,,
ID00162,00005e98,24,「がんばります」,I will.,,
ID00162,00006070,60,「次のスポーツテストも成績上位に入れば、,"If you do well in the next sports test too,",,
ID00162,000060bb,45,　３回連続でパーフェクトよ！」,"Three in a row, perfect scores!",,
ID00162,00006251,24,「がんばります」,I will.,,
ID00162,0000640d,60,「フフッ、ファイトォ！　それじゃあね～」,"Hehe, good luck! See ya~",,
ID00162,00006ce1,29,「あ！　@str_000君！」,Hey! @str_000!,,
ID00162,00006d2c,18,「心美先生」,Miss Shinomiya,,
ID00162,00006eb3,42,「すごい！　すっご～いっ！」,Wow! Amazing!,,
ID00162,000071a9,60,「３回連続、スポーツテストで成績上位よ！,I've been top three for the last three sports tests!,,
ID00162,000071f4,30,　パーフェクトよ！」,Perfect score!,,
ID00162,00007632,63,「運動神経いい人って素敵！　憧れちゃう！」,Great athletic skills are so cool!,,
ID00162,00007915,36,「ははっ、それほどでも」,"Heh, I don't think it's that much.",,
ID00162,00007b02,42,「どこか運動部にも入った方が,You should join a sports club.,,
ID00162,00007b3b,60,　いいんじゃない？　Ｃムービー部だけじゃ,How about it? Just C-Movie Club isn't enough.,,
ID00162,00007b86,33,　もったいないわよぉ」,"That'd be a waste, you know?",,
ID00162,00007e72,42,「どこか運動部にも入った方が,You should join a sports club too.,,
ID00162,00007eab,54,　いいんじゃない？　Ｅ動画部だけじゃ,How about it? Just E-Video Club isn't enough.,,
ID00162,00007ef0,33,　もったいないわよぉ」,"That'd be a waste, you know?",,
ID00162,000080a9,48,「ん～、動画に打ち込んでるから」,"Hmm, I'm really into videos.",,
ID00162,0000824e,54,「そっかぁ。１つのことに集中した方が,"Oh, I see. It's better to focus on one thing.",,
ID00162,00008293,18,　いいかぁ」,Right?,,
ID00162,00008555,39,「来週、最後の学力テストが,Next week is the last academic test.,,
ID00162,0000858b,60,　終わったら､光海祭よ。がんばってね！」,"After that, it's the Mitsumi Festival! Good luck!",,
ID00162,0000886b,24,「がんばります」,I will.,,
ID00162,000089f8,60,「ドゥ　ユア　ベスト！　それじゃあね～」,Do your best! See ya~,,
ID00162,000092cc,23,「あ、@str_000君」,"Ah, @str_000-kun.",,
ID00162,00009311,18,「心美先生」,Miss Shinomiya,,
ID00162,00009498,48,「スポーツテスト、どうしたのぉ？,How was the sports test?,,
ID00162,000094d7,27,　不合格だなんて」,"You didn't fail, did you?",,
ID00162,00009796,48,「それが…暑くて調子出なくて…」,That's... It was too hot...,,
ID00162,00009922,39,「そっかぁ…。けど、みんな,I see... But everyone,,
ID00162,00009958,57,　同じ条件なんだから、がんばらないと」,"is in the same situation, so we have to do our best.",,
ID00162,00009c6a,15,「はい…」,Yes...,,
ID00162,00009e5e,42,「もうすぐスポーツの秋だし、,"It's almost fall sports season anyway,",,
ID00162,00009e97,60,　心を入れ替えて運動に取り組むようにね」,So try your hardest with sports from now on.,,
ID00162,0000a309,42,「次回のスポーツテストでは、,"Next time in the sports test,",,
ID00162,0000a342,54,　暑さに負けずに、いい成績取ってね」,don't let the heat get to you and do well.,,
ID00162,0000a792,24,「それじゃあね」,See ya.,,
ID00162,0000adb3,26,「あ、@str_000君…」,"""A- @str_000-kun...""",,
ID00162,0000adfb,18,「心美先生」,Miss Shinomiya,,
ID00162,0000af82,45,「あなたって、運動苦手なのぉ？,"You're not good at sports, huh?",,
ID00162,0000afbe,39,　２回連続スポーツテストで,Failed twice in a row...?,,
ID00162,0000aff4,30,　不合格だなんて…」,That's just...,,
ID00162,0000b2cf,36,「暑くて調子出なくて…」,It's too hot for me...,,
ID00162,0000b468,39,「またそんなこと言ってぇ。,Don't say stuff like that again.,,
ID00162,0000b49e,63,　暑さなんか吹き飛ばして、がんばらないと」,Blow off the heat and do your best.,,
ID00162,0000b79a,15,「はい…」,Yes...,,
ID00162,0000b98e,36,「秋になったら心機一転、,Let's start fresh in fall.,,
ID00162,0000b9c1,48,　もっと真剣に取り組むようにね」,and take it more seriously.,,
ID00162,0000bca1,24,「それじゃあね」,See ya.,,
ID00162,0000be79,48,「夏の間に体力つけておかないと、,You'll need to.,,
ID00162,0000beb8,51,　厳しい冬を乗り越えられないわよ」,you won't be able to get through the harsh winter.,,
ID00162,0000c2d6,39,「次のスポーツテストでは、,"Next time in the sports test,",,
ID00162,0000c30c,39,　精一杯がんばるようにね」,Do your very best.,,
ID00162,0000cb22,35,「はぁ……@str_000君って、,Haa... @str_000-kun is...,,
ID00162,0000cb54,36,　スポーツ嫌いなのねぇ」,"You really don't like sports, huh?",,
ID00162,0000cebd,27,「あ！　心美先生」,Ah! Shinmi-sensei.,,
ID00162,0000d04d,45,「結局、３回のスポーツテスト、,"In the end, all three sports tests...",,
ID00162,0000d089,36,　全て不合格だなんて…」,you failed everything...,,
ID00162,0000d35d,33,「先生、がっかりよぉ」,"Teacher, you're disappointing.",,
ID00162,0000d4e7,24,「すみません…」,Sorry...,,
ID00162,0000d690,42,「動画ばっかり録ってないで、,"Don't just record videos all day,",,
ID00162,0000d6c9,39,　秋からは、もっと前向きに,"Starting this fall, be more positive",,
ID00162,0000d6ff,39,　運動に取り組むようにね」,about working out.,,
ID00162,0000d9f0,15,「はい…」,Yes...,,
ID00162,0000db74,27,「それじゃあね…」,"Well then, bye...",,
ID00163,0000109a,48,（ん……なんだ、こんな時間に……,"Hmm... What's up, at this hour...",,
ID00163,000010d9,27,　あ、心美先生！）,"Ah, Miss Shinmi!",,
ID00163,00001461,21,「もしもし？」,Hello?,,
ID00163,000014a4,56,「あ、@str_000君、ごめんね、夜分遅くに」,"Ah, @str_000, sorry to bother you so late.",,
ID00163,0000150a,54,「大丈夫ですけど、どうしたんです？」,What's up? I'm fine.,,
ID00163,0000156e,24,「それがねぇ…」,That's the thing...,,
ID00163,000015b4,57,「週末…行けなくなるかもしれなくて…」,I might not be able to go this weekend...,,
ID00163,0000161b,15,「えっ？」,Huh?,,
ID00163,00001658,54,「教職員の会合が入るかもしれないの」,There might be a staff meeting.,,
ID00163,000016bc,33,「そう…なんですか…」,That's...really?,,
ID00163,0000170b,24,「ごめんねぇ…」,Sorry...,,
ID00163,00001751,48,「ただ、決まったわけじゃないの。,"It's just, it hasn't been decided yet.",,
ID00163,00001790,57,　そうなるかもしれないってだけだから」,"I might have to go, that's all.",,
ID00163,00001a96,48,「だから、もし行けなくなったら、,"So if I can't go,",,
ID00163,00001ad5,57,　土曜の夜に電話するね。それでいい？」,"I'll call you Saturday night then, okay?",,
ID00163,00001b3c,24,「わかりました」,Understood.,,
ID00163,00001b82,27,「本当にごめんね。,I'm really sorry.,,
ID00163,00001bac,42,　それじゃ、おやすみなさい」,Goodnight then.,,
ID00163,00001c04,27,「おやすみなさい」,good night,,
ID00163,00001f2d,57,（日曜日に会合…か。先生って大変だよな,Meeting on Sunday... huh. Teachers have it rough.,,
ID00163,00001fe6,48,（けど、もっと心美先生と話して、,But I should talk to Miss Shinomi more and,,
ID00163,00002025,60,　好感度を上げておくべきだよな。ちょっと,"raise our relationship, right? Just a little bit...",,
ID00163,00002070,60,　無理してでも、時間作ってくれるように）,I'll have to somehow make time for that.,,
ID00164,0000101a,48,（ん……なんだ、こんな時間に……,"Hmm... What's up, at this hour...",,
ID00164,00001059,27,　あ、心美先生！）,"Ah, Miss Shinmi!",,
ID00164,000013a1,18,「もしもし」,Hello.,,
ID00164,000013e1,56,「あ、@str_000君、ごめんね、夜分遅くに」,"Ah, @str_000, sorry to bother you so late.",,
ID00164,0000149b,48,「大丈夫ですけど、もしかして…」,"I'm fine, but maybe...",,
ID00164,000014f9,51,「そうなの。やっぱり教職員の会合が,That's right. It turns out the faculty meeting...,,
ID00164,0000153b,27,　入っちゃって…」,Had to cancel...,,
ID00164,00001584,48,「明日、行けなくなっちゃった…」,I won't be able to go tomorrow...,,
ID00164,000015e2,18,「そっか…」,"Oh, I see.",,
ID00164,00001651,54,「大丈夫ですけど、どうしたんです？」,What's up? I'm fine.,,
ID00164,000016b5,27,「それが…ねぇ…」,Well...you see...,,
ID00164,000016fe,48,「明日…行けなくなっちゃって…」,I can't make it tomorrow...,,
ID00164,0000175c,12,「え？」,What?,,
ID00164,00001796,54,「急に教職員の会合が入っちゃったの。,There's a sudden staff meeting.,,
ID00164,000017db,18,　それで…」,So...,,
ID00164,0000181b,18,「そっか…」,"Oh, I see.",,
ID00164,0000188a,54,「大変ですね、休みの日に会合なんて。,"That's bad, having meetings on days off.",,
ID00164,000018cf,39,　俺のことは気にせずに…」,Don't worry about me though...,,
ID00164,00001924,30,「うん……ありがと」,Yeah... thanks.,,
ID00164,000019c4,59,「また、@str_000君の都合のいい時に誘って」,I'll invite you again when it's convenient for you.,,
ID00164,00001a5c,59,「また、@str_000君の都合のいい時に誘って」,I'll invite you again when it's convenient for you.,,
ID00164,00001af4,12,「はい」,Okay.,,
ID00164,00001b2e,48,「それじゃあね…おやすみなさい」,Goodnight then...,,
ID00164,00001b8c,27,「おやすみなさい」,good night,,
ID00164,00001c75,57,（まいったな、もっと心美先生と話して、,"Man, I should've talked to Miss Shinomi more,",,
ID00164,00001cbd,54,　好感度を上げておけば、無理してでも,"If I'd raised it, she might have.",,
ID00164,00001d02,57,　時間を作ってくれたかもしれないよな）,even if it meant stretching herself thin,,
ID00164,00001d69,36,（好感度を最大限上げて、,Raise our bond as high as possible.,,
ID00164,00001d9c,45,　レコセッションの後、誘おう）,And ask her out after the recital.,,
ID00165,000015aa,51,（ん……なんだ、こんな時間に……、,"Hmm... What's up, calling me at this hour...",,
ID00165,000015ec,27,　あ、心美先生…）,"Ah, Miss Shinomiya...）",,
ID00165,00001974,21,「もしもし？」,Hello?,,
ID00165,000019b7,50,「あ、@str_000君？　まだ起きてた？」,"Oh, @str_000? You're still awake?",,
ID00165,00001a17,51,「ちょうど寝ようとしてたとこです」,I was just about to go to bed.,,
ID00165,00001a78,48,「そっかぁ。ごめんね、夜遅くに」,"Oh, sorry for calling so late.",,
ID00165,00001ad6,27,「けど、ダメよぉ、,But no way...,,
ID00165,00001b00,42,　こんな時間まで起きてちゃ。,You can't stay up this late.,,
ID00165,00001b39,39,　ちゃんと睡眠取らないと」,You need your sleep.,,
ID00165,00001b8e,48,「そんな時間に電話してきたのは、,It was Teacher Shinomi who called at that time.,,
ID00165,00001bcd,33,　心美先生ですけど？」,"Was it, Sensei?",,
ID00165,00001c1c,42,「エヘヘ、そうなんだけどね」,"Hehe, yeah, that's right.",,
ID00165,00001c74,45,「それで、なにか用事ですか？」,"So, did you need something?",,
ID00165,00001ccf,12,「ん…」,Hmm...,,
ID00165,00001d09,30,「どうしたんです？」,What's up?,,
ID00165,00001d55,21,「ん～とね…」,Well...,,
ID00165,00001d98,48,「電話じゃなきゃ…話せないこと…,Things I couldn't say over the phone...,,
ID00165,00001dd7,39,　話したいなって思って…」,I wanted to talk about them...,,
ID00165,00001e2c,12,「え…」,Huh...?,,
ID00165,000022f3,39,「私が……もし……もし……,If... if...,,
ID00165,00002329,65,　先生じゃなかったら、@str_000君はどうする？」,"If I wasn't @str_000's teacher, what'd @str_000 do?",,
ID00165,00002398,15,「えっ？」,Huh?,,
ID00165,00002429,63,「先生じゃなかったら……一緒に過ごしたり、,"If I wasn't your teacher... Would we hang out,",,
ID00165,00002477,39,　プールへ行ったりした？」,go to the pool?,,
ID00165,000024fb,63,「先生じゃなかったら……一緒に過ごしたり、,"If I wasn't your teacher... Would we hang out,",,
ID00165,00002549,39,　遊園地へ行ったりした？」,or go to an amusement park?,,
ID00165,000025cd,54,「それは……もちろん、行きましたよ」,"Of course, we did those things.",,
ID00165,00002631,18,「ホント？」,Really?,,
ID00165,00002671,57,「もちろん。心美先生と一緒にいると…、,"Of course. When I'm with Shinomi-sensei,",,
ID00165,000026b9,27,　楽しいですから」,it's fun.,,
ID00165,00002702,48,「フフッ、よかったぁ。…私もよ」,"Hehe, glad to hear that... I feel the same.",,
ID00165,00002760,50,「私も…@str_000君といると…楽しい」,I also... when I'm with @str_000-kun... it's fun.,,
ID00165,000027c0,57,「出会えて……よかったなぁって…思う」,Thinking about how lucky I am... to have met you...,,
ID00165,00002827,21,「俺もですよ」,I feel the same way.,,
ID00165,0000286a,12,「え？」,What?,,
ID00165,000028a4,60,「心美先生は…見た目は年下みたいだけど、,Shinomi-sensei is... she looks young but...,,
ID00165,000028ef,57,　すごくしっかりしてて、一生懸命で…。,she's really reliable and hardworking...,,
ID00165,00002937,57,　先生のクラスでよかったなぁって思う」,I'm glad I got into her class.,,
ID00165,0000299e,54,「そっかぁ…。そう言ってもらえると、,"Oh, that makes me happy too...",,
ID00165,000029e3,18,　うれしい」,It made me happy.,,
ID00165,00002a23,51,「年下みたいってのは余計だけどね」,"Don't need to say I'm younger, though.",,
ID00165,00002a84,18,「はははは」,Hahaha,,
ID00165,00002ac4,51,「学校があるから…出会えたのよね。,It's because of school... We met there.,,
ID00165,00002b06,45,　私が先生だから…出会えた…」,Because I was the teacher... We met...,,
ID00165,00002b61,51,「だから先生じゃなければってのは、,"So if I wasn't a teacher,",,
ID00165,00002ba3,27,　成立しないかぁ」,it wouldn't work out?,,
ID00165,00002bec,54,「…もし、心美先生が先生じゃなくて、,"...If Shinomi-sensei weren't a teacher,",,
ID00165,00002c31,39,　学校の…後輩だとして…」,Just a student in my class...,,
ID00165,00002c86,60,「後輩ってなによ！　せめて先輩でしょ！」,What do you mean 'student'! Senpai!,,
ID00165,00002cf0,48,「いや、先輩って感じしないんで。,"Nah, I don't get that senpai vibe.",,
ID00165,00002d2f,60,　真奈の同級生として知り合ったとして…」,Think of her as a classmate from middle school...,,
ID00165,00002d99,42,「しかも中等部！？　も～っ」,That's junior high!? Oh my~,,
ID00165,00002e45,51,「凜世の同級生の方がいいですか？」,You'd rather she was Rinze's classmate?,,
ID00165,00002ed5,51,「妃月の同級生の方がいいですか？」,You'd prefer Himeragi to be your classmate?,,
ID00165,00002f65,48,「…中等部でいい。初等部はなし」,Junior high's fine.,,
ID00165,00002fc3,57,「じゃあ、中等部の後輩だったとして…」,So she was a junior high underclassman...,,
ID00165,0000302a,27,「だったとして？」,Think of her as...?,,
ID00165,00003073,39,「録りまくっただろうなぁ。,"You must've recorded a ton, huh.",,
ID00165,000030a9,60,　休み時間の度に、学校中、色んな場所で」,"Every break, all over school",,
ID00165,00003113,51,「もう…それじゃ今と一緒じゃない」,It's not like it is now...,,
ID00165,00003174,30,「そう、一緒ですよ。,"That's right, we're together.",,
ID00165,000031a1,60,　先生でも、先生じゃなくても変わらない。,"Whether you're my teacher or not, nothing changes.",,
ID00165,000031ec,54,　俺は…心美先生と一緒にいたと思う」,I think I was with Shinmi-sensei.,,
ID00165,00003250,23,「@str_000…君…」,Lord... @str_000...,,
ID00165,00003295,45,「そっか……一緒か……フフッ」,Oh... We're together... Hehe.,,
ID00165,000032f0,42,「いい学校よね、光海学園は」,"This is a great school, Mitsumi Academy.",,
ID00165,00003348,18,「もちろん」,Of course.,,
ID00165,00003388,51,「帰ってきてよかった、光海学園に」,I'm glad I came back to Mitsumi Academy.,,
ID00165,000033e9,42,「これからもがんばらなきゃ」,I've gotta keep working hard from now on.,,
ID00165,000036e0,39,「ありがとね、こんな時間に,Thanks for being here at this hour.,,
ID00165,00003716,30,　つき合ってくれて。,Thanks for going out with me.,,
ID00165,00003743,45,　なんだかスッキリしちゃった」,I feel so much better now.,,
ID00165,0000379e,24,「先生……俺…」,Teacher... Me...,,
ID00165,000037e4,12,「ん？」,Hm?,,
ID00165,0000381e,42,「いや…なんでもないです…」,No... It's nothing...,,
ID00165,00003876,54,「そう？　…それじゃ、また学校でね。,"Really? ...Then, see you at school then.",,
ID00165,000038bb,27,　おやすみなさい」,Good night.,,
ID00165,00003904,27,「おやすみなさい」,good night,,
ID00165,0000399b,51,（心美先生は……大人で…先生で…。,(She's an adult...a teacher...),,
ID00165,000039dd,42,　俺と……なんて、ないよな）,would she?),,
ID00166,0000109a,48,（ん……なんだ、こんな時間に……,"Hmm... What's up, at this hour...",,
ID00166,000010d9,27,　あ、心美先生！）,"Ah, Miss Shinmi!",,
ID00166,00001461,21,「もしもし？」,Hello?,,
ID00166,000014a4,56,「あ、@str_000君、ごめんね、夜分遅くに」,"Ah, @str_000, sorry to bother you so late.",,
ID00166,0000150a,54,「大丈夫ですけど、どうしたんです？」,What's up? I'm fine.,,
ID00166,0000156e,24,「それがねぇ…」,That's the thing...,,
ID00166,000015b4,57,「週末…行けなくなるかもしれなくて…」,I might not be able to go this weekend...,,
ID00166,0000161b,15,「えっ？」,Huh?,,
ID00166,00001658,54,「教職員の会合が入るかもしれないの」,There might be a staff meeting.,,
ID00166,000016bc,33,「そう…なんですか…」,That's...really?,,
ID00166,0000170b,24,「ごめんねぇ…」,Sorry...,,
ID00166,00001751,48,「ただ、決まったわけじゃないの。,"It's just, it hasn't been decided yet.",,
ID00166,00001790,57,　そうなるかもしれないってだけだから」,"I might have to go, that's all.",,
ID00166,00001a96,48,「だから、もし行けなくなったら、,"So if I can't go,",,
ID00166,00001ad5,57,　土曜の夜に電話するね。それでいい？」,"I'll call you Saturday night then, okay?",,
ID00166,00001b3c,24,「わかりました」,Understood.,,
ID00166,00001b82,27,「本当にごめんね。,I'm really sorry.,,
ID00166,00001bac,42,　それじゃ、おやすみなさい」,Goodnight then.,,
ID00166,00001c04,27,「おやすみなさい」,good night,,
ID00166,00001f2d,57,（日曜日に会合…か。先生って大変だよな,Meeting on Sunday... huh. Teachers have it rough.,,
ID00166,00001fe6,48,（けど、もっと心美先生と話して、,But I should talk to Miss Shinomi more and,,
ID00166,00002025,60,　好感度を上げておくべきだよな。ちょっと,"raise our relationship, right? Just a little bit...",,
ID00166,00002070,60,　無理してでも、時間作ってくれるように）,I'll have to somehow make time for that.,,
ID00167,0000101a,48,（ん……なんだ、こんな時間に……,"Hmm... What's up, at this hour...",,
ID00167,00001059,27,　あ、心美先生！）,"Ah, Miss Shinmi!",,
ID00167,000013a1,18,「もしもし」,Hello.,,
ID00167,000013e1,56,「あ、@str_000君、ごめんね、夜分遅くに」,"Ah, @str_000, sorry to bother you so late.",,
ID00167,0000149b,48,「大丈夫ですけど、もしかして…」,"I'm fine, but maybe...",,
ID00167,000014f9,51,「そうなの。やっぱり教職員の会合が,That's right. It turns out the faculty meeting...,,
ID00167,0000153b,27,　入っちゃって…」,Had to cancel...,,
ID00167,00001584,48,「明日、行けなくなっちゃった…」,I won't be able to go tomorrow...,,
ID00167,000015e2,18,「そっか…」,"Oh, I see.",,
ID00167,00001651,54,「大丈夫ですけど、どうしたんです？」,What's up? I'm fine.,,
ID00167,000016b5,27,「それが…ねぇ…」,Well...you see...,,
ID00167,000016fe,48,「明日…行けなくなっちゃって…」,I can't make it tomorrow...,,
ID00167,0000175c,12,「え？」,What?,,
ID00167,00001796,54,「急に教職員の会合が入っちゃったの。,There's a sudden staff meeting.,,
ID00167,000017db,18,　それで…」,So...,,
ID00167,0000181b,18,「そっか…」,"Oh, I see.",,
ID00167,0000188a,54,「大変ですね、休みの日に会合なんて。,"That's bad, having meetings on days off.",,
ID00167,000018cf,39,　俺のことは気にせずに…」,Don't worry about me though...,,
ID00167,00001924,30,「うん……ありがと」,Yeah... thanks.,,
ID00167,000019c4,59,「また、@str_000君の都合のいい時に誘って」,I'll invite you again when it's convenient for you.,,
ID00167,00001a5c,59,「また、@str_000君の都合のいい時に誘って」,I'll invite you again when it's convenient for you.,,
ID00167,00001af4,12,「はい」,Okay.,,
ID00167,00001b2e,48,「それじゃあね…おやすみなさい」,Goodnight then...,,
ID00167,00001b8c,27,「おやすみなさい」,good night,,
ID00167,00001c75,57,（まいったな、もっと心美先生と話して、,"Man, I should've talked to Miss Shinomi more,",,
ID00167,00001cbd,54,　好感度を上げておけば、無理してでも,"If I'd raised it, she might have.",,
ID00167,00001d02,57,　時間を作ってくれたかもしれないよな）,even if it meant stretching herself thin,,
ID00167,00001d69,36,（好感度を最大限上げて、,Raise our bond as high as possible.,,
ID00167,00001d9c,45,　レコセッションの後、誘おう）,And ask her out after the recital.,,
ID00168,000015aa,51,（ん……なんだ、こんな時間に……、,"Hmm... What's up, calling me at this hour...",,
ID00168,000015ec,27,　あ、心美先生…）,"Ah, Miss Shinomiya...）",,
ID00168,00001974,21,「もしもし？」,Hello?,,
ID00168,000019b7,50,「あ、@str_000君？　まだ起きてた？」,"Oh, @str_000? You're still awake?",,
ID00168,00001a17,51,「ちょうど寝ようとしてたとこです」,I was just about to go to bed.,,
ID00168,00001a78,48,「そっかぁ。ごめんね、夜遅くに」,"Oh, sorry for calling so late.",,
ID00168,00001ad6,27,「けど、ダメよぉ、,But no way...,,
ID00168,00001b00,42,　こんな時間まで起きてちゃ。,You can't stay up this late.,,
ID00168,00001b39,39,　ちゃんと睡眠取らないと」,You need your sleep.,,
ID00168,00001b8e,48,「そんな時間に電話してきたのは、,It was Teacher Shinomi who called at that time.,,
ID00168,00001bcd,33,　心美先生ですけど？」,"Was it, Sensei?",,
ID00168,00001c1c,42,「エヘヘ、そうなんだけどね」,"Hehe, yeah, that's right.",,
ID00168,00001c74,45,「それで、なにか用事ですか？」,"So, did you need something?",,
ID00168,00001ccf,12,「ん…」,Hmm...,,
ID00168,00001d09,30,「どうしたんです？」,What's up?,,
ID00168,00001d55,21,「ん～とね…」,Well...,,
ID00168,00001d98,48,「電話じゃなきゃ…話せないこと…,There's stuff I can't say over the phone...,,
ID00168,00001dd7,39,　話したいなって思って…」,I wanted to talk about them...,,
ID00168,00001e2c,12,「え…」,Huh...?,,
ID00168,000022f3,39,「私が……もし……もし……,If... if...,,
ID00168,00002329,65,　先生じゃなかったら、@str_000君はどうする？」,What'd @str_000 do if I wasn't @str_000's teacher?,,
ID00168,00002398,15,「えっ？」,Huh?,,
ID00168,00002429,63,「先生じゃなかったら……一緒に過ごしたり、,"If I weren't your teacher... Would we hang out,",,
ID00168,00002477,39,　プールへ行ったりした？」,go to the pool?,,
ID00168,000024fb,63,「先生じゃなかったら……一緒に過ごしたり、,"If I weren't your teacher... Would we hang out,",,
ID00168,00002549,39,　遊園地へ行ったりした？」,or go to an amusement park?,,
ID00168,000025cd,54,「それは……もちろん、行きましたよ」,"Of course, we did those things.",,
ID00168,00002631,18,「ホント？」,Really?,,
ID00168,00002671,57,「もちろん。心美先生と一緒にいると…、,"Of course. When I'm with Shinomi-sensei,",,
ID00168,000026b9,27,　楽しいですから」,it's fun.,,
ID00168,00002702,48,「フフッ、よかったぁ。…私もよ」,"Hehe, glad to hear that... I feel the same.",,
ID00168,00002760,50,「私も…@str_000君といると…楽しい」,I also... when I'm with @str_000-kun... it's fun.,,
ID00168,000027c0,57,「出会えて……よかったなぁって…思う」,Thinking about how lucky I am... to have met you...,,
ID00168,00002827,21,「俺もですよ」,I feel the same way.,,
ID00168,0000286a,12,「え？」,What?,,
ID00168,000028a4,60,「心美先生は…見た目は年下みたいだけど、,Shinomi-sensei is... she looks young but...,,
ID00168,000028ef,57,　すごくしっかりしてて、一生懸命で…。,she's really reliable and hardworking...,,
ID00168,00002937,57,　先生のクラスでよかったなぁって思う」,I'm glad I got into her class.,,
ID00168,0000299e,54,「そっかぁ…。そう言ってもらえると、,"Oh, that makes me happy too...",,
ID00168,000029e3,18,　うれしい」,It made me happy.,,
ID00168,00002a23,51,「年下みたいってのは余計だけどね」,"Don't need to say I'm younger, though.",,
ID00168,00002a84,18,「はははは」,Hahaha,,
ID00168,00002ac4,51,「学校があるから…出会えたのよね。,It's because of school... We met there.,,
ID00168,00002b06,45,　私が先生だから…出会えた…」,Because I was the teacher... We met...,,
ID00168,00002b61,51,「だから先生じゃなければってのは、,"So if I wasn't a teacher,",,
ID00168,00002ba3,27,　成立しないかぁ」,it wouldn't work out?,,
ID00168,00002bec,54,「…もし、心美先生が先生じゃなくて、,"...If Shinomi-sensei weren't a teacher,",,
ID00168,00002c31,39,　学校の…後輩だとして…」,Just a student in my class...,,
ID00168,00002c86,60,「後輩ってなによ！　せめて先輩でしょ！」,She should be senpai!,,
ID00168,00002cf0,48,「いや、先輩って感じしないんで。,"Nah, I don't get that senpai vibe.",,
ID00168,00002d2f,60,　真奈の同級生として知り合ったとして…」,Think of her as a classmate from middle school...,,
ID00168,00002d99,42,「しかも中等部！？　も～っ」,That's junior high!? Oh my~,,
ID00168,00002e45,51,「凜世の同級生の方がいいですか？」,You'd rather she was Rinze's classmate?,,
ID00168,00002ed5,51,「妃月の同級生の方がいいですか？」,You'd prefer Himeragi to be your classmate?,,
ID00168,00002f65,48,「…中等部でいい。初等部はなし」,Junior high's fine.,,
ID00168,00002fc3,57,「じゃあ、中等部の後輩だったとして…」,"So, if she was a junior high underclassman...",,
ID00168,0000302a,27,「だったとして？」,Think of her as...?,,
ID00168,00003073,39,「録りまくっただろうなぁ。,"You must've recorded a ton, huh.",,
ID00168,000030a9,60,　休み時間の度に、学校中、色んな場所で」,"Every break, all over school",,
ID00168,00003113,51,「もう…それじゃ今と一緒じゃない」,It's not like it is now...,,
ID00168,00003174,30,「そう、一緒ですよ。,"That's right, we're together.",,
ID00168,000031a1,60,　先生でも、先生じゃなくても変わらない。,"Whether you're my teacher or not, nothing changes.",,
ID00168,000031ec,54,　俺は…心美先生と一緒にいたと思う」,I think I was with Shinmi-sensei.,,
ID00168,00003250,23,「@str_000…君…」,Lord... @str_000...,,
ID00168,00003295,45,「そっか……一緒か……フフッ」,Oh... We're together... Hehe.,,
ID00168,000032f0,42,「いい学校よね、光海学園は」,"This is a great school, Mitsumi Academy.",,
ID00168,00003348,18,「もちろん」,Of course.,,
ID00168,00003388,51,「帰ってきてよかった、光海学園に」,I'm glad I came back to Mitsumi Academy.,,
ID00168,000033e9,42,「これからもがんばらなきゃ」,I've gotta keep working hard from now on.,,
ID00168,000036e0,39,「ありがとね、こんな時間に,Thanks for being here at this hour.,,
ID00168,00003716,30,　つき合ってくれて。,Thanks for going out with me.,,
ID00168,00003743,45,　なんだかスッキリしちゃった」,I feel so much better now.,,
ID00168,0000379e,24,「先生……俺…」,Teacher... Me...,,
ID00168,000037e4,12,「ん？」,Hm?,,
ID00168,0000381e,42,「いや…なんでもないです…」,No... It's nothing...,,
ID00168,00003876,54,「そう？　…それじゃ、また学校でね。,"Really? ...Then, see you at school then.",,
ID00168,000038bb,27,　おやすみなさい」,Good night.,,
ID00168,00003904,27,「おやすみなさい」,good night,,
ID00168,0000399b,51,（心美先生は……大人で…先生で…。,(She's...an adult...a teacher...,,
ID00168,000039dd,42,　俺と……なんて、ないよな）,would she?),,
ID00169,00003144,51,（あ…あそこにいるのは、心美先生）,(Oh... She's over there.),,
ID00169,000031a6,16, 声をかける, Talk to her,,
ID00169,000031d1,19, 声をかけない, Don't talk,,
ID00169,000031ff,19, 動画を見せる, Show the video,,
ID00169,00003254,51,「心美先生、ちょっといいですか？」,"Excuse me, Miss Shinmi?",,
ID00169,00003492,23,「あ、@str_000君。,@str_000-kun...,,
ID00169,000034b8,45,　このところ話してないみたい」,I haven't talked to her in a while.,,
ID00169,0000369c,30,「え…そうですか？」,Huh? Really?,,
ID00169,0000382f,63,「そうね、ホームルームで会ってはいるけど」,"Right, I've seen her in homeroom though.",,
ID00169,000039d7,21,「…そうかも」,...Maybe.,,
ID00169,00003b61,33,「それで、なにか用？」,"So, what's up?",,
ID00169,00003ea4,44,「あ、@str_000君。どうかした？」,"Oh, @str_000-kun. Is something up?",,
ID00169,0000409b,63,「時間があれば、ちょっと話せないかなって」,"If there's time, maybe we could talk a bit?",,
ID00169,000042a3,45,「いいわよぉ、どんな話する？」,"Sure, what do you want to talk about?",,
ID00169,000045ae,51,「あ、もう行かなきゃならないから。,"Oh, I have to go now.",,
ID00169,000045f0,21,　ごめんねぇ」,Sorry.,,
ID00169,000048c2,18,「そっか…」,"Oh, I see.",,
ID00169,00004a65,24,「それじゃね～」,See ya~,,
ID00169,00004ad7,60,（心美先生と話すのは、また今度でいいか）,Maybe I'll talk to Shimemi-sensei another time.,,
ID00169,00004d2c,38,「あ、@str_000君。なぁに？」,Hey @str_000-kun. What's up?,,
ID00169,00004eed,30,「俺の動画、ちょっと,Watch my video for a sec,,
ID00169,00004f1a,39,　見てもらえないかなって」,Wanna check it out?,,
ID00169,000050b6,48,「あ、いいわね。見せて見せて～」,"Oh, sure! Show me~",,
ID00169,000053b7,51,（あ…あそこにいるのは、心美先生）,(Oh... She's over there.),,
ID00169,00005419,16, 声をかける, Talk to her,,
ID00169,00005444,19, 声をかけない, Don't talk,,
ID00169,00005472,19, 動画を見せる, Show the video,,
ID00169,000054c7,51,「心美先生、ちょっといいですか？」,"Excuse me, Miss Shinmi?",,
ID00169,00005705,44,「あ…@str_000君…。このところ、,Ah...@str_000-kun...,,
ID00169,00005740,48,　話してなかった気がするけど？」,"Haven't had a chance to chat lately, huh?",,
ID00169,00005a62,30,「え…そうですか？」,Huh? Really?,,
ID00169,00005bf5,63,「そうね、ホームルームで会ってはいるけど」,"Right, I've seen her in homeroom though.",,
ID00169,00005d9d,21,「…そうかも」,...Maybe.,,
ID00169,00005f27,33,「それで、なにか用？」,"So, what's up?",,
ID00169,00006255,44,「あ…@str_000君、どうしたの？」,"Ah... @str_000-kun, what's up?",,
ID00169,00006437,63,「時間があれば、ちょっと話せないかなって」,"If there's time, maybe we could talk a bit?",,
ID00169,000065fd,21,「え？　今？」,Huh? Now?,,
ID00169,00006916,27,「い、いいけど？」,I-it's fine though?,,
ID00169,00006ad4,27,「それは無理よぉ。,That's impossible.,,
ID00169,00006afe,45,　もう着替えなきゃならないし」,I have to change clothes soon.,,
ID00169,00006c94,18,「そっか…」,"Oh, I see.",,
ID00169,00006e49,27,「それじゃあね～」,See ya~,,
ID00169,00006ebe,60,（心美先生と話すのは、また今度でいいか）,Maybe I'll talk to Shimemi-sensei another time.,,
ID00169,00006f8a,51,「心美先生、ちょっといいですか？」,"Excuse me, Miss Shinmi?",,
ID00169,00007174,38,「あ、@str_000君。なぁに？」,Hey @str_000-kun. What's up?,,
ID00169,00007335,30,「俺の動画、ちょっと,Watch my video for a sec,,
ID00169,00007362,39,　見てもらえないかなって」,Wanna check it out?,,
ID00169,00007510,39,「え？　今？　そ、そうね。,Huh? Now? Y-yeah.,,
ID00169,00007546,45,　じゃあ、見せてもらおっかな」,"Well then, I'll take a look.",,
ID00170,000031a9,51,（あ…あそこにいるのは、心美先生）,(Oh... She's over there.),,
ID00170,0000320b,16, 声をかける, Talk to her,,
ID00170,00003236,19, 声をかけない, Don't talk,,
ID00170,00003264,19, 動画を見せる, Show the video,,
ID00170,000032b9,51,「心美先生、ちょっといいですか？」,"Excuse me, Miss Shinmi?",,
ID00170,000034f7,23,「あ、@str_000君。,@str_000-kun...,,
ID00170,0000351d,48,　もう…このところ話してない気が,I haven't talked to you in a while...,,
ID00170,0000355c,24,　するけどぉ？」,Have I?,,
ID00170,00003866,30,「そ、そうですか？」,R-Really?,,
ID00170,000039f9,51,「そうよぉ。クラスで見かけるけど、,"Yeah, I see you in class all the time,",,
ID00170,00003a3b,27,　全然話してない」,but we never talk.,,
ID00170,00003d13,21,「…そうかも」,...Maybe.,,
ID00170,00003e9d,33,「それで、なにか用？」,"So, what's up?",,
ID00170,000041cb,38,「あ、@str_000君。なぁに？」,Hey @str_000-kun. What's up?,,
ID00170,000043a7,63,「時間があるなら、ちょっと話しませんか？」,"If you've got some time, wanna chat?",,
ID00170,00004596,48,「フフッ、いいわよ。なに話す？」,"Hehe, sure. What do you want to talk about?",,
ID00170,000049f8,27,「あ、ごめんねぇ、,"Oh, sorry.",,
ID00170,00004a22,45,　もう行かなきゃならないから」,gotta go now.,,
ID00170,00004d28,18,「そっか…」,"Oh, I see.",,
ID00170,00004ecb,27,「それじゃあね～」,See ya~,,
ID00170,00004f40,60,（心美先生と話すのは、また今度でいいか）,Maybe I'll talk to Shimemi-sensei another time.,,
ID00170,0000500c,51,「心美先生、ちょっといいですか？」,"Excuse me, Miss Shinmi?",,
ID00170,000051f6,38,「あ、@str_000君。なぁに？」,Hey @str_000-kun. What's up?,,
ID00170,000053b7,57,「ちょっと俺の動画を見ないかなぁって」,Just thought maybe you'd wanna watch my vid.,,
ID00170,00005565,48,「あ、いいわね。見たい見たぁい」,"Oh, sure! I want to see it!",,
ID00170,00005866,51,（あ…あそこにいるのは、心美先生）,(Oh... She's over there.),,
ID00170,000058c8,16, 声をかける, Talk to her,,
ID00170,000058f3,19, 声をかけない, Don't talk,,
ID00170,00005921,19, 動画を見せる, Show the video,,
ID00170,00005976,51,「心美先生、ちょっといいですか？」,"Excuse me, Miss Shinmi?",,
ID00170,00005b79,23,「あ、@str_000君」,"Ah, @str_000-kun.",,
ID00170,00005d59,63,「もう…このところ、話してなかったわよぉ」,I haven't talked to you in a while...,,
ID00170,00005f01,30,「そ、そうですか？」,R-Really?,,
ID00170,00006094,57,「そうよぉ。クラスで会ってはいるけど」,"That's right, we see each other at school.",,
ID00170,00006236,21,「…そうかも」,...Maybe.,,
ID00170,000063c0,33,「それで、なにか用？」,"So, what's up?",,
ID00170,000066c8,48,「どうしたの？　こんなところで」,What are you doing here?,,
ID00170,0000687c,24,「時間があれば、,"If we have time,",,
ID00170,000068a3,45,　ちょっと話せないかなって？」,maybe we could chat?,,
ID00170,00006a57,21,「え？　今？」,Huh? Now?,,
ID00170,00006d70,39,「そ、そうね、いいけど？」,"S-Sure, I guess.",,
ID00170,000071b0,24,「あ、ごめんね。,"Oh, sorry.",,
ID00170,000071d7,48,　もう着替えなきゃならないから」,I have to change clothes soon.,,
ID00170,000074e0,21,「そ、そっか」,R-Really?,,
ID00170,00007651,39,「フフッ、それじゃあね～」,"Hehe, see you then~",,
ID00170,00007826,60,（心美先生と話すのは、また今度でいいか）,Maybe I'll talk to Shimemi-sensei another time.,,
ID00170,000078f2,51,「心美先生、ちょっといいですか？」,"Excuse me, Miss Shinmi?",,
ID00170,00007adc,38,「あ、@str_000君。なぁに？」,Hey @str_000-kun. What's up?,,
ID00170,00007c9d,30,「俺の動画、ちょっと,Watch my video for a sec,,
ID00170,00007cca,39,　見てもらえないかなって」,Wanna check it out?,,
ID00170,00007e66,42,「え？　今？　ん～、そうね。,"Huh? Now? Hmm, okay.",,
ID00170,00007e9f,33,　見せてもらおっかな」,Maybe I'll check it out.,,
ID00171,00003149,54,（あっ、あそこにいるのは、心美先生）,"(Oh, there's Shinmi-sensei over there.)",,
ID00171,000031ae,16, 声をかける, Talk to her,,
ID00171,000031d9,19, 声をかけない, Don't talk,,
ID00171,00003207,19, 動画を見せる, Show the video,,
ID00171,0000325c,48,「心美先生、なにしてるんです？」,"Shinmi-sensei, what are you doing?",,
ID00171,00003493,23,「あ、@str_000君」,"Ah, @str_000-kun.",,
ID00171,0000368f,33,「もう！　このところ、,Geez! We haven't talked in ages.,,
ID00171,000036bf,39,　ちっとも話してないわよ。,I've been so lonely!,,
ID00171,000036f5,30,　寂しいじゃないぃ」,S-Sorry...,,
ID00171,000039b7,36,「そ、そうでしたっけ？」,That's right.,,
ID00171,00003b50,18,「そうよぉ。,Yeah.,,
ID00171,00003b71,54,　クラスで見かけるだけなんだからぁ」,All I see is her at school.,,
ID00171,00003d10,21,「…そうかも」,...Maybe.,,
ID00171,00003d6e,48,「時間あるなら、話しませんか？」,Got some time? Wanna chat?,,
ID00171,00003f67,33,「いいわよ、もちろん」,"Sure thing, of course.",,
ID00171,00004266,24,「あ…ごめんね、,S-Sorry...,,
ID00171,0000428d,45,　もう行かなきゃならないから」,gotta go now.,,
ID00171,00004577,18,「そっか…」,"Oh, I see.",,
ID00171,000046fe,45,「また声かけて。それじゃあね」,"Catch up later, okay?",,
ID00171,000048c0,60,（心美先生と話すのは、また今度でいいか）,Maybe I'll talk to Shimemi-sensei another time.,,
ID00171,0000498c,48,「心美先生、なにしてるんです？」,"Shinmi-sensei, what are you doing?",,
ID00171,00004b73,44,「あ、@str_000君。特になにも？」,"Oh, @str_000-kun. Anything in particular?",,
ID00171,00004d3a,63,「じゃあ、俺の動画、ちょっと見ませんか？」,"Then, wanna check out my video?",,
ID00171,00004eee,60,「あ、いいわね、見たい見たい。見せてぇ」,"Ooh, sure! I want to see it!",,
ID00171,000053ae,54,（あっ、あそこにいるのは、心美先生）,"(Oh, there's Shinmi-sensei over there.)",,
ID00171,00005413,16, 声をかける, Talk to her,,
ID00171,0000543e,19, 声をかけない, Don't talk,,
ID00171,0000546c,19, 動画を見せる, Show the video,,
ID00171,000054c1,51,「心美先生、ちょっといいですか？」,"Excuse me, Miss Shinmi?",,
ID00171,000056c4,23,「あ…@str_000君」,A...@str_000-kun,,
ID00171,000058c0,30,「もう…このところ、,"Ugh... lately,",,
ID00171,000058ed,48,　ちっとも話してないんだからぁ。,"I haven't talked to you at all lately, y'know.",,
ID00171,0000592c,30,　寂しいじゃないぃ」,S-Sorry...,,
ID00171,00005bee,36,「そ、そうでしたっけ？」,That's right.,,
ID00171,00005d87,18,「そうよぉ。,Yeah.,,
ID00171,00005da8,54,　クラスで見かけるだけなんだからぁ」,All I see is her at school.,,
ID00171,00005f47,21,「…そうかも」,...Maybe.,,
ID00171,00005fa5,60,「時間あるなら、ちょっと話しませんか？」,"Hey, if you've got time, wanna chat a bit?",,
ID00171,00006191,42,「フフッ、そうね、いいわよ」,"Heehee, sure thing!",,
ID00171,00006622,27,「あ……ごめんね、,Oh... sorry about that.,,
ID00171,0000664c,48,　もう着替えなきゃならないから」,I have to change clothes soon.,,
ID00171,00006955,24,「そ、そっか…」,"S-so, really...",,
ID00171,00006ae2,48,「また声かけて。それじゃあね～」,Call me again sometime. Bye~,,
ID00171,00006cdc,60,（心美先生と話すのは、また今度でいいか）,Maybe I'll talk to Shimemi-sensei another time.,,
ID00171,00006da8,51,「心美先生、ちょっといいですか？」,"Excuse me, Miss Shinmi?",,
ID00171,00006f92,38,「あ、@str_000君。なぁに？」,Hey @str_000-kun. What's up?,,
ID00171,00007153,30,「俺の動画、ちょっと,Watch my video for a sec,,
ID00171,00007180,39,　見てもらえないかなって」,Wanna check it out?,,
ID00171,00007303,42,「あ…今？　フフッ、そうね。,"Huh? Oh yeah, heehee.",,
ID00171,0000733c,42,　見せてもらっちゃおっかな」,I guess I'll have to see it then.,,
ID00172,000031ec,23,「あ、@str_000君」,"Ah, @str_000-kun.",,
ID00172,00003231,18,「心美先生」,Miss Shinomiya,,
ID00172,00003441,60,「なんだか、このところ話してないみたい」,I feel like we haven't talked in a while.,,
ID00172,000035e6,30,「え…そうですか？」,Huh? Really?,,
ID00172,000037bc,63,「うん、ホームルームで会ってはいるけど…」,"Yeah, I've seen you at homeroom... but",,
ID00172,00003aab,54,「せっかくだし、ちょっと話さない？」,"Since we're here, why don't we chat for a bit?",,
ID00172,00003dac,54,「なにしてるの？　暇なら話さない？」,"What are you doing? If you're free, let's talk.",,
ID00172,00003f67,22, いいですけど？," Sure, but?",,
ID00172,00003f98,25, 今はダメなんです, Not right now,,
ID00172,00003fcc,19, 動画を見せる, Show the video,,
ID00172,0000400b,27,「いいですけど？」,"Sure, what's up?",,
ID00172,0000419b,39,「じゃあ、なに話そっか？」,So what should we talk about then?,,
ID00172,0000433e,48,「すみません、今はダメなんです」,"Sorry, not now.",,
ID00172,00004510,51,「そっかぁ、残念。それじゃあね～」,"Oh well, too bad. See ya~",,
ID00172,00004887,36,「話すのもいいですけど、,"Talking's fine too, but",,
ID00172,000048ba,48,　俺の動画、見てくれませんか？」,Want to watch my video?,,
ID00172,00004a5f,48,「あ、いいわね、見せてくれるの？,"Oh, that's nice of you to show me.",,
ID00172,00004a9e,39,　どんなの、どんなの～？」,What is it? What is it~?,,
ID00173,0000321c,23,「あ、@str_000君」,"Ah, @str_000-kun.",,
ID00173,00003261,18,「心美先生」,Miss Shinomiya,,
ID00173,0000343c,60,「このところ、ぜんぜん話してないわよぉ」,I haven't talked to you in a while.,,
ID00173,000035e1,30,「そ、そうですか？」,R-Really?,,
ID00173,00003790,60,「そうよぉ、クラスで見かけはするけどね」,"Yeah, I see you around class though.",,
ID00173,00003935,21,「そうかも…」,Maybe...,,
ID00173,00003abf,54,「せっかくだし、ちょっと話さない？」,"Since we're here, why don't we chat for a bit?",,
ID00173,00003dc0,51,「今時間ある？　ちょっと話さない」,Do you have time? Let's chat for a bit.,,
ID00173,00003f78,16, いいですね, Sounds good,,
ID00173,00003fa3,25, 今はダメなんです, Not right now,,
ID00173,00003fd7,19, 動画を見せる, Show the video,,
ID00173,00004016,21,「いいですね」,Sounds good.,,
ID00173,00004187,48,「フフッ、じゃあ、なに話そっか」,"Hehe, so what should we talk about?",,
ID00173,00004487,48,「すみません、今はダメなんです」,"Sorry, not now.",,
ID00173,0000462c,51,「え～っ、そうなのぉ？　がっかり」,Eh?! Really? That's disappointing.,,
ID00173,00004b06,27,「それじゃあね…」,"Well then, bye...",,
ID00173,00004b60,36,「話すのもいいですけど、,"Talking's fine too, but",,
ID00173,00004b93,48,　俺の動画を見てくれませんか？」,Won't you watch my video?,,
ID00173,00004d38,48,「あ、いいわね。見たい見たぁい」,"Oh, sure! I want to see it!",,
ID00174,0000321c,47,「あ、@str_000君、なにしてるの？」,"Hey, @str_000, what are you doing?",,
ID00174,000033cd,24,「あ、心美先生」,"Hey, Miss Shinomi.",,
ID00174,000035ca,30,「もう、このところ、,We haven't talked in ages.,,
ID00174,000035f7,48,　ちっとも話してないんだからぁ」,Honestly.,,
ID00174,000038cb,30,「そ、そうですか？」,R-Really?,,
ID00174,00003a5e,57,「そうよぉ。クラスじゃ見かけるけどね」,"Yeah, I see you in class.",,
ID00174,00003c00,21,「…そうかも」,...Maybe.,,
ID00174,00003da5,54,「時間あるなら、ちょっと話さない？」,"If you've got time, wanna chat for a bit?",,
ID00174,00003f5e,16, いいですね, Sounds good,,
ID00174,00003f89,25, 今はダメなんです, Not right now,,
ID00174,00003fbd,19, 動画を見せる, Show the video,,
ID00174,00003ffc,21,「いいですね」,Sounds good.,,
ID00174,0000416d,51,「フフッ、じゃあ、なに話そっか？」,"Hehe, so what should we talk about?",,
ID00174,00004470,48,「すみません、今はダメなんです」,"Sorry, not now.",,
ID00174,00004615,33,「え～っ、そうなのぉ？,"Aw, really?",,
ID00174,00004645,36,　暇そうに見えるのにぃ」,You look free anyway.,,
ID00174,00004926,15,「はは…」,Heh...,,
ID00174,00004aaa,57,「じゃあ…また今度ね。それじゃあね…」,Well... let's do it another time. See ya...,,
ID00174,00004dcd,36,「話すのもいいですけど、,"Talking's fine too, but",,
ID00174,00004e00,48,　俺の動画を見てくれませんか？」,Won't you watch my video?,,
ID00174,00004fa5,48,「あ！　いいわね。見たい見たい。,Oh! That's great. I wanna see it.,,
ID00174,00004fe4,18,　見～せて」,Show me~,,
ID00175,0000108a,24,「あ、心美先生」,"Hey, Miss Shinomi.",,
ID00175,000012b8,41,「あ、@str_000君、おはよ～っ」,"Ah, @str_000-kun, good morning~",,
ID00175,000015aa,36,「それじゃ、教室でね～」,See you in class then~,,
ID00175,00001e06,24,「あ、心美先生」,"Hey, Miss Shinomi.",,
ID00175,0000204d,23,「あ、@str_000君」,"Ah, @str_000-kun.",,
ID00175,000022e9,33,「おはようございます」,Good morning.,,
ID00175,0000247f,60,「グッモーニン！　今朝もいいお天気ね～」,Good mooooorning! The weather's nice today too~,,
ID00175,0000276b,27,「それじゃあね～」,See ya~,,
ID00175,00002a71,24,「あ、心美先生」,"Hey, Miss Shinomi.",,
ID00175,00002cb8,23,「あ、@str_000君」,"Ah, @str_000-kun.",,
ID00175,0000309b,30,「グッモーーニン！」,Gooood morning!,,
ID00175,000030e7,33,「おはようございます」,Good morning.,,
ID00175,0000327d,33,「ハウ　アー　ユー？」,How are you?,,
ID00175,000032cc,33,「…ちょっと寝不足で」,...I'm a bit sleep deprived.,,
ID00175,00003449,45,「あ～っ、ダメよぉ夜更かしは。,"Ahh, no staying up late.",,
ID00175,00003485,42,　翌日に差し支えるんだから」,It'll affect you tomorrow.,,
ID00175,000038cf,27,「それじゃあね～」,See ya~,,
ID00175,00003dec,23,「あ…@str_000君」,A...@str_000-kun,,
ID00175,00003e31,18,「心美先生」,Miss Shinomiya,,
ID00175,00004257,24,「おふぁよ～～」,Go to sleep~~,,
ID00175,0000429d,36,「ずいぶん眠そうですね」,You look really tired.,,
ID00175,00004468,54,「昨日、遅くまで調べものしてたから」,I was studying late last night.,,
ID00175,000044cc,48,「夜更かしは体に良くないですよ」,Staying up late isn't good for your body.,,
ID00175,000046a3,30,「そうなんだけどぉ、,"That's right, but...",,
ID00175,000046d0,42,　授業は待ってくれないもん」,Classes don't wait for anyone.,,
ID00175,000049d6,27,「それじゃあね～」,See ya~,,
ID00175,00004f1e,36,「グッモーーニーーン！」,Goo-morning!,,
ID00175,000050ab,12,「え？」,What?,,
ID00175,0000522c,54,「あ、心美先生。おはようございます」,"Ah, Shinmi-sensei. Good morning.",,
ID00175,000053f3,30,「歩くの早いのねぇ。,"She walks pretty fast, huh?",,
ID00175,00005420,42,　なかなか追いつかないから、,"I can't catch up easily, so",,
ID00175,00005459,30,　走ってきちゃった」,I ended up running.,,
ID00175,0000571b,12,「え…」,Huh...?,,
ID00175,000058b8,39,「そこまで一緒に行こっか」,Let's go together from here.,,
ID00175,00005f2b,35,「お・は・よ、@str_000君」,"Goo-morning, @str_000-kun.",,
ID00175,00006201,54,「あ、心美先生、おはようございます」,"Oh, Shinmi-sensei, good morning.",,
ID00175,000063c8,45,「エヘヘ、ホームルームの前に、,"Hehe, before homeroom,",,
ID00175,00006404,36,　一足早く会っちゃった」,I ran into you early.,,
ID00175,0000682f,48,「今日はいいことあるかもよぉ～」,You might have a good day today~,,
ID00175,0000688d,15,「ははは」,Heh heh heh,,
ID00175,00006a11,39,「そこまで一緒に行こっか」,Let's go together from here.,,
ID00175,00006ba1,12,「はい」,Okay.,,
ID00176,000004b9,36,「心美先生、その…動画、,"Miss Shinmi, about that... video,",,
ID00176,000004ec,39,　録らせてくれませんか？」,Please?,,
ID00176,0000066f,24,「え？　私を？」,Huh? Me?,,
ID00176,0000096c,30,「…まぁ、いいけど。,"Well, it's fine.",,
ID00176,00000999,54,　部活には、協力しなきゃならないし」,I have to help the club anyway.,,
ID00176,00000b7f,36,「心美先生、その…動画、,"Miss Shinmi, about that... video,",,
ID00176,00000bb2,39,　録らせてくれませんか？」,Please?,,
ID00176,00000d35,33,「え？　今、ここで？」,Huh? Here and now?,,
ID00176,0000103b,30,「…まぁ、いいけど。,"Well, it's fine.",,
ID00176,00001068,57,　部活に協力するのは、先生の務めだし」,It's my duty as a teacher to help the club.,,
ID00176,00001537,60,「心美先生、動画…録ってもいいですか？」,"Miss Shinmi, can I record that... video?",,
ID00176,000016e8,57,「え？　…うん、いいわよ。録ってみて」,"Huh? Yeah, go ahead. Record it.",,
ID00176,00001b8a,60,「心美先生、動画…録ってもいいですか？」,"Miss Shinmi, can I record that... video?",,
ID00176,00001d22,21,「え？　今？」,Huh? Now?,,
ID00176,00002000,30,「まぁ…いいけど？」,Well... I guess it's okay.,,
ID00176,00002209,27,「心美先生、動画、,Can I record a vid?,,
ID00176,00002233,42,　録らせて欲しいんだけど…」,"Sure, go ahead and record it.",,
ID00176,000023d2,48,「あ、いいわよ。録って、録って」,"Ah, yeah, sure. Go ahead and record it.",,
ID00176,000025ce,27,「心美先生、動画、,Can I record a vid?,,
ID00176,000025f8,42,　録らせて欲しいんだけど…」,"Sure, go ahead and record it.",,
ID00176,0000277e,60,「今？　ん～、いいわよ。録って、録って」,"Now? Hmm, okay then. Go ahead and record it.",,
ID00177,000004f9,36,「心美先生、その…動画、,"Miss Shinmi, about that... video,",,
ID00177,0000052c,39,　録らせてくれませんか？」,Please?,,
ID00177,000006da,21,「え？　今？」,Huh? Now?,,
ID00177,0000099f,57,「い…いいけど…。部活に協力するのは、,I-I guess it is...,,
ID00177,000009e7,27,　先生の務めだし」,It's decided.,,
ID00177,00000e28,36,「心美先生、その…動画、,"Miss Shinmi, about that... video,",,
ID00177,00000e5b,39,　録らせてくれませんか？」,Please?,,
ID00177,00001009,33,「え？　今、ここで？」,Huh? Here and now?,,
ID00177,000013fc,42,「も、もう…仕方ないわねぇ。,There are students...,,
ID00177,00001435,54,　先生だし、部活に協力しなくちゃね」,"I'm a teacher, gotta help.",,
ID00177,00001b90,60,「心美先生、動画…録ってもいいですか？」,"Miss Shinmi, can I record that... video?",,
ID00177,00001d53,21,「え？　今？」,Huh? Now?,,
ID00177,00002045,45,「もう…恥ずかしいんだからね」,Ugh... It's really embarrassing...,,
ID00177,00002263,60,「心美先生、動画…録ってもいいですか？」,"Miss Shinmi, can I record that... video?",,
ID00177,00002426,18,「え？　今？,Huh? Now?,,
ID00177,00002447,51,　周りに生徒のみんながいるのに？」,What about everyone else around here?,,
ID00177,000028ab,39,「もう…仕方ないわねぇ…」,Ugh... There's no choice.,,
ID00177,00002b17,27,「心美先生、動画、,Can I record?,,
ID00177,00002b41,42,　録らせて欲しいんだけど…」,"Sure, go ahead and record it.",,
ID00177,00002cf2,12,「あ…」,...,,
ID00177,00002e5a,51,「う、うん、いいわよ。録ってみて」,"Y-Yeah, it's fine. Try recording.",,
ID00177,00003312,27,「心美先生、動画、,Can I record?,,
ID00177,0000333c,42,　録らせて欲しいんだけど…」,"Sure, go ahead and record it.",,
ID00177,000034ed,54,「あ…。もう…他の生徒がいるのに…」,Oh... Ugh... Everyone else is here...,,
ID00177,00003995,24,「い、いいわよ。,"I-it's fine,",,
ID00177,000039bc,48,　恥ずかしいけど、がんばるから」,"It's embarrassing, but I'll do my best.",,
ID00178,00000569,36,「心美先生、その…動画、,"Miss Shinmi, about that... video,",,
ID00178,0000059c,39,　録らせてくれませんか？」,Please?,,
ID00178,00000738,24,「え？　私を？」,Huh? Me?,,
ID00178,00000a00,21,「ゴメンねぇ、,"Sorry,",,
ID00178,00000a24,48,　もう行かなきゃならないのよぉ」,I really have to go now~,,
ID00178,00000d20,27,「それじゃあね～」,See ya~,,
ID00178,00000d98,36,「心美先生、その…動画、,"Miss Shinmi, about that... video,",,
ID00178,00000dcb,39,　録らせてくれませんか？」,Please?,,
ID00178,00000f67,18,「え？　今」,Huh? Now?,,
ID00178,00001256,27,「その…ゴメンね、,Um... Sorry.,,
ID00178,00001280,45,　もう行かなきゃならないから」,gotta go now.,,
ID00178,00001743,27,「それじゃあね～」,See ya~,,
ID00178,0000180f,60,「心美先生、動画…録ってもいいですか？」,"Miss Shinmi, can I record that... video?",,
ID00178,000019a7,24,「あ…ゴメンね、,Oh... Sorry.,,
ID00178,000019ce,48,　もう行かなきゃならないのよぉ」,I really have to go now~,,
ID00178,00001e1e,18,「またね～」,See ya~,,
ID00178,00001e8d,60,「心美先生、動画…録ってもいいですか？」,"Miss Shinmi, can I record that... video?",,
ID00178,00002025,33,「え？　あ…ゴメンね、,Huh? Oh... Sorry.,,
ID00178,00002055,45,　もう行かなきゃならないから」,gotta go now.,,
ID00178,00002612,18,「またね～」,See ya~,,
ID00178,000026d5,27,「心美先生、動画、,Can I record a vid?,,
ID00178,000026ff,42,　録らせて欲しいんだけど…」,"Sure, go ahead and record it.",,
ID00178,00002885,27,「あ、ゴメンねぇ。,"Ah, sorry,",,
ID00178,000028af,45,　もう行かなきゃならないから」,gotta go now.,,
ID00178,00002cfc,57,「また今度ゆっくりね。それじゃあね～」,See you next time. Bye~,,
ID00178,00002f02,27,「心美先生、動画、,Can I record a vid?,,
ID00178,00002f2c,42,　録らせて欲しいんだけど…」,"Sure, go ahead and record it.",,
ID00178,000030b2,36,「今？　ん～、ゴメンね。,"Right now? Hmm, sorry.",,
ID00178,000030e5,45,　もう行かなきゃならないから」,gotta go now.,,
ID00178,00003686,45,「動画は、また今度ゆっくりね。,We'll watch it another time.,,
ID00178,000036c2,27,　それじゃあね～」,See ya~,,
ID00179,00000569,36,「心美先生、その…動画、,"Miss Shinmi, about that... video,",,
ID00179,0000059c,39,　録らせてくれませんか？」,Please?,,
ID00179,0000074a,21,「え？　今？」,Huh? Now?,,
ID00179,000009f6,45,「きょ、協力してあげたいけど、,"Sorry, but I'd like to help...",,
ID00179,00000a32,33,　もう着替えなきゃ…」,I need to change first though...,,
ID00179,00000e73,27,「それじゃあね～」,See ya~,,
ID00179,00000eeb,36,「心美先生、その…動画、,"Miss Shinmi, about that... video,",,
ID00179,00000f1e,39,　録らせてくれませんか？」,Please?,,
ID00179,000010cc,21,「え？　今？」,Huh? Now?,,
ID00179,00001378,57,「む、無理よ。生徒のみんながいるし…」,No way. There are other students around...,,
ID00179,00001993,30,「そ、それじゃあね」,S-See you then...,,
ID00179,00001b9d,60,「心美先生、動画…録ってもいいですか？」,"Miss Shinmi, can I record that... video?",,
ID00179,00001d60,36,「え？　い、今は無理よ。,Huh? Not now.,,
ID00179,00001d93,39,　着替えなきゃならないし」,I need to get changed too.,,
ID00179,000021da,27,「それじゃあね～」,See ya~,,
ID00179,00002252,60,「心美先生、動画…録ってもいいですか？」,"Miss Shinmi, can I record that... video?",,
ID00179,00002415,36,「え？　い、今は無理よ。,Huh? Not now.,,
ID00179,00002448,45,　周りに生徒のみんながいるし、,Other students are around...,,
ID00179,00002484,39,　着替えなきゃならないし」,I need to get changed too.,,
ID00179,00002b5d,27,「それじゃあね～」,See ya~,,
ID00179,00002c29,27,「心美先生、動画、,Can I record?,,
ID00179,00002c53,42,　録らせて欲しいんだけど…」,"Sure, go ahead and record it.",,
ID00179,00002e04,33,「あ……ゴ、ゴメンね、,Ah... S-Sorry.,,
ID00179,00002e34,36,　協力してあげたいけど、,"I want to help, but...",,
ID00179,00002e67,48,　もう着替えなきゃならないから」,I have to change clothes soon.,,
ID00179,00003549,33,「それじゃ、またね～」,"Well then, see ya~",,
ID00179,00003702,27,「心美先生、動画、,Can I record?,,
ID00179,0000372c,42,　録らせて欲しいんだけど…」,"Sure, go ahead and record it.",,
ID00179,000038dd,33,「え？　今？　その…」,Wh-What? Now? Umm...,,
ID00179,00003d89,63,「ゴメンね、もう着替えなきゃならないから。,"I'm sorry, I have to change clothes now.",,
ID00179,00003dd7,33,　それじゃ、またね～」,"Well then, bye~",,
ID00180,000004fc,60,「あ、いっけない、用事があるんだった！」,"Oh, right! I have something important to do!",,
ID00180,000007dc,12,「え？」,What?,,
ID00180,0000095d,42,「ゴメンね。それじゃあね～」,Sorry about that. See ya~,,
ID00180,00000c7f,27,「あ、いっけない、,"Oh, right,",,
ID00180,00000ca9,45,　大切な用事があるんだった！」,I have something important to do!,,
ID00180,00000f7a,12,「え？」,What?,,
ID00180,000010fb,42,「ゴメンね。それじゃあね～」,Sorry about that. See ya~,,
ID00180,0000141d,27,「あ、いっけない！,Wait! I almost forgot!,,
ID00180,00001447,57,　すっごく大切な用事があるんだった！」,I've got something important.,,
ID00180,0000173d,12,「え？」,What?,,
ID00180,000018be,51,「ゴメンね、話の続きはまた今度ね。,"Sorry, let's continue this another time.",,
ID00180,00001900,27,　それじゃあね～」,See ya~,,
ID00180,000020fd,54,（イマイチ話が弾まなかったからな…）,(The conversation didn't quite flow well...),,
ID00181,000004b3,33,「あ、もう行かなきゃ。,"Oh, I gotta go now.",,
ID00181,000004e3,47,　@str_000君って、話すの上手ねぇ」,"You're really good at talking, @str_000.",,
ID00181,00000a6a,39,「すっごく楽しかったわよ。,I had so much fun.,,
ID00181,00000aa0,27,　それじゃあね～」,See ya~,,
ID00181,00000d9a,48,「あ、いけない、もう行かなきゃ」,"Oh no, I gotta go now.",,
ID00181,000011ce,54,「せっかく話が盛り上がってたのにぃ」,It was just getting fun.,,
ID00181,00001395,24,「それじゃあね」,See ya.,,
ID00181,00001551,47,「あ～ん、@str_000君と話してたら、,"Aw, we had fun talking.",,
ID00181,0000158f,57,　あっという間に時間が過ぎちゃったぁ」,The time flew by before I knew it...,,
ID00181,00001b0a,63,「もっと話してたいけど、もう行かなきゃ…。,I want to talk more but I gotta go now...,,
ID00181,00001b58,24,　それじゃあね」,See ya later.,,
ID00181,00002217,42,（バッチリ盛り上がったけど、,"Even though we had a blast,",,
ID00181,00002250,42,　心のＲＥＣを押して、動画を,Recording it in my head.,,
ID00181,00002289,57,　録らせてくれってお願いしないとなぁ）,"I guess I should ask if it's okay to record, huh?",,
ID00182,00000463,39,「あ、そろそろ行かなきゃ。,"Hey, I gotta go soon.",,
ID00182,00000499,27,　それじゃあね～」,See ya~,,
ID00182,00000900,54,「あ、いけない、そろそろ行かなきゃ。,"Oh, no good, I gotta go soon.",,
ID00182,00000945,27,　それじゃあね～」,See ya~,,
ID00182,00000dac,60,「あ、いけない、大事な用があるんだった！,"Oh, no good, I have something important to do!",,
ID00182,00000df7,42,　ゴメンね、それじゃあね～」,"Sorry about that, see you later~",,
ID00182,00001757,51,（イマイチ盛り上がらなかったな…）,"It didn't really get going, did it...",,
ID00183,000004b3,39,「あ、そろそろ行かなきゃ」,"Oh, I should probably get going.",,
ID00183,0000078a,51,「楽しかったわよ。それじゃあね～」,It was fun. See ya~,,
ID00183,00000ab5,54,「あ、いけない、そろそろ行かなきゃ」,"Oh, no, I should probably get going.",,
ID00183,00000ed6,51,「楽しかったわよ。それじゃあね～」,It was fun. See ya~,,
ID00183,00001201,63,「あ、いけない、大事な用があるんだった！」,"Oh, no, I've got something important to do!",,
ID00183,0000162b,42,「ゴメンね、もう行かなきゃ」,"Sorry, I really need to go now.",,
ID00183,000018ec,63,「とっても楽しかったわよ。それじゃあね～」,It was super fun. See ya~,,
ID00183,00001e97,45,（それなりに盛り上がったけど、,"It was pretty lively, but",,
ID00183,00001ed3,36,　動画を録らせてくれって,Can't ask her to film it.,,
ID00183,00001f06,45,　お願いするのは、無理だよな）,is there?,,
ID00184,000003a5,36,「心美先生、すみません。,"Miss Shinomi, sorry.",,
ID00184,000003d8,42,　用事があるの思い出して…」,I remembered I had something to do...,,
ID00184,0000055e,27,「えっ、そうなの？,"Oh, really?",,
ID00184,00000588,42,　せっかく楽しかったのに…」,It was so much fun...,,
ID00184,000009d2,24,「それじゃあね」,See ya.,,
ID00184,00000a2b,36,「心美先生、すみません。,"Miss Shinomi, sorry.",,
ID00184,00000a5e,42,　用事があるの思い出して…」,I remembered I had something to do...,,
ID00184,00000bfd,27,「えっ、そうなの？,"Oh, really?",,
ID00184,00000c27,54,　すっごく楽しかったのに、ひどぉい」,"It was super fun, but you're so mean",,
ID00184,0000119c,42,「けど…用事なら仕方ないね。,But... if you must.,,
ID00184,000011d5,24,　それじゃあね」,See ya later.,,
ID00184,000014d9,36,「心美先生、すみません。,"Miss Shinomi, sorry.",,
ID00184,0000150c,42,　用事があるの思い出して…」,I remembered I had something to do...,,
ID00184,000016ab,27,「えっ、そうなの？,"Oh, really?",,
ID00184,000016d5,60,　ひどぉい、すっごく楽しかったのにぃ…」,You're so mean! It was super fun though...,,
ID00184,00001c50,36,「また、２人で話してよ？,Can we talk again sometime?,,
ID00184,00001c83,27,　それじゃあね…」,Well then...,,
ID00185,00000385,36,「心美先生、すみません。,"Miss Shinomi, sorry.",,
ID00185,000003b8,42,　用事があるの思い出して…」,I remembered I had something to do...,,
ID00185,0000053e,54,「あ、そうなんだ。じゃあ、またね～」,"Oh, I see. See you later~",,
ID00185,000009b4,36,「心美先生、すみません。,"Miss Shinomi, sorry.",,
ID00185,000009e7,42,　用事があるの思い出して…」,I remembered I had something to do...,,
ID00185,00000b86,54,「え？　そうなの？　仕方ないわねぇ」,Huh? Really? Oh well.,,
ID00185,00000ff8,27,「それじゃあね～」,See ya~,,
ID00185,00001054,36,「心美先生、すみません。,"Miss Shinomi, sorry.",,
ID00185,00001087,42,　用事があるの思い出して…」,I remembered I had something to do...,,
ID00185,00001226,42,「え？　そうなの？　もう…」,Huh? Really? Ugh...,,
ID00185,000016f7,24,「それじゃあね」,See ya.,,
ID00186,000003a5,36,「心美先生、すみません。,"Miss Shinomi, sorry.",,
ID00186,000003d8,42,　用事があるの思い出して…」,I remembered I had something to do...,,
ID00186,0000055e,45,「そうなの？　仕方ないわねぇ」,Really? Guess there's nothing to do about it.,,
ID00186,00000870,24,「それじゃあね」,See ya.,,
ID00186,000008c9,36,「心美先生、すみません。,"Miss Shinomi, sorry.",,
ID00186,000008fc,42,　用事があるの思い出して…」,I remembered I had something to do...,,
ID00186,00000a9b,27,「え？　そうなの？,Huh? Really?,,
ID00186,00000ac5,48,　せっかく盛り上がってたのに…」,"Aw, we were just getting into it...",,
ID00186,00000f31,24,「それじゃあね」,See ya.,,
ID00186,00000f8a,36,「心美先生、すみません。,"Miss Shinomi, sorry.",,
ID00186,00000fbd,42,　用事があるの思い出して…」,I remembered I had something to do...,,
ID00186,00001143,27,「え？　そうなの？,Huh? Really?,,
ID00186,0000116d,45,　せっかく楽しかったのにぃ…」,"Aw, we were having so much fun...",,
ID00186,00001711,27,「それじゃあね…」,"Well then, bye...",,
ID00187,00000530,27,「あうぅ……もう！,Auu... Fine!,,
ID00187,0000055a,54,　恥ずかしいことばっかり言ってぇ…」,Saying embarrassing stuff...,,
ID00187,00000a0a,57,「先生をからかうもんじゃありませんよ！,You're not supposed to tease teachers!,,
ID00187,00000a52,27,　それじゃあね！」,See ya!,,
ID00187,00000edf,51,「はうぅ……恥ずかしいことばっかり,Auu... Just embarrassing things,,
ID00187,00000f21,21,　言ってぇ…」,Saying stuff like,,
ID00187,00001394,51,「もう知らない！　それじゃあね！」,I don't care anymore! See ya!,,
ID00187,00001781,24,「はうぅあぅ……,Auuah...,,
ID00187,000017a8,48,　こんなに恥ずかしがらせてぇ…」,Making you act so embarrassed...,,
ID00187,00001d9e,56,「@str_000君のバカァ！　それじゃあね！」,You idiot @str_000! See ya!,,
ID00187,0000230c,39,（ちょっと恥ずかしい話や、,"That's kind of embarrassing, huh,",,
ID00187,00002342,33,　行動をしすぎたか…）,Did I go too far?,,
ID00188,00001e5e,60,「ふわぁ～、すっごくきれいに映ってるぅ」,"Wow, it looks super pretty~",,
ID00188,00002166,56,「さすが@str_000君ね！　感心しちゃった」,I knew you could do it @str_000!,,
ID00188,0000253a,54,「また協力するからいつでも言ってね。,Let me know if you need help again.,,
ID00188,0000257f,27,　それじゃあね～」,See ya~,,
ID00188,000029f8,57,「うんうん、いい動画ね。やるじゃない」,"Yeah, this is a great video. You're amazing.",,
ID00188,00002f21,57,「先生、応援しちゃう。それじゃあね～」,Good luck! I'll be rooting for you~,,
ID00188,000033aa,63,「ふうん、なかなかいい動画なんじゃない？」,"Hmm, not bad at all, huh?",,
ID00188,00003785,60,「部活、がんばってるね。それじゃあね～」,You're doing great! Good luck~,,
ID00188,00003ad6,51,「ん～、先生、よくわかんないけど、,"Hm~, I don't quite get it, but",,
ID00188,00003b18,36,　もう一つ…なのかなぁ」,Maybe there's one more...,,
ID00188,000041ee,36,「まだまだがんばれるよ。,You still have plenty left in you.,,
ID00188,00004221,36,　ドゥ　ユア　ベスト！」,Do your best!,,
ID00188,00004751,27,「それじゃあね～」,See ya~,,
ID00188,0000491f,57,「うんうん、すっごくきれいに録れてる」,"Yep yep, it's recorded super clearly.",,
ID00188,00004d78,60,「こんなにモデルの魅力を引き出すなんて、,You really know how to bring out a model's charm.,,
ID00188,00004dc3,15,　やるぅ」,Nice work!,,
ID00188,000051f2,50,「隅に置けないわねぇ、@str_000君も」,"@str_000, you can't be ignored either.",,
ID00188,000055dc,27,「それじゃあね～」,See ya~,,
ID00188,00005767,36,「あ、いい動画じゃない。,"Ah, this is a great video.",,
ID00188,0000579a,45,　モデルの魅力が伝わってくる」,You can really feel the model's charm.,,
ID00188,00005d06,39,「やるわねぇ、このこのぉ」,"You sure are doing well, aren't you?",,
ID00188,000060e5,27,「それじゃあね～」,See ya~,,
ID00188,000062a5,51,「ふうん、なかなかいいんじゃない？,"Hmm, not bad at all.",,
ID00188,000062e7,36,　部活、がんばってるね」,You work hard.,,
ID00188,00006817,24,「それじゃあね」,See ya.,,
ID00188,000069b8,57,「ん～、イマイチ…なんじゃないかなぁ。,Mmm... it's just a bit lacking...,,
ID00188,00006a00,27,　モデルの魅力が…,The model's charm is...,,
ID00188,00006a2a,57,　もう一つ伝わってこないというか…？」,"Or rather, there's still one thing missing...",,
ID00188,0000733c,45,「がんばって！　それじゃあね」,Good luck! See ya!,,
ID00188,00007674,60,「はうぅ……きれいに録れてると思うけど…,Hauu... I think it came out pretty well...,,
ID00188,000076bf,27,　恥ずかしくて…」,It's embarrassing...,,
ID00188,00007e40,33,「そ、それじゃあね！」,"W-well then, bye!",,
ID00188,00008137,48,「うぅ……いい動画だと思うけど、,"Uuu... It's a good video, but...",,
ID00188,00008176,27,　恥ずかしくて…」,It's embarrassing...,,
ID00188,0000885f,33,「そ、それじゃあね！」,"W-well then, bye!",,
ID00188,00008b56,54,「もう……悪くない動画だと思うけど、,"I can't believe it... It's not bad, but...",,
ID00188,00008b9b,42,　どことなく恥ずかしくて…」,"...for some reason, I feel embarrassed...",,
ID00188,00009228,27,「それじゃあね！」,See you later!,,
ID00188,000093c5,36,「むむ……イマイチだし、,"Hmm... It's still kinda meh,",,
ID00188,000093f8,42,　どことなく恥ずかしいし…」,It's kinda embarrassing too...,,
ID00188,00009963,45,「もっとがんばらなきゃダメよ。,You have to try harder.,,
ID00188,0000999f,24,　それじゃあね」,See ya later.,,
ID00188,00009de4,63,「はぐぐぅ…こんなエッチな動画録ってぇ…」,Ugh... recording such a perverted video...,,
ID00188,0000a2fa,57,「校長先生に言いつけちゃうんだからぁ！,I'll tell the principal on you!,,
ID00188,0000a342,27,　それじゃあね！」,See ya!,,
ID00188,0000a785,48,「はうぅ……こんな恥ずかしい動画,Ahh... such an embarrassing video...,,
ID00188,0000a7c4,21,　録ってぇ…」,Ugh...,,
ID00188,0000adb3,57,「大人をからかっちゃダメなんだからぁ！,You shouldn't tease adults like that!,,
ID00188,0000adfb,27,　それじゃあね！」,See ya!,,
ID00188,0000b23e,63,「あうぅ……ダメよぉ、恥ずかしい動画は…」,"Ahhh... No way, embarrassing videos are...",,
ID00188,0000b789,63,「校則違反なんだからね！　それじゃあね！」,That's breaking school rules! See you later!,,
ID00188,0000bab5,60,「うぅ……なんとなく…恥ずかしい動画…」,Ugh... It's just a bit embarrassing...,,
ID00188,0000bf23,60,「ダメよ、もっと健全な動画を録らなきゃ」,"No, we need to record healthier videos.",,
ID00188,0000c436,24,「それじゃあね」,See ya.,,
ID00188,0000c849,45,（ちょっと刺激が強すぎたか…）,Maybe that was too intense...,,
ID00188,0000c8b8,42,「“プリベアダック”の動画を,"""Private Duck"" video...",,
ID00188,0000c8f1,30,　録ったんだけど…」,I recorded it...,,
ID00188,0000cca4,24,「あ、かわいい。,"Aww, so cute.",,
ID00188,0000cccb,39,　フフッ、流行ってるから、,"Hehe, it’s popular now,",,
ID00188,0000cd01,33,　学校中にいるわよね」,It's everywhere in school.,,
ID00188,0000d3ee,54,「ふうん、こんなところにもいたんだ。,"Hmm, I didn't expect to find it here.",,
ID00188,0000d433,21,　かわいい～」,So cute~,,
ID00188,0000d882,60,「えっ、よくこんなところの見つけたわね。,"Wow, you found this place?",,
ID00188,0000d8cd,21,　すごぉ～い」,Amazing~,,
ID00188,0000dd1c,63,「うわぁ、こんな見つけにくそうなところのを,"Whoa, you actually managed to find a spot like this!",,
ID00188,0000dd6a,45,　録ったんだ！　すっごぉい！」,And recorded it! Amazing!,,
ID00188,0000e3f8,60,「また録ったら見せてね。それじゃあね～」,Show me the next time you record something. Bye~,,
ID00188,0000e884,57,「ん～、よくわかんない。それじゃあね」,"Hmm, I don't really get it. Bye~",,
ID00188,0000ec96,57,「すみません、やっぱり動画を見せるのは,"Sorry, no more videos.",,
ID00188,0000ecde,24,　今度にします」,Next time then.,,
ID00188,0000ee6b,30,「え？　どうして？」,Huh? Why not?,,
ID00188,0000eff2,51,「出来に納得がいかないというか…」,I'm not satisfied with how it turned out...,,
ID00188,0000f181,21,「そっかぁ…。,Oh... right.,,
ID00188,0000f1a5,63,　それだけ、真剣に取り組んでるってことね」,"So you're taking this seriously, huh?",,
ID00188,0000f5e8,54,「じゃあ、また今度、見せてくれるのを,"You'll show me next time, okay?",,
ID00188,0000f62d,48,　楽しみにしてる。それじゃあね」,I'm looking forward to it. See you then.,,
ID00189,00003144,51,（あ…あそこにいるのは、心美先生）,(Oh... She's over there.),,
ID00189,000031a6,16, 声をかける, Talk to her,,
ID00189,000031d1,19, 声をかけない, Don't talk,,
ID00189,000031ff,19, 動画を見せる, Show the video,,
ID00189,00003254,51,「心美先生、ちょっといいですか？」,"Excuse me, Miss Shinmi?",,
ID00189,00003492,23,「あ、@str_000君。,@str_000-kun...,,
ID00189,000034b8,45,　このところ話してないみたい」,I haven't talked to her in a while.,,
ID00189,0000369c,30,「え…そうですか？」,Huh? Really?,,
ID00189,0000382f,63,「そうね、ホームルームで会ってはいるけど」,"Right, I've seen her in homeroom though.",,
ID00189,000039d7,21,「…そうかも」,...Maybe.,,
ID00189,00003b61,33,「それで、なにか用？」,"So, what's up?",,
ID00189,00003ea4,44,「あ、@str_000君。どうかした？」,"Oh, @str_000-kun. Is something up?",,
ID00189,0000409b,63,「時間があれば、ちょっと話せないかなって」,"If there's time, maybe we could talk a bit?",,
ID00189,000042a3,45,「いいわよぉ、どんな話する？」,"Sure, what do you want to talk about?",,
ID00189,000045ae,51,「あ、もう行かなきゃならないから。,"Oh, I have to go now.",,
ID00189,000045f0,21,　ごめんねぇ」,Sorry.,,
ID00189,000048c2,18,「そっか…」,"Oh, I see.",,
ID00189,00004a65,24,「それじゃね～」,See ya~,,
ID00189,00004ad7,60,（心美先生と話すのは、また今度でいいか）,Maybe I'll talk to Shimemi-sensei another time.,,
ID00189,00004d2c,38,「あ、@str_000君。なぁに？」,Hey @str_000-kun. What's up?,,
ID00189,00004eed,30,「俺の動画、ちょっと,Watch my video for a sec,,
ID00189,00004f1a,39,　見てもらえないかなって」,Wanna check it out?,,
ID00189,000050b6,48,「あ、いいわね。見せて見せて～」,"Oh, sure! Show me~",,
ID00189,000053b7,51,（あ…あそこにいるのは、心美先生）,(Oh... She's over there.),,
ID00189,00005419,16, 声をかける, Talk to her,,
ID00189,00005444,19, 声をかけない, Don't talk,,
ID00189,00005472,19, 動画を見せる, Show the video,,
ID00189,000054c7,51,「心美先生、ちょっといいですか？」,"Excuse me, Miss Shinmi?",,
ID00189,00005705,44,「あ…@str_000君…。このところ、,Ah...@str_000-kun...,,
ID00189,00005740,48,　話してなかった気がするけど？」,"Haven't had a chance to chat lately, huh?",,
ID00189,00005a62,30,「え…そうですか？」,Huh? Really?,,
ID00189,00005bf5,63,「そうね、ホームルームで会ってはいるけど」,"Right, I've seen her in homeroom though.",,
ID00189,00005d9d,21,「…そうかも」,...Maybe.,,
ID00189,00005f27,33,「それで、なにか用？」,"So, what's up?",,
ID00189,00006255,44,「あ…@str_000君、どうしたの？」,"Ah... @str_000-kun, what's up?",,
ID00189,00006437,63,「時間があれば、ちょっと話せないかなって」,"If there's time, maybe we could talk a bit?",,
ID00189,000065fd,21,「え？　今？」,Huh? Now?,,
ID00189,00006916,27,「い、いいけど？」,I-it's fine though?,,
ID00189,00006ad4,27,「それは無理よぉ。,That's impossible.,,
ID00189,00006afe,45,　もう着替えなきゃならないし」,I have to change clothes soon.,,
ID00189,00006c94,18,「そっか…」,"Oh, I see.",,
ID00189,00006e49,27,「それじゃあね～」,See ya~,,
ID00189,00006ebe,60,（心美先生と話すのは、また今度でいいか）,Maybe I'll talk to Shimemi-sensei another time.,,
ID00189,00006f8a,51,「心美先生、ちょっといいですか？」,"Excuse me, Miss Shinmi?",,
ID00189,00007174,38,「あ、@str_000君。なぁに？」,Hey @str_000-kun. What's up?,,
ID00189,00007335,30,「俺の動画、ちょっと,Watch my video for a sec,,
ID00189,00007362,39,　見てもらえないかなって」,Wanna check it out?,,
ID00189,00007510,39,「え？　今？　そ、そうね。,Huh? Now? Y-yeah.,,
ID00189,00007546,45,　じゃあ、見せてもらおっかな」,"Well then, I'll take a look.",,
ID00190,000031a9,51,（あ…あそこにいるのは、心美先生）,(Oh... She's over there.),,
ID00190,0000320b,16, 声をかける, Talk to her,,
ID00190,00003236,19, 声をかけない, Don't talk,,
ID00190,00003264,19, 動画を見せる, Show the video,,
ID00190,000032b9,51,「心美先生、ちょっといいですか？」,"Excuse me, Miss Shinmi?",,
ID00190,000034f7,23,「あ、@str_000君。,@str_000-kun...,,
ID00190,0000351d,48,　もう…このところ話してない気が,I haven't talked to you in a while...,,
ID00190,0000355c,24,　するけどぉ？」,Have I?,,
ID00190,00003866,30,「そ、そうですか？」,R-Really?,,
ID00190,000039f9,51,「そうよぉ。クラスで見かけるけど、,"Yeah, I see you in class all the time,",,
ID00190,00003a3b,27,　全然話してない」,but we never talk.,,
ID00190,00003d13,21,「…そうかも」,...Maybe.,,
ID00190,00003e9d,33,「それで、なにか用？」,"So, what's up?",,
ID00190,000041cb,38,「あ、@str_000君。なぁに？」,Hey @str_000-kun. What's up?,,
ID00190,000043a7,63,「時間があるなら、ちょっと話しませんか？」,"If you've got some time, wanna chat?",,
ID00190,00004596,48,「フフッ、いいわよ。なに話す？」,"Hehe, sure. What do you want to talk about?",,
ID00190,000049f8,27,「あ、ごめんねぇ、,"Oh, sorry.",,
ID00190,00004a22,45,　もう行かなきゃならないから」,gotta go now.,,
ID00190,00004d28,18,「そっか…」,"Oh, I see.",,
ID00190,00004ecb,27,「それじゃあね～」,See ya~,,
ID00190,00004f40,60,（心美先生と話すのは、また今度でいいか）,Maybe I'll talk to Shimemi-sensei another time.,,
ID00190,0000500c,51,「心美先生、ちょっといいですか？」,"Excuse me, Miss Shinmi?",,
ID00190,000051f6,38,「あ、@str_000君。なぁに？」,Hey @str_000-kun. What's up?,,
ID00190,000053b7,57,「ちょっと俺の動画を見ないかなぁって」,Just thought maybe you'd wanna watch my vid.,,
ID00190,00005565,48,「あ、いいわね。見たい見たぁい」,"Oh, sure! I want to see it!",,
ID00190,00005866,51,（あ…あそこにいるのは、心美先生）,(Oh... She's over there.),,
ID00190,000058c8,16, 声をかける, Talk to her,,
ID00190,000058f3,19, 声をかけない, Don't talk,,
ID00190,00005921,19, 動画を見せる, Show the video,,
ID00190,00005976,51,「心美先生、ちょっといいですか？」,"Excuse me, Miss Shinmi?",,
ID00190,00005b79,23,「あ、@str_000君」,"Ah, @str_000-kun.",,
ID00190,00005d59,63,「もう…このところ、話してなかったわよぉ」,I haven't talked to you in a while...,,
ID00190,00005f01,30,「そ、そうですか？」,R-Really?,,
ID00190,00006094,57,「そうよぉ。クラスで会ってはいるけど」,"That's right, we see each other at school.",,
ID00190,00006236,21,「…そうかも」,...Maybe.,,
ID00190,000063c0,33,「それで、なにか用？」,"So, what's up?",,
ID00190,000066c8,48,「どうしたの？　こんなところで」,What are you doing here?,,
ID00190,0000687c,24,「時間があれば、,"If we have time,",,
ID00190,000068a3,45,　ちょっと話せないかなって？」,maybe we could chat?,,
ID00190,00006a57,21,「え？　今？」,Huh? Now?,,
ID00190,00006d70,39,「そ、そうね、いいけど？」,"S-Sure, I guess.",,
ID00190,000071b0,24,「あ、ごめんね。,"Oh, sorry.",,
ID00190,000071d7,48,　もう着替えなきゃならないから」,I have to change clothes soon.,,
ID00190,000074e0,21,「そ、そっか」,R-Really?,,
ID00190,00007651,39,「フフッ、それじゃあね～」,"Hehe, see you then~",,
ID00190,00007826,60,（心美先生と話すのは、また今度でいいか）,Maybe I'll talk to Shimemi-sensei another time.,,
ID00190,000078f2,51,「心美先生、ちょっといいですか？」,"Excuse me, Miss Shinmi?",,
ID00190,00007adc,38,「あ、@str_000君。なぁに？」,Hey @str_000-kun. What's up?,,
ID00190,00007c9d,30,「俺の動画、ちょっと,Watch my video for a sec,,
ID00190,00007cca,39,　見てもらえないかなって」,Wanna check it out?,,
ID00190,00007e66,42,「え？　今？　ん～、そうね。,"Huh? Now? Hmm, okay.",,
ID00190,00007e9f,33,　見せてもらおっかな」,Maybe I'll check it out.,,
ID00191,00003149,54,（あっ、あそこにいるのは、心美先生）,"(Oh, there's Shinmi-sensei over there.)",,
ID00191,000031ae,16, 声をかける, Talk to her,,
ID00191,000031d9,19, 声をかけない, Don't talk,,
ID00191,00003207,19, 動画を見せる, Show the video,,
ID00191,0000325c,48,「心美先生、なにしてるんです？」,"Shinmi-sensei, what are you doing?",,
ID00191,00003493,23,「あ、@str_000君」,"Ah, @str_000-kun.",,
ID00191,0000368f,33,「もう！　このところ、,Geez! We haven't talked in ages.,,
ID00191,000036bf,39,　ちっとも話してないわよ。,I've been so lonely!,,
ID00191,000036f5,30,　寂しいじゃないぃ」,S-Sorry...,,
ID00191,000039b7,36,「そ、そうでしたっけ？」,That's right.,,
ID00191,00003b50,18,「そうよぉ。,Yeah.,,
ID00191,00003b71,54,　クラスで見かけるだけなんだからぁ」,All I see is her at school.,,
ID00191,00003d10,21,「…そうかも」,...Maybe.,,
ID00191,00003d6e,48,「時間あるなら、話しませんか？」,Got some time? Wanna chat?,,
ID00191,00003f67,33,「いいわよ、もちろん」,"Sure thing, of course.",,
ID00191,00004266,24,「あ…ごめんね、,S-Sorry...,,
ID00191,0000428d,45,　もう行かなきゃならないから」,gotta go now.,,
ID00191,00004577,18,「そっか…」,"Oh, I see.",,
ID00191,000046fe,45,「また声かけて。それじゃあね」,"Catch up later, okay?",,
ID00191,000048c0,60,（心美先生と話すのは、また今度でいいか）,Maybe I'll talk to Shimemi-sensei another time.,,
ID00191,0000498c,48,「心美先生、なにしてるんです？」,"Shinmi-sensei, what are you doing?",,
ID00191,00004b73,44,「あ、@str_000君。特になにも？」,"Oh, @str_000-kun. Anything in particular?",,
ID00191,00004d3a,63,「じゃあ、俺の動画、ちょっと見ませんか？」,"Then, wanna check out my video?",,
ID00191,00004eee,60,「あ、いいわね、見たい見たい。見せてぇ」,"Ooh, sure! I want to see it!",,
ID00191,000053ae,54,（あっ、あそこにいるのは、心美先生）,"(Oh, there's Shinmi-sensei over there.)",,
ID00191,00005413,16, 声をかける, Talk to her,,
ID00191,0000543e,19, 声をかけない, Don't talk,,
ID00191,0000546c,19, 動画を見せる, Show the video,,
ID00191,000054c1,51,「心美先生、ちょっといいですか？」,"Excuse me, Miss Shinmi?",,
ID00191,000056c4,23,「あ…@str_000君」,A...@str_000-kun,,
ID00191,000058c0,30,「もう…このところ、,"Ugh... lately,",,
ID00191,000058ed,48,　ちっとも話してないんだからぁ。,"I haven't talked to you at all lately, y'know.",,
ID00191,0000592c,30,　寂しいじゃないぃ」,S-Sorry...,,
ID00191,00005bee,36,「そ、そうでしたっけ？」,That's right.,,
ID00191,00005d87,18,「そうよぉ。,Yeah.,,
ID00191,00005da8,54,　クラスで見かけるだけなんだからぁ」,All I see is her at school.,,
ID00191,00005f47,21,「…そうかも」,...Maybe.,,
ID00191,00005fa5,60,「時間あるなら、ちょっと話しませんか？」,"Hey, if you've got time, wanna chat a bit?",,
ID00191,00006191,42,「フフッ、そうね、いいわよ」,"Heehee, sure thing!",,
ID00191,00006622,27,「あ……ごめんね、,Oh... sorry about that.,,
ID00191,0000664c,48,　もう着替えなきゃならないから」,I have to change clothes soon.,,
ID00191,00006955,24,「そ、そっか…」,"S-so, really...",,
ID00191,00006ae2,48,「また声かけて。それじゃあね～」,Call me again sometime. Bye~,,
ID00191,00006cdc,60,（心美先生と話すのは、また今度でいいか）,Maybe I'll talk to Shimemi-sensei another time.,,
ID00191,00006da8,51,「心美先生、ちょっといいですか？」,"Excuse me, Miss Shinmi?",,
ID00191,00006f92,38,「あ、@str_000君。なぁに？」,Hey @str_000-kun. What's up?,,
ID00191,00007153,30,「俺の動画、ちょっと,Watch my video for a sec,,
ID00191,00007180,39,　見てもらえないかなって」,Wanna check it out?,,
ID00191,00007303,42,「あ…今？　フフッ、そうね。,"Huh? Oh yeah, heehee.",,
ID00191,0000733c,42,　見せてもらっちゃおっかな」,I guess I'll have to see it then.,,
ID00192,000031ec,23,「あ、@str_000君」,"Ah, @str_000-kun.",,
ID00192,00003231,18,「心美先生」,Miss Shinomiya,,
ID00192,00003441,60,「なんだか、このところ話してないみたい」,I feel like we haven't talked in a while.,,
ID00192,000035e6,30,「え…そうですか？」,Huh? Really?,,
ID00192,000037bc,63,「うん、ホームルームで会ってはいるけど…」,"Yeah, I've seen you at homeroom... but",,
ID00192,00003aab,54,「せっかくだし、ちょっと話さない？」,"Since we're here, why don't we chat for a bit?",,
ID00192,00003dac,54,「なにしてるの？　暇なら話さない？」,"What are you doing? If you're free, let's talk.",,
ID00192,00003f67,22, いいですけど？," Sure, but?",,
ID00192,00003f98,25, 今はダメなんです, Not right now,,
ID00192,00003fcc,19, 動画を見せる, Show the video,,
ID00192,0000400b,27,「いいですけど？」,"Sure, what's up?",,
ID00192,0000419b,39,「じゃあ、なに話そっか？」,So what should we talk about then?,,
ID00192,0000433e,48,「すみません、今はダメなんです」,"Sorry, not now.",,
ID00192,00004510,51,「そっかぁ、残念。それじゃあね～」,"Oh well, too bad. See ya~",,
ID00192,00004887,36,「話すのもいいですけど、,"Talking's fine too, but",,
ID00192,000048ba,48,　俺の動画、見てくれませんか？」,Want to watch my video?,,
ID00192,00004a5f,48,「あ、いいわね、見せてくれるの？,"Oh, that's nice of you to show me.",,
ID00192,00004a9e,39,　どんなの、どんなの～？」,What is it? What is it~?,,
ID00193,0000321c,23,「あ、@str_000君」,"Ah, @str_000-kun.",,
ID00193,00003261,18,「心美先生」,Miss Shinomiya,,
ID00193,0000343c,60,「このところ、ぜんぜん話してないわよぉ」,I haven't talked to you in a while.,,
ID00193,000035e1,30,「そ、そうですか？」,R-Really?,,
ID00193,00003790,60,「そうよぉ、クラスで見かけはするけどね」,"Yeah, I see you around class though.",,
ID00193,00003935,21,「そうかも…」,Maybe...,,
ID00193,00003abf,54,「せっかくだし、ちょっと話さない？」,"Since we're here, why don't we chat for a bit?",,
ID00193,00003dc0,51,「今時間ある？　ちょっと話さない」,Do you have time? Let's chat for a bit.,,
ID00193,00003f78,16, いいですね, Sounds good,,
ID00193,00003fa3,25, 今はダメなんです, Not right now,,
ID00193,00003fd7,19, 動画を見せる, Show the video,,
ID00193,00004016,21,「いいですね」,Sounds good.,,
ID00193,00004187,48,「フフッ、じゃあ、なに話そっか」,"Hehe, so what should we talk about?",,
ID00193,00004487,48,「すみません、今はダメなんです」,"Sorry, not now.",,
ID00193,0000462c,51,「え～っ、そうなのぉ？　がっかり」,Eh?! Really? That's disappointing.,,
ID00193,00004b06,27,「それじゃあね…」,"Well then, bye...",,
ID00193,00004b60,36,「話すのもいいですけど、,"Talking's fine too, but",,
ID00193,00004b93,48,　俺の動画を見てくれませんか？」,Won't you watch my video?,,
ID00193,00004d38,48,「あ、いいわね。見たい見たぁい」,"Oh, sure! I want to see it!",,
ID00194,0000321c,47,「あ、@str_000君、なにしてるの？」,"Hey, @str_000, what are you doing?",,
ID00194,000033cd,24,「あ、心美先生」,"Hey, Miss Shinomi.",,
ID00194,000035ca,30,「もう、このところ、,We haven't talked in ages.,,
ID00194,000035f7,48,　ちっとも話してないんだからぁ」,Honestly.,,
ID00194,000038cb,30,「そ、そうですか？」,R-Really?,,
ID00194,00003a5e,57,「そうよぉ。クラスじゃ見かけるけどね」,"Yeah, I see you in class.",,
ID00194,00003c00,21,「…そうかも」,...Maybe.,,
ID00194,00003da5,54,「時間あるなら、ちょっと話さない？」,"If you've got time, wanna chat for a bit?",,
ID00194,00003f5e,16, いいですね, Sounds good,,
ID00194,00003f89,25, 今はダメなんです, Not right now,,
ID00194,00003fbd,19, 動画を見せる, Show the video,,
ID00194,00003ffc,21,「いいですね」,Sounds good.,,
ID00194,0000416d,51,「フフッ、じゃあ、なに話そっか？」,"Hehe, so what should we talk about?",,
ID00194,00004470,48,「すみません、今はダメなんです」,"Sorry, not now.",,
ID00194,00004615,33,「え～っ、そうなのぉ？,"Aw, really?",,
ID00194,00004645,36,　暇そうに見えるのにぃ」,You look free anyway.,,
ID00194,00004926,15,「はは…」,Heh...,,
ID00194,00004aaa,57,「じゃあ…また今度ね。それじゃあね…」,Well... let's do it another time. See ya...,,
ID00194,00004dcd,36,「話すのもいいですけど、,"Talking's fine too, but",,
ID00194,00004e00,48,　俺の動画を見てくれませんか？」,Won't you watch my video?,,
ID00194,00004fa5,48,「あ！　いいわね。見たい見たい。,Oh! That's great. I wanna see it.,,
ID00194,00004fe4,18,　見～せて」,Show me~,,
ID00195,0000108a,24,「あ、心美先生」,"Hey, Miss Shinomi.",,
ID00195,000012b8,41,「あ、@str_000君、おはよ～っ」,"Ah, @str_000-kun, good morning~",,
ID00195,000015aa,36,「それじゃ、教室でね～」,See you in class then~,,
ID00195,00001e06,24,「あ、心美先生」,"Hey, Miss Shinomi.",,
ID00195,0000204d,23,「あ、@str_000君」,"Ah, @str_000-kun.",,
ID00195,000022e9,33,「おはようございます」,Good morning.,,
ID00195,0000247f,60,「グッモーニン！　今朝もいいお天気ね～」,Good mooooorning! The weather's nice today too~,,
ID00195,0000276b,27,「それじゃあね～」,See ya~,,
ID00195,00002a71,24,「あ、心美先生」,"Hey, Miss Shinomi.",,
ID00195,00002cb8,23,「あ、@str_000君」,"Ah, @str_000-kun.",,
ID00195,0000309b,30,「グッモーーニン！」,Gooood morning!,,
ID00195,000030e7,33,「おはようございます」,Good morning.,,
ID00195,0000327d,33,「ハウ　アー　ユー？」,How are you?,,
ID00195,000032cc,33,「…ちょっと寝不足で」,...I'm a bit sleep deprived.,,
ID00195,00003449,45,「あ～っ、ダメよぉ夜更かしは。,"Ahh, no staying up late.",,
ID00195,00003485,42,　翌日に差し支えるんだから」,It'll affect you tomorrow.,,
ID00195,000038cf,27,「それじゃあね～」,See ya~,,
ID00195,00003dec,23,「あ…@str_000君」,A...@str_000-kun,,
ID00195,00003e31,18,「心美先生」,Miss Shinomiya,,
ID00195,00004257,24,「おふぁよ～～」,Go to sleep~~,,
ID00195,0000429d,36,「ずいぶん眠そうですね」,You look really tired.,,
ID00195,00004468,54,「昨日、遅くまで調べものしてたから」,I was studying late last night.,,
ID00195,000044cc,48,「夜更かしは体に良くないですよ」,Staying up late isn't good for your body.,,
ID00195,000046a3,30,「そうなんだけどぉ、,"That's right, but...",,
ID00195,000046d0,42,　授業は待ってくれないもん」,Classes don't wait for anyone.,,
ID00195,000049d6,27,「それじゃあね～」,See ya~,,
ID00195,00004f1e,36,「グッモーーニーーン！」,Goo-morning!,,
ID00195,000050ab,12,「え？」,What?,,
ID00195,0000522c,54,「あ、心美先生。おはようございます」,"Ah, Shinmi-sensei. Good morning.",,
ID00195,000053f3,30,「歩くの早いのねぇ。,"She walks pretty fast, huh?",,
ID00195,00005420,42,　なかなか追いつかないから、,"I can't catch up easily, so",,
ID00195,00005459,30,　走ってきちゃった」,I ended up running.,,
ID00195,0000571b,12,「え…」,Huh...?,,
ID00195,000058b8,39,「そこまで一緒に行こっか」,Let's go together from here.,,
ID00195,00005f2b,35,「お・は・よ、@str_000君」,"Goo-morning, @str_000-kun.",,
ID00195,00006201,54,「あ、心美先生、おはようございます」,"Oh, Shinmi-sensei, good morning.",,
ID00195,000063c8,45,「エヘヘ、ホームルームの前に、,"Hehe, before homeroom,",,
ID00195,00006404,36,　一足早く会っちゃった」,I ran into you early.,,
ID00195,0000682f,48,「今日はいいことあるかもよぉ～」,You might have a good day today~,,
ID00195,0000688d,15,「ははは」,Heh heh heh,,
ID00195,00006a11,39,「そこまで一緒に行こっか」,Let's go together from here.,,
ID00195,00006ba1,12,「はい」,Okay.,,
ID00196,000004b9,36,「心美先生、その…動画、,"Miss Shinmi, about that... video,",,
ID00196,000004ec,39,　録らせてくれませんか？」,Please?,,
ID00196,0000066f,24,「え？　私を？」,Huh? Me?,,
ID00196,0000096c,30,「…まぁ、いいけど。,"Well, it's fine.",,
ID00196,00000999,54,　部活には、協力しなきゃならないし」,I have to help the club anyway.,,
ID00196,00000b7f,36,「心美先生、その…動画、,"Miss Shinmi, about that... video,",,
ID00196,00000bb2,39,　録らせてくれませんか？」,Please?,,
ID00196,00000d35,33,「え？　今、ここで？」,Huh? Here and now?,,
ID00196,0000103b,30,「…まぁ、いいけど。,"Well, it's fine.",,
ID00196,00001068,57,　部活に協力するのは、先生の務めだし」,It's my duty as a teacher to help the club.,,
ID00196,00001537,60,「心美先生、動画…録ってもいいですか？」,"Miss Shinmi, can I record that... video?",,
ID00196,000016e8,57,「え？　…うん、いいわよ。録ってみて」,"Huh? Yeah, go ahead. Record it.",,
ID00196,00001b8a,60,「心美先生、動画…録ってもいいですか？」,"Miss Shinmi, can I record that... video?",,
ID00196,00001d22,21,「え？　今？」,Huh? Now?,,
ID00196,00002000,30,「まぁ…いいけど？」,Well... I guess it's okay.,,
ID00196,00002209,27,「心美先生、動画、,Can I record a vid?,,
ID00196,00002233,42,　録らせて欲しいんだけど…」,"Sure, go ahead and record it.",,
ID00196,000023d2,48,「あ、いいわよ。録って、録って」,"Ah, yeah, sure. Go ahead and record it.",,
ID00196,000025ce,27,「心美先生、動画、,Can I record a vid?,,
ID00196,000025f8,42,　録らせて欲しいんだけど…」,"Sure, go ahead and record it.",,
ID00196,0000277e,60,「今？　ん～、いいわよ。録って、録って」,"Now? Hmm, okay then. Go ahead and record it.",,
ID00197,000004f9,36,「心美先生、その…動画、,"Miss Shinmi, about that... video,",,
ID00197,0000052c,39,　録らせてくれませんか？」,Please?,,
ID00197,000006da,21,「え？　今？」,Huh? Now?,,
ID00197,0000099f,57,「い…いいけど…。部活に協力するのは、,I guess it's okay...,,
ID00197,000009e7,27,　先生の務めだし」,It's decided.,,
ID00197,00000e28,36,「心美先生、その…動画、,"Miss Shinmi, about that... video,",,
ID00197,00000e5b,39,　録らせてくれませんか？」,Please?,,
ID00197,00001009,33,「え？　今、ここで？」,Huh? Here and now?,,
ID00197,000013fc,42,「も、もう…仕方ないわねぇ。,There are students...,,
ID00197,00001435,54,　先生だし、部活に協力しなくちゃね」,I have to help out.,,
ID00197,00001b90,60,「心美先生、動画…録ってもいいですか？」,"Miss Shinmi, can I record that... video?",,
ID00197,00001d53,21,「え？　今？」,Huh? Now?,,
ID00197,00002045,45,「もう…恥ずかしいんだからね」,Ugh... It's really embarrassing...,,
ID00197,00002263,60,「心美先生、動画…録ってもいいですか？」,"Miss Shinmi, can I record that... video?",,
ID00197,00002426,18,「え？　今？,Huh? Now?,,
ID00197,00002447,51,　周りに生徒のみんながいるのに？」,What about everyone else around here?,,
ID00197,000028ab,39,「もう…仕方ないわねぇ…」,Ugh... There's no choice.,,
ID00197,00002b17,27,「心美先生、動画、,Can I record?,,
ID00197,00002b41,42,　録らせて欲しいんだけど…」,"Sure, go ahead and record it.",,
ID00197,00002cf2,12,「あ…」,...,,
ID00197,00002e5a,51,「う、うん、いいわよ。録ってみて」,"Y-Yeah, it's fine. Try recording.",,
ID00197,00003312,27,「心美先生、動画、,Can I record?,,
ID00197,0000333c,42,　録らせて欲しいんだけど…」,"Sure, go ahead and record it.",,
ID00197,000034ed,54,「あ…。もう…他の生徒がいるのに…」,Oh... Ugh... Everyone else is here...,,
ID00197,00003995,24,「い、いいわよ。,"I-it's fine,",,
ID00197,000039bc,48,　恥ずかしいけど、がんばるから」,"It's embarrassing, but I'll do my best.",,
ID00198,00000569,36,「心美先生、その…動画、,"Miss Shinmi, about that... video,",,
ID00198,0000059c,39,　録らせてくれませんか？」,Please?,,
ID00198,00000738,24,「え？　私を？」,Huh? Me?,,
ID00198,00000a00,21,「ゴメンねぇ、,"Sorry,",,
ID00198,00000a24,48,　もう行かなきゃならないのよぉ」,I really have to go now~,,
ID00198,00000d20,27,「それじゃあね～」,See ya~,,
ID00198,00000d98,36,「心美先生、その…動画、,"Miss Shinmi, about that... video,",,
ID00198,00000dcb,39,　録らせてくれませんか？」,Please?,,
ID00198,00000f67,18,「え？　今」,Huh? Now?,,
ID00198,00001256,27,「その…ゴメンね、,Um... Sorry.,,
ID00198,00001280,45,　もう行かなきゃならないから」,gotta go now.,,
ID00198,00001743,27,「それじゃあね～」,See ya~,,
ID00198,0000180f,60,「心美先生、動画…録ってもいいですか？」,"Miss Shinmi, can I record that... video?",,
ID00198,000019a7,24,「あ…ゴメンね、,Oh... Sorry.,,
ID00198,000019ce,48,　もう行かなきゃならないのよぉ」,I really have to go now~,,
ID00198,00001e1e,18,「またね～」,See ya~,,
ID00198,00001e8d,60,「心美先生、動画…録ってもいいですか？」,"Miss Shinmi, can I record that... video?",,
ID00198,00002025,33,「え？　あ…ゴメンね、,Huh? Oh... Sorry.,,
ID00198,00002055,45,　もう行かなきゃならないから」,gotta go now.,,
ID00198,00002612,18,「またね～」,See ya~,,
ID00198,000026d5,27,「心美先生、動画、,Can I record a vid?,,
ID00198,000026ff,42,　録らせて欲しいんだけど…」,"Sure, go ahead and record it.",,
ID00198,00002885,27,「あ、ゴメンねぇ。,"Ah, sorry,",,
ID00198,000028af,45,　もう行かなきゃならないから」,gotta go now.,,
ID00198,00002cfc,57,「また今度ゆっくりね。それじゃあね～」,See you next time. Bye~,,
ID00198,00002f02,27,「心美先生、動画、,Can I record a vid?,,
ID00198,00002f2c,42,　録らせて欲しいんだけど…」,"Sure, go ahead and record it.",,
ID00198,000030b2,36,「今？　ん～、ゴメンね。,"Right now? Hmm, sorry.",,
ID00198,000030e5,45,　もう行かなきゃならないから」,gotta go now.,,
ID00198,00003686,45,「動画は、また今度ゆっくりね。,We'll watch it another time.,,
ID00198,000036c2,27,　それじゃあね～」,See ya~,,
ID00199,00000569,36,「心美先生、その…動画、,"Miss Shinmi, about that... video,",,
ID00199,0000059c,39,　録らせてくれませんか？」,Please?,,
ID00199,0000074a,21,「え？　今？」,Huh? Now?,,
ID00199,000009f6,45,「きょ、協力してあげたいけど、,"Sorry, but I'd like to help...",,
ID00199,00000a32,33,　もう着替えなきゃ…」,I need to change first though...,,
ID00199,00000e73,27,「それじゃあね～」,See ya~,,
ID00199,00000eeb,36,「心美先生、その…動画、,"Miss Shinmi, about that... video,",,
ID00199,00000f1e,39,　録らせてくれませんか？」,Please?,,
ID00199,000010cc,21,「え？　今？」,Huh? Now?,,
ID00199,00001378,57,「む、無理よ。生徒のみんながいるし…」,No way. There are other students around...,,
ID00199,00001993,30,「そ、それじゃあね」,S-See you then...,,
ID00199,00001b9d,60,「心美先生、動画…録ってもいいですか？」,"Miss Shinmi, can I record that... video?",,
ID00199,00001d60,36,「え？　い、今は無理よ。,Huh? Not now.,,
ID00199,00001d93,39,　着替えなきゃならないし」,I need to get changed too.,,
ID00199,000021da,27,「それじゃあね～」,See ya~,,
ID00199,00002252,60,「心美先生、動画…録ってもいいですか？」,"Miss Shinmi, can I record that... video?",,
ID00199,00002415,36,「え？　い、今は無理よ。,Huh? Not now.,,
ID00199,00002448,45,　周りに生徒のみんながいるし、,Other students are around...,,
ID00199,00002484,39,　着替えなきゃならないし」,I need to get changed too.,,
ID00199,00002b5d,27,「それじゃあね～」,See ya~,,
ID00199,00002c29,27,「心美先生、動画、,Can I record...?,,
ID00199,00002c53,42,　録らせて欲しいんだけど…」,"Sure, go ahead and record it.",,
ID00199,00002e04,33,「あ……ゴ、ゴメンね、,Ah... S-Sorry.,,
ID00199,00002e34,36,　協力してあげたいけど、,"I want to help, but...",,
ID00199,00002e67,48,　もう着替えなきゃならないから」,I have to change clothes soon.,,
ID00199,00003549,33,「それじゃ、またね～」,"Well then, see ya~",,
ID00199,00003702,27,「心美先生、動画、,Can I record...?,,
ID00199,0000372c,42,　録らせて欲しいんだけど…」,"Sure, go ahead and record it.",,
ID00199,000038dd,33,「え？　今？　その…」,Wh-What? Now? Umm...,,
ID00199,00003d89,63,「ゴメンね、もう着替えなきゃならないから。,"I'm sorry, I have to change clothes now.",,
ID00199,00003dd7,33,　それじゃ、またね～」,"Well then, bye~",,
ID00200,000004fc,60,「あ、いっけない、用事があるんだった！」,"Oh, right! I have something important to do!",,
ID00200,000007dc,12,「え？」,What?,,
ID00200,0000095d,42,「ゴメンね。それじゃあね～」,Sorry about that. See ya~,,
ID00200,00000c7f,27,「あ、いっけない、,"Oh, right,",,
ID00200,00000ca9,45,　大切な用事があるんだった！」,I have something important to do!,,
ID00200,00000f7a,12,「え？」,What?,,
ID00200,000010fb,42,「ゴメンね。それじゃあね～」,Sorry about that. See ya~,,
ID00200,0000141d,27,「あ、いっけない！,Wait! I almost forgot!,,
ID00200,00001447,57,　すっごく大切な用事があるんだった！」,I gotta go!,,
ID00200,0000173d,12,「え？」,What?,,
ID00200,000018be,51,「ゴメンね、話の続きはまた今度ね。,"Sorry, let's continue this another time.",,
ID00200,00001900,27,　それじゃあね～」,See ya~,,
ID00200,000020fd,54,（イマイチ話が弾まなかったからな…）,(The conversation didn't quite flow well...),,
ID00201,000004b3,33,「あ、もう行かなきゃ。,"Oh, I gotta go now.",,
ID00201,000004e3,47,　@str_000君って、話すの上手ねぇ」,"You're really good at talking, @str_000.",,
ID00201,00000a6a,39,「すっごく楽しかったわよ。,I had so much fun.,,
ID00201,00000aa0,27,　それじゃあね～」,See ya~,,
ID00201,00000d9a,48,「あ、いけない、もう行かなきゃ」,"Oh no, I gotta go now.",,
ID00201,000011ce,54,「せっかく話が盛り上がってたのにぃ」,It was just getting fun.,,
ID00201,00001395,24,「それじゃあね」,See ya.,,
ID00201,00001551,47,「あ～ん、@str_000君と話してたら、,"Aw, we had fun talking.",,
ID00201,0000158f,57,　あっという間に時間が過ぎちゃったぁ」,The time flew by before I knew it...,,
ID00201,00001b0a,63,「もっと話してたいけど、もう行かなきゃ…。,I want to talk more but I gotta go now...,,
ID00201,00001b58,24,　それじゃあね」,See ya later.,,
ID00201,00002217,42,（バッチリ盛り上がったけど、,"Even though we had a blast,",,
ID00201,00002250,42,　心のＲＥＣを押して、動画を,Recording it in my head.,,
ID00201,00002289,57,　録らせてくれってお願いしないとなぁ）,"I guess I should ask if it's okay to record, huh?",,
ID00202,00000463,39,「あ、そろそろ行かなきゃ。,"Hey, I gotta go soon.",,
ID00202,00000499,27,　それじゃあね～」,See ya~,,
ID00202,00000900,54,「あ、いけない、そろそろ行かなきゃ。,"Oh, no good, I gotta go soon.",,
ID00202,00000945,27,　それじゃあね～」,See ya~,,
ID00202,00000dac,60,「あ、いけない、大事な用があるんだった！,"Oh, no good, I have something important to do!",,
ID00202,00000df7,42,　ゴメンね、それじゃあね～」,"Sorry about that, see you later~",,
ID00202,00001757,51,（イマイチ盛り上がらなかったな…）,"It didn't really get going, did it...",,
ID00203,000004b3,39,「あ、そろそろ行かなきゃ」,"Oh, I should probably get going.",,
ID00203,0000078a,51,「楽しかったわよ。それじゃあね～」,It was fun. See ya~,,
ID00203,00000ab5,54,「あ、いけない、そろそろ行かなきゃ」,"Oh, no, I should probably get going.",,
ID00203,00000ed6,51,「楽しかったわよ。それじゃあね～」,It was fun. See ya~,,
ID00203,00001201,63,「あ、いけない、大事な用があるんだった！」,"Oh, no, I've got something important to do!",,
ID00203,0000162b,42,「ゴメンね、もう行かなきゃ」,"Sorry, I really need to go now.",,
ID00203,000018ec,63,「とっても楽しかったわよ。それじゃあね～」,It was super fun. See ya~,,
ID00203,00001e97,45,（それなりに盛り上がったけど、,"It was pretty lively, but",,
ID00203,00001ed3,36,　動画を録らせてくれって,Can't ask her to film it.,,
ID00203,00001f06,45,　お願いするのは、無理だよな）,is there?,,
ID00204,000003a5,36,「心美先生、すみません。,"Miss Shinomi, sorry.",,
ID00204,000003d8,42,　用事があるの思い出して…」,I remembered I had something to do...,,
ID00204,0000055e,27,「えっ、そうなの？,"Oh, really?",,
ID00204,00000588,42,　せっかく楽しかったのに…」,It was so much fun...,,
ID00204,000009d2,24,「それじゃあね」,See ya.,,
ID00204,00000a2b,36,「心美先生、すみません。,"Miss Shinomi, sorry.",,
ID00204,00000a5e,42,　用事があるの思い出して…」,I remembered I had something to do...,,
ID00204,00000bfd,27,「えっ、そうなの？,"Oh, really?",,
ID00204,00000c27,54,　すっごく楽しかったのに、ひどぉい」,"It was super fun, but you're so mean",,
ID00204,0000119c,42,「けど…用事なら仕方ないね。,But... if you must.,,
ID00204,000011d5,24,　それじゃあね」,See ya later.,,
ID00204,000014d9,36,「心美先生、すみません。,"Miss Shinomi, sorry.",,
ID00204,0000150c,42,　用事があるの思い出して…」,I remembered I had something to do...,,
ID00204,000016ab,27,「えっ、そうなの？,"Oh, really?",,
ID00204,000016d5,60,　ひどぉい、すっごく楽しかったのにぃ…」,You're so mean! It was super fun though...,,
ID00204,00001c50,36,「また、２人で話してよ？,Can we talk again sometime?,,
ID00204,00001c83,27,　それじゃあね…」,Well then...,,
ID00205,00000385,36,「心美先生、すみません。,"Miss Shinomi, sorry.",,
ID00205,000003b8,42,　用事があるの思い出して…」,I remembered I had something to do...,,
ID00205,0000053e,54,「あ、そうなんだ。じゃあ、またね～」,"Oh, I see. See you later~",,
ID00205,000009b4,36,「心美先生、すみません。,"Miss Shinomi, sorry.",,
ID00205,000009e7,42,　用事があるの思い出して…」,I remembered I had something to do...,,
ID00205,00000b86,54,「え？　そうなの？　仕方ないわねぇ」,Huh? Really? Oh well.,,
ID00205,00000ff8,27,「それじゃあね～」,See ya~,,
ID00205,00001054,36,「心美先生、すみません。,"Miss Shinomi, sorry.",,
ID00205,00001087,42,　用事があるの思い出して…」,I remembered I had something to do...,,
ID00205,00001226,42,「え？　そうなの？　もう…」,Huh? Really? Ugh...,,
ID00205,000016f7,24,「それじゃあね」,See ya.,,
ID00206,000003a5,36,「心美先生、すみません。,"Miss Shinomi, sorry.",,
ID00206,000003d8,42,　用事があるの思い出して…」,I remembered I had something to do...,,
ID00206,0000055e,45,「そうなの？　仕方ないわねぇ」,Really? Guess there's nothing to do about it.,,
ID00206,00000870,24,「それじゃあね」,See ya.,,
ID00206,000008c9,36,「心美先生、すみません。,"Miss Shinomi, sorry.",,
ID00206,000008fc,42,　用事があるの思い出して…」,I remembered I had something to do...,,
ID00206,00000a9b,27,「え？　そうなの？,Huh? Really?,,
ID00206,00000ac5,48,　せっかく盛り上がってたのに…」,"Aw, we were just getting into it...",,
ID00206,00000f31,24,「それじゃあね」,See ya.,,
ID00206,00000f8a,36,「心美先生、すみません。,"Miss Shinomi, sorry.",,
ID00206,00000fbd,42,　用事があるの思い出して…」,I remembered I had something to do...,,
ID00206,00001143,27,「え？　そうなの？,Huh? Really?,,
ID00206,0000116d,45,　せっかく楽しかったのにぃ…」,"Aw, we were having so much fun...",,
ID00206,00001711,27,「それじゃあね…」,"Well then, bye...",,
ID00207,00000530,27,「あうぅ……もう！,Auu... Fine!,,
ID00207,0000055a,54,　恥ずかしいことばっかり言ってぇ…」,Saying embarrassing stuff...,,
ID00207,00000a0a,57,「先生をからかうもんじゃありませんよ！,You're not supposed to tease teachers!,,
ID00207,00000a52,27,　それじゃあね！」,See ya!,,
ID00207,00000edf,51,「はうぅ……恥ずかしいことばっかり,Auu... Just embarrassing things,,
ID00207,00000f21,21,　言ってぇ…」,Saying stuff like,,
ID00207,00001394,51,「もう知らない！　それじゃあね！」,I don't care anymore! See ya!,,
ID00207,00001781,24,「はうぅあぅ……,Auuah...,,
ID00207,000017a8,48,　こんなに恥ずかしがらせてぇ…」,Making you act so embarrassed...,,
ID00207,00001d9e,56,「@str_000君のバカァ！　それじゃあね！」,You idiot @str_000! See ya!,,
ID00207,0000230c,39,（ちょっと恥ずかしい話や、,"That's kind of embarrassing, huh,",,
ID00207,00002342,33,　行動をしすぎたか…）,Did I go too far?,,
ID00208,00001e5e,60,「ふわぁ～、すっごくきれいに映ってるぅ」,"Wow, it looks super pretty~",,
ID00208,00002166,56,「さすが@str_000君ね！　感心しちゃった」,I knew you could do it @str_000!,,
ID00208,0000253a,54,「また協力するからいつでも言ってね。,Let me know if you need help again.,,
ID00208,0000257f,27,　それじゃあね～」,See ya~,,
ID00208,000029f8,57,「うんうん、いい動画ね。やるじゃない」,"Yeah, this is a great video. You're amazing.",,
ID00208,00002f21,57,「先生、応援しちゃう。それじゃあね～」,Good luck! I'll be rooting for you~,,
ID00208,000033aa,63,「ふうん、なかなかいい動画なんじゃない？」,"Hmm, not bad at all, huh?",,
ID00208,00003785,60,「部活、がんばってるね。それじゃあね～」,You're doing great! Later~,,
ID00208,00003ad6,51,「ん～、先生、よくわかんないけど、,"Hm~, I don't quite get it, but",,
ID00208,00003b18,36,　もう一つ…なのかなぁ」,Maybe there's one more...,,
ID00208,000041ee,36,「まだまだがんばれるよ。,You still have plenty left in you.,,
ID00208,00004221,36,　ドゥ　ユア　ベスト！」,Do your best!,,
ID00208,00004751,27,「それじゃあね～」,See ya~,,
ID00208,0000491f,57,「うんうん、すっごくきれいに録れてる」,"Yep yep, it's recorded super clearly.",,
ID00208,00004d78,60,「こんなにモデルの魅力を引き出すなんて、,You really know how to bring out a model's charm.,,
ID00208,00004dc3,15,　やるぅ」,Nice work!,,
ID00208,000051f2,50,「隅に置けないわねぇ、@str_000君も」,"@str_000, you can't be ignored either.",,
ID00208,000055dc,27,「それじゃあね～」,See ya~,,
ID00208,00005767,36,「あ、いい動画じゃない。,"Ah, this is a great video.",,
ID00208,0000579a,45,　モデルの魅力が伝わってくる」,You can really feel the model's charm.,,
ID00208,00005d06,39,「やるわねぇ、このこのぉ」,"You sure are doing well, aren't you?",,
ID00208,000060e5,27,「それじゃあね～」,See ya~,,
ID00208,000062a5,51,「ふうん、なかなかいいんじゃない？,"Hmm, not bad at all.",,
ID00208,000062e7,36,　部活、がんばってるね」,You work hard.,,
ID00208,00006817,24,「それじゃあね」,See ya.,,
ID00208,000069b8,57,「ん～、イマイチ…なんじゃないかなぁ。,Mmm... it's just a bit lacking...,,
ID00208,00006a00,27,　モデルの魅力が…,The model's charm is...,,
ID00208,00006a2a,57,　もう一つ伝わってこないというか…？」,"Or rather, there's still one thing missing...",,
ID00208,0000733c,45,「がんばって！　それじゃあね」,Good luck! See ya!,,
ID00208,00007674,60,「はうぅ……きれいに録れてると思うけど…,Hauu... I think it came out pretty well...,,
ID00208,000076bf,27,　恥ずかしくて…」,It's embarrassing...,,
ID00208,00007e40,33,「そ、それじゃあね！」,"W-well then, bye!",,
ID00208,00008137,48,「うぅ……いい動画だと思うけど、,"Uuu... It's a good video, but...",,
ID00208,00008176,27,　恥ずかしくて…」,It's embarrassing...,,
ID00208,0000885f,33,「そ、それじゃあね！」,"W-well then, bye!",,
ID00208,00008b56,54,「もう……悪くない動画だと思うけど、,"I can't believe it... It's not bad, but...",,
ID00208,00008b9b,42,　どことなく恥ずかしくて…」,"...for some reason, I feel embarrassed...",,
ID00208,00009228,27,「それじゃあね！」,See you later!,,
ID00208,000093c5,36,「むむ……イマイチだし、,"Hmm... It's still kinda meh,",,
ID00208,000093f8,42,　どことなく恥ずかしいし…」,It's kinda embarrassing too...,,
ID00208,00009963,45,「もっとがんばらなきゃダメよ。,You have to try harder.,,
ID00208,0000999f,24,　それじゃあね」,See ya later.,,
ID00208,00009de4,63,「はぐぐぅ…こんなエッチな動画録ってぇ…」,Ugh... recording such a perverted video...,,
ID00208,0000a2fa,57,「校長先生に言いつけちゃうんだからぁ！,I'll tell the principal on you!,,
ID00208,0000a342,27,　それじゃあね！」,See ya!,,
ID00208,0000a785,48,「はうぅ……こんな恥ずかしい動画,Ahh... such an embarrassing video...,,
ID00208,0000a7c4,21,　録ってぇ…」,Ugh...,,
ID00208,0000adb3,57,「大人をからかっちゃダメなんだからぁ！,You shouldn't tease adults like that!,,
ID00208,0000adfb,27,　それじゃあね！」,See ya!,,
ID00208,0000b23e,63,「あうぅ……ダメよぉ、恥ずかしい動画は…」,"Ahhh... No way, embarrassing videos are...",,
ID00208,0000b789,63,「校則違反なんだからね！　それじゃあね！」,That's breaking school rules! See you later!,,
ID00208,0000bab5,60,「うぅ……なんとなく…恥ずかしい動画…」,Ugh... It's just a bit embarrassing...,,
ID00208,0000bf23,60,「ダメよ、もっと健全な動画を録らなきゃ」,"No, we need to record healthier videos.",,
ID00208,0000c436,24,「それじゃあね」,See ya.,,
ID00208,0000c849,45,（ちょっと刺激が強すぎたか…）,Maybe that was too intense...,,
ID00208,0000c8b8,42,「“プリベアダック”の動画を,"""Private Duck"" video...",,
ID00208,0000c8f1,30,　録ったんだけど…」,I recorded it...,,
ID00208,0000cca4,24,「あ、かわいい。,"Aww, so cute.",,
ID00208,0000cccb,39,　フフッ、流行ってるから、,"Hehe, it’s popular now,",,
ID00208,0000cd01,33,　学校中にいるわよね」,It's everywhere in school.,,
ID00208,0000d3ee,54,「ふうん、こんなところにもいたんだ。,"Hmm, I didn't expect to find it here.",,
ID00208,0000d433,21,　かわいい～」,So cute~,,
ID00208,0000d882,60,「えっ、よくこんなところの見つけたわね。,"Wow, you found this place?",,
ID00208,0000d8cd,21,　すごぉ～い」,Amazing~,,
ID00208,0000dd1c,63,「うわぁ、こんな見つけにくそうなところのを,"Whoa, you actually managed to find a spot like this!",,
ID00208,0000dd6a,45,　録ったんだ！　すっごぉい！」,And recorded it! Amazing!,,
ID00208,0000e3f8,60,「また録ったら見せてね。それじゃあね～」,Show me the next time you record something. Bye~,,
ID00208,0000e884,57,「ん～、よくわかんない。それじゃあね」,"Hmm, I don't really get it. Bye~",,
ID00208,0000ec96,57,「すみません、やっぱり動画を見せるのは,"Sorry, no more videos.",,
ID00208,0000ecde,24,　今度にします」,Next time then.,,
ID00208,0000ee6b,30,「え？　どうして？」,Huh? Why not?,,
ID00208,0000eff2,51,「出来に納得がいかないというか…」,I'm not satisfied with how it turned out...,,
ID00208,0000f181,21,「そっかぁ…。,Oh... right.,,
ID00208,0000f1a5,63,　それだけ、真剣に取り組んでるってことね」,"So you're taking this seriously, huh?",,
ID00208,0000f5e8,54,「じゃあ、また今度、見せてくれるのを,"You'll show me next time, okay?",,
ID00208,0000f62d,48,　楽しみにしてる。それじゃあね」,I'm looking forward to it. See you then.,,
ID00209,00001aba,48,「今年の夏は暑くなりそうですね」,"This summer's gonna be a scorcher, huh?",,
ID00209,00001b9d,48,「そうね～。けど、元気いっぱい、,Yeah... But we've gotta stay energetic and,,
ID00209,00001bdc,39,　暑さをはねのけなきゃね」,bounce back from the heat!,,
ID00209,00001fba,45,「先生にとって、夏といえば？」,What do you think of when it's summer?,,
ID00209,00002196,18,「夏休み！」,Summer vacation!,,
ID00209,000021d6,48,「だったのよねぇ…大学までは…」,...Until college...,,
ID00209,00002416,18,「はははは」,Hahaha,,
ID00209,00002469,42,「教室のクーラーの設定温度を,Could someone lower the classroom AC?,,
ID00209,000024a2,57,　下げてくれると、快適なんだけどなぁ」,it'd be so much more comfortable.,,
ID00209,0000266e,51,「ダメよぉ、クーラーの効きすぎは、,"No way, the AC being too cold is,",,
ID00209,000026b0,30,　体に悪いんだから」,it's bad for your body.,,
ID00209,00002b45,57,「夏、暑いのは当たり前。がまんがまん」,"It's hot in summer, deal with it.",,
ID00209,00002e22,39,「職員室は涼しいですよ？」,"The staff room is cool, isn't it?",,
ID00209,00002efc,27,「大人はいいの！」,Grown-ups are fine!,,
ID00209,00003117,39,「おっきな入道雲を見ると、,"When I see those big cumulus clouds,",,
ID00209,0000314d,63,　夏が来たんだな～って感じがするのよね～」,it feels like summer's here~,,
ID00209,00003474,30,「海と合いますよね」,It matches the sea.,,
ID00209,00003631,48,「そうそう。青い海と、青い空と、,"Yeah, yeah. The blue sea and the blue sky,",,
ID00209,00003670,57,　白い入道雲。まさに夏って感じよね～」,Those white clouds feel like summer.,,
ID00209,00003c09,36,「こう真夏日が続くと…」,When it's this hot every day...,,
ID00209,00003dc0,51,「も～っ、夏は暑いものなんだから、,"Oh man, summer is supposed to be hot anyway,",,
ID00209,00003e02,30,　元気出してこ～！」,Cheer up~!,,
ID00209,0000412a,42,「いい天気ですね～、今日も」,What a nice day today too~,,
ID00209,000042e7,42,「ホントね～。夏真っ盛りよ」,"Yeah, it's peak summer",,
ID00209,000044c4,54,「先生って花粉症は大丈夫でしたか？」,How was your hay fever?,,
ID00209,000046d0,54,「ええ、全然。マスクなしで外へ出ても,"Yeah, I'm fine. No problem going out without a mask.",,
ID00209,00004715,24,　へっちゃらよ」,I can manage just fine.,,
ID00209,00004b7a,60,「子供はなかなかならないっていうしなぁ」,Kids usually don't get hay fever though.,,
ID00209,00004d76,33,「だ～れ～が子供よ～」,Who says I'm still a kid~?,,
ID00209,00005065,36,「じょ、冗談です、冗談」,"J-Just kidding, just kidding.",,
ID00209,000050ca,51,「寝苦しい夜って、どうしてます？」,What do you do on sleepless nights?,,
ID00209,000051b0,36,「ん～、私って、暑くても,"Hmm, even when it's hot like this...",,
ID00209,000051e3,57,　意外と気にせず寝られちゃうのよねぇ」,I can sleep pretty well without worrying.,,
ID00209,000057f1,51,「疲れてるから、朝までぐっすりよ」,"I'm tired, so I'll sleep till morning.",,
ID00209,000059f3,51,「先生の好きな季節っていつです？」,"What's your favorite season, Sensei?",,
ID00209,00005c15,63,「そうねぇ…春が好きかな。桜がきれいだし」,Hmm... maybe spring? The cherry blossoms are pretty.,,
ID00209,00006151,57,「クラスが新しくなる季節でもあるしね」,It's also the time when classes get new students.,,
ID00209,00006306,27,「今年の夏って…」,This summer...,,
ID00209,0000647d,27,「フフッ、そうね。,"Heh, that's right.",,
ID00209,000064a7,54,　部活に入ったし、がんばらなきゃね」,"I joined a club, so I have to work hard now.",,
ID00209,00006959,57,「心美先生の好きな時間帯って、いつ？」,"When do you like best, Miss Shinomiya?",,
ID00209,00006b25,60,「ん～、放課後、みんなが帰ったあとかな」,"Hmm, maybe after school when everyone leaves.",,
ID00209,0000701d,45,「夕焼けに染まる校舎を見ると、,"The school building turns red at sunset,",,
ID00209,00007059,36,　ちょっとホッとするの」,I feel a little relieved.,,
ID00209,0000740c,57,「暑いのと寒いの、どっちが苦手です？」,"Which do you hate more, hot or cold?",,
ID00209,00007552,27,「寒いのが苦手ぇ。,I hate the cold.,,
ID00209,0000757c,60,　早くコタツに入りた～いって思っちゃう」,Want to get into a kotatsu so bad.,,
ID00209,00007abc,57,「この夏、一番印象に残ったことって？」,What left the biggest impression on you this summer?,,
ID00209,00007c88,54,「一杯あるわよぉ。先生として迎える、,"There's plenty of them. As your teacher,",,
ID00209,00007ccd,60,　初めてのミツミキャンプだったんだから」,It's my first time at Mitsumi Camp.,,
ID00209,00008149,44,「中でも、@str_000君とのことは、,"Especially the time with you, @str_000-kun.",,
ID00209,00008184,39,　特に印象に残ってるかな」,Maybe it really stuck with me.,,
ID00209,000085f8,60,「エヘヘ、いろいろ迷惑かけちゃったしね」,"Hehe, I caused you so much trouble too.",,
ID00209,00008918,39,「この夏は、あっという間に,This summer went by in a flash.,,
ID00209,0000894e,42,　過ぎちゃった気がするなぁ」,It feels like it flew by so fast.,,
ID00209,00008b88,39,「先生は忙しいですからね」,"You've been busy, haven't you?",,
ID00209,00008ec4,15,「そうね」,Yeah,,
ID00209,0000910c,48,「けど…それだけじゃないのよ？」,But... there's more to it than that.,,
ID00209,000093b8,30,「夏の思い出って…」,Summer memories...,,
ID00209,000095ac,45,「うん…どれもとっても大切よ」,Yeah... they're all really precious.,,
ID00210,00001eb0,57,「休み時間なのに生徒から質問攻めじゃ、,You're swamped with questions.,,
ID00210,00001ef8,39,　休む暇がないですよね？」,No time to rest.,,
ID00210,000020b2,39,「フフッ、先生は大忙しよ」,"Hmm hmm, the teacher's super busy.",,
ID00210,000023a7,60,「それだけやりがいがあるってことだから、,"That just means it's really rewarding, right?",,
ID00210,000023f2,33,　がんばらなくっちゃ」,I've gotta do my best.,,
ID00210,000025e2,54,「うちのクラスで一番成績がいいのって,The top student in our class is,,
ID00210,00002627,27,　反町ですよね？」,"Sorimachi, isn't she?",,
ID00210,000027d5,42,「そうよ。もう、ダントツ！」,Yeah. She's way ahead of everyone else.,,
ID00210,00002b20,27,「同級生だったら、,"If she's a classmate,",,
ID00210,00002b4a,51,　私が勉強を教えてもらってたわよ」,I used to get help with my studies from her.,,
ID00210,00002ea7,18,「はははは」,Hahaha,,
ID00210,00002f62,60,「先生になるのって、勉強大変でしたか？」,Is teaching hard?,,
ID00210,00003180,51,「ん～、それなりにがんばったわよ」,Hmm~ I did try pretty hard.,,
ID00210,00003603,20,「@str_000君も、,"@str_000, you should",,
ID00210,00003626,45,　がんばって勉強するようにね」,study hard too.,,
ID00210,000037bc,18,「は、はい」,Y-Yes.,,
ID00210,0000380f,63,「高校の時の得意科目って、やっぱり英語？」,Was English your best subject in high school?,,
ID00210,000039e1,42,「そうね～、得意っていうか、,Yeah~ I guess it was more like,,
ID00210,00003a1a,27,　好きなのよねぇ」,I just really liked it.,,
ID00210,00003fac,45,「英語が喋れると、世界中の人と,"When you can speak English, you can",,
ID00210,00003fe8,57,　コミュニケーションが取れるじゃない？,"communicate with people all over the world,",,
ID00210,00004030,27,　楽しいわよぉ～」,right? It's so much fun~,,
ID00210,00004454,36,「もっとも…私の発音は、,"My pronunciation isn't clear,",,
ID00210,00004487,45,　なかなか通じないんだけどね」,is it?,,
ID00210,00004aba,18,「はははは」,Hahaha,,
ID00210,00004c72,57,「夏の課題、ちゃんとやってますかぁ？」,Are you keeping up with your summer assignments?,,
ID00210,00004e4b,24,「も、もちろん」,"Of, of course.",,
ID00210,00004ff6,48,「毎日、計画的に進めておかなきゃ,"I gotta keep up with it every day, you know?",,
ID00210,00005035,24,　ダメですよぉ」,or else I'm screwed~,,
ID00210,000051c9,30,「日々の勉強って…」,Daily studying...,,
ID00210,000053bd,54,「そうそう、いいこと言うじゃな～い」,"That's right, that's exactly what I said!",,
ID00210,00005621,27,「はぁ…妃月さんに,Phew... Himeragi said,,
ID00210,0000564b,60,　クラスメイトみたいって言われるなんて、,"that I seem like a classmate or something,",,
ID00210,00005696,30,　ちょっとショック」,a little shocking.,,
ID00210,00005beb,48,「おかげで警戒感がないんだから、,"That's why I don't feel wary of her,",,
ID00210,00005c2a,42,　よかったんじゃないです？」,"That's a good thing, right?",,
ID00210,00005d7d,30,「ん…それもそっか。,Hmm... That makes sense.,,
ID00210,00005daa,57,　妃月さんと楽しくお勉強できるものね」,I can study with Himeragi-san and have fun,,
ID00210,00006586,18,「ルンルン」,Bouncy bounce,,
ID00210,000065c6,18,「はははは」,Hahaha,,
ID00210,0000677e,53,「@str_000君はこの夏、勉強がんばって、,"@str_000, you should work hard this summer",,
ID00210,000067c2,39,　もっと成績上げなきゃね」,and raise your grades more,,
ID00210,00006952,27,「うっ…は、はい」,*sneeze* Y-yes,,
ID00210,00006b00,45,「成績いいとモテるんだからぁ。,"Good grades make you popular, y'know.",,
ID00210,00006b3c,33,　ファイト、ファイト」,"Come on, come on.",,
ID00210,00007003,56,「@str_000君って、予備校に通ってるの？」,Is @str_000 going to a cram school?,,
ID00210,00007069,54,「いや…ミツミキャンプで十分です…」,No... Mitsumi Camp is enough...,,
ID00210,00007232,33,「アハハ、そうよね～、,"Ahaha, yeah~",,
ID00210,00007262,60,　他の学校は夏休みなのに、大変だものね」,Other schools are on break.,,
ID00210,0000786c,33,「がんばって勉強して、,Study hard and,,
ID00210,0000789c,36,　差をつけちゃいましょ」,get ahead of them.,,
ID00210,00007a3c,39,「先生が黒板に書く字って、,The teacher's writing...,,
ID00210,00007a72,45,　丸っこくてかわいいですよね」,aren't they cute and adorable?,,
ID00210,00007c32,63,「そ、そう？　ホントは、もっときれいな字を,R-Really? I actually want to write neater letters...,,
ID00210,00007c80,33,　書きたいんだけど…」,but...,,
ID00210,00008150,63,「心美先生らしくて、いいと思いますけど？」,"I think it suits you, Miss Kumomi.",,
ID00210,000081bd,51,「私らしい…か。フフッ、そうよね、,"It does suit me..., huhuhu. Yeah,",,
ID00210,000081ff,30,　個性って大事よね」,individuality is important.,,
ID00210,000088e2,54,「先生の苦手な教科って、なんです？」,What subject do you suck at?,,
ID00210,00008946,48,「数学…。いっぱい数字が並ぶと、,"Math... When there are lots of numbers,",,
ID00210,00008985,45,　解く気がなくなっちゃって…」,I don't feel like solving them...,,
ID00210,00008c31,33,「ああ…わかります…」,Ah... I get it...,,
ID00210,00008c80,48,「算数は得意だったんだけどなぁ」,I used to be good at arithmetic though...,,
ID00210,00008fff,48,「足し算も、引き算も、かけ算も、,"Addition, subtraction, multiplication...",,
ID00210,0000903e,39,　分数だって自由自在よ！」,Fractions were a breeze too!,,
ID00210,00009205,18,「はははは」,Hahaha,,
ID00210,00009258,30,「先生の授業って…」,Your class is...,,
ID00210,000093d2,33,「フフッ、うれしいこと,"Hehe, you're making me",,
ID00210,00009402,36,　言ってくれちゃってぇ。,feel so happy.,,
ID00210,00009435,39,　心美、がんばっちゃう！」,"Shinmi, I'll do my best!",,
ID00210,0000979d,57,「心美先生が部屋へ来てくれたおかげで、,"Thanks to you coming over, Shinmi-sensei,",,
ID00210,000097e5,33,　勉強が捗りましたよ」,I've been studying well.,,
ID00210,00009999,63,「私も、カリキュラムの作成が捗っちゃった」,I was also able to get a lot done on the curriculum.,,
ID00210,00009ca6,63,「いいわね、一緒にがんばるのって。フフッ」,"That's nice, working together like this. Hehe.",,
ID00210,00009ff9,30,「ミツミキャンプも、,The Mitsumi Camp ends soon.,,
ID00210,0000a026,42,　終わりが近づいてきたけど、,you can't let your guard down yet.,,
ID00210,0000a05f,42,　気を抜いちゃダメですよぉ」,"You gotta stay focused, you know?",,
ID00210,0000a4f3,51,「最後まで、ドゥ　ユア　ベスト！」,Do your best till the end!,,
ID00210,0000a82b,18,「は、はい」,Y-Yes.,,
ID00210,0000a87e,51,「うちの学校って、ちょっとテストが,Our school has way too many tests,,
ID00210,0000a8c0,33,　多すぎないですか？」,don't you think?,,
ID00210,0000aa74,36,「そんなことないわよぉ。,That's not true at all.,,
ID00210,0000aaa7,63,　ちゃ～んと学んだことを確認しなくっちゃ」,You gotta review what you've learned,,
ID00210,0000aeef,27,「へこたれてると、,"If you give up,",,
ID00210,0000af19,42,　小テスト増やしちゃうわよ」,I'll just add more pop quizzes.,,
ID00210,0000b23a,42,「げっ、が、がんばります！」,G-G-Good luck!,,
ID00210,0000b2a5,63,「成績いいヤツって、ほめられていいよなぁ」,"Good grades mean you get praised too, huh?",,
ID00210,0000b477,36,「そりゃあ、ほめるわよ。,"Sure thing, I'll praise you.",,
ID00210,0000b4aa,45,　それだけ努力してるんだから」,That's how hard you've been working.,,
ID00210,0000b7dc,53,「そんなわけで、@str_000君も努力して、,"@str_000-kun, work hard too,",,
ID00210,0000b820,33,　私からほめられてね」,I'll be the one to praise you.,,
ID00210,0000bb38,18,「は、はい」,Y-Yes.,,
ID00210,0000bb8b,42,「これまで解けなかった問題が,When you can finally solve problems,,
ID00210,0000bbc4,60,　解けるようになると、うれしいですよね」,It's great when you can solve them.,,
ID00210,0000bcc1,54,「そうそう！　勉強って楽しいわよね」,"That's right! Studying is fun, isn't it?",,
ID00210,0000bfb4,39,「その調子でがんばってね」,Keep it up!,,
ID00210,0000c1aa,33,「勉強の楽しさって…」,The joy of studying...,,
ID00210,0000c3a1,30,「うんうん、最後まで,"Yeah, yeah, make sure to",,
ID00210,0000c3ce,48,　充実のミツミキャンプにしてね」,have a fulfilling Mitsumi Camp until the end.,,
ID00211,00002e6d,38,「@str_000君、ダメですよぉ。,"@str_000, that's not good.",,
ID00211,00002ea2,48,　日直はちゃんと授業が始まる前に,Before class starts.,,
ID00211,00002ee1,48,　黒板をきれいにしておかないと」,or else...,,
ID00211,0000323f,45,「すみません、うっかりしてて。,"Sorry, I forgot.",,
ID00211,0000327b,57,　先生じゃ、上の方は届かないですしね」,I can't reach up there anyway.,,
ID00211,0000348a,63,「そうそう、そうなのよ、背伸びしても全然…,That's right. Even if you stretch your neck...,,
ID00211,000034d8,39,　って、ひとこと余計よ！」,"Wait, that was unnecessary.",,
ID00211,00003a09,30,「す、すみません！」,S-Sorry!,,
ID00211,00003a68,57,「心美先生って、光海学園から光海大学へ,To Mitsumi University,,
ID00211,00003ab0,63,　進んで、光海学園に先生として赴任して…。,Then she went there...,,
ID00211,00003afe,36,　ずっと光海学園ですね」,At Mitsumi?,,
ID00211,00003cb5,57,「そうよぉ、光海学園で学んで、育って、,You grew up here.,,
ID00211,00003cfd,39,　光海学園に帰ってきたの」,I came back to Mitsumi Academy.,,
ID00211,00004171,51,「それだけ魅力ある学園ってことね」,That means it's a really attractive school.,,
ID00211,0000438e,45,「学園で一番好きな場所って？」,What's your favorite place in the academy?,,
ID00211,0000454e,42,「それは、もちろんビーチよ」,"Of course, it's the beach.",,
ID00211,00004899,60,「散歩するだけで楽しいのよね～、ウフッ」,Walking around is fun in itself~ hehe.,,
ID00211,00004aae,45,「学校で一番苦手な場所って？」,What's the place you hate most at school?,,
ID00211,00004cbd,18,「職員室…」,...the staff room.,,
ID00211,00004e72,24,「先生なのに？」,You're a teacher though?,,
ID00211,00005039,57,「だって、重～い話が多いんだも～ん…」,Because there are so many heavy topics... ~,,
ID00211,00005377,24,「明るい学園で、,"In this bright academy,",,
ID00211,0000539e,45,　あそこだけ灰色なんだからぁ」,that one spot is gray.,,
ID00211,00005495,18,「はははは」,Hahaha,,
ID00211,000054e8,63,「いつも何時ぐらいに学校へ来てるんです？」,When do you usually come to school?,,
ID00211,000056ba,36,「みんなと同じぐらいよ。,About the same as everyone else.,,
ID00211,000056ed,57,　早く来てもあんまりやることないから」,"Even if I come early, there's not much to do anyway",,
ID00211,000059f4,30,「生徒指導の先生は、,Student guidance teacher.,,
ID00211,00005a21,42,　すご～く早く来てるけどね」,comes super duper early though,,
ID00211,00005bfe,42,「うちの学校のいいとこって、,"The best thing about our school is,",,
ID00211,00005c37,33,　どこだと思います？」,What do you think it is?,,
ID00211,00005db4,54,「みんな、何事もベストを尽くすとこ。,People always try their best at everything,,
ID00211,00005df9,48,　勉強も、スポーツも、部活もね」,"Studying, sports, or clubs.",,
ID00211,00006532,50,「@str_000君も、部活に入ったんだし、,"@str_000, you joined a club too, so",,
ID00211,00006573,36,　ぜ～んぶがんばってね」,do your best at everything.,,
ID00211,00006753,18,「は、はい」,Y-Yes.,,
ID00211,000067a6,42,「心美先生が赴任してきた時、,"When Miss Shimomi came to teach,",,
ID00211,000067df,39,　みんなビックリしたなぁ。,everyone was surprised.,,
ID00211,00006815,33,　若い先生が来たって」,A young teacher had come.,,
ID00211,000069c9,33,「そうよぉ、この間まで,"That's right, she was still",,
ID00211,000069f9,42,　女子大生だったんだからぁ」,a college student not long ago.,,
ID00211,00006d2e,54,「あ、いや、小学生みたいというか…」,"Ah, no, more like an elementary school kid...",,
ID00211,00006f2c,36,「だ～れが小学生って～」,Who said I'm a little kid?,,
ID00211,000070b9,51,「い、いえ！　なんでもないです！」,N-No! It's nothing at all!,,
ID00211,0000712d,60,「いつから先生になろうと思ったんです？」,When did you decide to become a teacher?,,
ID00211,000072fc,45,「高２よ。進路を考えてる時に、,I'm a second-year student.,,
ID00211,00007338,60,　大好きな英語の先生になりたいなぁって」,I want to be an English teacher that everyone loves.,,
ID00211,000077b4,45,「夢はね、努力すれば叶うのよ」,"If you work hard, dreams come true.",,
ID00211,0000798a,60,「先生って、遅刻するわけにいかないから、,"Teachers can't be late, so",,
ID00211,000079d5,24,　大変ですよね」,it's really tough.,,
ID00211,00007a1b,63,「も～っ、生徒だって遅刻しちゃダメなのよ」,"Students can't be late either, you know.",,
ID00211,00007ef8,21,「そ、そっか」,R-Really?,,
ID00211,000080a0,36,「規則正しい生活をして、,"You should live a regular life,",,
ID00211,000080d3,39,　きちんと時間を守ってね」,and respect your schedule.,,
ID00211,000082ad,54,「うちの学校の屋上って、緑がいっぱい,Our school's roof is full of greenery,,
ID00211,000082f2,39,　あって、きれいですよね」,It's really pretty.,,
ID00211,00008347,54,「そうね～、生徒会と園芸部のみんなが,"That's right, the Student Council and Gardening Club",,
ID00211,0000838c,39,　がんばってくれてるから」,are working hard.,,
ID00211,00008a5c,54,「生徒会長の指導力って、大切よね～」,The president's leadership skills are important.,,
ID00211,00008c45,30,「うちの学校って…」,Our school is...,,
ID00211,00008e39,48,「そうそう、魅力がいっぱいよ！」,"Yeah, it's full of charm!",,
ID00211,00009038,36,「うちの学校の制服って、,Our school uniform is unique because,,
ID00211,0000906b,60,　襟の形が変わってて、特徴ありますよね」,the collar shape stands out.,,
ID00211,0000927d,60,「うんうん、星みたいでかわいいのよね～」,"Yep, it looks like a star and is so cute.",,
ID00211,000095ad,42,「毎日着てたころが懐かしい」,I miss wearing it every day.,,
ID00211,00009753,42,「心美先生って、うちの制服、,She'd look great.,,
ID00211,0000978c,36,　似合ってただろうなぁ」,She must've looked good.,,
ID00211,00009955,54,「エヘヘ～、そんなこと…あるわよぉ」,"Hehe~, something like that... does exist~",,
ID00211,00009de7,48,「我ながら、ブルーのセーラー服が,"I have to say, the blue sailor suit",,
ID00211,00009e26,42,　ピッタリだったんだからぁ」,fit me perfectly~,,
ID00211,00009ff2,36,「学園の公式サイトって、,"The school's official website,",,
ID00211,0000a025,36,　チェックしてますか？」,"You've checked it out, right?",,
ID00211,0000a21f,39,「もちろんよ、先生だもん」,"Of course I have, I'm a teacher.",,
ID00211,0000a54b,42,「みんなが発信する、部活や、,I can't wait for your club news.,,
ID00211,0000a584,51,　校外活動の報告がすっごく楽しみ」,activities outside school,,
ID00211,0000a8dc,24,「学生時代って、,"Student life,",,
ID00211,0000a903,45,　なにか部に入ってましたか？」,did you join any clubs?,,
ID00211,0000ab1d,57,「ううん、どこにも入ってなかったわよ。,"Nope, I didn't join anything.",,
ID00211,0000ab65,39,　９年間、一貫して帰宅部」,Nine years in a row.,,
ID00211,0000afa2,33,「大学のサークルは？」,What about college clubs?,,
ID00211,0000b156,45,「入ってない。まっすぐ家に帰る,Never joined one. Went straight home.,,
ID00211,0000b192,30,　いい子だったから」,You were a good girl.,,
ID00211,0000b697,35,「@str_000君って、なんにも,@str_000-kun never,,
ID00211,0000b6c9,42,　委員をやってないわよね？」,"You're not a committee member, right?",,
ID00211,0000b893,12,「う…」,...,,
ID00211,0000ba32,30,「新学期になったら、,"When the new semester starts,",,
ID00211,0000ba5f,39,　クラス委員なんてどう？」,How about being a class rep?,,
ID00211,0000bc42,57,「無理無理！　そんな成績良くないし！」,No way! I'm not that good at school!,,
ID00211,0000be0e,48,「成績がすべてじゃないけどね～」,Not like grades are everything~,,
ID00211,0000bfa7,54,「クラスをまとめるなんて無理ですよ」,There's no way I can lead the class,,
ID00211,0000c170,36,「じゃあ、風紀委員は？」,What about the committee?,,
ID00211,0000c1c2,57,「エッチな動画を録らない戒めになって、,"As a warning not to record any porn videos,",,
ID00211,0000c20a,33,　いいんじゃな～い？」,That's not okay~!,,
ID00211,0000c56d,54,「はは…そんな動画録らないですって」,Haha... I wouldn't record such videos.,,
ID00211,0000c749,57,「宿舎での生活はどう？　もう慣れた？」,How are you liking dorm life? Got used to it yet?,,
ID00211,0000c8eb,51,「まぁ、なんとか。毎年来てますし」,"Well, somehow. I come every year anyway.",,
ID00211,0000cab1,48,「フフッ、集団生活もいいものよ。,"Hehe, living in a group can be fun too.",,
ID00211,0000caf0,33,　みんなと楽しんでね」,Have fun with everyone.,,
ID00211,0000cdff,60,「校則で携帯電話の使用を禁じてるのって、,"The rule that bans cell phones is pointless, right?",,
ID00211,0000ce4a,60,　意味ないですよね？　みんな使ってるし」,Everyone uses them anyway.,,
ID00211,0000d019,27,「そうなんだけど、,"That's true, but,",,
ID00211,0000d043,42,　好き放題使われるのもねぇ」,"They're abused, too.",,
ID00211,0000d357,48,「ホントは使っちゃイケナイのよ、,"You really shouldn't use them, you know?",,
ID00211,0000d396,48,　ってぐらいがちょうどいいのよ」,That's just about right.,,
ID00211,0000d6c1,24,「心美先生って、,Sensei Shinomi is,,
ID00211,0000d6e8,45,　なんで宿舎暮らしなんです？」,Why are you living in the dorms?,,
ID00211,0000d743,36,「家賃が…いらないのよ」,No need for rent...,,
ID00211,0000dc7f,30,「ああ、そういう…」,"Oh, I see...",,
ID00211,0000dea3,42,「そ、それだけじゃないのよ！,That's not the only thing!,,
ID00211,0000dedc,36,　ミツミキャンプの間は、,"During Mitsumi Camp, I can",,
ID00211,0000df0f,42,　みんなと一緒に暮らせるし」,live with everyone together.,,
ID00211,0000e24b,27,「喜びも、悩みも、,I want to share all my,,
ID00211,0000e275,42,　み～んな分かち合いたいの」,joys and worries...,,
ID00211,0000e5c5,63,「宿舎に置いてある新聞って、読んでます？」,Have you read the newspaper?,,
ID00211,0000e7f1,18,「ちっとも」,not at all,,
ID00211,0000e831,57,「だって、新聞を広げて読んでる姿って、,It looks so cute when you're reading it...,,
ID00211,0000e879,39,　おじさんっぽいんだもん」,You look like an old man.,,
ID00211,0000efcc,33,「そういえばこの間…」,"Oh yeah, the other day...",,
ID00211,0000f180,36,「ふう～ん、そうなんだ。,"Hmm, really?",,
ID00211,0000f1b3,42,　いいわね、そういうのって」,That's nice.,,
ID00211,0000f606,63,「他のクラスのヤツらから、心美先生が担任で,They envy you for Ms. Akemi.,,
ID00211,0000f654,39,　うらやましがられますよ」,"They're jealous of that, right?",,
ID00211,0000f80e,39,「そうなの？　どうして？」,Really? Why?,,
ID00211,0000f9d5,45,「そりゃ、明るくて人気だから。,"Well, she's cheerful and popular.",,
ID00211,0000fa11,54,　俺たちと歳もそんなに離れてないし」,We're not that different in age.,,
ID00211,0000fba3,39,「む～、教え方がいいとか、,"Ugh, her teaching style...",,
ID00211,0000fbd9,51,　そういうとこがほめられる先生に、,That’s what she's praised for.,,
ID00211,0000fc1b,27,　早くなりたぁい」,I wanna get there sooner!,,
ID00211,000100e5,42,「一貫教育校のいいとこって、,What's the best part?,,
ID00211,0001011e,42,　どんなとこだと思います？」,How do you see it?,,
ID00211,000102db,63,「受験勉強であくせくしないとこじゃない？」,Not cramming for exams.,,
ID00211,00010483,57,「その割にはスパルタ教育ですけどね…」,Though we still get strict training...,,
ID00211,0001064f,60,「勉強をしなくていいって意味じゃないの。,It doesn't mean you don't have to study.,,
ID00211,0001069a,63,　じっくりと、質の高い教育を受けられるって,You get a chance for high-quality education,,
ID00211,000106e8,18,　ことなの」,"here...""",,
ID00211,00010b7e,15,「はい…」,Yes...,,
ID00211,00010bce,60,「先生って英語が好きだし、留学したいって,Mr. Teacher likes English and wants to go abroad...,,
ID00211,00010c19,45,　思ったことはないんですか？」,Ever thought about it before?,,
ID00211,00010c74,15,「ない…」,...nope...,,
ID00211,00010df3,21,「どうして？」,Why?,,
ID00211,00010fab,42,「だって、みんな大きいから、,"Because everyone there is older,",,
ID00211,00010fe4,54,　日本より絶対、子供扱いされるもん」,they definitely won't treat us like kids.,,
ID00211,000114a6,45,「飛び級で大学に入った天才って,A genius who skipped grades to enter college,,
ID00211,000114e2,42,　勘違いされたら、大変よぉ」,would have a hard time if misunderstood,,
ID00211,00011aa3,18,「はははは」,Hahaha,,
ID00211,00011af6,54,「心美先生って、うちの卒業生だから、,"You see, Ms. Shinomiya is an alumna of ours, right?",,
ID00211,00011b3b,63,　セーラー服しか着たことないんですよね？」,She's never worn anything but sailor suits.,,
ID00211,00011d0d,63,「そうなの。ブレザーも着てみたかったなぁ」,That's right. I wanted to try a blazer too once.,,
ID00211,00012051,39,「大人っぽい印象になるし、,It looks more mature.,,
ID00211,00012087,57,　うちの学校も、ブレザーを選べるように,Let us choose uniforms.,,
ID00211,000120cf,24,　するべきよね」,We really should.,,
ID00211,00012572,63,「この間、女生徒が、ながらスマホをしてて、,A girl was on phone.,,
ID00211,000125c0,45,　階段から落ちそうになったの」,almost fell down the stairs.,,
ID00211,000128c8,45,「危ないから、スマホをしながら,Be careful and don't walk while texting,,
ID00211,00012904,30,　歩かないようにね」,okay?,,
ID00211,00012d2b,27,「気をつけます…」,I'll be more careful...,,
ID00211,00012d87,45,「心美先生って、子供が出来たら,Sensei's pregnant...,,
ID00211,00012dc3,36,　光海学園へ入れます？」,Can I get into Mitsumi Academy?,,
ID00211,00012e15,63,「もちろん！　と言いたいとこなんだけど…」,Of course! But...,,
ID00211,0001320a,60,「自分の子供を学校で教えるってのもねぇ」,"Teaching your own kid at school is kinda weird, huh?",,
ID00211,000133ad,27,「ああ、そっか…」,"Oh, right...",,
ID00211,000135b5,57,「少なくとも、担任にはならないように、,Ask they don't pick me.,,
ID00211,000135fd,42,　学校に配慮してもらうかな」,and take my situation into consideration.,,
ID00211,0001395c,38,「@str_000君って、光海大学へ,"@str_000, going to Mitsumi?",,
ID00211,00013991,30,　進学するつもり？」,Are you sure about that?,,
ID00211,00013de5,36,「そのつもりですけど？」,That's the plan.,,
ID00211,00013e37,42,「そっか。じゃあ、卒業しても,Got it. So even after graduation,,
ID00211,00013e70,54,　遠くへ行っちゃうわけじゃないのね」,"You're not going far away, right?",,
ID00211,000144cb,39,「光海大学なら、効率のいい,"If it's there, I can help.",,
ID00211,00014501,45,　単位の取り方とか、色々教えて,Ask me anything.,,
ID00211,0001453d,54,　あげられるから、なんでも聞いてね」,I'll be able to help you out.,,
ID00211,000149ef,36,「光海祭って、先生方は、,The festival... teachers too?,,
ID00211,00014a22,54,　なにか出し物をやらないんですか？」,"Like, perform some kind of act or something?",,
ID00211,00014a86,51,「先生によっては参加するみたいよ。,Some teachers seem to participate.,,
ID00211,00014ac8,36,　屋台とか、バンドとか」,Like food stalls or bands.,,
ID00211,00014fc2,24,「心美先生は？」,Shinmi-sensei?,,
ID00211,00015008,36,「わ、私は……ナイショ。,"W-Well, it's a secret.",,
ID00211,0001503b,32,　特に@str_000君にはね」,"Especially from you, @str_000...",,
ID00211,00015647,21,「どうして？」,Why?,,
ID00211,0001568a,30,「…恥ずかしいから」,...I'm embarrassed.,,
ID00211,00015a22,36,「うちの学校といえば…」,Speaking of our school...,,
ID00211,00015c1c,51,「そうそう、そんなとこも魅力よね」,"Yeah, that's one of its charms.",,
ID00212,00001d3c,39,「大学を卒業したってのに、,"Even though you graduated from college,",,
ID00212,00001d72,63,　本屋で参考書選びとか、先生は大変ですね」,Picking out reference books is tough.,,
ID00212,00001f44,57,「そうよ～、先生は一生勉強なんだから」,A teacher has to keep studying their whole life~,,
ID00212,00002282,51,「受験対策ならぬ、御前さん対策ね」,"That's not test prep, it's Gozen-sama prep.",,
ID00212,00002455,18,「はははは」,Hahaha,,
ID00212,000024a8,39,「先生って、普段どんな本を,What kind of books do you read?,,
ID00212,000024de,30,　読んでるんです？」,You read what kind of books?,,
ID00212,000026ab,51,「そりゃあ…もちろん、難しい本よ」,Well...of course they're difficult books.,,
ID00212,00002955,36,「難しい本？　どんな？」,Difficult books? What kind?,,
ID00212,00002bad,42,「そ、それはもう…難しくて、,That's right...they're hard.,,
ID00212,00002be6,60,　読むのが大変で、教養が高まるような…、,"and they make you smarter or something...like,",,
ID00212,00002c31,24,　すっごい本よ」,super intense books.,,
ID00212,000034a3,27,「…本当ですか？」,...Really?,,
ID00212,0000367f,54,「ホ、ホントよ！　先生なんだから！」,"R-Really! I'm a teacher, after all!",,
ID00212,00003868,54,「普段、どんな音楽聴いてるんです？」,What kind of music do you usually listen to?,,
ID00212,00003a31,18,「洋楽～！」,Western music~!,,
ID00212,00003a71,39,「そっか。英語の先生だし、,"Oh, right. You teach English.",,
ID00212,00003aa7,48,　歌詞の意味がわかりますよね？」,"You can understand the lyrics, right?",,
ID00212,00003c6a,27,「そりゃそうよぉ、,Of course you can.,,
ID00212,00003c94,42,　もうバッチリなんだからぁ」,I'm totally on top of it now.,,
ID00212,00003fc3,57,「英語がわかると、いいこといっぱいよ」,Knowing English is really useful.,,
ID00212,000041cb,48,「音楽って、なんで聴いてます？」,Why do you listen to music?,,
ID00212,0000438e,51,「スマホにヘッドホンで聴いてる～」,Through my phone with headphones~,,
ID00212,00004554,60,「けど、電池があっという間になくなって、,"But the battery runs out so fast,",,
ID00212,0000459f,42,　ビックリしちゃうのよねぇ」,It's surprising.,,
ID00212,000048db,18,「はははは」,Hahaha,,
ID00212,0000492e,51,「ＣＤって何枚ぐらい持ってます？」,How many CDs do you have?,,
ID00212,00004b21,54,「ＣＤ？　ん～、１０枚ぐらいかなぁ」,"CDs? Hmm, maybe around ten.",,
ID00212,00005087,45,「中等部のころ、ファンになった,"When I was in middle school, I became a fan",,
ID00212,000050c3,57,　アイドルがいてね、よく買ってたっけ」,of an idol and bought lots of her stuff.,,
ID00212,00005460,36,「そのＣＤって、今は？」,What about those CDs now?,,
ID00212,00005720,48,「家に置いてある。今度帰ったら、,"They're at home. Next time I go back,",,
ID00212,0000575f,42,　久しぶりに聴いてみよっと」,I'll listen to them again.,,
ID00212,00005a77,21,「音楽って…」,Music is...,,
ID00212,00005c4c,63,「そうね～、ウキウキさせてくれるわよね～」,"Yeah, it makes you feel all giddy~",,
ID00212,00005e61,42,「なにか楽器って弾けます？」,Can you play any instruments?,,
ID00212,00005f98,33,「ううん、な～んにも」,"Nope, nothing~",,
ID00212,0000618d,60,「初等部のころは、いつもカスタネットか、,When I was in elementary school...,,
ID00212,000061d8,45,　トライアングルが担当だった」,the triangle.,,
ID00212,000062ba,30,「けど、楽しくなると,"But when we got into it,",,
ID00212,000062e7,51,　１人だけリズムが先走っちゃって、,"I'd get ahead of everyone's rhythm,",,
ID00212,00006329,45,　よく先生を困らせたのよねぇ」,and often drive the teacher crazy.,,
ID00212,000068cd,18,「はははは」,Hahaha,,
ID00212,00006920,63,「弾けるようになりたい楽器ってあります？」,You have any instruments you wanna learn to play?,,
ID00212,00006af2,30,「ん～、どうせなら、,"Hmm, if I'm gonna do it,",,
ID00212,00006b1f,48,　すっごく難しい楽器がやりたい」,I want something really hard.,,
ID00212,00006fab,36,「ヴァイオリン…かなぁ。,Maybe a violin...,,
ID00212,00006fde,51,　音を出すだけで、難しそうだもん」,Just making sound seems tough enough.,,
ID00212,00007571,60,「毎月定額で、音楽聞き放題のサービスって,There's a monthly music streaming sub.,,
ID00212,000075bc,24,　ありますよね」,Right?,,
ID00212,00007767,27,「ああ、あるある」,"Oh yeah, totally.",,
ID00212,00007aa0,51,「電車通勤とか、学校まで遠かったら,Taking the train or if school was far away,,
ID00212,00007ae2,21,　入ったかも」,maybe.,,
ID00212,00007ec9,45,「宿舎からだと、あっという間に,"With a dorm, it's like",,
ID00212,00007f05,27,　着いちゃうから、,"I'm there in no time, so",,
ID00212,00007f2f,45,　暇つぶしがいらないのよねぇ」,"There's no need for distractions, you know?",,
ID00212,0000843d,63,「夏の課題の読書感想文が、面倒くさくて…」,It's such a hassle...,,
ID00212,0000860f,51,「ダメよぉ、夏の間に１冊読むぐらい,You can't!,,
ID00212,00008651,39,　なんてことないでしょ？」,is nothing.,,
ID00212,00008ab8,39,「いい本には、学ぶところが,"Good books have a lot to learn from,",,
ID00212,00008aee,36,　いっぱいあるんだから、,Try your best.,,
ID00212,00008b21,57,　がんばっていい読書感想文を書いてね」,"Reading is fun, isn't it?",,
ID00212,00008e9b,21,「読書って…」,"Yeah, reading...",,
ID00212,00009086,60,「そうそう、楽しいのよ、本を読むのって」,"That's right, reading can be really enjoyable.",,
ID00212,000093cc,45,「電子書籍って利用してます？」,Do you use e-books?,,
ID00212,000095cf,24,「うん、時々ね」,Sometimes.,,
ID00212,000098b5,54,「昔の本とか、無料で公開されてるし、,There are lots of old books available for free.,,
ID00212,000098fa,57,　安月給の身にはありがたいサービスよ」,It's a great service for someone with a low salary.,,
ID00212,00009d5c,33,「教科書って、そのうち,Textbooks will probably be,,
ID00212,00009d8c,39,　電子化しそうですよね？」,"digitalized soon, right?",,
ID00212,00009f46,39,「そうねぇ、便利だもんね」,"Yeah, they're really convenient.",,
ID00212,0000a23b,36,「けど、難点もあるのよ」,But there are downsides too.,,
ID00212,0000a3c8,18,「どんな？」,Like what?,,
ID00212,0000a408,51,「タブレットを忘れるとね…教科書を,If you forget your tablet...,,
ID00212,0000a44a,54,　全部忘れたことになっちゃうのよ！」,You'll end up forgetting all your textbooks!,,
ID00212,0000a8d1,39,「はははは、それヤバい！」,"Hahaha, that's bad!",,
ID00212,0000aa8b,18,「でしょお？,Right?,,
ID00212,0000aaac,57,　絶対に忘れないようにしなくっちゃね」,You've gotta make sure you don't forget it.,,
ID00212,0000ac98,42,「先生って、月に何冊ぐらい、,"How many textbooks do teachers have, like,",,
ID00212,0000acd1,30,　本を読んでます？」,How many do you read a month?,,
ID00212,0000aed1,63,「それが……忙しくて、全然読んでなくて…」,"Well... I'm so busy, I never get to read them...",,
ID00212,0000b1d6,36,「学生の頃は、２冊ぐらい,I used to read two.,,
ID00212,0000b209,36,　読んでたんだけどねぇ」,a month or so.,,
ID00212,0000b54e,45,「秋になったら、読みたいなぁ」,I wanna read when it gets fall.,,
ID00212,0000b62f,33,「読書の秋ですからね」,Time to read.,,
ID00212,0000b841,57,「そう。秋の夜長は、やっぱり読書よね」,Long autumn nights are for reading.,,
ID00212,0000bcf3,42,「動画の感性を磨くためにも、,"To hone your sensibilities for videos,",,
ID00212,0000bd2c,36,　美術の本とか、写真集を,Art books and photo albums.,,
ID00212,0000bd5f,51,　いっぱい見るといいんじゃない？」,"a lot of them would be good, wouldn't they?",,
ID00212,0000c2ff,60,「結構見てますよ。本屋で立ち読みしたり」,I do that a lot. I read books in the store.,,
ID00212,0000c4ce,51,「本屋より、街の図書館がいいわよ。,The library downtown is better than bookstores.,,
ID00212,0000c510,48,　高い本が無料で読み放題だから」,You can read any book for free there.,,
ID00212,0000c91f,33,「そっか、図書館か…」,"Ah, the library...",,
ID00212,0000cad3,57,「うちの図書室も蔵書が充実してるけど、,"Our school's library is pretty good too,",,
ID00212,0000cb1b,45,　図書館にはかなわないからね」,but it can't beat a real one though.,,
ID00212,0000ccfb,42,「音楽や本にもっと触れて…」,Get more into music and books...,,
ID00212,0000cefb,45,「そうそう、感性を磨かなきゃ」,"Yeah, gotta hone your senses.",,
ID00213,00001dfe,45,「一緒にプリントシール撮れて、,"Let's take a print photo together,",,
ID00213,00001e3a,30,　楽しかったですよ」,I had a great time too.,,
ID00213,00001feb,24,「フフッ、私も」,"Hehe, me too.",,
ID00213,0000229a,39,「また、一緒に撮ろうね～」,Let's do it again sometime~,,
ID00213,00002721,47,「@str_000君って、どうしていきなり,Why did @str_000 suddenly,,
ID00213,0000275f,30,　動画を始めたの？」,start making videos?,,
ID00213,00002a58,45,「ミツミキャンプが始まるから、,"It's because Mitsumi Camp is starting, so",,
ID00213,00002a94,60,　父さんにデジカムを持たされて…それで」,That's what my dad made me do.,,
ID00213,00002c2c,57,「ふうん、お父さんがきっかけなんだぁ」,"Hmm, your dad was the trigger huh.",,
ID00213,00002f6a,45,「それで、どう？　始めてみて」,So how is it? Try it out.,,
ID00213,0000323b,63,「…まだうまく録れないけど、面白いな…と」,"...I can't record well yet, but it's fun...",,
ID00213,0000340d,39,「そっかぁ、がんばってね」,"Oh okay, good luck!",,
ID00213,00003768,48,「Ｃムービー部に入ってみてどう？,How about joining the C-Movie Club?,,
ID00213,000037a7,18,　楽しい？」,"Yeah, it is.",,
ID00213,00003a94,24,「楽しいですよ。,It's really fun.,,
ID00213,00003abb,45,　自由にやらせてもらってるし」,They let me do whatever I want.,,
ID00213,00003c44,51,「フフッ、どんどんキュートな動画を,"Hehe, keep making those cute videos.",,
ID00213,00003c86,27,　録っていってね」,Keep recording them too~,,
ID00213,00003fb9,42,「Ｅ動画部に入ってみてどう？,How's joining the E-Video Club?,,
ID00213,00003ff2,18,　楽しい？」,"Yeah, it is.",,
ID00213,000042df,24,「楽しいですよ。,It's really fun.,,
ID00213,00004306,45,　自由にやらせてもらってるし」,They let me do whatever I want.,,
ID00213,000044c6,18,「そっかぁ」,"Oh, really?",,
ID00213,0000466b,54,「くれぐれも、エロース…なんて動画を,Don't record ero stuff.,,
ID00213,000046b0,36,　録っちゃダメですよぉ」,No porn videos!,,
ID00213,00004b06,18,「は、はい」,Y-Yes.,,
ID00213,00004b59,48,「普段、どんなテレビ見てます？」,What kind of TV shows do you usually watch?,,
ID00213,00004d6b,54,「いつも見てるのは、朝の情報番組ね」,I always watch morning news programs.,,
ID00213,000050ed,57,「決まった時間にコーナーが変わるから、,The segments change on time.,,
ID00213,00005135,36,　時計代わりにいいのよ」,It works as a substitute for one.,,
ID00213,0000530c,42,「ニュースって見てますか？」,Do you watch the news?,,
ID00213,00005523,48,「ううん、全然。楽しくないもん」,"Nope, not really. It's no fun at all.",,
ID00213,000058f4,45,「どうせ見るなら、旅番組とか、,I'd watch travel shows.,,
ID00213,00005930,45,　グルメ番組の方がいいわよぉ」,cooking programs and stuff.,,
ID00213,00005d86,57,「動画を始めてみて、思うんですけど…」,"Now that I've started watching videos, I think...",,
ID00213,00005f52,60,「ふぅ～ん、色々深いのねぇ。がんばれ～」,Hmm~ You're so deep. Good luck~,,
ID00213,000062be,48,「夏といえば、心霊動画ですよね」,Summer means ghost videos.,,
ID00213,00006481,48,「イ、イヤよぉ、そんな怖い動画」,"E, Eek, I don't wanna watch scary videos.",,
ID00213,00006748,33,「この間見たのなんか、,The one I saw the other day...,,
ID00213,00006778,39,　本物にしか見えなくて…」,Looked totally real...,,
ID00213,000069b3,42,「あ～っ、聞きたくないぃ！」,Ahh! Don't want to hear it!,,
ID00213,00006c52,48,「グルメ番組に出てくる料理って、,"The food that comes out on gourmet shows,",,
ID00213,00006c91,36,　おいしそうですよね～」,Sounds so yummy~,,
ID00213,00006e8b,42,「うんうん、安月給の身じゃ、,"Yeah yeah, on a low salary like mine,",,
ID00213,00006ec4,48,　絶対食べられないようなお料理が,Looks inedible.,,
ID00213,00006f03,45,　いっぱい出て来て、最高よね」,"So many fancy foods come out, it's the best!",,
ID00213,000074f0,54,「これまでで、一番食べたいって思った,"Of all the dishes here, which one do you think is...",,
ID00213,00007535,18,　料理は？」,the most?,,
ID00213,000076da,30,「ん～、なんだろ…」,"Hmm, what could it be...",,
ID00213,000079c6,54,「あ！　シャンゼリゼ通りのクレープ！,Ah! The crepes from Champs-Elysées Street!,,
ID00213,00007a0b,63,　オープンカフェで、おしゃれに食べたぁい」,I wanna eat them stylishly at an open cafe~,,
ID00213,00007f19,39,「ドラマって見てますか？」,Do you watch dramas?,,
ID00213,0000812d,30,「ううん、ちっとも」,"Nope, not at all.",,
ID00213,00008419,33,「だって、美男美女で、,a lot where,,
ID00213,00008449,42,　仕事もうまくいってってのが,are super hot and their jobs go great.,,
ID00213,00008482,27,　多いじゃない？」,Right?,,
ID00213,0000895b,39,「共感できないのよねぇ…」,...I can't relate...,,
ID00213,00008a5a,18,「ははは…」,Hahaha...,,
ID00213,00008aad,42,「ゲームって、やりますか？」,Do you play games?,,
ID00213,00008c6a,48,「ん～、小さいころは遊んだけど、,"Hmm, I used to when I was little,",,
ID00213,00008ca9,30,　今はやんないなぁ」,but not anymore.,,
ID00213,00009038,24,「スマホでも？」,On a phone too?,,
ID00213,00009226,48,「うん。生徒の子に薦められても、,"Yeah, even when students recommend them to me,",,
ID00213,00009265,42,　すぐ飽きちゃうのよねぇ…」,I get bored really fast...,,
ID00213,00009817,45,「忙しくてやる暇がないってのも,And I'm just too busy to have time for it,,
ID00213,00009853,27,　あると思うけど」,I think that's why.,,
ID00213,000098af,33,「動画の楽しさって…」,What's fun about videos...,,
ID00213,00009a63,63,「フフッ、先生もがんばって協力するからね」,"Hehe, I'll do my best to help too.",,
ID00213,00009d90,60,「映画館って、年に何回ぐらい行きます？」,How many times a year do you go to the movies?,,
ID00213,00009eac,30,「ん～、そういえば、,"Hmm, now that you mention it,",,
ID00213,00009ed9,42,　この何年か行ってないかも」,I haven't been in a while.,,
ID00213,0000a307,50,「@str_000君がつき合ってくれるなら、,"If @str_000 goes with me,",,
ID00213,0000a348,30,　行ってもいいわよ」,then I'd be okay with going.,,
ID00213,0000a4cf,57,「マジですか？　じゃあ、秋になったら」,Really? Then let's go when fall comes around.,,
ID00213,0000a69b,45,「いいわね、芸術の秋だものね」,That sounds nice.,,
ID00213,0000a87b,54,「邦画と洋画ならどっちが好きです？」,Which do you like better: Japanese or foreign films?,,
ID00213,0000aa44,63,「洋画ね。なに喋ってるか、結構わかるもん」,I prefer those.,,
ID00213,0000ae8c,33,「字幕がひどい訳だと、,The subs suck.,,
ID00213,0000aebc,45,　気になってしょうがないけど」,it's really bugging me.,,
ID00213,0000b052,30,「ああ、ありそう…」,"Yeah, that makes sense...",,
ID00213,0000b216,41,「いつか、@str_000君の動画が、,"One day, @str_000's video will be,",,
ID00213,0000b24e,51,　世界中の注目を集めるといいわね」,I hope it'll get the world's attention someday.,,
ID00213,0000b578,39,「う～ん…始めたばかりで、,"Hmm... We just started, so",,
ID00213,0000b5ae,36,　そんなおこがましい夢は,It's too presumptuous to dream of,,
ID00213,0000b5e1,30,　見られないですよ」,something like that.,,
ID00213,0000b792,33,「そんなことないわよ。,That's not true at all.,,
ID00213,0000b7c2,36,　夢は大きく持たなきゃ」,You have to dream big.,,
ID00213,0000b975,51,「もちろん、動画はずっと録っていく,"Of course, I'll keep recording videos",,
ID00213,0000b9b7,30,　つもりですけどね」,for as long as I can.,,
ID00213,0000bab2,57,「うんうん、がんばってね。応援してる」,Good luck! I'm cheering for you.,,
ID00213,0000bdff,57,「デジカム片手に、世界中を録って回る…,Walking around the world with a digicam...,,
ID00213,0000be47,36,　そんなのもアリだなぁ」,Sounds like fun.,,
ID00213,0000bffe,60,「フフッ、いいわね、男の人らしい夢で…」,"Hehe, that's nice. A manly dream...",,
ID00213,0000c40c,60,「けど、ちゃあんとこの街に帰ってきてよ」,But come back to this town properly.,,
ID00213,0000c5fb,30,「動画の魅力って…」,The charm of videos...,,
ID00213,0000c7ac,30,「フフッ、いいわね、,"Hehe, that's nice,",,
ID00213,0000c7d9,57,　なにかに打ち込むのって。がんばって」,Putting your heart into something... Keep at it.,,
ID00214,000038d8,63,「野良犬から助けてくれて、ありがとうねぇ」,"Thanks for saving me, stray dog.",,
ID00214,00003ab7,54,「害のなさそうな小型犬でしたけどね」,It was just a harmless little puppy though.,,
ID00214,00003b87,30,「それでも怖いの！」,You still scared me!,,
ID00214,00003d8d,60,「コンタクトレンズ、一緒に探してくれて、,Thanks for helping me find my contacts.,,
ID00214,00003dd8,21,　ありがとね」,Thanks a lot.,,
ID00214,00004091,51,「見つけたのは心美先生ですけどね」,but it was actually Miss Shinmi who found them.,,
ID00214,000041d1,39,「ううん、助かっちゃった。,"Yeah, you really helped out.",,
ID00214,00004207,42,　踏まれたらおしまいだもの」,"If I'd stepped on one, I'd be done for.",,
ID00214,0000446f,63,「使い捨てなら、落としても安心なんじゃ？」,"It's okay if I drop disposables, right?",,
ID00214,000045e5,36,「あれはね……高いのよ」,Well...they're expensive.,,
ID00214,00004873,27,「そ、そうなんだ」,"Oh, really?",,
ID00214,000048cf,39,「心美先生のハンカチって、,Are all Teacher Shinomi's handkerchiefs,,
ID00214,00004905,45,　どれもかわいい感じですか？」,cute like that?,,
ID00214,00004ac5,60,「そうよ。ウサギさんとか、クマさんとか」,Yeah. Like bunnies and bears.,,
ID00214,00004ddc,18,「そっか…」,"Oh, I see.",,
ID00214,00004f81,42,「あ～っ、なによぉ、その顔。,"Ahh, what's with that face.",,
ID00214,00004fba,48,　女児向けじゃないんだからね！」,They aren't for little girls!,,
ID00214,000055e8,39,「そういう態度取ってると、,"If you keep acting like that,",,
ID00214,0000561e,54,　もう二度と貸してあげないんだから」,then I won't lend it to you again.,,
ID00214,00005821,60,「す、すみません！　心美先生のハンカチは,"S-Sorry! Sensei's handkerchief is for adults, huh?",,
ID00214,0000586c,27,　大人向けだなー」,It's for grown-ups.,,
ID00214,00005a3d,42,「フフッ、わかればよろしい」,"Heh, that's all that matters.",,
ID00214,00005d48,44,「@str_000君とまひろちゃんって、,"@str_000 and Mahiro are close, right?",,
ID00214,00005d83,24,　仲いいわよね。,You're close friends.,,
ID00214,00005daa,51,　ナツにいって呼ばれて、慕われて」,She calls you Nat-chan and looks up to you.,,
ID00214,000061f3,27,「近所に住んでて、,"You live nearby,",,
ID00214,0000621d,42,　妹みたいなもんですからね」,so it's like having a little sister.,,
ID00214,000063da,48,「フフッ、いいわね、そういうの。,"Hehe, that's nice of you to say.",,
ID00214,00006419,30,　大切にしなきゃね」,You should cherish her.,,
ID00214,0000675c,36,「それにしても…まひろに,Still... for Mahiro to,,
ID00214,0000678f,57,　年下に見られるとは…ビックリですよ」,see me as younger than her... I'm surprised!,,
ID00214,0000695b,36,「私だってビックリよぉ」,I'm surprised too~,,
ID00214,00006cc9,36,「小６に見られるなんて…,To be seen as younger...,,
ID00214,00006cfc,33,　歴とした２２歳よ！」,I'm a legit 22 years old!,,
ID00214,0000721a,57,「私の大人の魅力を、もっと伝えなきゃ」,I need to convey my adult charm more,,
ID00214,000073cf,48,「心美先生の趣味ってなんです？」,What's Ms. Shinomiya's hobby?,,
ID00214,00007592,57,「エヘヘ、キラキラした、かわいい小物を,"Hehe, shiny cute little things",,
ID00214,000075da,30,　集めるのが好き～」,collecting them~,,
ID00214,00007924,60,「お店で見かけると、衝動買いを抑えるのが,I hold back from buying them in stores.,,
ID00214,0000796f,30,　大変なんだからぁ」,It's really hard~,,
ID00214,00007dfc,48,「先生の好きな色ってなんです？」,What's your favorite color?,,
ID00214,00007f88,39,「ピンクよ、かわいいもん」,"Pink, it's so cute~",,
ID00214,00008162,48,「休みの日って、なにしてます？」,What do you usually do on days off?,,
ID00214,000081c0,30,「それが…なにも…」,That is... nothing...,,
ID00214,00008496,18,「なにも？」,Nothing?,,
ID00214,0000855b,39,「お掃除して、お洗濯して、,"I clean and wash clothes,",,
ID00214,00008591,54,　授業の準備してたら、もう夕方で…」,and get ready for classes until evening...,,
ID00214,00008a68,33,「早くお仕事に慣れて、,Get used to work quick.,,
ID00214,00008a98,45,　思いっきり羽を伸ばした～い」,so I can really let my hair down~,,
ID00214,00008df5,57,「パソコンって、どんなの使ってます？」,What kind of PC do you use?,,
ID00214,00008fc1,42,「ちっちゃなノートパソコン」,A small notebook PC.,,
ID00214,0000917e,51,「あんまり大きいと、キーが大きくて,"If it's too big, the keys are too big",,
ID00214,000091c0,30,　指が届かないのよ」,My fingers can't reach.,,
ID00214,00009656,57,「特に、右の小指がプルプルしちゃって」,Especially my right little finger shakes a lot.,,
ID00214,00009855,18,「はははは」,Hahaha,,
ID00214,000098a8,42,「苦手なことってあります？」,Is there anything you're bad at?,,
ID00214,00009a65,30,「整理整頓が苦手ぇ。,I'm bad at organizing.,,
ID00214,00009a92,33,　すぐどこに置いたか、,Always forget where I put things.,,
ID00214,00009ac2,42,　わかんなくなっちゃって…」,I end up getting confused...,,
ID00214,00009ef5,51,「子供のころからそうなのよねぇ…。,I've been like that since I was a kid...,,
ID00214,00009f37,30,　イヤんなっちゃう」,It's annoying.,,
ID00214,00009fd7,54,「ネット通販って、よくやる方です？」,You're the type who shops online a lot?,,
ID00214,0000a1a0,39,「ん～、そうでもないかな。,"Hmm, not really.",,
ID00214,0000a1d6,60,　お買い物は、お店でする方が楽しいし…」,I find shopping in stores more fun...,,
ID00214,0000a652,36,「ネットで買いすぎると、,"When you buy too much online,",,
ID00214,0000a685,33,　月末の請求が怖そう」,The bill looks scary.,,
ID00214,0000a859,27,「好きな花って？」,What's your fav flower?,,
ID00214,0000aa07,42,「ピンクの花ならなんでも～」,Any pink flowers are fine~,,
ID00214,0000abf4,60,「母の日にカーネーションを贈るじゃない？,"You give carnations on Mother's Day, right?",,
ID00214,0000ac3f,42,　いつも自分が欲しい～って、,I always want one too~,,
ID00214,0000ac78,51,　うらやましくなっちゃう。テヘッ」,It makes me jealous. Teehee.,,
ID00214,0000b1d0,45,「朝って、強い方？　弱い方？」,Are you a morning person or not?,,
ID00214,0000b390,54,「弱いわよ～、ここんとこ寝不足で～」,Not really~ I've been sleep-deprived lately~,,
ID00214,0000b6d8,54,「手の届かないとこに目覚まし置いて、,"Put your alarm somewhere out of reach,",,
ID00214,0000b71d,42,　必死で起きてるんだからぁ」,I'm trying my best to wake up!,,
ID00214,0000b916,54,「海外旅行って行ったことあります？」,Have you ever been on an overseas trip?,,
ID00214,0000bb22,54,「うん、お金を貯めて、卒業旅行でね」,"Yeah, I'll save money for our graduation trip.",,
ID00214,0000bdfc,36,「どこへ行ったんです？」,Where did you go?,,
ID00214,0000bfcf,48,「ロサンゼルス！　ハリウッドや、,Los Angeles! Hollywood and the theme parks...,,
ID00214,0000c00e,57,　テーマパークを回って、楽しかった～」,It was so much fun~,,
ID00214,0000c520,45,「個人的なことなんですけど…」,There's something personal I need to ask...,,
ID00214,0000c723,57,「うんうん、先生になんでも相談してね」,"Yep, talk to me about anything, okay?",,
ID00214,0000ca3d,42,「遊園地へ行くの楽しみね～。,Can't wait to go to the amusement park~.,,
ID00214,0000ca76,39,　今からワクワクしちゃう」,Getting excited already!,,
ID00214,0000cd94,51,「そうそう、気晴らしも必要ですよ」,Take your mind off things.,,
ID00214,0000cf9d,33,「うんうん、そうよね。,"Yeah, totally.",,
ID00214,0000cfcd,51,　部活にも協力しなきゃならないし」,I also need to help out with club activities.,,
ID00214,0000d2ee,45,「ばば抜き勝負、圧勝でしたね」,You really won that game.,,
ID00214,0000d4e3,33,「フフッ、ああいうのは,"Hehe, stuff like that",,
ID00214,0000d513,42,　深く考えない方がいいのよ」,is best not to think too deeply about.,,
ID00214,0000d868,45,「ノリで、エイッて引いちゃう」,Just go with the flow and pull it out,,
ID00214,0000db63,45,「クジ運いいんだから、私って」,"I'm just lucky, I guess.",,
ID00214,0000dd43,42,「ユイ姉のサインがもらえて、,"Getting Yui's signature was great,",,
ID00214,0000dd7c,27,　よかったですね」,wasn't it?,,
ID00214,0000df2a,48,「エヘヘ～、憧れの人のサインって,Getting a signature~,,
ID00214,0000df69,27,　うれしいものね」,is so nice.,,
ID00214,0000e3e0,42,「一生大事にするんだからぁ」,I'll treasure it forever.,,
ID00214,0000e44b,63,「海が丘公園の夕暮れって、きれいですよね」,"The sunset at Seashore Park is beautiful, isn't it?",,
ID00214,0000e61d,27,「フフッ、そうね。,"Heh, that's right.",,
ID00214,0000e647,51,　長い坂を登った甲斐があるわよね」,"It was worth climbing that long hill, wasn't it?",,
ID00214,0000ea83,51,「まさに、イッツ　アメージングよ」,It's truly amazing.,,
ID00214,0000ec56,18,「はははは」,Hahaha,,
ID00214,0000eca9,54,「先生って、ずっとその髪型ですか？」,"Have you always had your hair like that, teacher?",,
ID00214,0000ee72,39,「そうだけど、どうして？」,"Yeah, but why?",,
ID00214,0000f039,24,「すごく長いし、,"It's really long,",,
ID00214,0000f060,54,　ずっと伸ばしてたんだろうなぁって」,you must have been growing it for a while.,,
ID00214,0000f23b,60,「あ、そっか。見ればわかっちゃうわよね」,"Oh, right. It's obvious once you look at it.",,
ID00214,0000f417,51,「小さいころから長い髪に憧れてて、,"I've admired long hair since I was little,",,
ID00214,0000f459,33,　少しずつ伸ばしたの」,I've been growing it bit by bit.,,
ID00214,0000f9e9,51,「目標の長さに達したから、満足よ」,I've reached my goal.,,
ID00214,0000fbdc,36,「自分を動物に例えると、,"If you compare me to an animal,",,
ID00214,0000fc0f,33,　なんだと思います？」,what do you think it would be?,,
ID00214,0000fc5e,33,「ん～、リスさんかな。,"Hmm~, maybe a squirrel.",,
ID00214,0000fc8e,48,　小さくって、ちょこまかしてて」,Small and energetic.,,
ID00214,00010295,33,「あれぐらいほっぺたに,It'd be nice if my cheeks,,
ID00214,000102c5,63,　スイーツが入れられるといいんだけどなぁ」,could fit that much sweets.,,
ID00214,000105ce,18,「はははは」,Hahaha,,
ID00214,00010621,54,「先生って、どんな格好で寝てます？」,"What kind of clothes do you sleep in, teacher?",,
ID00214,000107ea,33,「一番のお気に入りは、,My favorite is,,
ID00214,0001081a,39,　ヒツジさんのパジャマ！」,sheep-pattern pajamas!,,
ID00214,00010c9d,51,「ヒツジさんのキャラがいっぱいで、,"It's full of sheep characters,",,
ID00214,00010cdf,48,　着ただけで眠くなるんだからぁ」,it makes me sleepy just wearing them.,,
ID00214,00010f60,51,「日記って、つけたことあります？」,Have you ever kept a diary?,,
ID00214,00011156,36,「つけてるわよ～、毎日。,I wear them every day~.,,
ID00214,00011189,57,　ご指導頂いてる先生に提出する日誌を」,The diary I submit to the teacher who's guiding me.,,
ID00214,0001172f,57,「ちゃ～んとその日に起こった出来事を、,Write down everything~,,
ID00214,00011777,48,　細か～く書かないと怒られるし、,"if I don't, she'll get mad at me~",,
ID00214,000117b6,30,　大変なんだからぁ」,It's really hard~,,
ID00214,00011b15,54,「ペットを飼うならなにがいいです？」,What kind of pet would you like if you had one?,,
ID00214,00011d2d,63,「ペットは…飼う自信がないから無理かなぁ」,I can't keep a pet.,,
ID00214,000121f3,60,「まずは、私が一人前にならなくっちゃね」,"First, I need to become capable enough myself.",,
ID00214,000124e6,57,「ついやっちゃうクセってありますか？」,Do you have any bad habits?,,
ID00214,000126b2,48,「ん～とね、横断歩道を見るとね、,"Well, when I see the crosswalk, I tend to",,
ID00214,000126f1,36,　白線をピョンピョンして,hops on the white lines~,,
ID00214,00012724,33,　渡りたくなっちゃう」,I feel like crossing it.,,
ID00214,00012d63,45,「無意識にやっちゃってることも,Sometimes I do it subconsciously,,
ID00214,00012d9f,24,　あるのよね～」,~,,
ID00214,00012f57,18,「はははは」,Hahaha,,
ID00214,00012faa,60,「この街で一番好きな場所ってどこです？」,What's your favorite place in this town?,,
ID00214,000131a9,36,「もちろん、光海学園よ。,It's definitely Mitsumi Academy.,,
ID00214,000131dc,48,　一番大切で、一番大好きな場所」,The most important and the one I love the most.,,
ID00214,0001375b,42,「ＳＮＳってやってますか？」,Do you use SNS?,,
ID00214,00013967,63,「大学のころはやってたけど、やめちゃった」,"I used to when I was in college, but quit.",,
ID00214,00013b8d,21,「どうして？」,Why?,,
ID00214,00013d95,60,「生徒の子たちからも、誘われちゃってね」,Got invited by some of the students too.,,
ID00214,000140fa,60,「お友達感覚でメッセージのやり取りしちゃ,I ended up messaging them like friends.,,
ID00214,00014145,51,　ダメだし、いっそやめちゃったの」,"No good, so I just quit.",,
ID00214,00014511,45,「既読を気にしなくていいから、,"I don't have to worry about read receipts,",,
ID00214,0001454d,30,　むしろスッキリよ」,"Actually, it's a relief.",,
ID00214,000146e7,48,「心美先生って、兄弟いますか？」,Does Teacher Shinomi have any siblings?,,
ID00214,000148aa,54,「いるわよ、歳の離れたお兄ちゃんが」,"Yeah, an older brother.",,
ID00214,00014a49,39,「いくつ離れてるんです？」,How old is the age gap?,,
ID00214,00014c03,51,「９つ。もう３０過ぎたおじさんよ」,Nine years. He's already an old man past thirty.,,
ID00214,00014eda,18,「はははは」,Hahaha,,
ID00214,00014f2d,51,「ちょっと話しづらいんですけど…」,"It's a bit awkward to talk about, but...",,
ID00214,000150f3,48,「あ～あ～、そんなこと言わずに、,"Aww, don't say it like that.",,
ID00214,00015132,42,　なんでも遠慮せず話してね」,Talk freely with me.,,
ID00214,00015592,30,「藍田さんと廊下で、,I heard you met Mr. Aida.,,
ID00214,000155bf,39,　なに頼まれてたんです？」,What did he ask of you?,,
ID00214,00015779,12,「えっ」,Oh!,,
ID00214,00015918,51,「な、なんでもないのよ、なんでも」,"N-nothing at all, really nothing.",,
ID00214,00015dea,60,「大したことじゃないんだから。アハハ～」,"It's no big deal, ahaha~",,
ID00214,00016101,33,（絶対なにかあるな…）,Definitely something's up...,,
ID00214,000162e4,42,「遊園地、楽しかったわね～」,"The amusement park was fun, wasn't it?",,
ID00214,0001660f,45,「もちろん！　最高だったなぁ」,Of course! It was awesome!,,
ID00214,000167cf,24,「ありがとね…。,Thanks...,,
ID00214,000167f6,42,　観覧車で…励ましてくれて」,For cheering me up on the Ferris wheel,,
ID00214,00016bf0,63,「先生の給料って、そんなに安いんですか？」,"Your salary is that low, huh?",,
ID00214,00016d12,51,「勤務時間の割りにはね…新米だし」,Considering my hours and all... I'm still a newbie,,
ID00214,00016f8d,54,「けど、教えるのが好きだからいいの」,But I like teaching so it's fine,,
ID00214,0001717c,36,「実際は…先輩の先生方に,Actually... the senior teachers.,,
ID00214,000171af,42,　教えられてばかりだけど…」,all this time...,,
ID00214,000175ed,18,「はははは」,Hahaha,,
ID00214,00017640,54,「心美先生の誕生日っていつですか？」,When's Miss Shimomi's birthday?,,
ID00214,00017809,54,「９月１４日よ。星占いだと乙女座ね」,September 14th. It's Virgo according to astrology.,,
ID00214,00017b1a,54,「乙女座かぁ、どんな性格なんです？」,"Virgo, huh? What's her personality like?",,
ID00214,00017cff,42,「親切で、思いやりがあって、,"She's kind and considerate,",,
ID00214,00017d38,42,　責任感があって、律儀なの」,responsible and honest.,,
ID00214,00017f17,39,「へ～っ、当たってるなぁ」,"Wow, that hits the nail on the head.",,
ID00214,0001809a,33,「ホント？　うれしい」,Really? That's great.,,
ID00214,000183c0,60,「けどね、精神的に不安定になりがちな面が,She gets mentally unstable.,,
ID00214,0001840b,24,　あるんだって」,right?,,
ID00214,0001850e,30,（当たってるなぁ…）,(That's pretty accurate...),,
ID00214,0001856d,63,「無人島になにか１つ持って行けるとしたら、,"If I could take one thing to a deserted island,",,
ID00214,000185bb,39,　なにを持っていきます？」,What are you bringing?,,
ID00214,00018775,48,「ん～～、あ！　サバイバルの本」,"Hmm~! Oh yeah, a survival book!",,
ID00214,00018ad3,45,「なるほど、教科書ってことだ」,"Oh, so it's like a textbook then.",,
ID00214,00018cd6,48,「そう。教科書は先生の必需品よ」,Textbooks are essential.,,
ID00214,00018eb9,51,「先生以外で、なりたかった職業って,What other job?,,
ID00214,00018efb,30,　なにかあります？」,Anything like that?,,
ID00214,000190c8,36,「ソフトクリーム屋さん！,An ice cream shop!,,
ID00214,000190fb,42,　一日中、食べ放題だもん！」,You can eat all day long!,,
ID00214,00019554,45,「な～んて夢を、初等部のころは,I wonder if I had dreams like that,,
ID00214,00019590,24,　持ってたかな」,When I was young...,,
ID00214,00019748,18,「はははは」,Hahaha,,
ID00214,0001979b,48,「心美先生って、化粧してます？」,"Do you wear makeup, Miss Shinomi?",,
ID00214,0001998e,51,「してるわよぉ、ちょっぴりだけど」,"I do, just a little bit.",,
ID00214,00019d49,45,「大人なんだから、メイクなしで,You're grown up now.,,
ID00214,00019d85,51,　出かけるなんて、あり得ないわよ」,is totally impossible.,,
ID00214,0001a0c2,54,「先生って、車の免許、持ってます？」,Do you have a driver's license?,,
ID00214,0001a28b,48,「持ってるけど、車は持ってない」,"I've got one, but I don't own a car.",,
ID00214,0001a62a,57,「いつか、小さくてかわいい車を買って、,"Someday, I want to buy a cute little car and",,
ID00214,0001a672,33,　ドライブしたいなぁ」,go for a drive in it.,,
ID00214,0001aad3,39,「助手席に乗せてあげるね」,I'll let you ride shotgun.,,
ID00214,0001ab28,21,「…は、はい」,...y-yeah.,,
ID00214,0001ac99,51,「な、なんで、素直に喜ばないのよ？,W-why aren't you just happy?,,
ID00214,0001acdb,42,　ペーパードライバーだけど、,"I'm a nervous driver, but",,
ID00214,0001ad14,36,　大丈夫なんだからぁ！」,It'll be fine!,,
ID00214,0001b232,45,「親しい人がゾンビになったら、,"If someone close to you turned into a zombie,",,
ID00214,0001b26e,36,　とどめを刺せますか？」,could you put them down?,,
ID00214,0001b474,50,「親しい人って……@str_000君とか？」,@str_000-kun or something like that?,,
ID00214,0001b6a9,27,「…だとしたら？」,...then what?,,
ID00214,0001b8b1,42,「絶対無理。噛んでもらって、,No way. You'd have to force me.,,
ID00214,0001b8ea,54,　一緒にゾンビライフを楽しんじゃう」,Let's enjoy zombie life together.,,
ID00214,0001bf0a,54,「うが～～、がっこぉ～行くわよ～～」,Ugh~ I'm going to school~,,
ID00214,0001c21b,18,「はははは」,Hahaha,,
ID00214,0001c26e,27,「俺って…実は…」,I... actually...,,
ID00214,0001c41c,54,「フフッ、驚かないもん、そんなこと。,"Heh heh, don't be surprised by something like that.",,
ID00214,0001c461,48,　とっくに気づいてたんだからぁ」,I've known for a while now.,,
ID00215,00001f65,36,「びしょ濡れになった時、,"When I got all wet,",,
ID00215,00001f98,54,　体操服を貸してくれてありがとね～。,thanks for lending me your gym clothes~.,,
ID00215,00001fdd,57,　おかげで風邪を引かずにすんだみたい」,I think that's why I didn't catch a cold.,,
ID00215,00002335,42,「またびしょ濡れになったら、,"If I get all wet again,",,
ID00215,0000236e,33,　いつでも貸しますよ」,I'll lend them to you anytime.,,
ID00215,0000253e,42,「もうないの！　あんなドジ、,I don't have any more!,,
ID00215,00002577,42,　一生に１回なんだからぁ！」,It's only gonna happen once in my life!,,
ID00215,000028f6,33,「夕暮れの保健室って、,"The school infirmary at sunset,",,
ID00215,00002926,48,　確かにちょっと不気味ですよね」,"Yeah, it is a bit creepy.",,
ID00215,00002b19,54,「はうぅぅ、思い出させないでよぉぉ、,"Ahh, don't remind me...",,
ID00215,00002b5e,27,　怖いじゃないぃ」,It's scary!,,
ID00215,00002e43,30,「す、すみません！」,S-Sorry!,,
ID00215,00003051,33,「も～っ、イジワルぅ」,You're mean~,,
ID00215,00003426,63,「熱中症が怖いから、こまめに水分を取って、,"Heatstroke's scary, drink plenty.",,
ID00215,00003474,42,　外での撮影はほどほどにね」,and don't overdo outdoor shoots.,,
ID00215,00003923,24,「気をつけます」,I'll be careful.,,
ID00215,0000397c,36,「心美先生って、いつから,When did you become Sensei...,,
ID00215,000039af,48,　身長が伸びなくなったんです？」,I haven't grown taller in a while?,,
ID00215,00003bcf,45,「うぅ…そんなのナイショよぉ」,Aww... That's a secret!,,
ID00215,000041e6,48,「まぁ、想像つきますけど。初…」,"Well, I can imagine. First...",,
ID00215,00004481,33,「初等部じゃないわよ！,Not elementary school!,,
ID00215,000044b1,60,　中等部でもちょっと延びたんだからぁ！」,But I did grow a little in middle school too!,,
ID00215,0000488d,57,「タバコを吸う先生って結構いますよね」,There are actually quite a few teachers who smoke.,,
ID00215,00004a59,48,「そうね～、男の先生が多いかな」,"Yeah, there are more male teachers.",,
ID00215,00004dde,63,「私は吸わないけどね。健康によくないもん」,I don't smoke though. It's bad for your health.,,
ID00215,00004f99,39,「心美先生の健康法って？」,What's Ms. Kumomi's health routine?,,
ID00215,00005153,60,「お酒をね、たま～にちょっぴり飲んでる」,I drink a little sake now and then.,,
ID00215,00005698,33,「へ～っ、さすが大人」,"Wow, you really are an adult.",,
ID00215,0000584c,39,「エヘヘ～、すごいでしょ。,"Heheh, isn't that awesome?",,
ID00215,00005882,36,　お酒は百薬の長なのよ」,Sake is the best medicine.,,
ID00215,00005c07,36,「こう暑い日が続くと…」,When it's this hot for so long...,,
ID00215,00005dda,36,「ダメダメ、元気出して、,"No no, cheer up,",,
ID00215,00005e0d,48,　夏バテを吹き飛ばしちゃえ～！」,and blow away your summer fatigue!,,
ID00215,0000629d,51,「マッサージして、体はどうです？」,How's your body feel after the massage?,,
ID00215,00006463,45,「あ、すっごく快適、ありがと」,"Ah, it feels great, thanks.",,
ID00215,000068f3,63,「けど、すぐ疲れが溜まっちゃうのよねぇ…」,But I get tired so quickly...,,
ID00215,00006b8f,36,「またやりましょうか？」,Want me to do it again?,,
ID00215,00006d46,48,「いい！　いい！　痛いのイヤぁ」,No! No! It hurts!,,
ID00215,000072e2,42,「血液型って、何型ですか？」,What blood type are you?,,
ID00215,0000749f,60,「Ａ型～。細かくって、繊細なんだからぁ」,You're type A. You're meticulous and sensitive.,,
ID00215,00007800,45,「心美先生って、ダイエットとは,Sensei is always talking about dieting...,,
ID00215,0000783c,33,　無縁そうですよね？」,Seems like she's not.,,
ID00215,000079f0,42,「それが…そうでもなくて…。,But... it's not really...,,
ID00215,00007a29,33,　油断するとお腹が…」,If you let down guard...,,
ID00215,000080c5,54,「テヘヘ、ただでさえ起伏がないのに、,"Heheh, as if I had any curves to begin with,",,
ID00215,0000810a,60,　ますます…って、なに言わせるのよぉ！」,More and more... what are you making me say?,,
ID00215,00008858,48,「べ、べつに言わせたわけじゃ…」,I-I didn't make you say it on purpose...,,
ID00215,00008a2e,57,「食後はちゃんと歯を磨いてますかぁ？」,Do you brush your teeth properly after meals?,,
ID00215,00008c07,27,「夜はちゃんと…」,Are you proper at night?,,
ID00215,00008db5,45,「朝も昼も磨いた方がいいわよ？,Should brush in morning too?,,
ID00215,00008df1,51,　歯は一生のお付き合いなんだから」,"Your teeth are a lifelong commitment, you know?",,
ID00215,0000912e,48,「先生って、風邪を引きやすい方？,Are teachers prone to catching colds?,,
ID00215,0000916d,36,　それとも引きにくい？」,Or do they not get sick easily?,,
ID00215,00009324,27,「疲れてるとねぇ、,"When you're tired,",,
ID00215,0000934e,48,　誰かからもらっちゃうのよねぇ」,you end up catching it from someone.,,
ID00215,000096e2,33,「ちゃんとうがいして、,"I gargle properly to prevent it,",,
ID00215,00009712,36,　予防してるんだけど…」,but...,,
ID00215,00009813,21,「健康って…」,Health...?,,
ID00215,000099fe,45,「そうそう、元気なのが一番よ」,Being healthy's best.,,
ID00215,00009d43,60,「お風呂上がりにエアコンの風を浴びると、,"After a bath, if hit by AC wind,",,
ID00215,00009d8e,33,　気持ちいいわよね～」,it feels so good~,,
ID00215,0000a0ad,51,「風邪を引かないように気をつけて」,Be careful not to catch a cold.,,
ID00215,0000a273,33,「エヘヘ、わかってる」,"Hehe, I know that.",,
ID00215,0000a460,33,「髪が長いと、手入れが,"When your hair is long,",,
ID00215,0000a490,36,　大変じゃないですか？」,"quite troublesome, right?",,
ID00215,0000a663,36,「そうなの～、夏場は特に,"Yeah, especially in summer~",,
ID00215,0000a696,39,　すぐパサついちゃうから、,"It gets dry so fast, you know?",,
ID00215,0000a6cc,54,　週に２度はトリートメントしてて…」,I have to do treatments twice a week...,,
ID00215,0000ab6b,51,「面倒だけど、髪は切りたくないし、,"It's a hassle, but I don't wanna cut it.",,
ID00215,0000abad,30,　乙女心は裏腹よぉ」,My girly heart is fickle~,,
ID00215,0000afc8,57,「風呂って長い方？　それとも短い方？」,Do you take long baths? Or short ones?,,
ID00215,0000b194,45,「長湯はあんまりしないかなぁ、,"I don't really stay in the bath for too long,",,
ID00215,0000b1d0,30,　のぼせちゃうから」,or else I get hot and bothered,,
ID00215,0000b4bc,39,「大浴場の湯船は熱いしね」,"The hot spring's pretty warm, you know.",,
ID00215,0000b6dd,63,「健康にいいことってなにかやってますか？」,Are you doing anything good for your health?,,
ID00215,0000b8af,42,「ん～、なるべくバランスよく,"Hmm~, I try to eat balanced meals.",,
ID00215,0000b8e8,42,　ご飯を食べるようにしてる」,I guess that's about it.,,
ID00215,0000bd1b,51,「野菜を採ってないなぁと思ったら、,"I thought you weren't eating enough veggies,",,
ID00215,0000bd5d,45,　ウサギさんみたいに、もりもり,but then you end up chowing down.,,
ID00215,0000bd99,39,　サラダを食べちゃうわよ」,on salad all the time.,,
ID00215,0000c20d,18,「はははは」,Hahaha,,
ID00215,0000c260,42,「病は気からって言うけど…」,They say illness starts in the mind...,,
ID00215,0000c460,60,「そうそう、いつも元気でいなくっちゃね」,"Yeah, yeah, gotta stay cheerful all the time.",,
ID00216,000022d8,57,「心美先生って、スク水似合いますよね」,Ms. Shinomi looks great!,,
ID00216,000024a4,60,「エヘヘ、ちょっと恥ずかしいんだけどね」,"Hehe, it's a little embarrassing though.",,
ID00216,000027e5,48,「校内でしか着ないから、いいの」,I only wear it at school so it's fine.,,
ID00216,00002991,30,「相良さんや反町と、,Sagara and Sorimachi.,,
ID00216,000029be,42,　プールで楽しそうでしたね」,You looked so happy.,,
ID00216,00002b7b,54,「エヘッ、もちろん楽しかったわよ～」,Of course it was fun~ Hehe!,,
ID00216,00002ed2,42,「みんなと同じ水着でいると、,"If I wear the same swimsuit as everyone,",,
ID00216,00002f0b,39,　学生時代に戻ったみたい」,Feels like a student again.,,
ID00216,000030e5,54,「心美先生って、泳ぐの好きですか？」,"Do you like swimming, Miss Kumomi?",,
ID00216,000032ca,60,「もちろん大好きよ。だって、楽しいもん」,Of course I do! It's so much fun.,,
ID00216,000034b9,42,「先生の得意な泳ぎ方って？」,What kind of stroke is your specialty?,,
ID00216,00003561,18,「バタ足～」,Flutter kick~,,
ID00216,000035c7,51,「それって、ビート板につかまって…,"You know, where you hold onto the kickboard...",,
ID00216,00003609,21,　ってこと？」,That's right.,,
ID00216,000037b1,60,「いいじゃない、ビート板を使ったってぇ。,It's fine to use a kickboard. It's easier that way.,,
ID00216,000037fc,24,　楽なんだもん」,It's just more relaxing.,,
ID00216,00003ab8,27,「そうですけど…」,"That's true, but...",,
ID00216,00003c96,57,「泳げないってわけじゃないんだからね。,"I can swim, you know.",,
ID00216,00003cde,45,　平泳ぎだって、クロールだって,Even the breaststroke or freestyle,,
ID00216,00003d1a,30,　出来るんだからぁ」,I can do those too!,,
ID00216,0000431a,51,「ビーチで水泳の授業があるなんて、,Swim class at beach's unique for us.,,
ID00216,0000435c,42,　光海学園ならではですよね」,Unique to our school.,,
ID00216,00004519,42,「そうね～、楽しいわよね～、,"~Yeah, it is fun~",,
ID00216,00004552,33,　ビーチスポーツって」,Beach sports are awesome.,,
ID00216,0000484e,42,「特に好きなのはなんです？」,What's your favorite?,,
ID00216,00004a27,51,「ビーチバレーよ。体育館と違って、,"It's beach volleyball. Unlike the gym,",,
ID00216,00004a69,42,　転んでも痛くないんだもん」,you don't hurt yourself if you fall.,,
ID00216,00004d81,42,「心美先生って、髪が長いし、,"Teacher Shinmi has long hair, right?",,
ID00216,00004dba,60,　泳いだあと乾かすの大変じゃないです？」,Isn't it a hassle to dry after swimming?,,
ID00216,00004f89,60,「そうなの～、すっごく時間がかかってぇ」,"~Yeah, it takes forever~",,
ID00216,00005293,45,「教職員用の洗面所にこもって、,"She locks herself in the staff bathroom,",,
ID00216,000052cf,45,　ひたすらドライヤーかけてる」,and dries her hair with a blow dryer.,,
ID00216,0000561d,36,「まぁ、前髪さえ乾けば、,"Well, once my bangs are dry,",,
ID00216,00005650,33,　後ろは縛っちゃうし、,"I'll just tie up the back anyway,",,
ID00216,00005680,42,　どうとでもなるんだけどね」,so it's all good.,,
ID00216,00005a9c,51,「うちのプールってきれいですよね」,"Our pool is so pretty, isn't it?",,
ID00216,00005c62,57,「そうね～、ホテルのプールみたいよね」,"Yeah, it looks like a hotel pool.",,
ID00216,00005fa0,33,「泳いでて気持ちいい」,Swimming here feels great.,,
ID00216,00006163,42,「暑い日の水泳の授業って…」,Swimming lessons on hot days...,,
ID00216,00006363,48,「うんうん、気持ちいいわよね～。,"Mmm-hmm, it really does feel nice.",,
ID00216,000063a2,33,　夏はやっぱり水泳よ」,It's swimming in summer.,,
ID00216,00006aec,54,「一緒にプールへ行くの、楽しみね～」,I'm looking forward to going to the pool together~,,
ID00216,00006cc2,36,「気晴らしも必要ですよ」,"You do need a break too, you know.",,
ID00216,00006e42,30,「フフッ、そうよね。,"Hehe, that's right.",,
ID00216,00006e6f,54,　部活にも協力しなきゃならないしね」,And I have to help out with club activities too.,,
ID00216,000071fb,36,（心美先生のスク水姿…）,Shinomiya-sensei's swimsuit...,,
ID00216,00007464,42,「も、もう！　なんで下の方を,M-Miss! Why are you staring down there!,,
ID00216,0000749d,30,　じっと見るのよぉ」,Why are you staring?,,
ID00216,00007a9a,42,「す、すみません、先生なのに,"S-Sorry, even though you're the teacher...",,
ID00216,00007ad3,60,　スク水ってのがどうしても気になって…」,I'm curious about your swimsuit.,,
ID00216,00007b3d,36,「そんなこと言われたら、,When you say something like that...,,
ID00216,00007b70,51,　恥ずかしくなっちゃうじゃないぃ。,It makes me feel so embarrassed.,,
ID00216,00007bb2,21,　イジワルゥ」,You're mean.,,
ID00216,00008120,36,「スク水着てると、本当に,That swimsuit makes me look like,,
ID00216,00008153,33,　初等部と見間違え…」,I'm in elementary school...,,
ID00216,00008323,51,「そんなことないの！　大人なの！」,That's not true! I'm an adult!,,
ID00216,0000864d,18,「は、はい」,Y-Yes.,,
ID00216,000086a0,63,「海とプール、泳ぐならどっちが好きです？」,Which do you like better? The sea or the pool?,,
ID00216,00008872,33,「ん～、プールかなぁ」,"Hmm, maybe the pool.",,
ID00216,000089fc,21,「どうして？」,Why?,,
ID00216,00008ba4,42,「ウオータースライダーとか、,There are water slides and,,
ID00216,00008bdd,63,　流れるプールとか、いろいろあるじゃない？,all sorts of other stuff too.,,
ID00216,00008c2b,21,　楽しいもん」,It's fun.,,
ID00216,000090a0,54,「プールで飛び込みって出来ますか？」,Can you do a dive in the pool?,,
ID00216,00009104,60,「で、出来るわよ……先生だもん、当然よ」,"I can... I'm a teacher, after all.",,
ID00216,000099a0,48,「ああいうのはね、目をつぶって、,"You know, for that, you have to close your eyes,",,
ID00216,000099df,54,　エイッて飛び出しちゃえばいいのよ、,"Just jump out, you know?",,
ID00216,00009a24,18,　エイッて」,Just jump out~,,
ID00216,00009fc9,30,「いや、それ危な…」,"No, that's dangerous...",,
ID00216,0000a028,54,「いくつまで浮き輪を使ってました？」,How old were you using floaties until?,,
ID00216,0000a282,21,「そんなの…」,That's...,,
ID00216,0000a43a,48,「中等部のころには卒業したわよ。,I graduated from them in junior high.,,
ID00216,0000a479,42,　似合いすぎてイヤだから…」,It looks too good... I don't like it...,,
ID00216,0000a688,45,「未だに似合いそうですけど？」,Still fits you well though?,,
ID00216,0000a920,42,「それは言っちゃダメなの！」,That's not something you should say!,,
ID00216,0000ab0a,51,「水泳の授業って、夏しかないし…」,Swimming class only happens in the summer...,,
ID00216,0000acd0,30,「そうね～、いっぱい,We need lots of practice.,,
ID00216,0000acfd,39,　泳いでおかなくっちゃね」,We have to swim a lot,,
ID00216,0000b193,60,「一緒に行ったプール、楽しかったわね～」,Going to the pool together was so much fun~,,
ID00216,0000b36f,45,「ですね～。最高だったなぁ…」,It really was amazing~,,
ID00216,0000b572,45,「ありがとね、励ましてくれて」,Thanks for cheering me up,,
ID00216,0000b74c,36,（心美先生のスク水姿…）,Shinomiya-sensei's swimsuit...,,
ID00216,0000b9b5,63,「も、もう！　そんなにじっと見ちゃダメェ」,Stop! Don't stare at me like that,,
ID00216,0000bc3b,57,「す、すみません、もうすぐプール納めで,"Sorry, I'll be out of the pool soon",,
ID00216,0000bc83,33,　見られなくなるから」,so you won't see me anymore,,
ID00216,0000bec8,48,「だからって、見なくていいの！」,That doesn't mean you can stop looking!,,
ID00216,0000c0c7,45,「うちのスク水のデザインって、,The design of our swimsuits is pretty sporty,,
ID00216,0000c103,63,　三角のラインが入ってて変わってますよね」,The triangle line makes it look different,,
ID00216,0000c2d5,48,「そうね～、競泳水着みたいよね」,"Yeah, it's like a racing swimsuit",,
ID00216,0000c5d3,45,「速く泳げそうで、かっこいい」,It looks fast and cool,,
ID00216,0000c7cf,48,「最近、スカートタイプのスク水が,"Lately, skirted swimsuits have been",,
ID00216,0000c80e,30,　あるみたいですね」,seems to be a thing.,,
ID00216,0000c9bf,36,「そうね～、うちも導入を,"Yeah, we're considering",,
ID00216,0000c9f2,33,　検討してるみたいよ」,introducing them too.,,
ID00216,0000cb7c,12,「えっ」,Oh!,,
ID00216,0000cd1b,42,「私はちょっとかわいすぎて、,I think I'm a bit too cute,,
ID00216,0000cd54,60,　授業には向かないかなぁって思うけどね」,for school wear though...,,
ID00216,0000d0dd,42,「背泳ぎって難しいですよね、,"Backstroke is hard, isn't it?",,
ID00216,0000d116,36,　進む方向が見えなくて」,You can't see where you're going.,,
ID00216,0000d310,39,「うんうん、わかるわかる」,"Yeah, totally get that.",,
ID00216,0000d621,60,「私なんか、そもそも浮いてるのが大変よ。,I'm already having trouble just staying afloat.,,
ID00216,0000d66c,33,　すぐ鼻に水が入って、,"Water keeps going up my nose,",,
ID00216,0000d69c,36,　ツーンってなっちゃう」,and it stings like hell.,,
ID00216,0000dc9f,51,「水泳っていい運動になりますよね」,"Swimming's great exercise though, right?",,
ID00216,0000de65,51,「全身運動で、有酸素運動だからね」,"It's full-body cardio, aerobic stuff.",,
ID00216,0000e182,39,「とっても健康にいいのよ」,So it's really good for you.,,
ID00216,0000e1ea,42,「そろそろ夏も終わりだし…」,We're nearing the end of summer...,,
ID00216,0000e3a7,18,「そうね～、,"I guess so~,",,
ID00216,0000e3c8,51,　たっぷり泳いでおかなくっちゃね」,We'd better swim plenty while we still can.,,
ID00217,00002d9c,54,「心美先生って体操服似合いますよね」,You look great in it.,,
ID00217,00002f92,54,「そう？　あんまりうれしくないけど、,"Really? I'm not too happy about it though,",,
ID00217,00002fd7,18,　ありがと」,Thanks.,,
ID00217,00003490,60,「校内でしか着ないし、まぁいっかなって」,"I only wear it at school anyway, so whatever.",,
ID00217,000036f9,54,「心美先生って、運動神経はある方？」,Does Sensei have good athletic ability?,,
ID00217,000038c2,42,「悪くはないと思うんだけど、,"I think she's pretty decent, but",,
ID00217,000038fb,45,　体が小さいから、なにやっても,"because she's small, everything just ends up",,
ID00217,00003937,42,　ドタバタしちゃうのよねぇ」,being a bit clumsy.,,
ID00217,0000431d,42,「学生のころは、背が高くて、,"back then, I was tall and",,
ID00217,00004356,48,　スタイルがいい人に憧れたなぁ」,had a good figure too.,,
ID00217,0000481c,48,「好きなスポーツってなんです？」,What's your favorite sport?,,
ID00217,000049df,63,「トスバレーが好きよ。みんなで出来るから」,I like volleyball. It's fun with everyone.,,
ID00217,00004bd1,42,「走るのって速い方ですか？」,Are you fast at running?,,
ID00217,00004de8,54,「ううん、ちっとも。一歩が短いから、,"Nope, not really. My legs are short so",,
ID00217,00004e2d,33,　スピードが出なくて」,I can't run fast.,,
ID00217,00005530,27,「ハードルなんか、,Jumping over hurdles is,,
ID00217,0000555a,42,　倒してばっかりだったもん」,I've only ever been knocked down...,,
ID00217,00005724,18,「はははは」,Hahaha,,
ID00217,00005777,57,「真夏の校庭の体育って地獄ですよね…」,P.E. in the schoolyard during summer is hell...,,
ID00217,000059bd,39,「わかるわかる…暑すぎて、,"I know, I know... It's so hot that",,
ID00217,000059f3,36,　陽炎が立ったりしてね」,heat haze rises up...,,
ID00217,00005f5b,42,「無理せず、お水を飲んだり、,"Don't push yourself, drink some water,",,
ID00217,00005f94,45,　日陰で休んだりするようにね」,take a break in the shade.,,
ID00217,000062af,57,「苦手なスポーツってなにかあります？」,Is there any sport you're bad at?,,
ID00217,0000647b,48,「ん～、ソフトボールが苦手かな」,"Hmm, maybe softball.",,
ID00217,000067e5,21,「どうして？」,Why?,,
ID00217,0000698d,27,「片手で扱うには、,"One hand's small for it,",,
ID00217,000069b7,51,　ちょっとボールが大きいんだもん」,the ball is kinda big you know.,,
ID00217,00006d36,51,「遠くに投げられなくて困っちゃう」,I can't throw it far which sucks.,,
ID00217,00006f38,57,「うちみたいに、２階建ての体育館って、,"We have a two-story gym like ours,",,
ID00217,00006f80,48,　他じゃあんまり見ないですよね」,"You don't see that much elsewhere, right?",,
ID00217,000071a2,57,「うんうん、立派よね～、すごいと思う」,"Yeah yeah, impressive~ I think it's great.",,
ID00217,0000761b,30,「勉強だけじゃなく、,"Not just studying,",,
ID00217,00007648,42,　スポーツにも力を入れてる、,"she puts effort into sports too,",,
ID00217,00007681,33,　うちらしいわよね～」,"That's so us, isn't it~",,
ID00217,000079ac,48,「体育の成績って、どうでした？」,How did you do in P.E.?,,
ID00217,00007b6f,54,「エヘヘ、あんまり出来ないわりには、,"Hehe, even though I'm not that good at sports,",,
ID00217,00007bb4,39,　いい成績もらえてたのよ」,I got a pretty good grade.,,
ID00217,0000801b,39,「楽しそうにやってるって、,She looks like she's having fun.,,
ID00217,00008051,48,　いつもほめられてたからかな？」,"She looked like she was enjoying herself, maybe?",,
ID00217,00008338,54,「学生時代、なにか運動してました？」,Did you do any sports in high school?,,
ID00217,0000855b,30,「ん～ん、なんにも。,Hmm~ Not really.,,
ID00217,00008588,57,　体育の授業を、一生懸命やったぐらい」,I only really tried my best in PE class.,,
ID00217,00008b3c,60,「遊びでやるなら、どんなスポーツだって、,Any sport'd be fun then~,,
ID00217,00008b87,51,　チャレンジしちゃうんだけどね～」,I'd totally give it a shot!,,
ID00217,00008eb5,48,「個人スポーツとチームスポーツ、,"Individual sports and team sports,",,
ID00217,00008ef4,33,　どっちが好きです？」,Which do you like better?,,
ID00217,000090a8,39,「断然、チームスポーツ！」,It's definitely team sports!,,
ID00217,000093b9,48,「みんな一緒の方が、楽しいもん」,More fun when together.,,
ID00217,0000959c,39,「夏のスポーツといえば…」,When it comes to summer sports...,,
ID00217,00009799,42,「うんうん、私も大好き～！」,"Yeah, yeah, I love 'em too~!",,
ID00217,00009992,51,「砂浜を自主的にランニングなんて、,Cool to run alone.,,
ID00217,000099d4,30,　がんばるなぁって」,Isn't it?,,
ID00217,00009b85,33,「エヘッ、いつだって、,"Heh heh, always,",,
ID00217,00009bb5,39,　ドゥ　マイ　ベストよ！」,Do my best!,,
ID00217,00009f01,45,「まさか、キックターゲットで、,"I never thought I'd be a kick target,",,
ID00217,00009f3d,60,　ボールじゃなく、靴が当たるなんてなぁ」,and get hit by someone's shoe instead of the ball.,,
ID00217,0000a10c,45,「あ～っ、思い出しちゃダメェ」,"Ahh, don't think about it.",,
ID00217,0000a414,60,「ははは、けど、スッキリしたでしょう？」,"Haha, but you feel better now?",,
ID00217,0000a5f3,24,「ん……まぁね」,Hmm... I guess so.,,
ID00217,0000a985,48,「連れて行ってくれて、ありがと」,Thanks for bringing me along.,,
ID00217,0000ab8f,36,（心美先生の体操服姿…）,Teacher Shinomi's gym clothes...,,
ID00217,0000adf8,48,「も、もう、そんなに見ちゃダメ！,S-Stop staring at me like that!,,
ID00217,0000ae37,42,　恥ずかしくなるんだからぁ」,It's making me blush...,,
ID00217,0000b2d8,30,「す、すみません！」,S-Sorry!,,
ID00217,0000b337,63,「先生だと、ブルマも似合いそうですよね？」,You think the teacher looks good in a swimsuit too?,,
ID00217,0000b53d,36,「それって、ほめてる？」,Are you complimenting me?,,
ID00217,0000b58f,54,「も、もちろん！　大人なのにブルマを,Of course! It's rare to see an adult in swimsuit.,,
ID00217,0000b5d4,63,　着こなせるなんて、そうそういませんよ？」,You're just not gonna find many who can rock it!,,
ID00217,0000b7d4,27,「も～っ、ちっとも,Mou~ I don't feel it at all,,
ID00217,0000b7fe,42,　ほめられてる気がしなぁい」,like I'm being complimented.,,
ID00217,0000bb8c,42,「心美先生って、体は固い方？,Is Ms. Shinomiya's body stiff?,,
ID00217,0000bbc5,24,　柔らかい方？」,Or more flexible?,,
ID00217,0000bd70,30,「年相応ってとこね」,That's age-appropriate.,,
ID00217,0000be00,39,「子供並みに柔らかいと…」,If she were as soft as a kid...,,
ID00217,0000bfcc,30,「そうじゃないわよ！,That's not it at all!,,
ID00217,0000bff9,51,　二十歳過ぎの大人相応ってこと！」,That's what an adult over twenty is like!,,
ID00217,0000c33e,18,「はははは」,Hahaha,,
ID00217,0000c391,45,「キャンプへ行くなら、海と山、,"If we camp, beach or mountains.",,
ID00217,0000c3cd,33,　どっちがいいです？」,Which is better for you?,,
ID00217,0000c581,63,「普段、海のそばにいるから、山がいいなぁ」,"I usually stay by the sea, so mountains are nice.",,
ID00217,0000c8c5,60,「お花畑でウサギさんと出会ったりしてね」,Meeting bunnies in a flower field and stuff.,,
ID00217,0000cbb8,39,「逆上がりって出来ます？」,Can you do back handsprings?,,
ID00217,0000cda6,57,「出来るわよ。子供じゃないんだからね」,I can. I'm not a kid anymore.,,
ID00217,0000ce51,57,「い、いや、大人でも出来ない人いるし」,"N-No, there are adults who can't do it either.",,
ID00217,0000d01d,48,「私は小さいころ、いっぱい鉄棒で,"I played on the bars a lot when I was little,",,
ID00217,0000d05c,30,　遊んだから大丈夫。,so I'm fine.,,
ID00217,0000d089,48,　蹴上がりだって出来るんだから」,I can even do front handsprings.,,
ID00217,0000d4e2,33,「懸垂って出来ます？」,Can you do pull-ups?,,
ID00217,0000d6f0,51,「ううん、無理～。１回も出来ない」,"Nope, no way. I've never been able to.",,
ID00217,0000d939,57,「握力がないから、ぶら下がってるだけで,"My grip strength is bad, just hanging there",,
ID00217,0000d981,21,　大変だもん」,is hard enough.,,
ID00217,0000db66,45,「テニスとか、バドミントンには,What about tennis or badminton?,,
ID00217,0000dba2,33,　興味ないんですか？」,You're not interested in those?,,
ID00217,0000dd1f,45,「やるなら、テニスがいいかな」,"If I were to do it, maybe tennis.",,
ID00217,0000deec,21,「どうして？」,Why?,,
ID00217,0000e0b0,36,「ネットが低いじゃない？,"The net's lower, right?",,
ID00217,0000e0e3,33,　やりやすいかなって」,It might be easier.,,
ID00217,0000e2f1,54,「体操と新体操なら、どっちがすごいと,Which one's more impressive?,,
ID00217,0000e336,24,　思いますか？」,What do you think?,,
ID00217,0000e4e1,60,「ん～、先生としては、決められないわね。,"Hmm~ As a teacher, I can't decide.",,
ID00217,0000e52c,48,　どっちの部もがんばってるから」,Both clubs are doing their best.,,
ID00217,0000eb6d,51,「美の新体操、技の体操って感じね」,It's like gymnastics for beauty and skill.,,
ID00217,0000eee1,60,「いつか、うちの学校から、オリンピックに,I hope we do.,,
ID00217,0000ef2c,57,　出るような選手が現れるといいですね」,"Someday, I hope a competitor like that will appear.",,
ID00217,0000f0f8,60,「そうねぇ、御前さんがバドミントンだけに,"Yeah, Nagisa's all into badminton now.",,
ID00217,0000f143,57,　集中したら、出られそうなもんだけど」,Maybe she could make it if she focused on that.,,
ID00217,0000f61b,57,「彼女は、スポーツで生きてくタイプじゃ,She’s not the type to live for sports though.,,
ID00217,0000f663,42,　ないから、そんな気なしね」,So I don’t think she’d go for it.,,
ID00217,0000fb20,30,「適度な運動って…」,Moderate exercise...?,,
ID00217,0000fd14,42,「そうそう、大人になったら、,"Yeah, yeah, once you're an adult,",,
ID00217,0000fd4d,57,　運動する機会なんか限られるんだから、,"there's not much chance to exercise, so",,
ID00217,0000fd95,60,　今のうちにがんばっておかなくっちゃね」,you have to work hard while you can.,,
ID00217,000104fe,36,（心美先生の体操服姿…）,(Teacher Shinomi in gym clothes...),,
ID00217,00010767,63,「そ、そんなにじっと見ちゃダメだってばぁ」,"Don't stare at me like that!""",,
ID00217,00010a3d,30,「す、すみません！」,S-Sorry!,,
ID00217,00010bfe,15,「もう…」,Geez...,,
ID00217,00010c4e,45,「ミツミキャンプが終わったら、,Check out my room later.,,
ID00217,00010c8a,39,　ジャージに衣替えですね」,Time to change.,,
ID00217,00010e93,60,「そうね～、ショートパンツともお別れね」,"Well, I guess it's goodbye to the shorts.",,
ID00217,00011230,48,「私が体育の授業を担当することも,I won't be teaching P.E. anymore either.,,
ID00217,0001126f,30,　なくなるだろうし、,I won't be in charge.,,
ID00217,0001129c,48,　ジャージは着ることないかもね」,I might not even wear track pants anymore.,,
ID00217,00011783,42,「武道には興味ないですか？」,Are you not interested in martial arts?,,
ID00217,0001198f,42,「ん～、たまちゃん見てると、,"Hmm, watching Tama-chan,",,
ID00217,000119c8,51,　剣道っていいなぁって思うけど…」,I think kendo's pretty cool...,,
ID00217,00012004,54,「体が小さいから相手にならなさそう。,You're so small I don't think you'd be a match.,,
ID00217,00012049,30,　リーチが違うもん」,Your reach is just different.,,
ID00217,00012378,39,「ダンスって好きですか？」,Do you like dancing?,,
ID00217,0001254e,54,「もちろん。リズムに乗って踊るのって,Of course. Dancing to the rhythm is,,
ID00217,00012593,30,　楽しいじゃない？」,isn't it fun?,,
ID00217,00012a0d,45,「創作ダンスも、生徒に混じって,"so much fun, I even join in with the students",,
ID00217,00012a49,27,　やっちゃうわよ」,and do it myself.,,
ID00217,00012d52,60,「スポーツテストで一番得意な種目って？」,What's your best event at the sports test?,,
ID00217,00012f3d,57,「反復横跳びよ。すばしっこいんだから」,It's long jump. I'm super fast!,,
ID00217,00013129,57,「スポーツテストで一番苦手な種目は？」,And what's your worst?,,
ID00217,00013371,33,「ハンドボール投げ…」,Handball throw...,,
ID00217,000135e2,33,「あんな大きなボールを,It's impossible to throw,,
ID00217,00013612,36,　片手で投げるの無理ぃ」,such a big ball with one hand!,,
ID00217,000139b1,51,「オリンピックとか、世界大会って、,"Like the Olympics or world championships,",,
ID00217,000139f3,60,　始まるとついテレビで見ちゃいますよね」,I can't help but watch them on TV.,,
ID00217,00013c05,39,「そうそう、深夜放送だと、,"Yeah, and if it’s late night TV,",,
ID00217,00013c3b,30,　眠い目こすってね」,Rub those eyes.,,
ID00217,00014099,39,「ガンバレ、ニッポ～ン！」,"Go for it, Japan!",,
ID00217,0001413a,18,「はははは」,Hahaha,,
ID00217,0001418d,42,「サッカーのオフサイドって、,What's the offside rule in soccer?,,
ID00217,000141c6,48,　どういうルールかわかります？」,Do you know how it works?,,
ID00217,00014389,63,「わ、わかるわよ。先生なんだから、当然よ」,"I-I do! I'm a teacher, after all.",,
ID00217,0001485c,27,「本当ですか～？」,Really~?,,
ID00217,00014a1c,48,「ほ、本当よ！　ボールを蹴る前に,R-Really! If you cross the offside line,,
ID00217,00014a5b,42,　オフサイドラインを越えちゃ,before kicking the ball,,
ID00217,00014a94,27,　ダメなんだから」,it's not allowed!,,
ID00217,0001521d,51,「なんでそんなルールがあるのかは…,Why such a rule exists...,,
ID00217,0001525f,42,　よくわかんないんだけどね」,I don't really get it though.,,
ID00217,00015405,39,「この間、体育の授業で…」,In P.E. class the other day...,,
ID00217,000155bf,51,「フフッ、そんなことあったんだぁ。,"Hehe, so that's what happened.",,
ID00217,00015601,30,　がんばってるわね」,You're doing your best.,,
ID00218,000025dc,45,「ブックカフェのコーヒーって、,Book cafe coffee is...,,
ID00218,00002618,30,　おいしいですよね」,"so tasty, right?",,
ID00218,0000280c,30,「うん、私も大好き」,"Yeah, I love it too.",,
ID00218,000029ca,39,「いや、先生のは乳飲料…」,"No, the teacher's is a milk drink...",,
ID00218,00002ba0,42,「コーヒーな・の！　も～っ」,It's COFFEE! Maaaan~,,
ID00218,00002eb8,54,「冷蔵庫にいつも入ってる飲みものって,The drinks that are always in the fridge are...,,
ID00218,00002efd,21,　なんです？」,What's that?,,
ID00218,000030a5,42,「牛乳と紙パックのジュース」,milk and juice boxes.,,
ID00218,00003262,51,「紙パックは捨てやすくていいのよ」,Juice boxes are easy to throw away.,,
ID00218,00003411,63,「コーヒーと紅茶なら、どっちが好きです？」,"Which do you like better, coffee or tea?",,
ID00218,000035e3,21,「コーヒーよ」,Coffee.,,
ID00218,0000378b,48,「お仕事しながら飲むと、紅茶より,I feel more energized sipping tea.,,
ID00218,000037ca,57,　がんばってるなぁって気がするのよね」,than with coffee.,,
ID00218,00003e0c,60,「暑いからって、冷たいものを飲み過ぎると,If you drink too many cold drinks because it's hot,,
ID00218,00003e57,54,　お腹を壊しますよぉ。気をつけてね」,you'll get an upset stomach. Be careful.,,
ID00218,000042f6,15,「先生も」,You too.,,
ID00218,000044c8,36,「私は大人だから大丈夫」,"I'm an adult, so I'll be fine.",,
ID00218,00004668,48,「苦手な飲みものってあります？」,Do any drinks upset your stomach?,,
ID00218,0000482b,48,「温めすぎたホットミルクが苦手」,I can't handle milk that's too warm,,
ID00218,00004bbf,45,「上に張った膜が唇に当たって、,The film on top touches my lips and,,
ID00218,00004bfb,45,　アチチッてなっちゃうのよぉ」,It burns like crazy~,,
ID00218,00004f3a,33,「ああ、なりますね～」,"Ah, it does hurt~",,
ID00218,00004f9c,48,「おにぎりの具で好きなのって？」,What do you like as onigiri fillings?,,
ID00218,0000515f,36,「ん～、具というよりは、,"Hmm, more of a texture issue than",,
ID00218,00005192,33,　焼きおにぎりが好き」,I like grilled onigiri.,,
ID00218,0000560f,63,「スーパーで売ってる冷凍の焼きおにぎりが、,Those frozen grilled rice balls from the store.,,
ID00218,0000565d,45,　小さくてちょうどいいのよ～」,They're just the right size~,,
ID00218,00005978,39,「夏の飲みものといえば…」,When it comes to summer drinks...,,
ID00218,00005b32,48,「いいわね～、私もよく飲むわよ」,That's nice~ I drink often too.,,
ID00218,00005d15,57,「心美先生って、お酒好きなんですか？」,Do Mr. Shinmi like alcohol?,,
ID00218,00005ee1,51,「え？　そ、そうね、時々飲むわよ」,"Huh? Oh yeah, sometimes I do drink though.",,
ID00218,00006398,21,「どうして？」,Why?,,
ID00218,000063db,27,「いや、べつに…」,"No, it's nothing...",,
ID00218,00006589,18,「ふうん…」,Hmm...,,
ID00218,000065dc,42,「眠気覚ましのコーヒーって、,Coffee to wake you up is,,
ID00218,00006615,27,　うまいですよね」,"pretty good, right?",,
ID00218,00006806,39,「うん、おいしいわよね～」,"You're right, it's delicious~",,
ID00218,00006b2b,51,「ブラックだって、飲めるんだから」,I can even drink black coffee.,,
ID00218,00006cc7,18,「はははは」,Hahaha,,
ID00218,00006d1a,45,「サンドイッチで好きなのって、,What kind of sandwich do you like?,,
ID00218,00006d56,27,　何サンドです？」,What kind?,,
ID00218,00006f20,42,「だ～んぜん、たまごサンド」,It's totally egg sandwich.,,
ID00218,0000726b,33,「ふわふわのたまごと、,"Soft, fluffy eggs and",,
ID00218,0000729b,63,　ふかふかのパンの取り合わせがいいのよ～」,the combination with the soft bread is great~,,
ID00218,0000772d,63,「この間、駅前モールのフレッシュジュースの,The other day at the station's Fresh Juice.,,
ID00218,0000777b,48,　お店で、小さい女の子がパパに、,a little girl asked her dad for,,
ID00218,000077ba,57,　“グレープってなに”って聞いてたの」,She was asking 'What's grape?',,
ID00218,00008102,54,「パパが”ぶどうだよ”って答えたら、,"When her dad said it's grapes,",,
ID00218,00008147,33,　目をキラキラさせて、,"her eyes sparkled,",,
ID00218,00008177,54,　“じゃあ、グレープにする！”って」,"and she said, 'Then I'll have grape!'",,
ID00218,00008d2f,30,「かわいかったなぁ」,You were so cute.,,
ID00218,00008eb6,15,「へ～っ」,Wow...,,
ID00218,00009058,63,「私も思わず、グレープを頼んじゃったわよ」,I couldn't help but ask for grape too.,,
ID00218,00009237,18,「はははは」,Hahaha,,
ID00218,0000928a,60,「夏って、炭酸が飲みたくなりますよね～」,"You get thirsty for soda in the summer, don't you~",,
ID00218,00009459,54,「そうねぇ。けど、飲みきれなくて…」,"Yeah, but I couldn't finish it...",,
ID00218,00009a23,54,「ペットボトルとか、飲み終わるまでに,It takes days to finish a bottle of soda,,
ID00218,00009a68,30,　何日もかかるから、,"It takes days,",,
ID00218,00009a95,36,　炭酸が抜けちゃうのよ」,The fizz goes flat.,,
ID00218,00009f40,60,「男子はいいわね、ゴクゴク一気に飲めて」,"Boys are lucky, they can chug it all at once.",,
ID00218,0000a0f8,45,「ミルクティとレモンティなら、,"""Do you like milk tea or lemon tea more?""",,
ID00218,0000a134,33,　どっちが好きです？」,Which do you like better?,,
ID00218,0000a304,33,「断然、ミルクティよ。,Definitely milk tea.,,
ID00218,0000a334,42,　特にロイヤルミルクティね」,Especially royal milk tea.,,
ID00218,0000a79e,54,「香りがいいし、甘くておいしいのよ」,It smells good and it's sweet and delicious.,,
ID00218,0000a974,27,（砂糖は多め…と）,With extra sugar...,,
ID00218,0000a9d0,51,「ポテチの好きな味ってなんです？」,What's your favorite potato chip flavor?,,
ID00218,0000ab96,54,「ポテチはね、色んな味の小袋が入った,I like packs with various flavors.,,
ID00218,0000abdb,27,　パックのが好き」,of chips.,,
ID00218,0000b052,30,「中でも好きなのは、,"Among them, my favorite is",,
ID00218,0000b07f,48,　サワークリームオニオンかなぁ」,maybe sour cream onion.,,
ID00218,0000b2a4,51,「コンビニのホットスナックって…」,Convenience store hot snacks...,,
ID00218,0000b46a,63,「フフッ、男子って、買い食いが好きよね～」,"Hee hee, guys really like to snack, don't they~",,
ID00218,0000b797,60,「心美先生、お酒はほどほどにしといた方が,"Teacher Shinomiya, don't overdo it.",,
ID00218,0000b7e2,24,　いいんじゃ…」,It's better that way...,,
ID00218,0000b9ee,57,「あーっ、あの夜のこと？　ゴメンねぇ」,"Ah, are you talking about that night? Sorry~",,
ID00218,0000bf64,45,「その……どこまで覚えてる？」,Um... How much do you remember?,,
ID00218,0000c141,42,「いや…寝ぼけててなにも？」,Nah... I didn't remember anything.,,
ID00218,0000c335,15,「本当？」,Really?,,
ID00218,0000c372,24,「も、もちろん」,"Of, of course.",,
ID00218,0000c51d,36,「そっか、よかったぁ…」,"Oh, that's good...",,
ID00218,0000c71a,60,「心美先生って、牛乳が好きなんですね？」,"You like milk, Ms. Shinomi?",,
ID00218,0000c8e9,60,「そうよぉ、朝の起き抜けも、疲れた時も、,"Yeah, in the morning or when you're tired,",,
ID00218,0000c934,24,　牛乳１本よ！」,a glass of milk!,,
ID00218,0000cdec,63,「そんなに飲んでて、なんで大きくならず…」,Why don't you get big from drinking so much...,,
ID00218,0000cfbe,30,「なにか言ったぁ～」,What did you say?,,
ID00218,0000d00a,39,「な、なんでもないです！」,Nothing! Nothing at all!,,
ID00218,0000d072,60,「コーヒーの飲み過ぎは、体によくないって,"I mean, drinking too much coffee isn't good for you,",,
ID00218,0000d0bd,33,　言うし、気をつけて」,so I'm being careful.,,
ID00218,0000d2b4,39,「そうそう、そうなのよ～」,"Yeah, that's right.",,
ID00218,0000d5e0,60,「胃が痛くなって、ストレスかと思ったら、,"When my stomach hurts and think stress,",,
ID00218,0000d62b,57,　コーヒー控えたら治っちゃったりして」,cutting back on the coffee actually helps.,,
ID00218,0000db47,54,「いや、ストレスもあると思うから…」,"No, I do think there’s some stress involved...",,
ID00218,0000dcd9,60,「エヘヘ、大丈夫。ごめんね、心配かけて」,"Hehe, don’t worry. Sorry to make you anxious.",,
ID00218,0000e03a,42,「心美先生が好きなお酒って、,What's the liquor Sensei likes?,,
ID00218,0000e073,27,　日本酒ですか？」,Sake?,,
ID00218,0000e221,48,「そうよぉ、今時の日本酒が好き」,"Yeah, I like sake from these days.",,
ID00218,0000e3ba,15,「今時？」,Sake from now?,,
ID00218,0000e55c,57,「香りが良くって、お米の甘味が豊かで、,"It has a nice aroma, rich sweetness,",,
ID00218,0000e5a4,42,　それでいてキレがいいお酒」,and it's got a great finish too.,,
ID00218,0000ea61,36,「古いタイプの日本酒は、,I hate old-style sake because,,
ID00218,0000ea94,42,　頭が痛くなるからキラ～イ」,it gives me a headache.,,
ID00218,0000eee7,54,「女性って、ワインが好きですよね？」,"Women like wine, right?",,
ID00218,0000f0b0,48,「私も飲むわよ。パンとチーズに、,"I'll have some too. With bread and cheese,",,
ID00218,0000f0ef,42,　ワインがあれば、それだけで,"with wine, that's enough",,
ID00218,0000f128,27,　幸せ～って感じ」,to feel happy~,,
ID00218,0000f819,63,「週に何回ぐらい、お酒を飲んでるんです？」,How often do you drink alcohol in a week?,,
ID00218,0000f9fd,45,「そ、そんなに飲んでないわよ。,I-I don't drink that much.,,
ID00218,0000fa39,36,　月に２、３回ってとこ」,Maybe two or three times a month.,,
ID00218,00010184,27,「毎日忙しいもん」,I'm busy every day.,,
ID00218,000101e0,30,「大学の飲み会って、,"University drinking parties,",,
ID00218,0001020d,42,　盛り上がるらしいですね？」,"are supposed to be fun, right?",,
ID00218,000103ca,39,「ああいうのキライだから、,"I hate stuff like that, so",,
ID00218,00010400,30,　行ったことな～い」,I've never gone.,,
ID00218,00010723,54,「お酒は、好みの合う女の子と一緒に、,"I prefer drinking with a girl I like,",,
ID00218,00010768,33,　静かに飲むのが好き」,as long as we don't overdo it.,,
ID00218,00010929,63,（飲み過ぎなければ静かなんだな、きっと…）,(As long as they don't drink too much...),,
ID00218,000109a9,45,「そろそろ、コンビニのおでんの,"Time for conbini oden,",,
ID00218,000109e5,24,　季節ですね～」,It's that season~,,
ID00218,00010b90,51,「フフッ、そうね。もう秋だものね」,"Hehe, yeah. It's already autumn.",,
ID00218,00010eb7,36,「なんの具が好きです？」,What ingredients do you like?,,
ID00218,0001106e,21,「大根と玉子。,Daikon and eggs.,,
ID00218,00011092,48,　お出汁が染みておいしいのよ～」,The broth soaks in and makes them super tasty~,,
ID00218,000113b0,36,「小腹が空いた時って…」,When I'm a little hungry...,,
ID00218,00011567,48,「フフッ、食べ過ぎに注意してね」,"Hehe, be careful not to overeat.",,
ID00219,00002017,39,「駅前モールのパン屋さんの,The bakery's soft cream...,,
ID00219,0000204d,33,　ソフトクリームって、,"Is so tasty and big, isn't it?",,
ID00219,0000207d,57,　おいしくて、おっきくて、最高よね～」,It's the best~,,
ID00219,00002556,18,「ですね～」,indeed.,,
ID00219,00002596,51,（男にはそうでもないですけどね…）,(But that doesn't apply to guys...),,
ID00219,0000260a,54,「よく食べるスイーツってなんです？」,What's your favorite dessert to eat often?,,
ID00219,000027d3,48,「そうねぇ、シュークリームかな」,"Hmm, maybe cream puffs.",,
ID00219,00002c5f,48,「パリッとした皮より、柔らかくて,I like the soft ones more than the crispy skin,,
ID00219,00002c9e,39,　フワッとしたのが好み～」,They're just so fluffy~,,
ID00219,0000315c,39,「コンビニのスイーツって、,First line.,,
ID00219,00003192,42,　意外と種類が多いですよね」,There're many kinds.,,
ID00219,000033ae,54,「うんうん、お団子からエクレアまで、,"Yeah, from dango to eclairs,",,
ID00219,000033f3,51,　和洋問わず、なんでもあるわよね」,"Japanese and Western desserts, there's everything",,
ID00219,000039ea,54,「小ぶりでパクッと食べられちゃうし、,"They're small enough to eat in one bite,",,
ID00219,00003a2f,45,　ついでにもう１つ…な～んて、,And you might end up getting another...,,
ID00219,00003a6b,36,　誘惑が怖かったりして」,They can be tempting.,,
ID00219,0000452b,48,「甘いものって、たくさん食べると,Eating too much sweet stuff,,
ID00219,0000456a,33,　胸焼けしませんか？」,Don't you get heartburn?,,
ID00219,00004778,54,「ぜ～んぜん。いくら食べても平気よ」,Not at all. I can eat as much as I want.,,
ID00219,00004ab3,60,「先にお腹がいっぱいになっちゃうけどね」,I'll just end up getting full first though.,,
ID00219,00004c6b,45,「女の子って、みんな甘いものが,"Girls all love sweet things,",,
ID00219,00004ca7,24,　好きですよね」,"You like sweets, right?",,
ID00219,00004e52,24,「もちろんよぉ」,Of course I do.,,
ID00219,00004ffd,42,「おいしいスイーツがあれば、,"If there's delicious dessert,",,
ID00219,00005036,36,　それだけで幸せだもん」,it makes me happy.,,
ID00219,0000520d,42,「ドーナツで好きなのって？」,You like donuts?,,
ID00219,000053e6,51,「ストロベリーソースがかかったの」,The ones with strawberry sauce.,,
ID00219,000055ac,60,「おいしいし、ピンクでかわいいのよねぇ」,"They're yummy and cute, pink too.",,
ID00219,000058d6,27,「甘いものって…」,Sugar...,,
ID00219,00005a84,57,「あう～っ、食べたくなって来ちゃう～」,Aaah~ I'm getting hungry now~,,
ID00219,00005c70,54,「こう暑いと、アイスが食いたくて…」,"When it's this hot, you want ice cream...",,
ID00219,00005e7c,60,「わかるわかる。おっきなソフトクリームを,"I know, big soft serve.",,
ID00219,00005ec7,33,　頬張りたいわよね～」,Yeah~,,
ID00219,000060fb,54,「かき氷なら、どんなのが好きです？」,What kind of shaved ice do you like?,,
ID00219,000062e0,39,「イチゴシロップと練乳～。,Strawberry syrup and condensed milk~,,
ID00219,00006316,36,　最高の取り合わせよね」,"It's the best combination, isn't it?",,
ID00219,00006628,27,「あずきバーって、,"Azuki bar is,",,
ID00219,00006652,42,　メチャクチャ固いですよね」,"It's super duper hard, right?",,
ID00219,0000680f,45,「あ～、そうよね、固すぎよね」,"Ah yeah, it is way too hard",,
ID00219,00006cef,39,「かじりついても、歯形すら,Even biting leaves no mark,,
ID00219,00006d25,39,　ろくにつかないんだもん」,even leave a mark,,
ID00219,00006eb5,57,「歯を折っちゃう人もいるらしいですよ」,Some break their teeth.,,
ID00219,0000709c,36,「ええぇ…気をつけよう。,Oh... I'll be careful.,,
ID00219,000070cf,60,　冷凍庫から出したら、しばらくお預けね」,Take it out and let it sit.,,
ID00219,00007601,48,「好きな果物って、なんですか？」,What's your favorite fruit?,,
ID00219,000077c4,24,「フフッ、桃よ」,"Hehe, peaches.",,
ID00219,00007b48,42,「柔らかくて、ジューシーで、,"So soft and juicy,",,
ID00219,00007b81,63,　この世のものとは思えないおいしさよねぇ」,It's so delicious it feels otherworldly.,,
ID00219,00007eff,48,「桃の缶詰って、うまいですよね」,Canned peaches are really good.,,
ID00219,00008105,45,「うんうん、おいしいわよね～」,"Yup, it's super tasty~",,
ID00219,0000844f,24,「熱を出しても、,"Even if I have a fever,",,
ID00219,00008476,45,　あれなら食べられるのよねぇ」,I can still eat that.,,
ID00219,00008666,45,「ショートケーキのいちごって、,First the strawberries? Or last?,,
ID00219,000086a2,54,　最初に食べます？　それとも最後？」,Should I have it first? Or last?,,
ID00219,0000889b,42,「はうぅ～、難しいとこを～」,"Aaaah~, this is tough~",,
ID00219,00008db3,54,「最後の１口の前にイチゴだけ食べて、,"Eat just strawberries before the last bite,",,
ID00219,00008df8,63,　最後は生クリームいっぱいのとこを食べる」,Finish with the creamy part.,,
ID00219,000095be,30,「やっぱりケーキは、,"After all, a cake should",,
ID00219,000095eb,54,　生クリームの余韻で終わりたいもの」,end with the lingering taste of whipped cream.,,
ID00219,0000979d,42,「冷たいスイーツといえば…」,When it comes to cold desserts...,,
ID00219,00009976,30,「ん～、いいわね～。,Mmm~ It's so nice~,,
ID00219,000099a3,39,　食べたくなってきちゃう」,I'm starting to crave it now~,,
ID00219,00009cb8,54,「好きなクレープのトッピングって？」,What's your favorite crepe topping?,,
ID00219,00009e81,36,「ピーチと生クリームね」,Peach and whipped cream!,,
ID00219,0000a038,63,「ただでさえおいしいピーチと生クリームを、,"Just thinking about sweet peaches and whipped cream,",,
ID00219,0000a086,48,　薄焼きのクレープで包むなんて、,"Wrapping them in thin crepes, too?",,
ID00219,0000a0c5,39,　テンション上がっちゃう」,I get so excited!,,
ID00219,0000a42d,30,「果物って高いから、,"Fruit's expensive, you know?",,
ID00219,0000a45a,51,　親があんまり買わないんですよね」,My parents don't buy it much.,,
ID00219,0000a663,48,「私もそう。なかなか買えな～い」,Same here. Hard to come by~,,
ID00219,0000a998,45,「フルーツケーキの方が安いし、,"A fruit cake would be cheaper though,",,
ID00219,0000a9d4,57,　生クリームたっぷりだから、お得かな」,"and with lots of whipped cream, maybe a good deal?",,
ID00219,0000acfb,42,「スイーツもお酒も好きって、,You like sweets and drinks too?,,
ID00219,0000ad34,42,　珍しいんじゃないですか？」,"That's pretty rare, isn't it?",,
ID00219,0000aef1,54,「あ、そうかもね。お酒を飲む人って、,"Oh yeah, maybe. People who drink alcohol tend to",,
ID00219,0000af36,57,　塩辛いものが好きって印象があるから」,have a taste for salty foods.,,
ID00219,0000b4ea,45,「私はね、お酒も、甘いものも、,"I like both drinks and sweets,",,
ID00219,0000b526,30,　塩辛いものも好き。,and salty things too.,,
ID00219,0000b553,51,　おいしいものはみ～んな好きなの」,Anything that tastes good is my favorite!,,
ID00219,0000bbb7,39,「秋のスイーツといえば？」,What's your favorite fall dessert?,,
ID00219,0000bdc0,63,「ん～、よく食べるのは、スイートポテトよ。,"Hmm, I really love sweet potatoes.",,
ID00219,0000be0e,54,　手軽に作れるし、おいしいんだから」,It's easy to make and super tasty.,,
ID00219,0000c4e4,27,「甘いものって…」,Sugar...,,
ID00219,0000c6d5,42,「そう、ホッとするのよねぇ」,"Yeah, it really hits the spot.",,
ID00220,00002f1e,63,「心美先生が授業を早めに切り上げたのって、,"Teacher Shinmi ended class early,",,
ID00220,00002f6c,45,　先生もスペシャルハンバーグが,I guess she's into it too.,,
ID00220,00002fa8,45,　食べたかったからですよね？」,"'That's why you wanted to eat it, right?'",,
ID00220,00003196,39,「そ、そんなことないわよ。,No way!,,
ID00220,000031cc,39,　授業の切りがよかったし、,"Class ended early, too.",,
ID00220,00003202,48,　私は、みんなのためを思って…」,Was thinking about everyone...,,
ID00220,000037b6,21,「本当かなぁ」,Is that true?,,
ID00220,00003a1b,24,「ホントなの！」,Really?,,
ID00220,00003a74,63,「食堂のメニューで好きなのってなんです？」,What do you like on the cafeteria menu?,,
ID00220,00003c46,51,「なんでも好きよ～、おいしいもん」,I like anything~ as long as it's tasty.,,
ID00220,00003f7e,54,「特に好きなのは、スパゲッティとか、,"Especially spaghetti and stuff,",,
ID00220,00003fc3,27,　ハンバーグかな」,like hamburger steak.,,
ID00220,00004358,39,「心美先生って、小さいし、,"Miss Shinomi's so small,",,
ID00220,0000438e,48,　あんまり食べなさそうですよね」,"she doesn't seem to eat much, huh?",,
ID00220,00004551,51,「そうね～。食堂でも、ご飯はいつも,"Yeah, always a small portion.",,
ID00220,00004593,36,　小盛にしてもらってる」,She gets a small serving.,,
ID00220,000049f7,60,「食べ盛りのみんなに合わせて量が多いし、,Portions are big for everyone.,,
ID00220,00004a42,60,　おかずで十分、お腹いっぱいになるもん」,I get full with just side dishes.,,
ID00220,00004d6c,33,「食べ放題のお店とか、,All-you-can-eat places...,,
ID00220,00004d9c,45,　あんまり行かなそうですよね」,You don't seem to go there much.,,
ID00220,00004f5c,42,「そんなに食べないからねぇ」,I'm not that hungry anyway.,,
ID00220,000051bc,57,「スイーツ食べ放題なのはうれしいけど」,It's nice for dessert buffets though.,,
ID00220,000054d6,42,「ちゃんと朝ご飯食べてる？」,Are you eating breakfast properly?,,
ID00220,0000552e,45,「寝過ごすと食べないことも…」,"If you oversleep, you might skip it...",,
ID00220,000056ee,42,「ダメですよぉ、食べなきゃ。,"You shouldn't skip it, you know.",,
ID00220,00005727,36,　成長期なんですからね」,It's a growth spurt after all.,,
ID00220,00005907,48,「先生は成長期にあんまり食べ…」,Teacher didn’t eat much back then.,,
ID00220,00005af8,54,「私のことはいいの！　私のことは！」,Forget about me! Forget about me!,,
ID00220,00005eb7,33,「宿舎の朝のパンって、,The morning dorm bread is,,
ID00220,00005ee7,42,　焼き立てでうまいですよね」,"freshly baked and so tasty, right?",,
ID00220,000060e7,45,「うんうん、おいしいわよね～」,"Yup, it's super tasty~",,
ID00220,00006419,51,「フカフカで、パクパク食べちゃう」,So soft that I just gobble it up.,,
ID00220,000065c8,45,「苦手な野菜とかないですか？」,You don't hate any veggies or anything?,,
ID00220,00006788,36,「あるわよ……ししとう」,I do... Shiitake peppers.,,
ID00220,00006ba9,54,「だって、ピーマンみたいな味の上に、,"Because they taste like bell peppers on top,",,
ID00220,00006bee,48,　辛いのよ。食べられないわよぉ」,They're spicy. I can't eat them.,,
ID00220,00007121,51,「ピーマンは食べられるんですか？」,You can eat bell peppers?,,
ID00220,0000732e,57,「…食べられるけど、あんまり食べない。,"...I can eat them, but I don't often do.",,
ID00220,00007376,30,　おいしくないもん」,They're not very tasty anyway.,,
ID00220,0000774f,42,「夏の料理で好きなのって？」,What's your favorite summer dish?,,
ID00220,0000790c,45,「夏といえば、冷たい麺類よね。,It's gotta be cold noodles.,,
ID00220,00007948,51,　おそうめんとか、冷やし中華とか」,Like somen or cold Chinese noodles.,,
ID00220,00007f65,36,「食堂の冷やし中華って、,The cafeteria's cold Chinese are,,
ID00220,00007f98,42,　たれの甘酸っぱさが絶妙で、,the sweet and sour sauce is just perfect.,,
ID00220,00007fd1,30,　おいしいのよね～」,It's delicious~,,
ID00220,000082dd,45,「テレビでやってる大食いって、,You know those eating contests on TV?,,
ID00220,00008319,27,　すごいですよね」,They're amazing.,,
ID00220,00008526,36,「うん、圧倒されちゃう」,"Yeah, it's totally mind-blowing.",,
ID00220,00008867,54,「普段の食費ってどうしてるんだろう？,I wonder how you manage your food budget normally?,,
ID00220,000088ac,51,　教師の安月給じゃ、絶対破産よぉ」,"On a teacher's pay, you'd fail.",,
ID00220,00008c67,57,「外食でよく行くのって、どんなとこ？」,What kind of places do you usually eat out at?,,
ID00220,00008e33,36,「カウンターキッチンの、,"At the counter kitchen,",,
ID00220,00008e66,51,　こぢんまりした洋食屋さんが好き」,I like cozy Western restaurants.,,
ID00220,000092f5,51,「シェフの手さばきで、魔法みたいに,The chef's moves are like magic,,
ID00220,00009337,63,　オムレツやスパゲティが出来ていくのよね」,and the omelets and spaghetti come together.,,
ID00220,000098f1,33,「見てるだけで楽しい」,It's fun just to watch.,,
ID00220,00009953,45,「この間、食べたんですけど…」,I ate some the other day...,,
ID00220,00009b13,48,「フフッ、いいわね。おいしそう」,"Hehe, that's nice. Looks yummy.",,
ID00220,00009e31,48,「心美先生が作ってくれたお弁当、,The lunchbox Ms. Shinomi made for me was,,
ID00220,00009e70,51,　うまかったなぁ。特に肉じゃがが」,really tasty. Especially the meat and potato stew.,,
ID00220,0000a036,60,「エヘッ、甘～い味付けには、自信ありよ」,"Eheh, I'm confident about my sweet seasoning.",,
ID00220,0000a47b,60,「また機会があったら、作ってあげるわね」,I'll make you another one if there’s a chance again.,,
ID00220,0000a66d,48,「カレーの辛さで好きなのって？」,You like your curry mild?,,
ID00220,0000a830,24,「甘口が好きよ」,I like it sweeter.,,
ID00220,0000a876,18,「甘口…か」,Mild... huh?,,
ID00220,0000aa37,60,「あ～っ、なによぉ。甘口って言ったって、,"Aah, what's with you? I said mild.",,
ID00220,0000aa82,57,　ホントに甘いわけじゃないんだからね。,"I didn't mean it was actually sweet, y'know.",,
ID00220,0000aaca,63,　辛さを控えたカレーってことなんだからぁ」,"It means the curry isn't too spicy, okay?",,
ID00220,0000b216,42,「インスタントラーメンって、,"Instant ramen,",,
ID00220,0000b24f,30,　よく食べますか？」,You eat it often?,,
ID00220,0000b400,60,「あれは…ダメ…。魔性の食べものだもん」,That's... bad... It's a devilish food.,,
ID00220,0000b756,12,「え？」,What?,,
ID00220,0000b8f5,54,「買っておくと…つい、食べたくなる。,If I buy some... I end up wanting to eat them.,,
ID00220,0000b93a,63,　買い置きのつもりでいくつか買っておいても,If I buy extras to keep around,,
ID00220,0000b988,30,　数日で食べちゃう」,I eat them in days.,,
ID00220,0000c1d7,63,「手軽すぎて、おいしいのがイケナイのよぉ」,Too easy to overeat!,,
ID00220,0000c3e6,36,「ヤベェ、スゲェわかる」,"Damn, I totally get it",,
ID00220,0000c44b,51,「好きなインスタントラーメンって、,When it comes to my favorite instant ramen...,,
ID00220,0000c48d,21,　なんです？」,What's that?,,
ID00220,0000c635,63,「なるべくノンフライ麺を選ぶようにしてる」,Choose non-fried noodles.,,
ID00220,0000c7d0,54,「ちょっとでも体によさそうなものを…,...even if they might be a little healthier.,,
ID00220,0000c815,39,　って思っちゃうのよねぇ」,That's what I end up thinking...,,
ID00220,0000cb4e,60,（いや、インスタントラーメンの時点で…）,"(Actually, just by eating instant ramen...)",,
ID00220,0000cbcb,51,「好きな中華料理って、なんです？」,What's your favorite Chinese food?,,
ID00220,0000cdad,60,「あんまんが好き～。ホカホカのごま風味の,I love steamed buns. The warm sesame flavor,,
ID00220,0000cdf8,39,　あんこがおいしいのよ～」,is so yummy~,,
ID00220,0000d27f,54,「パスタ料理なら、なにが好きです？」,"If it comes to pasta, what do you like?",,
ID00220,0000d448,42,「クリームソースのパスタね。,Creamy sauce pasta.,,
ID00220,0000d481,45,　シーフードなんかいいかなぁ」,Maybe seafood ones are good~,,
ID00220,0000d79c,42,「納豆って食べられますか？」,Can you eat natto?,,
ID00220,0000d959,60,「そのままならね。料理に使われると苦手」,As long as they're not used in cooking,,
ID00220,0000de1a,60,「納豆オムレツとか、納豆抜きでいいのに～,Natto-free omlets please.,,
ID00220,0000de65,27,　って思っちゃう」,It's hard to believe.,,
ID00220,0000e1d1,36,「デリバリーのピザって、,"Delivery pizza,",,
ID00220,0000e204,33,　よく頼む方ですか？」,do you order it often?,,
ID00220,0000e407,33,「ん～、そうでもない。,"Hmm~, not really.",,
ID00220,0000e437,60,　１人だと、Ｓサイズでも大きいのよねぇ」,"When eating alone, even S size is too big...",,
ID00220,0000ec60,36,「好きなトッピングは？」,What toppings do you like?,,
ID00220,0000ee17,51,「色んなチーズが乗ってるのが好き。,I like ones with lots of different cheeses.,,
ID00220,0000ee59,39,　味わいが複雑になるのよ」,That makes the flavor complex.,,
ID00220,0000f033,45,「和風パスタで好きなのって？」,What kind of Japanese pasta do you like?,,
ID00220,0000f1f3,42,「梅としそのパスタが好きよ」,I love plum and shiso pasta.,,
ID00220,0000f379,51,「香りと、酸っぱさがいいのよね～」,The aroma and sourness are great~,,
ID00220,0000f55f,48,「寿司で好きなネタって何です？」,What's your favorite sushi topping?,,
ID00220,0000f722,45,「玉子が好きよ。回転寿司でも、,"I like eggs. Even at conveyor belt sushi,",,
ID00220,0000f75e,51,　最初の１皿は、玉子って決めてる」,the first plate is always egg.,,
ID00220,0000fbf1,39,「夏の食べものといえば…」,When it comes to summer foods...,,
ID00220,0000fdab,48,「はうぅ…食欲そそられちゃうぅ」,Yum... I'm getting hungry already~,,
ID00220,00010092,60,「心美先生の白いカレー、うまかったなぁ」,Sensei's white curry was so good~,,
ID00220,00010261,54,「でしょぉ～っ、自信作なんだからぁ」,See? It's my signature dish~,,
ID00220,00010565,48,「まだまだ、ミルクを使った料理の,I still have more milk-based dishes to show you~,,
ID00220,000105a4,39,　レパートリーがあるから、,There are more recipes.,,
ID00220,000105da,42,　今度ごちそうしてあげるね」,I'll treat you next time~,,
ID00220,000107b7,45,「すき焼きとしゃぶしゃぶなら、,"If it's sukiyaki or shabu-shabu,",,
ID00220,000107f3,33,　どっちが好きです？」,Which do you like better?,,
ID00220,000109a7,48,「そんなの、もちろんすき焼きよ。,Of course it's sukiyaki.,,
ID00220,000109e6,45,　甘～い味付けが大好きだもん」,I love sweet flavors.,,
ID00220,00010e80,57,「お酒と合う料理って、どんなのです？」,What kind of dishes go well with alcohol?,,
ID00220,0001104c,48,「日本酒に合うのって…地味よ…」,Dishes with sake are plain...,,
ID00220,000115a1,60,「冷や奴とか、ちくわのキュウリ詰めとか、,"Chilled tofu, stuffed cucumber...",,
ID00220,000115ec,30,　アジの干物とか…」,Or dried mackerel...,,
ID00220,00011944,48,「居酒屋のおっさんみたいだなぁ」,You sound like an old man from a izakaya...,,
ID00220,00011b4e,24,「そうなのぉ…。,Oh really...,,
ID00220,00011b75,42,　日本酒、最大の弱点かも…」,Maybe sake's biggest weakness...,,
ID00220,00011edc,57,「Ｂ級グルメで好きなのってなんです？」,What kind of B-class gourmet foods do you like?,,
ID00220,000120a8,45,「ん～、やっぱり焼きそばよね」,"Hmm, it's still fried noodles.",,
ID00220,00012403,51,「お祭りへ行くと、香りに誘われて、,I get lured by the smell and,,
ID00220,00012445,27,　つい食べちゃう」,end up eating it.,,
ID00220,00012772,57,「あ、来年は一緒に、お祭りへ行こうね」,"Hey, let's go to the festival together next year!",,
ID00220,00012ab3,24,「いいですね！」,Sounds great!,,
ID00220,00012b0c,54,「結構、宿舎で料理してるんですか？」,You cook a lot at the dorms?,,
ID00220,00012cd5,45,「ん～、そうでもない、時々よ」,"Hmm, not really, just sometimes.",,
ID00220,0001318b,51,「今夜はカレーが食べたい！　とか、,I feel like having curry tonight! Or,,
ID00220,000131cd,57,　ちょっとお酒飲んじゃおっかなって時に,"when I think maybe I'll have a little drink,",,
ID00220,00013215,18,　作ってる」,I make it.,,
ID00220,00013986,54,「だから、簡単な料理がほとんどなの」,So most of the time it's just simple stuff.,,
ID00220,00013bb6,57,「心美先生は大人だから、世界３大珍味を,Sensei's an adult; she can.,,
ID00220,00013bfe,51,　食べたことあるんでしょうね…？」,"She must've tried them, right...?",,
ID00220,00013e13,42,「あるけど、ほんの何回かよ。,But only a few times.,,
ID00220,00013e4c,24,　量も少ないし」,And not much of it.,,
ID00220,00014371,57,「特にキャビアは高いから、どの料理にも,"Especially caviar, it's expensive.",,
ID00220,000143b9,63,　スプーンの先っぽぐらいしか乗ってなくて」,Only a tiny bit on the tip of the spoon.,,
ID00220,000149f1,63,「一度でいいから、カナッペに山盛りになった,"Just once, I wanna pile up the caviar on a canapé",,
ID00220,00014a3f,57,　キャビアを、一気に頬張ってみた～い」,and cram it all in at once~,,
ID00220,00014d66,39,「女子って、なんでパスタが,Why do girls love pasta so much~?,,
ID00220,00014d9c,33,　好きなんですかね？」,So much~?,,
ID00220,00014f50,57,「そりゃあ、オシャレでかわいいからよ」,That's because it's stylish and cute.,,
ID00220,0001528e,33,「見た目が華やかだと、,"It looks fancy, so",,
ID00220,000152be,36,　おしゃべりが弾むもん」,"Small talk flies, you know.",,
ID00220,000155d0,51,「丼もので好きなのってなんです？」,What's your favorite bowl dish?,,
ID00220,00015796,51,「玉子ど～ん。半熟だとうれしい～」,Rice balls~. I'm happy when they're half-cooked~,,
ID00220,00015ad3,30,「今まで食べた中で、,"Among the dishes I've eaten,",,
ID00220,00015b00,45,　一番高い料理ってなんです？」,what was the most expensive one?,,
ID00220,00015d0f,60,「ん～、両親と食べた高級フレンチかな？」,"Hmm, maybe fancy French with my parents?",,
ID00220,0001619b,39,「すっごく高そうな食器で、,It was in fancy plates.,,
ID00220,000161d1,48,　絵画みたいな料理が出てくるの」,and the food looked like paintings.,,
ID00220,000164dc,48,「高そ～っ。うまかったですか？」,That's expensive~ Did it taste good?,,
ID00220,0001669f,57,「すっごくね。ソースの味が絶妙なのよ」,"Yeah, the sauce was just perfect.",,
ID00220,000169c6,33,「秋の味覚といえば？」,Autumn flavors?,,
ID00220,00016b96,21,「きのこね～」,Mushrooms~,,
ID00220,00016e95,60,「ただし、高くて買えないマツタケは除く」,No matsutake though.,,
ID00220,00017071,18,「はははは」,Hahaha,,
ID00220,000170c4,21,「料理って…」,Cooking...,,
ID00220,0001726c,57,「フフッ、おいしいものを食べるだけで、,"Hehe, eating delicious food alone makes you happy,",,
ID00220,000172b4,21,　幸せよね～」,doesn't it?,,
ID00221,00001998,48,「心美先生って、いつも明るくて、,"Sensei's always so cheerful,",,
ID00221,000019d7,24,　元気ですよね」,"energetic, aren't you?",,
ID00221,00001bc5,27,「うん、もちろん。,"Yeah, of course.",,
ID00221,00001bef,39,　だって、毎日楽しいもん」,"I mean, every day is fun with her.",,
ID00221,00001f04,42,「心美先生の英語の発音って、,Sensei's English pronunciation is...,,
ID00221,00001f3d,36,　独特で面白いですよね」,"So unique and interesting, right?",,
ID00221,000020f4,33,「それ、ほめてるぅ？」,You're complimenting me~?,,
ID00221,00002143,45,「も、もちろん、いいなぁって」,"O-of course, I think it's great.",,
ID00221,00002346,36,「そっか、ならうれしい。,"Oh, I'm glad to hear that.",,
ID00221,00002379,54,　英語は楽しく話すことが一番だから」,Talking in English should be fun too!,,
ID00221,0000256f,57,「心美先生って、生徒から人気ですよね」,"Sensei is popular with the students, right?",,
ID00221,0000273b,15,「そう？」,Really?,,
ID00221,000028a6,63,「休み時間とか、いつも生徒に囲まれてるし」,She's always surrounded by them during breaks.,,
ID00221,00002a78,60,「それはね、あんまり歳が離れてないから、,That's probably 'cause she ain't much older.,,
ID00221,00002ac3,42,　聞きやすいんじゃないかな」,so it feels easier to talk to her.,,
ID00221,00002f2d,42,「そのうち、威厳いっぱいの、,"One day, she'll have a lot more authority,",,
ID00221,00002f66,48,　怖～い先生になっちゃうわよぉ」,You'll end up being a scary teacher!,,
ID00221,0000328d,18,「はははは」,Hahaha,,
ID00221,000032e0,33,「心美先生って、若くて,Hime-nee is young and,,
ID00221,00003310,60,　うらやましがられるんじゃないですか？」,Don't you think people will envy her?,,
ID00221,0000350f,60,「そんなことないわよぉ。子供っぽいって、,"No way! People tease me for being childish,",,
ID00221,0000355a,60,　からかわれることの方が多いんだからぁ」,I get made fun of more often than not.,,
ID00221,00003a36,45,「大人っぽい人がうらやましい」,I envy the mature ones.,,
ID00221,00003c80,27,「心美先生って…」,Sensei... Heartmi...,,
ID00221,00003e40,39,「そ、そう？　ありがと…」,Y-Yeah? Thanks...,,
ID00221,000041eb,42,「うちのクラスが明るいのは、,Our class is so lively because,,
ID00221,00004224,51,　心美先生のおかげな気がしますよ」,It feels like it's thanks to Miss Shinmi.,,
ID00221,000043ea,30,「本当？　うれしい」,Really? That makes me happy.,,
ID00221,0000470d,57,「もっともっと、盛り上げちゃうわよぉ」,I'll make things even more lively!,,
ID00221,000048c2,57,「心美先生って、無邪気でいいですよね」,"Miss Shinmi is so innocent and cute, isn't she?",,
ID00221,00004a8e,45,「む～っ、それってほめてる？」,Mmm... Is that a compliment?,,
ID00221,00004c51,27,「も、もちろん！」,O-of course not!,,
ID00221,00004e59,21,「そぅお…？」,...You think so?,,
ID00221,0000507d,54,「はぁ…生徒に無邪気って言われるのも,Haa... It's weird for students to call me innocent.,,
ID00221,000050c2,51,　どうかと思うけど、小さいころから,"but I've been like this since I was little,",,
ID00221,00005104,48,　そう言われてるし、仕方ないか」,"That's what they say, nothin' I can do 'bout it.",,
ID00221,000055dc,57,「心美先生って、友達多そうですよね？」,Isn't Ms. Shinomiya popular with friends?,,
ID00221,000057f7,51,「そうね～、光海学園、光海大学と、,"Yeah~ at Mitsumi Academy and Mitsumi University,",,
ID00221,00005839,48,　仲のいい子がたくさんいるわよ」,I have a lot of close friends.,,
ID00221,00005c12,48,「けど、社会人になると、忙しくて,"But once you're an adult, you get busy",,
ID00221,00005c51,42,　なかなか会えないのよねぇ」,and can't meet up as much.,,
ID00221,000060d4,60,「その分、生徒のみんなに囲まれてるから、,"That's why I'm surrounded by students instead,",,
ID00221,0000611f,24,　幸せだけどね」,which is nice.,,
ID00221,0000641b,54,「心美先生の髪型、似合ってますよね」,"Ms. Shinmi's hairstyle suits her, doesn't it?",,
ID00221,000065e4,54,「そう？　ありがと。お気に入りなの」,Really? Thanks! I love it.,,
ID00221,00006a7a,36,「心美先生の魅力って…」,What is it about Ms. Shinmi that...,,
ID00221,00006c31,54,「フフッ、やだぁもう。ほめすぎよぉ」,"Hehe, stop it, you're flattering me too much.",,
ID00221,00006f55,63,「心美先生って、いつも一生懸命だなぁって」,"Ms. Shinmi's always so dedicated, isn't she?",,
ID00221,00007127,33,「エヘヘ、いつだって、,"Hehe, I always do",,
ID00221,00007157,36,　ドゥ　マイ　ベストよ」,my best.,,
ID00221,0000764f,32,「エヘヘ～、@str_000君」,Hehe~ @str_000-kun,,
ID00221,0000769d,21,「なんです？」,What is it?,,
ID00221,0000787a,36,「ううん、なんでもない。,"No, nothing.",,
ID00221,000078ad,42,　ちょっと呼んでみただけ～」,Just wanted to call out.,,
ID00221,00007eb0,51,「心美先生って、俺たち生徒のために,"Sensei, she's always so considerate",,
ID00221,00007ef2,36,　親身になってくれるし、,"for us students,",,
ID00221,00007f25,33,　ありがたいなぁって」,it's really nice.,,
ID00221,000080d9,51,「そんなの、先生なんだから当然よ」,That's just what a teacher does.,,
ID00221,0000841e,45,「みんなのためになることなら、,"If it's for everyone's sake,",,
ID00221,0000845a,33,　なんだってしたい…」,I'll do anything...,,
ID00221,0000864a,51,「一生懸命な心美先生を見てると…」,"Seeing you work so hard like that, Sensei...",,
ID00221,00008822,45,「え……ありがと。うれしい…」,Ah... Thanks. I'm happy...,,
ID00222,00001e7e,63,「心美先生の服って、スカート短めですよね」,"Teacher Shinomi's skirt is kinda short, right?",,
ID00222,00002050,21,「そ、そう？」,R-Really?,,
ID00222,000023c9,60,「む～、青少年に刺激を与えないためにも、,"Muu~, for the sake of not stimulating young minds,",,
ID00222,00002414,63,　もっと長いスカートにしなきゃダメかなぁ」,maybe I should wear a longer one...,,
ID00222,00002bdc,48,「い、いや、そのままでいいです、,"N-no, it's fine as-is,",,
ID00222,00002c1b,24,　そのままで！」,leave it like that!,,
ID00222,00002e0e,15,「そう？」,Really?,,
ID00222,00002e5e,51,「自分の体で気に入ってるとこって、,"I mean, you like how it looks on me...",,
ID00222,00002ea0,21,　どこです？」,Where's that?,,
ID00222,0000305a,33,「か、体で？　む～…」,"Huh, on my body? Mmm...",,
ID00222,0000357b,39,「目、かなぁ。小さいころ、,"Maybe it's my eyes. When I was little,",,
ID00222,000035b1,54,　おっきいねぇって、ほめられたのよ」,I got praised for having big ones.,,
ID00222,00003c18,63,「仕事してると、セクハラとかパワハラとか、,You hear about sexual harassment and stuff,,
ID00222,00003c66,39,　あるって言いますよね？」,"at work, right?",,
ID00222,00003e63,39,「うんうん、怖いわよねぇ」,"Yeah yeah, it's scary.",,
ID00222,000041bf,60,「うちの学校は、全然そんなのないけどね。,But we don't have anything like that at our school.,,
ID00222,0000420a,33,　いい先生ばっかりよ」,We only have great teachers.,,
ID00222,00004519,27,「うちの女子って、,"Our girls here,",,
ID00222,00004543,45,　みんなスカート短いですよね」,"don't wear long skirts, right?",,
ID00222,00004733,30,「気になっちゃう？」,Does it bother you?,,
ID00222,0000477f,39,「ま、まぁ、目に入るし…」,Well... they kinda stick out.,,
ID00222,00004970,48,「ダメですよぉ、エッチな動画は。,"Nope, no porn videos.",,
ID00222,000049af,48,　きれいでかわいい動画にしてね」,Make it pretty and cute instead.,,
ID00222,00004f23,18,「は、はい」,Y-Yes.,,
ID00222,00004f76,54,「ちょっと恥ずかしいことがあって…」,I have something a bit embarrassing...,,
ID00222,0000513f,54,「ふうん…若いころは色々あるからね。,Hmm... there's always stuff when you're young.,,
ID00222,00005184,39,　気にしない、気にしない」,"I don't care, I don't care.",,
ID00222,0000565a,33,「先生って大人だから、,"Because you're an adult teacher,",,
ID00222,0000568a,48,　エッチな本も読めるんですよね」,"You can read perverted books too, right?",,
ID00222,0000585f,60,「よ、読めるけど読まないわよ、そんなの！,Y-You can read them but I don't!,,
ID00222,000058aa,36,　読むわけないでしょ！」,I wouldn't read that kind of thing!,,
ID00222,000061a0,45,「女性誌も結構、エッチな特集が,Women's mags have a lot of perverted stuff.,,
ID00222,000061dc,36,　あるみたいですけど？」,But I don't read them!,,
ID00222,00006408,45,「だから読まないの！　もう！」,I just don't! Stop it already!,,
ID00222,00006694,42,「ネットを見てると、意図せず,"When I'm on the internet, unintentionally",,
ID00222,000066cd,54,　エッチなサイトへ行っちゃうことって,"I end up going to porn sites, you know?",,
ID00222,00006712,27,　ありますよね？」,right?,,
ID00222,0000691a,36,「ないわよ、そんなこと。,"No way, I don't.",,
ID00222,0000694d,48,　怪しいのはクリックしないもん」,I never click on suspicious stuff.,,
ID00222,00006ec1,42,「ダメですよぉ、１８歳未満が,"You can't do that, you're under 18.",,
ID00222,00006efa,42,　エッチなサイトを覗いちゃ」,Looking at porn sites is a no-no.,,
ID00222,000073ba,36,「わ、わかってますって」,"You have to keep your cool, ya know.",,
ID00222,0000741f,42,「合法って、わかりますか？」,"Legal, do you understand that?",,
ID00222,000075dc,63,「わかるわよ。違法じゃないってことでしょ」,"I get it. It's not illegal, right?",,
ID00222,000077bb,63,「そう！　まさに心美先生って合法ですよね」,That's right! Ms. Shinomi is totally legal.,,
ID00222,000079a9,63,「もちろんよ。いつだって健全、潔白だもん」,Of course she is. She's always clean and innocent.,,
ID00222,00007cd6,57,「学校にエッチな本を持ってくるヤツって,You know how some kids bring porn to school,,
ID00222,00007d1e,30,　たまにいますよね」,every once in a while?,,
ID00222,00007ecf,51,「あ～、いるいる。生徒指導の先生に,"Oh yeah, they do. They get caught by the teachers",,
ID00222,00007f11,45,　見つかって、没収されたりね」,and have their stuff confiscated.,,
ID00222,00008397,54,「没収した本って、どうなるんです？」,What happens to the confiscated books?,,
ID00222,00008529,60,「ちゃんと返すわよ。ただし、保護者の方に,"I'll return them properly, but you need to",,
ID00222,00008574,27,　来てもらってね」,have your parents come in.,,
ID00222,00008a4e,42,「大体、お母さんが来るかな」,Probably your mom will come.,,
ID00222,00008aa6,27,「それは…怖ぇ…」,That's... scary...,,
ID00222,00008c64,30,「フフッ、もう絶対に,"Hehe, no more.",,
ID00222,00008c91,48,　持って来なくなるんじゃない？」,Will you?,,
ID00222,00008e74,24,「男って実は…」,Men are actually...,,
ID00222,00009031,48,「も、もう！　先生をからかっちゃ,Geez! Don't tease the teacher!,,
ID00222,00009070,21,　ダメなの！」,Don't do that!,,
ID00222,000093c6,63,「心美先生って、その……胸がないですよね」,Suzuhi-sensei doesn't have any boobs.,,
ID00222,000095aa,33,「うぐっ、ま、まぁね」,"Ugh, w-well yeah",,
ID00222,00009922,51,「もうその歳だと、育つ可能性は…」,"At your age, they won’t grow.",,
ID00222,00009b9b,60,「見た目が若いから、まだ可能性があるの！,"Because you look young, there's still a chance!",,
ID00222,00009be6,39,　バイ～ンと大きくなるかも,They might grow big and bouncy,,
ID00222,00009c1c,33,　しれないんだからぁ」,You never know!,,
ID00222,0000a2f3,42,「心美先生は大人だし、きっと,"Ms. Shinomi is an adult, so she's probably",,
ID00222,0000a32c,45,　大人っぽい、セクシーな格好で,"dressed in sexy, grown-up clothes...",,
ID00222,0000a368,36,　寝てるんでしょうね…」,sleeping... yeah.,,
ID00222,0000a531,54,「え？　も、もちろんよ。ピンクの…」,Huh? O-Of course! Pink ones...,,
ID00222,0000aa48,21,「ピンクの？」,Pink ones?,,
ID00222,0000ac5a,30,「普通の…パジャマ」,Normal... pajamas,,
ID00222,0000ae5d,27,「あれ？　普通？」,Huh? Normal?,,
ID00222,0000b0c8,45,「セクシーなのは似合わないの！,Sexy ones don't suit you!,,
ID00222,0000b104,39,　言わせないでってばぁ！」,Don't make me say it!,,
ID00222,0000b482,18,「はははは」,Hahaha,,
ID00222,0000b4d5,54,「学校に、スク水や体操服を盗みに入る,Someone steals swimsuits from school.,,
ID00222,0000b51a,39,　変質者って…いますよね」,"There are perverts like that, right?",,
ID00222,0000b717,33,「うん…怖いわよねぇ」,Yeah... It's scary.,,
ID00222,0000ba06,60,「うちはセキュリティがしっかりしてるから,Our place has good security so,,
ID00222,0000ba51,63,　大丈夫よ。見回りの警備員さんもいるしね」,It'll be fine. There are patrol guards too.,,
ID00222,0000bd47,48,「女子スポーツのユニフォームって,Girls' sports uniforms,,
ID00222,0000bd86,54,　結構、セクシーなのがありますよね」,are pretty sexy sometimes.,,
ID00222,0000bf61,45,「あれは、セクシーじゃなくて、,"That's not sexy, it's",,
ID00222,0000bf9d,30,　機能美っていうの」,functional beauty.,,
ID00222,0000c417,51,「スポーツを恥ずかしい目で見ちゃ、,"If you look at sports with embarrassment,",,
ID00222,0000c459,24,　ダメですよぉ」,or else I'm screwed~,,
ID00222,0000c61a,63,「その…好きな人なら、どこまで許せます？」,Well... how far would you go for someone you like?,,
ID00222,0000c7fe,42,「えっ、ど、どこまでって…」,"Uh, wh-what do you mean...?",,
ID00222,0000cba1,42,「心美先生は大人だからなぁ。,Sensei is an adult after all.,,
ID00222,0000cbda,42,　きっと大胆なんだろうなぁ」,She must be pretty bold...,,
ID00222,0000cdde,42,「あうぅ…そ、そんなこと…。,Aaah... s-something like that...,,
ID00222,0000ce17,36,　けど、彼が望むなら…」,But if that's what he wants...,,
ID00222,0000d456,21,「望むなら？」,If I want it?,,
ID00222,0000d5fe,36,「なでなでさせてあげる」,I'll let you pet me,,
ID00222,0000d663,60,「俺…初等部の時に見た、性教育のＤＶＤが,The sex ed DVD from elementary school...,,
ID00222,0000d6ae,21,　衝撃的で…」,Was shocking...,,
ID00222,0000d868,30,「そ、そうなんだ…」,So that's how it is...,,
ID00222,0000da6b,51,「心美先生が教えることになったら、,"If Ms. Shinbi has to teach it,",,
ID00222,0000daad,24,　どうします？」,Then what would you do?,,
ID00222,0000dcf9,30,「わ、私は無理よ！」,I-I can't do it!,,
ID00222,0000dd45,21,「どうして？」,Why?,,
ID00222,0000df6c,36,「だって…よくわから…」,B-Cause... I dunno...,,
ID00222,0000e3e9,33,「な、なんでもない！」,N-Nothings!,,
ID00222,0000e5d9,54,「ちょっとエッチな話なんですけど…」,"It's a kind of naughty talk, you see...",,
ID00222,0000e7b4,60,「も、もう！　職員室へ連れて行くわよ！」,Fine! I'm taking you to the staff room!,,
ID00223,00002d48,48,「先生って…恋人いるんですか？」,Do you have a boyfriend... teacher?,,
ID00223,00002f0b,30,「フフッ、男子って、,"Hehe, boys always ask that,",,
ID00223,00002f38,45,　すぐそう言うこと聞くわよね」,don't they?,,
ID00223,000033a5,54,「担任になった時も、いきなり聞かれて,"When I became your teacher, I answered.",,
ID00223,000033ea,42,　答えたけど、覚えてない？」,but do you remember?,,
ID00223,000036ef,15,「むむ…」,Hmmph...,,
ID00223,000038b4,57,「いないわよ。浮いた話がないのよねぇ、,"I don't. There's nothing to gossip about,",,
ID00223,000038fc,15,　私って」,It's like me.,,
ID00223,00003d4d,39,「初恋って、いつですか？」,when was your first love?,,
ID00223,00003f07,21,「中等部の時」,in middle school,,
ID00223,000040af,54,「憧れた人がいたんだけど、ぜ～んぜん,"there was someone I admired, but they never",,
ID00223,000040f4,57,　相手にされなかったのよねぇ。はぁ…」,gave me the time of day... *sigh*.,,
ID00223,000047bf,57,「すぐ子供扱いされちゃうから。フフッ」,They just treat you like a kid right away. Heheh.,,
ID00223,000049ab,48,「恋占いって、信じる方ですか？」,Do you believe in love fortune-telling?,,
ID00223,00004bb1,27,「信じる、信じる」,"I do, I do.",,
ID00223,00004d5f,57,「恋に限らず、今日はいいことがあるって,"Something good might happen today,",,
ID00223,00004da7,63,　テレビで言われたりすると、うれしいもん」,It makes you happy.,,
ID00223,000050d4,51,「大学卒業して、すぐ結婚する人って,There are people who do that.,,
ID00223,00005116,21,　いますよね」,aren't there?,,
ID00223,000052be,51,「あ～、いるいる。私の友達も１人、,"Oh yeah, my friend did too.",,
ID00223,00005300,27,　式を挙げたなぁ」,She had a wedding.,,
ID00223,000058d9,42,「いいわよね～、結婚式って。,"Weddings are nice, aren't they~?",,
ID00223,00005912,33,　きれいで、華やかで」,They're so pretty and fancy.,,
ID00223,00005d73,33,「数年したら、みんな、,"In a few years, everyone will.",,
ID00223,00005da3,54,　どんどん結婚しちゃうんだろうなぁ」,right?,,
ID00223,00006246,33,「想像したら、焦るぅ」,It makes me anxious.,,
ID00223,00006548,47,「@str_000君って、彼女いないの？」,"Hey, @str_000, don't you have a girlfriend?",,
ID00223,0000670d,45,「…いないですよ…残念ながら」,I...don't have one...Unfortunately.,,
ID00223,00006927,18,「そっかぁ」,"Oh, really?",,
ID00223,00006acc,36,「お姉さんはきれいだし、,"You're so pretty,",,
ID00223,00006aff,33,　妹さんはかわいいし、,"and your sister is cute too,",,
ID00223,00006b2f,45,　ハードル上がっちゃうかもね」,it might raise the bar for me.,,
ID00223,00006f3b,54,「はは…それは関係ないですけどね…」,Haha...That's not really relevant though.,,
ID00223,00006fb2,39,「女の子って、どんなものを,What kind of thing would a girl,,
ID00223,00006fe8,42,　贈られたら喜ぶんだろう…」,be happy to receive...,,
ID00223,000071a5,27,「誰にあげるの？」,Who are you giving it to?,,
ID00223,000071ee,54,「いや、一般的にどうなんだろうと…」,"I mean, what's generally popular...",,
ID00223,00007406,21,「そうねぇ…」,Hmm...,,
ID00223,000075f5,48,「かわいいものがいいんじゃない？,Maybe something cute would be good?,,
ID00223,00007634,27,　ぬいぐるみとか、,"Like stuffed animals,",,
ID00223,0000765e,51,　キャラクターのアクセサリーとか」,or character accessories.,,
ID00223,00007ad1,48,「先生はそういうの大好きだなぁ」,You really like that kind of stuff.,,
ID00223,00007cb4,54,「恋の季節って…いつだと思います？」,When do you think the season of love is...?,,
ID00223,00007e7d,27,「恋の季節…かぁ」,"The season of love, huh...",,
ID00223,0000812f,39,「やっぱり夏なんじゃない？,"It's definitely summer, right?",,
ID00223,00008165,63,　夏休みに彼氏が出来る子って、結構いたし」,A lot of girls get boyfriends during summer break.,,
ID00223,000087dc,45,「私は…縁がなかったけどね…」,I didn't have any such luck...,,
ID00223,00008b66,57,「結菜さんに彼氏が出来たらどうする？」,What would you do if Kurenai got a boyfriend?,,
ID00223,00008bcd,63,「大歓迎ですよ。わがままな姉から解放されて,Love to have her over.,,
ID00223,00008c1b,24,　ほっとします」,I can breathe easy.,,
ID00223,00008de2,57,「またまたぁ、ホントは寂しいくせに～。,"Again, you're just saying that 'cause you miss me~.",,
ID00223,00008e2a,54,　あんなにきれいなお姉さんなのよ？」,She's such a pretty big sister.,,
ID00223,0000918e,54,「はは…マジで気が楽になりますって」,Haha... I really do feel a lot better.,,
ID00223,0000936a,30,「妹の真奈ちゃんに、,"To my Mana-chan,",,
ID00223,00009397,42,　彼氏が出来たらどうする？」,What'll you do if you get a boyfriend?,,
ID00223,0000957d,54,「あいつの妄想に付き合える男なんて、,No guy'd deal with that.,,
ID00223,000095c2,36,　そうそう現れませんよ」,It won't happen anytime soon.,,
ID00223,00009795,54,「またまたぁ、そんなこと言ってると、,"Again, saying stuff like that~",,
ID00223,000097da,45,　趣味の合う男の子が現れて…」,A boy who shares my interests showing up...,,
ID00223,00009b19,45,「あいつにはまだ早いですって。,It's too early for him to show up yet.,,
ID00223,00009b55,24,　中２ですよ？」,I'm only in middle two.,,
ID00223,00009cc9,63,「フフッ、それもそうね。恋するには早いか」,"Hehe, that's true. It's too early for love.",,
ID00223,0000a1b7,48,「恋って、よくわからないけど…」,Love is something I don't really get...,,
ID00223,0000a37a,24,「困ったことに、,"The problem is that,",,
ID00223,0000a3a1,63,　先生にもよくわからないのよねぇ。はぁ…」,Even the teacher's confused... *sigh*,,
ID00223,0000a903,63,「心美先生の好みのタイプって、どんな男？」,What kind of guy is Ms. Shinomiya into?,,
ID00223,0000aad5,45,「ん～、やっぱり頼れる人かな。,"Hmm, probably someone dependable.",,
ID00223,0000ab11,39,　たのもしくて、私を陰から,Someone strong who can support me,,
ID00223,0000ab47,33,　支えてくれるような」,from the shadows...,,
ID00223,0000afec,36,「ルックスは気になる？」,Do you care about looks?,,
ID00223,0000b1fd,45,「ううん、見た目は気にしない。,"Nope, I don't really care about that.",,
ID00223,0000b239,45,　私より背が高い方がいいけど」,I just prefer guys taller than me.,,
ID00223,0000b710,57,「それって、ほとんどの男が高いけど？」,Isn't most of them tall anyway?,,
ID00223,0000b97d,45,「そう。だから全然気にしない」,Exactly. So it doesn’t matter.,,
ID00223,0000bb5d,51,「年上、年下、同い年、つき合うなら,Age isn't an issue.,,
ID00223,0000bb9f,33,　どれがいいですか？」,Which do you prefer?,,
ID00223,0000bd53,45,「特にこだわりはないのよねぇ」,I don’t really have a preference though.,,
ID00223,0000bfa7,57,「年下の人でも、私より年上に見えるし」,Even someone younger looks older than I am.,,
ID00223,0000c300,18,「はははは」,Hahaha,,
ID00223,0000c353,27,「デートするなら、,"If we're going on a date,",,
ID00223,0000c37d,45,　どんなとこへ行きたいです？」,Where do you wanna go?,,
ID00223,0000c53d,39,「ん～、生徒や保護者の方と,"Hmm, meeting students and parents too,",,
ID00223,0000c573,33,　出会ったりするから、,I'd prefer somewhere else.,,
ID00223,0000c5a3,48,　なるべく郊外の方がいいのよね」,It's better if it's somewhere outside the city.,,
ID00223,0000cbe4,57,「ほら、すぐ噂になっちゃいそうだから」,"You know, it'll probably become a rumor right away.",,
ID00223,0000cdd0,36,「いろんなクラスの男が、,Guys from all sorts.,,
ID00223,0000ce03,60,　心美先生がかわいいって、噂してますよ」,who're spreading rumors that Ms. Shinomi is cute.,,
ID00223,0000cfd2,36,「ホントォ？　うれしい」,Really? That's nice.,,
ID00223,0000d2e0,30,「けど、ほめたって、,"But even if you praise me,",,
ID00223,0000d30d,51,　テストの点はおまけしないからね」,I won't give you extra credit on tests.,,
ID00223,0000d648,18,「はははは」,Hahaha,,
ID00223,0000d69b,45,「結婚するならいつまで…とか、,When are you going to get married...,,
ID00223,0000d6d7,36,　考えたことありますか？,Ever thought about it?,,
ID00223,0000d88e,57,「そりゃあ考えるわよ。もう２２だもん」,Of course I have. You're already 22.,,
ID00223,0000dc60,48,「あっという間に、２５になって、,"Before you know it, you'll be 25,",,
ID00223,0000dc9f,54,　２７になって…ささ、さ、３０に…」,then 27... and then 30...,,
ID00223,0000e4ec,45,「ま、若く見えるからいっか～」,"Well, at least I look young~",,
ID00223,0000e6cc,63,「相手を絶対に惚れさせるクスリがあったら、,If there was a drug that...,,
ID00223,0000e71a,24,　どうします？」,Then what would you do?,,
ID00223,0000e91f,42,「ダメダメ、そんな不正行為、,"No no, cheating like that,",,
ID00223,0000e958,33,　先生は認めませんよ」,won't work with me.,,
ID00223,0000ee3c,48,「正々堂々と、恋の１００点満点を,Go for it and score high.,,
ID00223,0000ee7b,24,　勝ち取ってね」,Win her over.,,
ID00223,0000f19d,42,「先生ってみんな忙しすぎて、,"No no, you guys are all so busy that",,
ID00223,0000f1d6,42,　出会いがなさそうですよね」,No time for dates.,,
ID00223,0000f393,39,「はぁ…そうなのよねぇ…。,"Hah... That's right, isn't it...",,
ID00223,0000f3c9,63,　休日も、学校行事でなくなることが多いし」,Weekends get busy.,,
ID00223,0000f75c,57,「おかげで、先生同士で一緒になる人って,Teachers spend time.,,
ID00223,0000f7a4,24,　結構多いのよ」,Quite a few.,,
ID00223,0000fbc5,63,「けどそれだと、忙しい時期が重なっちゃって,But then we'd be busy at the same time.,,
ID00223,0000fc13,33,　余裕がないのよねぇ」,there's no room for error.,,
ID00223,0000ffcd,54,「一目惚れって、したことあります？」,Have you ever had a crush at first sight?,,
ID00223,000101a8,24,「あるわよぉ～」,I have~,,
ID00223,000101ee,39,「えっ？　ど、どんな男？」,Wh-what kind of guy?,,
ID00223,000103a8,33,「ファンシーショップの,"From a fancy shop,",,
ID00223,000103d8,42,　かわいい～ウサギさんとか」,cute little bunny stuff like that.,,
ID00223,0001087a,48,「見た瞬間、もう買うしかないって,"The moment I saw it, I had to buy it.",,
ID00223,000108b9,21,　思っちゃう」,It's what I think.,,
ID00223,00010ba9,18,「はははは」,Hahaha,,
ID00223,00010bfc,48,「恋愛小説って、読む方ですか？」,Do you read romance novels?,,
ID00223,00010e0e,54,「ん～、最近はあんまり読まないわね」,"Hmm, I haven't been reading them much lately.",,
ID00223,00011294,36,「けど、中等部のころは、,"But back in middle school,",,
ID00223,000112c7,36,　いっぱい読んだわよぉ。,I used to read a ton.,,
ID00223,000112fa,45,　恋に恋するお年頃だったから」,That was when we were all in love.,,
ID00223,000118c2,42,「好きとか、嫌いとかって…」,Like liking or disliking...,,
ID00223,00011a7f,57,「フフッ、イヤよイヤよも好きのうちって,"Hehe, even 'dislike' can be a form of like.",,
ID00223,00011ac7,21,　言うものね」,That's how it is.,,
ID00223,00011f05,51,「恋の色って何色だと思いますか？」,What color do you think love is?,,
ID00223,000120e7,60,「もちろんピンクよ。かっわいい～ピンク」,"Of course, pink! So cuuute~ pink",,
ID00223,00012411,57,「心美先生って、恋に一途な方ですか？」,Is Ms. Shinbi someone who's all in on love?,,
ID00223,000125dd,54,「そうね～、よくわからなかったけど、,"Well~, I wasn't sure before but...",,
ID00223,00012622,57,　一途な方なんじゃないかなぁって思う」,I think she might be all in on it,,
ID00223,00012ae4,33,「最近よ、気づいたの」,I noticed recently.,,
ID00223,00012cae,54,「男って、女の涙に弱いんですよね…」,Men are weak to women's tears...,,
ID00223,00012e77,57,「フフッ、涙は女の武器っていうものね」,"Heh, tears are a girl's weapon.",,
ID00223,000132d5,45,「気をつけなきゃダメですよぉ、,"You have to be careful though,",,
ID00223,00013311,54,　悪い女に引っかかっちゃうんだから」,or you'll get taken in by the bad ones.,,
ID00223,000137e9,18,「その…ね。,"Um... well,",,
ID00223,0001380a,59,　@str_000君とこうして話してると…楽しい」,talking with @str_000 like this is fun.,,
ID00223,00013fa1,60,「相性って不思議ね。…生徒と先生なんて、,"Compatibility is weird. ...Students and teachers,",,
ID00223,00013fec,30,　関係ないんだなぁ」,aren't supposed to mix.,,
ID00223,0001437b,21,「心美先生…」,Miss Shinomiya...,,
ID00223,000143d1,42,「来年、クラスの男子全員に、,"Next year, all the guys in my class will",,
ID00223,0001440a,48,　バレンタインチョコを配ったり、,give out Valentine's Day chocolates to~,,
ID00223,00014449,30,　な～んてことは…」,Won't happen...,,
ID00223,000145fa,54,「あ、いいわね。ウサギさんのチョコを,"Ah, that's nice. Her chocolate.",,
ID00223,0001463f,24,　配ってあげる」,I'll give them out.,,
ID00223,00014969,51,「ウサギの？　それって、手作り？」,Usagi's? You mean homemade?,,
ID00223,00014b2f,60,「溶かして型に入れるだけだもん、簡単よ」,It's simple.,,
ID00223,00014d5e,50,「@str_000君には、特別におっきいのを,@str_000-kun gets one extra big one secretly.,,
ID00223,00014d9f,27,　こっそりあげる」,I'll slip it to you.,,
ID00223,00014fba,12,「え…」,Huh...?,,
ID00223,0001516b,63,「あ…い、いろいろお世話になってるからよ。,Thanks for all your help.,,
ID00223,000151b9,45,　ふ、深い意味じゃないからね」,"N-no, not in any deep way though",,
ID00223,00015b9c,57,「もし、俺と心美先生が同級生だったら、,If Heart and I were classmates...,,
ID00223,00015be4,48,　どうだったんだろうなぁって…」,I wonder how that would have been?,,
ID00223,00015da7,60,「そんなの仲好しに決まってるじゃなぁい」,Of course we'd be best friends!,,
ID00223,000160e8,30,「今と同じようにね」,"Just like now, you know?",,
ID00223,00016147,63,「俺…恋に臆病じゃダメだと思うんですよね。,I think it's bad to be cowardly about love...,,
ID00223,00016195,45,　もっと積極的に行かないと…」,I need to be more proactive...,,
ID00223,00016355,33,「あ、いいこと言う～」,"Aw, that's a good point~",,
ID00223,000166da,36,「そう！　好きになったら,That's right! When you fall in love,,
ID00223,0001670d,30,　アタックあるのみ！,You gotta go all out!,,
ID00223,0001673a,33,　当たって砕けろよ！」,Go for it and shatter!,,
ID00223,00016ae9,45,「いや、砕けちゃマズいんで…」,"No, I don't want to get shattered...",,
ID00223,00016ca9,54,「あ、そっか。じゃあ、砕けないように,"Oh, got it. So, without getting shattered",,
ID00223,00016cee,24,　ぶつかれ～！」,Just ram into them~!,,
ID00223,0001728e,18,「はははは」,Hahaha,,
ID00223,000172e1,45,「いつか…子供が出来るとして、,If we ever have kids...,,
ID00223,0001731d,57,　男の子と女の子、どっちがいいです？」,"Which would you prefer, a boy or a girl?",,
ID00223,00017505,42,「女の子！　私とそっくりで、,"A girl! Just like me,",,
ID00223,0001753e,45,　姉妹みたいになるといいなぁ」,I hope we can be like sisters,,
ID00223,000179b8,30,「ははは、なりそう」,"Haha, sounds likely",,
ID00223,00017a17,42,「結婚式をやるなら、和と洋、,Both traditional and western.,,
ID00223,00017a50,33,　どっちがいいです？」,Which is better for you?,,
ID00223,00017c20,48,「かわいいチャペルでやりたい！」,I want to get married in a cute little chapel!,,
ID00223,00017fcd,51,「純白のウエディングドレスを着て、,"Wear a pure white wedding dress,",,
ID00223,0001800f,57,　お色直しで、ピンクのドレスを着て…」,And then change into a pink one...,,
ID00223,00018372,45,「ピンク？　ああ、女児的な…」,"Pink? Oh, like a little girl...",,
ID00223,000185a7,48,「女児じゃないわよ！　花嫁よ！」,I'm not a little girl! I'm the bride!,,
ID00223,000187a6,27,「恋ってきっと…」,Love must be...,,
ID00223,00018954,48,「フフッ、そうね。私もそう思う」,"Hehe, you're right. That's what I think too.",,
ID00224,00001198,21,「心美先生…」,Miss Shinomiya...,,
ID00224,0000138a,36,じーーーーーーーーーーっ,*Stares blankly*,,
ID00224,00001541,18,「にこ～～」,*Smiles widely*,,
ID00224,00001615,45,（微笑みを返されてしまった…）,(She smiled back at me...),,
ID00224,00001683,21,「心美先生…」,Miss Shinomiya...,,
ID00224,00001875,36,じーーーーーーーーーーっ,*Stares blankly*,,
ID00224,000019f5,30,「ん？　どうかした？,Hm? What's up?,,
ID00224,00001a22,36,　真剣な顔しちゃって…」,You're making a serious face...,,
ID00224,00001e86,27,「なにか悩み事？」,Got something on your mind?,,
ID00224,00001f4a,48,「い、いや、なんでもないです…」,"Uh, n-nothing...",,
ID00224,00001fbb,21,「心美先生…」,Miss Shinomiya...,,
ID00224,000021bf,36,じーーーーーーーーーーっ,*Stares blankly*,,
ID00224,00002376,12,「あ…」,...,,
ID00224,00002527,51,「もう……ちょっと…かっこいいって,You're kind of cool...,,
ID00224,00002569,36,　思っちゃったじゃない」,"I just thought it, okay?",,
ID00224,00002afe,21,「心美先生…」,Miss Shinomiya...,,
ID00224,00002cf0,36,じーーーーーーーーーーっ,*Stares blankly*,,
ID00224,00002ea7,33,「むっ、ダメですよぉ、,"Mmph, no way!",,
ID00224,00002ed7,42,　先生をにらみつけるなんて」,You can't glare at your teacher like that.,,
ID00224,000031dc,30,「す、すみません…」,S-sorry...,,
ID00224,00003408,51,（そんなつもりじゃないんだけど…）,(That's not what I meant...),,
ID00224,0000347c,21,「心美先生…」,Miss Shinomiya...,,
ID00224,00003680,36,じーーーーーーーーーーっ,*Stares blankly*,,
ID00224,00003837,12,「あ…」,...,,
ID00224,00003a82,48,「そんな見つめられたら……私…」,If you look at me like that... I'll...,,
ID00224,00003cf0,21,「心美先生…」,Miss Shinomiya...,,
ID00224,00003ef4,36,じーーーーーーーーーーっ,*Stares blankly*,,
ID00224,000040ab,15,「あぅ…」,Ow...,,
ID00224,000042f9,57,「ヤ、ヤダ、そんな急に見つめられたら、,"Y-Yeah, don't suddenly stare at me like that,",,
ID00224,00004341,36,　恥ずかしいじゃなぁい」,That's embarrassing!,,
ID00225,000011d8,33,（思い切って、手を…）,"Go for it, and put your hand...",,
ID00225,00001485,9,ぎゅっ,Squeeze,,
ID00225,00001621,12,「あ…」,...,,
ID00225,0000182a,45,「どうしたの？　なにかあった？,What's wrong? Did something happen?,,
ID00225,00001866,21,　寂しいの？」,You're lonely?,,
ID00225,00001bf7,57,「い、いや、なんでもないです。はは…」,"N-no, it's nothing. Haha...",,
ID00225,00001c71,33,（思い切って、手を…）,"Go for it, and put your hand...",,
ID00225,00001f1e,9,ぎゅっ,Squeeze,,
ID00225,000020ba,18,「きゃっ！」,"""Eek!""",,
ID00225,000022ef,48,「な、なに！？　どうしたの！？」,W-what!? What happened!?,,
ID00225,000025fa,48,「す、すみません、なんとなく…」,"S-sorry, I just felt like...",,
ID00225,000027bd,42,「なんとなくじゃないわよぉ！,"It's not just a feeling, you know~!",,
ID00225,000027f6,42,　先生をからかっちゃダメ！」,You shouldn't tease the teacher!,,
ID00225,000029ef,33,（思い切って、手を…）,"Go for it, and put your hand...",,
ID00225,00002c9c,9,ぎゅっ,Squeeze,,
ID00225,00002e77,12,「あ…」,...,,
ID00225,00003016,36,「フフッ、おっきな手ね」,"Hehe, what big hands.",,
ID00225,00003220,33,（思い切って、手を…）,"Go for it, and put your hand...",,
ID00225,000034cd,9,ぎゅっ,Squeeze,,
ID00225,00003687,12,「えっ」,Oh!,,
ID00225,00003890,54,「なななに？　ビックリするじゃない」,W-what? You scared me.,,
ID00225,00003a66,30,「す、すみません…」,S-sorry...,,
ID00225,00003ac5,33,（思い切って、手を…）,"Go for it, and put your hand...",,
ID00225,00003d72,9,ぎゅっ,Squeeze,,
ID00225,00003f4d,12,「え…」,Huh...?,,
ID00225,000040e2,33,「あぅ～、抗えないぃ」,"Ahh~, I can't resist...",,
ID00225,000041d4,33,（思い切って、手を…）,"Go for it, and put your hand...",,
ID00225,00004481,9,ぎゅっ,Squeeze,,
ID00225,0000463b,12,「あ…」,...,,
ID00225,000047da,60,「ゴメンね、先生、ちょっと困っちゃう…」,"Sorry, Teacher, this is kinda awkward...",,
ID00225,00004f6b,30,「す、すみません…」,S-sorry...,,
ID00226,00002ac5,48,「な、なによぉ、頭なんかなでて」,"Wh-what's this, rubbing my head?",,
ID00226,00002c95,42,「あ、なにかついてたから…」,"A-Ah, I guess something was stuck...",,
ID00226,00002ebc,54,「な、なによぉ、頬なんか突っついて」,"W-What are you doing, poking my cheek?",,
ID00226,0000335a,57,「す、すみません、なにかついてたから」,"S-Sorry, it must've been something stuck.",,
ID00226,00003581,60,「そ、そうなんだ。取ってくれてありがと」,R-Really? Thanks for getting it for me.,,
ID00226,00003b0a,54,「な、なによぉ、鼻なんか突っついて」,W-What now? Poking my nose!,,
ID00226,00003ca9,57,「す、すみません、なにかついてたから」,"S-Sorry, it must've been something stuck.",,
ID00226,00003ea5,60,「そ、そうなんだ。取ってくれてありがと」,R-Really? Thanks for getting it for me.,,
ID00226,0000447d,51,「な、なに！？　どうして唇を！？」,W-What!? Why did you kiss me!?,,
ID00226,0000479b,57,「す、すみません、なにかついてたから」,"S-Sorry, it must've been something stuck.",,
ID00226,000049fb,39,「ひゃあっ！　な、なに！？,Eek! W-What's this!?,,
ID00226,00004a31,27,　どうしたの！？」,What's wrong!?,,
ID00226,00004d27,57,「す、すみません、なにかついてたから」,"S-Sorry, it must've been something stuck.",,
ID00226,00004ebc,27,「そ、そうなんだ。,"Oh, really?",,
ID00226,00004ee6,45,　もう、ビックリするじゃない」,You scared me!,,
ID00226,000051ee,24,「すみません…」,Sorry...,,
ID00226,00005362,45,「けど…取ってくれてありがと」,Thanks for getting it though...,,
ID00226,000056c2,48,「どうしたの？　肩なんか触れて」,Why are you touching my shoulder?,,
ID00226,00005892,39,「あ、なにかついてたから」,"Oh, there was something stuck to it.",,
ID00226,00005a15,21,「そうなんだ。,I see.,,
ID00226,00005a39,48,　フフッ、取ってくれてありがと」,"Hehe, thanks.",,
ID00226,00005f5a,39,「ひゃあっ！　な、なに！？,Eek! W-What's this!?,,
ID00226,00005f90,27,　どうしてっ！？」,Why not?!?,,
ID00226,000063b7,57,「す、すみません、なにかついてたから」,"S-Sorry, it must've been something stuck.",,
ID00226,0000654c,45,「も、もう！　言ってくれれば、,S-Stop it! I could have done it!,,
ID00226,00006588,30,　自分で取るわよ！」,I would've done it!,,
ID00226,00006956,24,「すみません…」,Sorry...,,
ID00226,00006d35,54,「むっ、なによぉ、頭なんかなでてぇ」,"Mmph, what's with that? Are you hitting my head?",,
ID00226,000071ab,63,「先生なんだからね！　子供扱いしないで！」,You're my teacher! Don't treat me like a kid!,,
ID00226,00007380,30,「す、すみません…」,S-sorry...,,
ID00226,0000755f,18,「むぐぅ…」,...Mmmph...,,
ID00226,00007704,39,「ぷ～っ、先生のほっぺたを,"Huff, don't touch the teacher's cheek!",,
ID00226,0000773a,36,　突っついちゃダメです！,You shouldn't do that!,,
ID00226,0000776d,42,　子供じゃないんだからね！」,You're not a kid anymore!,,
ID00226,00007c00,30,「す、すみません！」,S-Sorry!,,
ID00226,00007c7a,33,（なにかついてたから、,I was holding onto something.,,
ID00226,00007caa,39,　取っただけなんだけど…）,I grabbed it...,,
ID00226,00008085,18,「ふぐぅ…」,Fuuugh...,,
ID00226,0000822a,30,「む～っ、先生の鼻を,"Mmph, don't poke my nose!",,
ID00226,00008257,36,　突っついちゃダメです！,You shouldn't do that!,,
ID00226,0000828a,42,　子供じゃないんだからね！」,You're not a kid anymore!,,
ID00226,00008701,30,「す、すみません！」,S-Sorry!,,
ID00226,00008945,15,「んぐ…」,...Nngh...,,
ID00226,00008ae7,30,「シーッてなによぉ、,"Shhh, what?",,
ID00226,00008b14,54,　そんな大きな声で話してないもん！」,I'm not speaking so loudly!,,
ID00226,00008e78,30,「す、すみません！」,S-Sorry!,,
ID00226,00008ef3,33,（なにかついてたから、,I was holding something.,,
ID00226,00008f23,39,　取っただけなんだけど…）,I grabbed it...,,
ID00226,000092fe,21,「ひゃあっ！」,Ahh!,,
ID00226,00009522,33,「さ、触っちゃダメェ！,"Hey, don't touch me!",,
ID00226,00009552,42,　くすぐったいんだからぁ！」,It tickles!,,
ID00226,0000991d,42,「な、なにかついてたから…」,I-I was just following along...,,
ID00226,00009b96,15,「う～っ」,~,,
ID00226,00009bd3,24,「すみません…」,Sorry...,,
ID00226,00009dad,33,「むっ、ダメですよぉ、,"Mmph, no way!",,
ID00226,00009ddd,42,　先生の肩に気軽に触れちゃ」,Don't touch a teacher's shoulder.,,
ID00226,0000a247,42,「子供じゃないんですからね。,We're not kids anymore.,,
ID00226,0000a280,36,　オ・ト・ナなんだから」,We're adults now.,,
ID00226,0000a5d2,24,「すみません…」,Sorry...,,
ID00226,0000a633,33,（なにかついてたから、,I was holding something.,,
ID00226,0000a663,39,　取っただけなんだけど…）,I grabbed it...,,
ID00226,0000a88c,24,「ひゃああっ！」,Eeek!!,,
ID00226,0000aa74,21,「な、なに！？,W-what!?,,
ID00226,0000aa98,48,　エッチなことは教えませんよ！」,I'm not gonna teach you anything dirty!,,
ID00226,0000ad6c,60,「す、すみません、なにかついてたから…」,"Sorry, there was something stuck to it...",,
ID00226,0000af56,63,「だからって、レディの胸に触れちゃダメ！」,That doesn't mean you can grope a lady's chest!,,
ID00226,0000b2c3,15,「はい…」,Yes...,,
ID00226,0000b4f9,12,「あ…」,...,,
ID00226,0000b6aa,48,「もう、先生の頭をなでるなんて、,"Don't touch my head like that, already...",,
ID00226,0000b6e9,24,　ダメですよぉ」,or else I'm screwed~,,
ID00226,0000bdc3,15,「ふぐ…」,Fug...,,
ID00226,0000bffa,15,「むぐ…」,Mmmph...,,
ID00226,0000c231,15,「あぐ…」,Agh...,,
ID00226,0000c39c,51,「フフッ、いたずらはダメですよぉ」,"Heh, no playing around, okay?",,
ID00226,0000c755,42,「きゃっ、くすぐったぁい！」,Kyah! That tickles!,,
ID00226,0000c94f,30,「す、すみません！」,S-Sorry!,,
ID00226,0000cac9,48,「もう…いたずらはダメですよぉ」,You know...no playing around.,,
ID00226,0000ce90,60,「ん？　どうかした？　肩になんか触れて」,Hmm? What's wrong? You're touching my shoulder...,,
ID00226,0000d09c,48,「い、いや、その…なんとなく…」,"N-No, it's just...I don't know...",,
ID00226,0000d228,36,「フフッ、ダメですよぉ、,"Heh heh, you can't do that to",,
ID00226,0000d25b,36,　気安く先生に触れちゃ」,your teacher like this...,,
ID00226,0000d804,39,「はわわっ！　な、なに！？,Huh?! W-What are you doing?!,,
ID00226,0000d83a,27,　どうしたの！？」,What's wrong!?,,
ID00226,0000dbc4,42,「す、すみません！　つい…」,S-Sorry! I just...,,
ID00226,0000ddb1,54,「つ、ついじゃないわよぉ。エッチ！」,S-Stop saying 'I didn't mean to'! It's perverted!,,
ID00226,0000e1b3,42,「む～っ、頭なんかなでてぇ」,"Mmmph, you're messing with my head...",,
ID00226,0000e594,42,「子供扱いされるのキラ～イ」,I hate being treated like a kid~,,
ID00226,0000e7da,30,「す、すみません…」,S-sorry...,,
ID00226,0000e9fa,18,「むぐぅ…」,...Mmmph...,,
ID00226,0000ebbb,57,「も～っ、ほっぺたなんか突っついてぇ。,"Mmph, stop poking my cheek~",,
ID00226,0000ec03,39,　子供扱いされるのキライ」,I hate being treated like a kid.,,
ID00226,0000ef05,30,「す、すみません…」,S-sorry...,,
ID00226,0000f125,18,「ふぐぅ…」,Fuuugh...,,
ID00226,0000f2e6,48,「も～っ、鼻なんか突っついてぇ。,"Mmph, stop poking my nose~",,
ID00226,0000f325,39,　子供扱いされるのキライ」,I hate being treated like a kid.,,
ID00226,0000f7de,30,「す、すみません…」,S-sorry...,,
ID00226,0000fa10,15,「んぐ…」,...Nngh...,,
ID00226,0000fbce,42,「もーっ、そんなおっきな声で,Don't shout so loud~,,
ID00226,0000fc07,30,　話してないもん！」,I wasn't talking!,,
ID00226,000100b7,30,「す、すみません…」,S-sorry...,,
ID00226,000102e9,21,「ひゃあっ！」,Ahh!,,
ID00226,000104ad,60,「ダ、ダメでしょ！　いきなり触れちゃ！」,N-No way! You can't just touch me like that!,,
ID00226,00010840,30,「す、すみません！」,S-Sorry!,,
ID00226,00010a60,45,「む……ダメでしょ、先生の肩に,"No way, don't touch it.",,
ID00226,00010a9c,27,　気安く触れちゃ」,like this.,,
ID00226,00010f20,30,「す、すみません…」,S-sorry...,,
ID00226,0001119e,24,「ひゃああっ！」,Eeek!!,,
ID00226,000113a6,48,「な、なに！？　どうしたの！？」,W-what!? What happened!?,,
ID00226,00011748,39,「す、すみません、つい…」,"S-sorry, it was an accident...",,
ID00226,00011932,36,「つい、じゃないわよぉ！,It's not an accident!,,
ID00226,00011965,42,　職員室でお説教するわよ！」,I'll give you a lecture in the staff room!,,
ID00226,00011cd8,24,「すみません！」,Sorry!,,
ID00226,00011f17,12,「あ…」,...,,
ID00226,0001207f,30,「フフッ、うれしい」,"Hehe, that makes me happy.",,
ID00226,00012419,15,「ふぐ…」,Fug...,,
ID00226,0001264f,15,「むぐ…」,Mmmph...,,
ID00226,000127f1,54,「フフッ、つい触れたくなっちゃう？」,"Hehe, did you end up wanting to touch me?",,
ID00226,00012b76,15,「んぐ…」,...Nngh...,,
ID00226,00012d94,24,「恥ずかしい…」,It's embarrassing...,,
ID00226,00012fc0,12,「あン」,Ahnn,,
ID00226,0001315f,42,「フフッ、くすぐっちゃダメ」,"Hehe, no tickling!",,
ID00226,00013638,51,「エヘヘ、励ましてくれてありがと」,"Ehehe, thanks for cheering me on",,
ID00226,00013b77,18,「はうぅ！」,Hauuuh!,,
ID00226,00013d24,48,「も、もう、エッチなんだからぁ」,"S-Stop it, we're being naughty now",,
ID00226,0001414d,48,「あ……イヤじゃないけど、ね？」,"A... I don't really mind, you know?",,
ID00226,000144ec,27,「す、すみません」,S-Sorry.,,
ID00226,000148bb,18,「むぐぅ…」,...Mmmph...,,
ID00226,00014a8f,18,「ふぐぅ…」,Fuuugh...,,
ID00226,00014c93,39,「イヤじゃないけど…ね？」,I don't really mind...you know?,,
ID00226,0001504e,27,「す、すみません」,S-Sorry.,,
ID00226,0001527d,15,「んぐ…」,...Nngh...,,
ID00226,00015595,48,「もう…イヤじゃないけど、ね？」,"Ugh...I don't really mind, you know?",,
ID00226,00015b12,27,「す、すみません」,S-Sorry.,,
ID00226,00015d41,21,「ひゃあっ！」,Ahh!,,
ID00226,00015f62,57,「ダ、ダメよ、くすぐったいんだからぁ」,"N-No, it tickles!",,
ID00226,00016131,30,「す、すみません！」,S-Sorry!,,
ID00226,00016351,39,「む……ダメよ、先生の肩に,"Mm...No way, you can't just",,
ID00226,00016387,27,　気軽に触れちゃ」,Don't touch me.,,
ID00226,0001685e,27,「す、すみません」,S-Sorry.,,
ID00226,00016aa9,24,「ひゃあんっ！」,Hyahhnnn!!,,
ID00226,00016c54,45,「エッチッ！　ダメでしょっ！」,Naughty! That's not okay!,,
ID00226,00016e3d,39,「す、すみません、つい…」,"S-sorry, it was an accident...",,
ID00226,00017013,36,「つい、じゃないわよぉ。,It wasn't on purpose~,,
ID00226,00017046,45,　も～っ、男の子なんだからぁ」,"You're a boy, after all~",,
ID00227,00001209,42,「アハハ、どの話も楽しい～」,"Hehe, all of them were fun~",,
ID00227,00001652,59,「ふうん、物知りなのねぇ、@str_000君って」,"Hmm, you know a lot, @str_000-kun.",,
ID00227,00001aff,42,「フフッ、いい話ばかりね～」,"Heh heh, they were all great stories~",,
ID00227,00001efb,41,「フフッ、@str_000君の話って、,"Heh heh, @str_000-kun's stories are...",,
ID00227,00001f33,36,　どれもすっごく面白い」,super interesting.,,
ID00227,00002547,60,「うんうん、なかなか為になる話じゃない」,"Yeah yeah, they're pretty educational.",,
ID00227,000029be,45,「フフッ、どれも楽しい話ね～」,"Heh heh, they were all fun stories~",,
ID00227,00002e25,33,「アハハハ、面白～い！,"Hahaha, so funny!",,
ID00227,00002e55,47,　@str_000君の話って、サイコー！」,"Your stories are the best, @str_000!",,
ID00227,000032a3,57,「フフッ、素敵な話をいっぱいありがと」,"Heh heh, thanks for all these wonderful stories.",,
ID00227,0000374e,33,「はぁ…こうしてると、,"Hah... sitting like this,",,
ID00227,0000377e,39,　時が経つのを忘れちゃう」,I forget all about time.,,
ID00228,00000ddc,54,「なんだか、同じような話ばっかり…」,It's all the same old story...,,
ID00228,000011f6,48,「んん？　さっきも似たような話を,Hmm? We talked 'bout this.,,
ID00228,00001235,24,　してた気が…」,"We did this, didn't we?",,
ID00228,000016bb,60,「あれぇ？　またその手の話？　好きねぇ」,"Oh, not this again. I'm not a fan.",,
ID00229,00000dc0,57,「も～っ、その手の話は飽きたってばぁ」,"~Ugh, I'm sick of hearing the same old story.",,
ID00229,00001214,24,「む～っ、ずっと,"~Tch, you've been",,
ID00229,0000123b,45,　同じような話ばっかりしてぇ。,talking about the same thing over and over.,,
ID00229,00001277,24,　つまんないぃ」,so boring~,,
ID00229,000016fd,51,「う～ん…いい話とは思うんだけど、,"~Hmm... It's a nice story,",,
ID00229,0000173f,30,　こう続くと…ねぇ」,But it's repeating...,,
ID00230,00000dc0,57,「も～っ、急に黙っちゃってどうしたの？,What's up? Why'd you go all quiet all of a sudden~?,,
ID00230,00000e08,45,　考えごとならあとにしてよぉ」,"Save the thinking for later, okay?",,
ID00230,0000138b,51,「どうしたの？　急に黙っちゃって。,Why so quiet all of a sudden?,,
ID00230,000013cd,33,　なにか話そうよぉ？」,Tell me what's on your mind.,,
ID00230,000018ae,39,「あ～あ…つまんないなぁ。,Aww... This is boring...,,
ID00230,000018e4,45,　全然話してくんないんだもん」,You never talk to me at all.,,
ID00231,00001aba,48,「今年の夏は暑くなりそうですね」,"This summer's gonna be a scorcher, huh?",,
ID00231,00001b9d,48,「そうね～。けど、元気いっぱい、,Yeah... But we've gotta stay energetic and,,
ID00231,00001bdc,39,　暑さをはねのけなきゃね」,bounce back from the heat!,,
ID00231,00001fba,45,「先生にとって、夏といえば？」,What do you think of when it's summer?,,
ID00231,00002196,18,「夏休み！」,Summer vacation!,,
ID00231,000021d6,48,「だったのよねぇ…大学までは…」,...Until college...,,
ID00231,00002416,18,「はははは」,Hahaha,,
ID00231,00002469,42,「教室のクーラーの設定温度を,Can someone lower the AC settings?,,
ID00231,000024a2,57,　下げてくれると、快適なんだけどなぁ」,it'd be so much more comfortable.,,
ID00231,0000266e,51,「ダメよぉ、クーラーの効きすぎは、,"No way, the AC being too cold is,",,
ID00231,000026b0,30,　体に悪いんだから」,it's bad for your body.,,
ID00231,00002b45,57,「夏、暑いのは当たり前。がまんがまん」,"It's hot in summer, deal with it.",,
ID00231,00002e22,39,「職員室は涼しいですよ？」,"The staff room is cool, isn't it?",,
ID00231,00002efc,27,「大人はいいの！」,Grown-ups are fine!,,
ID00231,00003117,39,「おっきな入道雲を見ると、,"When I see those big cumulus clouds,",,
ID00231,0000314d,63,　夏が来たんだな～って感じがするのよね～」,it feels like summer's here~,,
ID00231,00003474,30,「海と合いますよね」,It matches the sea.,,
ID00231,00003631,48,「そうそう。青い海と、青い空と、,"Yeah, yeah. The blue sea and the blue sky,",,
ID00231,00003670,57,　白い入道雲。まさに夏って感じよね～」,And those white clouds. It feels like summer.,,
ID00231,00003c09,36,「こう真夏日が続くと…」,When it's this hot every day...,,
ID00231,00003dc0,51,「も～っ、夏は暑いものなんだから、,"Oh man, summer is supposed to be hot anyway,",,
ID00231,00003e02,30,　元気出してこ～！」,Cheer up~!,,
ID00231,0000412a,42,「いい天気ですね～、今日も」,What a nice day today too~,,
ID00231,000042e7,42,「ホントね～。夏真っ盛りよ」,"Yeah, it's peak summer",,
ID00231,000044c4,54,「先生って花粉症は大丈夫でしたか？」,How was your hay fever?,,
ID00231,000046d0,54,「ええ、全然。マスクなしで外へ出ても,"Yeah, I'm fine. No problem going out without a mask.",,
ID00231,00004715,24,　へっちゃらよ」,I can handle it.,,
ID00231,00004b7a,60,「子供はなかなかならないっていうしなぁ」,Kids usually don't get hay fever though.,,
ID00231,00004d76,33,「だ～れ～が子供よ～」,Who says I'm still a kid~?,,
ID00231,00005065,36,「じょ、冗談です、冗談」,"J-Just kidding, just kidding.",,
ID00231,000050ca,51,「寝苦しい夜って、どうしてます？」,What do you do on sleepless nights?,,
ID00231,000051b0,36,「ん～、私って、暑くても,"Hmm, even when it's hot like this...",,
ID00231,000051e3,57,　意外と気にせず寝られちゃうのよねぇ」,I can sleep pretty well without worrying.,,
ID00231,000057f1,51,「疲れてるから、朝までぐっすりよ」,"I'm tired, so I'll sleep till morning.",,
ID00231,000059f3,51,「先生の好きな季節っていつです？」,"What's your favorite season, Sensei?",,
ID00231,00005c15,63,「そうねぇ…春が好きかな。桜がきれいだし」,Hmm... maybe spring? The cherry blossoms are pretty.,,
ID00231,00006151,57,「クラスが新しくなる季節でもあるしね」,It's also the time when classes get new students.,,
ID00231,00006306,27,「今年の夏って…」,This summer...,,
ID00231,0000647d,27,「フフッ、そうね。,"Heh, that's right.",,
ID00231,000064a7,54,　部活に入ったし、がんばらなきゃね」,"I joined a club, so I have to work hard now.",,
ID00231,00006959,57,「心美先生の好きな時間帯って、いつ？」,"When do you like best, Miss Shinomiya?",,
ID00231,00006b25,60,「ん～、放課後、みんなが帰ったあとかな」,"Hmm, maybe after school when everyone leaves.",,
ID00231,0000701d,45,「夕焼けに染まる校舎を見ると、,"Seeing the school turn red at sunset,",,
ID00231,00007059,36,　ちょっとホッとするの」,I feel a little relieved.,,
ID00231,0000740c,57,「暑いのと寒いの、どっちが苦手です？」,"Which do you hate more, hot or cold?",,
ID00231,00007552,27,「寒いのが苦手ぇ。,I hate the cold.,,
ID00231,0000757c,60,　早くコタツに入りた～いって思っちゃう」,Want to get into a kotatsu so bad.,,
ID00231,00007abc,57,「この夏、一番印象に残ったことって？」,What left the biggest impression on you this summer?,,
ID00231,00007c88,54,「一杯あるわよぉ。先生として迎える、,"There's plenty of them. As your teacher,",,
ID00231,00007ccd,60,　初めてのミツミキャンプだったんだから」,It's my first time at Mitsumi Camp.,,
ID00231,00008149,44,「中でも、@str_000君とのことは、,"Especially the time with you, @str_000-kun.",,
ID00231,00008184,39,　特に印象に残ってるかな」,Maybe it stuck with me.,,
ID00231,000085f8,60,「エヘヘ、いろいろ迷惑かけちゃったしね」,"Hehe, I caused you so much trouble too.",,
ID00231,00008918,39,「この夏は、あっという間に,This summer went by in a flash.,,
ID00231,0000894e,42,　過ぎちゃった気がするなぁ」,It feels like it flew by so fast.,,
ID00231,00008b88,39,「先生は忙しいですからね」,"You've been busy, haven't you?",,
ID00231,00008ec4,15,「そうね」,Yeah,,
ID00231,0000910c,48,「けど…それだけじゃないのよ？」,But... there's more to it than that.,,
ID00231,000093b8,30,「夏の思い出って…」,Summer memories...,,
ID00231,000095ac,45,「うん…どれもとっても大切よ」,Yeah... they're all really precious.,,
ID00232,00001eb0,57,「休み時間なのに生徒から質問攻めじゃ、,You're swamped with questions.,,
ID00232,00001ef8,39,　休む暇がないですよね？」,No time to rest.,,
ID00232,000020b2,39,「フフッ、先生は大忙しよ」,"Hmm hmm, the teacher's super busy.",,
ID00232,000023a7,60,「それだけやりがいがあるってことだから、,"That just means it's really rewarding, right?",,
ID00232,000023f2,33,　がんばらなくっちゃ」,I've gotta do my best.,,
ID00232,000025e2,54,「うちのクラスで一番成績がいいのって,The top student in our class is,,
ID00232,00002627,27,　反町ですよね？」,"Sorimachi, isn't she?",,
ID00232,000027d5,42,「そうよ。もう、ダントツ！」,Yeah. She's way ahead of everyone else.,,
ID00232,00002b20,27,「同級生だったら、,"If she's a classmate,",,
ID00232,00002b4a,51,　私が勉強を教えてもらってたわよ」,I used to get help with my studies from her.,,
ID00232,00002ea7,18,「はははは」,Hahaha,,
ID00232,00002f62,60,「先生になるのって、勉強大変でしたか？」,Is teaching hard?,,
ID00232,00003180,51,「ん～、それなりにがんばったわよ」,Hmm~ I did try pretty hard.,,
ID00232,00003603,20,「@str_000君も、,"@str_000, you should",,
ID00232,00003626,45,　がんばって勉強するようにね」,study hard too.,,
ID00232,000037bc,18,「は、はい」,Y-Yes.,,
ID00232,0000380f,63,「高校の時の得意科目って、やっぱり英語？」,Was English your best subject in high school?,,
ID00232,000039e1,42,「そうね～、得意っていうか、,Yeah~ I guess it was more like,,
ID00232,00003a1a,27,　好きなのよねぇ」,I just really liked it.,,
ID00232,00003fac,45,「英語が喋れると、世界中の人と,"When you can speak English, you can",,
ID00232,00003fe8,57,　コミュニケーションが取れるじゃない？,"communicate with people all over the world,",,
ID00232,00004030,27,　楽しいわよぉ～」,right? It's so much fun~,,
ID00232,00004454,36,「もっとも…私の発音は、,My pronunciation isn't clear.,,
ID00232,00004487,45,　なかなか通じないんだけどね」,is it?,,
ID00232,00004aba,18,「はははは」,Hahaha,,
ID00232,00004c72,57,「夏の課題、ちゃんとやってますかぁ？」,Are you keeping up with your summer assignments?,,
ID00232,00004e4b,24,「も、もちろん」,"Of, of course.",,
ID00232,00004ff6,48,「毎日、計画的に進めておかなきゃ,"I gotta keep up with it every day, you know?",,
ID00232,00005035,24,　ダメですよぉ」,or else I'm screwed~,,
ID00232,000051c9,30,「日々の勉強って…」,Daily studying...,,
ID00232,000053bd,54,「そうそう、いいこと言うじゃな～い」,"That's right, that's exactly what I said!",,
ID00232,00005621,27,「はぁ…妃月さんに,Phew... Himeragi said,,
ID00232,0000564b,60,　クラスメイトみたいって言われるなんて、,"that I seem like a classmate or something,",,
ID00232,00005696,30,　ちょっとショック」,a little shocking.,,
ID00232,00005beb,48,「おかげで警戒感がないんだから、,"That's why I don't feel wary of her,",,
ID00232,00005c2a,42,　よかったんじゃないです？」,"That's a good thing, right?",,
ID00232,00005d7d,30,「ん…それもそっか。,Hmm... That makes sense.,,
ID00232,00005daa,57,　妃月さんと楽しくお勉強できるものね」,I can study with Himeragi-san and have fun,,
ID00232,00006586,18,「ルンルン」,Bouncy bounce,,
ID00232,000065c6,18,「はははは」,Hahaha,,
ID00232,0000677e,53,「@str_000君はこの夏、勉強がんばって、,"@str_000, you should work hard this summer",,
ID00232,000067c2,39,　もっと成績上げなきゃね」,and raise your grades more,,
ID00232,00006952,27,「うっ…は、はい」,*sneeze* Y-yes,,
ID00232,00006b00,45,「成績いいとモテるんだからぁ。,"Good grades make you popular, y'know.",,
ID00232,00006b3c,33,　ファイト、ファイト」,"Come on, come on.",,
ID00232,00007003,56,「@str_000君って、予備校に通ってるの？」,Is @str_000 going to a cram school?,,
ID00232,00007069,54,「いや…ミツミキャンプで十分です…」,No... Mitsumi Camp is enough...,,
ID00232,00007232,33,「アハハ、そうよね～、,"Ahaha, yeah~",,
ID00232,00007262,60,　他の学校は夏休みなのに、大変だものね」,Other schools are out.,,
ID00232,0000786c,33,「がんばって勉強して、,Study hard and,,
ID00232,0000789c,36,　差をつけちゃいましょ」,get ahead of them.,,
ID00232,00007a3c,39,「先生が黒板に書く字って、,The teacher's writing...,,
ID00232,00007a72,45,　丸っこくてかわいいですよね」,aren't they cute and adorable?,,
ID00232,00007c32,63,「そ、そう？　ホントは、もっときれいな字を,R-Really? I actually want to write neater letters...,,
ID00232,00007c80,33,　書きたいんだけど…」,but...,,
ID00232,00008150,63,「心美先生らしくて、いいと思いますけど？」,"I think it suits you, Miss Kumomi.",,
ID00232,000081bd,51,「私らしい…か。フフッ、そうよね、,"It does suit me..., huhuhu. Yeah,",,
ID00232,000081ff,30,　個性って大事よね」,individuality is important.,,
ID00232,000088e2,54,「先生の苦手な教科って、なんです？」,What subject do you suck at?,,
ID00232,00008946,48,「数学…。いっぱい数字が並ぶと、,"Math... When there are lots of numbers,",,
ID00232,00008985,45,　解く気がなくなっちゃって…」,I don't feel like solving them...,,
ID00232,00008c31,33,「ああ…わかります…」,Ah... I get it...,,
ID00232,00008c80,48,「算数は得意だったんだけどなぁ」,I used to be good at arithmetic though...,,
ID00232,00008fff,48,「足し算も、引き算も、かけ算も、,"Addition, subtraction, multiplication...",,
ID00232,0000903e,39,　分数だって自由自在よ！」,Fractions were a breeze too!,,
ID00232,00009205,18,「はははは」,Hahaha,,
ID00232,00009258,30,「先生の授業って…」,Your class is...,,
ID00232,000093d2,33,「フフッ、うれしいこと,"Hehe, you're making me",,
ID00232,00009402,36,　言ってくれちゃってぇ。,feel so happy.,,
ID00232,00009435,39,　心美、がんばっちゃう！」,"Shinmi, I'll do my best!",,
ID00232,0000979d,57,「心美先生が部屋へ来てくれたおかげで、,"Thanks to you coming over, Shinmi-sensei,",,
ID00232,000097e5,33,　勉強が捗りましたよ」,I've been studying well.,,
ID00232,00009999,63,「私も、カリキュラムの作成が捗っちゃった」,I was also able to get a lot done on the curriculum.,,
ID00232,00009ca6,63,「いいわね、一緒にがんばるのって。フフッ」,"That's nice, working together like this. Hehe.",,
ID00232,00009ff9,30,「ミツミキャンプも、,The Mitsumi Camp ends soon.,,
ID00232,0000a026,42,　終わりが近づいてきたけど、,you can't let your guard down yet.,,
ID00232,0000a05f,42,　気を抜いちゃダメですよぉ」,"You gotta stay focused, you know?",,
ID00232,0000a4f3,51,「最後まで、ドゥ　ユア　ベスト！」,Do your best till the end!,,
ID00232,0000a82b,18,「は、はい」,Y-Yes.,,
ID00232,0000a87e,51,「うちの学校って、ちょっとテストが,Our school has way too many tests,,
ID00232,0000a8c0,33,　多すぎないですか？」,don't you think?,,
ID00232,0000aa74,36,「そんなことないわよぉ。,That's not true at all.,,
ID00232,0000aaa7,63,　ちゃ～んと学んだことを確認しなくっちゃ」,You gotta review what you've learned,,
ID00232,0000aeef,27,「へこたれてると、,"If you give up,",,
ID00232,0000af19,42,　小テスト増やしちゃうわよ」,I'll just add more pop quizzes.,,
ID00232,0000b23a,42,「げっ、が、がんばります！」,G-G-Good luck!,,
ID00232,0000b2a5,63,「成績いいヤツって、ほめられていいよなぁ」,"Good grades mean you get praised too, huh?",,
ID00232,0000b477,36,「そりゃあ、ほめるわよ。,"Sure thing, I'll praise you.",,
ID00232,0000b4aa,45,　それだけ努力してるんだから」,That's how hard you've been working.,,
ID00232,0000b7dc,53,「そんなわけで、@str_000君も努力して、,"@str_000-kun, work hard too,",,
ID00232,0000b820,33,　私からほめられてね」,I'll be the one to praise you.,,
ID00232,0000bb38,18,「は、はい」,Y-Yes.,,
ID00232,0000bb8b,42,「これまで解けなかった問題が,When you can finally solve problems,,
ID00232,0000bbc4,60,　解けるようになると、うれしいですよね」,It's great when you can solve them.,,
ID00232,0000bcc1,54,「そうそう！　勉強って楽しいわよね」,"That's right! Studying is fun, isn't it?",,
ID00232,0000bfb4,39,「その調子でがんばってね」,Keep it up!,,
ID00232,0000c1aa,33,「勉強の楽しさって…」,The joy of studying...,,
ID00232,0000c3a1,30,「うんうん、最後まで,"Yeah, yeah, make sure to",,
ID00232,0000c3ce,48,　充実のミツミキャンプにしてね」,have a fulfilling Mitsumi Camp until the end.,,
ID00233,00002e6d,38,「@str_000君、ダメですよぉ。,"@str_000, that's not good.",,
ID00233,00002ea2,48,　日直はちゃんと授業が始まる前に,Before class starts.,,
ID00233,00002ee1,48,　黒板をきれいにしておかないと」,or else...,,
ID00233,0000323f,45,「すみません、うっかりしてて。,"Sorry, I forgot.",,
ID00233,0000327b,57,　先生じゃ、上の方は届かないですしね」,I can't reach up there anyway.,,
ID00233,0000348a,63,「そうそう、そうなのよ、背伸びしても全然…,That's right. Even if you stretch your neck...,,
ID00233,000034d8,39,　って、ひとこと余計よ！」,"Wait, that was unnecessary.",,
ID00233,00003a09,30,「す、すみません！」,S-Sorry!,,
ID00233,00003a68,57,「心美先生って、光海学園から光海大学へ,To Mitsumi University,,
ID00233,00003ab0,63,　進んで、光海学園に先生として赴任して…。,Then she taught there...,,
ID00233,00003afe,36,　ずっと光海学園ですね」,At Mitsumi all along.,,
ID00233,00003cb5,57,「そうよぉ、光海学園で学んで、育って、,You studied here.,,
ID00233,00003cfd,39,　光海学園に帰ってきたの」,I came back to Mitsumi Academy.,,
ID00233,00004171,51,「それだけ魅力ある学園ってことね」,That means it's a really attractive school.,,
ID00233,0000438e,45,「学園で一番好きな場所って？」,What's your favorite place in the academy?,,
ID00233,0000454e,42,「それは、もちろんビーチよ」,"Of course, it's the beach.",,
ID00233,00004899,60,「散歩するだけで楽しいのよね～、ウフッ」,Walking around is fun in itself~ hehe.,,
ID00233,00004aae,45,「学校で一番苦手な場所って？」,What's the place you hate most at school?,,
ID00233,00004cbd,18,「職員室…」,The staff room...,,
ID00233,00004e72,24,「先生なのに？」,You're a teacher though?,,
ID00233,00005039,57,「だって、重～い話が多いんだも～ん…」,Because there are so many heavy topics... ~,,
ID00233,00005377,24,「明るい学園で、,"In this bright academy,",,
ID00233,0000539e,45,　あそこだけ灰色なんだからぁ」,that one spot is gray.,,
ID00233,00005495,18,「はははは」,Hahaha,,
ID00233,000054e8,63,「いつも何時ぐらいに学校へ来てるんです？」,When do you usually come to school?,,
ID00233,000056ba,36,「みんなと同じぐらいよ。,About the same as everyone else.,,
ID00233,000056ed,57,　早く来てもあんまりやることないから」,"Even if I come early, there's not much to do anyway",,
ID00233,000059f4,30,「生徒指導の先生は、,Student guidance teacher.,,
ID00233,00005a21,42,　すご～く早く来てるけどね」,comes super duper early though,,
ID00233,00005bfe,42,「うちの学校のいいとこって、,"The best thing about our school is,",,
ID00233,00005c37,33,　どこだと思います？」,What do you think it is?,,
ID00233,00005db4,54,「みんな、何事もベストを尽くすとこ。,People always try their best at everything,,
ID00233,00005df9,48,　勉強も、スポーツも、部活もね」,"Studying, sports, or clubs.",,
ID00233,00006532,50,「@str_000君も、部活に入ったんだし、,"@str_000, you joined a club too, so",,
ID00233,00006573,36,　ぜ～んぶがんばってね」,do your best at everything.,,
ID00233,00006753,18,「は、はい」,Y-Yes.,,
ID00233,000067a6,42,「心美先生が赴任してきた時、,"When Miss Shimomi came to teach,",,
ID00233,000067df,39,　みんなビックリしたなぁ。,everyone was surprised.,,
ID00233,00006815,33,　若い先生が来たって」,A young teacher had come.,,
ID00233,000069c9,33,「そうよぉ、この間まで,"That's right, she was still",,
ID00233,000069f9,42,　女子大生だったんだからぁ」,a college student not long ago.,,
ID00233,00006d2e,54,「あ、いや、小学生みたいというか…」,"Ah, no, more like an elementary school kid...",,
ID00233,00006f2c,36,「だ～れが小学生って～」,Who said I'm a little kid?,,
ID00233,000070b9,51,「い、いえ！　なんでもないです！」,N-No! It's nothing at all!,,
ID00233,0000712d,60,「いつから先生になろうと思ったんです？」,When did you decide to become a teacher?,,
ID00233,000072fc,45,「高２よ。進路を考えてる時に、,I'm a second-year student.,,
ID00233,00007338,60,　大好きな英語の先生になりたいなぁって」,I want to be an English teacher that everyone loves.,,
ID00233,000077b4,45,「夢はね、努力すれば叶うのよ」,"If you work hard, dreams come true.",,
ID00233,0000798a,60,「先生って、遅刻するわけにいかないから、,"Teachers can't be late, so",,
ID00233,000079d5,24,　大変ですよね」,it's really tough.,,
ID00233,00007a1b,63,「も～っ、生徒だって遅刻しちゃダメなのよ」,"Students can't be late either, you know.",,
ID00233,00007ef8,21,「そ、そっか」,R-Really?,,
ID00233,000080a0,36,「規則正しい生活をして、,"You should live a regular life,",,
ID00233,000080d3,39,　きちんと時間を守ってね」,and respect your schedule.,,
ID00233,000082ad,54,「うちの学校の屋上って、緑がいっぱい,Our school's roof is full of greenery,,
ID00233,000082f2,39,　あって、きれいですよね」,It's really pretty.,,
ID00233,00008347,54,「そうね～、生徒会と園芸部のみんなが,"That's right, the Student Council and Gardening Club",,
ID00233,0000838c,39,　がんばってくれてるから」,are working hard.,,
ID00233,00008a5c,54,「生徒会長の指導力って、大切よね～」,The president's leadership skills are important.,,
ID00233,00008c45,30,「うちの学校って…」,Our school is...,,
ID00233,00008e39,48,「そうそう、魅力がいっぱいよ！」,"Yeah, it's full of charm!",,
ID00233,00009038,36,「うちの学校の制服って、,Our school uniform is unique because,,
ID00233,0000906b,60,　襟の形が変わってて、特徴ありますよね」,the collar shape stands out.,,
ID00233,0000927d,60,「うんうん、星みたいでかわいいのよね～」,"Yep, it looks like a star and is so cute.",,
ID00233,000095ad,42,「毎日着てたころが懐かしい」,I miss wearing it every day.,,
ID00233,00009753,42,「心美先生って、うちの制服、,She'd look great.,,
ID00233,0000978c,36,　似合ってただろうなぁ」,She must've looked nice.,,
ID00233,00009955,54,「エヘヘ～、そんなこと…あるわよぉ」,"Hehe~, something like that... does exist~",,
ID00233,00009de7,48,「我ながら、ブルーのセーラー服が,"I have to say, the blue sailor suit",,
ID00233,00009e26,42,　ピッタリだったんだからぁ」,fit me perfectly~,,
ID00233,00009ff2,36,「学園の公式サイトって、,"The school's official website,",,
ID00233,0000a025,36,　チェックしてますか？」,"You've checked it out, right?",,
ID00233,0000a21f,39,「もちろんよ、先生だもん」,"Of course I have, I'm a teacher.",,
ID00233,0000a54b,42,「みんなが発信する、部活や、,Looking forward to club news.,,
ID00233,0000a584,51,　校外活動の報告がすっごく楽しみ」,activities outside school,,
ID00233,0000a8dc,24,「学生時代って、,"Student life,",,
ID00233,0000a903,45,　なにか部に入ってましたか？」,did you join any clubs?,,
ID00233,0000ab1d,57,「ううん、どこにも入ってなかったわよ。,"Nope, I didn't join anything.",,
ID00233,0000ab65,39,　９年間、一貫して帰宅部」,Nine years straight.,,
ID00233,0000afa2,33,「大学のサークルは？」,What about college clubs?,,
ID00233,0000b156,45,「入ってない。まっすぐ家に帰る,Never joined one. Went straight home.,,
ID00233,0000b192,30,　いい子だったから」,You were a good girl.,,
ID00233,0000b697,35,「@str_000君って、なんにも,@str_000-kun never,,
ID00233,0000b6c9,42,　委員をやってないわよね？」,"You're not a committee member, right?",,
ID00233,0000b893,12,「う…」,...,,
ID00233,0000ba32,30,「新学期になったら、,"When the new semester starts,",,
ID00233,0000ba5f,39,　クラス委員なんてどう？」,How about being a class rep?,,
ID00233,0000bc42,57,「無理無理！　そんな成績良くないし！」,No way! I'm not that good at school!,,
ID00233,0000be0e,48,「成績がすべてじゃないけどね～」,Not like grades are everything~,,
ID00233,0000bfa7,54,「クラスをまとめるなんて無理ですよ」,There's no way I can lead the class,,
ID00233,0000c170,36,「じゃあ、風紀委員は？」,What about the committee?,,
ID00233,0000c1c2,57,「エッチな動画を録らない戒めになって、,"As a warning not to record any porn videos,",,
ID00233,0000c20a,33,　いいんじゃな～い？」,That's not okay~!,,
ID00233,0000c56d,54,「はは…そんな動画録らないですって」,Haha... I wouldn't record such videos.,,
ID00233,0000c749,57,「宿舎での生活はどう？　もう慣れた？」,How are you liking dorm life? Got used to it yet?,,
ID00233,0000c8eb,51,「まぁ、なんとか。毎年来てますし」,"Well, somehow. I come every year anyway.",,
ID00233,0000cab1,48,「フフッ、集団生活もいいものよ。,"Hehe, living in a group can be fun too.",,
ID00233,0000caf0,33,　みんなと楽しんでね」,Have fun with everyone.,,
ID00233,0000cdff,60,「校則で携帯電話の使用を禁じてるのって、,"The rule that bans cell phones is pointless, right?",,
ID00233,0000ce4a,60,　意味ないですよね？　みんな使ってるし」,Everyone uses them anyway.,,
ID00233,0000d019,27,「そうなんだけど、,"That's true, but,",,
ID00233,0000d043,42,　好き放題使われるのもねぇ」,They get used as they want.,,
ID00233,0000d357,48,「ホントは使っちゃイケナイのよ、,"You really shouldn't use them, you know?",,
ID00233,0000d396,48,　ってぐらいがちょうどいいのよ」,That's just about right.,,
ID00233,0000d6c1,24,「心美先生って、,Sensei Shinomi is,,
ID00233,0000d6e8,45,　なんで宿舎暮らしなんです？」,Why are you living in the dorms?,,
ID00233,0000d743,36,「家賃が…いらないのよ」,No need for rent...,,
ID00233,0000dc7f,30,「ああ、そういう…」,"Oh, I see...",,
ID00233,0000dea3,42,「そ、それだけじゃないのよ！,That's not the only thing!,,
ID00233,0000dedc,36,　ミツミキャンプの間は、,"During Mitsumi Camp, I can",,
ID00233,0000df0f,42,　みんなと一緒に暮らせるし」,live with everyone together.,,
ID00233,0000e24b,27,「喜びも、悩みも、,I want to share all my,,
ID00233,0000e275,42,　み～んな分かち合いたいの」,joys and worries...,,
ID00233,0000e5c5,63,「宿舎に置いてある新聞って、読んでます？」,Have you read the newspaper?,,
ID00233,0000e7f1,18,「ちっとも」,not at all,,
ID00233,0000e831,57,「だって、新聞を広げて読んでる姿って、,It looks so cute when you're reading it...,,
ID00233,0000e879,39,　おじさんっぽいんだもん」,You look like an old man.,,
ID00233,0000efcc,33,「そういえばこの間…」,"Oh yeah, the other day...",,
ID00233,0000f180,36,「ふう～ん、そうなんだ。,"Hmm, really?",,
ID00233,0000f1b3,42,　いいわね、そういうのって」,That's nice.,,
ID00233,0000f606,63,「他のクラスのヤツらから、心美先生が担任で,Ms. Akemi is your teacher.,,
ID00233,0000f654,39,　うらやましがられますよ」,"They're jealous of that, right?",,
ID00233,0000f80e,39,「そうなの？　どうして？」,Really? Why?,,
ID00233,0000f9d5,45,「そりゃ、明るくて人気だから。,"Well, she's cheerful and popular.",,
ID00233,0000fa11,54,　俺たちと歳もそんなに離れてないし」,We're not that different in age.,,
ID00233,0000fba3,39,「む～、教え方がいいとか、,"Ugh, she's a good teacher.",,
ID00233,0000fbd9,51,　そういうとこがほめられる先生に、,The kind praised by teachers.,,
ID00233,0000fc1b,27,　早くなりたぁい」,I wanna get there sooner!,,
ID00233,000100e5,42,「一貫教育校のいいとこって、,What's best about this school?,,
ID00233,0001011e,42,　どんなとこだと思います？」,How do you see it?,,
ID00233,000102db,63,「受験勉強であくせくしないとこじゃない？」,Not having to cram.,,
ID00233,00010483,57,「その割にはスパルタ教育ですけどね…」,Though we still get strict training...,,
ID00233,0001064f,60,「勉強をしなくていいって意味じゃないの。,It doesn't mean you don't have to study.,,
ID00233,0001069a,63,　じっくりと、質の高い教育を受けられるって,You get a chance for high-quality education,,
ID00233,000106e8,18,　ことなの」,"here...""",,
ID00233,00010b7e,15,「はい…」,Yes...,,
ID00233,00010bce,60,「先生って英語が好きだし、留学したいって,Mr. Teacher likes English and wants to go abroad...,,
ID00233,00010c19,45,　思ったことはないんですか？」,Ever thought about it before?,,
ID00233,00010c74,15,「ない…」,...nope...,,
ID00233,00010df3,21,「どうして？」,Why?,,
ID00233,00010fab,42,「だって、みんな大きいから、,"Because everyone there is older,",,
ID00233,00010fe4,54,　日本より絶対、子供扱いされるもん」,they definitely won't treat us like kids.,,
ID00233,000114a6,45,「飛び級で大学に入った天才って,A genius who skipped grades to enter college,,
ID00233,000114e2,42,　勘違いされたら、大変よぉ」,would have a hard time if misunderstood,,
ID00233,00011aa3,18,「はははは」,Hahaha,,
ID00233,00011af6,54,「心美先生って、うちの卒業生だから、,"You see, Ms. Shinomiya is an alumna of ours, right?",,
ID00233,00011b3b,63,　セーラー服しか着たことないんですよね？」,She's never worn anything but sailor suits.,,
ID00233,00011d0d,63,「そうなの。ブレザーも着てみたかったなぁ」,That's right. I wanted to try a blazer too once.,,
ID00233,00012051,39,「大人っぽい印象になるし、,It looks more mature.,,
ID00233,00012087,57,　うちの学校も、ブレザーを選べるように,Our school should too.,,
ID00233,000120cf,24,　するべきよね」,We really should.,,
ID00233,00012572,63,「この間、女生徒が、ながらスマホをしてて、,A girl was on her phone.,,
ID00233,000125c0,45,　階段から落ちそうになったの」,almost fell down the stairs.,,
ID00233,000128c8,45,「危ないから、スマホをしながら,Be careful and don't walk while texting,,
ID00233,00012904,30,　歩かないようにね」,okay?,,
ID00233,00012d2b,27,「気をつけます…」,I'll be more careful...,,
ID00233,00012d87,45,「心美先生って、子供が出来たら,Sensei's pregnant...,,
ID00233,00012dc3,36,　光海学園へ入れます？」,Can I get into Mitsumi Academy?,,
ID00233,00012e15,63,「もちろん！　と言いたいとこなんだけど…」,Of course! But...,,
ID00233,0001320a,60,「自分の子供を学校で教えるってのもねぇ」,"Teaching your own kid at school is kinda weird, huh?",,
ID00233,000133ad,27,「ああ、そっか…」,"Oh, right...",,
ID00233,000135b5,57,「少なくとも、担任にはならないように、,I'll ask they don't.,,
ID00233,000135fd,42,　学校に配慮してもらうかな」,and take my situation into consideration.,,
ID00233,0001395c,38,「@str_000君って、光海大学へ,"@str_000, going to Mitsumi?",,
ID00233,00013991,30,　進学するつもり？」,Are you sure about that?,,
ID00233,00013de5,36,「そのつもりですけど？」,That's the plan.,,
ID00233,00013e37,42,「そっか。じゃあ、卒業しても,Got it. So even after graduation,,
ID00233,00013e70,54,　遠くへ行っちゃうわけじゃないのね」,"You're not going far away, right?",,
ID00233,000144cb,39,「光海大学なら、効率のいい,"If it's there, I can help.",,
ID00233,00014501,45,　単位の取り方とか、色々教えて,Ask me anything.,,
ID00233,0001453d,54,　あげられるから、なんでも聞いてね」,I'll be able to help you out.,,
ID00233,000149ef,36,「光海祭って、先生方は、,The festival... teachers do too?,,
ID00233,00014a22,54,　なにか出し物をやらないんですか？」,"Like, perform some kind of act or something?",,
ID00233,00014a86,51,「先生によっては参加するみたいよ。,Some teachers seem to participate.,,
ID00233,00014ac8,36,　屋台とか、バンドとか」,Like food stalls or bands.,,
ID00233,00014fc2,24,「心美先生は？」,What about her?,,
ID00233,00015008,36,「わ、私は……ナイショ。,"W-Well, it's a secret.",,
ID00233,0001503b,32,　特に@str_000君にはね」,"Especially from you, @str_000...",,
ID00233,00015647,21,「どうして？」,Why?,,
ID00233,0001568a,30,「…恥ずかしいから」,...I'm embarrassed.,,
ID00233,00015a22,36,「うちの学校といえば…」,Speaking of our school...,,
ID00233,00015c1c,51,「そうそう、そんなとこも魅力よね」,"Yeah, that's one of its charms.",,
ID00234,00001d3c,39,「大学を卒業したってのに、,"Even though you graduated from college,",,
ID00234,00001d72,63,　本屋で参考書選びとか、先生は大変ですね」,Picking out reference books is tough.,,
ID00234,00001f44,57,「そうよ～、先生は一生勉強なんだから」,A teacher has to keep studying their whole life~,,
ID00234,00002282,51,「受験対策ならぬ、御前さん対策ね」,"That's not test prep, it's Gozen-sama prep.",,
ID00234,00002455,18,「はははは」,Hahaha,,
ID00234,000024a8,39,「先生って、普段どんな本を,What kind of books do you read?,,
ID00234,000024de,30,　読んでるんです？」,You read what kind of books?,,
ID00234,000026ab,51,「そりゃあ…もちろん、難しい本よ」,Well...of course they're difficult books.,,
ID00234,00002955,36,「難しい本？　どんな？」,Difficult books? What kind?,,
ID00234,00002bad,42,「そ、それはもう…難しくて、,That's right...they're hard.,,
ID00234,00002be6,60,　読むのが大変で、教養が高まるような…、,"and they make you smarter or something...like,",,
ID00234,00002c31,24,　すっごい本よ」,super intense books.,,
ID00234,000034a3,27,「…本当ですか？」,...Really?,,
ID00234,0000367f,54,「ホ、ホントよ！　先生なんだから！」,"R-Really! I'm a teacher, after all!",,
ID00234,00003868,54,「普段、どんな音楽聴いてるんです？」,What kind of music do you usually listen to?,,
ID00234,00003a31,18,「洋楽～！」,Western music~!,,
ID00234,00003a71,39,「そっか。英語の先生だし、,"Oh, right. You teach English.",,
ID00234,00003aa7,48,　歌詞の意味がわかりますよね？」,"You can understand the lyrics, right?",,
ID00234,00003c6a,27,「そりゃそうよぉ、,Of course you can.,,
ID00234,00003c94,42,　もうバッチリなんだからぁ」,I'm totally on top of it now.,,
ID00234,00003fc3,57,「英語がわかると、いいこといっぱいよ」,Knowing English is really useful.,,
ID00234,000041cb,48,「音楽って、なんで聴いてます？」,Why do you listen to music?,,
ID00234,0000438e,51,「スマホにヘッドホンで聴いてる～」,Through my phone with headphones~,,
ID00234,00004554,60,「けど、電池があっという間になくなって、,"But the battery runs out so fast,",,
ID00234,0000459f,42,　ビックリしちゃうのよねぇ」,It's surprising.,,
ID00234,000048db,18,「はははは」,Hahaha,,
ID00234,0000492e,51,「ＣＤって何枚ぐらい持ってます？」,How many CDs do you have?,,
ID00234,00004b21,54,「ＣＤ？　ん～、１０枚ぐらいかなぁ」,"CDs? Hmm, maybe around ten.",,
ID00234,00005087,45,「中等部のころ、ファンになった,"When I was in middle school, I became a fan",,
ID00234,000050c3,57,　アイドルがいてね、よく買ってたっけ」,of an idol and bought lots of her stuff.,,
ID00234,00005460,36,「そのＣＤって、今は？」,What about those CDs now?,,
ID00234,00005720,48,「家に置いてある。今度帰ったら、,"They're at home. Next time I go back,",,
ID00234,0000575f,42,　久しぶりに聴いてみよっと」,I'll listen to them again.,,
ID00234,00005a77,21,「音楽って…」,Music is...,,
ID00234,00005c4c,63,「そうね～、ウキウキさせてくれるわよね～」,"Yeah, it makes you feel all giddy~",,
ID00234,00005e61,42,「なにか楽器って弾けます？」,Can you play any instruments?,,
ID00234,00005f98,33,「ううん、な～んにも」,"Nope, nothing~",,
ID00234,0000618d,60,「初等部のころは、いつもカスタネットか、,When I was in elementary school...,,
ID00234,000061d8,45,　トライアングルが担当だった」,the triangle.,,
ID00234,000062ba,30,「けど、楽しくなると,"But when we got into it,",,
ID00234,000062e7,51,　１人だけリズムが先走っちゃって、,"I'd get ahead of everyone's rhythm,",,
ID00234,00006329,45,　よく先生を困らせたのよねぇ」,and often drive the teacher crazy.,,
ID00234,000068cd,18,「はははは」,Hahaha,,
ID00234,00006920,63,「弾けるようになりたい楽器ってあります？」,You have any instruments you wanna learn to play?,,
ID00234,00006af2,30,「ん～、どうせなら、,"Hmm, if I'm gonna do it,",,
ID00234,00006b1f,48,　すっごく難しい楽器がやりたい」,I want something really hard.,,
ID00234,00006fab,36,「ヴァイオリン…かなぁ。,Maybe a violin...,,
ID00234,00006fde,51,　音を出すだけで、難しそうだもん」,Just making sound seems tough enough.,,
ID00234,00007571,60,「毎月定額で、音楽聞き放題のサービスって,There's a monthly music streaming sub.,,
ID00234,000075bc,24,　ありますよね」,Right?,,
ID00234,00007767,27,「ああ、あるある」,"Oh yeah, totally.",,
ID00234,00007aa0,51,「電車通勤とか、学校まで遠かったら,Taking the train or if school was far away,,
ID00234,00007ae2,21,　入ったかも」,maybe.,,
ID00234,00007ec9,45,「宿舎からだと、あっという間に,"With a dorm, it's like",,
ID00234,00007f05,27,　着いちゃうから、,"I'm there in no time, so",,
ID00234,00007f2f,45,　暇つぶしがいらないのよねぇ」,"There's no need for distractions, you know?",,
ID00234,0000843d,63,「夏の課題の読書感想文が、面倒くさくて…」,It's such a hassle...,,
ID00234,0000860f,51,「ダメよぉ、夏の間に１冊読むぐらい,One book over the summer!,,
ID00234,00008651,39,　なんてことないでしょ？」,is nothing.,,
ID00234,00008ab8,39,「いい本には、学ぶところが,"Good books have a lot to learn from,",,
ID00234,00008aee,36,　いっぱいあるんだから、,Write well.,,
ID00234,00008b21,57,　がんばっていい読書感想文を書いてね」,"Reading is fun, isn't it?",,
ID00234,00008e9b,21,「読書って…」,"Yeah, reading...",,
ID00234,00009086,60,「そうそう、楽しいのよ、本を読むのって」,"That's right, reading can be really enjoyable.",,
ID00234,000093cc,45,「電子書籍って利用してます？」,Do you use e-books?,,
ID00234,000095cf,24,「うん、時々ね」,Sometimes.,,
ID00234,000098b5,54,「昔の本とか、無料で公開されてるし、,There are lots of old books available for free.,,
ID00234,000098fa,57,　安月給の身にはありがたいサービスよ」,It's a great service for someone with a low salary.,,
ID00234,00009d5c,33,「教科書って、そのうち,Textbooks will probably be,,
ID00234,00009d8c,39,　電子化しそうですよね？」,"digitalized soon, right?",,
ID00234,00009f46,39,「そうねぇ、便利だもんね」,"Yeah, they're really convenient.",,
ID00234,0000a23b,36,「けど、難点もあるのよ」,But there are downsides too.,,
ID00234,0000a3c8,18,「どんな？」,Like what?,,
ID00234,0000a408,51,「タブレットを忘れるとね…教科書を,If you forget your tablet...,,
ID00234,0000a44a,54,　全部忘れたことになっちゃうのよ！」,You'll end up forgetting all your textbooks!,,
ID00234,0000a8d1,39,「はははは、それヤバい！」,"Hahaha, that's bad!",,
ID00234,0000aa8b,18,「でしょお？,Right?,,
ID00234,0000aaac,57,　絶対に忘れないようにしなくっちゃね」,You've gotta make sure you don't forget it.,,
ID00234,0000ac98,42,「先生って、月に何冊ぐらい、,"How many textbooks do teachers have, like,",,
ID00234,0000acd1,30,　本を読んでます？」,How many do you read a month?,,
ID00234,0000aed1,63,「それが……忙しくて、全然読んでなくて…」,"Well... I'm so busy, I never get to read them...",,
ID00234,0000b1d6,36,「学生の頃は、２冊ぐらい,Two books then.,,
ID00234,0000b209,36,　読んでたんだけどねぇ」,a month or so.,,
ID00234,0000b54e,45,「秋になったら、読みたいなぁ」,I wanna read when it gets fall.,,
ID00234,0000b62f,33,「読書の秋ですからね」,Season for reading.,,
ID00234,0000b841,57,「そう。秋の夜長は、やっぱり読書よね」,Long autumn nights are for reading.,,
ID00234,0000bcf3,42,「動画の感性を磨くためにも、,"To hone your sensibilities for videos,",,
ID00234,0000bd2c,36,　美術の本とか、写真集を,Art books and photo albums.,,
ID00234,0000bd5f,51,　いっぱい見るといいんじゃない？」,"a lot of them would be good, wouldn't they?",,
ID00234,0000c2ff,60,「結構見てますよ。本屋で立ち読みしたり」,I do that a lot. I read books in the store.,,
ID00234,0000c4ce,51,「本屋より、街の図書館がいいわよ。,The library downtown is better than bookstores.,,
ID00234,0000c510,48,　高い本が無料で読み放題だから」,You can read any book for free there.,,
ID00234,0000c91f,33,「そっか、図書館か…」,"Ah, the library...",,
ID00234,0000cad3,57,「うちの図書室も蔵書が充実してるけど、,"Our school's library is pretty good too,",,
ID00234,0000cb1b,45,　図書館にはかなわないからね」,but it can't beat a real one though.,,
ID00234,0000ccfb,42,「音楽や本にもっと触れて…」,Get more into music and books...,,
ID00234,0000cefb,45,「そうそう、感性を磨かなきゃ」,"Yeah, gotta hone your senses.",,
ID00235,00001dfe,45,「一緒にプリントシール撮れて、,"Let's take a print photo together,",,
ID00235,00001e3a,30,　楽しかったですよ」,I had a great time too.,,
ID00235,00001feb,24,「フフッ、私も」,"Hehe, me too.",,
ID00235,0000229a,39,「また、一緒に撮ろうね～」,Let's do it again sometime~,,
ID00235,00002721,47,「@str_000君って、どうしていきなり,Why did @str_000 suddenly,,
ID00235,0000275f,30,　動画を始めたの？」,start making videos?,,
ID00235,00002a58,45,「ミツミキャンプが始まるから、,"It's because Mitsumi Camp is starting, so",,
ID00235,00002a94,60,　父さんにデジカムを持たされて…それで」,That's what my dad made me do.,,
ID00235,00002c2c,57,「ふうん、お父さんがきっかけなんだぁ」,"Hmm, your dad was the trigger huh.",,
ID00235,00002f6a,45,「それで、どう？　始めてみて」,So how is it? Try it out.,,
ID00235,0000323b,63,「…まだうまく録れないけど、面白いな…と」,"...I can't record well yet, but it's fun...",,
ID00235,0000340d,39,「そっかぁ、がんばってね」,"Oh okay, good luck!",,
ID00235,00003768,48,「Ｃムービー部に入ってみてどう？,How about joining the C-Movie Club?,,
ID00235,000037a7,18,　楽しい？」,"Yeah, it is.",,
ID00235,00003a94,24,「楽しいですよ。,It's really fun.,,
ID00235,00003abb,45,　自由にやらせてもらってるし」,They let me do whatever I want.,,
ID00235,00003c44,51,「フフッ、どんどんキュートな動画を,"Hehe, keep making those cute videos.",,
ID00235,00003c86,27,　録っていってね」,Keep recording them too~,,
ID00235,00003fb9,42,「Ｅ動画部に入ってみてどう？,How's joining the E-Video Club?,,
ID00235,00003ff2,18,　楽しい？」,"Yeah, it is.",,
ID00235,000042df,24,「楽しいですよ。,It's really fun.,,
ID00235,00004306,45,　自由にやらせてもらってるし」,They let me do whatever I want.,,
ID00235,000044c6,18,「そっかぁ」,"Oh, really?",,
ID00235,0000466b,54,「くれぐれも、エロース…なんて動画を,Don't record ero stuff.,,
ID00235,000046b0,36,　録っちゃダメですよぉ」,No porn videos!,,
ID00235,00004b06,18,「は、はい」,Y-Yes.,,
ID00235,00004b59,48,「普段、どんなテレビ見てます？」,What kind of TV shows do you usually watch?,,
ID00235,00004d6b,54,「いつも見てるのは、朝の情報番組ね」,I always watch morning news programs.,,
ID00235,000050ed,57,「決まった時間にコーナーが変わるから、,Segments change at set times.,,
ID00235,00005135,36,　時計代わりにいいのよ」,It works as a substitute for one.,,
ID00235,0000530c,42,「ニュースって見てますか？」,Do you watch the news?,,
ID00235,00005523,48,「ううん、全然。楽しくないもん」,"Nope, not really. It's no fun at all.",,
ID00235,000058f4,45,「どうせ見るなら、旅番組とか、,I'd rather watch travel shows.,,
ID00235,00005930,45,　グルメ番組の方がいいわよぉ」,cooking programs and stuff.,,
ID00235,00005d86,57,「動画を始めてみて、思うんですけど…」,"Now that I've started watching videos, I think...",,
ID00235,00005f52,60,「ふぅ～ん、色々深いのねぇ。がんばれ～」,Hmm~ You're so deep. Good luck~,,
ID00235,000062be,48,「夏といえば、心霊動画ですよね」,Summer means ghost videos.,,
ID00235,00006481,48,「イ、イヤよぉ、そんな怖い動画」,"E, Eek, I don't wanna watch scary videos.",,
ID00235,00006748,33,「この間見たのなんか、,The one I saw the other day...,,
ID00235,00006778,39,　本物にしか見えなくて…」,Looked totally real...,,
ID00235,000069b3,42,「あ～っ、聞きたくないぃ！」,Ahh! Don't want to hear it!,,
ID00235,00006c52,48,「グルメ番組に出てくる料理って、,"The food that comes out on gourmet shows,",,
ID00235,00006c91,36,　おいしそうですよね～」,Sounds so yummy~,,
ID00235,00006e8b,42,「うんうん、安月給の身じゃ、,"Yeah yeah, on a low salary like mine,",,
ID00235,00006ec4,48,　絶対食べられないようなお料理が,Looks like some unaffordable dishes.,,
ID00235,00006f03,45,　いっぱい出て来て、最高よね」,"So many fancy foods come out, it's the best!",,
ID00235,000074f0,54,「これまでで、一番食べたいって思った,"Of all the dishes here, which one do you think is...",,
ID00235,00007535,18,　料理は？」,the most?,,
ID00235,000076da,30,「ん～、なんだろ…」,"Hmm, what could it be...",,
ID00235,000079c6,54,「あ！　シャンゼリゼ通りのクレープ！,Ah! The crepes from Champs-Elysées Street!,,
ID00235,00007a0b,63,　オープンカフェで、おしゃれに食べたぁい」,I wanna eat them stylishly at an open cafe~,,
ID00235,00007f19,39,「ドラマって見てますか？」,Do you watch dramas?,,
ID00235,0000812d,30,「ううん、ちっとも」,"Nope, not at all.",,
ID00235,00008419,33,「だって、美男美女で、,a lot of good-looking couples,,
ID00235,00008449,42,　仕事もうまくいってってのが,are super hot and their jobs go great.,,
ID00235,00008482,27,　多いじゃない？」,Right?,,
ID00235,0000895b,39,「共感できないのよねぇ…」,...I can't relate...,,
ID00235,00008a5a,18,「ははは…」,Hahaha...,,
ID00235,00008aad,42,「ゲームって、やりますか？」,Do you play games?,,
ID00235,00008c6a,48,「ん～、小さいころは遊んだけど、,"Hmm, I used to when I was little,",,
ID00235,00008ca9,30,　今はやんないなぁ」,but not anymore.,,
ID00235,00009038,24,「スマホでも？」,On a phone too?,,
ID00235,00009226,48,「うん。生徒の子に薦められても、,"Yeah, even when students recommend them to me,",,
ID00235,00009265,42,　すぐ飽きちゃうのよねぇ…」,I get bored really fast...,,
ID00235,00009817,45,「忙しくてやる暇がないってのも,And I'm just too busy to have time for it,,
ID00235,00009853,27,　あると思うけど」,I think that's why.,,
ID00235,000098af,33,「動画の楽しさって…」,What's fun about videos...,,
ID00235,00009a63,63,「フフッ、先生もがんばって協力するからね」,"Hehe, I'll do my best to help too.",,
ID00235,00009d90,60,「映画館って、年に何回ぐらい行きます？」,How many times a year do you go to the movies?,,
ID00235,00009eac,30,「ん～、そういえば、,"Hmm, now that you mention it,",,
ID00235,00009ed9,42,　この何年か行ってないかも」,I haven't been in a while.,,
ID00235,0000a307,50,「@str_000君がつき合ってくれるなら、,"If @str_000 goes with me,",,
ID00235,0000a348,30,　行ってもいいわよ」,then I'd be okay with going.,,
ID00235,0000a4cf,57,「マジですか？　じゃあ、秋になったら」,Really? Then let's go when fall comes around.,,
ID00235,0000a69b,45,「いいわね、芸術の秋だものね」,"It is, after all.",,
ID00235,0000a87b,54,「邦画と洋画ならどっちが好きです？」,Which do you like better: Japanese or foreign films?,,
ID00235,0000aa44,63,「洋画ね。なに喋ってるか、結構わかるもん」,I can understand them.,,
ID00235,0000ae8c,33,「字幕がひどい訳だと、,The subs are bad.,,
ID00235,0000aebc,45,　気になってしょうがないけど」,it's really bugging me.,,
ID00235,0000b052,30,「ああ、ありそう…」,"Yeah, that makes sense...",,
ID00235,0000b216,41,「いつか、@str_000君の動画が、,"One day, @str_000's video will be,",,
ID00235,0000b24e,51,　世界中の注目を集めるといいわね」,I hope it'll get the world's attention someday.,,
ID00235,0000b578,39,「う～ん…始めたばかりで、,"Hmm... We just started, so",,
ID00235,0000b5ae,36,　そんなおこがましい夢は,It's too presumptuous to dream of,,
ID00235,0000b5e1,30,　見られないですよ」,something like that.,,
ID00235,0000b792,33,「そんなことないわよ。,That's not true at all.,,
ID00235,0000b7c2,36,　夢は大きく持たなきゃ」,You have to dream big.,,
ID00235,0000b975,51,「もちろん、動画はずっと録っていく,"Of course, I'll keep recording videos",,
ID00235,0000b9b7,30,　つもりですけどね」,for as long as I can.,,
ID00235,0000bab2,57,「うんうん、がんばってね。応援してる」,Good luck! I'm cheering for you.,,
ID00235,0000bdff,57,「デジカム片手に、世界中を録って回る…,Walking around the world with a digicam...,,
ID00235,0000be47,36,　そんなのもアリだなぁ」,Sounds like fun.,,
ID00235,0000bffe,60,「フフッ、いいわね、男の人らしい夢で…」,"Hehe, that's nice. A manly dream...",,
ID00235,0000c40c,60,「けど、ちゃあんとこの街に帰ってきてよ」,But come back to this town properly.,,
ID00235,0000c5fb,30,「動画の魅力って…」,The charm of videos...,,
ID00235,0000c7ac,30,「フフッ、いいわね、,"Hehe, that's nice,",,
ID00235,0000c7d9,57,　なにかに打ち込むのって。がんばって」,Putting your heart into something... Keep at it.,,
ID00236,000038d8,63,「野良犬から助けてくれて、ありがとうねぇ」,"Thanks for saving me, stray dog.",,
ID00236,00003ab7,54,「害のなさそうな小型犬でしたけどね」,It was just a harmless little puppy though.,,
ID00236,00003b87,30,「それでも怖いの！」,You still scared me!,,
ID00236,00003d8d,60,「コンタクトレンズ、一緒に探してくれて、,Thanks for helping me find my lenses.,,
ID00236,00003dd8,21,　ありがとね」,Thanks a lot.,,
ID00236,00004091,51,「見つけたのは心美先生ですけどね」,but it was actually Miss Shinmi who found them.,,
ID00236,000041d1,39,「ううん、助かっちゃった。,"Yeah, you really helped out.",,
ID00236,00004207,42,　踏まれたらおしまいだもの」,"If I'd stepped on one, I'd be done for.",,
ID00236,0000446f,63,「使い捨てなら、落としても安心なんじゃ？」,It's okay if I drop disposables?,,
ID00236,000045e5,36,「あれはね……高いのよ」,Well...they're expensive.,,
ID00236,00004873,27,「そ、そうなんだ」,"Oh, really?",,
ID00236,000048cf,39,「心美先生のハンカチって、,Are Shinomi-sensei's handkerchiefs...,,
ID00236,00004905,45,　どれもかわいい感じですか？」,cute like that?,,
ID00236,00004ac5,60,「そうよ。ウサギさんとか、クマさんとか」,Yeah. Like bunnies and bears.,,
ID00236,00004ddc,18,「そっか…」,"Oh, I see.",,
ID00236,00004f81,42,「あ～っ、なによぉ、その顔。,"Ahh, what's with that face.",,
ID00236,00004fba,48,　女児向けじゃないんだからね！」,They aren't for little girls!,,
ID00236,000055e8,39,「そういう態度取ってると、,"If you keep acting like that,",,
ID00236,0000561e,54,　もう二度と貸してあげないんだから」,then I won't lend it to you again.,,
ID00236,00005821,60,「す、すみません！　心美先生のハンカチは,"S-Sorry! Sensei's handkerchief is for adults, huh?",,
ID00236,0000586c,27,　大人向けだなー」,It's for grown-ups.,,
ID00236,00005a3d,42,「フフッ、わかればよろしい」,"Heh, that's all that matters.",,
ID00236,00005d48,44,「@str_000君とまひろちゃんって、,"@str_000 and Mahiro are close, right?",,
ID00236,00005d83,24,　仲いいわよね。,You're close friends.,,
ID00236,00005daa,51,　ナツにいって呼ばれて、慕われて」,She calls you Nat-chan and looks up to you.,,
ID00236,000061f3,27,「近所に住んでて、,"You live nearby,",,
ID00236,0000621d,42,　妹みたいなもんですからね」,so it's like having a little sister.,,
ID00236,000063da,48,「フフッ、いいわね、そういうの。,"Hehe, that's nice of you to say.",,
ID00236,00006419,30,　大切にしなきゃね」,You should cherish her.,,
ID00236,0000675c,36,「それにしても…まひろに,Still... for Mahiro to,,
ID00236,0000678f,57,　年下に見られるとは…ビックリですよ」,see me as younger than her... I'm surprised!,,
ID00236,0000695b,36,「私だってビックリよぉ」,I'm surprised too~,,
ID00236,00006cc9,36,「小６に見られるなんて…,To be seen as younger...,,
ID00236,00006cfc,33,　歴とした２２歳よ！」,I'm a legit 22 years old!,,
ID00236,0000721a,57,「私の大人の魅力を、もっと伝えなきゃ」,I need to convey my adult charm more,,
ID00236,000073cf,48,「心美先生の趣味ってなんです？」,What's Ms. Shinomiya's hobby?,,
ID00236,00007592,57,「エヘヘ、キラキラした、かわいい小物を,"Hehe, shiny cute little things",,
ID00236,000075da,30,　集めるのが好き～」,collecting them~,,
ID00236,00007924,60,「お店で見かけると、衝動買いを抑えるのが,I hold back from buying them.,,
ID00236,0000796f,30,　大変なんだからぁ」,It's really hard~,,
ID00236,00007dfc,48,「先生の好きな色ってなんです？」,What's your favorite color?,,
ID00236,00007f88,39,「ピンクよ、かわいいもん」,"Pink, it's so cute~",,
ID00236,00008162,48,「休みの日って、なにしてます？」,What do you usually do on days off?,,
ID00236,000081c0,30,「それが…なにも…」,That is... nothing...,,
ID00236,00008496,18,「なにも？」,Nothing?,,
ID00236,0000855b,39,「お掃除して、お洗濯して、,"I clean and wash clothes,",,
ID00236,00008591,54,　授業の準備してたら、もう夕方で…」,and get ready for classes until evening...,,
ID00236,00008a68,33,「早くお仕事に慣れて、,Get used to work quick.,,
ID00236,00008a98,45,　思いっきり羽を伸ばした～い」,so I can really let my hair down~,,
ID00236,00008df5,57,「パソコンって、どんなの使ってます？」,What kind of PC do you use?,,
ID00236,00008fc1,42,「ちっちゃなノートパソコン」,A small notebook PC.,,
ID00236,0000917e,51,「あんまり大きいと、キーが大きくて,"If it's too big, the keys are too big",,
ID00236,000091c0,30,　指が届かないのよ」,My fingers can't reach.,,
ID00236,00009656,57,「特に、右の小指がプルプルしちゃって」,Especially my right little finger shakes a lot.,,
ID00236,00009855,18,「はははは」,Hahaha,,
ID00236,000098a8,42,「苦手なことってあります？」,Is there anything you're bad at?,,
ID00236,00009a65,30,「整理整頓が苦手ぇ。,I'm bad at organizing.,,
ID00236,00009a92,33,　すぐどこに置いたか、,Always forget where I put stuff.,,
ID00236,00009ac2,42,　わかんなくなっちゃって…」,I end up getting confused...,,
ID00236,00009ef5,51,「子供のころからそうなのよねぇ…。,I've been like that since I was a kid...,,
ID00236,00009f37,30,　イヤんなっちゃう」,It's annoying.,,
ID00236,00009fd7,54,「ネット通販って、よくやる方です？」,You're the type who shops online a lot?,,
ID00236,0000a1a0,39,「ん～、そうでもないかな。,"Hmm, not really.",,
ID00236,0000a1d6,60,　お買い物は、お店でする方が楽しいし…」,I find shopping in stores more fun...,,
ID00236,0000a652,36,「ネットで買いすぎると、,"When you buy too much online,",,
ID00236,0000a685,33,　月末の請求が怖そう」,The bill looks scary.,,
ID00236,0000a859,27,「好きな花って？」,What's your fav flower?,,
ID00236,0000aa07,42,「ピンクの花ならなんでも～」,Any pink flowers are fine~,,
ID00236,0000abf4,60,「母の日にカーネーションを贈るじゃない？,"You give carnations on Mother's Day, right?",,
ID00236,0000ac3f,42,　いつも自分が欲しい～って、,I always want one too~,,
ID00236,0000ac78,51,　うらやましくなっちゃう。テヘッ」,It makes me jealous. Teehee.,,
ID00236,0000b1d0,45,「朝って、強い方？　弱い方？」,Are you a morning person or not?,,
ID00236,0000b390,54,「弱いわよ～、ここんとこ寝不足で～」,Not really~ I've been sleep-deprived lately~,,
ID00236,0000b6d8,54,「手の届かないとこに目覚まし置いて、,"Put your alarm somewhere out of reach,",,
ID00236,0000b71d,42,　必死で起きてるんだからぁ」,I'm trying my best to wake up!,,
ID00236,0000b916,54,「海外旅行って行ったことあります？」,Have you ever been on an overseas trip?,,
ID00236,0000bb22,54,「うん、お金を貯めて、卒業旅行でね」,"Yeah, I'll save money for our graduation trip.",,
ID00236,0000bdfc,36,「どこへ行ったんです？」,Where did you go?,,
ID00236,0000bfcf,48,「ロサンゼルス！　ハリウッドや、,Los Angeles! Hollywood and the theme parks...,,
ID00236,0000c00e,57,　テーマパークを回って、楽しかった～」,It was so much fun~,,
ID00236,0000c520,45,「個人的なことなんですけど…」,There's something personal I need to ask...,,
ID00236,0000c723,57,「うんうん、先生になんでも相談してね」,"Yep, talk to me about anything, okay?",,
ID00236,0000ca3d,42,「遊園地へ行くの楽しみね～。,Can't wait to go to the amusement park~.,,
ID00236,0000ca76,39,　今からワクワクしちゃう」,Getting excited already!,,
ID00236,0000cd94,51,「そうそう、気晴らしも必要ですよ」,Take your mind off things.,,
ID00236,0000cf9d,33,「うんうん、そうよね。,"Yeah, totally.",,
ID00236,0000cfcd,51,　部活にも協力しなきゃならないし」,I also need to help out with club activities.,,
ID00236,0000d2ee,45,「ばば抜き勝負、圧勝でしたね」,You really won that game.,,
ID00236,0000d4e3,33,「フフッ、ああいうのは,"Hehe, stuff like that",,
ID00236,0000d513,42,　深く考えない方がいいのよ」,is best not to think too deeply about.,,
ID00236,0000d868,45,「ノリで、エイッて引いちゃう」,Just go with the flow and pull it out,,
ID00236,0000db63,45,「クジ運いいんだから、私って」,"I'm just lucky, I guess.",,
ID00236,0000dd43,42,「ユイ姉のサインがもらえて、,"Getting Yui's signature was great,",,
ID00236,0000dd7c,27,　よかったですね」,wasn't it?,,
ID00236,0000df2a,48,「エヘヘ～、憧れの人のサインって,Getting a signature~,,
ID00236,0000df69,27,　うれしいものね」,is so nice.,,
ID00236,0000e3e0,42,「一生大事にするんだからぁ」,I'll treasure it forever.,,
ID00236,0000e44b,63,「海が丘公園の夕暮れって、きれいですよね」,"The sunset at Seashore Park is beautiful, isn't it?",,
ID00236,0000e61d,27,「フフッ、そうね。,"Heh, that's right.",,
ID00236,0000e647,51,　長い坂を登った甲斐があるわよね」,"It was worth climbing that long hill, wasn't it?",,
ID00236,0000ea83,51,「まさに、イッツ　アメージングよ」,It's truly amazing.,,
ID00236,0000ec56,18,「はははは」,Hahaha,,
ID00236,0000eca9,54,「先生って、ずっとその髪型ですか？」,"Have you always had your hair like that, teacher?",,
ID00236,0000ee72,39,「そうだけど、どうして？」,"Yeah, but why?",,
ID00236,0000f039,24,「すごく長いし、,"It's really long,",,
ID00236,0000f060,54,　ずっと伸ばしてたんだろうなぁって」,you must have been growing it for a while.,,
ID00236,0000f23b,60,「あ、そっか。見ればわかっちゃうわよね」,"Oh, right. It's obvious once you look at it.",,
ID00236,0000f417,51,「小さいころから長い髪に憧れてて、,"I've admired long hair since I was little,",,
ID00236,0000f459,33,　少しずつ伸ばしたの」,I've been growing it bit by bit.,,
ID00236,0000f9e9,51,「目標の長さに達したから、満足よ」,I've reached my goal.,,
ID00236,0000fbdc,36,「自分を動物に例えると、,"If you compare me to an animal,",,
ID00236,0000fc0f,33,　なんだと思います？」,what do you think it would be?,,
ID00236,0000fc5e,33,「ん～、リスさんかな。,"Hmm~, maybe a squirrel.",,
ID00236,0000fc8e,48,　小さくって、ちょこまかしてて」,Small and energetic.,,
ID00236,00010295,33,「あれぐらいほっぺたに,It'd be nice if my cheeks,,
ID00236,000102c5,63,　スイーツが入れられるといいんだけどなぁ」,could fit that much sweets.,,
ID00236,000105ce,18,「はははは」,Hahaha,,
ID00236,00010621,54,「先生って、どんな格好で寝てます？」,"What kind of clothes do you sleep in, teacher?",,
ID00236,000107ea,33,「一番のお気に入りは、,My favorite is,,
ID00236,0001081a,39,　ヒツジさんのパジャマ！」,sheep-pattern pajamas!,,
ID00236,00010c9d,51,「ヒツジさんのキャラがいっぱいで、,"It's full of sheep characters,",,
ID00236,00010cdf,48,　着ただけで眠くなるんだからぁ」,it makes me sleepy just wearing them.,,
ID00236,00010f60,51,「日記って、つけたことあります？」,Have you ever kept a diary?,,
ID00236,00011156,36,「つけてるわよ～、毎日。,I wear them every day~.,,
ID00236,00011189,57,　ご指導頂いてる先生に提出する日誌を」,The diary I submit to the teacher who's guiding me.,,
ID00236,0001172f,57,「ちゃ～んとその日に起こった出来事を、,Write down everything~,,
ID00236,00011777,48,　細か～く書かないと怒られるし、,"if I don't, she'll get mad at me~",,
ID00236,000117b6,30,　大変なんだからぁ」,It's really hard~,,
ID00236,00011b15,54,「ペットを飼うならなにがいいです？」,What kind of pet would you like if you had one?,,
ID00236,00011d2d,63,「ペットは…飼う自信がないから無理かなぁ」,I can't keep a pet.,,
ID00236,000121f3,60,「まずは、私が一人前にならなくっちゃね」,"First, I need to become capable enough myself.",,
ID00236,000124e6,57,「ついやっちゃうクセってありますか？」,Do you act on impulse?,,
ID00236,000126b2,48,「ん～とね、横断歩道を見るとね、,"Well, when I see the crosswalk, I tend to",,
ID00236,000126f1,36,　白線をピョンピョンして,hops on the white lines~,,
ID00236,00012724,33,　渡りたくなっちゃう」,I feel like crossing it.,,
ID00236,00012d63,45,「無意識にやっちゃってることも,Sometimes I do it subconsciously,,
ID00236,00012d9f,24,　あるのよね～」,~,,
ID00236,00012f57,18,「はははは」,Hahaha,,
ID00236,00012faa,60,「この街で一番好きな場所ってどこです？」,What's your favorite place in this town?,,
ID00236,000131a9,36,「もちろん、光海学園よ。,It's definitely Mitsumi Academy.,,
ID00236,000131dc,48,　一番大切で、一番大好きな場所」,The most important and the one I love the most.,,
ID00236,0001375b,42,「ＳＮＳってやってますか？」,Do you use SNS?,,
ID00236,00013967,63,「大学のころはやってたけど、やめちゃった」,"I used to when I was in college, but quit.",,
ID00236,00013b8d,21,「どうして？」,Why?,,
ID00236,00013d95,60,「生徒の子たちからも、誘われちゃってね」,Got invited by some of the students too.,,
ID00236,000140fa,60,「お友達感覚でメッセージのやり取りしちゃ,I ended up messaging them like friends.,,
ID00236,00014145,51,　ダメだし、いっそやめちゃったの」,"No good, so I just quit.",,
ID00236,00014511,45,「既読を気にしなくていいから、,"I don't have to worry about read receipts,",,
ID00236,0001454d,30,　むしろスッキリよ」,"Actually, it's a relief.",,
ID00236,000146e7,48,「心美先生って、兄弟いますか？」,Does Teacher Shinomi have any siblings?,,
ID00236,000148aa,54,「いるわよ、歳の離れたお兄ちゃんが」,She has an older brother.,,
ID00236,00014a49,39,「いくつ離れてるんです？」,How old is the age gap?,,
ID00236,00014c03,51,「９つ。もう３０過ぎたおじさんよ」,Nine years. He's already an old man past thirty.,,
ID00236,00014eda,18,「はははは」,Hahaha,,
ID00236,00014f2d,51,「ちょっと話しづらいんですけど…」,"It's a bit awkward to talk about, but...",,
ID00236,000150f3,48,「あ～あ～、そんなこと言わずに、,"Aww, don't say it like that.",,
ID00236,00015132,42,　なんでも遠慮せず話してね」,Talk freely with me.,,
ID00236,00015592,30,「藍田さんと廊下で、,I heard you met Mr. Aida.,,
ID00236,000155bf,39,　なに頼まれてたんです？」,What did he ask of you?,,
ID00236,00015779,12,「えっ」,Oh!,,
ID00236,00015918,51,「な、なんでもないのよ、なんでも」,"N-nothing at all, really nothing.",,
ID00236,00015dea,60,「大したことじゃないんだから。アハハ～」,"It's no big deal, ahaha~",,
ID00236,00016101,33,（絶対なにかあるな…）,Definitely something's up...,,
ID00236,000162e4,42,「遊園地、楽しかったわね～」,"The amusement park was fun, wasn't it?",,
ID00236,0001660f,45,「もちろん！　最高だったなぁ」,Of course! It was awesome!,,
ID00236,000167cf,24,「ありがとね…。,Thanks...,,
ID00236,000167f6,42,　観覧車で…励ましてくれて」,For cheering me up on the Ferris wheel,,
ID00236,00016bf0,63,「先生の給料って、そんなに安いんですか？」,"Your salary is that low, huh?",,
ID00236,00016d12,51,「勤務時間の割りにはね…新米だし」,Considering my hours and all... I'm still a newbie,,
ID00236,00016f8d,54,「けど、教えるのが好きだからいいの」,But I like teaching so it's fine,,
ID00236,0001717c,36,「実際は…先輩の先生方に,Actually... the senior teachers,,
ID00236,000171af,42,　教えられてばかりだけど…」,all this time...,,
ID00236,000175ed,18,「はははは」,Hahaha,,
ID00236,00017640,54,「心美先生の誕生日っていつですか？」,When's Miss Shimomi's birthday?,,
ID00236,00017809,54,「９月１４日よ。星占いだと乙女座ね」,September 14th. It's Virgo according to astrology.,,
ID00236,00017b1a,54,「乙女座かぁ、どんな性格なんです？」,"Virgo, huh? What's her personality like?",,
ID00236,00017cff,42,「親切で、思いやりがあって、,"She's kind and considerate,",,
ID00236,00017d38,42,　責任感があって、律儀なの」,responsible and honest.,,
ID00236,00017f17,39,「へ～っ、当たってるなぁ」,"Wow, that hits the nail on the head.",,
ID00236,0001809a,33,「ホント？　うれしい」,Really? That's great.,,
ID00236,000183c0,60,「けどね、精神的に不安定になりがちな面が,Sometimes she gets unstable.,,
ID00236,0001840b,24,　あるんだって」,right?,,
ID00236,0001850e,30,（当たってるなぁ…）,(That's pretty accurate...),,
ID00236,0001856d,63,「無人島になにか１つ持って行けるとしたら、,"If I could take one thing to a deserted island,",,
ID00236,000185bb,39,　なにを持っていきます？」,What are you bringing?,,
ID00236,00018775,48,「ん～～、あ！　サバイバルの本」,"Hmm~! Oh yeah, a survival book!",,
ID00236,00018ad3,45,「なるほど、教科書ってことだ」,"Oh, so it's like a textbook then.",,
ID00236,00018cd6,48,「そう。教科書は先生の必需品よ」,Textbooks are essential.,,
ID00236,00018eb9,51,「先生以外で、なりたかった職業って,What job did you want?,,
ID00236,00018efb,30,　なにかあります？」,Anything like that?,,
ID00236,000190c8,36,「ソフトクリーム屋さん！,An ice cream shop!,,
ID00236,000190fb,42,　一日中、食べ放題だもん！」,You can eat all day long!,,
ID00236,00019554,45,「な～んて夢を、初等部のころは,I wonder if I had dreams like that,,
ID00236,00019590,24,　持ってたかな」,When I was young...,,
ID00236,00019748,18,「はははは」,Hahaha,,
ID00236,0001979b,48,「心美先生って、化粧してます？」,"Do you wear makeup, Miss Shinomi?",,
ID00236,0001998e,51,「してるわよぉ、ちょっぴりだけど」,"I do, just a little bit.",,
ID00236,00019d49,45,「大人なんだから、メイクなしで,You're grown up; no makeup.,,
ID00236,00019d85,51,　出かけるなんて、あり得ないわよ」,is totally impossible.,,
ID00236,0001a0c2,54,「先生って、車の免許、持ってます？」,Do you have a driver's license?,,
ID00236,0001a28b,48,「持ってるけど、車は持ってない」,"I've got one, but I don't own a car.",,
ID00236,0001a62a,57,「いつか、小さくてかわいい車を買って、,"Someday, I want to buy a cute little car and",,
ID00236,0001a672,33,　ドライブしたいなぁ」,go for a drive in it.,,
ID00236,0001aad3,39,「助手席に乗せてあげるね」,I'll let you ride shotgun.,,
ID00236,0001ab28,21,「…は、はい」,...y-yeah.,,
ID00236,0001ac99,51,「な、なんで、素直に喜ばないのよ？,W-why aren't you just happy?,,
ID00236,0001acdb,42,　ペーパードライバーだけど、,"I'm a nervous driver, but",,
ID00236,0001ad14,36,　大丈夫なんだからぁ！」,It'll be fine!,,
ID00236,0001b232,45,「親しい人がゾンビになったら、,"If someone close to you turned into a zombie,",,
ID00236,0001b26e,36,　とどめを刺せますか？」,could you put them down?,,
ID00236,0001b474,50,「親しい人って……@str_000君とか？」,@str_000-kun or something like that?,,
ID00236,0001b6a9,27,「…だとしたら？」,...then what?,,
ID00236,0001b8b1,42,「絶対無理。噛んでもらって、,No way. You'd have to force me.,,
ID00236,0001b8ea,54,　一緒にゾンビライフを楽しんじゃう」,Let's enjoy zombie life together.,,
ID00236,0001bf0a,54,「うが～～、がっこぉ～行くわよ～～」,Ugh~ I'm going to school~,,
ID00236,0001c21b,18,「はははは」,Hahaha,,
ID00236,0001c26e,27,「俺って…実は…」,I... actually...,,
ID00236,0001c41c,54,「フフッ、驚かないもん、そんなこと。,"Heh heh, don't be surprised by something like that.",,
ID00236,0001c461,48,　とっくに気づいてたんだからぁ」,I've known for a while now.,,
ID00237,00001f65,36,「びしょ濡れになった時、,"When I got all wet,",,
ID00237,00001f98,54,　体操服を貸してくれてありがとね～。,thanks for lending me your gym clothes~.,,
ID00237,00001fdd,57,　おかげで風邪を引かずにすんだみたい」,I think that's why I didn't catch a cold.,,
ID00237,00002335,42,「またびしょ濡れになったら、,"If I get all wet again,",,
ID00237,0000236e,33,　いつでも貸しますよ」,I'll lend them to you anytime.,,
ID00237,0000253e,42,「もうないの！　あんなドジ、,I don't have any more!,,
ID00237,00002577,42,　一生に１回なんだからぁ！」,It's only gonna happen once in my life!,,
ID00237,000028f6,33,「夕暮れの保健室って、,"The school infirmary at sunset,",,
ID00237,00002926,48,　確かにちょっと不気味ですよね」,"Yeah, it is a bit creepy.",,
ID00237,00002b19,54,「はうぅぅ、思い出させないでよぉぉ、,"Ahh, don't remind me...",,
ID00237,00002b5e,27,　怖いじゃないぃ」,It's scary!,,
ID00237,00002e43,30,「す、すみません！」,S-Sorry!,,
ID00237,00003051,33,「も～っ、イジワルぅ」,You're mean~,,
ID00237,00003426,63,「熱中症が怖いから、こまめに水分を取って、,"Heatstroke's scary, drink plenty.",,
ID00237,00003474,42,　外での撮影はほどほどにね」,and don't overdo outdoor shoots.,,
ID00237,00003923,24,「気をつけます」,I'll be careful.,,
ID00237,0000397c,36,「心美先生って、いつから,When did you become Sensei...,,
ID00237,000039af,48,　身長が伸びなくなったんです？」,I haven't grown taller in a while?,,
ID00237,00003bcf,45,「うぅ…そんなのナイショよぉ」,Aww... That's a secret!,,
ID00237,000041e6,48,「まぁ、想像つきますけど。初…」,"Well, I can imagine. First...",,
ID00237,00004481,33,「初等部じゃないわよ！,Not elementary school!,,
ID00237,000044b1,60,　中等部でもちょっと延びたんだからぁ！」,But I did grow a little in middle school too!,,
ID00237,0000488d,57,「タバコを吸う先生って結構いますよね」,There are actually quite a few teachers who smoke.,,
ID00237,00004a59,48,「そうね～、男の先生が多いかな」,"Yeah, there are more male teachers.",,
ID00237,00004dde,63,「私は吸わないけどね。健康によくないもん」,I don't smoke though. It's bad for your health.,,
ID00237,00004f99,39,「心美先生の健康法って？」,What's Ms. Kumomi's health routine?,,
ID00237,00005153,60,「お酒をね、たま～にちょっぴり飲んでる」,I drink a little sake now and then.,,
ID00237,00005698,33,「へ～っ、さすが大人」,"Wow, you really are an adult.",,
ID00237,0000584c,39,「エヘヘ～、すごいでしょ。,"Heheh, isn't that awesome?",,
ID00237,00005882,36,　お酒は百薬の長なのよ」,Sake is the best medicine.,,
ID00237,00005c07,36,「こう暑い日が続くと…」,When it's this hot for so long...,,
ID00237,00005dda,36,「ダメダメ、元気出して、,"No no, cheer up,",,
ID00237,00005e0d,48,　夏バテを吹き飛ばしちゃえ～！」,and blow away your summer fatigue!,,
ID00237,0000629d,51,「マッサージして、体はどうです？」,How's your body feel after the massage?,,
ID00237,00006463,45,「あ、すっごく快適、ありがと」,"Ah, it feels great, thanks.",,
ID00237,000068f3,63,「けど、すぐ疲れが溜まっちゃうのよねぇ…」,But I get tired so quickly...,,
ID00237,00006b8f,36,「またやりましょうか？」,Want me to do it again?,,
ID00237,00006d46,48,「いい！　いい！　痛いのイヤぁ」,No! No! It hurts!,,
ID00237,000072e2,42,「血液型って、何型ですか？」,What blood type are you?,,
ID00237,0000749f,60,「Ａ型～。細かくって、繊細なんだからぁ」,You're type A. You're meticulous and sensitive.,,
ID00237,00007800,45,「心美先生って、ダイエットとは,Sensei is always talking about dieting...,,
ID00237,0000783c,33,　無縁そうですよね？」,Seems like she's not.,,
ID00237,000079f0,42,「それが…そうでもなくて…。,But... it's not really...,,
ID00237,00007a29,33,　油断するとお腹が…」,If you let down guard...,,
ID00237,000080c5,54,「テヘヘ、ただでさえ起伏がないのに、,"Heheh, as if I had any curves to begin with,",,
ID00237,0000810a,60,　ますます…って、なに言わせるのよぉ！」,More and more... what are you making me say?,,
ID00237,00008858,48,「べ、べつに言わせたわけじゃ…」,I-I didn't make you say it on purpose...,,
ID00237,00008a2e,57,「食後はちゃんと歯を磨いてますかぁ？」,Do you brush your teeth properly after meals?,,
ID00237,00008c07,27,「夜はちゃんと…」,Are you proper at night?,,
ID00237,00008db5,45,「朝も昼も磨いた方がいいわよ？,Should brush in morning too?,,
ID00237,00008df1,51,　歯は一生のお付き合いなんだから」,"Your teeth are a lifelong commitment, you know?",,
ID00237,0000912e,48,「先生って、風邪を引きやすい方？,Are teachers prone to catching colds?,,
ID00237,0000916d,36,　それとも引きにくい？」,Or do they not get sick easily?,,
ID00237,00009324,27,「疲れてるとねぇ、,"When you're tired,",,
ID00237,0000934e,48,　誰かからもらっちゃうのよねぇ」,you end up catching it from someone.,,
ID00237,000096e2,33,「ちゃんとうがいして、,"I gargle properly to prevent it,",,
ID00237,00009712,36,　予防してるんだけど…」,but...,,
ID00237,00009813,21,「健康って…」,Health...?,,
ID00237,000099fe,45,「そうそう、元気なのが一番よ」,Being healthy’s best.,,
ID00237,00009d43,60,「お風呂上がりにエアコンの風を浴びると、,"After a bath, if hit by AC wind,",,
ID00237,00009d8e,33,　気持ちいいわよね～」,it feels so good~,,
ID00237,0000a0ad,51,「風邪を引かないように気をつけて」,Be careful not to catch a cold.,,
ID00237,0000a273,33,「エヘヘ、わかってる」,"Hehe, I know that.",,
ID00237,0000a460,33,「髪が長いと、手入れが,"Taking care of it can be hard,",,
ID00237,0000a490,36,　大変じゃないですか？」,"quite troublesome, right?",,
ID00237,0000a663,36,「そうなの～、夏場は特に,"Yeah, especially in summer~",,
ID00237,0000a696,39,　すぐパサついちゃうから、,"It gets dry so fast, you know?",,
ID00237,0000a6cc,54,　週に２度はトリートメントしてて…」,I have to do treatments twice a week...,,
ID00237,0000ab6b,51,「面倒だけど、髪は切りたくないし、,"It's a hassle, but I don't wanna cut my hair.",,
ID00237,0000abad,30,　乙女心は裏腹よぉ」,My girly heart is fickle~,,
ID00237,0000afc8,57,「風呂って長い方？　それとも短い方？」,Do you take long baths? Or short ones?,,
ID00237,0000b194,45,「長湯はあんまりしないかなぁ、,"I don't really stay in the bath for too long,",,
ID00237,0000b1d0,30,　のぼせちゃうから」,Or else I get hot and bothered,,
ID00237,0000b4bc,39,「大浴場の湯船は熱いしね」,"The hot spring's pretty warm, you know.",,
ID00237,0000b6dd,63,「健康にいいことってなにかやってますか？」,Are you doing anything good for your health?,,
ID00237,0000b8af,42,「ん～、なるべくバランスよく,"Hmm~, I try to eat balanced meals.",,
ID00237,0000b8e8,42,　ご飯を食べるようにしてる」,I guess that's about it.,,
ID00237,0000bd1b,51,「野菜を採ってないなぁと思ったら、,"I thought you weren't eating enough veggies,",,
ID00237,0000bd5d,45,　ウサギさんみたいに、もりもり,But then you end up chowing down.,,
ID00237,0000bd99,39,　サラダを食べちゃうわよ」,on salad all the time.,,
ID00237,0000c20d,18,「はははは」,Hahaha,,
ID00237,0000c260,42,「病は気からって言うけど…」,They say illness starts in the mind...,,
ID00237,0000c460,60,「そうそう、いつも元気でいなくっちゃね」,"Yeah, yeah, gotta stay cheerful all the time.",,
ID00238,000022d8,57,「心美先生って、スク水似合いますよね」,Ms. Shinomi looks good.,,
ID00238,000024a4,60,「エヘヘ、ちょっと恥ずかしいんだけどね」,"Hehe, it's a little embarrassing though.",,
ID00238,000027e5,48,「校内でしか着ないから、いいの」,I only wear it at school so it's fine.,,
ID00238,00002991,30,「相良さんや反町と、,Sagara and Sorimachi are here.,,
ID00238,000029be,42,　プールで楽しそうでしたね」,You seemed to be enjoying it.,,
ID00238,00002b7b,54,「エヘッ、もちろん楽しかったわよ～」,Of course it was fun~ Hehe!,,
ID00238,00002ed2,42,「みんなと同じ水着でいると、,"When I wear the same swimsuit,",,
ID00238,00002f0b,39,　学生時代に戻ったみたい」,Feels like my student days.,,
ID00238,000030e5,54,「心美先生って、泳ぐの好きですか？」,"Do you like swimming, Miss Kumomi?",,
ID00238,000032ca,60,「もちろん大好きよ。だって、楽しいもん」,Of course I do! It's so much fun.,,
ID00238,000034b9,42,「先生の得意な泳ぎ方って？」,What kind of stroke is your specialty?,,
ID00238,00003561,18,「バタ足～」,Flutter kick~,,
ID00238,000035c7,51,「それって、ビート板につかまって…,"You know, where you hold onto the kickboard...",,
ID00238,00003609,21,　ってこと？」,That's right.,,
ID00238,000037b1,60,「いいじゃない、ビート板を使ったってぇ。,It's fine to use a kickboard. It's easier that way.,,
ID00238,000037fc,24,　楽なんだもん」,It's just more relaxing.,,
ID00238,00003ab8,27,「そうですけど…」,"That's true, but...",,
ID00238,00003c96,57,「泳げないってわけじゃないんだからね。,"I can swim, you know.",,
ID00238,00003cde,45,　平泳ぎだって、クロールだって,Even the breaststroke or freestyle,,
ID00238,00003d1a,30,　出来るんだからぁ」,I can do those too!,,
ID00238,0000431a,51,「ビーチで水泳の授業があるなんて、,Swim class at beach's unique for us.,,
ID00238,0000435c,42,　光海学園ならではですよね」,Unique to Mitsumi Academy.,,
ID00238,00004519,42,「そうね～、楽しいわよね～、,"~Yeah, it is fun~",,
ID00238,00004552,33,　ビーチスポーツって」,Beach sports are awesome.,,
ID00238,0000484e,42,「特に好きなのはなんです？」,What's your favorite?,,
ID00238,00004a27,51,「ビーチバレーよ。体育館と違って、,"It's beach volleyball. Unlike the gym,",,
ID00238,00004a69,42,　転んでも痛くないんだもん」,you don't hurt yourself if you fall.,,
ID00238,00004d81,42,「心美先生って、髪が長いし、,"Teacher Shinmi has long hair, right?",,
ID00238,00004dba,60,　泳いだあと乾かすの大変じゃないです？」,Isn't it a hassle to dry after swimming?,,
ID00238,00004f89,60,「そうなの～、すっごく時間がかかってぇ」,"~Yeah, it takes forever~",,
ID00238,00005293,45,「教職員用の洗面所にこもって、,"She locks herself in the staff bathroom,",,
ID00238,000052cf,45,　ひたすらドライヤーかけてる」,and dries her hair with a blow dryer.,,
ID00238,0000561d,36,「まぁ、前髪さえ乾けば、,"Well, once my bangs are dry,",,
ID00238,00005650,33,　後ろは縛っちゃうし、,"I'll just tie up the back anyway,",,
ID00238,00005680,42,　どうとでもなるんだけどね」,so it's all good.,,
ID00238,00005a9c,51,「うちのプールってきれいですよね」,"Our pool is so pretty, isn't it?",,
ID00238,00005c62,57,「そうね～、ホテルのプールみたいよね」,"Yeah, it looks like a hotel pool.",,
ID00238,00005fa0,33,「泳いでて気持ちいい」,Swimming here feels great.,,
ID00238,00006163,42,「暑い日の水泳の授業って…」,Swimming lessons on hot days...,,
ID00238,00006363,48,「うんうん、気持ちいいわよね～。,"Mmm-hmm, it really does feel nice.",,
ID00238,000063a2,33,　夏はやっぱり水泳よ」,It's gotta be swimming.,,
ID00238,00006aec,54,「一緒にプールへ行くの、楽しみね～」,I'm looking forward to going to the pool together~,,
ID00238,00006cc2,36,「気晴らしも必要ですよ」,"You do need a break too, you know.",,
ID00238,00006e42,30,「フフッ、そうよね。,"Hehe, that's right.",,
ID00238,00006e6f,54,　部活にも協力しなきゃならないしね」,And I have to help out with club activities too.,,
ID00238,000071fb,36,（心美先生のスク水姿…）,Teacher Shinomiya in swimsuit...,,
ID00238,00007464,42,「も、もう！　なんで下の方を,M-Miss! Why are you staring down there!,,
ID00238,0000749d,30,　じっと見るのよぉ」,Why so intently?,,
ID00238,00007a9a,42,「す、すみません、先生なのに,"S-Sorry, even though you're the teacher...",,
ID00238,00007ad3,60,　スク水ってのがどうしても気になって…」,I'm curious about your swimsuit...,,
ID00238,00007b3d,36,「そんなこと言われたら、,When you say something like that...,,
ID00238,00007b70,51,　恥ずかしくなっちゃうじゃないぃ。,It makes me feel so embarrassed.,,
ID00238,00007bb2,21,　イジワルゥ」,You're mean.,,
ID00238,00008120,36,「スク水着てると、本当に,That swimsuit makes me look like,,
ID00238,00008153,33,　初等部と見間違え…」,I'm in elementary school...,,
ID00238,00008323,51,「そんなことないの！　大人なの！」,That's not true! I'm an adult!,,
ID00238,0000864d,18,「は、はい」,Y-Yes.,,
ID00238,000086a0,63,「海とプール、泳ぐならどっちが好きです？」,Which do you like better? The sea or the pool?,,
ID00238,00008872,33,「ん～、プールかなぁ」,"Hmm, maybe the pool.",,
ID00238,000089fc,21,「どうして？」,Why?,,
ID00238,00008ba4,42,「ウオータースライダーとか、,There are water slides and,,
ID00238,00008bdd,63,　流れるプールとか、いろいろあるじゃない？,all sorts of other stuff too.,,
ID00238,00008c2b,21,　楽しいもん」,It's fun.,,
ID00238,000090a0,54,「プールで飛び込みって出来ますか？」,Can you do a dive in the pool?,,
ID00238,00009104,60,「で、出来るわよ……先生だもん、当然よ」,"I can... I'm a teacher, after all.",,
ID00238,000099a0,48,「ああいうのはね、目をつぶって、,"You know, for that, you have to close your eyes,",,
ID00238,000099df,54,　エイッて飛び出しちゃえばいいのよ、,"Just jump out, you know?",,
ID00238,00009a24,18,　エイッて」,Just jump out~,,
ID00238,00009fc9,30,「いや、それ危な…」,"No, that's dangerous...",,
ID00238,0000a028,54,「いくつまで浮き輪を使ってました？」,How old were you using floaties until?,,
ID00238,0000a282,21,「そんなの…」,That's...,,
ID00238,0000a43a,48,「中等部のころには卒業したわよ。,I graduated from them in junior high.,,
ID00238,0000a479,42,　似合いすぎてイヤだから…」,It looks too good... I don't like it...,,
ID00238,0000a688,45,「未だに似合いそうですけど？」,Still fits you well though?,,
ID00238,0000a920,42,「それは言っちゃダメなの！」,That's not something you should say!,,
ID00238,0000ab0a,51,「水泳の授業って、夏しかないし…」,Swimming class only happens in the summer...,,
ID00238,0000acd0,30,「そうね～、いっぱい,We need lots of practice.,,
ID00238,0000acfd,39,　泳いでおかなくっちゃね」,We have to swim a lot,,
ID00238,0000b193,60,「一緒に行ったプール、楽しかったわね～」,Going to the pool together was so much fun~,,
ID00238,0000b36f,45,「ですね～。最高だったなぁ…」,It really was amazing~,,
ID00238,0000b572,45,「ありがとね、励ましてくれて」,Thanks for cheering me up,,
ID00238,0000b74c,36,（心美先生のスク水姿…）,Teacher Shinomiya in swimsuit...,,
ID00238,0000b9b5,63,「も、もう！　そんなにじっと見ちゃダメェ」,Stop! Don't stare at me like that,,
ID00238,0000bc3b,57,「す、すみません、もうすぐプール納めで,"Sorry, I'll be out of the pool soon",,
ID00238,0000bc83,33,　見られなくなるから」,so you won't see me anymore,,
ID00238,0000bec8,48,「だからって、見なくていいの！」,That doesn't mean you can stop looking!,,
ID00238,0000c0c7,45,「うちのスク水のデザインって、,The design of our swimsuits is pretty sporty,,
ID00238,0000c103,63,　三角のラインが入ってて変わってますよね」,The triangle line makes it look different,,
ID00238,0000c2d5,48,「そうね～、競泳水着みたいよね」,"Yeah, it's like a racing swimsuit",,
ID00238,0000c5d3,45,「速く泳げそうで、かっこいい」,It looks fast and cool,,
ID00238,0000c7cf,48,「最近、スカートタイプのスク水が,"Lately, skirted swimsuits have been",,
ID00238,0000c80e,30,　あるみたいですね」,seems to be a thing.,,
ID00238,0000c9bf,36,「そうね～、うちも導入を,"Yeah, we're considering",,
ID00238,0000c9f2,33,　検討してるみたいよ」,introducing them too.,,
ID00238,0000cb7c,12,「えっ」,Oh!,,
ID00238,0000cd1b,42,「私はちょっとかわいすぎて、,I think I'm a bit too cute,,
ID00238,0000cd54,60,　授業には向かないかなぁって思うけどね」,for school wear though...,,
ID00238,0000d0dd,42,「背泳ぎって難しいですよね、,"Backstroke is hard, isn't it?",,
ID00238,0000d116,36,　進む方向が見えなくて」,You can't see where you're going.,,
ID00238,0000d310,39,「うんうん、わかるわかる」,"Yeah, totally get that.",,
ID00238,0000d621,60,「私なんか、そもそも浮いてるのが大変よ。,I'm already having trouble just staying afloat.,,
ID00238,0000d66c,33,　すぐ鼻に水が入って、,"Water keeps going up my nose,",,
ID00238,0000d69c,36,　ツーンってなっちゃう」,and it stings like hell.,,
ID00238,0000dc9f,51,「水泳っていい運動になりますよね」,"Swimming's great exercise though, right?",,
ID00238,0000de65,51,「全身運動で、有酸素運動だからね」,"It's full-body cardio, aerobic stuff.",,
ID00238,0000e182,39,「とっても健康にいいのよ」,So it's really good for you.,,
ID00238,0000e1ea,42,「そろそろ夏も終わりだし…」,We're nearing the end of summer...,,
ID00238,0000e3a7,18,「そうね～、,"I guess so~,",,
ID00238,0000e3c8,51,　たっぷり泳いでおかなくっちゃね」,We'd better swim plenty while we still can.,,
ID00239,00002d9c,54,「心美先生って体操服似合いますよね」,You look great in it.,,
ID00239,00002f92,54,「そう？　あんまりうれしくないけど、,"Really? I'm not too happy about it though,",,
ID00239,00002fd7,18,　ありがと」,Thanks.,,
ID00239,00003490,60,「校内でしか着ないし、まぁいっかなって」,"I only wear it at school anyway, so whatever.",,
ID00239,000036f9,54,「心美先生って、運動神経はある方？」,Does Sensei have good athletic ability?,,
ID00239,000038c2,42,「悪くはないと思うんだけど、,"I think she's pretty decent, but",,
ID00239,000038fb,45,　体が小さいから、なにやっても,"because she's small, everything just ends up",,
ID00239,00003937,42,　ドタバタしちゃうのよねぇ」,being a bit clumsy.,,
ID00239,0000431d,42,「学生のころは、背が高くて、,"back then, I was tall and",,
ID00239,00004356,48,　スタイルがいい人に憧れたなぁ」,had a good figure too.,,
ID00239,0000481c,48,「好きなスポーツってなんです？」,What's your favorite sport?,,
ID00239,000049df,63,「トスバレーが好きよ。みんなで出来るから」,I like volleyball. It's fun with everyone.,,
ID00239,00004bd1,42,「走るのって速い方ですか？」,Are you fast at running?,,
ID00239,00004de8,54,「ううん、ちっとも。一歩が短いから、,"Nope, not really. My legs are short so",,
ID00239,00004e2d,33,　スピードが出なくて」,I can't run fast.,,
ID00239,00005530,27,「ハードルなんか、,Jumping over hurdles is,,
ID00239,0000555a,42,　倒してばっかりだったもん」,I've only ever been knocked down...,,
ID00239,00005724,18,「はははは」,Hahaha,,
ID00239,00005777,57,「真夏の校庭の体育って地獄ですよね…」,P.E. in the schoolyard during summer is hell...,,
ID00239,000059bd,39,「わかるわかる…暑すぎて、,"I know, I know... It's so hot that",,
ID00239,000059f3,36,　陽炎が立ったりしてね」,heat haze rises up...,,
ID00239,00005f5b,42,「無理せず、お水を飲んだり、,"Don't push yourself, drink some water,",,
ID00239,00005f94,45,　日陰で休んだりするようにね」,take a break in the shade.,,
ID00239,000062af,57,「苦手なスポーツってなにかあります？」,Is there any sport you're bad at?,,
ID00239,0000647b,48,「ん～、ソフトボールが苦手かな」,"Hmm, maybe softball.",,
ID00239,000067e5,21,「どうして？」,Why?,,
ID00239,0000698d,27,「片手で扱うには、,"One hand's small for it,",,
ID00239,000069b7,51,　ちょっとボールが大きいんだもん」,the ball is kinda big you know.,,
ID00239,00006d36,51,「遠くに投げられなくて困っちゃう」,I can't throw it far which sucks.,,
ID00239,00006f38,57,「うちみたいに、２階建ての体育館って、,"We have a two-story gym like ours,",,
ID00239,00006f80,48,　他じゃあんまり見ないですよね」,"You don't see that much elsewhere, right?",,
ID00239,000071a2,57,「うんうん、立派よね～、すごいと思う」,"Yeah yeah, impressive~ I think it's great.",,
ID00239,0000761b,30,「勉強だけじゃなく、,"Not just studying,",,
ID00239,00007648,42,　スポーツにも力を入れてる、,"she puts effort into sports too,",,
ID00239,00007681,33,　うちらしいわよね～」,"That's so us, isn't it~",,
ID00239,000079ac,48,「体育の成績って、どうでした？」,How did you do in P.E.?,,
ID00239,00007b6f,54,「エヘヘ、あんまり出来ないわりには、,"Hehe, even though I'm not that good at sports,",,
ID00239,00007bb4,39,　いい成績もらえてたのよ」,I got a pretty good grade.,,
ID00239,0000801b,39,「楽しそうにやってるって、,She looks like she enjoys it.,,
ID00239,00008051,48,　いつもほめられてたからかな？」,"She looked like she was enjoying herself, maybe?",,
ID00239,00008338,54,「学生時代、なにか運動してました？」,Did you do any sports in high school?,,
ID00239,0000855b,30,「ん～ん、なんにも。,Hmm~ Not really.,,
ID00239,00008588,57,　体育の授業を、一生懸命やったぐらい」,I only really tried my best in PE class.,,
ID00239,00008b3c,60,「遊びでやるなら、どんなスポーツだって、,Any sport'd be fun then~,,
ID00239,00008b87,51,　チャレンジしちゃうんだけどね～」,I'd totally give it a shot!,,
ID00239,00008eb5,48,「個人スポーツとチームスポーツ、,"Individual sports and team sports,",,
ID00239,00008ef4,33,　どっちが好きです？」,Which do you like better?,,
ID00239,000090a8,39,「断然、チームスポーツ！」,It's definitely team sports!,,
ID00239,000093b9,48,「みんな一緒の方が、楽しいもん」,More fun with everyone.,,
ID00239,0000959c,39,「夏のスポーツといえば…」,When it comes to summer sports...,,
ID00239,00009799,42,「うんうん、私も大好き～！」,"Yeah, yeah, I love 'em too~!",,
ID00239,00009992,51,「砂浜を自主的にランニングなんて、,Cool to run alone.,,
ID00239,000099d4,30,　がんばるなぁって」,Isn't it?,,
ID00239,00009b85,33,「エヘッ、いつだって、,"Heh heh, always,",,
ID00239,00009bb5,39,　ドゥ　マイ　ベストよ！」,Do my best!,,
ID00239,00009f01,45,「まさか、キックターゲットで、,"I never thought I'd be a kick target,",,
ID00239,00009f3d,60,　ボールじゃなく、靴が当たるなんてなぁ」,and get hit by someone's shoe instead of the ball.,,
ID00239,0000a10c,45,「あ～っ、思い出しちゃダメェ」,"Ahh, don't think about it.",,
ID00239,0000a414,60,「ははは、けど、スッキリしたでしょう？」,"Haha, but you feel better now?",,
ID00239,0000a5f3,24,「ん……まぁね」,Hmm... I guess so.,,
ID00239,0000a985,48,「連れて行ってくれて、ありがと」,Thanks for bringing me along.,,
ID00239,0000ab8f,36,（心美先生の体操服姿…）,Teacher Shinomi's gym clothes...,,
ID00239,0000adf8,48,「も、もう、そんなに見ちゃダメ！,S-Stop staring at me like that!,,
ID00239,0000ae37,42,　恥ずかしくなるんだからぁ」,It's making me blush...,,
ID00239,0000b2d8,30,「す、すみません！」,S-Sorry!,,
ID00239,0000b337,63,「先生だと、ブルマも似合いそうですよね？」,You think the teacher looks good in a swimsuit too?,,
ID00239,0000b53d,36,「それって、ほめてる？」,Are you complimenting me?,,
ID00239,0000b58f,54,「も、もちろん！　大人なのにブルマを,Of course! It's rare to see an adult in a swimsuit.,,
ID00239,0000b5d4,63,　着こなせるなんて、そうそういませんよ？」,You're just not gonna find many who can rock it!,,
ID00239,0000b7d4,27,「も～っ、ちっとも,Mou~ I don't feel it at all,,
ID00239,0000b7fe,42,　ほめられてる気がしなぁい」,like I'm being complimented.,,
ID00239,0000bb8c,42,「心美先生って、体は固い方？,Is Ms. Shinomiya's body stiff?,,
ID00239,0000bbc5,24,　柔らかい方？」,Or more flexible?,,
ID00239,0000bd70,30,「年相応ってとこね」,That's age-appropriate.,,
ID00239,0000be00,39,「子供並みに柔らかいと…」,If she were as soft as a kid...,,
ID00239,0000bfcc,30,「そうじゃないわよ！,That's not it at all!,,
ID00239,0000bff9,51,　二十歳過ぎの大人相応ってこと！」,That's what an adult over twenty is like!,,
ID00239,0000c33e,18,「はははは」,Hahaha,,
ID00239,0000c391,45,「キャンプへ行くなら、海と山、,"If we camp, beach or mountains.",,
ID00239,0000c3cd,33,　どっちがいいです？」,Which is better for you?,,
ID00239,0000c581,63,「普段、海のそばにいるから、山がいいなぁ」,"I usually stay by the sea, so mountains are nice.",,
ID00239,0000c8c5,60,「お花畑でウサギさんと出会ったりしてね」,Meeting bunnies in a flower field and stuff.,,
ID00239,0000cbb8,39,「逆上がりって出来ます？」,Can you do back handsprings?,,
ID00239,0000cda6,57,「出来るわよ。子供じゃないんだからね」,I can. I'm not a kid anymore.,,
ID00239,0000ce51,57,「い、いや、大人でも出来ない人いるし」,"N-No, there are adults who can't do it either.",,
ID00239,0000d01d,48,「私は小さいころ、いっぱい鉄棒で,"I played on the bars a lot when I was little,",,
ID00239,0000d05c,30,　遊んだから大丈夫。,so I'm fine.,,
ID00239,0000d089,48,　蹴上がりだって出来るんだから」,I can even do front handsprings.,,
ID00239,0000d4e2,33,「懸垂って出来ます？」,Can you do pull-ups?,,
ID00239,0000d6f0,51,「ううん、無理～。１回も出来ない」,"Nope, no way. I've never been able to.",,
ID00239,0000d939,57,「握力がないから、ぶら下がってるだけで,"My grip strength is bad, just hanging there",,
ID00239,0000d981,21,　大変だもん」,is hard enough.,,
ID00239,0000db66,45,「テニスとか、バドミントンには,What about tennis or badminton?,,
ID00239,0000dba2,33,　興味ないんですか？」,You're not interested in those?,,
ID00239,0000dd1f,45,「やるなら、テニスがいいかな」,"If I were to do it, maybe tennis.",,
ID00239,0000deec,21,「どうして？」,Why?,,
ID00239,0000e0b0,36,「ネットが低いじゃない？,"The net's lower, right?",,
ID00239,0000e0e3,33,　やりやすいかなって」,It might be easier.,,
ID00239,0000e2f1,54,「体操と新体操なら、どっちがすごいと,Which one's more impressive?,,
ID00239,0000e336,24,　思いますか？」,What do you think?,,
ID00239,0000e4e1,60,「ん～、先生としては、決められないわね。,"Hmm~ As a teacher, I can't decide.",,
ID00239,0000e52c,48,　どっちの部もがんばってるから」,Both clubs are doing their best.,,
ID00239,0000eb6d,51,「美の新体操、技の体操って感じね」,It's like gymnastics for beauty and skill.,,
ID00239,0000eee1,60,「いつか、うちの学校から、オリンピックに,I hope we do.,,
ID00239,0000ef2c,57,　出るような選手が現れるといいですね」,"Someday, I hope a competitor like that will appear.",,
ID00239,0000f0f8,60,「そうねぇ、御前さんがバドミントンだけに,"Yeah, Nagisa's all into badminton now.",,
ID00239,0000f143,57,　集中したら、出られそうなもんだけど」,Maybe she could make it if she focused on that.,,
ID00239,0000f61b,57,「彼女は、スポーツで生きてくタイプじゃ,She’s not the type to live for sports though.,,
ID00239,0000f663,42,　ないから、そんな気なしね」,So I don’t think she’d go for it.,,
ID00239,0000fb20,30,「適度な運動って…」,Moderate exercise...?,,
ID00239,0000fd14,42,「そうそう、大人になったら、,"Yeah, yeah, once you're an adult,",,
ID00239,0000fd4d,57,　運動する機会なんか限られるんだから、,"there's not much chance to exercise, so",,
ID00239,0000fd95,60,　今のうちにがんばっておかなくっちゃね」,you have to work hard while you can.,,
ID00239,000104fe,36,（心美先生の体操服姿…）,(Teacher Shinomi in gym clothes...),,
ID00239,00010767,63,「そ、そんなにじっと見ちゃダメだってばぁ」,"Don't stare at me like that!""",,
ID00239,00010a3d,30,「す、すみません！」,S-Sorry!,,
ID00239,00010bfe,15,「もう…」,Geez...,,
ID00239,00010c4e,45,「ミツミキャンプが終わったら、,Check out my room later.,,
ID00239,00010c8a,39,　ジャージに衣替えですね」,Time to change into track pants.,,
ID00239,00010e93,60,「そうね～、ショートパンツともお別れね」,"Well, I guess it's goodbye to the shorts.",,
ID00239,00011230,48,「私が体育の授業を担当することも,I won't be teaching P.E. anymore either.,,
ID00239,0001126f,30,　なくなるだろうし、,"Since I won't be in charge,",,
ID00239,0001129c,48,　ジャージは着ることないかもね」,I might not even wear track pants anymore.,,
ID00239,00011783,42,「武道には興味ないですか？」,Are you not interested in martial arts?,,
ID00239,0001198f,42,「ん～、たまちゃん見てると、,"Hmm, watching Tama-chan,",,
ID00239,000119c8,51,　剣道っていいなぁって思うけど…」,I think kendo's pretty cool...,,
ID00239,00012004,54,「体が小さいから相手にならなさそう。,You're so small I don't think you'd be a match.,,
ID00239,00012049,30,　リーチが違うもん」,Your reach is just different.,,
ID00239,00012378,39,「ダンスって好きですか？」,Do you like dancing?,,
ID00239,0001254e,54,「もちろん。リズムに乗って踊るのって,Of course. Dancing to the rhythm is,,
ID00239,00012593,30,　楽しいじゃない？」,isn't it fun?,,
ID00239,00012a0d,45,「創作ダンスも、生徒に混じって,"so much fun, I even join in with the students",,
ID00239,00012a49,27,　やっちゃうわよ」,and do it myself.,,
ID00239,00012d52,60,「スポーツテストで一番得意な種目って？」,What's your best event at the sports test?,,
ID00239,00012f3d,57,「反復横跳びよ。すばしっこいんだから」,It's long jump. I'm super fast!,,
ID00239,00013129,57,「スポーツテストで一番苦手な種目は？」,And what's your worst?,,
ID00239,00013371,33,「ハンドボール投げ…」,Handball throw...,,
ID00239,000135e2,33,「あんな大きなボールを,It's impossible to throw,,
ID00239,00013612,36,　片手で投げるの無理ぃ」,such a big ball with one hand!,,
ID00239,000139b1,51,「オリンピックとか、世界大会って、,"Like the Olympics or world championships,",,
ID00239,000139f3,60,　始まるとついテレビで見ちゃいますよね」,I can't help but watch them on TV.,,
ID00239,00013c05,39,「そうそう、深夜放送だと、,"Yeah, and if it’s late night TV,",,
ID00239,00013c3b,30,　眠い目こすってね」,You gotta rub them.,,
ID00239,00014099,39,「ガンバレ、ニッポ～ン！」,"Go for it, Japan!",,
ID00239,0001413a,18,「はははは」,Hahaha,,
ID00239,0001418d,42,「サッカーのオフサイドって、,What's the offside rule in soccer?,,
ID00239,000141c6,48,　どういうルールかわかります？」,Do you know how it works?,,
ID00239,00014389,63,「わ、わかるわよ。先生なんだから、当然よ」,"I-I do! I'm a teacher, after all.",,
ID00239,0001485c,27,「本当ですか～？」,Really~?,,
ID00239,00014a1c,48,「ほ、本当よ！　ボールを蹴る前に,R-Really! If you cross the offside line,,
ID00239,00014a5b,42,　オフサイドラインを越えちゃ,before kicking the ball,,
ID00239,00014a94,27,　ダメなんだから」,it's not allowed!,,
ID00239,0001521d,51,「なんでそんなルールがあるのかは…,Why such a rule exists...,,
ID00239,0001525f,42,　よくわかんないんだけどね」,I don't really get it though.,,
ID00239,00015405,39,「この間、体育の授業で…」,In P.E. class the other day...,,
ID00239,000155bf,51,「フフッ、そんなことあったんだぁ。,"Hehe, so that's what happened.",,
ID00239,00015601,30,　がんばってるわね」,You're doing your best.,,
ID00240,000025dc,45,「ブックカフェのコーヒーって、,Book cafe coffee is...,,
ID00240,00002618,30,　おいしいですよね」,"so tasty, right?",,
ID00240,0000280c,30,「うん、私も大好き」,"Yeah, I love it too.",,
ID00240,000029ca,39,「いや、先生のは乳飲料…」,"No, the teacher's is a milk drink...",,
ID00240,00002ba0,42,「コーヒーな・の！　も～っ」,It's COFFEE! Maaaan~,,
ID00240,00002eb8,54,「冷蔵庫にいつも入ってる飲みものって,The drinks that are always in the fridge are...,,
ID00240,00002efd,21,　なんです？」,What's that?,,
ID00240,000030a5,42,「牛乳と紙パックのジュース」,milk and juice boxes.,,
ID00240,00003262,51,「紙パックは捨てやすくていいのよ」,Juice boxes are easy to throw away.,,
ID00240,00003411,63,「コーヒーと紅茶なら、どっちが好きです？」,"Which do you like better, coffee or tea?",,
ID00240,000035e3,21,「コーヒーよ」,Coffee.,,
ID00240,0000378b,48,「お仕事しながら飲むと、紅茶より,Tea while working motivates me.,,
ID00240,000037ca,57,　がんばってるなぁって気がするのよね」,than with coffee.,,
ID00240,00003e0c,60,「暑いからって、冷たいものを飲み過ぎると,If you drink too many cold drinks because it's hot,,
ID00240,00003e57,54,　お腹を壊しますよぉ。気をつけてね」,you'll get an upset stomach. Be careful.,,
ID00240,000042f6,15,「先生も」,You too.,,
ID00240,000044c8,36,「私は大人だから大丈夫」,"I'm an adult, so I'll be fine.",,
ID00240,00004668,48,「苦手な飲みものってあります？」,Any drinks that don't agree with you?,,
ID00240,0000482b,48,「温めすぎたホットミルクが苦手」,I can't handle milk that's too warm,,
ID00240,00004bbf,45,「上に張った膜が唇に当たって、,The film on top touches my lips and,,
ID00240,00004bfb,45,　アチチッてなっちゃうのよぉ」,It burns like crazy~,,
ID00240,00004f3a,33,「ああ、なりますね～」,"Ah, it does hurt~",,
ID00240,00004f9c,48,「おにぎりの具で好きなのって？」,What do you like as onigiri fillings?,,
ID00240,0000515f,36,「ん～、具というよりは、,"Hmm, more of a texture issue than",,
ID00240,00005192,33,　焼きおにぎりが好き」,I like grilled onigiri.,,
ID00240,0000560f,63,「スーパーで売ってる冷凍の焼きおにぎりが、,"Frozen grilled onigiri from the supermarket,",,
ID00240,0000565d,45,　小さくてちょうどいいのよ～」,They're just the right size~,,
ID00240,00005978,39,「夏の飲みものといえば…」,When it comes to summer drinks...,,
ID00240,00005b32,48,「いいわね～、私もよく飲むわよ」,That's nice~ I drink often too.,,
ID00240,00005d15,57,「心美先生って、お酒好きなんですか？」,Do Mr. Shinmi like alcohol?,,
ID00240,00005ee1,51,「え？　そ、そうね、時々飲むわよ」,"Huh? Oh yeah, sometimes I do drink though.",,
ID00240,00006398,21,「どうして？」,Why?,,
ID00240,000063db,27,「いや、べつに…」,"No, it's nothing...",,
ID00240,00006589,18,「ふうん…」,Hmm...,,
ID00240,000065dc,42,「眠気覚ましのコーヒーって、,Coffee to wake you up is,,
ID00240,00006615,27,　うまいですよね」,"pretty good, right?",,
ID00240,00006806,39,「うん、おいしいわよね～」,"You're right, it's delicious~",,
ID00240,00006b2b,51,「ブラックだって、飲めるんだから」,I can even drink black coffee.,,
ID00240,00006cc7,18,「はははは」,Hahaha,,
ID00240,00006d1a,45,「サンドイッチで好きなのって、,What kind of sandwich do you like?,,
ID00240,00006d56,27,　何サンドです？」,What kind?,,
ID00240,00006f20,42,「だ～んぜん、たまごサンド」,It's totally egg sandwich.,,
ID00240,0000726b,33,「ふわふわのたまごと、,"Soft, fluffy eggs and",,
ID00240,0000729b,63,　ふかふかのパンの取り合わせがいいのよ～」,the combination with the soft bread is great~,,
ID00240,0000772d,63,「この間、駅前モールのフレッシュジュースの,"At Fresh Juice in front of the station,",,
ID00240,0000777b,48,　お店で、小さい女の子がパパに、,a little girl asked her dad for,,
ID00240,000077ba,57,　“グレープってなに”って聞いてたの」,She was asking 'What's grape?',,
ID00240,00008102,54,「パパが”ぶどうだよ”って答えたら、,"When her dad said it's grapes,",,
ID00240,00008147,33,　目をキラキラさせて、,"her eyes sparkled,",,
ID00240,00008177,54,　“じゃあ、グレープにする！”って」,"and she said, 'Then I'll have grape!'",,
ID00240,00008d2f,30,「かわいかったなぁ」,You were so cute.,,
ID00240,00008eb6,15,「へ～っ」,Wow...,,
ID00240,00009058,63,「私も思わず、グレープを頼んじゃったわよ」,I couldn't help but ask for grape too.,,
ID00240,00009237,18,「はははは」,Hahaha,,
ID00240,0000928a,60,「夏って、炭酸が飲みたくなりますよね～」,"You get thirsty for soda in the summer, don't you~",,
ID00240,00009459,54,「そうねぇ。けど、飲みきれなくて…」,"Yeah, but I couldn't finish it...",,
ID00240,00009a23,54,「ペットボトルとか、飲み終わるまでに,It takes days to finish a bottle of soda,,
ID00240,00009a68,30,　何日もかかるから、,"It takes days,",,
ID00240,00009a95,36,　炭酸が抜けちゃうのよ」,The fizz goes flat.,,
ID00240,00009f40,60,「男子はいいわね、ゴクゴク一気に飲めて」,"Boys are lucky, they can chug it all at once.",,
ID00240,0000a0f8,45,「ミルクティとレモンティなら、,"""Do you like milk tea or lemon tea more?""",,
ID00240,0000a134,33,　どっちが好きです？」,Which do you like better?,,
ID00240,0000a304,33,「断然、ミルクティよ。,Definitely milk tea.,,
ID00240,0000a334,42,　特にロイヤルミルクティね」,Especially royal milk tea.,,
ID00240,0000a79e,54,「香りがいいし、甘くておいしいのよ」,It smells good and it's sweet and delicious.,,
ID00240,0000a974,27,（砂糖は多め…と）,With extra sugar...,,
ID00240,0000a9d0,51,「ポテチの好きな味ってなんです？」,What's your favorite potato chip flavor?,,
ID00240,0000ab96,54,「ポテチはね、色んな味の小袋が入った,I like packs with different flavors,,
ID00240,0000abdb,27,　パックのが好き」,of chips.,,
ID00240,0000b052,30,「中でも好きなのは、,"Among them, my favorite is",,
ID00240,0000b07f,48,　サワークリームオニオンかなぁ」,maybe sour cream onion.,,
ID00240,0000b2a4,51,「コンビニのホットスナックって…」,Convenience store hot snacks...,,
ID00240,0000b46a,63,「フフッ、男子って、買い食いが好きよね～」,"Hee hee, guys really like to snack, don't they~",,
ID00240,0000b797,60,「心美先生、お酒はほどほどにしといた方が,"Teacher Shinomiya, don’t drink too much.",,
ID00240,0000b7e2,24,　いいんじゃ…」,It's better that way...,,
ID00240,0000b9ee,57,「あーっ、あの夜のこと？　ゴメンねぇ」,"Ah, are you talking about that night? Sorry~",,
ID00240,0000bf64,45,「その……どこまで覚えてる？」,Um... How much do you remember?,,
ID00240,0000c141,42,「いや…寝ぼけててなにも？」,Nah... I didn't remember anything.,,
ID00240,0000c335,15,「本当？」,Really?,,
ID00240,0000c372,24,「も、もちろん」,"Of, of course.",,
ID00240,0000c51d,36,「そっか、よかったぁ…」,"Oh, that's good...",,
ID00240,0000c71a,60,「心美先生って、牛乳が好きなんですね？」,"You like milk, Ms. Shinomi?",,
ID00240,0000c8e9,60,「そうよぉ、朝の起き抜けも、疲れた時も、,"Yeah, in the morning or when you're tired,",,
ID00240,0000c934,24,　牛乳１本よ！」,a glass of milk!,,
ID00240,0000cdec,63,「そんなに飲んでて、なんで大きくならず…」,Why don't you get big from drinking so much...,,
ID00240,0000cfbe,30,「なにか言ったぁ～」,What did you say?,,
ID00240,0000d00a,39,「な、なんでもないです！」,Nothing! Nothing at all!,,
ID00240,0000d072,60,「コーヒーの飲み過ぎは、体によくないって,"I mean, drinking too much coffee isn't good for you,",,
ID00240,0000d0bd,33,　言うし、気をつけて」,so I'm being careful.,,
ID00240,0000d2b4,39,「そうそう、そうなのよ～」,"Yeah, that's right.",,
ID00240,0000d5e0,60,「胃が痛くなって、ストレスかと思ったら、,"When my stomach hurts and think stress,",,
ID00240,0000d62b,57,　コーヒー控えたら治っちゃったりして」,cutting back on the coffee actually helps.,,
ID00240,0000db47,54,「いや、ストレスもあると思うから…」,"No, I do think there’s some stress involved...",,
ID00240,0000dcd9,60,「エヘヘ、大丈夫。ごめんね、心配かけて」,"Hehe, don’t worry. Sorry to make you anxious.",,
ID00240,0000e03a,42,「心美先生が好きなお酒って、,What's the liquor Sensei likes?,,
ID00240,0000e073,27,　日本酒ですか？」,Sake?,,
ID00240,0000e221,48,「そうよぉ、今時の日本酒が好き」,"Yeah, I like sake from these days.",,
ID00240,0000e3ba,15,「今時？」,Sake now?,,
ID00240,0000e55c,57,「香りが良くって、お米の甘味が豊かで、,"It has a nice aroma, rich sweetness.",,
ID00240,0000e5a4,42,　それでいてキレがいいお酒」,and it's got a great finish too.,,
ID00240,0000ea61,36,「古いタイプの日本酒は、,I hate old-style sake because,,
ID00240,0000ea94,42,　頭が痛くなるからキラ～イ」,it gives me a headache.,,
ID00240,0000eee7,54,「女性って、ワインが好きですよね？」,"Women like wine, right?",,
ID00240,0000f0b0,48,「私も飲むわよ。パンとチーズに、,"I'll have some too. With bread and cheese,",,
ID00240,0000f0ef,42,　ワインがあれば、それだけで,"with wine, that's enough",,
ID00240,0000f128,27,　幸せ～って感じ」,to feel happy~,,
ID00240,0000f819,63,「週に何回ぐらい、お酒を飲んでるんです？」,How often do you drink alcohol in a week?,,
ID00240,0000f9fd,45,「そ、そんなに飲んでないわよ。,I-I don't drink that much.,,
ID00240,0000fa39,36,　月に２、３回ってとこ」,Maybe two or three times a month.,,
ID00240,00010184,27,「毎日忙しいもん」,I'm busy every day.,,
ID00240,000101e0,30,「大学の飲み会って、,"University drinking parties,",,
ID00240,0001020d,42,　盛り上がるらしいですね？」,"are supposed to be fun, right?",,
ID00240,000103ca,39,「ああいうのキライだから、,"I hate stuff like that, so",,
ID00240,00010400,30,　行ったことな～い」,I've never gone.,,
ID00240,00010723,54,「お酒は、好みの合う女の子と一緒に、,"I like drinking with a girl I get along with,",,
ID00240,00010768,33,　静かに飲むのが好き」,as long as we don't overdo it.,,
ID00240,00010929,63,（飲み過ぎなければ静かなんだな、きっと…）,(They stay quiet if they don't drink too much...),,
ID00240,000109a9,45,「そろそろ、コンビニのおでんの,"Time for conv. store oden,",,
ID00240,000109e5,24,　季節ですね～」,It's that season~,,
ID00240,00010b90,51,「フフッ、そうね。もう秋だものね」,"Hehe, yeah. It's already autumn.",,
ID00240,00010eb7,36,「なんの具が好きです？」,What ingredients do you like?,,
ID00240,0001106e,21,「大根と玉子。,Daikon and eggs.,,
ID00240,00011092,48,　お出汁が染みておいしいのよ～」,The broth soaks in and makes them super tasty~,,
ID00240,000113b0,36,「小腹が空いた時って…」,When I'm a little hungry...,,
ID00240,00011567,48,「フフッ、食べ過ぎに注意してね」,"Hehe, be careful not to overeat.",,
ID00241,00002017,39,「駅前モールのパン屋さんの,The bakery's soft cream...,,
ID00241,0000204d,33,　ソフトクリームって、,"Is so tasty and big, isn't it?",,
ID00241,0000207d,57,　おいしくて、おっきくて、最高よね～」,It's the best~,,
ID00241,00002556,18,「ですね～」,indeed.,,
ID00241,00002596,51,（男にはそうでもないですけどね…）,(But that doesn't apply to guys...),,
ID00241,0000260a,54,「よく食べるスイーツってなんです？」,What's your favorite dessert to eat often?,,
ID00241,000027d3,48,「そうねぇ、シュークリームかな」,"Hmm, maybe cream puffs.",,
ID00241,00002c5f,48,「パリッとした皮より、柔らかくて,I like the soft ones more than the crispy skin,,
ID00241,00002c9e,39,　フワッとしたのが好み～」,They're just so fluffy~,,
ID00241,0000315c,39,「コンビニのスイーツって、,First line.,,
ID00241,00003192,42,　意外と種類が多いですよね」,There're many kinds.,,
ID00241,000033ae,54,「うんうん、お団子からエクレアまで、,"Yeah, from dango to eclairs,",,
ID00241,000033f3,51,　和洋問わず、なんでもあるわよね」,"Japanese and Western desserts, there's everything",,
ID00241,000039ea,54,「小ぶりでパクッと食べられちゃうし、,"They're small enough to eat in one bite,",,
ID00241,00003a2f,45,　ついでにもう１つ…な～んて、,And you might end up getting another...,,
ID00241,00003a6b,36,　誘惑が怖かったりして」,Sometimes they tempt me.,,
ID00241,0000452b,48,「甘いものって、たくさん食べると,Eating too much sweet stuff,,
ID00241,0000456a,33,　胸焼けしませんか？」,Don't you get heartburn?,,
ID00241,00004778,54,「ぜ～んぜん。いくら食べても平気よ」,Not at all. I can eat as much as I want.,,
ID00241,00004ab3,60,「先にお腹がいっぱいになっちゃうけどね」,I'll just end up getting full first though.,,
ID00241,00004c6b,45,「女の子って、みんな甘いものが,"Girls all love sweet things,",,
ID00241,00004ca7,24,　好きですよね」,"You like sweets, right?",,
ID00241,00004e52,24,「もちろんよぉ」,Of course I do.,,
ID00241,00004ffd,42,「おいしいスイーツがあれば、,"If there's delicious dessert,",,
ID00241,00005036,36,　それだけで幸せだもん」,it makes me happy.,,
ID00241,0000520d,42,「ドーナツで好きなのって？」,You like donuts?,,
ID00241,000053e6,51,「ストロベリーソースがかかったの」,The ones with strawberry sauce.,,
ID00241,000055ac,60,「おいしいし、ピンクでかわいいのよねぇ」,"They're yummy and cute, pink too.",,
ID00241,000058d6,27,「甘いものって…」,Sugar...,,
ID00241,00005a84,57,「あう～っ、食べたくなって来ちゃう～」,Aaah~ I'm getting hungry now~,,
ID00241,00005c70,54,「こう暑いと、アイスが食いたくて…」,"When it's this hot, you want ice cream...",,
ID00241,00005e7c,60,「わかるわかる。おっきなソフトクリームを,"I know, big soft serve.",,
ID00241,00005ec7,33,　頬張りたいわよね～」,Yeah~,,
ID00241,000060fb,54,「かき氷なら、どんなのが好きです？」,What kind of shaved ice do you like?,,
ID00241,000062e0,39,「イチゴシロップと練乳～。,Strawberry syrup and condensed milk~,,
ID00241,00006316,36,　最高の取り合わせよね」,"It's the best combination, isn't it?",,
ID00241,00006628,27,「あずきバーって、,"Azuki bar is,",,
ID00241,00006652,42,　メチャクチャ固いですよね」,"It's super duper hard, right?",,
ID00241,0000680f,45,「あ～、そうよね、固すぎよね」,"Ah yeah, it is way too hard",,
ID00241,00006cef,39,「かじりついても、歯形すら,Even biting leaves no mark.,,
ID00241,00006d25,39,　ろくにつかないんだもん」,even leave a mark,,
ID00241,00006eb5,57,「歯を折っちゃう人もいるらしいですよ」,Some break their teeth.,,
ID00241,0000709c,36,「ええぇ…気をつけよう。,Oh... I'll be careful.,,
ID00241,000070cf,60,　冷凍庫から出したら、しばらくお預けね」,Take it out and let it sit.,,
ID00241,00007601,48,「好きな果物って、なんですか？」,What's your favorite fruit?,,
ID00241,000077c4,24,「フフッ、桃よ」,"Hehe, peaches.",,
ID00241,00007b48,42,「柔らかくて、ジューシーで、,"So soft and juicy,",,
ID00241,00007b81,63,　この世のものとは思えないおいしさよねぇ」,It's so delicious it feels otherworldly.,,
ID00241,00007eff,48,「桃の缶詰って、うまいですよね」,Canned peaches are really good.,,
ID00241,00008105,45,「うんうん、おいしいわよね～」,"Yup, it's super tasty~",,
ID00241,0000844f,24,「熱を出しても、,"Even if I have a fever,",,
ID00241,00008476,45,　あれなら食べられるのよねぇ」,I can still eat that.,,
ID00241,00008666,45,「ショートケーキのいちごって、,First the strawberries? Or last?,,
ID00241,000086a2,54,　最初に食べます？　それとも最後？」,Should I have it first? Or last?,,
ID00241,0000889b,42,「はうぅ～、難しいとこを～」,"Aaaah~, this is tough~",,
ID00241,00008db3,54,「最後の１口の前にイチゴだけ食べて、,"Eat just strawberries before the last bite,",,
ID00241,00008df8,63,　最後は生クリームいっぱいのとこを食べる」,Finish with the creamy part.,,
ID00241,000095be,30,「やっぱりケーキは、,"After all, a cake should",,
ID00241,000095eb,54,　生クリームの余韻で終わりたいもの」,end with the lingering taste of whipped cream.,,
ID00241,0000979d,42,「冷たいスイーツといえば…」,When it comes to cold desserts...,,
ID00241,00009976,30,「ん～、いいわね～。,Mmm~ It's so nice~,,
ID00241,000099a3,39,　食べたくなってきちゃう」,I'm starting to crave it now~,,
ID00241,00009cb8,54,「好きなクレープのトッピングって？」,What's your favorite crepe topping?,,
ID00241,00009e81,36,「ピーチと生クリームね」,Peach and whipped cream!,,
ID00241,0000a038,63,「ただでさえおいしいピーチと生クリームを、,"Just thinking about sweet peaches and whipped cream,",,
ID00241,0000a086,48,　薄焼きのクレープで包むなんて、,"Wrapping them in thin crepes, too?",,
ID00241,0000a0c5,39,　テンション上がっちゃう」,I get so excited!,,
ID00241,0000a42d,30,「果物って高いから、,"Fruit's expensive, you know?",,
ID00241,0000a45a,51,　親があんまり買わないんですよね」,My parents don't buy it much.,,
ID00241,0000a663,48,「私もそう。なかなか買えな～い」,Same here. Hard to come by~,,
ID00241,0000a998,45,「フルーツケーキの方が安いし、,"A fruit cake would be cheaper though,",,
ID00241,0000a9d4,57,　生クリームたっぷりだから、お得かな」,"and with lots of whipped cream, maybe a good deal?",,
ID00241,0000acfb,42,「スイーツもお酒も好きって、,You like sweets and drinks too?,,
ID00241,0000ad34,42,　珍しいんじゃないですか？」,"That's pretty rare, isn't it?",,
ID00241,0000aef1,54,「あ、そうかもね。お酒を飲む人って、,"Oh yeah, maybe. People who drink alcohol tend to",,
ID00241,0000af36,57,　塩辛いものが好きって印象があるから」,have a taste for salty foods.,,
ID00241,0000b4ea,45,「私はね、お酒も、甘いものも、,"I like both drinks and sweets,",,
ID00241,0000b526,30,　塩辛いものも好き。,and salty things too.,,
ID00241,0000b553,51,　おいしいものはみ～んな好きなの」,Anything that tastes good is my favorite!,,
ID00241,0000bbb7,39,「秋のスイーツといえば？」,What's your favorite fall dessert?,,
ID00241,0000bdc0,63,「ん～、よく食べるのは、スイートポテトよ。,"Hmm, I really love sweet potatoes.",,
ID00241,0000be0e,54,　手軽に作れるし、おいしいんだから」,It's easy to make and super tasty.,,
ID00241,0000c4e4,27,「甘いものって…」,Sugar...,,
ID00241,0000c6d5,42,「そう、ホッとするのよねぇ」,"Yeah, it really hits the spot.",,
ID00242,00002f1e,63,「心美先生が授業を早めに切り上げたのって、,"Teacher Shinmi ended class early,",,
ID00242,00002f6c,45,　先生もスペシャルハンバーグが,I guess she's excited too.,,
ID00242,00002fa8,45,　食べたかったからですよね？」,"'That's why you wanted to eat it, right?'",,
ID00242,00003196,39,「そ、そんなことないわよ。,No way!,,
ID00242,000031cc,39,　授業の切りがよかったし、,"Class ended early, too.",,
ID00242,00003202,48,　私は、みんなのためを思って…」,Was thinking about everyone...,,
ID00242,000037b6,21,「本当かなぁ」,Is that true?,,
ID00242,00003a1b,24,「ホントなの！」,Really?,,
ID00242,00003a74,63,「食堂のメニューで好きなのってなんです？」,What do you like on the cafeteria menu?,,
ID00242,00003c46,51,「なんでも好きよ～、おいしいもん」,I like anything~ as long as it's tasty.,,
ID00242,00003f7e,54,「特に好きなのは、スパゲッティとか、,"Especially spaghetti and stuff,",,
ID00242,00003fc3,27,　ハンバーグかな」,like hamburger steak.,,
ID00242,00004358,39,「心美先生って、小さいし、,"Miss Shinomi's so small,",,
ID00242,0000438e,48,　あんまり食べなさそうですよね」,"she doesn't seem to eat much, huh?",,
ID00242,00004551,51,「そうね～。食堂でも、ご飯はいつも,"Yeah, always small portions.",,
ID00242,00004593,36,　小盛にしてもらってる」,She gets a small serving.,,
ID00242,000049f7,60,「食べ盛りのみんなに合わせて量が多いし、,Portions are big...,,
ID00242,00004a42,60,　おかずで十分、お腹いっぱいになるもん」,I get full with just side dishes.,,
ID00242,00004d6c,33,「食べ放題のお店とか、,Eat all you want places...,,
ID00242,00004d9c,45,　あんまり行かなそうですよね」,You don't seem to go there much.,,
ID00242,00004f5c,42,「そんなに食べないからねぇ」,I'm not that hungry anyway.,,
ID00242,000051bc,57,「スイーツ食べ放題なのはうれしいけど」,It's nice for dessert buffets though.,,
ID00242,000054d6,42,「ちゃんと朝ご飯食べてる？」,Are you eating breakfast properly?,,
ID00242,0000552e,45,「寝過ごすと食べないことも…」,"If you oversleep, you might skip it...",,
ID00242,000056ee,42,「ダメですよぉ、食べなきゃ。,"You shouldn't skip it, you know.",,
ID00242,00005727,36,　成長期なんですからね」,It's a growth spurt after all.,,
ID00242,00005907,48,「先生は成長期にあんまり食べ…」,Teacher didn't eat much...,,
ID00242,00005af8,54,「私のことはいいの！　私のことは！」,Forget about me! Forget about me!,,
ID00242,00005eb7,33,「宿舎の朝のパンって、,Morning bread at the dorm.,,
ID00242,00005ee7,42,　焼き立てでうまいですよね」,"freshly baked and so tasty, right?",,
ID00242,000060e7,45,「うんうん、おいしいわよね～」,"Yup, it's super tasty~",,
ID00242,00006419,51,「フカフカで、パクパク食べちゃう」,So soft that I just gobble it up.,,
ID00242,000065c8,45,「苦手な野菜とかないですか？」,You don't hate any veggies or anything?,,
ID00242,00006788,36,「あるわよ……ししとう」,I do... Shiitake peppers.,,
ID00242,00006ba9,54,「だって、ピーマンみたいな味の上に、,"Because they taste like bell peppers on top,",,
ID00242,00006bee,48,　辛いのよ。食べられないわよぉ」,They're spicy. I can't eat them.,,
ID00242,00007121,51,「ピーマンは食べられるんですか？」,You can eat bell peppers?,,
ID00242,0000732e,57,「…食べられるけど、あんまり食べない。,"...I can eat them, but I don't often do.",,
ID00242,00007376,30,　おいしくないもん」,They're not very tasty anyway.,,
ID00242,0000774f,42,「夏の料理で好きなのって？」,What's your favorite summer dish?,,
ID00242,0000790c,45,「夏といえば、冷たい麺類よね。,It's gotta be cold noodles.,,
ID00242,00007948,51,　おそうめんとか、冷やし中華とか」,Like somen or cold Chinese noodles.,,
ID00242,00007f65,36,「食堂の冷やし中華って、,The cafeteria's cold noodles.,,
ID00242,00007f98,42,　たれの甘酸っぱさが絶妙で、,the sweet and sour sauce is just perfect.,,
ID00242,00007fd1,30,　おいしいのよね～」,It's delicious~,,
ID00242,000082dd,45,「テレビでやってる大食いって、,Those TV eating contests?,,
ID00242,00008319,27,　すごいですよね」,They're awesome.,,
ID00242,00008526,36,「うん、圧倒されちゃう」,"Yeah, it's totally mind-blowing.",,
ID00242,00008867,54,「普段の食費ってどうしてるんだろう？,I wonder how you manage your food budget normally?,,
ID00242,000088ac,51,　教師の安月給じゃ、絶対破産よぉ」,Bankruptcy for sure.,,
ID00242,00008c67,57,「外食でよく行くのって、どんなとこ？」,What kind of places do you usually eat out at?,,
ID00242,00008e33,36,「カウンターキッチンの、,"At the counter kitchen,",,
ID00242,00008e66,51,　こぢんまりした洋食屋さんが好き」,I like cozy Western restaurants.,,
ID00242,000092f5,51,「シェフの手さばきで、魔法みたいに,The chef's moves are like magic,,
ID00242,00009337,63,　オムレツやスパゲティが出来ていくのよね」,and the omelets and spaghetti come together.,,
ID00242,000098f1,33,「見てるだけで楽しい」,It's fun just to watch.,,
ID00242,00009953,45,「この間、食べたんですけど…」,I ate some the other day...,,
ID00242,00009b13,48,「フフッ、いいわね。おいしそう」,"Hehe, that's nice. Looks yummy.",,
ID00242,00009e31,48,「心美先生が作ってくれたお弁当、,The lunchbox Ms. Shinomi made for me was,,
ID00242,00009e70,51,　うまかったなぁ。特に肉じゃがが」,really tasty. Especially the meat and potato stew.,,
ID00242,0000a036,60,「エヘッ、甘～い味付けには、自信ありよ」,"Eheh, I'm confident about my sweet seasoning.",,
ID00242,0000a47b,60,「また機会があったら、作ってあげるわね」,I'll make you another one if there’s a chance again.,,
ID00242,0000a66d,48,「カレーの辛さで好きなのって？」,You like your curry mild?,,
ID00242,0000a830,24,「甘口が好きよ」,I like it sweeter.,,
ID00242,0000a876,18,「甘口…か」,Mild... huh?,,
ID00242,0000aa37,60,「あ～っ、なによぉ。甘口って言ったって、,"Aah, what's with you? I said mild.",,
ID00242,0000aa82,57,　ホントに甘いわけじゃないんだからね。,"I didn't mean it was actually sweet, y'know.",,
ID00242,0000aaca,63,　辛さを控えたカレーってことなんだからぁ」,"It means the curry isn't too spicy, okay?",,
ID00242,0000b216,42,「インスタントラーメンって、,"Instant ramen,",,
ID00242,0000b24f,30,　よく食べますか？」,You eat it often?,,
ID00242,0000b400,60,「あれは…ダメ…。魔性の食べものだもん」,That's... bad... It's a devilish food.,,
ID00242,0000b756,12,「え？」,What?,,
ID00242,0000b8f5,54,「買っておくと…つい、食べたくなる。,If I buy some... I end up wanting to eat them.,,
ID00242,0000b93a,63,　買い置きのつもりでいくつか買っておいても,If I buy extras to keep around,,
ID00242,0000b988,30,　数日で食べちゃう」,I eat them in days.,,
ID00242,0000c1d7,63,「手軽すぎて、おいしいのがイケナイのよぉ」,Too easy to overeat!,,
ID00242,0000c3e6,36,「ヤベェ、スゲェわかる」,"Damn, I totally get it",,
ID00242,0000c44b,51,「好きなインスタントラーメンって、,When it comes to my favorite instant ramen...,,
ID00242,0000c48d,21,　なんです？」,What's that?,,
ID00242,0000c635,63,「なるべくノンフライ麺を選ぶようにしてる」,Choose non-fried noodles.,,
ID00242,0000c7d0,54,「ちょっとでも体によさそうなものを…,...even if they might be a little healthier.,,
ID00242,0000c815,39,　って思っちゃうのよねぇ」,That's what I end up thinking...,,
ID00242,0000cb4e,60,（いや、インスタントラーメンの時点で…）,"(Actually, just by eating instant ramen...)",,
ID00242,0000cbcb,51,「好きな中華料理って、なんです？」,What's your favorite Chinese food?,,
ID00242,0000cdad,60,「あんまんが好き～。ホカホカのごま風味の,I love steamed buns. The warm sesame flavor,,
ID00242,0000cdf8,39,　あんこがおいしいのよ～」,is so yummy~,,
ID00242,0000d27f,54,「パスタ料理なら、なにが好きです？」,"If it comes to pasta, what do you like?",,
ID00242,0000d448,42,「クリームソースのパスタね。,Creamy sauce pasta.,,
ID00242,0000d481,45,　シーフードなんかいいかなぁ」,Maybe seafood ones are good~,,
ID00242,0000d79c,42,「納豆って食べられますか？」,Can you eat natto?,,
ID00242,0000d959,60,「そのままならね。料理に使われると苦手」,As long as they're not used in cooking,,
ID00242,0000de1a,60,「納豆オムレツとか、納豆抜きでいいのに～,Natto omelets without natto~,,
ID00242,0000de65,27,　って思っちゃう」,It's hard to believe.,,
ID00242,0000e1d1,36,「デリバリーのピザって、,"Delivery pizza,",,
ID00242,0000e204,33,　よく頼む方ですか？」,do you order it often?,,
ID00242,0000e407,33,「ん～、そうでもない。,"Hmm~, not really.",,
ID00242,0000e437,60,　１人だと、Ｓサイズでも大きいのよねぇ」,"When eating alone, even S size is too big...",,
ID00242,0000ec60,36,「好きなトッピングは？」,What toppings do you like?,,
ID00242,0000ee17,51,「色んなチーズが乗ってるのが好き。,I like ones with lots of different cheeses.,,
ID00242,0000ee59,39,　味わいが複雑になるのよ」,That makes the flavor complex.,,
ID00242,0000f033,45,「和風パスタで好きなのって？」,What kind of Japanese pasta do you like?,,
ID00242,0000f1f3,42,「梅としそのパスタが好きよ」,I love plum and shiso pasta.,,
ID00242,0000f379,51,「香りと、酸っぱさがいいのよね～」,The aroma and sourness are great~,,
ID00242,0000f55f,48,「寿司で好きなネタって何です？」,What's your favorite sushi topping?,,
ID00242,0000f722,45,「玉子が好きよ。回転寿司でも、,"I like eggs. Even at conveyor belt sushi,",,
ID00242,0000f75e,51,　最初の１皿は、玉子って決めてる」,the first plate is always egg.,,
ID00242,0000fbf1,39,「夏の食べものといえば…」,When it comes to summer foods...,,
ID00242,0000fdab,48,「はうぅ…食欲そそられちゃうぅ」,Yum... I'm getting hungry already~,,
ID00242,00010092,60,「心美先生の白いカレー、うまかったなぁ」,Sensei's white curry was so good~,,
ID00242,00010261,54,「でしょぉ～っ、自信作なんだからぁ」,See? It's my signature dish~,,
ID00242,00010565,48,「まだまだ、ミルクを使った料理の,I still have more milk-based dishes to show you~,,
ID00242,000105a4,39,　レパートリーがあるから、,There are recipes.,,
ID00242,000105da,42,　今度ごちそうしてあげるね」,I'll treat you next time~,,
ID00242,000107b7,45,「すき焼きとしゃぶしゃぶなら、,"If it's sukiyaki or shabu-shabu,",,
ID00242,000107f3,33,　どっちが好きです？」,Which do you like better?,,
ID00242,000109a7,48,「そんなの、もちろんすき焼きよ。,Of course it's sukiyaki.,,
ID00242,000109e6,45,　甘～い味付けが大好きだもん」,I love sweet flavors.,,
ID00242,00010e80,57,「お酒と合う料理って、どんなのです？」,What kind of dishes go well with alcohol?,,
ID00242,0001104c,48,「日本酒に合うのって…地味よ…」,Dishes with sake...,,
ID00242,000115a1,60,「冷や奴とか、ちくわのキュウリ詰めとか、,Like chilled tofu...,,
ID00242,000115ec,30,　アジの干物とか…」,Or dried mackerel...,,
ID00242,00011944,48,「居酒屋のおっさんみたいだなぁ」,You sound like an old man from a izakaya...,,
ID00242,00011b4e,24,「そうなのぉ…。,Oh really...,,
ID00242,00011b75,42,　日本酒、最大の弱点かも…」,Maybe sake's biggest weakness...,,
ID00242,00011edc,57,「Ｂ級グルメで好きなのってなんです？」,What kind of B-class gourmet foods do you like?,,
ID00242,000120a8,45,「ん～、やっぱり焼きそばよね」,"Hmm, it's still fried noodles.",,
ID00242,00012403,51,「お祭りへ行くと、香りに誘われて、,The smell lures me in.,,
ID00242,00012445,27,　つい食べちゃう」,end up eating it.,,
ID00242,00012772,57,「あ、来年は一緒に、お祭りへ行こうね」,"Hey, let's go to the festival together next year!",,
ID00242,00012ab3,24,「いいですね！」,Sounds great!,,
ID00242,00012b0c,54,「結構、宿舎で料理してるんですか？」,You cook a lot at the dorms?,,
ID00242,00012cd5,45,「ん～、そうでもない、時々よ」,"Hmm, not really, just sometimes.",,
ID00242,0001318b,51,「今夜はカレーが食べたい！　とか、,I feel like having curry tonight! Or,,
ID00242,000131cd,57,　ちょっとお酒飲んじゃおっかなって時に,"when I think maybe I'll have a little drink,",,
ID00242,00013215,18,　作ってる」,I make it.,,
ID00242,00013986,54,「だから、簡単な料理がほとんどなの」,So most of the time it's just simple stuff.,,
ID00242,00013bb6,57,「心美先生は大人だから、世界３大珍味を,Sensei can eat them.,,
ID00242,00013bfe,51,　食べたことあるんでしょうね…？」,"She must've tried them, right...?",,
ID00242,00013e13,42,「あるけど、ほんの何回かよ。,But only a few times.,,
ID00242,00013e4c,24,　量も少ないし」,And not much of it.,,
ID00242,00014371,57,「特にキャビアは高いから、どの料理にも,Especially pricey caviar.,,
ID00242,000143b9,63,　スプーンの先っぽぐらいしか乗ってなくて」,Only a tiny bit on the tip of the spoon.,,
ID00242,000149f1,63,「一度でいいから、カナッペに山盛りになった,"Just once, I wanna pile up the caviar on a canapé",,
ID00242,00014a3f,57,　キャビアを、一気に頬張ってみた～い」,and cram it all in at once~,,
ID00242,00014d66,39,「女子って、なんでパスタが,Why do girls love pasta so much~?,,
ID00242,00014d9c,33,　好きなんですかね？」,So much~?,,
ID00242,00014f50,57,「そりゃあ、オシャレでかわいいからよ」,That's because it's stylish and cute.,,
ID00242,0001528e,33,「見た目が華やかだと、,"It looks fancy, so",,
ID00242,000152be,36,　おしゃべりが弾むもん」,"Small talk flies, you know.",,
ID00242,000155d0,51,「丼もので好きなのってなんです？」,What's your favorite bowl dish?,,
ID00242,00015796,51,「玉子ど～ん。半熟だとうれしい～」,Rice balls~. I'm happy when they're half-cooked~,,
ID00242,00015ad3,30,「今まで食べた中で、,"Among the dishes I've eaten,",,
ID00242,00015b00,45,　一番高い料理ってなんです？」,what was the most expensive one?,,
ID00242,00015d0f,60,「ん～、両親と食べた高級フレンチかな？」,"Hmm, maybe fancy French with my parents?",,
ID00242,0001619b,39,「すっごく高そうな食器で、,It was on fancy plates.,,
ID00242,000161d1,48,　絵画みたいな料理が出てくるの」,and the food looked like paintings.,,
ID00242,000164dc,48,「高そ～っ。うまかったですか？」,That's expensive~ Did it taste good?,,
ID00242,0001669f,57,「すっごくね。ソースの味が絶妙なのよ」,"Yeah, the sauce was just perfect.",,
ID00242,000169c6,33,「秋の味覚といえば？」,Autumn flavors?,,
ID00242,00016b96,21,「きのこね～」,Mushrooms~,,
ID00242,00016e95,60,「ただし、高くて買えないマツタケは除く」,No pricey matsutake.,,
ID00242,00017071,18,「はははは」,Hahaha,,
ID00242,000170c4,21,「料理って…」,Cooking...,,
ID00242,0001726c,57,「フフッ、おいしいものを食べるだけで、,"Hehe, eating delicious food alone makes you happy,",,
ID00242,000172b4,21,　幸せよね～」,doesn't it?,,
ID00243,00001998,48,「心美先生って、いつも明るくて、,"Sensei's always so cheerful,",,
ID00243,000019d7,24,　元気ですよね」,"energetic, aren't you?",,
ID00243,00001bc5,27,「うん、もちろん。,"Yeah, of course.",,
ID00243,00001bef,39,　だって、毎日楽しいもん」,"I mean, every day is fun with her.",,
ID00243,00001f04,42,「心美先生の英語の発音って、,Sensei's English pronunciation is...,,
ID00243,00001f3d,36,　独特で面白いですよね」,"So unique and interesting, right?",,
ID00243,000020f4,33,「それ、ほめてるぅ？」,You're complimenting me~?,,
ID00243,00002143,45,「も、もちろん、いいなぁって」,"O-of course, I think it's great.",,
ID00243,00002346,36,「そっか、ならうれしい。,"Oh, I'm glad to hear that.",,
ID00243,00002379,54,　英語は楽しく話すことが一番だから」,Talking in English should be fun too!,,
ID00243,0000256f,57,「心美先生って、生徒から人気ですよね」,"Sensei is popular with the students, right?",,
ID00243,0000273b,15,「そう？」,Really?,,
ID00243,000028a6,63,「休み時間とか、いつも生徒に囲まれてるし」,She's always surrounded by them during breaks.,,
ID00243,00002a78,60,「それはね、あんまり歳が離れてないから、,That's probably 'cause she ain't much older.,,
ID00243,00002ac3,42,　聞きやすいんじゃないかな」,so it feels easier to talk to her.,,
ID00243,00002f2d,42,「そのうち、威厳いっぱいの、,"One day, she'll have a lot more authority,",,
ID00243,00002f66,48,　怖～い先生になっちゃうわよぉ」,You'll end up being a scary teacher!,,
ID00243,0000328d,18,「はははは」,Hahaha,,
ID00243,000032e0,33,「心美先生って、若くて,Hime-nee is young and,,
ID00243,00003310,60,　うらやましがられるんじゃないですか？」,Don't you think people will envy her?,,
ID00243,0000350f,60,「そんなことないわよぉ。子供っぽいって、,"No way! People tease me for being childish,",,
ID00243,0000355a,60,　からかわれることの方が多いんだからぁ」,I get made fun of more often than not.,,
ID00243,00003a36,45,「大人っぽい人がうらやましい」,I envy the mature ones.,,
ID00243,00003c80,27,「心美先生って…」,Sensei... Heartmi...,,
ID00243,00003e40,39,「そ、そう？　ありがと…」,Y-Yeah? Thanks...,,
ID00243,000041eb,42,「うちのクラスが明るいのは、,Our class is so lively because,,
ID00243,00004224,51,　心美先生のおかげな気がしますよ」,It feels like it's thanks to Miss Shinmi.,,
ID00243,000043ea,30,「本当？　うれしい」,Really? That makes me happy.,,
ID00243,0000470d,57,「もっともっと、盛り上げちゃうわよぉ」,I'll make things even more lively!,,
ID00243,000048c2,57,「心美先生って、無邪気でいいですよね」,"Miss Shinmi is so innocent and cute, isn't she?",,
ID00243,00004a8e,45,「む～っ、それってほめてる？」,Mmm... Is that a compliment?,,
ID00243,00004c51,27,「も、もちろん！」,O-of course not!,,
ID00243,00004e59,21,「そぅお…？」,...You think so?,,
ID00243,0000507d,54,「はぁ…生徒に無邪気って言われるのも,Haa... It's weird for students to call me innocent.,,
ID00243,000050c2,51,　どうかと思うけど、小さいころから,"but I've been like this since I was little,",,
ID00243,00005104,48,　そう言われてるし、仕方ないか」,"That's what they say, nothin' I can do 'bout it.",,
ID00243,000055dc,57,「心美先生って、友達多そうですよね？」,Isn't Ms. Shinomiya popular with friends?,,
ID00243,000057f7,51,「そうね～、光海学園、光海大学と、,"Yeah~ at Mitsumi Academy and Mitsumi University,",,
ID00243,00005839,48,　仲のいい子がたくさんいるわよ」,I have a lot of close friends.,,
ID00243,00005c12,48,「けど、社会人になると、忙しくて,"But once you're an adult, you get busy",,
ID00243,00005c51,42,　なかなか会えないのよねぇ」,and can't meet up as much.,,
ID00243,000060d4,60,「その分、生徒のみんなに囲まれてるから、,"That's why I'm surrounded by students instead,",,
ID00243,0000611f,24,　幸せだけどね」,which is nice.,,
ID00243,0000641b,54,「心美先生の髪型、似合ってますよね」,"Ms. Shinmi's hairstyle suits her, doesn't it?",,
ID00243,000065e4,54,「そう？　ありがと。お気に入りなの」,Really? Thanks! I love it.,,
ID00243,00006a7a,36,「心美先生の魅力って…」,What is it about Ms. Shinmi that...,,
ID00243,00006c31,54,「フフッ、やだぁもう。ほめすぎよぉ」,"Hehe, stop it, you're flattering me too much.",,
ID00243,00006f55,63,「心美先生って、いつも一生懸命だなぁって」,"Ms. Shinmi's always so dedicated, isn't she?",,
ID00243,00007127,33,「エヘヘ、いつだって、,"Hehe, I always do",,
ID00243,00007157,36,　ドゥ　マイ　ベストよ」,my best.,,
ID00243,0000764f,32,「エヘヘ～、@str_000君」,Hehe~ @str_000-kun,,
ID00243,0000769d,21,「なんです？」,What is it?,,
ID00243,0000787a,36,「ううん、なんでもない。,"No, nothing.",,
ID00243,000078ad,42,　ちょっと呼んでみただけ～」,Just wanted to call out.,,
ID00243,00007eb0,51,「心美先生って、俺たち生徒のために,"Sensei, she's always so considerate",,
ID00243,00007ef2,36,　親身になってくれるし、,"for us students,",,
ID00243,00007f25,33,　ありがたいなぁって」,it's really nice.,,
ID00243,000080d9,51,「そんなの、先生なんだから当然よ」,That's just what a teacher does.,,
ID00243,0000841e,45,「みんなのためになることなら、,"If it's for everyone's sake,",,
ID00243,0000845a,33,　なんだってしたい…」,I'll do anything...,,
ID00243,0000864a,51,「一生懸命な心美先生を見てると…」,"Seeing you work so hard like that, Sensei...",,
ID00243,00008822,45,「え……ありがと。うれしい…」,Ah... Thanks. I'm happy...,,
ID00244,00001e7e,63,「心美先生の服って、スカート短めですよね」,"Teacher Shinomi's skirt is kinda short, right?",,
ID00244,00002050,21,「そ、そう？」,R-Really?,,
ID00244,000023c9,60,「む～、青少年に刺激を与えないためにも、,"Muu~, for the sake of not stimulating young minds,",,
ID00244,00002414,63,　もっと長いスカートにしなきゃダメかなぁ」,maybe I should wear a longer one...,,
ID00244,00002bdc,48,「い、いや、そのままでいいです、,"N-no, it's fine as-is,",,
ID00244,00002c1b,24,　そのままで！」,leave it like that!,,
ID00244,00002e0e,15,「そう？」,Really?,,
ID00244,00002e5e,51,「自分の体で気に入ってるとこって、,"I mean, you like how it looks on me...",,
ID00244,00002ea0,21,　どこです？」,Where's that?,,
ID00244,0000305a,33,「か、体で？　む～…」,"Huh, on my body? Mmm...",,
ID00244,0000357b,39,「目、かなぁ。小さいころ、,"Maybe it's my eyes. When I was little,",,
ID00244,000035b1,54,　おっきいねぇって、ほめられたのよ」,I got praised for having big ones.,,
ID00244,00003c18,63,「仕事してると、セクハラとかパワハラとか、,You hear about sexual harassment and stuff,,
ID00244,00003c66,39,　あるって言いますよね？」,"at work, right?",,
ID00244,00003e63,39,「うんうん、怖いわよねぇ」,"Yeah yeah, it's scary.",,
ID00244,000041bf,60,「うちの学校は、全然そんなのないけどね。,But we don't have anything like that at our school.,,
ID00244,0000420a,33,　いい先生ばっかりよ」,We only have great teachers.,,
ID00244,00004519,27,「うちの女子って、,"Our girls here,",,
ID00244,00004543,45,　みんなスカート短いですよね」,"don't wear long skirts, right?",,
ID00244,00004733,30,「気になっちゃう？」,Does it bother you?,,
ID00244,0000477f,39,「ま、まぁ、目に入るし…」,Well... they kinda stick out.,,
ID00244,00004970,48,「ダメですよぉ、エッチな動画は。,"Nope, no porn videos.",,
ID00244,000049af,48,　きれいでかわいい動画にしてね」,Make it pretty and cute instead.,,
ID00244,00004f23,18,「は、はい」,Y-Yes.,,
ID00244,00004f76,54,「ちょっと恥ずかしいことがあって…」,I have something a bit embarrassing...,,
ID00244,0000513f,54,「ふうん…若いころは色々あるからね。,Hmm... there's always stuff when you're young.,,
ID00244,00005184,39,　気にしない、気にしない」,"I don't care, I don't care.",,
ID00244,0000565a,33,「先生って大人だから、,"Because you're an adult teacher,",,
ID00244,0000568a,48,　エッチな本も読めるんですよね」,"You can read perverted books too, right?",,
ID00244,0000585f,60,「よ、読めるけど読まないわよ、そんなの！,Y-You can read them but I don't!,,
ID00244,000058aa,36,　読むわけないでしょ！」,I wouldn't read that kind of thing!,,
ID00244,000061a0,45,「女性誌も結構、エッチな特集が,Women's mags have a lot of perverted stuff.,,
ID00244,000061dc,36,　あるみたいですけど？」,But I don't read them!,,
ID00244,00006408,45,「だから読まないの！　もう！」,I just don't! Stop it already!,,
ID00244,00006694,42,「ネットを見てると、意図せず,"When I'm on the internet, unintentionally",,
ID00244,000066cd,54,　エッチなサイトへ行っちゃうことって,"I end up going to porn sites, you know?",,
ID00244,00006712,27,　ありますよね？」,right?,,
ID00244,0000691a,36,「ないわよ、そんなこと。,"No way, I don't.",,
ID00244,0000694d,48,　怪しいのはクリックしないもん」,I never click on suspicious stuff.,,
ID00244,00006ec1,42,「ダメですよぉ、１８歳未満が,"You can't do that, you're under 18.",,
ID00244,00006efa,42,　エッチなサイトを覗いちゃ」,Looking at porn sites is a no-no.,,
ID00244,000073ba,36,「わ、わかってますって」,"You have to keep your cool, ya know.",,
ID00244,0000741f,42,「合法って、わかりますか？」,"Legal, do you understand that?",,
ID00244,000075dc,63,「わかるわよ。違法じゃないってことでしょ」,"I get it. It's not illegal, right?",,
ID00244,000077bb,63,「そう！　まさに心美先生って合法ですよね」,That's right! Ms. Shinomi is totally legal.,,
ID00244,000079a9,63,「もちろんよ。いつだって健全、潔白だもん」,Of course she is. She's always clean and innocent.,,
ID00244,00007cd6,57,「学校にエッチな本を持ってくるヤツって,You know how some kids bring porn to school,,
ID00244,00007d1e,30,　たまにいますよね」,every once in a while?,,
ID00244,00007ecf,51,「あ～、いるいる。生徒指導の先生に,"Oh yeah, they do. They get caught by the teachers",,
ID00244,00007f11,45,　見つかって、没収されたりね」,and have their stuff confiscated.,,
ID00244,00008397,54,「没収した本って、どうなるんです？」,What happens to the confiscated books?,,
ID00244,00008529,60,「ちゃんと返すわよ。ただし、保護者の方に,"I'll return them properly, but you need to",,
ID00244,00008574,27,　来てもらってね」,have your parents come in.,,
ID00244,00008a4e,42,「大体、お母さんが来るかな」,Probably your mom will come.,,
ID00244,00008aa6,27,「それは…怖ぇ…」,That's... scary...,,
ID00244,00008c64,30,「フフッ、もう絶対に,"Hehe, no more.",,
ID00244,00008c91,48,　持って来なくなるんじゃない？」,Will you?,,
ID00244,00008e74,24,「男って実は…」,Men are actually...,,
ID00244,00009031,48,「も、もう！　先生をからかっちゃ,Geez! Don't tease the teacher!,,
ID00244,00009070,21,　ダメなの！」,Don't do that!,,
ID00244,000093c6,63,「心美先生って、その……胸がないですよね」,Suzuhi-sensei doesn't have any boobs.,,
ID00244,000095aa,33,「うぐっ、ま、まぁね」,"Ugh, w-well yeah",,
ID00244,00009922,51,「もうその歳だと、育つ可能性は…」,At your age now... they won’t grow.,,
ID00244,00009b9b,60,「見た目が若いから、まだ可能性があるの！,"Because you look young, there's still a chance!",,
ID00244,00009be6,39,　バイ～ンと大きくなるかも,They might grow big and bouncy,,
ID00244,00009c1c,33,　しれないんだからぁ」,You never know!,,
ID00244,0000a2f3,42,「心美先生は大人だし、きっと,"Ms. Shinomi is an adult, so she's probably",,
ID00244,0000a32c,45,　大人っぽい、セクシーな格好で,"dressed in sexy, grown-up clothes...",,
ID00244,0000a368,36,　寝てるんでしょうね…」,sleeping... yeah.,,
ID00244,0000a531,54,「え？　も、もちろんよ。ピンクの…」,Huh? O-Of course! Pink ones...,,
ID00244,0000aa48,21,「ピンクの？」,Pink ones?,,
ID00244,0000ac5a,30,「普通の…パジャマ」,Normal... pajamas,,
ID00244,0000ae5d,27,「あれ？　普通？」,Huh? Normal?,,
ID00244,0000b0c8,45,「セクシーなのは似合わないの！,Sexy ones don't suit you!,,
ID00244,0000b104,39,　言わせないでってばぁ！」,Don't make me say it!,,
ID00244,0000b482,18,「はははは」,Hahaha,,
ID00244,0000b4d5,54,「学校に、スク水や体操服を盗みに入る,Someone steals swimsuits and gym clothes.,,
ID00244,0000b51a,39,　変質者って…いますよね」,"There are perverts like that, right?",,
ID00244,0000b717,33,「うん…怖いわよねぇ」,Yeah... It's scary.,,
ID00244,0000ba06,60,「うちはセキュリティがしっかりしてるから,Our place has good security so,,
ID00244,0000ba51,63,　大丈夫よ。見回りの警備員さんもいるしね」,It'll be fine. There are patrol guards too.,,
ID00244,0000bd47,48,「女子スポーツのユニフォームって,Girls' sports uniforms,,
ID00244,0000bd86,54,　結構、セクシーなのがありますよね」,are pretty sexy sometimes.,,
ID00244,0000bf61,45,「あれは、セクシーじゃなくて、,"That's not sexy, it's",,
ID00244,0000bf9d,30,　機能美っていうの」,functional beauty.,,
ID00244,0000c417,51,「スポーツを恥ずかしい目で見ちゃ、,"If you look at sports with embarrassment,",,
ID00244,0000c459,24,　ダメですよぉ」,or else I'm screwed~,,
ID00244,0000c61a,63,「その…好きな人なら、どこまで許せます？」,Well... how far would you go for someone you like?,,
ID00244,0000c7fe,42,「えっ、ど、どこまでって…」,"Uh, wh-what do you mean...?",,
ID00244,0000cba1,42,「心美先生は大人だからなぁ。,Sensei is an adult after all.,,
ID00244,0000cbda,42,　きっと大胆なんだろうなぁ」,She must be pretty bold...,,
ID00244,0000cdde,42,「あうぅ…そ、そんなこと…。,Aaah... s-something like that...,,
ID00244,0000ce17,36,　けど、彼が望むなら…」,But if that's what he wants...,,
ID00244,0000d456,21,「望むなら？」,If I want it?,,
ID00244,0000d5fe,36,「なでなでさせてあげる」,I'll let you pet me,,
ID00244,0000d663,60,「俺…初等部の時に見た、性教育のＤＶＤが,The sex ed DVD from elementary school...,,
ID00244,0000d6ae,21,　衝撃的で…」,Was shocking...,,
ID00244,0000d868,30,「そ、そうなんだ…」,So that's how it is...,,
ID00244,0000da6b,51,「心美先生が教えることになったら、,"If Ms. Shinbi has to teach it,",,
ID00244,0000daad,24,　どうします？」,Then what would you do?,,
ID00244,0000dcf9,30,「わ、私は無理よ！」,I-I can't do it!,,
ID00244,0000dd45,21,「どうして？」,Why?,,
ID00244,0000df6c,36,「だって…よくわから…」,B-Because... I dunno...,,
ID00244,0000e3e9,33,「な、なんでもない！」,N-Nothings!,,
ID00244,0000e5d9,54,「ちょっとエッチな話なんですけど…」,"It's a kind of naughty talk, you see...",,
ID00244,0000e7b4,60,「も、もう！　職員室へ連れて行くわよ！」,Fine! I'm taking you to the staff room!,,
ID00245,00002d48,48,「先生って…恋人いるんですか？」,Do you have a boyfriend... teacher?,,
ID00245,00002f0b,30,「フフッ、男子って、,"Hehe, boys always ask that,",,
ID00245,00002f38,45,　すぐそう言うこと聞くわよね」,don't they?,,
ID00245,000033a5,54,「担任になった時も、いきなり聞かれて,"When I became your teacher,",,
ID00245,000033ea,42,　答えたけど、覚えてない？」,but do you remember?,,
ID00245,000036ef,15,「むむ…」,Hmmph...,,
ID00245,000038b4,57,「いないわよ。浮いた話がないのよねぇ、,"I don't. There's nothing to gossip about,",,
ID00245,000038fc,15,　私って」,It's like me.,,
ID00245,00003d4d,39,「初恋って、いつですか？」,when was your first love?,,
ID00245,00003f07,21,「中等部の時」,in middle school,,
ID00245,000040af,54,「憧れた人がいたんだけど、ぜ～んぜん,"there was someone I admired, but they never",,
ID00245,000040f4,57,　相手にされなかったのよねぇ。はぁ…」,gave me the time of day... *sigh*.,,
ID00245,000047bf,57,「すぐ子供扱いされちゃうから。フフッ」,They just treat you like a kid right away. Heheh.,,
ID00245,000049ab,48,「恋占いって、信じる方ですか？」,Do you believe in love fortune-telling?,,
ID00245,00004bb1,27,「信じる、信じる」,"I do, I do.",,
ID00245,00004d5f,57,「恋に限らず、今日はいいことがあるって,"Something good on TV today,",,
ID00245,00004da7,63,　テレビで言われたりすると、うれしいもん」,It makes you happy.,,
ID00245,000050d4,51,「大学卒業して、すぐ結婚する人って,People who marry right after college.,,
ID00245,00005116,21,　いますよね」,aren't there?,,
ID00245,000052be,51,「あ～、いるいる。私の友達も１人、,"Oh yeah, one did.",,
ID00245,00005300,27,　式を挙げたなぁ」,She had a wedding.,,
ID00245,000058d9,42,「いいわよね～、結婚式って。,"Weddings are nice, aren't they~?",,
ID00245,00005912,33,　きれいで、華やかで」,They're so pretty and fancy.,,
ID00245,00005d73,33,「数年したら、みんな、,In a few years...,,
ID00245,00005da3,54,　どんどん結婚しちゃうんだろうなぁ」,right?,,
ID00245,00006246,33,「想像したら、焦るぅ」,Thinking about it...,,
ID00245,00006548,47,「@str_000君って、彼女いないの？」,"Hey, @str_000, don't you have a girlfriend?",,
ID00245,0000670d,45,「…いないですよ…残念ながら」,I...don't have one...Unfortunately.,,
ID00245,00006927,18,「そっかぁ」,"Oh, really?",,
ID00245,00006acc,36,「お姉さんはきれいだし、,"You're so pretty,",,
ID00245,00006aff,33,　妹さんはかわいいし、,"and your sister is cute too,",,
ID00245,00006b2f,45,　ハードル上がっちゃうかもね」,it might raise the bar for me.,,
ID00245,00006f3b,54,「はは…それは関係ないですけどね…」,Haha...That's not really relevant though.,,
ID00245,00006fb2,39,「女の子って、どんなものを,What kind of thing would a girl,,
ID00245,00006fe8,42,　贈られたら喜ぶんだろう…」,be happy to receive...,,
ID00245,000071a5,27,「誰にあげるの？」,Who are you giving it to?,,
ID00245,000071ee,54,「いや、一般的にどうなんだろうと…」,"I mean, what's generally popular...",,
ID00245,00007406,21,「そうねぇ…」,Hmm...,,
ID00245,000075f5,48,「かわいいものがいいんじゃない？,Maybe something cute would be good?,,
ID00245,00007634,27,　ぬいぐるみとか、,"Like stuffed animals,",,
ID00245,0000765e,51,　キャラクターのアクセサリーとか」,or character accessories.,,
ID00245,00007ad1,48,「先生はそういうの大好きだなぁ」,You really like that kind of stuff.,,
ID00245,00007cb4,54,「恋の季節って…いつだと思います？」,When do you think the season of love is...?,,
ID00245,00007e7d,27,「恋の季節…かぁ」,"The season of love, huh...",,
ID00245,0000812f,39,「やっぱり夏なんじゃない？,"It's definitely summer, right?",,
ID00245,00008165,63,　夏休みに彼氏が出来る子って、結構いたし」,A lot of girls get boyfriends during summer break.,,
ID00245,000087dc,45,「私は…縁がなかったけどね…」,I didn't have any such luck...,,
ID00245,00008b66,57,「結菜さんに彼氏が出来たらどうする？」,What would you do if Kurenai got a boyfriend?,,
ID00245,00008bcd,63,「大歓迎ですよ。わがままな姉から解放されて,Love to have her over.,,
ID00245,00008c1b,24,　ほっとします」,I can breathe easy.,,
ID00245,00008de2,57,「またまたぁ、ホントは寂しいくせに～。,"Again, you're just saying that 'cause you miss me~.",,
ID00245,00008e2a,54,　あんなにきれいなお姉さんなのよ？」,She's such a pretty big sister.,,
ID00245,0000918e,54,「はは…マジで気が楽になりますって」,Haha... I really do feel a lot better.,,
ID00245,0000936a,30,「妹の真奈ちゃんに、,"To my Mana-chan,",,
ID00245,00009397,42,　彼氏が出来たらどうする？」,What'll you do if you get a boyfriend?,,
ID00245,0000957d,54,「あいつの妄想に付き合える男なんて、,No guy'd deal with that.,,
ID00245,000095c2,36,　そうそう現れませんよ」,It won't happen anytime soon.,,
ID00245,00009795,54,「またまたぁ、そんなこと言ってると、,"Again, saying stuff like that~",,
ID00245,000097da,45,　趣味の合う男の子が現れて…」,A boy who shares my interests showing up...,,
ID00245,00009b19,45,「あいつにはまだ早いですって。,It's too early for him to show up yet.,,
ID00245,00009b55,24,　中２ですよ？」,I'm only in middle two.,,
ID00245,00009cc9,63,「フフッ、それもそうね。恋するには早いか」,"Hehe, that's true. It's too early for love.",,
ID00245,0000a1b7,48,「恋って、よくわからないけど…」,Love is something I don't really get...,,
ID00245,0000a37a,24,「困ったことに、,"The problem is that,",,
ID00245,0000a3a1,63,　先生にもよくわからないのよねぇ。はぁ…」,Even the teacher's lost.,,
ID00245,0000a903,63,「心美先生の好みのタイプって、どんな男？」,What kind of guy is Ms. Shinomiya into?,,
ID00245,0000aad5,45,「ん～、やっぱり頼れる人かな。,"Hmm, probably someone dependable.",,
ID00245,0000ab11,39,　たのもしくて、私を陰から,Someone strong who can support me,,
ID00245,0000ab47,33,　支えてくれるような」,from the shadows...,,
ID00245,0000afec,36,「ルックスは気になる？」,Do you care about looks?,,
ID00245,0000b1fd,45,「ううん、見た目は気にしない。,"Nope, I don't really care about that.",,
ID00245,0000b239,45,　私より背が高い方がいいけど」,I just prefer guys taller than me.,,
ID00245,0000b710,57,「それって、ほとんどの男が高いけど？」,Isn't most of them tall anyway?,,
ID00245,0000b97d,45,「そう。だから全然気にしない」,Exactly. So it doesn’t matter.,,
ID00245,0000bb5d,51,「年上、年下、同い年、つき合うなら,Age isn't an issue.,,
ID00245,0000bb9f,33,　どれがいいですか？」,Which do you prefer?,,
ID00245,0000bd53,45,「特にこだわりはないのよねぇ」,I don’t really have a preference though.,,
ID00245,0000bfa7,57,「年下の人でも、私より年上に見えるし」,Even someone younger looks older than I am.,,
ID00245,0000c300,18,「はははは」,Hahaha,,
ID00245,0000c353,27,「デートするなら、,"If we're going on a date,",,
ID00245,0000c37d,45,　どんなとこへ行きたいです？」,Where do you wanna go?,,
ID00245,0000c53d,39,「ん～、生徒や保護者の方と,"Hmm, meeting them too.",,
ID00245,0000c573,33,　出会ったりするから、,I'd prefer somewhere else.,,
ID00245,0000c5a3,48,　なるべく郊外の方がいいのよね」,It's better if it's somewhere outside the city.,,
ID00245,0000cbe4,57,「ほら、すぐ噂になっちゃいそうだから」,"You know, it'll probably become a rumor right away.",,
ID00245,0000cdd0,36,「いろんなクラスの男が、,Guys from all sorts.,,
ID00245,0000ce03,60,　心美先生がかわいいって、噂してますよ」,who're spreading rumors that Ms. Shinomi is cute.,,
ID00245,0000cfd2,36,「ホントォ？　うれしい」,Really? That's nice.,,
ID00245,0000d2e0,30,「けど、ほめたって、,"But even if you praise me,",,
ID00245,0000d30d,51,　テストの点はおまけしないからね」,I won't give you extra credit on tests.,,
ID00245,0000d648,18,「はははは」,Hahaha,,
ID00245,0000d69b,45,「結婚するならいつまで…とか、,When are you going to get married...,,
ID00245,0000d6d7,36,　考えたことありますか？,Ever thought about it?,,
ID00245,0000d88e,57,「そりゃあ考えるわよ。もう２２だもん」,Of course I have. You're already 22.,,
ID00245,0000dc60,48,「あっという間に、２５になって、,"Before you know it, you'll be 25,",,
ID00245,0000dc9f,54,　２７になって…ささ、さ、３０に…」,then 27... and then 30...,,
ID00245,0000e4ec,45,「ま、若く見えるからいっか～」,"Well, at least I look young~",,
ID00245,0000e6cc,63,「相手を絶対に惚れさせるクスリがあったら、,If there was a drug that...,,
ID00245,0000e71a,24,　どうします？」,Then what would you do?,,
ID00245,0000e91f,42,「ダメダメ、そんな不正行為、,"No no, cheating like that,",,
ID00245,0000e958,33,　先生は認めませんよ」,won't work with me.,,
ID00245,0000ee3c,48,「正々堂々と、恋の１００点満点を,Go for it and score high.,,
ID00245,0000ee7b,24,　勝ち取ってね」,Win her over.,,
ID00245,0000f19d,42,「先生ってみんな忙しすぎて、,"No no, you guys are all so busy that",,
ID00245,0000f1d6,42,　出会いがなさそうですよね」,No time for dates.,,
ID00245,0000f393,39,「はぁ…そうなのよねぇ…。,"Hah... That's right, isn't it...",,
ID00245,0000f3c9,63,　休日も、学校行事でなくなることが多いし」,Weekends get busy.,,
ID00245,0000f75c,57,「おかげで、先生同士で一緒になる人って,Teachers spend time.,,
ID00245,0000f7a4,24,　結構多いのよ」,Quite a few.,,
ID00245,0000fbc5,63,「けどそれだと、忙しい時期が重なっちゃって,But then we'd be busy at the same time.,,
ID00245,0000fc13,33,　余裕がないのよねぇ」,there's no room for error.,,
ID00245,0000ffcd,54,「一目惚れって、したことあります？」,Have you ever had a crush at first sight?,,
ID00245,000101a8,24,「あるわよぉ～」,I have~,,
ID00245,000101ee,39,「えっ？　ど、どんな男？」,Wh-what kind of guy?,,
ID00245,000103a8,33,「ファンシーショップの,"From a fancy shop,",,
ID00245,000103d8,42,　かわいい～ウサギさんとか」,cute little bunny stuff like that.,,
ID00245,0001087a,48,「見た瞬間、もう買うしかないって,"The moment I saw it, I had to buy it.",,
ID00245,000108b9,21,　思っちゃう」,It's what I think.,,
ID00245,00010ba9,18,「はははは」,Hahaha,,
ID00245,00010bfc,48,「恋愛小説って、読む方ですか？」,Do you read romance novels?,,
ID00245,00010e0e,54,「ん～、最近はあんまり読まないわね」,"Hmm, I haven't been reading them much lately.",,
ID00245,00011294,36,「けど、中等部のころは、,"But back in middle school,",,
ID00245,000112c7,36,　いっぱい読んだわよぉ。,I used to read a ton.,,
ID00245,000112fa,45,　恋に恋するお年頃だったから」,That was when we were all in love.,,
ID00245,000118c2,42,「好きとか、嫌いとかって…」,Like liking or disliking...,,
ID00245,00011a7f,57,「フフッ、イヤよイヤよも好きのうちって,"Hehe, even 'dislike' can be a form of like.",,
ID00245,00011ac7,21,　言うものね」,That's how it is.,,
ID00245,00011f05,51,「恋の色って何色だと思いますか？」,What color do you think love is?,,
ID00245,000120e7,60,「もちろんピンクよ。かっわいい～ピンク」,"Of course, pink! So cuuute~ pink",,
ID00245,00012411,57,「心美先生って、恋に一途な方ですか？」,Is Ms. Shinbi someone who's all in on love?,,
ID00245,000125dd,54,「そうね～、よくわからなかったけど、,"Well~, I wasn't sure before but...",,
ID00245,00012622,57,　一途な方なんじゃないかなぁって思う」,I think she might be all in on it,,
ID00245,00012ae4,33,「最近よ、気づいたの」,I noticed recently.,,
ID00245,00012cae,54,「男って、女の涙に弱いんですよね…」,Men are weak to women's tears...,,
ID00245,00012e77,57,「フフッ、涙は女の武器っていうものね」,"Heh, tears are a girl's weapon.",,
ID00245,000132d5,45,「気をつけなきゃダメですよぉ、,"You have to be careful though,",,
ID00245,00013311,54,　悪い女に引っかかっちゃうんだから」,or you'll get taken in by the bad ones.,,
ID00245,000137e9,18,「その…ね。,"Um... well,",,
ID00245,0001380a,59,　@str_000君とこうして話してると…楽しい」,talking with @str_000 like this is fun.,,
ID00245,00013fa1,60,「相性って不思議ね。…生徒と先生なんて、,"Compatibility is weird. ...Students and teachers,",,
ID00245,00013fec,30,　関係ないんだなぁ」,aren't supposed to mix.,,
ID00245,0001437b,21,「心美先生…」,Miss Shinomiya...,,
ID00245,000143d1,42,「来年、クラスの男子全員に、,"Next year, all the guys in my class will",,
ID00245,0001440a,48,　バレンタインチョコを配ったり、,give out Valentine's Day chocolates to~,,
ID00245,00014449,30,　な～んてことは…」,...won't happen.,,
ID00245,000145fa,54,「あ、いいわね。ウサギさんのチョコを,"Ah, that's nice. Usagi's chocolate.",,
ID00245,0001463f,24,　配ってあげる」,I'll hand them out.,,
ID00245,00014969,51,「ウサギの？　それって、手作り？」,Usagi's? You mean homemade?,,
ID00245,00014b2f,60,「溶かして型に入れるだけだもん、簡単よ」,It's simple.,,
ID00245,00014d5e,50,「@str_000君には、特別におっきいのを,@str_000-kun gets one extra big one secretly.,,
ID00245,00014d9f,27,　こっそりあげる」,I'll slip it to you.,,
ID00245,00014fba,12,「え…」,Huh...?,,
ID00245,0001516b,63,「あ…い、いろいろお世話になってるからよ。,Thanks for all your help.,,
ID00245,000151b9,45,　ふ、深い意味じゃないからね」,"N-no, not in any deep way though",,
ID00245,00015b9c,57,「もし、俺と心美先生が同級生だったら、,If Heart and I were classmates...,,
ID00245,00015be4,48,　どうだったんだろうなぁって…」,I wonder how that would have been?,,
ID00245,00015da7,60,「そんなの仲好しに決まってるじゃなぁい」,Of course we'd be best friends!,,
ID00245,000160e8,30,「今と同じようにね」,"Just like now, you know?",,
ID00245,00016147,63,「俺…恋に臆病じゃダメだと思うんですよね。,I think it's bad to be cowardly about love...,,
ID00245,00016195,45,　もっと積極的に行かないと…」,I need to be more proactive...,,
ID00245,00016355,33,「あ、いいこと言う～」,"Aw, that's a good point~",,
ID00245,000166da,36,「そう！　好きになったら,That's right! When you fall in love,,
ID00245,0001670d,30,　アタックあるのみ！,You gotta go all out!,,
ID00245,0001673a,33,　当たって砕けろよ！」,Go for it and shatter!,,
ID00245,00016ae9,45,「いや、砕けちゃマズいんで…」,"No, I don't want to get shattered...",,
ID00245,00016ca9,54,「あ、そっか。じゃあ、砕けないように,"Oh, got it. So, without getting shattered",,
ID00245,00016cee,24,　ぶつかれ～！」,Just ram into them~!,,
ID00245,0001728e,18,「はははは」,Hahaha,,
ID00245,000172e1,45,「いつか…子供が出来るとして、,If we ever have kids...,,
ID00245,0001731d,57,　男の子と女の子、どっちがいいです？」,"Which would you prefer, a boy or a girl?",,
ID00245,00017505,42,「女の子！　私とそっくりで、,"A girl! Just like me,",,
ID00245,0001753e,45,　姉妹みたいになるといいなぁ」,I hope we can be like sisters,,
ID00245,000179b8,30,「ははは、なりそう」,"Haha, sounds likely",,
ID00245,00017a17,42,「結婚式をやるなら、和と洋、,Both traditional and western.,,
ID00245,00017a50,33,　どっちがいいです？」,Which is better for you?,,
ID00245,00017c20,48,「かわいいチャペルでやりたい！」,I want to get married in a cute little chapel!,,
ID00245,00017fcd,51,「純白のウエディングドレスを着て、,"Wear a pure white wedding dress,",,
ID00245,0001800f,57,　お色直しで、ピンクのドレスを着て…」,And then change into a pink one...,,
ID00245,00018372,45,「ピンク？　ああ、女児的な…」,"Pink? Oh, like a little girl...",,
ID00245,000185a7,48,「女児じゃないわよ！　花嫁よ！」,I'm not a little girl! I'm the bride!,,
ID00245,000187a6,27,「恋ってきっと…」,Love must be...,,
ID00245,00018954,48,「フフッ、そうね。私もそう思う」,"Hehe, you're right. That's what I think too.",,
ID00246,00001198,21,「心美先生…」,Miss Shinomiya...,,
ID00246,0000138a,36,じーーーーーーーーーーっ,*Stares blankly*,,
ID00246,00001541,18,「にこ～～」,*Smiles widely*,,
ID00246,00001615,45,（微笑みを返されてしまった…）,(She smiled back at me...),,
ID00246,00001683,21,「心美先生…」,Miss Shinomiya...,,
ID00246,00001875,36,じーーーーーーーーーーっ,*Stares blankly*,,
ID00246,000019f5,30,「ん？　どうかした？,Hm? What's up?,,
ID00246,00001a22,36,　真剣な顔しちゃって…」,You're making a serious face...,,
ID00246,00001e86,27,「なにか悩み事？」,Got something on your mind?,,
ID00246,00001f4a,48,「い、いや、なんでもないです…」,"Uh, n-nothing...",,
ID00246,00001fbb,21,「心美先生…」,Miss Shinomiya...,,
ID00246,000021bf,36,じーーーーーーーーーーっ,*Stares blankly*,,
ID00246,00002376,12,「あ…」,...,,
ID00246,00002527,51,「もう……ちょっと…かっこいいって,You're kind of cool...,,
ID00246,00002569,36,　思っちゃったじゃない」,"I just thought it, okay?",,
ID00246,00002afe,21,「心美先生…」,Miss Shinomiya...,,
ID00246,00002cf0,36,じーーーーーーーーーーっ,*Stares blankly*,,
ID00246,00002ea7,33,「むっ、ダメですよぉ、,"Mmph, no way!",,
ID00246,00002ed7,42,　先生をにらみつけるなんて」,You can't glare at your teacher like that.,,
ID00246,000031dc,30,「す、すみません…」,S-sorry...,,
ID00246,00003408,51,（そんなつもりじゃないんだけど…）,(That's not what I meant...),,
ID00246,0000347c,21,「心美先生…」,Miss Shinomiya...,,
ID00246,00003680,36,じーーーーーーーーーーっ,*Stares blankly*,,
ID00246,00003837,12,「あ…」,...,,
ID00246,00003a82,48,「そんな見つめられたら……私…」,If you look at me like that... I'll...,,
ID00246,00003cf0,21,「心美先生…」,Miss Shinomiya...,,
ID00246,00003ef4,36,じーーーーーーーーーーっ,*Stares blankly*,,
ID00246,000040ab,15,「あぅ…」,Ow...,,
ID00246,000042f9,57,「ヤ、ヤダ、そんな急に見つめられたら、,"Y-Yeah, don't suddenly stare at me like that,",,
ID00246,00004341,36,　恥ずかしいじゃなぁい」,That's embarrassing!,,
ID00247,000011d8,33,（思い切って、手を…）,"Go for it, and put your hand...",,
ID00247,00001485,9,ぎゅっ,Squeeze,,
ID00247,00001621,12,「あ…」,...,,
ID00247,0000182a,45,「どうしたの？　なにかあった？,What's wrong? Did something happen?,,
ID00247,00001866,21,　寂しいの？」,You're lonely?,,
ID00247,00001bf7,57,「い、いや、なんでもないです。はは…」,"N-no, it's nothing. Haha...",,
ID00247,00001c71,33,（思い切って、手を…）,"Go for it, and put your hand...",,
ID00247,00001f1e,9,ぎゅっ,Squeeze,,
ID00247,000020ba,18,「きゃっ！」,"""Eek!""",,
ID00247,000022ef,48,「な、なに！？　どうしたの！？」,W-what!? What happened!?,,
ID00247,000025fa,48,「す、すみません、なんとなく…」,"S-sorry, I just felt like...",,
ID00247,000027bd,42,「なんとなくじゃないわよぉ！,"It's not just a feeling, you know~!",,
ID00247,000027f6,42,　先生をからかっちゃダメ！」,You shouldn't tease the teacher!,,
ID00247,000029ef,33,（思い切って、手を…）,"Go for it, and put your hand...",,
ID00247,00002c9c,9,ぎゅっ,Squeeze,,
ID00247,00002e77,12,「あ…」,...,,
ID00247,00003016,36,「フフッ、おっきな手ね」,"Hehe, what big hands.",,
ID00247,00003220,33,（思い切って、手を…）,"Go for it, and put your hand...",,
ID00247,000034cd,9,ぎゅっ,Squeeze,,
ID00247,00003687,12,「えっ」,Oh!,,
ID00247,00003890,54,「なななに？　ビックリするじゃない」,W-what? You scared me.,,
ID00247,00003a66,30,「す、すみません…」,S-sorry...,,
ID00247,00003ac5,33,（思い切って、手を…）,"Go for it, and put your hand...",,
ID00247,00003d72,9,ぎゅっ,Squeeze,,
ID00247,00003f4d,12,「え…」,Huh...?,,
ID00247,000040e2,33,「あぅ～、抗えないぃ」,"Ahh~, I can't resist...",,
ID00247,000041d4,33,（思い切って、手を…）,"Go for it, and put your hand...",,
ID00247,00004481,9,ぎゅっ,Squeeze,,
ID00247,0000463b,12,「あ…」,...,,
ID00247,000047da,60,「ゴメンね、先生、ちょっと困っちゃう…」,"Sorry, Teacher, this is kinda awkward...",,
ID00247,00004f6b,30,「す、すみません…」,S-sorry...,,
ID00248,00002ac5,48,「な、なによぉ、頭なんかなでて」,"Wh-what's this, rubbing my head?",,
ID00248,00002c95,42,「あ、なにかついてたから…」,"A-Ah, I guess something was stuck...",,
ID00248,00002ebc,54,「な、なによぉ、頬なんか突っついて」,"W-What are you doing, poking my cheek?",,
ID00248,0000335a,57,「す、すみません、なにかついてたから」,"S-Sorry, it must've been something stuck.",,
ID00248,00003581,60,「そ、そうなんだ。取ってくれてありがと」,R-Really? Thanks for getting it for me.,,
ID00248,00003b0a,54,「な、なによぉ、鼻なんか突っついて」,W-What now? Poking my nose!,,
ID00248,00003ca9,57,「す、すみません、なにかついてたから」,"S-Sorry, it must've been something stuck.",,
ID00248,00003ea5,60,「そ、そうなんだ。取ってくれてありがと」,R-Really? Thanks for getting it for me.,,
ID00248,0000447d,51,「な、なに！？　どうして唇を！？」,W-What!? Why did you kiss me!?,,
ID00248,0000479b,57,「す、すみません、なにかついてたから」,"S-Sorry, it must've been something stuck.",,
ID00248,000049fb,39,「ひゃあっ！　な、なに！？,Eek! W-What's this!?,,
ID00248,00004a31,27,　どうしたの！？」,What's wrong!?,,
ID00248,00004d27,57,「す、すみません、なにかついてたから」,"S-Sorry, it must've been something stuck.",,
ID00248,00004ebc,27,「そ、そうなんだ。,"Oh, really?",,
ID00248,00004ee6,45,　もう、ビックリするじゃない」,You scared me!,,
ID00248,000051ee,24,「すみません…」,Sorry...,,
ID00248,00005362,45,「けど…取ってくれてありがと」,Thanks for getting it though...,,
ID00248,000056c2,48,「どうしたの？　肩なんか触れて」,Why are you touching my shoulder?,,
ID00248,00005892,39,「あ、なにかついてたから」,"Oh, there was something stuck to it.",,
ID00248,00005a15,21,「そうなんだ。,I see.,,
ID00248,00005a39,48,　フフッ、取ってくれてありがと」,"Hehe, thanks.",,
ID00248,00005f5a,39,「ひゃあっ！　な、なに！？,Eek! W-What's this!?,,
ID00248,00005f90,27,　どうしてっ！？」,Why not?!?,,
ID00248,000063b7,57,「す、すみません、なにかついてたから」,"S-Sorry, it must've been something stuck.",,
ID00248,0000654c,45,「も、もう！　言ってくれれば、,S-Stop it! I could have done it!,,
ID00248,00006588,30,　自分で取るわよ！」,I would've done it!,,
ID00248,00006956,24,「すみません…」,Sorry...,,
ID00248,00006d35,54,「むっ、なによぉ、頭なんかなでてぇ」,"Mmph, what's with that? Are you hitting my head?",,
ID00248,000071ab,63,「先生なんだからね！　子供扱いしないで！」,You're my teacher! Don't treat me like a kid!,,
ID00248,00007380,30,「す、すみません…」,S-sorry...,,
ID00248,0000755f,18,「むぐぅ…」,...Mmmph...,,
ID00248,00007704,39,「ぷ～っ、先生のほっぺたを,"Huff, don't touch the teacher's cheek!",,
ID00248,0000773a,36,　突っついちゃダメです！,You shouldn't do that!,,
ID00248,0000776d,42,　子供じゃないんだからね！」,You're not a kid anymore!,,
ID00248,00007c00,30,「す、すみません！」,S-Sorry!,,
ID00248,00007c7a,33,（なにかついてたから、,I was holding onto something.,,
ID00248,00007caa,39,　取っただけなんだけど…）,I grabbed it...,,
ID00248,00008085,18,「ふぐぅ…」,Fuuugh...,,
ID00248,0000822a,30,「む～っ、先生の鼻を,"Mmph, don't poke my nose!",,
ID00248,00008257,36,　突っついちゃダメです！,You shouldn't do that!,,
ID00248,0000828a,42,　子供じゃないんだからね！」,You're not a kid anymore!,,
ID00248,00008701,30,「す、すみません！」,S-Sorry!,,
ID00248,00008945,15,「んぐ…」,...Nngh...,,
ID00248,00008ae7,30,「シーッてなによぉ、,"Shhh, what?",,
ID00248,00008b14,54,　そんな大きな声で話してないもん！」,I'm not speaking so loudly!,,
ID00248,00008e78,30,「す、すみません！」,S-Sorry!,,
ID00248,00008ef3,33,（なにかついてたから、,I was holding something.,,
ID00248,00008f23,39,　取っただけなんだけど…）,I grabbed it...,,
ID00248,000092fe,21,「ひゃあっ！」,Ahh!,,
ID00248,00009522,33,「さ、触っちゃダメェ！,"Hey, don't touch me!",,
ID00248,00009552,42,　くすぐったいんだからぁ！」,It tickles!,,
ID00248,0000991d,42,「な、なにかついてたから…」,I-I was just following along...,,
ID00248,00009b96,15,「う～っ」,~,,
ID00248,00009bd3,24,「すみません…」,Sorry...,,
ID00248,00009dad,33,「むっ、ダメですよぉ、,"Mmph, no way!",,
ID00248,00009ddd,42,　先生の肩に気軽に触れちゃ」,Don't touch a teacher's shoulder.,,
ID00248,0000a247,42,「子供じゃないんですからね。,We're not kids anymore.,,
ID00248,0000a280,36,　オ・ト・ナなんだから」,We're adults now.,,
ID00248,0000a5d2,24,「すみません…」,Sorry...,,
ID00248,0000a633,33,（なにかついてたから、,I was holding something.,,
ID00248,0000a663,39,　取っただけなんだけど…）,I grabbed it...,,
ID00248,0000a88c,24,「ひゃああっ！」,Eeek!!,,
ID00248,0000aa74,21,「な、なに！？,W-what!?,,
ID00248,0000aa98,48,　エッチなことは教えませんよ！」,I'm not gonna teach you anything dirty!,,
ID00248,0000ad6c,60,「す、すみません、なにかついてたから…」,"Sorry, there was something stuck to it...",,
ID00248,0000af56,63,「だからって、レディの胸に触れちゃダメ！」,That doesn't mean you can grope a lady's chest!,,
ID00248,0000b2c3,15,「はい…」,Yes...,,
ID00248,0000b4f9,12,「あ…」,...,,
ID00248,0000b6aa,48,「もう、先生の頭をなでるなんて、,"Don't touch my head like that, already...",,
ID00248,0000b6e9,24,　ダメですよぉ」,or else I'm screwed~,,
ID00248,0000bdc3,15,「ふぐ…」,Fug...,,
ID00248,0000bffa,15,「むぐ…」,Mmmph...,,
ID00248,0000c231,15,「あぐ…」,Agh...,,
ID00248,0000c39c,51,「フフッ、いたずらはダメですよぉ」,"Heh, no playing around, okay?",,
ID00248,0000c755,42,「きゃっ、くすぐったぁい！」,Kyah! That tickles!,,
ID00248,0000c94f,30,「す、すみません！」,S-Sorry!,,
ID00248,0000cac9,48,「もう…いたずらはダメですよぉ」,You know...no playing around.,,
ID00248,0000ce90,60,「ん？　どうかした？　肩になんか触れて」,Hmm? What's wrong? You're touching my shoulder...,,
ID00248,0000d09c,48,「い、いや、その…なんとなく…」,"N-No, it's just...I don't know...",,
ID00248,0000d228,36,「フフッ、ダメですよぉ、,"Heh heh, you can't do that to",,
ID00248,0000d25b,36,　気安く先生に触れちゃ」,your teacher like this...,,
ID00248,0000d804,39,「はわわっ！　な、なに！？,Huh?! W-What are you doing?!,,
ID00248,0000d83a,27,　どうしたの！？」,What's wrong!?,,
ID00248,0000dbc4,42,「す、すみません！　つい…」,S-Sorry! I just...,,
ID00248,0000ddb1,54,「つ、ついじゃないわよぉ。エッチ！」,S-Stop saying 'I didn't mean to'! It's perverted!,,
ID00248,0000e1b3,42,「む～っ、頭なんかなでてぇ」,"Mmmph, you're messing with my head...",,
ID00248,0000e594,42,「子供扱いされるのキラ～イ」,I hate being treated like a kid~,,
ID00248,0000e7da,30,「す、すみません…」,S-sorry...,,
ID00248,0000e9fa,18,「むぐぅ…」,...Mmmph...,,
ID00248,0000ebbb,57,「も～っ、ほっぺたなんか突っついてぇ。,"Mmph, stop poking my cheek~",,
ID00248,0000ec03,39,　子供扱いされるのキライ」,I hate being treated like a kid.,,
ID00248,0000ef05,30,「す、すみません…」,S-sorry...,,
ID00248,0000f125,18,「ふぐぅ…」,Fuuugh...,,
ID00248,0000f2e6,48,「も～っ、鼻なんか突っついてぇ。,"Mmph, stop poking my nose~",,
ID00248,0000f325,39,　子供扱いされるのキライ」,I hate being treated like a kid.,,
ID00248,0000f7de,30,「す、すみません…」,S-sorry...,,
ID00248,0000fa10,15,「んぐ…」,...Nngh...,,
ID00248,0000fbce,42,「もーっ、そんなおっきな声で,Don't shout so loud~,,
ID00248,0000fc07,30,　話してないもん！」,I wasn't talking!,,
ID00248,000100b7,30,「す、すみません…」,S-sorry...,,
ID00248,000102e9,21,「ひゃあっ！」,Ahh!,,
ID00248,000104ad,60,「ダ、ダメでしょ！　いきなり触れちゃ！」,N-No way! You can't just touch me like that!,,
ID00248,00010840,30,「す、すみません！」,S-Sorry!,,
ID00248,00010a60,45,「む……ダメでしょ、先生の肩に,"No way, don't touch it.",,
ID00248,00010a9c,27,　気安く触れちゃ」,like this.,,
ID00248,00010f20,30,「す、すみません…」,S-sorry...,,
ID00248,0001119e,24,「ひゃああっ！」,Eeek!!,,
ID00248,000113a6,48,「な、なに！？　どうしたの！？」,W-what!? What happened!?,,
ID00248,00011748,39,「す、すみません、つい…」,"S-sorry, it was an accident...",,
ID00248,00011932,36,「つい、じゃないわよぉ！,It's not an accident!,,
ID00248,00011965,42,　職員室でお説教するわよ！」,I'll give you a lecture in the staff room!,,
ID00248,00011cd8,24,「すみません！」,Sorry!,,
ID00248,00011f17,12,「あ…」,...,,
ID00248,0001207f,30,「フフッ、うれしい」,"Hehe, that makes me happy.",,
ID00248,00012419,15,「ふぐ…」,Fug...,,
ID00248,0001264f,15,「むぐ…」,Mmmph...,,
ID00248,000127f1,54,「フフッ、つい触れたくなっちゃう？」,"Hehe, did you end up wanting to touch me?",,
ID00248,00012b76,15,「んぐ…」,...Nngh...,,
ID00248,00012d94,24,「恥ずかしい…」,It's embarrassing...,,
ID00248,00012fc0,12,「あン」,Ahnn,,
ID00248,0001315f,42,「フフッ、くすぐっちゃダメ」,"Hehe, no tickling!",,
ID00248,00013638,51,「エヘヘ、励ましてくれてありがと」,"Ehehe, thanks for cheering me on",,
ID00248,00013b77,18,「はうぅ！」,Hauuuh!,,
ID00248,00013d24,48,「も、もう、エッチなんだからぁ」,"S-Stop it, we're being naughty now",,
ID00248,0001414d,48,「あ……イヤじゃないけど、ね？」,"A... I don't really mind, you know?",,
ID00248,000144ec,27,「す、すみません」,S-Sorry.,,
ID00248,000148bb,18,「むぐぅ…」,...Mmmph...,,
ID00248,00014a8f,18,「ふぐぅ…」,Fuuugh...,,
ID00248,00014c93,39,「イヤじゃないけど…ね？」,I don't really mind...you know?,,
ID00248,0001504e,27,「す、すみません」,S-Sorry.,,
ID00248,0001527d,15,「んぐ…」,...Nngh...,,
ID00248,00015595,48,「もう…イヤじゃないけど、ね？」,"Ugh...I don't really mind, you know?",,
ID00248,00015b12,27,「す、すみません」,S-Sorry.,,
ID00248,00015d41,21,「ひゃあっ！」,Ahh!,,
ID00248,00015f62,57,「ダ、ダメよ、くすぐったいんだからぁ」,"N-No, it tickles!",,
ID00248,00016131,30,「す、すみません！」,S-Sorry!,,
ID00248,00016351,39,「む……ダメよ、先生の肩に,"Mm...No way, you can't just",,
ID00248,00016387,27,　気軽に触れちゃ」,Don't touch me.,,
ID00248,0001685e,27,「す、すみません」,S-Sorry.,,
ID00248,00016aa9,24,「ひゃあんっ！」,Hyahhnnn!!,,
ID00248,00016c54,45,「エッチッ！　ダメでしょっ！」,Naughty! That's not okay!,,
ID00248,00016e3d,39,「す、すみません、つい…」,"S-sorry, it was an accident...",,
ID00248,00017013,36,「つい、じゃないわよぉ。,It wasn't on purpose~,,
ID00248,00017046,45,　も～っ、男の子なんだからぁ」,"You're a boy, after all~",,
ID00249,00001209,42,「アハハ、どの話も楽しい～」,"Hehe, all of them were fun~",,
ID00249,00001652,59,「ふうん、物知りなのねぇ、@str_000君って」,"Hmm, you know a lot, @str_000-kun.",,
ID00249,00001aff,42,「フフッ、いい話ばかりね～」,"Heh heh, they were all great stories~",,
ID00249,00001efb,41,「フフッ、@str_000君の話って、,"Heh heh, @str_000-kun's stories are...",,
ID00249,00001f33,36,　どれもすっごく面白い」,super interesting.,,
ID00249,00002547,60,「うんうん、なかなか為になる話じゃない」,"Yeah yeah, they're pretty educational.",,
ID00249,000029be,45,「フフッ、どれも楽しい話ね～」,"Heh heh, they were all fun stories~",,
ID00249,00002e25,33,「アハハハ、面白～い！,"Hahaha, so funny!",,
ID00249,00002e55,47,　@str_000君の話って、サイコー！」,"Your stories are the best, @str_000!",,
ID00249,000032a3,57,「フフッ、素敵な話をいっぱいありがと」,"Heh heh, thanks for all these wonderful stories.",,
ID00249,0000374e,33,「はぁ…こうしてると、,"Hah... sitting like this,",,
ID00249,0000377e,39,　時が経つのを忘れちゃう」,I forget all about time.,,
ID00250,00000ddc,54,「なんだか、同じような話ばっかり…」,It's all the same old story...,,
ID00250,000011f6,48,「んん？　さっきも似たような話を,Hm? We talked 'bout this...,,
ID00250,00001235,24,　してた気が…」,"We did that, right?",,
ID00250,000016bb,60,「あれぇ？　またその手の話？　好きねぇ」,"Oh, not this again. I'm not a fan.",,
ID00251,00000dc0,57,「も～っ、その手の話は飽きたってばぁ」,"~Ugh, I'm sick of hearing the same old story.",,
ID00251,00001214,24,「む～っ、ずっと,"~Tch, you've been",,
ID00251,0000123b,45,　同じような話ばっかりしてぇ。,talking about the same thing over and over.,,
ID00251,00001277,24,　つまんないぃ」,so boring~,,
ID00251,000016fd,51,「う～ん…いい話とは思うんだけど、,"~Hmm... It's a nice story,",,
ID00251,0000173f,30,　こう続くと…ねぇ」,"...it's getting old, yeah?",,
ID00252,00000dc0,57,「も～っ、急に黙っちゃってどうしたの？,What's up? Why'd you go all quiet all of a sudden~?,,
ID00252,00000e08,45,　考えごとならあとにしてよぉ」,"Save the thinking for later, okay?",,
ID00252,0000138b,51,「どうしたの？　急に黙っちゃって。,Why so quiet all of a sudden?,,
ID00252,000013cd,33,　なにか話そうよぉ？」,Tell me what's on your mind.,,
ID00252,000018ae,39,「あ～あ…つまんないなぁ。,Aww... This is boring...,,
ID00252,000018e4,45,　全然話してくんないんだもん」,You never talk to me at all.,,
