file_id,offset_hex,byte_length,jp_text,en_text,ru_text,de_text
ID00013,00001295,45,「あ、内魔。なにやってんだ？」,"Oh, Naitama. What are you doing?",,
ID00013,000014b2,20,「@str_000先輩」,Senior @str_000-kun.,,
ID00013,00001c1d,24,「録画…してた」,I was recording...,,
ID00013,00001c63,18,「なにを？」,What?,,
ID00013,00001d07,36,「学校の階段。…見る？」,The school stairs... wanna see?,,
ID00013,00001eee,18,「お、おう」,Y-Yeah.,,
ID00013,00002136,39,「…階段しか映ってないぞ」,...Only the stairs show up.,,
ID00013,000022f0,24,「よく…見て…」,Watch it well...,,
ID00013,00002336,12,「ん…」,Hmm...,,
ID00013,000025c7,18,「１段多い」,One too many.,,
ID00013,00002631,42,「うわああああああああっ！」,Uwaaaaaaaaahhh!,,
ID00013,000028c1,30,「な～～ん～～てね」,Just kidding~,,
ID00013,00002a72,51,「冗談かよ！　ビックリするだろ！」,"That's not a joke! You'll be surprised, right?",,
ID00013,00002c38,27,「フフフフフフ…」,Hehehehe...,,
ID00013,00002cb8,24,「ほら、返すぞ」,"Here, I'll give it back.",,
ID00013,00002e4e,51,「階段が１段多い時は…気をつけて。,When there's one extra step... be careful.,,
ID00013,00002e90,45,　ヤミツミに…連れて行かれる」,to Yami Mitsumi... I'm being taken there.,,
ID00013,00002eeb,21,「ヤミツミ？」,Yami Mitsumi?,,
ID00013,000030ed,51,「闇の光海でヤミツミ。フフフフ…」,In the dark of Mitsumi... Yami Mitsumi. Heheheh...,,
ID00013,0000314e,54,「怖ェこと言うなって。それじゃあな」,Don't say scary things like that. See ya.,,
ID00013,000031e9,15,「また…」,Later...,,
ID00014,00001207,12,「あ…」,...,,
ID00014,000013f8,30,「海を見てるのか？」,You're looking at the sea?,,
ID00014,00001494,12,「あ…」,...,,
ID00014,00001676,63,「そう…。夏は…海から…霊が還ってくる…」,Yeah... In summer... spirits return from the sea...,,
ID00014,00001740,12,「は？」,Huh?,,
ID00014,00001a7e,63,「先祖の霊…。生前が忘れられず…彷徨う霊。,"Ancestors' spirits... Lost, wandering souls.",,
ID00014,00001acc,36,　私のスマホには…映る」,They show up on my phone too.,,
ID00014,00001e34,33,「怖ェこと言うなって」,Don't say such scary stuff.,,
ID00014,00001fe8,45,「一緒に映るだけで…害はない」,It's harmless as long as we appear together.,,
ID00014,00002043,57,「いやいや、害がないってことないだろ」,"No, it's not harmless.",,
ID00014,0000220f,48,「気をつけなければならないのは…,We have to be careful of...,,
ID00014,0000224e,21,　妖かしの類」,things like yokai.,,
ID00014,00002291,18,「妖かし？」,Yokai?,,
ID00014,00002436,27,「妖怪ともいう…」,Also called youkai...,,
ID00014,000025e4,51,「高まった霊力で現実に姿を現し…、,Manifesting in reality...,,
ID00014,00002626,45,　街の人をいざこざに巻き込む」,and cause trouble for the townspeople.,,
ID00014,000027e6,47,「@str_000先輩も気をつける…べき」,@str_000-senpai should also...be cautious.,,
ID00014,00002843,21,「お、おう…」,...right...,,
ID00014,00002a18,21,「それじゃ…」,Well then...,,
ID00014,00002e5b,60,（霊とか、妖怪とか、オカルト、オカルト）,spirits and yokai and occult and occult,,
ID00015,000019c2,42,「っちは～。…って、暑っ！」,"It's hot~... Wait, it's so hot!",,
ID00015,00001a83,53,「よぉ～、@str_000～。そうなんだよぉ。,"Yo~, @str_000~. That's right.",,
ID00015,00001ac7,48,　クーラーが壊れたみたいでよぉ」,The air conditioner seems to be broken~,,
ID00015,00001d2a,42,「こう暑くちゃ、動画の編集も,It's so hot I can't even edit videos,,
ID00015,00001d63,30,　ままならないよぉ」,properly.,,
ID00015,00001ef6,48,「図書室でやればいいじゃないか」,You could do it in the library.,,
ID00015,0000227e,45,「ああ～ん？　俺たちの動画を、,Aaah? Do you think we can edit our video,,
ID00015,000022ba,60,　あんな公共の場で編集できると思うか？」,in such a public place?,,
ID00015,000023fc,54,「素材のサムネイルでさえ危険だよぉ」,Even the thumbnails are risky.,,
ID00015,00002614,39,「ウッヒャッヒャッヒャッ」,Wuhyahyahyah~,,
ID00015,0000281d,30,「ウッヒッヒッヒ～」,Wuhhuhuhu~,,
ID00015,00002b66,48,「言ってろ。俺はさっさと帰るよ」,"Tell 'em yourself, I'm outta here.",,
ID00015,00002e57,21,「じゃあな～」,Later~,,
ID00015,00002fff,21,「じゃあね～」,See ya~,,
ID00015,000032fd,21,（鞄、鞄っと）,"(Bag, bag...)",,
ID00015,000037e9,57,（ふ～っ、暑ちぃ～っ。アイス食いてぇ）,"Phew~, it's so hot~. Want some ice cream.",,
ID00015,00003850,36,（駅前モールのパン屋が、,The station bakery.,,
ID00015,00003883,57,　いつも１割引なんだよな。寄ってくか）,Maybe I should stop by.,,
ID00015,00003945,54,（ん？　この『雪娘アイスバー』って、,"Hm? This 'Snow Maiden Ice Bar',",,
ID00015,0000398a,60,　初めて見るな。“身も心も凍りつく”って,I've never seen it.,,
ID00015,000039d5,45,　冷えそう～。よし、これだ！）,"Yesss, this is the one!",,
ID00015,00003a7e,42,「ありがとうございました～」,Thank you so much~,,
ID00015,00004034,54,「ガブッ。うっ！　冷っめて～～っ！」,*Chomp*. Ouch! So cold~~~!,,
ID00015,00004098,45,（単にみぞれ味だけどうまい！）,The flavored ice is good!,,
ID00015,000040f3,60,「んぐんぐんぐんぐ…うっ、こめかみに…」,"*Mmmph mmmph... ow, my temples...*",,
ID00015,00004198,48,（ふ～っ、一気に食ってしまった。,"Phew, I just ate it in one bite.",,
ID00015,000041d7,39,　なんか魔性のうまさだぞ）,It's like a demonic deliciousness.,,
ID00015,000042ef,57,（おっ、しかも当たりだ！　もう１本…）,"*Hey, and I got lucky! Another one...*",,
ID00015,0000440d,57,（うぅ……寒い。メチャクチャ冷えたな。,*Ugh... so cold. It’s freezing.*,,
ID00015,00004455,24,　今度にするか）,I’ll do it next time.,,
ID00015,00004799,15,「妖気…」,...妖气...,,
ID00015,000047d6,18,「あ、内魔」,"Oh, Inner Demon.",,
ID00015,00004c64,30,「妖気を…感じる…」,...I can feel the youki...,,
ID00015,00004d17,54,「妖気って、幽霊の気配ってことか？」,"Youki is like a ghost's aura, right?",,
ID00015,00004e0f,33,「これは…妖かしの類」,This...is a yokai.,,
ID00015,00004eae,66,「私の髪の毛が逆立つ時…近くに妖かしがいる」,"When my hair stands, there's a yokai near.",,
ID00015,00004f62,45,「どっかの有名なキャラかよ！」,Some famous character or something!,,
ID00015,00005122,54,「私の場合…両目が目玉のおとうさん」,In my case... both eyes turn into eyeballs.,,
ID00015,00005186,18,「怖ェよ！」,Scary!,,
ID00015,0000532b,27,「フフフフフフフ」,Heheheheh,,
ID00015,000054d9,59,「妖気は…@str_000先輩の方から…感じた…」,It felt like it came from @str_000-senpai.,,
ID00015,0000560d,63,「よしてくれよ、妖怪の知り合いはいないぞ」,"Come on, I don't know any yokai.",,
ID00015,00005975,27,「…今は感じない」,...I can't feel it now.,,
ID00015,000059be,33,「気のせい、気のせい。,It was just my imagination...,,
ID00015,000059ee,42,　妖怪なんてオカルトだって。,Yokai are just occult stuff anyway.,,
ID00015,00005a27,24,　それじゃあな」,See ya.,,
ID00015,00005ad1,15,「また…」,Later...,,
ID00016,000014dd,18,「あ、内魔」,"Oh, Inner Demon.",,
ID00016,0000156d,23,「@str_000先輩…」,@str_000-senpai...,,
ID00016,000015b2,33,「これから、水泳か？」,"Swimming next, huh?",,
ID00016,000017a9,15,「そう…」,That's right...,,
ID00016,00001817,30,（内魔のスク水姿…）,(Innerma in her swimsuit...),,
ID00016,000018e7,54,（なかなかの…プロポーションだよな。,(She's got a pretty good figure...),,
ID00016,0000192c,48,　これはレコチャンスなんじゃ…）,(This is a great chance to record it...),,
ID00016,00001b38,27,「妖気を…感じる」,I can feel the youki...,,
ID00016,00001b81,12,「えっ」,Oh!,,
ID00016,00001d9c,42,「これは…妖かしじゃない…。,This isn't... youki...,,
ID00016,00001dd5,35,　@str_000先輩の…邪気？」,Is it @str_000-senpai's... malice?,,
ID00016,00001e26,42,「はは……録って…いいか？」,Haha... can I record this?,,
ID00016,00001fe3,15,「私を？」,Me?,,
ID00016,00002020,12,「ああ」,Yeah.,,
ID00016,000020ae,60,「録りたいんだよ。スク水…似合ってるし、,I want a pic of you.,,
ID00016,000020f9,48,　目が隠れてるのも個性的だし…」,It's unique that way.,,
ID00016,00002311,39,「そう……なら、構わない」,"Then, if that's how it is, it's fine.",,
ID00016,000024fa,51,「初めて…そんなこと言われたの…」,It's the first time... someone said that to me...,,
ID00016,0000255b,48,「そうなのか？　目が隠れてるのも,Is that so? The fact that your eyes are covered,,
ID00016,0000259a,60,　個性的だし、録ってみたいと思うけどな」,"is unique, and I'm curious about recording it.",,
ID00016,000027be,33,「…いいよ、録っても」,"Sure, go ahead and record it.",,
ID00016,0000283c,36,「よ、よし！　じゃあ…」,Y-Yeah! Then...,,
ID00016,0000292f,48,（ん？　んん？　電源が入らない）,Huh? Hm? It's not turning on.,,
ID00016,00002b04,24,「どうかした？」,What's wrong?,,
ID00016,00002b4a,39,「…バッテリー切れらしい。,It seems the battery died.,,
ID00016,00002b80,57,　せっかくＯＫしてくれたのに、悪い…」,Sorry... You were so nice to let me use it.,,
ID00016,00002d4c,48,「残念…その気にさせておいて…」,Damn... I got you all excited for nothing...,,
ID00016,00002f0f,21,「それじゃ…」,Well then...,,
ID00016,00002f52,24,「ああ、またな」,Later~,,
ID00016,00003223,54,（くそ～っ、せっかくのチャンスを…）,"Shit, I just wasted a chance like that...",,
ID00016,000032d5,42,（ん？　電源入るじゃねーか！,Huh? It's turning on!,,
ID00016,0000330e,42,　押しミスったか？　もう一度,Did you hit it by mistake? Try again.,,
ID00016,00003347,27,　プール戻って…）,Go back to the pool...,,
ID00016,000033de,33,（くっ、チャイムが…）,"Damn, the bell...",,
ID00017,0000160e,48,「あ、ベリィ君、ここにいたんだ」,"Hey, Veli-kun, you're here.",,
ID00017,0000166c,12,「え？」,What?,,
ID00017,00001aa9,21,「マリアさん」,Maria.,,
ID00017,00001b70,42,（出会ったときのビキニだ…）,She's wearing the bikini we met in...,,
ID00017,00001c2a,33,「フフッ、暑いわねぇ」,"Heheh, it is hot, isn't it?",,
ID00017,00001ce8,36,「な、夏だから。ははは」,"Well, it IS summer. Hahaha",,
ID00017,00001f93,42,「汗……ぬぐってくれない？」,Can you wipe my sweat off for me?,,
ID00017,00002133,12,「えっ」,Oh!,,
ID00017,000023d3,48,「前も…後ろも…ビッショリなの」,My front...my back...are all wet.,,
ID00017,0000259d,39,「前も…後ろも…ゴクリ…」,My front...my back...*gulp*...,,
ID00017,0000263d,33,「特に…胸の周りが…」,Especially around my chest...,,
ID00017,000026a0,18,「む、胸…」,M-my chest...,,
ID00017,000026fe,36,「お願い……ぬぐって…」,Please...wipe it off...,,
ID00017,00002750,23,「@str_000…先輩」,@str_000...senpai,,
ID00017,00002909,12,「ん？」,Hm?,,
ID00017,00002aa8,15,「先輩…」,Senpai...,,
ID00017,00002d74,15,「先輩…」,Senpai...,,
ID00017,00002ddb,33,「うわっ！　内魔！？」,Whoa! Inside magic!?,,
ID00017,00002f58,57,「こんなところで寝てると…日焼けする。,If you sleep here... you'll get sunburned.,,
ID00017,00002fa0,51,　過度な日焼けは…体によくない…」,Too much sunburn isn't good for your body...,,
ID00017,00003001,39,「なんだよ…夢だったのか」,What the hell... it was just a dream?,,
ID00017,00003b3d,30,「夢？　…どんな？」,Dream? ...What kind?,,
ID00017,00003b89,18,「それは…」,It's...,,
ID00017,00003bc9,48,（マリアさんのあられもない夢とは,(Maria's perverted dream or something,,
ID00017,00003c08,21,　言えない…）,Can't say that...,,
ID00017,00003c99,60,「な、なんでもないって！　それじゃな！」,N-nothing! See ya!,,
ID00017,00004034,12,「あ…」,...,,
ID00017,000044fd,54,（ったく、いつの間に眠り込んだんだ？,"Man, when did I fall asleep?",,
ID00017,00004542,42,　…けど、いい夢だったなぁ）,But it was a good dream.,,
ID00018,000019c2,27,（誰もいないか…）,(I guess nobody's here...),,
ID00018,00001a0b,39,「あっ！　ナツにいーっ！」,Ah! Natsuii!,,
ID00018,00001fc8,21,「あ、まひろ」,"Ah, Mahiro",,
ID00018,0000205b,51,「エヘッ、まひろちゃん登場～っ！」,"Hehe, Mahiro-chan's here~!",,
ID00018,0000227e,33,「な～にやってんの？」,What are you doing?,,
ID00018,000022cd,36,「被写体を捜してだな…」,Looking for subjects...,,
ID00018,00002484,36,「要するに暇ってこと？」,So you're bored?,,
ID00018,000024d6,30,「…まぁ、そうだな」,"...Yeah, I guess.",,
ID00018,00002703,48,「じゃあ……お願いしたいことが…,So... I have a favor to ask...,,
ID00018,00002742,27,　あるんだけどぉ」,It's just that...,,
ID00018,00002c78,21,「なんだよ？」,What's up?,,
ID00018,00002f33,54,「あのね……大きくして……欲しいの」,You see... I want them bigger...,,
ID00018,0000332a,18,「なにを？」,What?,,
ID00018,000033e7,27,「その……胸…を」,That is... my boobs...,,
ID00018,000034cf,15,「胸！？」,My boobs!?,,
ID00018,000036b8,30,「ほら、揉まれると…,"See, when you're touched...",,
ID00018,000036e5,48,　大きくなるっていうじゃない？」,"They get bigger, right?",,
ID00018,000038a8,60,「だから……ナツにいに……揉んで欲しい」,So... I want you to touch me...,,
ID00018,0000398f,33,「お、おま…そんな…」,O-Oh my... Really?,,
ID00018,00003b8c,18,「お願い…」,Please...,,
ID00018,00003bcc,42,「ゴクリ……い、いいのか？」,I-I'm okay with it?,,
ID00018,00003c42,15,「早く…」,Hurry up...,,
ID00018,00003c9d,18,「よ、よし」,A-alright,,
ID00018,00003cdd,42,（も、揉むのか…この胸を…。,Y-You'll touch them?,,
ID00018,00003d16,36,　まひろ……そんな……）,Mahiro... You can't be serious...,,
ID00018,00003d68,33,「早くぅ…ナツにい…」,Hurry up... Natu...,,
ID00018,00003db7,21,「う、うう…」,"U, ugh...",,
ID00018,00003dfa,24,「ナツ…先輩…」,Natu... senpai...,,
ID00018,00003e40,12,「ん？」,Hm?,,
ID00018,00004153,15,「先輩…」,Senpai...,,
ID00018,0000441f,15,「先輩…」,Senpai...,,
ID00018,000045b4,33,「うわっ！　内魔！？」,Whoa! Inside magic!?,,
ID00018,00004603,60,「また、こんなところで寝るとは…うかつ。,You're sleeping here again... That's careless.,,
ID00018,0000464e,48,　日焼けし過ぎは…体によくない」,Getting too sunburned isn't good for your body.,,
ID00018,00004915,36,「お、おう…そうだよな」,Y-Yeah... You're right.,,
ID00018,000051e4,33,「また、あんな夢を…」,Having that dream again...,,
ID00018,00005398,21,「あんな夢？」,That dream?,,
ID00018,00005429,63,「な、なんでもねーって！　それじゃあな！」,N-nothing! See ya!,,
ID00018,000057c7,12,「あ…」,...,,
ID00018,00005a8b,39,（欲求不満なのか？　俺…）,Is she unsatisfied...? Me...,,
ID00019,0000179e,33,（参考書、参考書…と。,(Study guide... study guide...),,
ID00019,000017ce,57,　たま～にとはいえ、放課後に勉強とは、,"Even if it's just sometimes, studying after school,",,
ID00019,00001816,36,　結構真面目だよな、俺）,"you're pretty serious, huh?",,
ID00019,00001868,27,「ここにいたんだ」,You were here all along.,,
ID00019,000018b1,12,「ん？」,Hm?,,
ID00019,00001e19,18,「あ、反町」,Huh? Sorimachi?,,
ID00019,00001fbe,51,「居残り勉強なんて、感心じゃない」,"「Studying after school? Impressive, isn't it?」",,
ID00019,0000201f,30,「ああ、たまにはな」,"Ah, every now and then.",,
ID00019,00002133,18,「うんうん。,"Yeah, yeah.",,
ID00019,00002154,47,　やるときはやるのが@str_000よね」,"When you do, @str_000 does it too.",,
ID00019,00002236,12,「おう」,Sure thing.,,
ID00019,000025db,27,「けど、今日は…」,But today...,,
ID00019,00002a1c,51,「私と……もっといい勉強しない？」,Why don't we... study something better?,,
ID00019,00002b4b,24,「もっといい？」,Something better?,,
ID00019,00002c59,36,「そう……恋の…勉強…」,Yeah... studying love...,,
ID00019,00002e53,21,「こっ恋！？」,Studying love!?!,,
ID00019,00003037,15,「…して」,...do it,,
ID00019,00003074,21,「ええっ！？」,What!??,,
ID00019,00003106,15,「早く…」,Hurry up...,,
ID00019,00003143,33,「お、おま…そんな…」,O-oh my... Really?,,
ID00019,000031e2,48,「ええよ…うちを…好きにして…」,Sure...do whatever you want with me...,,
ID00019,00003240,60,（ど、どうすれば…つき合ってもないのに。,W-What should I do...we're not even dating yet.,,
ID00019,0000328b,60,　けど、女の子に恥をかかせるわけには…）,"But, I can't let a girl get embarrassed like this...",,
ID00019,00003477,23,「@str_000先輩…」,@str_000-senpai...,,
ID00019,000034bc,12,「あ？」,Huh?,,
ID00019,00003785,15,「先輩…」,Senpai...,,
ID00019,000037c2,39,「うわああっ！　内魔！？」,Uwaaaah! Nai-ma!?,,
ID00019,00003945,42,「また…こんなとこで寝て…」,Again...sleeping in a place like this...,,
ID00019,0000399d,24,「いつの間に…」,When did...,,
ID00019,000042f7,45,「…この間から様子がおかしい。,...You've been acting weird since then.,,
ID00019,00004333,33,　どんな夢…見てる？」,What kind of dream...?,,
ID00019,00004382,42,「な、なんだっていいだろ？」,"You can say anything, right?",,
ID00019,000043da,60,（節操なくみだらな夢を、次々と見てるとは,You've been having one dirty dream after another.,,
ID00019,00004425,18,　言えねー）,I can't say that!,,
ID00019,000044b3,30,「そ、それじゃな！」,S-See ya!,,
ID00020,00001b69,20,「あ、@str_000」,"Ah, @str_000",,
ID00020,00001bab,30,「これから部活か？」,You're heading to club now?,,
ID00020,00001e91,12,「そう」,Yeah.,,
ID00020,00001ee4,24,「他の部員は？」,What about them?,,
ID00020,00001f61,24,「今日は来ない」,They aren't.,,
ID00020,00002084,21,「どうして？」,Why?,,
ID00020,0000222c,50,「@str_000に……ありのままの自分を、,"@str_000, I wanted you to see me as I am,",,
ID00020,0000226d,42,　見てもらおうと思ったから」,without any pretense.,,
ID00020,000026c6,12,「ん？」,Hm?,,
ID00020,00002865,57,「これから、床の演技をするから見てて」,"I'm gonna act on the floor, watch me.",,
ID00020,00002918,18,「お、おう」,Y-Yeah.,,
ID00020,00002adb,15,「裸で…」,Naked...!,,
ID00020,00002b42,33,「は、裸あぁあぁ！？」,Y-You're naked!?,,
ID00020,00002f2d,38,「@str_000に……見て欲しい」,I want @str_000 to see me...,,
ID00020,000030bc,51,「お、おまっ！？　ちょっと待て！」,W-Wait a sec!? Hold up!,,
ID00020,00003282,24,「見たくない？」,Don't wanna look?,,
ID00020,000032c8,39,「そ、それは……その……」,T-That's...that's...,,
ID00020,0000331e,22, み…見たいっ！, I-I wanna see!,,
ID00020,0000334f,28, 自分を大切にしろ！, Value yourself!,,
ID00020,00003386,28, レコチャンスだっ！, Recording chance!,,
ID00020,000033ce,27,「み、見たいっ！」,I-I wanna look!,,
ID00020,00003467,36,「フフッ、じゃあ…見て」,"Heh heh, then...look.",,
ID00020,0000352b,33,「自分を大切にしろ！」,Take care of yourself!,,
ID00020,000036df,60,「大切にするから…見てもらいたいんだよ」,That's why I want you to see it...,,
ID00020,000038ae,30,「じゃあ…始めるよ」,Then...let's start.,,
ID00020,0000390f,33,「レコチャンスだっ！」,It's my chance!,,
ID00020,000039ae,42,「フフッ、いいよ、録っても」,"Hehe, go ahead and record it.",,
ID00020,00003ba6,12,「先輩」,Senpai...,,
ID00020,00003bef,12,「ん？」,Hm?,,
ID00020,00003ec1,26,「@str_000…先輩…」,@str_000...senpai...,,
ID00020,00003f09,30,「お前が先輩って…。,You're senpai...,,
ID00020,00003f36,39,　なんだ…また夢なのか…。,...is this another dream?,,
ID00020,00003f6c,27,　夢なのかっ！？」,...this is a dream!?,,
ID00020,00004256,15,「先輩…」,Senpai...,,
ID00020,00004293,27,「やっぱり夢か…」,It really is a dream...,,
ID00020,0000440a,30,「がっかりしてる…」,I'm disappointed...,,
ID00020,00004456,27,「当たり前だっ！」,Of course it is!,,
ID00020,00004c00,57,「男のロマンなんだぞ！　誰だって一度は,It's a guy thing!,,
ID00020,00004c48,39,　妄想するんだ！　裸で…」,Naked...,,
ID00020,00004e02,15,「裸で？」,Naked?,,
ID00020,00004e3f,36,「…いや、なんでもない」,"Nothing, forget it.",,
ID00020,00004ff6,18,「妖しい…」,Sinister...,,
ID00020,00005036,33,「あ、怪しくねぇって！,"Hey, don't be so suspicious!",,
ID00020,00005066,51,　どんな夢を見ようと自由だろ！？」,"You can dream whatever you want, right?",,
ID00020,00005158,54,「そうじゃない…。妖かしを疑ってる」,That's not it... I'm suspicious of the yokai.,,
ID00020,000051bc,33,「妖かし？　妖怪か？」,Yokai? You mean a yōkai?,,
ID00020,000053b3,51,「そう。動画を録るから…そのまま」,"Right, I'm recording video so...",,
ID00020,0000566b,18,「お、おい」,"Hey, hey",,
ID00020,000057d9,45,「取り憑かれてるなら……映る」,If you're possessed... it'll show up.,,
ID00020,00005834,21,「んなバカな」,What a load of crap.,,
ID00020,000059a5,12,「む…」,Ugh...,,
ID00020,000059df,42,「ど、どうした？　まさか…」,W-what's wrong? Could it be...,,
ID00020,000062e1,24,「映らない……」,Not showing up...,,
ID00020,00006327,54,「あ、当たり前だって！　妖かしだの、,"Of course it's not! It's all that spooky,",,
ID00020,0000636c,54,　取り憑くだのオカルト、オカルト！」,"possession crap, occult nonsense, occult nonsense!",,
ID00020,0000641e,30,「そ、それじゃな！」,S-See ya!,,
ID00020,000067c8,27,「見立て違い…か」,A misdiagnosis...?,,
ID00021,0000172b,42,（ったく、体育のヤマセンめ、,"Man, that damn P.E. Yamacen,",,
ID00021,00001764,45,　バスケのボール出しとけって、,"get the basketball out already,",,
ID00021,000017a0,51,　そんなの体育委員に頼んでくれよ）,(Just ask the sports committee for that.),,
ID00021,0000186f,12,「ん？」,Hm?,,
ID00021,00001d79,63,「あ、相良さん。なんで倉庫のドアを閉め…」,"Ah, Sagara-san. Why're you closing that?",,
ID00021,00002030,56,「@str_000君が…入ってくのが見えたから」,Because I saw @str_000... coming in.,,
ID00021,000021d1,27,「そ、そうなんだ？,R-Really?,,
ID00021,000021fb,39,　女子の体育は外だよね？」,"Girls' P.E. is outside, right?",,
ID00021,000022fa,18,「いいの…」,It's fine...,,
ID00021,000024e9,60,「体育より大切なこと…教えて欲しいから」,Something's more important than P.E...,,
ID00021,00002be7,42,「演技してて…わからないの。,I don't get it when I'm acting...,,
ID00021,00002c20,36,　恋が……どんなものか」,What love is like...,,
ID00021,00002cf9,12,「えっ」,Oh!,,
ID00021,00002f39,48,「経験がないから……わからない」,Since I've never experienced it...,,
ID00021,0000312c,30,「だから、教えて…」,"So, please teach me...",,
ID00021,000031c8,33,「どうすれば…いい？」,What... should I do?,,
ID00021,0000323d,36,「ど、どうすればって…」,W-what should I do?,,
ID00021,000033f4,33,「私のこと……嫌い？」,Do you hate me?,,
ID00021,0000357e,45,「そ、そんなわけないだろ！？」,T-There's no way that's true!?,,
ID00021,0000373e,30,「じゃあ……好き？」,Then... do you like me?,,
ID00021,000038c5,15,「うぅ…」,Ugh...,,
ID00021,00003ae3,30,「恋人のキス…しよ」,Let's... kiss.,,
ID00021,00003d0b,27,「こ、恋人の！？」,L-Lovers' kiss!?,,
ID00021,00003eed,59,「私の…初めての人になって……@str_000…」,Be my first... @str_000...,,
ID00021,00004103,15,「先輩…」,Senpai...,,
ID00021,00004140,60,「先輩？　先輩！？　うぐぐ…また夢か…」,"Senpai? Senpai!? Ugh, another dream...",,
ID00021,000041e1,15,「先輩…」,Senpai...,,
ID00021,000044bf,15,「先輩…」,Senpai...,,
ID00021,000044fc,57,「くっ…もうちょっとで恋人のキスが…」,Damn it... I was so close to a lover's kiss...,,
ID00021,00004691,15,「恋人？」,Lover?,,
ID00021,000046ce,54,「お前はなんでいつもいいところで！」,Why do you always show up at the best moments!,,
ID00021,0000489a,33,「な、なんでもねーよ」,N-nothing...,,
ID00021,000050df,30,「どうもおかしい…。,Something's off...,,
ID00021,0000510c,42,　どんな夢か…私に話すべき」,You should tell me about this dream...,,
ID00021,00005164,45,「は、話せねーって、こんな夢」,I can't talk about a dream like this...,,
ID00021,000051bf,36,「欲求不満すぎだろ…俺」,I'm so damn horny...,,
ID00021,0000525f,30,「じゃ、じゃあな！」,S-see ya!,,
ID00021,00005497,12,「あ…」,...,,
ID00022,00001ffe,57,「フフッ、いいのよ…すべてを録って…」,"Heheh, it's fine... Record everything...",,
ID00022,000021a5,57,「あなたの周りって、色んなタイプの子が,There are all kinds of girls around you,,
ID00022,000021ed,21,　いるけど…」,but...,,
ID00022,00002370,45,「私…なんでしょ？　一番は…」,I wonder why? The one I like is...,,
ID00022,0000250b,30,「私と……恋しよ？」,Me and... fall in love?,,
ID00022,000027d2,33,「私の……虜になって」,Become my... slave.,,
ID00022,00002f96,36,「ハァ…ハァ…御前さん…,Haa... Haa... Misaki-senpai...,,
ID00022,00002fc9,48,　そんな…あられもないポーズ…。,Such an indecent pose...,,
ID00022,00003008,33,　俺は…俺は…もう…」,I... I can't...,,
ID00022,000030c5,48,「あぁ……御前さんだけじゃない。,"Aah... It's not just you, Misaki-senpai.",,
ID00022,00003104,42,　マリアさんも、相良さんも…,Mariana-san and Sagara-san too...,,
ID00022,0000313d,42,　みんな録れてるじゃないか」,"It's all being recorded, you know.",,
ID00022,00003195,39,「夢じゃ…なかったんだ…」,It wasn't... a dream...,,
ID00022,00003214,42,「破ーーーーーーーーーッ！」,BAAAAAAAAAAAAA!,,
ID00022,00003a51,39,「うわっ！　……あ、内魔」,"Whoa! ...Oh, it's you, Mahiro",,
ID00022,00003c0b,42,「やっぱり…取り憑かれてる」,I knew it... You're possessed,,
ID00022,00003c63,57,「取り憑かれてるって、な、なんにだよ？,"Possessed by what, exactly...?",,
ID00022,00003cab,24,　そんなわけ…」,There's no way...,,
ID00022,00003e56,45,「電源の入ってないパソコンに…,Muttering to a computer that isn't even on...,,
ID00022,00003e92,24,　つぶやいてた」,She was muttering...,,
ID00022,00003ed8,12,「え…」,Huh...?,,
ID00022,00004077,44,「@str_000先輩が見ているのは…、,"@str_000 is seeing something like...,",,
ID00022,000040b2,27,　おそらく…淫夢」,Probably a hentai dream.,,
ID00022,000040fb,15,「淫夢？」,A hentai dream?,,
ID00022,0000429d,57,「妖かしが…先輩を虜にしようとしてる」,"She's trying to seduce you, Misaki-senpai.",,
ID00022,00004304,27,「んなバカな！？」,No way! ?,,
ID00022,00004384,30,「…いや、夢の中で、,"...no, in the dream,",,
ID00022,000043b1,48,　御前さんが“虜になって”とか、,Gozen-sama's captivated.,,
ID00022,000043f0,30,　言ってたような…」,...said something like that...,,
ID00022,000045a1,42,「自己紹介した時に…言った。,When I introduced myself... I said it.,,
ID00022,000045da,42,　私の家は神社で…私は巫女。,My family runs a shrine... I'm a miko.,,
ID00022,00004613,45,　妖かしを祓うことが…出来る」,I can exorcise youkai.,,
ID00022,0000485b,60,「どんな夢を見てきたのか…私に話すべき」,You should tell me about the dreams you've had...,,
ID00022,000048c5,42,「う……誰にも言わないか？」,Ugh... Will you tell no one else?,,
ID00022,00004997,57,「言わない…。どんなみだらな夢でも…、,You won't say... even if...,,
ID00022,000049df,50,　それは@str_000先輩のせいじゃない」,"It's not your fault, @str_000-senpai.",,
ID00022,00004a3f,27,「内魔……実は…」,Inner demon... Actually...,,
ID00022,00004f08,21,「フムフム…」,...Hmm hmm...,,
ID00022,00004f4b,48,「…な、感じの夢ばっか見てんだ。,...I've been having these kinds of dreams.,,
ID00022,00004f8a,48,　俺、どうかなっちまったのか…」,Did I get a crush on you or something?,,
ID00022,00005319,39,「疑惑が確信に近づいた…」,My suspicions are close.,,
ID00022,000054d3,45,「けど…なぜ、この間の録画で…,"But... why, in the recording from before...",,
ID00022,0000550f,45,　妖かしが映らなかったのか…」,showing that suspicious thing?,,
ID00022,000056cf,57,「身に着けてるもの…すべて机に出して」,Put everything you're wearing on the desk.,,
ID00022,00005736,30,「持ち物検査かよ？」,Property check?,,
ID00022,0000592a,30,「手がかりが…必要」,I need some clues.,,
ID00022,00005976,27,「わ、わかったよ」,S-Sure thing,,
ID00022,00005e3f,12,「ほら」,Here.,,
ID00022,00005e79,51,「財布に…デジカムに…スマホに…」,Wallet... camera... phone...,,
ID00022,00005eda,39,「妖しそうなものは…ない」,Nothing suspicious...,,
ID00022,00005f2f,45,「当たり前だ。いつも同じ物しか,Of course not. I never carry around anything,,
ID00022,00005f6b,30,　持ち歩いてないし」,other than the usual stuff.,,
ID00022,00005fb7,54,「む…デジカムのカバーのポケットに、,"Mm... There's a pocket for my digital camera cover,",,
ID00022,00005ffc,39,　アイスの棒が刺さってる」,Gotcha...,,
ID00022,00006051,24,「“あたり”…」,“Hit.”,,
ID00022,00006097,60,「ああ、それ、すっげーうまかったんだよ！,"Yeah, that was super tasty!",,
ID00022,000060e2,57,　そこに入れてたっけな？　覚えてねー」,"Oh yeah, I put it there? Can't remember.",,
ID00022,00006149,30,「なんて…アイス？」,What kind... of ice cream?,,
ID00022,00006195,57,「え～と…………んん？　思い出せねぇ。,Um... hmm? I can't remember.,,
ID00022,000061dd,54,　なんてアイスだったか？　え～と…」,What kind of ice cream was it again? Um...,,
ID00022,00006241,33,「あ～～、ど忘れした！,"Aaaah, I forgot!",,
ID00022,00006271,39,　あんなうまかったのに…」,It was so good...,,
ID00022,000062c6,15,「そう…」,That's right...,,
ID00022,00006611,21,「わかった…」,Got it...,,
ID00022,00006654,18,「えっ！？」,Eh!?,,
ID00022,000067f9,62,「@str_000先輩は…様々な女子を夢に見たけど、,@str_000-senpai... you dreamt of...,,
ID00022,00006846,45,　本命は…その中の誰でもない」,the one you really like isn't any of them.,,
ID00022,000068a1,15,「あぁ？」,Huh?,,
ID00022,00006a43,24,「本命は……私」,My true love is... me.,,
ID00022,00006a89,21,「ハァア！？」,Haa!?,,
ID00022,00006c31,54,「プールでのこと……私は覚えてる…」,I remember what happened in the pool...,,
ID00022,00006dfa,30,「先輩は……初めて…,Senpai is... my first...,,
ID00022,00006e27,48,　私を録りたいと言ってくれた人」,ask me to record you.,,
ID00022,00006fea,60,「髪型が個性的で…いいってほめてくれた」,Your hair's so unique... you said it was great.,,
ID00022,0000708b,48,「そ、そりゃそうだけど、お前…」,"W-well, yeah, but you...",,
ID00022,0000724e,39,「デートに…連れてって…」,You took me... on a date...,,
ID00022,000072a3,24,「デートォ！？」,A d-date!?,,
ID00022,00007320,39,「遊園地の…プールがいい。,Let's go to an amusement park... pool.,,
ID00022,00007356,30,　水着姿で……悩殺」,In a swimsuit... killing me.,,
ID00022,000073a2,27,「マ、マジか！？」,R-Really!??,,
ID00022,00007465,15,「マジ…」,Seriously...,,
ID00022,000074a2,63,「わ、わかった…俺はいいけど…妖かしは…」,"W-Well... I'm fine with it, but Yokaishi is...",,
ID00022,00007674,57,「すべては……デートした後に…わかる」,Everything will be clear after we go on the date...,,
ID00022,00007840,48,「日曜日の１５時に…駅前踏切で…,On Sunday at 3 PM...,,
ID00022,0000787f,21,　待ち合わせ」,Meet up,,
ID00022,00007d51,63,こうして、内魔とデートの約束を取り付けた。,"Like this, I made a date with Neruma.",,
ID00022,00007dbe,72,妖かしだの、取り憑かれてるだの…非現実的すぎる、,Yokai and possession... too unreal.,,
ID00022,00007e15,60,けど、言われるとおりにした方がいいよな。,"But, it might be better to do as she says.",,
ID00023,00002bcd,23,「@str_000先輩…」,@str_000-senpai...,,
ID00023,00002c12,18,「あ、内魔」,"Oh, Inner Demon.",,
ID00023,00002db7,27,「一緒に…帰ろう」,Let's go home... together.,,
ID00023,00002e00,30,「お、おう、いいぞ」,"Y-yeah, sure.",,
ID00023,00002fc3,15,「フフ…」,Heh heh...,,
ID00023,00003344,36,「はうぁうぁ…Ｅ動画部の,Ahhh... the E-Drama Club's,,
ID00023,00003377,62,　ミスティックガールが@str_000と一緒にィィ」,going home with @str_000 too~,,
ID00023,000033e3,57,「同じ部とはいえ、一緒に帰る仲なのか」,You two are close enough to walk home together?,,
ID00023,0000396a,45,「お前、結構人気あるんだなぁ」,Looks like you're pretty popular around here.,,
ID00023,00003b3c,33,「そんなことは…ない」,That's not really... true.,,
ID00023,00004049,36,「どこか寄って帰るか？」,Wanna stop by somewhere?,,
ID00023,0000409b,56,「まっすぐ…宿舎の@str_000先輩の部屋へ」,Straight to... @str_000-senpai's room.,,
ID00023,00004101,42,「俺の部屋！？　なんで！？」,My room!?! Why!??,,
ID00023,00004159,21,「対決の…時」,When we fight...,,
ID00023,000046a3,44,「あら、悠子ちゃん、@str_000君、,"Oh, Yuuko-chan, @str_000-kun,",,
ID00023,000046de,33,　一緒に帰ってきたの？,You're coming home together?,,
ID00023,0000470e,33,　隅に置けないわねぇ」,I can't ignore you two.,,
ID00023,0000475d,15,「はは…」,Heh...,,
ID00023,000047ea,15,「じゃ…」,Then...,,
ID00023,00004c89,48,「ちょ、ちょっと、どこ行くの！？,"Hey, wait a sec! Where are you going!?",,
ID00023,00004cc8,33,　そっちは男子宿舎…」,That way's the boys' dorm...,,
ID00023,00004d67,27,「破ーーーーッ！」,Braaaak!,,
ID00023,00004f8c,15,「あう…」,Ahh...,,
ID00023,00005042,45,「なにも見なかった……いい？」,I didn't see anything... okay?,,
ID00023,0000515a,42,「なにも……見なかった……」,I didn't see anything...,,
ID00023,0000525c,42,「大人しく……座ってる……」,Just sit there quietly...,,
ID00023,0000533b,15,「はい…」,Yes...,,
ID00023,00005685,39,「な、なにやったんだよ？」,What the hell did you do?,,
ID00023,00005784,24,「気を送った…。,I sent my energy...,,
ID00023,000057ab,45,　しばらくしたら…正気に戻る」,You'll come to your senses in a while.,,
ID00023,0000584a,48,「お前、そんなこと出来んのか？」,Can't you do that kind of thing?,,
ID00023,0000593b,15,「急ごう」,Let's hurry up.,,
ID00023,00005f04,39,「これからなにする気だよ？,What are you planning to do next?,,
ID00023,00005f3a,30,　なにがなんだか…」,What the hell...,,
ID00023,000060b4,63,「先輩に取り憑いた妖かしを…引きずり出す」,Drag out what's possessing Misaki-senpai...,,
ID00023,00006165,15,「ハァ？」,Huh?,,
ID00023,00006307,36,「妖かしは…淫夢の中で…,It's in... your erotic dreams...,,
ID00023,0000633a,56,　@str_000先輩の好みの女子を…探ってた」,"Looking for girls to her taste, @str_000.",,
ID00023,000065dd,42,「けど…この間のデートで…」,But... during our date the other day...,,
ID00023,0000668f,44,「@str_000先輩の本命は私だと…、,Miu-chin said @str_000'd choose me over...,,
ID00023,000066ca,42,　妖かしに思い込ませてある」,Got it stuck in its head...,,
ID00023,000068ad,12,「なっ」,What?,,
ID00023,000068e7,42,「あれは、演技だったのか？」,Was that just an act...?,,
ID00023,00006afe,27,「…仕方なかった」,I guess I had no choice...,,
ID00023,00006b47,30,「そうだったのか…」,"Oh, I see...",,
ID00023,00006cf8,33,「がっかり…してる？」,You're disappointed...?,,
ID00023,00006d81,30,「そりゃそうだろ！」,Of course you are!,,
ID00023,00007121,39,「それは……うれしい……」,That's... nice...,,
ID00023,000072db,54,「私にも…チャンスはあるということ。,It means there's still a chance for me too.,,
ID00023,00007320,60,　真の姿を見ても…想いが変わらないなら」,If your feelings don't change...,,
ID00023,0000946e,42,「我が陰の名は、内魔院悠狐！,"My true name is, Yūko Mahiya!",,
ID00023,000094a7,54,　内に魔を宿し闇の巫女の末えーい！」,I bear a demon and am her successor!,,
ID00023,000098e6,48,「先輩に取り憑きし、妖かしの魂、,"I possess you, Senpai! The soul of a demon,",,
ID00023,00009925,30,　浄化せしめーん！」,Purify yourself--!!,,
ID00023,00009abe,27,「いつかの格好…」,That outfit...?,,
ID00023,00009c64,39,「な、なんだその格好！？」,W-What's with that getup!?,,
ID00023,00009e1e,60,「これは、我が血脈に伝わる装束なのじゃ」,This is my family's attire.,,
ID00023,0000a01c,54,「ささ、ベッドにもたれて座るのじゃ」,Now sit on the bed.,,
ID00023,0000a080,24,「な、なんで…」,Wh-why...?,,
ID00023,0000a0c6,30,「いいからいいから」,"Just relax, okay?",,
ID00023,0000a6b9,27,「わ、わかったよ」,S-Sure thing,,
ID00023,0000b7d0,51,「妖かしは、取り憑いた男を惑わし、,"The succubus bewitches the man she possesses,",,
ID00023,0000b812,57,　男の精を吸い尽くしちゃうんだよ～ん」,sucks him dry of his essence~,,
ID00023,0000bbde,15,「精を？」,His essence?,,
ID00023,0000bd49,27,「つまり……ここ」,In other words...here.,,
ID00023,0000bf56,39,「こ、ここって、おい！？」,Here? What the hell!?,,
ID00023,0000bfc4,42,「フフッ、私が満足させれば、,"Hehe, once I'm satisfied,",,
ID00023,0000bffd,48,　たまらず飛び出しちゃうのじゃ」,I'll make you burst out in the end.,,
ID00023,0000c14b,48,「そ、それって、なんてエロゲ？」,S-Some kind of porn game?,,
ID00023,0000c5a0,48,「おわっ！　なんか高まってきた！,Whoa! I'm getting hot!,,
ID00023,0000c5df,30,　よせ！　やばい！」,Stop it! This is bad!,,
ID00023,0000ca49,57,「お～の～れ～、さ～せ～は～せ～ぬ～」,"Oooh, you won't get away with it~",,
ID00023,0000dd88,42,「出たなぁ～っ！　やっぱり、,"You came out! Just as I thought,",,
ID00023,0000ddc1,57,　デジカムに取り憑いていたのじゃあ！」,you were possessed by the digital camera~!,,
ID00023,0000df56,57,「電源を切れば、私の動画に映らないし、,You won't show up in my video~,,
ID00023,0000df9e,45,　うまく考えたものなのじゃ！」,You sure are clever~!,,
ID00023,0000e31d,54,「もう一歩で～、虜にできたものを～」,"Just one more step, and you'll have captured me~",,
ID00023,0000e698,33,「お前、雪娘じゃろ！」,You're the Snow Maiden!,,
ID00023,0000e8d0,30,「い～か～に～も～」,I won't give up so easily~,,
ID00023,0000e91c,57,「その男は私のもの～、渡しはせ～ぬ～」,That guy's mine~ I'm not giving him up~,,
ID00023,0000ec9a,45,「そう言われて引き下がるほど、,I don't back down that easily.,,
ID00023,0000ecd6,30,　甘くはないのじゃ」,It ain't that easy~,,
ID00023,0000ef8b,48,「お前の想い、私が引き受ける！」,I'll take your feelings on myself!,,
ID00023,0000f30d,21,「あ～～ん？」,A~n?,,
ID00023,0000f587,48,「私の姿に憑依したのが運の尽き！,That my soul got possessed was just bad luck!,,
ID00023,0000f5c6,63,　我が闇の住人となり、共に生きるがいい！」,Be a dweller in my darkness and live with me!,,
ID00023,00011d7d,30,「先輩……先輩……」,Senpai... Senpai...,,
ID00023,00011e3f,15,「先輩…」,Senpai...,,
ID00023,00011e7c,36,「吹雪…吹雪がああっ！」,Hoshibuki... Hoshibuki! Ahh!,,
ID00023,0001282b,36,「はっ！　また…夢か…」,Hah! Another... dream...,,
ID00023,000129e2,33,「どんな夢…だった？」,What kind of dream was it...?,,
ID00023,00012a31,51,「そりゃお前！　お前が変身して！」,It's you! You're the one who transformed!,,
ID00023,00012bc0,21,「それで…？」,So...?,,
ID00023,00012c03,60,（あんなこと…してくれそうになったとは、,I never thought you'd do something like that...,,
ID00023,00012c4e,18,　言えねー）,I can't say that!,,
ID00023,00012c8e,33,「な、なんでもねーよ」,N-nothing...,,
ID00023,00012e4f,57,「もう…危機は去った。淫夢は…見ない」,Never again... I won't have any more dirty dreams.,,
ID00023,00012eb6,18,「本当か？」,You sure?,,
ID00023,0001309e,60,「寝てる間に…祓っておいた。信じていい」,I cleansed it while you were sleeping. Trust me.,,
ID00023,00013108,60,「いつから眠ったのか、全然覚えてねーよ」,I don't even remember when I fell asleep.,,
ID00023,000131ec,24,「それで…いい」,That's all right...,,
ID00023,00013283,45,「私は……闇の住人だから……」,I'm... a resident of the darkness...,,
ID00023,0001375e,57,こうして俺は、雪娘とかいう妖かしから、,And I got attacked by a yokai named Yuki-musume.,,
ID00023,000137a6,57,解放されたらしい。なにがなんだか…？？,What the hell is going on...??,,
ID00024,00001e56,57,（なんかこの夏、いろいろあったなぁ…）,"Man, this summer was a real trip...",,
ID00024,00001ebd,47,「@str_000先輩……ここにいた……」,@str_000-senpai... you were here...,,
ID00024,00001f1a,24,「ん？　内魔か」,Huh? It's Nekoma?,,
ID00024,0000248e,51,「な、なんで、スク水なんだよ！？」,W-Why are you in that swimsuit!?,,
ID00024,00002526,36,「事情は…あとでわかる」,You'll understand later.,,
ID00024,00002578,33,「あぁ？　…そうかよ。,...Oh yeah? So it is.,,
ID00024,000025a8,39,　変わってるよな、お前は」,"You've really changed, haven't you?",,
ID00024,00002762,27,「普通では…ない」,Not exactly normal.,,
ID00024,00002832,30,「ははは、そうだな」,"Haha, yeah.",,
ID00024,000029e3,30,「フフフフフフフフ」,Heheheheheh,,
ID00024,00002a66,24,「…ありがとな」,...Thanks a lot,,
ID00024,00002c11,12,「え？」,What?,,
ID00024,00002c82,30,「おかげで、あれから,"Thanks to you, I haven't",,
ID00024,00002caf,39,　変な夢を見なくなったよ」,been having weird dreams lately.,,
ID00024,00002e32,45,「妖かしに取り憑かれたとかは、,Not that I actually believe,,
ID00024,00002e6e,45,　未だに半信半疑なんだけどな」,I still kinda doubt it though.,,
ID00024,0000302e,51,「それで…いい。闇の世界のことは、,"But it's fine. As for the dark world,",,
ID00024,00003070,42,　闇の住人に任せておけば…」,Leave it to the dark's denizens.,,
ID00024,0000327d,27,「けど…先輩は…」,But... senpai is...,,
ID00024,0000346f,12,「ん？」,Hm?,,
ID00024,00003668,27,「なんでも…ない」,It's nothing...,,
ID00024,00003816,45,「あのアイスの棒…持ってる？」,You still got that popsicle stick...?,,
ID00024,00003871,21,「ん？　ああ」,Hm? Yeah.,,
ID00024,00003a19,15,「見せて」,Show me.,,
ID00024,00003a56,12,「ほら」,Here.,,
ID00024,00003b7c,51,「そのアイスの名前、思い出したよ。,I remembered the name of that popsicle.,,
ID00024,00003bbe,36,　『雪娘アイスバー』だ。,'Snow Maiden Ice Bar'.,,
ID00024,00003bf1,45,　けど、検索しても出なくてな」,But I couldn't find it online.,,
ID00024,00003db1,44,「それは当たり前。@str_000先輩に,"That's obvious. To @str_000-senpai,",,
ID00024,00003dec,60,　取り憑くために…雪娘が姿を変えていた」,Snow Maiden had to disguise herself...,,
ID00024,00003e56,24,「なんで俺に？」,Why me?,,
ID00024,00004001,33,「先輩は……まれに見る,You're... unusually prone,,
ID00024,00004031,36,　取り憑かれやすい体質」,"to being possessed,",,
ID00024,000040fe,27,「そうなのか！？」,Is that so!?,,
ID00024,000042ac,48,「それも…女子の妖かしや、霊に」,especially by female spirits.,,
ID00024,00004341,63,「そんなの、たとえ女子でもうれしくないぞ」,"I'm not happy about that, even if you're a girl.",,
ID00024,00004513,57,「そもそも…生まれつき…女難の相の人」,Someone born with a woman-hating face.,,
ID00024,0000457a,54,「あーそれはわかる。姉にも、妹にも、,"Ah, I get it. My sister and my younger sister too,",,
ID00024,000045bf,45,　振り回されてばっかだからな」,You're always being dragged around.,,
ID00024,0000477f,21,「私にも…ね」,I am too...,,
ID00024,000048f0,48,「お前には助けられてばっかだよ」,You've only ever helped me out.,,
ID00024,00004ab3,48,「やるべきことを…やったまで…」,All I did was what I had to do...,,
ID00024,00004ca3,15,「けど…」,But...,,
ID00024,00004ce0,12,「ん？」,Hm?,,
ID00024,00004ed9,51,「アイスバーの“あたり”の文字が…,The 'win' text on the ice bar...,,
ID00024,00004f1b,36,　消えてない。…やはり」,is still there... I knew it.,,
ID00024,00004f6d,21,「なんだよ？」,What's up?,,
ID00024,00005115,45,「私の中の雪娘は……まだ先輩に,Still with Misaki-senpai.,,
ID00024,00005151,27,　未練を残してる」,Has lingering feelings.,,
ID00024,000052ff,51,「先輩を…虜にしたいと…望んでる」,She hopes to have him under her spell!,,
ID00024,00005360,36,「ハァ！？　マジか！？」,Hah?! Really?!,,
ID00024,0000555a,42,「欲望を満たしてやらないと…,If I don't satisfy that desire...,,
ID00024,00005593,33,　闇の世界に還らない」,Won't return to darkness.,,
ID00024,00005747,60,「どうやって！？　せ、精がどうしたとか、,"How the hell!? What's with your stamina, damn it...",,
ID00024,00005792,30,　よしてくれよ！？」,Help me out here!?,,
ID00024,00005943,30,「私を……録って…」,Record...me...,,
ID00024,0000598f,15,「は…？」,Huh...?,,
ID00024,00005b31,27,「私が…ことごとく,I...everything,,
ID00024,00005b5b,63,　淫夢を邪魔したのが…気に入らないらしい」,Don't like being interrupted.,,
ID00024,00005d2d,54,「先輩に…存分に録ってもらいたいと…,She wants Misaki-senpai to record her...,,
ID00024,00005d72,27,　雪娘が望んでる」,as much as possible.,,
ID00024,00005dbb,45,「そ、それでスク水なのか！？」,So that's why she's in a swimsuit!?,,
ID00024,00005f7b,33,「私がこの格好の時…」,When I was dressed like this...,,
ID00024,0000612f,39,「髪型が個性的で…いいと、,"You said my hairstyle... looked good,",,
ID00024,00006165,51,　言ってくれたのに…録れなかった」,but you couldn't record it...,,
ID00024,00006493,39,「私も……あれは…未練…」,I still have regrets about that...,,
ID00024,000064e8,15,「内魔…」,Inner devil...,,
ID00024,000066e4,27,「よし！　録るぞ！,Alright! Let's do it!,,
ID00024,0000670e,39,　バッチリ録らせてくれ！」,Make sure to get everything!,,
ID00024,00006a52,15,「ウフッ」,Hehe.,,
ID00024,000070f4,21,「ウフフフッ」,Heheheh.,,
ID00024,00007777,39,「よし！　ラストカットは、,"Alright! For the last shot,",,
ID00024,000077ad,54,　あえて目を見せて、微笑んでくれ！」,please look at me and smile!,,
ID00024,00007811,18,「…こう？」,...Like this?,,
ID00024,00007b24,15,「フフッ」,Heh heh.,,
ID00024,0000832c,42,「オッケー！　バッチリだ！」,Okay! Perfect!,,
ID00024,000083bf,33,（かわいかった…な…）,(She was cute... wasn't she...),,
ID00024,0000840e,36,「私も…雪娘も…満足…」,I'm... satisfied... too...,,
ID00024,00008fa3,54,「まだ、雪娘は闇に還らないのかよ？」,She's not returning to the darkness yet?,,
ID00024,00009007,21,「もうすぐ…」,It won't be long...,,
ID00024,0000909a,12,「ほら」,Here.,,
ID00024,000090d4,12,「あ…」,...,,
ID00024,000093ee,33,「狐火……きれい……」,Fox fire... so pretty...,,
ID00024,0000957d,54,「夏が終わり……霊が…還っていく…」,Summer is ending... spirits are going back...,,
ID00024,00009643,36,「雪娘も……闇に還った」,Returned to darkness.,,
ID00024,0000a164,42,「“あたり”の字が…消えた」,'Here' disappeared...,,
ID00024,0000a1bc,15,「おっ！」,Whoa!,,
ID00024,0000a35e,60,「けど…また来年ね…って、言い残した…」,But... I left it at 'next year'...,,
ID00024,0000a3c8,21,「なにっ！？」,What!?,,
ID00024,0000a570,48,「先輩は…女難の相の人…だから」,Senpai attracts trouble.,,
ID00024,0000a5ce,60,「はぁ…初めて見るアイスに気をつけるよ」,First time with ice cream...,,
ID00024,0000a79d,21,「フフフフ…」,Hehehe...,,
ID00024,0000a7e0,39,「もう、夏も終わりだなぁ」,"Summer's almost over, huh.",,
ID00024,0000a8c8,36,「そう…もう…終わり…」,Yeah... It's all... over...,,
ID00024,0000aa98,33,「Ｅ動画部展…先輩は…,E-Drama Club exhibit...,,
ID00024,0000aac8,48,　どんな動画を展示するつもり？」,What kind of video are you planning to show?,,
ID00024,0000ab26,39,「そうだな……たぶん……」,Yeah... probably...,,
ID00024,0000abb2,21,「たぶん…？」,Probably...?,,
ID00024,0000abf5,63,「本番のお楽しみだ。一緒に見てくれるか？」,Join me for the show?,,
ID00024,0000add9,18,「私…と？」,You... and me?,,
ID00024,0000ae19,12,「ああ」,Yeah.,,
ID00024,0000affb,21,「わかった…」,Got it...,,
ID00024,0000b4be,33,「楽しみに…してる…」,I'm looking forward to it...,,
ID00024,0000b50d,66,こうして、内魔と一緒に動画を見る約束をした。,"And so, I planned to watch videos with Uramaru.",,
ID00027,000014e0,30,「せ～んぱ～～い…」,Senpai...,,
ID00027,0000152c,30,「ああっ！　内魔！」,Ah! Naima!,,
ID00027,000017dc,42,「な～ぜ、来なかったぁ～～。,Why didn't you come~?,,
ID00027,00001815,51,　う～～ら～～め～～し～～や～～」,You bastard~,,
ID00027,000019e8,33,「ご、ごめん！　その…,Sorry! Um...,,
ID00027,00001a18,54,　急な家族のトラブルで！　それで…」,There was a sudden family issue! And...,,
ID00027,00001ab3,33,「ト～ラ～ブ～ル～？」,Trouble~?,,
ID00027,00001c67,48,「詳しいことは言えないんだけど、,"I can't really go into details, but",,
ID00027,00001ca6,54,　どうしても…行けなくなったんだ…」,I just... couldn't go anymore...,,
ID00027,00001f30,45,「連絡は？　なぜしなかった？」,Did you try to contact me? Why not?,,
ID00027,00001f8b,27,「焦ってたんだよ！,I was freaking out!,,
ID00027,00001fb5,51,　スマホを部屋に置いて出ちゃって、,"I left without my phone in my room,",,
ID00027,00001ff7,48,　かけたくてもかけられなくて…」,"I wanted to call, but I couldn't...",,
ID00027,00002183,12,「む…」,Ugh...,,
ID00027,00002276,45,「なら……いい……不可抗力…」,Then it's fine... It wasn't your fault...,,
ID00027,000022d1,18,「ごめん…」,Sorry...,,
ID00027,0000236e,51,「危うく…先輩を呪うところだった。,I almost cursed you right there.,,
ID00027,000023b0,24,　気をつけて…」,Be careful...,,
ID00027,0000242d,45,「お、おう、怖いこと言うなよ」,"S-Sorry, don't scare me like that",,
ID00027,000025ed,45,「デートの約束は…まだ有効？」,Is the date... still on?,,
ID00027,00002648,36,「あ、ああ、もちろん！」,"Y-Yeah, of course!",,
ID00027,000026d1,63,「では…都合がいい時に誘って…。待ってる」,Then... I'll wait.,,
ID00027,0000273e,21,「すぐ誘うよ」,I'll ask you soon.,,
ID00027,00002a67,45,（ヤバかった…。なんとかウソで,That was close...,,
ID00027,00002aa3,42,　切り抜けたけど、こんなこと,"I got away with a lie, but still.",,
ID00027,00002adc,27,　もう出来ないぞ）,You can't do that anymore.,,
ID00027,00002b25,60,（もう一度、彼女の好感度を最大限上げて、,I need to boost her likeability again.,,
ID00027,00002b70,57,　レコセッションが終わった後に誘おう。,Let's invite her after the recital.,,
ID00027,00002bb8,21,　それがいい）,That sounds good.,,
ID00028,000015d7,51,「う～～ら～～め～～し～～や～～」,"Ughhh, damn it...",,
ID00028,00001638,30,「ああっ！　内魔！」,Ah! Naima!,,
ID00028,00001a16,42,「ま～た～、来なかった～～。,You didn't show up again~,,
ID00028,00001a4f,30,　呪ってや～る～～」,I'll curse you~,,
ID00028,00001a9b,60,「ご、ごめん！　家族のトラブルがまた…」,S-Sorry! Family trouble again...,,
ID00028,00001c6a,42,「ホ～～ン～～ト～～に～？」,R-really?,,
ID00028,00001cc2,27,「ほ、本当だよ！」,"Y-Yeah, really!",,
ID00028,00001e70,42,「真～奈～に～聞～く～ぞ～」,I'm gonna ask Mana~,,
ID00028,00001ec8,12,「え…」,Huh...?,,
ID00028,00002067,27,「やっぱり嘘ぉ～」,Of course it's a lie~,,
ID00028,00002215,30,「呪ってや～る～～」,I'll curse you~,,
ID00028,00002261,57,「ごめん！　魔が差したんだ！　つい…」,Sorry! The devil made me do it...,,
ID00028,0000242d,30,「許さな～～い～～」,No way I'll forgive you~,,
ID00028,000025de,42,「先輩なんか…先輩なんか～、,I won't forgive someone like you...,,
ID00028,00002617,57,　淫夢に取り憑かれて…果ててしまえ～」,Possessed by lewd dreams... Cum away~,,
ID00028,0000267e,15,「うぅ…」,Ugh...,,
ID00028,000029b5,51,「所詮…闇に生きる者は……孤独…」,"In the end, those in darkness are alone.",,
ID00028,00002bd5,42,「もう……話しかけないで…。,Don't talk to me anymore...,,
ID00028,00002c0e,54,　中途半端な暖かさは……辛いだけ…」,It's just painful...,,
ID00028,00002cd9,15,「内魔…」,Inner devil...,,
ID00028,00002e7b,63,「馴れ馴れしくしたら……わら人形で…呪う」,"If you're too familiar, I'll curse you.",,
ID00028,0000304d,21,「さよなら…」,Goodbye...,,
ID00028,00003376,51,「あぁ……うわあああああああっ！」,Ahh... ughhhhhh!!!,,
ID00028,000033d7,60,（なんて…なんてことをしてしまったんだ、,What have I done...,,
ID00028,00003422,15,　俺は…）,I...,,
ID00028,0000345f,60,（彼女をあんなに傷つけて…悲しませて…。,I hurt her so much... made her cry...,,
ID00028,000034aa,42,　もう何を言ってもムダだ…。,It's too late now no matter what I say...,,
ID00028,000034e3,51,　きっと…目も合わせてもらえない）,She'll probably... won't even look at me.,,
ID00028,00003544,45,（俺と…内魔は…終わったんだ。,It's over between me... and Urami...,,
ID00028,00003580,54,　ただの先輩と後輩ですらないんだ…）,We're not even seniors and juniors anymore...,,
ID00028,00003667,60,（内魔と真奈が…知り合いだったなんて…）,I can't believe Urami and Mahiro knew each other...,,
ID00030,0000319d,45,（内魔だ！　一緒にプールだ！）,(It's Inuma! Let's go to the pool together!),,
ID00030,00003678,27,（あいつと、２人で,Just the two of us.,,
ID00030,000036a2,48,　出かけることになるなんてなぁ）,...just the two of us.),,
ID00030,00003c48,12,「よぉ」,Yo.,,
ID00030,00003e47,29,「あ…@str_000先輩…」,Ah...@str_000-senpai...,,
ID00030,0000411f,27,「時間…ちょうど。,Just in time...,,
ID00030,00004149,39,　遅刻しないとは…感心…」,Not late once... Impressive...,,
ID00030,00004269,21,「お前こそな」,"""Same goes for you.""",,
ID00030,00004411,57,「私は…楽しみにしてたから…遅れない」,I was looking forward to it...,,
ID00030,000045dd,51,「先輩は…？　楽しみに…してた？」,How about you? Were you looking forward to it too?,,
ID00030,0000490f,27,「ああ、もちろん」,"Sure, of course.",,
ID00030,0000498f,30,（内魔の私服姿…か）,Nemama in casual clothes...,,
ID00030,00004a5f,42,（なかなか個性的な感じだな）,"(She's quite unique, isn't she?)",,
ID00030,00004b37,36,「お気に入り…着て来た」,Wore my favorite...,,
ID00030,00004bf8,51,「お、おう！　すごく似合ってるよ」,Y-Yeah! It really suits you.,,
ID00030,00004dd0,21,「…うれしい」,...That's nice.,,
ID00030,00004e13,21,「さ、行くか」,Let's go then.,,
ID00030,00004ee2,18,「…行こう」,Shall we?,,
ID00030,000053c2,27,「宿舎暮らしだと、,"Living in the dorms,",,
ID00030,000053ec,51,　滅多に電車に乗らなくなるよなぁ」,"I don't ride the train much anymore, huh?",,
ID00030,0000544d,54,「私は……乗ってる。休みの日とか…」,But I do... on days off...,,
ID00030,000054b1,30,「どこ行ってんだ？」,Where you going?,,
ID00030,000054fd,33,「心霊スポット巡り…」,Haunted spot tour...,,
ID00030,0000554c,39,「はいはい、気をつけろよ」,"Yeah yeah, be careful.",,
ID00030,00005b56,30,「じゃあ、着替えて、,Let's change.,,
ID00030,00005b83,48,　プールサイドで待ち合わせだな」,"Meet me by the poolside, okay?",,
ID00030,00005e00,21,「わかった…」,Got it...,,
ID00030,00006138,27,「な、なんだよ？」,What's up?,,
ID00030,00006340,57,「プールの更衣室まで……腕…組んで…」,We'll go to the changing rooms... Hold my arm...,,
ID00030,000063a7,24,「マ、マジか？」,R-Really?,,
ID00030,00006552,30,「デートなら…当然」,If it's a date... Of course.,,
ID00030,0000659e,27,「い、いいけど…」,"Y-Yeah, but...",,
ID00030,00006a8b,15,「ぎゅ…」,Squeeze...,,
ID00030,00006ac8,63,（ま、まるでつき合ってるみたいじゃねーか）,You're acting like we're dating or something...,,
ID00030,00006b35,48,（内魔…俺に気があったのか…？）,Nanami... did you have a thing for me?,,
ID00030,00007225,27,（内魔は…まだか。,"Where is Nanami, anyway.",,
ID00030,0000724f,51,　一体どんな水着なんだろうなぁ…。,I wonder what kind of swimsuit she's wearing...,,
ID00030,00007291,48,　ワンピース？　意外とビキニ？）,A one-piece? Or maybe a bikini?,,
ID00030,0000786b,30,「先輩…お待たせ…」,Senpai... sorry...,,
ID00030,000078b7,36,「おおっ！　ビキニか！」,Wow! A bikini!,,
ID00030,00007a6e,15,「…変？」,...Weird?,,
ID00030,00007b2f,39,「い、いや、似合ってるよ」,"N-no, it suits you.",,
ID00030,00007d32,36,「フフフ…夏は…女の子を,Hehe... Summer makes...,,
ID00030,00007d65,30,　開放的にさせる…」,girls more relaxed...,,
ID00030,00007e20,30,「開放的なところで、,"In a relaxed place like this,",,
ID00030,00007e4d,39,　ちょっと録らせてくれよ」,let me record a bit.,,
ID00030,00008007,45,「じゃあ、夏らしいポーズを…」,Then let's do some summer poses...,,
ID00030,00008351,36,「う～ら～め～し～や～」,U~ra~me~shi~ya~,,
ID00030,000084e3,51,「楽しくしないと～、取り憑くぞ～」,"If you're not fun, I'll possess you~",,
ID00030,00008d80,60,「ははは、お前みたいなのが取り憑くなら、,"Hahaha, if you're gonna possess someone like me,",,
ID00030,00008dcb,27,　大歓迎だけどな」,then I'm all for it!,,
ID00030,00008f8b,12,「え…」,Huh...?,,
ID00030,00008ffc,54,「あ、い、いや、深い意味じゃないぞ！,"Ah, n-no, not in that way though!",,
ID00030,00009041,27,　深い意味じゃ…」,"I mean, not really...",,
ID00030,000091ef,15,「フフ…」,Heh heh...,,
ID00030,0000922c,39,「さ、さあ！　泳ごうぜ！」,C'mon! Let's go swimming!,,
ID00030,0000975d,24,「それそれっ！」,That's right!,,
ID00030,000097a3,18,「ひゃあ～」,Eeek~,,
ID00030,000097e3,45,「先輩…流れるプールを一周…」,Sis...swimming around the pool once...,,
ID00030,0000983e,24,「おっ、いいな」,"Oh, nice!",,
ID00030,000098f2,51,「なかなか泳ぎ、うまいじゃないか」,"Not bad, you're pretty good at swimming.",,
ID00030,00009953,57,「フフフ…古式泳法は…長く泳ぐための…,Heheh... The old-fashioned style of swimming is...,,
ID00030,0000999b,42,　泳ぎ方。決して…溺れない」,Swimming style... You'll never drown.,,
ID00030,000099f3,57,「へ～っ。…それって、泳げないヤツには,"Huh~? ...That means, for those who can't swim",,
ID00030,00009a3b,48,　どうなんだ？　覚えやすいか？」,Is it easy to learn?,,
ID00030,00009a99,27,「真奈の…こと？」,You mean Mana's...?,,
ID00030,00009b36,12,「ああ」,Yeah.,,
ID00030,00009b9f,54,「お前、俺の妹のこと知ってるのか？」,Do you know about my sister?,,
ID00030,00009c03,36,「真奈は……監視対象…」,Mana's under surveillance...,,
ID00030,00009c55,12,「あ？」,Huh?,,
ID00030,00009cbe,54,「彼女は…力を封じられてるぐらいが…,She's just got her powers sealed up...,,
ID00030,00009d03,27,　ちょうどいい…」,That's perfect...,,
ID00030,00009d4c,63,「覚醒すると…とんでもないことに…なる…」,If she wakes up... it'll be catastrophic...,,
ID00030,00009db9,51,「はいはい。あいつに、お前みたいに,"Yeah, yeah. That guy's got you marked as",,
ID00030,00009dfb,48,　話の合う友達がいてよかったよ」,Someone who gets along with you so well.,,
ID00030,00009e59,21,「フフフフ…」,Hehehe...,,
ID00030,00009ed7,51,こうして、内魔とひとしきり泳いだ。,We swam together like this for a while.,,
ID00030,00009f73,36,「先輩…ちょっと休憩…」,Senpai... can we take a break...,,
ID00030,00009fc5,39,「そうだな、一休みするか」,"Sure, let's take a break.",,
ID00030,0000a01a,39,「日焼け止め…塗り直す…」,Sunscreen... I need to reapply it...,,
ID00030,0000a06f,12,「あ…」,...,,
ID00030,0000a31c,42,「お前…そんな目してたのか。,You were looking at me like that...,,
ID00030,0000a355,36,　かわいい…じゃないか」,You're so cute...,,
ID00030,0000a77f,39,「かわいい……なんて……」,...don't say stuff like that...,,
ID00030,0000a981,30,「もっと…言って…」,Say more... please...,,
ID00030,0000b38a,45,「なんでいつも隠してるんだ？」,Why do you always hide it?,,
ID00030,0000b476,33,「出す時は…出してる」,When I have to... I show it.,,
ID00030,0000b4fc,33,「いつ出してんだよ？」,When do you ever show it?,,
ID00030,0000b6b0,21,「除霊の…時」,During... exorcisms,,
ID00030,0000b821,36,「ま～た、そんなことを。,You always say that.,,
ID00030,0000b854,63,　いつも出せばいいのに。もったいないぞ？」,Why not wear it always?,,
ID00030,0000bad6,30,「そんなこと…ない」,That's not true...,,
ID00030,0000bb22,27,「ま、よかったよ」,Good thing you did.,,
ID00030,0000bd19,54,「両目が目玉のおとうさんじゃなくて」,Not when both your eyes are Mr. Eggplant eyes,,
ID00030,0000bee2,21,「フ…フフフ」,...Heh heh heh,,
ID00030,0000cc79,30,「もう、夕暮れか…。,It's already sunset...,,
ID00030,0000cca6,48,　１日なんて、あっという間だな」,The day went by so fast.,,
ID00030,0000ceac,33,「楽しければ…特に…」,If it was fun... especially...,,
ID00030,0000d060,54,「どうする？　どこか寄って行くか？」,What should we do? Go somewhere?,,
ID00030,0000d26c,24,「そうしたい…」,I'd like to...,,
ID00030,0000d2b2,30,「そっか…じゃあ…」,Oh... so...,,
ID00030,0000e2b1,54,「来る間に、すっかり日が暮れたなぁ」,"By the time I got here, it had gotten dark.",,
ID00030,0000e4bd,60,「静かで…いい…。夜は…霊力も上がる…」,It's peaceful... Spirit power rises at night.,,
ID00030,0000e527,63,「はいはい、そんなもん上げてどうすんだ？」,"Yeah, yeah, what're you gonna do with that?",,
ID00030,0000e726,30,「想いを…伝える…」,To convey... my feelings...,,
ID00030,0000e772,12,「あ？」,Huh?,,
ID00030,0000e83d,39,「海が見たい…柵のそばへ」,I wanna see the sea...,,
ID00030,0000e892,18,「あ、ああ」,"Ah, yeah.",,
ID00030,0000eebb,36,「誰もいない…好都合…」,No one around... perfect timing...,,
ID00030,0000f08b,44,「@str_000先輩…よく…聞いて…」,@str_000-senpai... listen carefully...,,
ID00030,0000f270,45,「な、なんだよ、あらたまって」,What's up? You sound so formal.,,
ID00030,0000f449,39,「先輩は…私を録りたいと…,You want to record me...,,
ID00030,0000f47f,42,　言ってくれた…初めての人」,You're the first person to do so.,,
ID00030,0000f669,27,「うれしかった…」,I was happy...,,
ID00030,0000f70c,21,「そ、そうか」,T-that's right.,,
ID00030,0000f8cd,54,「今日のデートも……楽しかった……」,Today's date...was fun too...,,
ID00030,0000f968,30,「俺も楽しかったよ」,I had fun too.,,
ID00030,0000fb46,24,「惹かれてる…」,I'm getting into you...,,
ID00030,0000fb8c,12,「え…」,Huh...?,,
ID00030,0000fd85,27,「私じゃ…嫌…？」,Is it bad if it's me...?,,
ID00030,0000fefc,48,「い、いや、ちょっと待ってくれ」,"N-no, wait a second",,
ID00030,0000ff91,54,「女の子から告白なんて…想定外だ…」,A confession from a girl... I didn't expect that...,,
ID00030,0001015a,48,「今…決めなくていい。考えて…」,You don't have to decide now...,,
ID00030,000101b8,27,「わ、わかった…」,"Y-Yeah, got it...",,
ID00030,00010458,48,「絶対…私を…一番好きになる…」,I'll definitely become the one you like most...,,
ID00030,00010765,24,「つ、冷たっ！」,T-This is cold!,,
ID00030,000109a6,27,「どうか…した？」,What's up?,,
ID00030,00010b1d,48,「デジカムがすげぇ冷たくなった。,The digicam got really cold.,,
ID00030,00010b5c,54,　なんだ？　熱くなることはあっても…,Huh? It gets hot sometimes but...,,
ID00030,00010ba1,18,　だよな？」,Right?,,
ID00030,00010d46,21,「フフフフ…」,Hehehe...,,
ID00031,000014e0,30,「せ～んぱ～～い…」,Senpai...,,
ID00031,0000152c,30,「ああっ！　内魔！」,Ah! Naima!,,
ID00031,000017dc,42,「な～ぜ、来なかったぁ～～。,Why didn't you come~?,,
ID00031,00001815,51,　う～～ら～～め～～し～～や～～」,You bastard~,,
ID00031,000019e8,33,「ご、ごめん！　その…,Sorry! Um...,,
ID00031,00001a18,54,　急な家族のトラブルで！　それで…」,There was a sudden family issue! And...,,
ID00031,00001ab3,33,「ト～ラ～ブ～ル～？」,Trouble~?,,
ID00031,00001c67,48,「詳しいことは言えないんだけど、,"I can't really go into details, but",,
ID00031,00001ca6,54,　どうしても…行けなくなったんだ…」,I just... couldn't go anymore...,,
ID00031,00001f30,45,「連絡は？　なぜしなかった？」,Did you try to contact me? Why not?,,
ID00031,00001f8b,27,「焦ってたんだよ！,I was freaking out!,,
ID00031,00001fb5,51,　スマホを部屋に置いて出ちゃって、,"I left without my phone in my room,",,
ID00031,00001ff7,48,　かけたくてもかけられなくて…」,"I wanted to call, but I couldn't...",,
ID00031,00002183,12,「む…」,Ugh...,,
ID00031,00002276,45,「なら……いい……不可抗力…」,Then it's fine... It wasn't your fault...,,
ID00031,000022d1,18,「ごめん…」,Sorry...,,
ID00031,0000236e,51,「危うく…先輩を呪うところだった。,I almost cursed you right there.,,
ID00031,000023b0,24,　気をつけて…」,Be careful...,,
ID00031,0000242d,45,「お、おう、怖いこと言うなよ」,"S-Sorry, don't scare me like that",,
ID00031,000025ed,45,「デートの約束は…まだ有効？」,Is the date... still on?,,
ID00031,00002648,36,「あ、ああ、もちろん！」,"Y-Yeah, of course!",,
ID00031,000026d1,63,「では…都合がいい時に誘って…。待ってる」,Then...I'll wait.,,
ID00031,0000273e,21,「すぐ誘うよ」,I'll ask you soon.,,
ID00031,00002a67,45,（ヤバかった…。なんとかウソで,That was close...,,
ID00031,00002aa3,42,　切り抜けたけど、こんなこと,"I got away with a lie, but still.",,
ID00031,00002adc,27,　もう出来ないぞ）,You can't do that anymore.,,
ID00031,00002b25,60,（もう一度、彼女の好感度を最大限上げて、,I need to boost her likeability again.,,
ID00031,00002b70,57,　レコセッションが終わった後に誘おう。,Let's invite her after the recital.,,
ID00031,00002bb8,21,　それがいい）,That sounds good.,,
ID00032,000015d7,51,「う～～ら～～め～～し～～や～～」,"Ughhh, damn it...",,
ID00032,00001638,30,「ああっ！　内魔！」,Ah! Naima!,,
ID00032,00001a16,42,「ま～た～、来なかった～～。,You didn't show up again~,,
ID00032,00001a4f,30,　呪ってや～る～～」,I'll curse you~,,
ID00032,00001a9b,60,「ご、ごめん！　家族のトラブルがまた…」,S-Sorry! Family trouble again...,,
ID00032,00001c6a,42,「ホ～～ン～～ト～～に～？」,R-really?,,
ID00032,00001cc2,27,「ほ、本当だよ！」,"Y-Yeah, really!",,
ID00032,00001e70,42,「真～奈～に～聞～く～ぞ～」,I'm gonna ask Mana~,,
ID00032,00001ec8,12,「え…」,Huh...?,,
ID00032,00002067,27,「やっぱり嘘ぉ～」,Of course it's a lie~,,
ID00032,00002215,30,「呪ってや～る～～」,I'll curse you~,,
ID00032,00002261,57,「ごめん！　魔が差したんだ！　つい…」,Sorry! The devil made me do it...,,
ID00032,0000242d,30,「許さな～～い～～」,No way I'll forgive you~,,
ID00032,000025de,42,「先輩なんか…先輩なんか～、,I won't forgive someone like you...,,
ID00032,00002617,57,　淫夢に取り憑かれて…果ててしまえ～」,Possessed by lewd dreams... Cum away~,,
ID00032,0000267e,15,「うぅ…」,Ugh...,,
ID00032,000029b5,51,「所詮…闇に生きる者は……孤独…」,"In the end, those in darkness are alone.",,
ID00032,00002bd5,42,「もう……話しかけないで…。,Don't talk to me anymore...,,
ID00032,00002c0e,54,　中途半端な暖かさは……辛いだけ…」,It's just painful...,,
ID00032,00002cd9,15,「内魔…」,Inner devil...,,
ID00032,00002e7b,63,「馴れ馴れしくしたら……わら人形で…呪う」,"If you're too familiar, I'll curse you.",,
ID00032,0000304d,21,「さよなら…」,Goodbye...,,
ID00032,00003376,51,「あぁ……うわあああああああっ！」,Ahh... ughhhhhh!!!,,
ID00032,000033d7,60,（なんて…なんてことをしてしまったんだ、,What have I done...,,
ID00032,00003422,15,　俺は…）,I...,,
ID00032,0000345f,60,（彼女をあんなに傷つけて…悲しませて…。,I hurt her so much... made her cry...,,
ID00032,000034aa,42,　もう何を言ってもムダだ…。,It's too late now no matter what I say...,,
ID00032,000034e3,51,　きっと…目も合わせてもらえない）,She'll probably... won't even look at me.,,
ID00032,00003544,45,（俺と…内魔は…終わったんだ。,It's over between me... and Urami...,,
ID00032,00003580,54,　ただの先輩と後輩ですらないんだ…）,We're not even seniors and juniors anymore...,,
ID00032,00003667,60,（内魔と真奈が…知り合いだったなんて…）,I can't believe Urami and Mahiro knew each other...,,
ID00035,00000944,15,「先輩…」,Senpai...,,
ID00035,00000981,27,「あっ！　内魔！」,Oh! Nai-ma!,,
ID00035,00000b2f,60,「私と一緒に動画を見る約束だったのに…」,We were supposed to watch the video together...,,
ID00035,00000cf4,18,「ひどい…」,You're mean...,,
ID00035,00000d34,21,「そ、その…」,S-something like...,,
ID00035,00000edc,36,「う～ら～め～し～や～」,U~ra~me~shi~ya~,,
ID00035,000011d1,57,（ごめん…約束破って。けど、俺は……）,(Sorry... for breaking our promise. But I'm...,,
ID00036,000050c1,63,（内魔だ！　それしか動画がなかったんだ！）,It's Inuma! That was the only video I had!,,
ID00036,000053fc,48,まいったよなぁ…。淫夢のせいで、,"Man, what a drag... Because of that dirty dream,",,
ID00036,0000543b,51,まとまった動画が全然録れてない…。,I couldn't record any decent footage at all...,,
ID00036,0000549c,69,けど、楽しい夏だった。内魔とも仲良くなれたし、,But it was fun.,,
ID00036,000054f0,36,今日もいい１日にしよう。,Let's make today a good day too.,,
ID00036,00005542,42,俺は、心に今日のことを刻む。,I'll carve today into my heart.,,
ID00036,0000557b,42,人生という一度きりの動画の、,"This is our one shot at life,",,
ID00036,000055b4,51,掛け替えのないレコチャンスなんだ！,our irreplaceable recording chance!,,
ID00036,00005b29,36,（開場まであと１時間か。,(An hour until opening.),,
ID00036,00005b5c,45,　どこも追い込みで大忙しだな。,"Everyone's in crunch mode, working overtime.",,
ID00036,00005b98,36,　俺も部室へ急がないと）,Gotta hurry to the clubroom.,,
ID00036,00005dff,12,「あ…」,...,,
ID00036,00005e39,39,「内魔、これから部室か？」,"Inuma, heading to the clubroom too?",,
ID00036,0000604f,15,「そう…」,That's right...,,
ID00036,000061b5,30,「ちょうどよかった。,Good timing.,,
ID00036,000061e2,54,　一緒に行って、俺の動画見てくれよ」,Come with me and watch my video,,
ID00036,000063bd,21,「わかった…」,Got it...,,
ID00036,0000728b,27,「どうか…した？」,What's up?,,
ID00036,000072d4,54,「い、いや、なんでもない。すぐ行く」,"N-nothing, I'm going right away",,
ID00036,0000838c,38,「おっ、来たな～、@str_000」,"Oh, you're here~ @str_000",,
ID00036,000084d1,18,「おはよ～」,Good morning~,,
ID00036,00008793,18,「おはよう」,Good morning.,,
ID00036,00008938,54,「おっ、内魔も一緒か。なるほどねぇ」,"Oh, Miu's here too. I see.",,
ID00036,00008cb6,33,「なるほどなるほどぉ」,"I get it, I get it.",,
ID00036,00008d55,30,「ウッヒッヒッヒッ」,Heheheh,,
ID00036,00008df1,24,「ムヒヒヒヒヒ」,Muhihihihihi,,
ID00036,00008e69,51,「なんだよ、気持ち悪い笑い方して」,What the hell are you laughing like that for?,,
ID00036,00008f01,33,「だってよぉ、なぁ？」,"That's right, isn't it?",,
ID00036,0000917e,35,「うんうん、@str_000君が、,"Yeah yeah, @str_000-kun is...",,
ID00036,000091b0,48,　まさか内魔タンのことを…ねぇ」,thinking about Inner Devil Tank...right?,,
ID00036,00009403,57,「あっ！　俺の動画を勝手に見たな！？」,Ah! You watched my video without asking?!,,
ID00036,000095cf,30,「いいだろ？　別に。,"Whatever, I don't care.",,
ID00036,000095fc,51,　どうせこれから公開すんだからよ」,In the end you're gonna post it anyway.,,
ID00036,00009a6e,33,「まず、映ってる本人の,"First, the person in the video",,
ID00036,00009a9e,39,　確認を取ってからだろ！」,should ask for permission first!,,
ID00036,00009b2a,51,「なんだよ、取ってなかったのか？」,"What the hell, you didn't even check?",,
ID00036,00009b8b,36,「これから見せるんだよ」,I'm gonna show you now.,,
ID00036,00009d42,39,「マジか？　手際悪ぃなぁ。,Seriously? You're really slow.,,
ID00036,00009d78,48,　部長なんか、すげぇ気に入って、,The prez really likes it and,,
ID00036,00009db7,57,　モニターをいい場所に置いちまったぞ」,"put the monitor in a good spot, man.",,
ID00036,00009fd3,21,「ええっ！？」,What!??,,
ID00036,0000a025,50,「ナイスジャーーーン！　@str_000！」,Nice joooooorn! @str_000!,,
ID00036,0000a70b,57,「まさか、内魔ちゃんを録るなんてナァ」,"You actually recorded Inner Devil, huh?",,
ID00036,0000aa3c,30,「しかも、ビックリ！,And it's a shocker!,,
ID00036,0000aa69,54,　付き合いの長いオレ達でも知らない、,"Even we long-time buddies didn't know,",,
ID00036,0000aaae,33,　無防備な彼女満載！」,Defenseless girls everywhere!,,
ID00036,0000acf6,48,「これは、学園中に知らしめなきゃ,We gotta spread this all over school.,,
ID00036,0000ad35,24,　ダメっしょ！」,No way we can't!,,
ID00036,0000aecf,60,「いいんですか？　初心者の俺の動画を…」,You're okay with my beginner video...?,,
ID00036,0000b09e,57,「アッレー？　キャリアとか気にすんの？,Huh? You care about experience or something?,,
ID00036,0000b0e6,24,　マッジでー？」,Really?,,
ID00036,0000b3cc,45,「カンケーねーって、そんなの。,"Who cares about that, though.",,
ID00036,0000b408,60,　出来がよければそれでオッケージャン？」,"If it's good enough, that'll do, right?",,
ID00036,0000b549,57,「ドーンと魅せちゃおうゼ、ドーンと！」,"Let's go all out, big time!",,
ID00036,0000b787,60,「けど、アツアツなとこを見せつけんのは、,But don't show off too much of yourself.,,
ID00036,0000b7d2,36,　ほどほどにしてくれよ」,"Ease up a bit, okay?",,
ID00036,0000bb07,39,「そうそう。ムッヒヒヒヒ」,That's right. Muhahaha~,,
ID00036,0000bb9b,24,「ウヒヒヒヒヒ」,Hehehehe~,,
ID00036,0000bc13,63,「はいはい、茶化されるのは覚悟してたって」,"Sure sure, I knew you'd make fun of me.",,
ID00036,0000c10f,54,「内魔、先にみんなが見ちゃったけど、,"Inner Magic, everyone saw it already, but...",,
ID00036,0000c154,39,　さっそく見てくれるか？」,Will you look at it now?,,
ID00036,0000c1a9,21,「わかった…」,Got it...,,
ID00036,0000e9d4,54,「あ……これ…雪娘を…闇に還した時に,Ah...when I sent...,,
ID00036,0000ea19,18,　録った…」,...,,
ID00036,0000ea59,33,「そう。この動画なら、,"Right, if it's this video,",,
ID00036,0000ea89,45,　雪娘も喜んでくれるかなって」,...maybe she'll be happy.,,
ID00036,0000ec5b,12,「あ…」,...,,
ID00036,0000f07f,45,「喜んでる……私にはわかる…」,"...She is happy...,",,
ID00036,0000f0da,30,「そっか、よかった」,"Got it, good then.",,
ID00036,0000f15d,21,「タイトルは…,The title is...,,
ID00036,0000f181,51,　『素顔の…ミスティックガール』」,'The Real Face of Mystic Girl',,
ID00036,0000f360,27,「いいタイトル…」,That's a good title...,,
ID00036,0000f527,21,「ありがとよ」,Thanks.,,
ID00036,0000f6e8,54,「これは……私への…想いの…告白？」,Is this... an expression of your feelings for me?,,
ID00036,0000f74c,60,「ち、ちがっ！　そもそも、これぐらいしか,"N-no! I mean, there just weren't any other videos",,
ID00036,0000f797,60,　展示できそうな動画がなかったんだよ！」,that were suitable to show...!,,
ID00036,0000f97f,48,「雪娘は、こうなることを見越して,Snow Maiden knew this would happen.,,
ID00036,0000f9be,42,　淫夢を仕掛けてたんじゃ…」,and set up the dirty dream...,,
ID00036,0000fa66,57,「フフフ…そういうことに…しておく…」,Heheh... Let's leave it at that...,,
ID00036,0000faf3,57,「ったく…じゃあ、展示してもいいか？」,"Damn it... So, is it okay to display it?",,
ID00036,0000fcbf,21,「問題…ない」,No problem.,,
ID00036,0001032b,57,「オッケーーーイ！　内魔ちゃんの承諾、,"O-KAY! I got Innerma's approval,",,
ID00036,00010373,30,　いただきました！」,Got it!,,
ID00036,0001088a,48,「この勢いで、光海祭の一番人気も,"With this, we'll be...",,
ID00036,000108c9,33,　いただいちゃうゼ！」,too!,,
ID00036,00010a8a,51,「イッツ　ショウターーーーイム！」,It's showtime~!,,
ID00036,00010fb7,42,こうして、光海祭は開幕した。,"And so, the Mitsumi Festival has begun.",,
ID00036,00011f3a,42,「よぉよぉ、そこの兄ちゃん、,"Yo yo, you there, dude,",,
ID00036,00011f73,57,　お宝生動画あるよ～、見てかね～か～」,"I've got some treasure videos, wanna check 'em out?",,
ID00036,0001249c,54,「学園でも指折りの美少女の、体操服や,Check out the school swimsuits and,,
ID00036,000124e1,39,　スク水がいっぱいだよ～」,cute swimsuits!,,
ID00036,000129f8,51,「私の…ドキドキの動画も……ある」,There's... my heart-pounding video too,,
ID00036,00012c69,27,「ウェッヘッヘッ、,"Heheh,",,
ID00036,00012c93,45,　お宝ＤＶＤも販売してるぜ～。,We've got treasure DVDs for sale too~.,,
ID00036,00012ccf,54,　チラリ満載で５００円ポッキリだ！」,Packed with peeks and only 500 yen!,,
ID00036,00013fcd,66,中井たちの客引きもあり、Ｅ動画部展は大盛況。,"Thanks to Nakai's sales pitch, it's packed.",,
ID00036,0001401e,42,ひっきりなしに客が訪れてる。,Customers are coming in nonstop.,,
ID00036,00014076,57,目立つところに展示されてる俺の動画は、,My videos grab everyone's attention.,,
ID00036,000140be,24,常に人だかりだ。,there's always a crowd.,,
ID00036,000143f3,69,その感想はというと…すごく気に入る人もいれば、,Some people really dig it...,,
ID00036,00014447,39,否定的な人もいるって感じ。,Others are less into it.,,
ID00036,0001449c,57,俺は…良くも悪くも、自分の動画に評価が,Getting feedback on my vids matters...,,
ID00036,000144e4,51,下るってことが大事なんだと知った。,whether good or bad.,,
ID00036,000149c5,66,結果を恐れず、人目に触れることが大事なんだ。,Don't be afraid to put yourself out there.,,
ID00036,00014a16,27,きっと次に繋がる。,It leads somewhere good.,,
ID00036,00014a9a,54,目立つ場所に俺の動画を置いてくれた、,Thanks for displaying my video.,,
ID00036,00014adf,39,堂下部長に感謝しなきゃな。,I owe him one.,,
ID00036,000152ca,60,（ん？　内魔がいない。どこ行ったんだ？）,Huh? Where's Naima gone? Did she leave somewhere?,,
ID00036,00015854,51,「な～に、キョロキョロしてんだよ」,"What are you looking around for, huh?",,
ID00036,00015a1a,54,「さては、愛しい人を探してたな～？」,"Looking for someone special, were we?",,
ID00036,00015a7e,45,「そ、そんなんじゃねーって！」,N-No I wasn’t!,,
ID00036,00016189,42,「内魔タンなら、ちょっと前に,"If it's Inner Devil-chan, she was here.",,
ID00036,000161c2,30,　休憩に行ったよ～」,I went on break~,,
ID00036,00016373,45,「お前も行ってきたらどうだ？」,Why don't you go take a break too?,,
ID00036,0001641e,30,「ウッシッシッシッ」,Heheheheh~,,
ID00036,000164ba,30,「ムッヒッヒッヒ～」,Muhuhuhu~,,
ID00036,0001651f,36,「その笑い、やめろって」,Stop laughing like that.,,
ID00036,000165c1,57,「まぁ、ちょうど休みたいとこだったし、,"Well, I was just thinking of taking a break anyway,",,
ID00036,00016609,24,　行ってくるよ」,so I'll go.,,
ID00036,000167b4,24,「ごゆっくり～」,Take your time~,,
ID00036,0001695f,33,「行ってらっしゃ～い」,Have fun~,,
ID00036,000172fe,39,（ん？　すごい人だかりが。,Huh? There's a huge crowd.,,
ID00036,00017334,45,　なんだこの『仮想喫茶』って）,What's this 'Virtual Cafe'?,,
ID00036,000178d3,27,「あ……にい…君」,Ah... big bro... dude,,
ID00036,0001791c,36,「真奈！　その格好！？」,Mana! What are you wearing!?,,
ID00036,00017b00,48,「『仮想天使』のメインキャラ…」,The main character of 'Virtual Angel'...,,
ID00036,00017b5e,54,「プリティライトだろ？　知ってるよ」,"Pretty Light, right? I know her.",,
ID00036,00017d27,15,「…そう」,...Yeah.,,
ID00036,00017f23,15,「じゃ…」,Then...,,
ID00036,000180f4,36,「にい君、いらっしゃい。,"Welcome, big bro.",,
ID00036,00018127,39,　『仮想喫茶』へようこそ」,Welcome to 'Virtual Cafe'.,,
ID00036,000182ee,36,「真奈！　その格好！？」,Mana! What are you wearing!?,,
ID00036,000184a5,45,「『仮想天使』のメインキャラの,"You're the main character of 'Virtual Angel',",,
ID00036,000184e1,48,　プリティライトだよ。似合う？」,"Pretty Light, right? Does it suit you?",,
ID00036,0001858b,51,「あ、ああ、馴染み過ぎなぐらいだ」,"Ah, yeah, I fit in too well.",,
ID00036,00018751,18,「ありがと」,Thanks.,,
ID00036,000188f6,63,「お水持ってくるから、隅っこのリザーブ席に,"Take a corner seat, I'll bring water.",,
ID00036,00018944,18,　座ってて」,Okay?,,
ID00036,00018984,21,「いいのか？」,Is that okay?,,
ID00036,00018b6f,60,「大丈夫。スタッフの関係者用の席だから」,"It's fine, it's for staff and VIPs.",,
ID00036,00018d4b,15,「そっか」,Oh yeah,,
ID00036,000199b1,59,「@str_000先輩、いらっしゃいなのじゃあ～」,"Hey @str_000-senpai, welcome~",,
ID00036,00019a5e,45,「あっ！　内魔！　その格好！」,Ah! Urami! That outfit!,,
ID00036,00019bd4,60,「内魔院悠狐と同じだけど、違うのじゃ～」,"It's like hers, yet not~",,
ID00036,00019def,57,「今の私は『仮想陰陽師ダークユウコ』。,"Right now, I'm 'Virtual Onmyoji Dark Yuuko'.",,
ID00036,00019e37,45,　『仮想天使』の隠密なのじゃ」,I'm a secret agent of 'Virtual Angel'.,,
ID00036,0001a03b,39,「真奈が私をイメージして、,"Mana designed me based on her image,",,
ID00036,0001a071,42,　設定を考えてくれたのじゃ。,and came up with the concept.,,
ID00036,0001a0aa,30,　二次創作なのじゃ」,It's fan-made.,,
ID00036,0001a1f2,51,「いつも陰に隠れてるようなお前が、,"You who always hide in the shadows,",,
ID00036,0001a234,42,　コスプレとは思い切ったな」,"decided to cosplay, huh?",,
ID00036,0001a3f1,57,「む～ん…監視対象の真奈に誘われたら、,"...If Mana invites you as a surveillance target,",,
ID00036,0001a439,30,　断るのは不可能…」,can't refuse...,,
ID00036,0001a4d9,42,「はいはい、気の合うことで」,"Yeah, yeah, let's do something fun.",,
ID00036,0001a560,21,「監視対象？」,Surveillance target?,,
ID00036,0001a5f3,30,「な、なんでもない！,N-nothing!,,
ID00036,0001a620,36,　なんでもないのじゃ！」,Nothing at all!,,
ID00036,0001a752,54,「…なに言ってんのかわかんねーけど、,"...I have no idea what you're talking about,",,
ID00036,0001a797,39,　さっそく録らせてくれよ」,but start recording already.,,
ID00036,0001a81b,54,「…なに言ってんのかわかんねーけど、,"...I have no idea what you're talking about,",,
ID00036,0001a860,60,　お前って、真奈と知り合いだったんだな」,"You know Mana, huh?",,
ID00036,0001aa2f,51,「真奈は、私のよき理解者だもーん」,Mana is my good friend~,,
ID00036,0001aa90,42,（まぁ、話は合いそうだよな）,"Well, you two seem to get along.",,
ID00036,0001aae8,51,「さっそく、なにか録らせてくれよ」,Let's start by recording something.,,
ID00036,0001acdd,30,「オッケーなのじゃ。,Okay then.,,
ID00036,0001ad0a,39,　決めポーズをやるのじゃ」,I'll do a pose.,,
ID00036,0001b272,39,「呪殺、暗殺、お手のもの！,"Cursing, assassination, child's play!",,
ID00036,0001b2a8,48,　闇の世界のステルスアサシン！」,A stealth assassin in the world of darkness!,,
ID00036,0001b56f,45,「仮想陰陽師ダークユウコとは、,"I'm Virtual Onmyoji Dark Yuuko,",,
ID00036,0001b5ab,33,　私のことじゃ～っ！」,that's me~!,,
ID00036,0001c363,48,「さすが、ゆーたん、完璧だねー」,"Damn, Yuu-tan, you're perfect.",,
ID00036,0001c471,54,「フフッ、ありがとなのじゃあ、真奈」,"Heheh, thanks a bunch, Mana~",,
ID00036,0001c72a,27,「おま…真奈から、,"You...Mana,",,
ID00036,0001c754,48,　ゆーたんって呼ばれてんのか？」,You're called Yuu-tan?,,
ID00036,0001c85c,45,「エヘヘ～、かわいいのじゃ？」,"Ehehe~, you're cute~?",,
ID00036,0001c8dd,51,「普段のお前からは想像つかねーよ」,I never would've thought that of you normally.,,
ID00036,0001ce4f,60,「にい君、席にお水おいたよ、ごゆっくり」,"I left some water at your seat, take it easy.",,
ID00036,0001ceb9,21,「サンキュー」,Thanks.,,
ID00036,0001d503,24,「先輩、これ…」,"Senpai, this...",,
ID00036,0001d635,54,「なんだ？　御札でも入ってるのか？」,What's this? Is it a charm or something?,,
ID00036,0001d7fe,63,「ち、違うのじゃあ！　お手紙なのじゃあ！」,"N-no, it's not that! It's a letter!",,
ID00036,0001dbbe,30,「放課後…読んで…」,After school... read it...,,
ID00036,0001dc0a,18,「お、おう」,Y-Yeah.,,
ID00036,0001e0ee,42,「ご注文はなんにするのじゃ？,What will you order?,,
ID00036,0001e127,24,　仮想ご主人様」,Virtual master sir.,,
ID00036,0001e16d,63,こうして、光海祭は大盛況のうちの終わった。,The festival ended in huge success.,,
ID00036,0001e1bb,15,そして…。,And...,,
ID00036,0001e52b,63,（まさか、内魔から手紙をもらうなんてな…）,"Whoa, a letter from you, Natsume...",,
ID00036,0001e6b2,42,（まさか……好き…なんて…。,I can't believe... you like me...,,
ID00036,0001e6eb,33,　いやいや、ないだろ）,"Nah, that's impossible.",,
ID00036,0001e768,54,（どれどれ……“屋上で…待つ…”か。,"Let me see here... 'On the roof...',",,
ID00036,0001e7ad,42,　って、急いで行かねーと！）,"Whoa, I gotta go quick!",,
ID00036,0001ec50,42,（よっ、とっ……内魔のヤツ、,Yo... Natsume's punk...,,
ID00036,0001ec89,48,　俺に惹かれてるって言ったのは、,"You said you were into me,",,
ID00036,0001ecc8,39,　雪娘を騙すためだよな？）,"...just to trick me, right?",,
ID00036,0001ed1d,51,（…それはそれで残念な気もするが、,"...I feel bad for you, but still...",,
ID00036,0001ed5f,42,　そもそも雪娘だの陰陽師だの,Yuki-maid and onmyouji...,,
ID00036,0001ed98,30,　信じ切れないし…）,...,,
ID00036,0001ee74,45,「オカルト、オカルト……ん？」,"Ooh, occult, occult... wait, what?",,
ID00036,0001f02d,48,（階段が…１段多かった気が……。,The stairs felt off...,,
ID00036,0001f06c,27,　はは…まさかな）,"Haha... no way, right?",,
ID00036,0001fa27,21,（ん？　雨か）,Hmm? Is it raining?,,
ID00036,00020137,39,「先輩……来てくれた……」,Sis... you came...,,
ID00036,000202c7,60,「そりゃ来るよ。お前には世話になったし、,"Of course I came. You helped me out, and",,
ID00036,00020312,60,　あの手紙をスルーしたら、呪われそうだ」,"if I ignored that letter, I'd probably get cursed",,
ID00036,000203cc,18,「フフフフ」,Heheheh,,
ID00036,00020458,48,「雨降ってるし、校舎に入るか？」,Wanna go inside?,,
ID00036,00020524,33,「このままで…いい…。,Like this... is fine...,,
ID00036,00020554,57,　狐の嫁入りは…今の私に……相応しい」,Being a fox bride... suits me now...,,
ID00036,00020a7c,51,「知ってる？　狐の嫁入りの謂れ…」,Do you know? The origin of the fox's wedding...,,
ID00036,00020b7a,15,「いや？」,"No, really?",,
ID00036,00020d1c,45,「晴れてるのに…雨が降るのが、,"It's sunny but feels rainy,",,
ID00036,00020d58,48,　狐に化かされているようだから」,because we're being fooled by a fox...,,
ID00036,00020f28,39,「へ～っ、そうだったのか」,~Oh yeah? Really?,,
ID00036,000210f1,60,「先輩も……一生…私に化かされればいい」,"Hope you fool me, senpai.",,
ID00036,000211fb,12,「あ？」,Huh?,,
ID00036,00021279,51,「先輩に惹かれているのは……本当。,"I really do have feelings for you, senpai.",,
ID00036,000212bb,21,　嘘じゃない」,It's not a lie.,,
ID00036,000214e3,15,「え…っ」,...Eh?,,
ID00036,00021685,51,「プールでのデート……楽しかった。,The pool date... was fun.,,
ID00036,000216c7,63,　闇に生きる私の……初めての…暖かい体験」,First warm moment in the dark.,,
ID00036,00021d2e,51,「私を……録りたいと言ってくれた。,Asked to record me...,,
ID00036,00021d70,45,　素顔も……録ってくれた……」,My real face too... you recorded it...,,
ID00036,00022435,15,「好き…」,I like you...,,
ID00036,00022472,42,「ちょ、ちょっと待て、内魔！,"Hey, wait a sec, Naima!",,
ID00036,000224ab,27,　い、いきなり…」,S-Suddenly...,,
ID00036,000225bc,30,「いきなりじゃない。,It wasn't sudden.,,
ID00036,000225e9,51,　海の丘公園で…想いは伝えてある。,I told you my feelings at the beach park.,,
ID00036,0002262b,30,　考えてとも言った」,I said to think about it too.,,
ID00036,00022845,39,「そ、そうだけど、あれは、,"W-Well, that's true, but...",,
ID00036,0002287b,30,　雪娘を騙すため…」,It was to trick Yuki-musume...,,
ID00036,00022a6f,42,「そう…先輩はがっかりした。,Yeah... Senpai must've been let down.,,
ID00036,00022aa8,42,　私の想いが嘘だと思って…」,Thinking my feelings were a lie...,,
ID00036,00022ff8,27,「脈は…あるはず」,There's gotta be some hope,,
ID00036,0002308d,24,「そ、それは…」,S-sorry about that...,,
ID00036,00023238,63,「私に会うために……ヤミツミに来てくれた。,To see me... you came to Yamitsumi.,,
ID00036,00023286,24,　それで…十分」,So... that's enough.,,
ID00036,000236ab,21,「ヤミツミ？」,Yami Mitsumi?,,
ID00036,00023853,36,「階段が１段多いときは、,When there's one extra step...,,
ID00036,00023886,45,　闇の光海に連れて行かれる…。,You get dragged into the dark Mitsumi...,,
ID00036,000238c2,24,　警告したはず」,I warned you about it...,,
ID00036,00023a87,57,「まさか！　やっぱり多かったのか！？」,No way! You really did have too many!,,
ID00036,00023c41,54,「私の…狐火を灯したのは…あなた…」,It was my... foxfire that you lit...,,
ID00036,00023edd,51,「２人で歩けば…闇夜も寂しくない」,"Walking with you, darkness fades.",,
ID00036,000240c5,36,「ちょ、ちょっとまっ…」,W-wait just a sec...,,
ID00036,0002414e,45,「さぁ……契りの口づけを……」,Alright... let's seal it with a kiss...,,
ID00036,000247d0,39,「無粋な光の届かぬ深淵で…,In the deeps where no light shines.,,
ID00036,00024806,51,　ふたりの魂は…永遠にたゆたう…」,Our souls will drift together forever...,,
ID00036,0002493a,39,「ま、待ってくれえぇぇ…」,"W-wait, pleaseee...",,
ID00036,00024aad,12,「ん…」,Hmm...,,
ID00037,00001aa9,45,「フフフフ……私は…幸せ者…」,Hehehe... I'm... so lucky...,,
ID00037,00001b04,54,「恋を望めぬ…闇の住人でありながら…,Even though I can't love...,,
ID00037,00001b49,48,　先輩という…心の灯火を得た…」,I've found a light in my heart... you.,,
ID00037,00001ba7,45,「うれしい……無上の…喜び…」,So happy... such joy...,,
ID00037,00001c02,42,「２人は……パートナー……」,We're... partners...,,
ID00037,00001c5a,33,「どこまでも…一緒…」,Together forever...,,
ID00037,00001ca9,60,「光海学園での日々は…変わらずにぎやか」,Life at Mitsumi Academy is still lively as ever...,,
ID00037,00001d13,48,「表面上は…幸せに満ちている…」,"On the surface, we seem so happy...",,
ID00037,00001dac,48,「けど…誰しも…心に闇を持つ…。,but... everyone... has their own darkness...,,
ID00037,00001deb,24,　闇に…染まる」,drenched in the dark,,
ID00037,00001e31,60,「それを祓えるのは…元より闇に生まれた…,Only someone born from the darkness can cleanse it,,
ID00037,00001e7c,48,　私だけ。私は…闇に染まらない」,Only me... I won't be consumed by the darkness.,,
ID00037,00001eda,48,「先輩は…１人戦う…私の孤独を…,You fought alone... and healed my loneliness...,,
ID00037,00001f19,24,　癒してくれた」,You helped me heal...,,
ID00037,00001f5f,33,「もう…寂しくない…」,Now... I'm not lonely anymore...,,
ID00037,00001fae,57,「未だに半信半疑なのも…先輩らしい…。,Still doubting...so like you.,,
ID00037,00001ff6,57,　それ故に…私は…幸せ…なんだと思う」,So... I think I'm happy...,,
ID00037,000020af,57,「今夜も…先輩と…ヤミツミへ向かう…」,Heading to Mitsumi Camp with you again tonight...,,
ID00037,000023ce,63,「さあ、一緒に闇を祓いに行くのじゃ～っ！」,"Alright, let's go cleanse the darkness together~!",,
ID00037,00002569,45,「先輩の動画は、私の記録よん。,"It's a video of you, my record~",,
ID00037,000025a5,60,　いつものように、きれいに録ってね～！」,"Like always, make sure to film it cleanly~!",,
ID00037,0000274a,27,「さあ、ご一緒に」,Let's go together.,,
ID00037,00002afc,42,「破じゃーーーーーーーッ！」,Break itttttttttt!!,,
ID00038,00000944,15,「先輩…」,Senpai...,,
ID00038,00000981,27,「あっ！　内魔！」,Oh! Nai-ma!,,
ID00038,00000b2f,60,「私と一緒に動画を見る約束だったのに…」,We were supposed to watch the video together...,,
ID00038,00000cf4,18,「ひどい…」,You're mean...,,
ID00038,00000d34,21,「そ、その…」,S-something like...,,
ID00038,00000edc,36,「う～ら～め～し～や～」,U~ra~me~shi~ya~,,
ID00038,000011d1,57,（ごめん…約束破って。けど、俺は……）,(Sorry... for breaking our promise. But I'm...,,
ID00057,00001753,45,（やべぇ、数学の教科書忘れた！,"Shit, I forgot my math textbook!",,
ID00057,0000178f,48,　昨日、珍しく勉強したからな…）,Since I actually studied yesterday...,,
ID00057,000017ed,39,（急いで取ってこねーと！）,Hurry up and get it!,,
ID00057,00001aee,48,（こんな時、宿舎暮らしは楽だな。,"In times like this, dorm life's a breeze.",,
ID00057,00001b2d,51,　ダッシュすれば、授業に間に合う）,"If I run, I'll make it to class on time.",,
ID00057,0000200e,24,（急げ、急げ…）,"Hurry, hurry...",,
ID00057,000020c2,30,「ぱっ……ぱっ……」,Pant... pant...,,
ID00057,0000210e,33,「ぱっ……ぱぱっ……」,Pant... panta...,,
ID00057,0000215d,27,（ん？　なんだ？）,Hm? What's up?,,
ID00057,0000268f,39,「内魔、なにやってんだ？」,"Nekoma, what are you doing?",,
ID00057,00002862,23,「@str_000先輩…」,@str_000-senpai...,,
ID00057,00002afe,42,「お清めの塩を…撒いてた…」,Scattering salt... for purification...,,
ID00057,00002b56,21,「…お前なぁ」,...You...,,
ID00057,00002cfe,45,「朝の…日課…フフフフフフ…」,Morning... routine... Heheheheh...,,
ID00057,00002ff9,54,「撒くなら、塩じゃなく、水を撒けよ」,"Sprinkle water, not salt.",,
ID00057,000031c2,48,「学園を……悪しき霊から…守る」,To protect the school... from evil spirits...,,
ID00057,00003220,18,「はいはい」,Sure sure.,,
ID00057,00003260,36,（この手のヤツの扱いは、,"Dealing with these types of things,",,
ID00057,00003293,33,　真奈で慣れたもんだ）,I'm used to it from Mana.,,
ID00057,00003447,30,「先輩は…どこへ？」,"Where are you going, senpai?",,
ID00057,000034ca,54,「あ！　やべぇ、早く宿舎へ行かねーと,"Ah! Shit, we gotta get back to the dorms quick!",,
ID00057,0000350f,27,　間に合わねぇ！」,We'll be late otherwise!,,
ID00057,000036bd,30,「安心するといい…」,You can relax...,,
ID00057,00003709,12,「ん？」,Hm?,,
ID00057,000038a8,54,「魔には…遭わない。その為のお清め」,Won't meet any demons. This is for purification.,,
ID00057,0000390c,51,「その“まにあわない”じゃねぇ！」,That's not what I meant by 'won’t meet'!,,
ID00057,00003ded,21,「じゃあな！」,Later!,,
ID00057,00003e30,24,「気をつけて～」,Take care~,,
ID00057,00003e76,36,「ぱっ……ぱぱぱっ……」,Pah... pahpah...,,
ID00058,00001232,39,「は～～～ら～～～い～～～,Waaa~aaay too~oo long~,,
ID00058,00001268,30,　たま～～～え～～」,Can't~ take~ it~ anymore~,,
ID00058,000012b4,57,「きよ～～～め～～～たま～～～え～～」,Cleanse~ me~ from~ this~ torture~,,
ID00058,0000131b,45,（な、なんだこの不気味な声は）,What the hell is that creepy voice?,,
ID00058,000016db,18,「あ、内魔」,"Oh, Inner Demon.",,
ID00058,00001899,23,「@str_000先輩…」,@str_000-senpai...,,
ID00058,000018de,30,「今の声、お前か？」,That was your voice just now?,,
ID00058,00001ad2,48,「そう…スマホを…お祓いしてた。,Yeah... I was cleansing my phone...,,
ID00058,00001b11,57,　心霊動画が…ずいぶん溜まったので…」,A bunch of ghost videos had built up so~,,
ID00058,00001bbc,33,「怖ェこと言うなって」,Don't say such scary stuff.,,
ID00058,00001d70,21,「フフフフフ」,Huhuhuhu,,
ID00058,00001f18,60,「先輩も…お祓いが必要なら…いつでも…」,"If you ever need a cleansing, I'm free anytime~",,
ID00058,000020e7,18,「で～は～」,See ya~,,
ID00058,00002127,30,「お、おう、またな」,"S-sure, see you later",,
ID00058,0000252d,63,（どこまで本気なのか、さっぱりわかんねー）,(I have no idea how serious she is),,
ID00059,00001292,48,（ん？　教室から出てきたのは…）,(Hm? Who came out of the classroom...),,
ID00059,000015d0,30,「ゴシ……ゴシ……」,Scrub... Scrub...,,
ID00059,0000175c,57,「きよ～～～め～～～たま～～～え～～」,Cleanse~ me~ from~ this~ torture~,,
ID00059,00001903,30,「ゴシ……ゴシ……」,Scrub... Scrub...,,
ID00059,000021f2,60,「モップを使わずに床拭きとは、丁寧だな」,Not using a mop? Neat.,,
ID00059,0000244c,26,「あ、@str_000先輩」,"Oh, @str_000-senpai.",,
ID00059,00002626,51,「教室も…廊下も…清めなければ…」,The classroom...the hall...I must clean.,,
ID00059,00002718,36,「先輩も、掃除は丁寧に」,"Senpai, be thorough when you clean.",,
ID00059,0000276a,39,「お、おう、それじゃあな」,"S-sure, see ya.",,
ID00059,00002924,18,「ま～た～」,Again~,,
ID00059,00002c44,42,（意外ときれい好きなんだな）,Guess you're a neat freak after all.,,
ID00060,000013e1,30,「はぁ……はぁ……」,Huff... huff...,,
ID00060,000015e6,39,「内魔、体育だったのか？」,"Intram, was it PE?",,
ID00060,000017b9,15,「そう…」,That's right...,,
ID00060,00001a84,45,「運動は……苦手……ただし…」,Sports... are tough... but...,,
ID00060,00001c0d,18,「ただし？」,But what?,,
ID00060,00001db2,63,「真の力を発揮すれば……誰よりも速く走れ…,"If I used my full power, I'd outrun everyone.",,
ID00060,00001e00,18,　跳べる…」,Jump higher...,,
ID00060,00001e40,63,「はは…俺の妹も似たようなこと言ってるよ」,Haha... My sister says the same thing.,,
ID00060,00002012,36,「真奈は……監視対象…」,Mana's under surveillance.,,
ID00060,000020ca,12,「あ？」,Huh?,,
ID00060,00002269,48,「真の…魔法を司る者になり得る」,Become a master of true magic,,
ID00060,000022f6,51,「お前、真奈のこと知ってるのか？」,"You know Mana, don't you?",,
ID00060,000024ff,39,「真奈は…私のよき理解者」,Mana is... my good friend,,
ID00060,000026b9,54,「彼女の…精神世界への科学的考察は…,Her scientific study of the spiritual world...,,
ID00060,000026fe,24,　実に興味深い」,Is quite interesting.,,
ID00060,00002744,45,「なるほど、中二病とオカルトの,"Oh yeah, otaku syndrome and occult stuff...",,
ID00060,00002780,63,　カップリングか…。深い話になりそうだな」,This could get deep.,,
ID00060,00002952,21,「フフフフフ」,Huhuhuhu,,
ID00060,00002afa,60,「真奈は…真の…魔法を司る者になり得る」,Mana can become a master of true magic,,
ID00060,00002cc1,51,「本人に言ってやってくれ、喜ぶよ」,"Tell her yourself, she'll be happy",,
ID00060,00002ee1,51,「言わない…。覚醒されても…困る」,I won't... It'd be a pain if she woke up.,,
ID00060,00002f42,18,「はいはい」,Sure sure.,,
ID00060,00002f82,24,「それじゃあな」,See ya.,,
ID00060,0000312d,15,「また…」,Later...,,
ID00061,000016c2,23,「@str_000先輩…」,@str_000-senpai...,,
ID00061,00001707,18,「あ、内魔」,"Oh, Inner Demon.",,
ID00061,0000199e,48,「その格好、家庭科だったのか？」,"That's Home Ec, huh?",,
ID00061,00001ba4,54,「そう……来ると思って……待ってた」,I knew you'd come... I've been waiting.,,
ID00061,00001c3f,18,「俺をか？」,For me?,,
ID00061,00001de4,42,「フフ……お昼…食べない？」,Heh heh... Want to eat lunch with me?,,
ID00061,00001e3c,63,「作ってくれたのか！？　食うよ！　食う！」,You made this!? I'm gonna eat it! Eat!,,
ID00061,00001ef9,18,「こっち…」,Come here...,,
ID00061,000023cc,36,「ちょっと…待ってて…」,Just a sec...,,
ID00061,000027ca,54,（内魔の手料理か…一体どんなのだ？）,Nemama's home cooking? Wonder what.,,
ID00061,00002b01,36,「め～し～あ～が～れ～」,Dinner~'s~ready~,,
ID00061,0000338f,36,「って、ご飯だけかよ？」,Just rice?,,
ID00061,00003546,36,「霊験あらたかなお米を…,Blessed rice...,,
ID00061,00003579,39,　清らかな清水で炊いた…」,"Simmered in pure, clear water...",,
ID00061,00003733,33,「残すとバチが当たる」,You'll get hit if you leave it.,,
ID00061,000038e7,42,「わ、わかったよ、食うって」,"Y-Yeah, I know, I'm eating.",,
ID00061,00003976,45,「んぐんぐ……おっ！　うまい！,Nnngnngh... Ooh! It's good!,,
ID00061,000039b2,60,　噛めば噛むほど、甘味が出るというか…」,"The more you chew, the sweeter it gets.",,
ID00061,00003b81,30,「もっと…食べて…」,Eat... more...,,
ID00061,00003d32,45,「んぐんぐんぐ……うまいよな、,"Nnngnnghnngh... It's good, isn't it?",,
ID00061,00003d6e,33,　炊きたてのご飯って。,Freshly cooked rice.,,
ID00061,00003d9e,45,　よくぞ日本人に生まれけりだ」,It's a blessing to be Japanese.,,
ID00061,00003f5e,27,「苦しく…ない？」,Don't you find it... tough?,,
ID00061,00003fa7,33,「苦しい？　なんで？」,Uncomfortable? Why?,,
ID00061,0000415b,39,「清らかすぎる食べものは…,Food that's too pure...,,
ID00061,00004191,51,　邪気に取り憑かれた体には…辛い」,is hard on a body tainted by evil.,,
ID00061,00004246,45,「邪気って、俺は中井たちほど、,Evil... Not as much an expert.,,
ID00061,00004282,51,　エロースに取り憑かれてねぇって」,don't think I'm possessed by it like they are.,,
ID00061,00004312,57,「邪気って…そんなエロースな動画ばっか,Evil... It's all those perverted videos you know.,,
ID00061,0000435a,27,　録ってねぇって」,...like they do.,,
ID00061,00004591,42,「そういう意味では…ない…」,In a way... no...,,
ID00061,000045e9,33,「じゃあ、なんだよ？」,"Then what is it, huh?",,
ID00061,0000469c,54,「…なんでもない。私の…思い過ごし」,It's nothing. Just my imagination.,,
ID00061,00004737,15,「じゃ…」,Then...,,
ID00061,00004b2f,42,（なんだってんだ？　ったく）,What the hell? Whatever.,,
ID00062,00001344,51,「シュッ……シュッ……シュッ……」,*Swoosh... swoosh... swoosh...*,,
ID00062,000013a5,54,（ん？　なんの音だ？　部室からか？）,Hm? What's that sound? From the clubroom?,,
ID00062,00001750,18,「っちは～」,"""Hey~""",,
ID00062,0000190e,29,「あ、@str_000先輩…」,@str_000-senpai...,,
ID00062,00001990,48,「今のこするような音、お前か？」,Was that sound just now you?,,
ID00062,00001b96,15,「そう…」,That's right...,,
ID00062,00001e61,30,「墨を…すってた…」,You were... rubbing ink...,,
ID00062,00001ead,42,「墨？　書道でもやる気か？」,Ink? You're into calligraphy now?,,
ID00062,000020ad,51,「そう……神社で売る御札を…書く」,Yeah... I'm writing amulets to sell at the shrine.,,
ID00062,0000210e,51,「夏の課題じゃなくて、商売かよ！」,"Not your summer assignment, but a business?!",,
ID00062,000022d4,57,「フフフフフフ…家内安全、商売繁盛…」,"Hehehehe... safety, prosperity...",,
ID00062,00002612,54,「最近は…萌え御札…なんてのもある」,These days there are even moe amulets...,,
ID00062,00002676,63,「萌え？　女の子のキャラがついてんのか？」,Moe? You mean with girl characters?,,
ID00062,0000288b,63,「そう…。親しみアップで…売上もアップ…」,Yeah... more likable means higher sales...,,
ID00062,00002a6a,33,「しっかりしてんなぁ」,You're really on it.,,
ID00062,00002c1e,51,「式神だから…ちゃんと家を守る…」,I'm a shikigami... I'll protect it...,,
ID00062,00002de4,27,「先輩も…どう？」,"What about you, senpai?",,
ID00062,00002f5b,48,「…遠慮しとくよ。お前がいれば、,"...I'll hold back then. With you around,",,
ID00062,00002f9a,30,　大丈夫だろうしな」,it should be fine.,,
ID00062,0000302f,12,「え…」,Huh...?,,
ID00062,000030a0,39,「ふ、深い意味じゃないぞ！,"Haha, I didn't mean anything deep!",,
ID00062,000030d6,42,　淫夢から助けてくれたしな」,You did save me from that nightmare.,,
ID00062,00003293,51,「フフ…私が…最大の女難かもよ？」,Hehe... Maybe I am your biggest problem?,,
ID00062,000032f4,33,「怖ェこと言うなって」,Don't say such scary stuff.,,
ID00062,0000338c,24,「じゃ、またな。,"Well, see ya.",,
ID00062,000033b3,48,　御札書くの邪魔して悪かったな」,Sorry to bother you.,,
ID00062,000035d0,39,「問題ない…。それじゃ…」,No worries... See ya.,,
ID00063,00001124,45,（外でレコチャンスでも探すか）,Maybe I'll find one outside.,,
ID00063,0000142b,54,（あ…靴を履き替えてるのは…内魔！）,Oh... It's Inuma who changed her shoes!,,
ID00063,00001490,25, レコチャンスだ！, Recording chance!,,
ID00063,000014c4,25, 録るまでもないな, Not worth recording,,
ID00063,000017e9,12,「ん…」,Hmm...,,
ID00063,000018b0,30,（録るまでもないな）,No point recording.,,
ID00064,00001035,51,（あ！　階段を上がっていくのは…）,(Oh! The one going up the stairs is...),,
ID00064,00001097,25, レコチャンスだ！, Recording chance!,,
ID00064,000010cb,25, 録るまでもないな, Not worth recording,,
ID00064,000013f0,18,「フフフ…」,Hehehe...,,
ID00064,000014ab,30,（録るまでもないな）,No point recording.,,
ID00065,00001137,54,（うちのプールって、フェンスの隙間が,There's a hole in our fence.,,
ID00065,0000117c,42,　大きくて、のぞこうと思えば,you could.,,
ID00065,000011b5,30,　のぞけるんだよな）,You know?,,
ID00065,00001202,10, のぞく, Peek,,
ID00065,00001227,16, のぞかない, Don't peek,,
ID00065,00001263,48,（ちょっとだけ…のぞいてみるか）,...I'll just take a quick peek then.,,
ID00065,000015a1,15,「んん…」,Hmm...,,
ID00065,00001c0c,60,（思わず…録ってしまった…。後で消そう）,I couldn't help recording it... I'll erase it later.,,
ID00065,00001c86,57,（いやいや、のぞくわけにいかないだろ。,"Nah, I can't exactly peek, though.",,
ID00065,00001cce,24,　教室へ戻ろう）,Let's head back.,,
ID00066,00001045,60,（あ！　シャワーを浴びてるのは、内魔！）,(Ah! It's Naima taking a shower!),,
ID00066,000010b0,25, レコチャンスだ！, Recording chance!,,
ID00066,000010e4,25, 録るまでもないな, Not worth recording,,
ID00066,00001409,39,「フフ～～♪　フフ～～♪」,*Hehe~♪ Hehe~♪*,,
ID00066,00001470,36,「フ～～フ～～フ～～♪」,*Huuu~ HUUU~ HUUU~♪*,,
ID00066,0000154f,30,（録るまでもないな）,No point recording.,,
ID00067,00001399,36,（ん～、誰もいないなぁ）,"Hmm, no one's here.",,
ID00067,000013eb,54,（ま、レコチャンスばっかり追ってても,"Well, if I just keep chasing after Recco-chan",,
ID00067,00001430,42,　仕方ないし、たまには木陰で,"Oh well, time for some shade.",,
ID00067,00001469,27,　のんびりするか）,Relax a bit.,,
ID00067,00001932,27,（いい天気だなぁ。,What a nice day.,,
ID00067,0000195c,42,　海から吹く風が気持ちいい）,The breeze from the sea feels so good.,,
ID00067,000019b4,48,（…やばい、眠くなって…きた…）,"...Shit, I'm getting sleepy...",,
ID00067,00001a12,39,「グーーーッ、グーーーッ」,Zzzzz... Zzzzz...,,
ID00067,00001acc,39,「グーーーッ、グーーーッ」,Zzzzz... Zzzzz...,,
ID00067,00001d79,60,（はっ！　やばっ！　完全に寝入ってた！）,Shit! I'm totally out cold!,,
ID00067,00001de3,42,（授業始まってるし……あ！）,Class has already started... Oh!,,
ID00067,00001e3c,25, レコチャンスだ！, Recording chance!,,
ID00067,00001e70,25, 録るまでもないな, Not worth recording,,
ID00067,00002195,12,「んっ」,Mmnh,,
ID00067,000021e1,12,「んっ」,Mmnh,,
ID00067,0000222d,12,「んっ」,Mmnh,,
ID00067,00002279,21,「しつこい…」,You're persistent...,,
ID00067,000022ce,12,「んっ」,Mmnh,,
ID00067,00002395,30,（録るまでもないな）,No point recording.,,
ID00068,000020bf,57,（暑っち～っ。夏も終わりが近いってのに,It's still so hot...,,
ID00068,00002107,30,　なんだこの暑さは）,Summer's almost over.,,
ID00068,00002153,33,（風が吹いてくれれば、,"If only there was a breeze,",,
ID00068,00002183,42,　少しは涼しくなんだけど…）,I could feel cooler... but nope...,,
ID00068,00002229,33,（まさか…この風は…）,Could it be... that wind is...?,,
ID00068,00002279,25, レコチャンスだ！, Recording chance!,,
ID00068,000022ad,25, 録るまでもないな, Not worth recording,,
ID00068,00002614,27,「ひゃーーーーー」,Ahhhhh--,,
ID00068,00003166,51,（うおおおおおっ！　神風だあッ！）,Ahhh! It's a divine wind!,,
ID00068,000036ca,12,「あ…」,...,,
ID00068,00003704,18,「よ、よぉ」,Y-yeah,,
ID00068,0000391c,18,「…見た？」,Did you see it?,,
ID00068,0000395c,18,「あ、ああ」,"Ah, yeah.",,
ID00068,00003b01,39,「その邪な心…祓わねば…」,I must cleanse that wicked heart...,,
ID00068,00003b56,63,「そ、そうじゃねぇって！　お前の目だよ！」,"N-no, it's your eyes!",,
ID00068,00003bc3,57,「お前の…素顔を見た。デート以来だな」,I saw your true face... It's been since our date.,,
ID00068,00003da1,12,「あ…」,...,,
ID00068,00003f40,57,「ならいい……先輩は……かわいいって…,...So I'm cute...,,
ID00068,00003f88,30,　言ってくれたから」,you said.,,
ID00068,00004139,18,「じゃあ…」,Well then...,,
ID00068,00004527,60,（危ねぇ…スカートの下も…とは言えねぇ）,That was close...,,
ID00068,00004c52,39,「ワンダッフォーーーーッ！,Wahndafourrrr!!,,
ID00068,00004c88,39,　スンゲェーーーーーッ！」,Sugeeeeee!!,,
ID00068,00004cdd,33,「ああっ、堂下部長！」,"Ah, Doukoubuchou!",,
ID00068,00004e91,63,「内魔ちゃんのパンチラ動画とか、マジで！？,Naima-chan's panty shot...,,
ID00068,00004edf,27,　結界突破だゼ！」,"Breaking the barrier, ze!",,
ID00068,00004f28,15,「はは…」,Heh...,,
ID00068,000050ca,48,「すんげ～勢いで成長してんな～。,You've grown so much with that crazy momentum~.,,
ID00068,00005109,33,　オレも負けらんネー」,I can't let myself lose either.,,
ID00068,00005301,45,「んじゃ、この調子でシクヨロ」,"Alright then, keep it up",,
ID00068,000056f0,57,（俺、Ｅ動画部に染まってきてないか？）,(Am I getting into the E-Video Club?),,
ID00068,00005ab8,30,（録るまでもないな）,No point recording.,,
ID00069,000021b6,60,「西～、お湯の準備はどうなってんだよ？」,"Hey, West~. How's the hot water coming along?",,
ID00069,00002355,63,「バッチリだよ～。家庭科室で湧かしてきた」,It's all set~. I boiled it up in the home ec room.,,
ID00069,000026b2,18,「ナイス！」,Nice one!,,
ID00069,00002a0c,45,「あ～あ～、お隣さんみたいに、,"Aw man~, just like your neighbor,",,
ID00069,00002a48,36,　ポットがありゃあなぁ」,you could do it too~,,
ID00069,00002b34,51,「寄付なら…いつでも受け付ける…」,If it's donations... I'll accept them anytime...,,
ID00069,00002d31,42,「んな高ェもん、出せっか！」,"Damn it, I can't afford that!",,
ID00069,00003288,42,「３人でなにやってんだよ？」,What the hell are you three doing?,,
ID00069,00003741,56,「おっ、@str_000か。お前も参加しろって」,"Oh, @str_000. You should join too.",,
ID00069,00003830,39,「だから、なんにだって？」,"So, for what?",,
ID00069,00003a1a,60,「Ｃムービー部に対抗して、お茶会だよぉ」,It's a tea party to compete with the C-Movie Club...,,
ID00069,00003c02,12,「あ？」,Huh?,,
ID00069,00003da1,51,「名付けて…Ｅお茶会。フフフフ…」,Let's call it... E-Tea Party. Heheheh...,,
ID00069,00003f67,48,「知ってっか？　Ｃムービー部が、,"Know this? The C-Movie Club is,",,
ID00069,00003fa6,39,　頻繁にお茶会やってんの。,"Like, all the time.",,
ID00069,00003fdc,54,　オシャレでよぉ、悔しいじゃねぇか」,"They're so fancy... It's really annoying, isn't it?",,
ID00069,00004317,63,「ボクらにだって、お茶会くらい出来ることを,We can have a tea party too.,,
ID00069,00004365,39,　見せつけてやるんだよぉ」,I'll show you guys!,,
ID00069,000047bf,36,「お前ら、御前さんたちに,"You guys, Misaki and the others.",,
ID00069,000047f2,39,　対抗意識燃やしてんのな」,You've got some rivalry going on.,,
ID00069,00004c76,51,「当ったり前だろ！　俺たちの部室を,kick your butts! Our clubroom is,,
ID00069,00004cb8,42,　半分持って行きやがって！」,They stole it from us!,,
ID00069,00004eac,51,「敵だよぉ！　Ｃムービー部は敵！」,They're our enemies! The C-Movie Club is our enemy!,,
ID00069,00005233,36,「けど…部員は美しい…」,But...the members are beautiful...,,
ID00069,00005335,27,「…なんだよなぁ。,...right?,,
ID00069,0000535f,48,　くそぅ…心の底からは憎めねぇ」,Damn... I can't really hate them deep down.,,
ID00069,000056cc,45,「レコジェニックだからねぇ…」,It's because they're Recogenics...,,
ID00069,000058f6,30,「複雑な心境だなぁ」,It's a complicated feeling.,,
ID00069,00005b07,51,「んなことより、内魔、お茶菓子は？,"Forget about that, Innerma, where are the snacks?",,
ID00069,00005b49,57,　肝心のお茶菓子はどうなってんだよ？」,What happened to the damn snacks?,,
ID00069,00006022,63,「そうそう、お茶菓子は内魔タンの担当だよ」,"Yeah yeah, Inner Demon's in charge of the snacks.",,
ID00069,0000632f,54,「お茶がインスタントコーヒーだけに、,"Since the tea's just instant coffee,",,
ID00069,00006374,42,　お茶菓子には期待してんだ」,I'm counting on you for snacks.,,
ID00069,000064fa,30,「ま～か～せ～て～」,~Sure thing~,,
ID00069,000066ef,42,「お団子と最中を…用意した」,I prepared rice cakes and dango...,,
ID00069,000069da,48,「団子かよ？　じゃあ、緑茶の方が,"Dango? Then green tea would've been better, huh?",,
ID00069,00006a19,33,　良かったじゃねぇか」,You know?,,
ID00069,00006bda,45,「和菓子とコーヒーも……合う」,Japanese sweets and coffee go well together,,
ID00069,00006d9a,63,「うんうん、この際、贅沢言ってらんないよ」,"Yeah, yeah, we can't afford to be picky now",,
ID00069,000070a7,60,「よし！　さっそくＥお茶会といこうぜ！」,Alright! Let's have a tea party right away!,,
ID00069,000075ad,33,「コーヒー…入った…」,Coffee... is here...,,
ID00069,000075fc,21,「サンキュー」,Thanks.,,
ID00069,0000763f,21,「ありがとぉ」,Thanks.,,
ID00069,00007682,35,「@str_000先輩も…ど～ぞ」,"Here you go, @str_000-senpai...",,
ID00069,000076d3,30,「ああ、ありがとう」,"Yeah, thanks.",,
ID00069,0000771f,48,「んぐんぐ……おっ、うめぇな！」,Mmm... This is good!,,
ID00069,0000777d,39,「うんうん、おいしぃよぉ」,"Yup yup, it's delicious~",,
ID00069,000077d2,18,「フフフ…」,Hehehe...,,
ID00069,00007812,48,「むぐむぐ…けどよぉ、この団子、,"Mmm... but this dumpling,",,
ID00069,00007851,36,　ちょっと固くねぇか？」,isn't it a bit hard?,,
ID00069,000078a3,39,「むしゃむしゃ……最中も、,"Chomp chomp... these mochi are,",,
ID00069,000078d9,42,　ちょっと湿気てるような？」,"It's a bit moist, isn't it?",,
ID00069,00007931,27,「んぐ…確かにな」,Mmm... you're right.,,
ID00069,0000797a,33,「１日…お供えした…」,I left them out for one day...,,
ID00069,000079f3,36,「ブホッ！　お供え！？」,Bleh! Offerings!?,,
ID00069,00007ee1,30,「おまっ、まさか…」,"Hey, seriously...?",,
ID00069,00007f2d,57,「家の神社の神棚から持ってきたのぉ？」,You brought them from the family shrine!?,,
ID00069,00007f94,36,「フフフ…霊験あらたか」,Heheh... divine blessings indeed.,,
ID00069,00007fe6,42,「イヤイヤイヤ、いいのか！？,"No no no, is that okay!?",,
ID00069,0000801f,33,　そんなことして！？」,Doing something like that!?,,
ID00069,0000806e,60,「直会と呼ばれる…大事な神事。問題ない」,Called 'Chokai'... an important ritual. Fine.,,
ID00069,000080d8,63,「お、おう、そうかよ。なら、いいけどよぉ」,"O-oh, so it's fine then. Well okay...",,
ID00069,00008145,48,「体の中から…邪気を祓うがいい…,Cleanse the evil from within your body...,,
ID00069,00008184,21,　フフフフ…」,Heheheh...,,
ID00069,000081c7,54,「ったく、俺たちから邪気を取ったら、,"Damn it, if you take the evil out of us...",,
ID00069,0000820c,39,　なにが残るってんだよ？」,What's left anyway?,,
ID00069,00008261,45,「そうそう。エロースな動画が、,Yeah yeah. That perverted video...,,
ID00069,0000829d,39,　録れなくなっちゃうよぉ」,You won't be able to record it anymore~,,
ID00069,000082f2,39,「業の深さ…計り知れず…」,Damn... I can't even measure it...,,
ID00069,00008347,60,「神社のお供え物なんか、初めて食ったよ」,I've never eaten shrine offerings before~,,
ID00069,000083b1,51,「出来たてを…境内の茶屋で食せる」,I can eat it right here at the tea house.,,
ID00069,00008412,24,「商売うまいな」,Nice business sense.,,
ID00069,00008458,24,「フフフフフ…」,Hehehehe...,,
ID00069,0000849e,45,こうして、Ｅお茶会に参加した。,"And so, I joined E's tea party.",,
ID00070,00001775,45,「も～っ、どこに行ったのよぉ。,Where'd you go~? I've been looking for you.,,
ID00070,000017b1,63,　まだ宿舎には、帰ってないみたいだけど…」,I don't think you went back to the dorms yet...,,
ID00070,0000181e,45,「心美先生、どうしたんです？」,"Sensei, what's wrong?",,
ID00070,00001a3e,23,「あ、@str_000君」,"Ah, @str_000-kun.",,
ID00070,00001e31,42,「内魔さんを見かけなかった？,Didn't you see Innerma?,,
ID00070,00001e6a,51,　教室行ったら、鞄はあるんだけど、,"When I checked the classroom, her bag was there but",,
ID00070,00001eac,36,　姿を見かけなくって…」,I didn't spot her anywhere...,,
ID00070,00002070,39,「俺も見てないですけど？」,I haven't seen her either.,,
ID00070,00002279,45,「そっかぁ……宿題忘れたから、,"Oh, I see... I forgot my homework, so",,
ID00070,000022b5,45,　放課後までにやっておくように,guess I'll have to finish it by after school.,,
ID00070,000022f1,33,　言っておいたのに…」,I told her that though...,,
ID00070,00002762,57,「見かけたら教えて。職員室にいるから」,Let me know if you see her.,,
ID00070,00002904,27,「いいですけど…」,It's fine though...,,
ID00070,0000294d,39,「もぉ～っ、雲隠れなんて、,"Ohhh, you're hiding like a cloud...",,
ID00070,00002983,48,　後でとっちめてやるんだからぁ」,I'll get you later...!,,
ID00070,000031eb,63,（先生との約束を破るとは…恐ろしいヤツ…）,Scary to break a promise...,,
ID00070,000034b2,39,「フ…フ…フ…フ…フ…フ」,Heh... Heh... Heh... Heh... Heh...,,
ID00070,00003531,30,「うわっ！　内魔！」,Ugh! Naima!,,
ID00070,0000357d,36,「ど、どこにいたんだよ？,W-Where were you?,,
ID00070,000035b0,30,　いきなり現れて…」,Just popping up like that...,,
ID00070,00003633,36,「護符の力でステルス…」,Stealth with the amulet's power...,,
ID00070,00003685,42,「ステルスって…んなバカな」,Stealth? What a load of crap.,,
ID00070,00003842,48,「それじゃ…このまま逃げ果せる」,Then I can just run away now...,,
ID00070,00003b36,48,「宿題やんねーと、怒られるぞ～」,You'll be scolded.,,
ID00071,00001ae7,18,「っちは～」,"""Hey~""",,
ID00071,00001b27,36,（ん？　誰もいないのか？,Huh? Nobody's here?,,
ID00071,00001b5a,39,　鍵もかけずに不用心な…。,Leaving the door unlocked...reckless...,,
ID00071,00001b90,30,　明かり、明かり…）,"Light, light...",,
ID00071,00001dae,27,「フフフフフフ…」,Hehehehe...,,
ID00071,00001e21,48,「うわっ！　内魔！　いたのか！」,Whoa! Mina! You're here!,,
ID00071,00002089,39,「ウフフフ…私もいるよ…」,Hehehe...I'm here too...,,
ID00071,00002193,57,「真奈！　なにやってんだ！？　２人で」,Mana! What are you doing!? The two of,,
ID00071,0000239c,39,「オカルト談義をしてた…」,were talking about occult stuff...,,
ID00071,000024a3,42,「そう～、光海学園にまつわる,"Yeah, about Mitsumi Academy...",,
ID00071,000024dc,36,　学校の怪談に関して～」,about school ghost stories~,,
ID00071,000026a1,54,「明かりもつけずに、本気すぎだぞ！」,You're being serious!,,
ID00071,000028be,51,「この手の話は…まずは雰囲気から」,For this kind of story... atmosphere is key.,,
ID00071,00002ac7,21,「そうそう～」,That's right~,,
ID00071,00002b0a,18,「ったく…」,...Man...,,
ID00071,00002b79,30,「っていうか、内魔、,"Actually, Nanama,",,
ID00071,00002ba6,42,　真奈のこと知ってるのか？」,the one I mentioned?,,
ID00071,00002d63,39,「真奈は…私のよき理解者」,Mana is... my good friend,,
ID00071,00002f7d,42,「ゆーたんとは、超常現象や、,"Yutan and stuff like paranormal phenomena,",,
ID00071,00002fb6,33,　スピリチュアルな話で,spiritual stuff too,,
ID00071,00002fe6,39,　意見交換ができるからね」,we can exchange opinions about it,,
ID00071,0000336f,33,「ゆーたん！？　お前、,Yutan!?,,
ID00071,0000339f,51,　ゆーたんって呼ばれてんのか！？」,called Yutan!?,,
ID00071,00003705,33,「真奈と…一部だけ…」,Mahina and part of her...,,
ID00071,0000395a,27,「知らなかった…」,I didn't know that...,,
ID00071,00003b08,63,「フフフ…真奈の精神世界への科学的考察は、,Heheh... Scientifically investigating Mahina's mind.,,
ID00071,00003b56,24,　実に興味深い」,Is quite interesting.,,
ID00071,00003b9c,45,「なるほど、中二病とオカルトの,"Oh yeah, otaku syndrome and occult stuff...",,
ID00071,00003bd8,63,　カップリングか…。深い話になりそうだな」,This could get deep.,,
ID00071,00003cd1,27,「そういうこと…」,that's what you mean...,,
ID00071,00003f27,42,「真奈…学校の怪談といえば、,Mahina... school ghost stories...,,
ID00071,00003f60,60,　屋上へ続く…階段の怪奇を…知ってる？」,Do you know the weird stairs?,,
ID00071,000041d3,15,「ううん」,Nope,,
ID00071,000044f3,63,「階段が１段多いときは…屋上へ出てはダメ。,Don't go up if a step's extra.,,
ID00071,00004541,45,　ヤミツミへ連れて行かれる…」,You'll be taken by Yami Mitsumi...,,
ID00071,00004701,30,「時空のゆがみだね。,A time-space distortion.,,
ID00071,0000472e,45,　その発生源が階段にあると？」,The source is in the stairs?,,
ID00071,000048ee,42,「そう…。夏は霊力が高まり、,"Yeah... In summer, spiritual energy rises,",,
ID00071,00004927,39,　冥界への扉が開きがち…」,The gate to the underworld opens...,,
ID00071,00004ae1,60,「そんなとこに、他の次元の光海学園へ続く,A portal to another Mitsumi?,,
ID00071,00004b2c,30,　門があったなんて」,That there was a door,,
ID00071,00004ef3,45,「はいはい、オカルトオカルト。,"Sure, sure, spooky spooky.",,
ID00071,00004f2f,54,　女の子が２人でそんな話してないで、,"Don't just talk about that stuff, you two girls.",,
ID00071,00004f74,33,　外でなんか楽しめよ」,Go have some fun outside,,
ID00071,0000528d,24,「なにかって？」,What do you mean?,,
ID00071,000052d3,27,「スポーツとか…」,Something like sports...,,
ID00071,00005481,18,「運動苦手」,I'm bad at sports.,,
ID00071,000054f8,18,「同じく…」,Same here...,,
ID00071,00005538,51,「じゃあ、せめて明るい部屋でやれ」,Then let's do it in a bright room.,,
ID00071,000056fe,45,「では、ろうそくの明かりを…」,"In that case, we'll use candlelight...",,
ID00071,00005759,39,「余計本格的じゃねーか！」,That makes it even more serious!,,
ID00071,0000595d,42,「あ、今から百物語をやれば、,"Ah, if we start telling stories now,",,
ID00071,00005996,60,　ちょうど丑三つ時に語り終わると思われ」,we should finish just before midnight.,,
ID00071,00005cea,30,「フフフ…いいね…」,Hehe... sounds nice...,,
ID00071,00006057,54,「よくねーよ！　暗くなる前に帰れ！」,No way! Get back before it gets dark!,,
ID00071,000063cf,60,「では、帰って…私の部屋でじっくりと…」,"Then, let's go... to my room and take our time...",,
ID00071,00006470,42,「百本のろうそくを灯して…、,"Light a hundred candles...,",,
ID00071,000064a9,39,　１話終わるごとに…消す」,and blow them out after each chapter.,,
ID00071,000066a6,36,「うんうん、本格的だね」,"Yeah, pretty serious.",,
ID00071,0000686d,51,「やめっ！　マジで怪現象が起きたら,Stop it! What if something weird actually happens!,,
ID00071,000068af,24,　どうすんだ！」,What'll you do then?,,
ID00071,00006e75,27,「な、なんだよ？」,What's up?,,
ID00071,00007023,32,「@str_000先輩は…意外と,Iori-senpai is... surprisingly,,
ID00071,00007052,39,　オカルトを信じるタイプ」,Believes in the occult type.,,
ID00071,0000724f,60,「そうそう。わかってたけど素養があるよ」,"Exactly, I knew you had a knack for it.",,
ID00071,000072b9,33,「そんなものないっ！」,There's nothing like that!,,
ID00071,0000746d,27,「一般人を装わず…,Don't act normal...,,
ID00071,00007497,45,　私たちと一緒に…探求すべき」,Join us... and investigate.,,
ID00071,000074f2,36,「俺を巻き込むなあぁ！」,Don't drag me into this!,,
ID00071,00007a18,57,「むか～し、むか～し…学園の裏手付近に,"Long, long ago... near the back of the school...",,
ID00071,00007a60,63,　井戸があり…水くみをしていた若い娘が…」,There was a well...,,
ID00071,00007acd,45,「勝手に百物語始めんなあぁ！」,Stop that nonsense!,,
ID00071,00007b72,72,こうして、内魔と真奈のオカルト談義につき合った。,I listened to their occult talk.,,
ID00072,00002c3f,39,（ん？　あそこにいるのは、,Hm? The one over there is...,,
ID00072,00002c75,36,　内魔と…阿武壬さん？）,Urami and... Amin-san?,,
ID00072,0000320e,23,「あ、@str_000君」,"Ah, @str_000-kun.",,
ID00072,000033c5,12,「え…」,Huh...?,,
ID00072,000035d6,12,「むっ」,Mmph.,,
ID00072,000043d7,39,「内魔、なにやってんだ？」,"Nekoma, what are you doing?",,
ID00072,00004591,60,「精神統一…。阿武壬さんは…剣道有段者。,...Focus... Abunin's a high-rank kendoist.,,
ID00072,000045dc,36,　心が静かで…落ち着く」,...She's so calm it puts me at ease.,,
ID00072,00004833,54,「えっ？　もう、そんなことないわよ。,"What? No, it's not like that at all.",,
ID00072,00004878,27,　照れるじゃない」,Don't be silly.,,
ID00072,00004cd3,60,「悠子ちゃんこそ、底知れないひそやかさが,You're the one with hidden depths.,,
ID00072,00004d1e,21,　あるのよね」,doesn't it?,,
ID00072,00004ec6,48,「心の奥底がのぞけないような…」,Can't see into the depths of your heart...,,
ID00072,000051ee,42,「フフフフフ…さすが…鋭い」,Heheheh... As expected... Sharp.,,
ID00072,00005557,44,「座禅…@str_000先輩も…やる？」,"@str_000-senpai, you wanna do it too?",,
ID00072,000055b1,33,「お、俺はいいって！」,N-No way!,,
ID00072,0000577e,36,「不埒なことを考えたら、,"If I think something naughty,",,
ID00072,000057b1,42,　バシッとやっちゃうわよ～」,I'll give you a good whack~,,
ID00072,00005aee,27,「そ、それじゃ！」,T-That's right!,,
ID00072,00005b87,27,「フフッ、またね」,"Heh, see ya.",,
ID00072,00005d5b,15,「また…」,Later...,,
ID00073,00001115,18,「っちは～」,"""Hey~""",,
ID00073,0000127c,36,「こ～ん～に～ち～は～」,Hey~ there~,,
ID00073,0000144a,57,「う、内魔！　いきなり出てくんなって！,U-Umai! Don't just pop up like that!,,
ID00073,00001492,30,　ビックリするだろ」,"You'll scare me, you know.",,
ID00073,00001643,24,「フフフフフフ」,Heheheheh,,
ID00073,00001689,48,「部室に１人でなにやってんだ？」,What are you doing in the clubroom alone?,,
ID00073,0000184c,57,「パソコン使って…心霊スポットマップの,Using a PC to update...,,
ID00073,00001894,15,　更新…」,Haunted spot...,,
ID00073,00001908,21,「見～る～？」,Wanna see?,,
ID00073,0000194b,24,「み、見ねぇよ！,Don't wanna see it!,,
ID00073,00001972,57,　そもそも心霊スポットなんかねぇし！」,There's no such thing as a haunted spot anyway.,,
ID00073,00001b3e,39,「心霊スポット……それは…,A haunted spot... That is...,,
ID00073,00001b74,39,　この世とあの世の境目～」,Boundary 'twixt worlds~,,
ID00073,00001bc9,30,「怖ェ声出すなって」,Stop making scary noises.,,
ID00073,00001c15,33,「そ、それじゃあな！」,S-See ya later!,,
ID00073,00001dc9,24,「ま～た～ね～」,See you again~,,
ID00074,000012f2,42,（ん？　あそこにいるのは…）,Hm? Who's over there...,,
ID00074,00001830,39,「内魔、海を見てるのか？」,Isn't Urami looking at the sea?,,
ID00074,00001a47,29,「あ、@str_000先輩…」,@str_000-senpai...,,
ID00074,00001c10,33,「輪廻を…感じてた…」,I felt... samsara...,,
ID00074,00001c5f,15,「輪廻？」,Samsara?,,
ID00074,00001e74,33,「そう…時の輪廻を…」,Yeah... the cycle of time...,,
ID00074,00002041,45,「時間の流れは…一定じゃない。,Time doesn't flow steadily.,,
ID00074,0000207d,54,　時にさかのぼり…分岐を繰り返す…」,It loops back and branches off repeatedly...,,
ID00074,000023b8,57,「この世界に…いてはならない異分子を…,The out-of-place element in this world...,,
ID00074,00002400,15,　感じる」,I can feel it.,,
ID00074,00002491,27,「お前…鋭いな…」,You're...sharp...,,
ID00074,0000263f,15,「む…？」,Hm?,,
ID00074,0000267c,45,「い、いや、なんでもねーよ！」,"N-No, forget it!",,
ID00074,0000289b,33,「な～に言ってんだか。,What are you talking about?,,
ID00074,000028cb,42,　んなことあるわけねーだろ」,That's not gonna happen.,,
ID00074,00002cb0,42,「放置しても…問題はない…。,Leaving it's fine.,,
ID00074,00002ce9,42,　邪悪な存在ではないから…」,It's not an evil presence...,,
ID00074,00002ea6,30,「むしろ…暖かい…」,Rather...it's warm...,,
ID00074,00003057,30,「監視を…続ける…」,Keep watching it...,,
ID00074,00003451,48,「あ！　おい……行っちゃったよ」,Hey! You left already.,,
ID00081,00001a0d,42,「あ、内魔、なにしてんだ？」,"Hey, Nai-ma, what're you doing?",,
ID00081,00001bca,33,「釘を…買ってきた…」,I bought some nails...,,
ID00081,00001c50,27,「釘？　なんで？」,Nails? Why?,,
ID00081,00001cd0,57,「宿舎の部屋に…小さな神棚を…祀る…」,To put up a small shrine... in my dorm room...,,
ID00081,00001d37,36,「神棚！？　なんで！？」,A shrine!?! Why!??,,
ID00081,00001eee,27,「私の家は…神社。,My family runs a shrine.,,
ID00081,00001f18,45,　神棚がないと…落ち着かない」,"Without one, I can't relax.",,
ID00081,00001fb7,24,「そ、そっか…」,"S-so, really...",,
ID00081,00002162,42,「阿武壬さんの許可は取った。,Got permission from Abumi.,,
ID00081,0000219b,33,　金槌も…借りてある」,I also borrowed a hammer...,,
ID00081,000021ea,39,「…俺がやってやろうか？」,Want me to do it?,,
ID00081,000023a4,12,「え？」,What?,,
ID00081,000023de,51,「俺の方が背が高いし、力もあるし、,"I'm taller and stronger, so",,
ID00081,00002420,33,　その方がいいだろ？。,isn't that better?,,
ID00081,00002450,48,　一応、先輩だし、頼ってくれよ」,"As your senior, I'll help if you ask.",,
ID00081,00002613,26,「@str_000…先輩…」,@str_000...senpai...,,
ID00081,000027cd,33,「じゃあ…頼める…？」,So... can I help?,,
ID00081,0000281c,27,「ああ、任せとけ」,Sure thing.,,
ID00081,00002e39,60,「とは言ったものの、どうやって男の俺が、,How do I get to your room?,,
ID00081,00002e84,39,　お前の部屋へ行くかだな」,I guess that's the question.,,
ID00081,00002ed9,51,「男手が必要と言えば…阿武壬さんも,If you say we need a guy... Abunimi-san might,,
ID00081,00002f1b,27,　許してくれる…」,give me permission...,,
ID00081,00002f64,27,「…それもそうか」,...You're right.,,
ID00081,00003030,57,（まさか、こんな形で、憧れの女子宿舎へ,I can't believe it...,,
ID00081,00003078,51,　上がり込むことになるなんてな…）,Looks like I'm gonna have to crash there...),,
ID00081,00003654,44,「あら、悠子ちゃん、@str_000君、,"Oh, Yuuko-chan, @str_000-kun,",,
ID00081,0000368f,33,　一緒に帰ってきたの？,You're coming home together?,,
ID00081,000036bf,42,　もう、隅に置けないわねぇ」,Guess I can't ignore this anymore.,,
ID00081,0000387c,51,「私の神棚…先輩に祀ってもらう…。,"My family shrine... Senpai, enshrine it.",,
ID00081,000038be,15,　いい？」,Okay?,,
ID00081,00003932,60,「え？　女子宿舎に入るってこと？　ん～」,You mean the girls' dorm?,,
ID00081,00003b7c,33,「私だけじゃ…無理…」,I can't do this alone...,,
ID00081,00003dda,63,「そうね…私が手伝おうと思ってたんだけど、,I was going to help you out...,,
ID00081,00003e28,21,　仕方ないか」,There's no choice.,,
ID00081,0000405b,62,「@str_000君、終わったら、すぐ戻るようにね」,"@str_000-kun, come back as soon as you finish.",,
ID00081,000040c7,12,「はい」,Okay.,,
ID00081,000042b0,21,「それじゃ…」,Well then...,,
ID00081,00004343,18,「またね～」,See ya~,,
ID00081,000048df,36,「ここが…内魔の部屋か」,This is... Inner Magic Club's room.,,
ID00081,00004968,27,「いらっしゃい…」,Welcome...,,
ID00081,00004af4,24,「殺風景だなぁ。,It's kinda bare.,,
ID00081,00004b1b,54,　家からなにも持ち込んでないのか？」,You didn't bring anything from home?,,
ID00081,00004bf9,45,「神棚があれば…それで…いい」,If there's a shrine... I can use that.,,
ID00081,00004c54,36,「シンプルなヤツだなぁ。,Simple enough.,,
ID00081,00004c87,36,　さっそくつけてやるよ。,I'll set it up right away.,,
ID00081,00004cba,33,　釘とトンカチをくれ」,Give me the hammer and nails.,,
ID00081,00004eb1,15,「はい…」,Yes...,,
ID00081,0000536e,54,「む…ちょっと押さえててくれるか？」,Ugh... Could you hold it for a sec?,,
ID00081,000053d2,18,「任せて…」,Leave it to me...,,
ID00081,00005412,39,「水平じゃないと…だよな」,"It won't be level if we don’t, right?",,
ID00081,0000574c,33,「よし！　出来たぞ！」,Alright! We did it!,,
ID00081,0000579b,15,「見事…」,Nice job...,,
ID00081,000057d8,42,「では…さっそく、今日一日、,Then... I'll spend the rest of today...,,
ID00081,00005811,36,　無事過ごした感謝を…」,Thanks for today.,,
ID00081,000058a3,15,パン　パン,bread bread,,
ID00081,000058e0,24,「じゃあ、俺も」,Me too then.,,
ID00081,00005966,15,パン　パン,bread bread,,
ID00081,00005f66,51,「なんか…おごそかな気分になるな」,It feels kinda... solemn...,,
ID00081,00005fc7,45,「先輩も…部屋に祀るといい…。,You should also put one in your room...,,
ID00081,00006003,60,　うちの神社なら…１０万円から販売中…」,"We sell 'em from ¥100,000 here.",,
ID00081,0000606d,36,「さりげなく商売かよ！」,Subtly trying to make a sale?,,
ID00081,000060f6,24,「フフフフフ…」,Hehehehe...,,
ID00081,0000613c,54,こうして、内魔の部屋に神棚を祀った。,And so I set up a kamidana in Inner Demon's room.,,
ID00082,000015e9,48,（これといって誰もいないなぁ…）,No one in particular around here...,,
ID00082,00001647,51,（暇だし、ブックカフェでも寄るか）,I guess I'll drop by the book cafe since I'm bored.,,
ID00082,00001eac,18,「あ、内魔」,"Oh, Inner Demon.",,
ID00082,0000206a,23,「@str_000先輩…」,@str_000-senpai...,,
ID00082,00002214,18,「１人か？」,"Alone, huh?",,
ID00082,00002297,15,「そう…」,That's right...,,
ID00082,000022d4,51,「カフェラテでも飲みに来たのか？」,Were you here to get a café latte or something?,,
ID00082,000024f4,15,「違う…」,No...,,
ID00082,00002531,12,「ん？」,Hm?,,
ID00082,000026d0,48,「ここの抹茶ラテは…おいしい…」,The matcha latte here is... really good...,,
ID00082,0000272e,24,「ああ、抹茶か」,"Oh, so it's matcha.",,
ID00082,000028d9,57,「うちの境内の茶屋にも…取り入れたい」,I wanna add it to ours too.,,
ID00082,00002a6e,48,「研究か？　しっかりしてんなぁ」,"Research, huh? You're really working hard.",,
ID00082,00002b03,18,「フフフ…」,Hehehe...,,
ID00082,00002ca8,27,「先輩も…１人？」,"Are you alone too, senpai?",,
ID00082,00002cf1,12,「ああ」,Yeah.,,
ID00082,00002e90,27,「一緒に…飲む？」,Want to drink together?,,
ID00082,00003007,54,「…そうだな、動画の話でもするか？」,"...Yeah, let's talk about videos then.",,
ID00082,000031d0,30,「心霊動画…見る？」,Watch some ghost vids...?,,
ID00082,0000321c,42,「い、いいって！　怖ぇだろ」,N-no! They're scary!,,
ID00082,000033d9,21,「フフフフフ」,Huhuhuhu,,
ID00082,0000389c,60,こうして、内魔と一緒にカフェで過ごした。,"This way, we spent time at the cafe with Nami.",,
ID00083,00001559,42,（まっすぐ帰るのもなんだし、,I guess I can't just go straight home...,,
ID00083,00001592,39,　どこかに寄って行くか…）,Maybe I'll stop by somewhere...,,
ID00083,000015e7,54,（夕日がきれいだし、海の丘公園かな。,The sunset's nice.,,
ID00083,0000162c,27,　坂がきついけど）,It's a steep climb.,,
ID00083,00001af5,60,「はぁ……はぁ……もうちょっとで着く…」,Phew... phew... almost there...,,
ID00083,00001de8,21,「着いたぁ…」,We're here...,,
ID00083,00001e79,33,（ん？　恋人の鐘が…。,(Huh? The lovers' bell...),,
ID00083,00001ea9,51,　どんなカップルが鳴らしてんだ？）,"Who's using it, I wonder?",,
ID00083,000023f0,39,「あ！　内魔！　お前か！？,Hey! Naima! Was it you!?,,
ID00083,00002426,33,　今、鐘を鳴らしたの」,You just rang the bell.,,
ID00083,000025f3,15,「そう…」,That's right...,,
ID00083,00002667,54,「相手は？　お前、彼氏いたのか！？」,Who were you with? You have a boyfriend!?,,
ID00083,0000288a,48,「いない……１人で…鳴らした…」,No... I did it alone...,,
ID00083,00002a5a,60,「１人で？　なんで？　カップルで鳴らすと,Alone? Why? It's supposed to be rung by couples,,
ID00083,00002aa5,33,　幸せになる鐘だぞ？」,for good luck,,
ID00083,00002c59,27,「鎮魂の…ため…」,For the soul... to rest...,,
ID00083,00002ca2,15,「鎮魂？」,Exorcism?,,
ID00083,00002e44,45,「幸せを願う…カップルの想い…,Wishes of a couple... hoping to be happy...,,
ID00083,00002e80,33,　特に女子の想いは…、,Especially girls' wishes can...,,
ID00083,00002eb0,57,　重すぎて…怨念に変わることがある…」,Become so heavy that they turn into grudges...,,
ID00083,000030ed,48,「私だけを見て…。ずっと一緒…。,Look only at me... Stay with me forever...,,
ID00083,0000312c,30,　死んでも…一緒…」,Even if I die...stay.,,
ID00083,00003337,48,「知らず知らずに…闇に染まる…」,Unknowingly get stained by darkness...,,
ID00083,00003410,42,「浄化するには…孤独な私が…,I need to cleanse myself alone first...,,
ID00083,00003449,27,　鳴らすのがいい」,Then I can purify them.,,
ID00083,00003492,51,「ふ～ん、もっともらしいことを…」,"Hmm, that sounds pretty convincing...",,
ID00083,00003658,45,「信じるも信じないも…自由…」,Believe it or not...it's up to you...,,
ID00083,00003818,21,「それじゃ…」,Well then...,,
ID00083,0000385b,30,「あ、ああ、またな」,Later.,,
ID00083,00003c62,39,（想いが怨念に変わる…か。,Your feelings turn to hate?,,
ID00083,00003c98,51,　彼女いないし、俺には関係ないな）,"I'm single, so it doesn't concern me.",,
ID00084,00001685,42,（まっすぐ帰るのもなんだし、,I guess I can't just go straight home...,,
ID00084,000016be,48,　駅前モールでも寄って行くか…）,Maybe I'll stop by the station mall...,,
ID00084,00001d3a,51,（ポテチでも買いだめしとくかなぁ）,Maybe I'll stock up on some potato chips.,,
ID00084,000022ba,30,「あれ？　心美先生」,Hey? Shinmi-sensei?,,
ID00084,000024cb,17,「@str_000君」,@str_000-kun,,
ID00084,00002761,54,「寄り道ですか？　それとも見回り？」,Are you taking a detour? Or making rounds?,,
ID00084,000028a6,45,「ううん…そうじゃなくてぇ…」,N-no... It's not that...,,
ID00084,00002aa9,36,「課外授業が…あるの…」,I have an extracurricular class...,,
ID00084,00002c36,21,「課外授業？」,An extracurricular,,
ID00084,00002dfa,24,「あなたと…ね」,With you... right?,,
ID00084,00002f7b,48,「俺と？　補習はなかったはず…」,Me? I didn't have any detention...,,
ID00084,0000315f,33,「そうじゃなくてぇ…」,"No, that's not it...",,
ID00084,000034a5,45,「私と…裏通りへ行かなぁい？」,Want to go down an alley with me?,,
ID00084,0000363b,36,「裏通り？　どうして？」,An alley? Why?,,
ID00084,000037f2,42,「もう……決まってるでしょ」,Come on... it's obvious,,
ID00084,00003ab3,33,「エッチなホ・テ・ル」,A perverted ho-tel,,
ID00084,00003c81,24,「エッチな！？」,Perverted!?!,,
ID00084,00003e2c,60,「先生がぁ…いろいろ…教えてア・ゲ・ル」,Teacher's gonna... teach you all sorts of things,,
ID00084,0000417a,36,「恋の課外授業…しよ？」,A makeout session... how about it?,,
ID00084,00004307,36,「こ、心美先生…ゴクリ」,"Y-You, Shinomi-sensei... *gulp*",,
ID00084,000044be,33,「ほら…行きましょぉ」,Come on... let's go,,
ID00084,0000455d,21,「せぇんぱい」,Senpai~,,
ID00084,000045c6,42,「先輩？　いや、俺、生徒…」,"Senpai? No, I'm a student...",,
ID00084,000047bd,36,「早くぅ、先輩ってばぁ」,"Hurry up, senpai!",,
ID00084,000049a7,39,「うぐ…またしても…夢？」,Ugh... is it another dream?,,
ID00084,00004dcb,42,「先輩…こんなとこで寝て…」,Senpai... sleeping here...,,
ID00084,00004e23,33,「くっ…やっぱり夢か。,Kuh... it was a dream after all.,,
ID00084,00004e53,51,　もうちょっとで恋の課外授業に…」,I almost made it to the love field trip...,,
ID00084,00004fe2,30,「恋の…課外授業？」,Love... field trip?,,
ID00084,0000502e,33,「な、なんでもねーよ」,N-nothing...,,
ID00084,00005a28,39,「こんなとこで居眠りとか、,Sleeping in a place like this...,,
ID00084,00005a5e,33,　なにやってんだ、俺」,"What am I doing, me?",,
ID00084,00005c12,51,「夢のこと…私に詳しく話すべき…」,You should tell me more about your dreams...,,
ID00084,00005da1,33,「は、話せねーって！」,N-No way!,,
ID00084,00005e75,21,「じゃあな！」,Later!,,
ID00084,00006098,12,「あ…」,...,,
ID00085,000018b9,18,「あ、内魔」,"Oh, Inner Demon.",,
ID00085,00001a77,23,「@str_000先輩…」,@str_000-senpai...,,
ID00085,00001d49,21,「今…暇…？」,You... free...?,,
ID00085,00001d8c,24,「ああ、まぁな」,"Yeah, I guess so.",,
ID00085,00001f37,54,「なら…一緒に寄りたいとこがある…」,If you are... I wanna go somewhere.,,
ID00085,0000225b,24,「ついて来て…」,Follow me...,,
ID00085,000022a1,18,「お、おう」,Y-Yeah.,,
ID00085,00002761,33,「どこへ行く気だよ？」,Where're you heading?,,
ID00085,000027b0,48,「すぐそこ…ついてくればわかる」,It's right there... You'll see if you follow me.,,
ID00085,00002cc4,18,「着いた…」,We're here...,,
ID00085,00002e82,51,「なんだ、アミューズメントスペース,"Oh, it's the amusement area.",,
ID00085,00002ec4,60,　じゃないか。ゲームでもやりたいのか？」,Isn't it? You want to play games too?,,
ID00085,000030ed,15,「違う…」,No...,,
ID00085,0000328f,51,「一緒にプリントシール…撮らせて」,Can I take a print photo... with you?,,
ID00085,000032f0,24,「お、俺とか？」,"Hey, me too?",,
ID00085,0000349b,12,「嫌？」,No way?,,
ID00085,000034d5,51,「そ、そんなことねーって。ただ…」,N-No way! It's just...,,
ID00085,0000369b,15,「ただ？」,Just...?,,
ID00085,000036d8,60,（女の子と撮り慣れてねーとは、言えねー）,I can't say I'm not.,,
ID00085,00003742,45,「お前がプリントシールなんて、,"You taking print photos,",,
ID00085,0000377e,51,　意外だっただけだよ。さ、撮るぞ」,"Just surprised is all. C'mon, let's take the shot.",,
ID00085,00003987,21,「よろしく…」,Nice to meet you...,,
ID00085,00003d8f,27,「…なにしてる？」,What are you doing?,,
ID00085,00003dd8,57,「ついでに動画を録ろうと思ったんだが、,"I wanted to record some video too, but",,
ID00085,00003e20,27,　電源が入らねぇ」,the battery won't turn on.,,
ID00085,00003f97,60,「お前を録ろうとすると、よくバッテリーが,"When I try to record you, the battery",,
ID00085,00003fe2,33,　切れる気がするなぁ」,seems to die a lot.,,
ID00085,0000415f,39,「それは…興味深い事象…」,That is... an interesting phenomenon...,,
ID00085,000041b4,33,「ま、いいか。撮るぞ」,"Alright, let's do this.",,
ID00085,00004331,27,「合図は…私が…」,The signal will be... me...,,
ID00085,000046e1,57,「１ま～～い…、２ま～～いの…に～～」,One maaaan... two maaaan... now!,,
ID00085,00004be1,27,「番町皿屋敷かよ！,Furumachi Aisowaki?!,,
ID00085,00004c0b,39,　もっといい合図にしろ！」,Come up with a better signal!,,
ID00085,00004dc5,24,「フフフフフ…」,Hehehehe...,,
ID00085,00004e0b,45,「どうだ？　プリントシールは。,How about it? The print photo.,,
ID00085,00004e47,33,　きれいに撮れたか？」,Did you get a good shot?,,
ID00085,00005028,45,「撮れた……けど、撮れてない」,I got it... but I didn't,,
ID00085,00005083,24,「どっちだよ？」,Which one?,,
ID00085,00005288,36,「私と先輩は…撮れた…。,Me and senpai... got it...,,
ID00085,000052bb,42,　けど…３人目が撮れてない」,But... the third person didn't get it.,,
ID00085,00005485,63,「３人目ってなんだ！？　怖ぇこと言うな！」,What's the third person!? Don't say scary things!,,
ID00085,00005657,60,「妖かしの類が…撮れないかと…踏んでた」,I thought yōkai stuff...,,
ID00085,000057ef,48,「はいはい、オカルト、オカルト。,"Yeah, yeah, occult, occult.",,
ID00085,0000582e,42,　そんなの写るわけねぇって」,There's no way that would show up.,,
ID00085,00005a74,60,「バカなこと言ってないで、宿舎へ帰るぞ」,"Stop nonsense, let's go.",,
ID00085,00005c43,51,「確証…つかめず…。ふがいない…」,No proof... couldn't get it... Pathetic...,,
ID00085,00005e9d,60,「けど…先輩と…プリントシールが撮れた。,But... I got a print photo with Senpai.,,
ID00085,00005ee8,30,　よしとすべきか…」,Should I be happy about that?,,
ID00085,00005fc6,57,「なにぶつぶつ言ってんだ？　行くぞ～」,What are you mumbling about? Let's go~,,
ID00085,00006064,18,「フフフ…」,Hehehe...,,
ID00086,000016a9,29,「あ…@str_000先輩…」,Ah...@str_000-senpai...,,
ID00086,0000182f,18,「あ、内魔」,"Oh, Inner Demon.",,
ID00086,00001afc,33,「どこか…寄るとこ？」,Somewhere... to hang out?,,
ID00086,00001b4b,15,「まぁな」,Yeah.,,
ID00086,00001bbf,21,「…どこへ？」,Where to?,,
ID00086,00001c02,24,「ん～、暇だし、,"Hmm~, I'm free, so",,
ID00086,00001c29,60,　アミューズメントスペースでも行くかな」,Maybe I'll go to the amusement space.,,
ID00086,00001df8,39,「一緒に行っても…いい？」,Can I go with you?,,
ID00086,00001e4d,51,「ああ、もちろん。一緒に遊ぼうぜ」,Sure thing. Let's play together.,,
ID00086,00001f28,24,「望むところ…」,Just what I wanted.,,
ID00086,00002442,36,「なんのゲーム…する？」,What kind of game... should we play?,,
ID00086,00002494,42,「体を使うゲームはどうだ？」,How about a game that uses your body?,,
ID00086,00002651,42,「体を…使う？　例えば…？」,A game that uses your body? Like... what?,,
ID00086,000026e0,39,「キックターゲットとかな」,Like being a kicking target.,,
ID00086,0000289a,60,「ひるがえるスカートを…録る気…満々…」,Recording you with your skirt flipping up...,,
ID00086,00002904,36,「そ、そうじゃねーって！,"N-no, not like that!",,
ID00086,00002937,42,　お前が運動不足だろうと…」,Even if you're out of shape...,,
ID00086,00002af4,27,「雪娘が去っても…,Even if Yuki leaves...,,
ID00086,00002b1e,42,　先輩は…邪気でいっぱい…」,You're...full of malice...,,
ID00086,00002b76,51,「嫌なら、別のゲームでもいいぞ？」,"If you don't like it, we can play a different game?",,
ID00086,00002d3c,42,「キックターゲットで…いい。,You can be the target...if you want.,,
ID00086,00002d75,60,　ただし、先輩が思っているような動画は…,"However, I'm not making any videos like you think...",,
ID00086,00002dc0,18,　録れない」,We can't record it,,
ID00086,00002e00,12,「ん？」,Hm?,,
ID00086,00003091,24,「何番を狙う？」,What number?,,
ID00086,000030d7,15,「…全部」,...all of them,,
ID00086,00003114,60,「おっ、パーフェクト宣言か？　強気だな」,"Oh, declaring perfection? You're confident",,
ID00086,000032ac,18,「見てて…」,Watch me...,,
ID00086,00003a2c,36,「破ーーーーーーーッ！」,Break--,,
ID00086,00004082,27,「パーフェクト…」,Perfect...,,
ID00086,000040cb,57,「おまっ！　一気に！？　無茶すんな！」,Oh! All at once!? Don't be reckless!,,
ID00086,000046c3,60,「気を使えば…ボールを蹴るまでも…ない」,If you're careful...,,
ID00086,0000472d,60,「お前なぁ、機械が壊れたらどうすんだよ」,What are you gonna do if it breaks down?,,
ID00086,00004797,51,「大丈夫…電気の巡りが良くなって…,It's okay...the electricity will flow better...,,
ID00086,000047d9,39,　むしろ…調子が良くなる」,In fact...it'll work better.,,
ID00086,0000482e,21,「ホントかよ」,Really?,,
ID00086,00004871,42,「信じるも信じないも…自由」,Believe it or not...it's up to you.,,
ID00086,000048c9,51,「まぁ…なにかの力はあるのかもな。,Well...there might be some power in it.,,
ID00086,0000490b,42,　どうにも信じ切れないが…」,I can't fully believe it though...,,
ID00086,00004963,21,「フフフフ…」,Hehehe...,,
ID00086,000049a6,66,こうして、内魔とキックターゲットを楽しんだ。,I enjoyed both.,,
ID00087,00000a6d,12,「む…」,Ugh...,,
ID00087,00000c25,15,「むむ…」,Hmmph...,,
ID00087,00000c62,39,「なにやってんだ？　内魔」,"What are you doing, Naima?",,
ID00087,00000e63,29,「あ…@str_000先輩…」,Ah...@str_000-senpai...,,
ID00087,00001105,42,「危ない霊がいないか…探索」,Checking for any dangerous spirits...,,
ID00087,0000115d,15,「あぁ？」,Huh?,,
ID00087,000011d1,51,「人が集うところには…念が集まる」,Where people gather... so do thoughts.,,
ID00087,000013c4,45,「念の集まりは…思わぬ者を…、,"Where thoughts gather, so do strangers.",,
ID00087,00001400,36,　霊や…妖かしの類を…、,spirits or yōkai...,,
ID00087,00001433,39,　引き寄せることが…ある」,or something like that.,,
ID00087,000015fa,45,「はいはい、オカルトオカルト」,"Yeah, yeah, go on with your occult nonsense.",,
ID00087,000017ba,36,「夕暮れ時は…逢魔が時。,It's twilight... spirit hour.,,
ID00087,000017ed,54,　人の時間と魔の時間が…交錯する…」,Human time and demon time... clash together...,,
ID00087,00001b28,33,「先輩も…気をつけて」,"Be careful, senpai...",,
ID00087,00001b77,57,「スマホで心霊動画ばかり狙ってるから、,"You're always looking for ghost vids on your phone,",,
ID00087,00001bbf,48,　そんな妄想に取り憑かれるんだ」,so you get obsessed with that kind of stuff.,,
ID00087,00001da5,63,「狙ってるんじゃない……勝手に映るだけ…」,They don't target you; they just appear.,,
ID00087,00001e56,18,「はいはい」,Sure sure.,,
ID00087,00001ffb,42,「信じるも信じないも…自由」,Believe it or not...it's up to you.,,
ID00087,0000208a,27,「探索を続ける…」,We'll keep searching...,,
ID00087,000023a0,21,「それじゃ…」,Well then...,,
ID00087,000026d6,36,（変わったヤツだなぁ…）,(What a weirdo...),,
ID00087,00002739,45,「あ、内魔、なにやってんだ？」,"Hey, Naima, what're you doing?",,
ID00087,00002959,29,「あ、@str_000先輩…」,@str_000-senpai...,,
ID00087,00002d5f,48,「かき氷を…食べようと思って…」,I was thinking of eating some shaved ice...,,
ID00087,00002dbd,54,「おっ、いいな。何味が好きなんだ？」,"Oh, nice. What flavor do you like?",,
ID00087,00002e58,15,「スイ…」,Syrup...,,
ID00087,00002e95,45,「スイって、単なる砂糖蜜だろ？,Syrup? Isn't that just plain sugar water?,,
ID00087,00002ed1,36,　うまいか？　あんなの」,Is it good? That stuff.,,
ID00087,00003088,51,「古来…かき氷とはああいうもの…。,Since ancient times... shaved ice was like that...,,
ID00087,000030ca,48,　氷の味を…純粋に楽しむ…べき」,Enjoying the taste of the ice... purely.,,
ID00087,0000329a,48,「流行りのかき氷はどうなんだよ？,What's up with trendy shaved ice these days?,,
ID00087,000032d9,30,　キャラメル味とか」,Caramel flavor and stuff,,
ID00087,000034e4,15,「憎い…」,Hate it...,,
ID00087,00003521,15,「あぁ？」,Huh?,,
ID00087,000036f0,60,「凝ったかき氷のせいで…甘味処が行列…。,Fancy shaved ice draws a line at the shop.,,
ID00087,0000373b,48,　なかなかスイが食べられない…」,Can't get my sweets fix easily...,,
ID00087,00003800,51,「ああ、いつも女子が並んでるよな」,"Yeah, girls always in line there",,
ID00087,000039f3,54,「仕方なく…カップアイスのみぞれで…,Guess I'll have to settle for cup mochi ice cream,,
ID00087,00003a38,15,　我慢…」,Tough luck...,,
ID00087,00003bfd,36,「夏の終わりが近づいて…,Summer's end is drawing near...,,
ID00087,00003c30,54,　やっとフワフワのスイを…味わえる」,"Finally, I can enjoy fluffy ice cream",,
ID00087,00003e3d,39,「俺も一緒に行っていいか？,Can I go with you?,,
ID00087,00003e73,33,　スイを試してみるよ」,I'll give it a try,,
ID00087,00004027,27,「では…一緒に…」,Then... let's go together.,,
ID00087,000044f0,51,「ん～、せっかく店に来たんだから、,"Hmm~, since we came all the way here,",,
ID00087,00004532,45,　キャラメル味を食おうかなぁ」,Maybe I'll try the caramel flavor.,,
ID00087,0000458d,21,「裏切り者…」,Traitor...,,
ID00087,000045d0,57,こうして、内魔と一緒にかき氷を食べた。,So I ate shaved ice with Inner Demon.,,
ID00094,000008c8,54,（なにか動画の参考になる雑誌は…と）,A mag with vid ref material?,,
ID00094,00000c54,51,（おっ、なんかセクシーな表紙が…）,"Oh, there's a sexy cover...",,
ID00094,00000cb5,63,（『ＮＩＣＥ！　ＥＲＯＯＯＯＴＨ！』って、,Nice! Erooooooth!,,
ID00094,00000d03,60,　堂下部長が喜びそうなグラビア本だなぁ）,It's the kind of porn mag that Touda-sou would love.,,
ID00094,00000dbb,42,（おおっ、まさしくエロース！,"Wow, it's totally ero!",,
ID00094,00000df4,36,　スカートギリギリだ！）,The skirt's barely there!,,
ID00094,00000e94,36,（これは…また大胆な…）,This is...so daring...,,
ID00094,00000f34,54,（くっ、水着でそんな……けしからん）,"Damn, in a bikini like that...unbelievable",,
ID00094,0000131d,60,「フフフフフフ…そんな本を立ち読みとは…,Hehehe...reading such a book like that...,,
ID00094,00001368,27,　先輩は上級者…」,You're an advanced reader.,,
ID00094,000013db,30,「ああっ！　内魔！」,Ah! Naima!,,
ID00094,00001555,60,「こ、これは、部長が喜びそうだなって…」,This'll make prez happy...,,
ID00094,00001724,33,「先輩も…喜んでた…」,You were also...happy...,,
ID00094,00001773,54,「い、いや、そんなつもりじゃなく…」,"N-no, not really...that wasn't my intention...",,
ID00094,00001969,42,「誤魔化さなくても…いい…」,There's no need to lie...about it...,,
ID00094,00001b80,47,「@str_000先輩も…男…ということ」,@str_000-senpai's also...a guy...,,
ID00094,00001d42,27,「フフフフフフ…」,Hehehehe...,,
ID00094,00001d8b,60,「いや、マジでいつも読んでるわけじゃ…」,"No, I don't actually read this stuff all the time...",,
ID00094,00001f5a,39,「それじゃ…ごゆっくり…」,See ya...take it easy...,,
ID00094,0000236a,63,「おーい、内魔、誤解…ってわけでもないか」,"Oi, Inner Devil, misunderstanding...or not?",,
ID00094,000023d7,27,（続き、続き…と）,"(More, more...)",,
ID00094,000028ee,57,（おおっ！　なんて刺激的なアングル…）,(Wow! What a spicy angle...),,
ID00094,00002955,63,こうして、心ゆくまでグラビア本を堪能した。,I enjoyed the porn.,,
ID00094,000029d3,18,「あ、内魔」,"Oh, Inner Demon.",,
ID00094,00002be0,23,「@str_000先輩…」,@str_000-senpai...,,
ID00094,00002fe0,27,「いいところで…」,Just in time...,,
ID00094,0000318e,12,「ん？」,Hm?,,
ID00094,0000332d,30,「もう夏も終わり…」,Summer's almost over...,,
ID00094,000034de,27,「一緒に…どう？」,How 'bout together...?,,
ID00094,0000355e,24,「なにをだよ？」,What are you saying?,,
ID00094,00003709,39,「抹茶ラテでも飲みながら…,How about we drink some matcha latte...,,
ID00094,0000373f,51,　この夏録った心霊動画を…紐解く」,and go over the ghost videos we shot this summer...,,
ID00094,00003956,30,「じょ、冗談はよせ！,J-Joking aside!,,
ID00094,00003983,63,　マジなのが混じってるかもしれないだろ！」,You might actually find something real!,,
ID00094,00003b55,24,「全部…マジ…」,Everything... is real...,,
ID00094,00003cd6,45,「余計、悪い！　遠慮しとく！」,"I'm sorry, I'll back off!",,
ID00094,00003ef0,54,「怖がることは…ない。通行人の足が…,There's nothing to fear.,,
ID00094,00003f35,39,　１人なかったりするだけ」,It's just that there's no one here.,,
ID00094,00003fce,18,「怖ぇよ！」,That's scary!,,
ID00094,000041c5,30,「じゃ、じゃあな！」,S-see ya!,,
ID00094,000043a3,24,「フフ…また…」,Heh... again...,,
ID00101,00000928,42,「あ、内魔、なにしてんだ？」,"Hey, Nai-ma, what're you doing?",,
ID00101,00000b45,23,「@str_000先輩…」,@str_000-senpai...,,
ID00101,00000de1,33,「今…終わったとこ…」,Just... finished...,,
ID00101,00000e30,18,「なにが？」,What?,,
ID00101,00000fd5,27,「１人カラオケ…」,Singing alone...,,
ID00101,00001055,24,「そ、そうか…」,R-Right...,,
ID00101,00001200,45,「１人なら…迷惑をかけない…」,If I'm alone...I won't bother anyone...,,
ID00101,00001292,15,「迷惑？」,Is that a,,
ID00101,00001434,48,「私が歌うと…どんな明るい曲も…,When I sing...even the happiest songs...,,
ID00101,00001473,42,　暗くて…絶望するらしい…」,Seem dark and hopeless...,,
ID00101,00001708,27,「フフフフフフ…」,Hehehehe...,,
ID00101,00001751,15,「はは…」,Heh...,,
ID00101,000018f3,57,「先輩も…いつか…私の歌を聴くといい」,"You should listen to my song someday, senpai.",,
ID00101,0000195a,18,「お、おう」,Y-Yeah.,,
ID00101,00001aff,21,「それじゃ…」,Well then...,,
ID00101,00001d18,26,「あ、@str_000先輩」,"Oh, @str_000-senpai.",,
ID00101,00001ec5,36,「内魔、なにしてんだ？」,"What are you doing, Naima?",,
ID00101,000020a9,15,「はぁ…」,...,,
ID00101,00002269,39,「なんだよ？　落ち込んで」,What's up? You look down in the dumps.,,
ID00101,00002423,42,「クレーンゲームで…惨敗…。,I got totally wrecked at crane games...,,
ID00101,0000245c,27,　まるで取れず…」,I couldn't even win once...,,
ID00101,0000260a,45,「どんなの取ろうとしたんだ？」,What were you trying to get anyway?,,
ID00101,000027ca,33,「妖怪の…ストラップ」,A yokai charm.,,
ID00101,00002819,42,「それなら小さいだろうだし、,"If that's the case, it should be small,",,
ID00101,00002852,30,　落し口のそばのなら,If it’s near the opening.,,
ID00101,0000287f,30,　取れそうだけどな」,I could probably get it.,,
ID00101,00002a30,42,「私も…本気出せば…取れる」,I can...if I really try...,,
ID00101,00002a88,15,「本気？」,Really?,,
ID00101,00002c2a,57,「気を送り込めば…ドサドサと入れ食い」,If I focus my energy...they'll all go for it.,,
ID00101,00002e43,27,「不正じゃねーか」,That's cheating.,,
ID00101,00002ff1,30,「だから…やらない」,So...I won't do that.,,
ID00101,00003209,57,「故に…動きがままならないクレーンが…,So...the crane's movements are stuck...,,
ID00101,00003251,24,　うらめしい…」,Damn it...,,
ID00101,000032c6,33,「なんだよ？　気って」,What's up? You're pissed?,,
ID00101,0000347a,36,「生きとし生けるもの…、,All living things in this world...,,
ID00101,000034ad,54,　この世の全てに存在するエネルギー」,...contain energy.,,
ID00101,00003676,30,「私は……その力を…,I can control that power...,,
ID00101,000036a3,51,　コントロールすることが…出来る」,It's possible for me to do so!,,
ID00101,00003704,57,「お前は、オカルトな上に中二病か！？」,You're into occult stuff and have a middle school,,
ID00101,000038ff,60,「俺が取ってやるよ。結構、得意なんだぞ」,I'll do it for you. I'm pretty good at this.,,
ID00101,00003ace,36,「本当？　…お願いする」,Really? ...Please let me.,,
ID00101,00003fa0,36,「見てろよ……今だッ！」,Watch...now!,,
ID00101,00004032,15,ターーン！,Taaarnn!,,
ID00101,0000406f,42,「…見事な…ボタンさばき…」,That's a nice...button flip...,,
ID00101,000040c7,63,こうして、内魔のストラップを取ってやった。,I got her the Inner Demon charm like that.,,
ID00101,00004134,30,「ありがと…先輩…」,Thanks...senpai...,,
ID00108,00001758,45,（ん？　柵のそばにいるのは…）,(Hm? The person by the fence is...),,
ID00108,00001b6c,36,「内魔、なにしてんだ？」,"What are you doing, Naima?",,
ID00108,00001d83,29,「あ…@str_000先輩…」,Ah...@str_000-senpai...,,
ID00108,00001f33,39,「美しい光景を…見てた…」,I was looking at a beautiful scene...,,
ID00108,00001f88,57,「ああ、ここから見る海はきれいだよな」,"Ah, the sea looks so pretty from here.",,
ID00108,00002197,42,「そう…。心が…洗われる…」,That's right... My heart feels cleansed.,,
ID00108,0000231d,51,「…心が？　…なにかあったのか？」,...My heart? Did something happen?,,
ID00108,000024e3,18,「…なぜ？」,...Why?,,
ID00108,00002523,54,「海を見たくなるような…辛いなにかが,Something painful makes me wanna see the sea...,,
ID00108,00002568,48,　あったんなら、相談に乗るぞ？」,then I'll listen.,,
ID00108,0000272b,15,「先輩…」,Senpai...,,
ID00108,00002910,45,「…大丈夫。闇の訪れを告げる…,Just a warning.,,
ID00108,0000294c,48,　緋色の輝きを…感じてただけ…」,...I only felt that crimson glow...,,
ID00108,000029aa,54,「なんだ、中二病か。心配して損した」,Just middle school drama.,,
ID00108,00002b73,24,「フフフフフ…」,Hehehehe...,,
ID00108,00002bb9,24,「それじゃあな」,See ya.,,
ID00108,00002d64,15,「また…」,Later...,,
ID00108,00002db2,51,（１人で来るここもいいもんだよな）,(It's nice to come here alone too.),,
ID00108,00003293,39,（フッ、暮れなずむ夕日が、,"Heh, the setting sun.",,
ID00108,000032c9,42,　去りゆく夏を感じさせるゼ）,Like it's saying goodbye to summer.,,
ID00108,00003373,42,「うわっ！　な、なんだ！？」,Whoa! What's going on!?,,
ID00108,000033cb,51,「うしろの正面…だ～～れだ～～～」,Who's there behind meeeeeeeeee~,,
ID00108,000034fd,16, 反町だろ？, Sorimachi?,,
ID00108,00003528,25, 御前さんでしょ？, Misaki-senpai?,,
ID00108,0000355c,19, まひろだろ？, Mahiro?,,
ID00108,00003639,16, 内魔だろ？, Uchima?,,
ID00108,000036a9,27,「相良さんだろ？」,Sagara-san?,,
ID00108,00003706,33,「マリアさんでしょ？」,"It's Maria, right?",,
ID00108,00003769,21,「反町だろ？」,"Sorimachi, right?",,
ID00108,00003814,21,「渚紗だろ？」,Aren't you Nagisa?,,
ID00108,00003886,30,「御前さんでしょ？」,"Is that you, Misaki-senpai?",,
ID00108,00003915,24,「まひろだろ？」,You mean Mahiro?,,
ID00108,000039c3,21,「凜世だろ？」,"Rinze, right?",,
ID00108,00003a35,21,「妃月だろ？」,"Himeragi, right?",,
ID00108,0000402d,33,「は～～ず～～れ～～」,Missed~,,
ID00108,0000407c,27,「あっ！　内魔！」,Oh! Nai-ma!,,
ID00108,0000422a,51,「先輩と親しい女子の名前が…判明」,I found out the name of the girl close to you.,,
ID00108,000043f0,27,「フフフフフフ…」,Hehehehe...,,
ID00108,00004439,36,「そ、そうじゃねーって！,"N-no, not like that!",,
ID00108,0000446c,48,　なんとなくそう思っただけで…」,I just kinda thought so...,,
ID00108,000044de,21,「真奈だろ？」,"Mana, right?",,
ID00108,00004aa7,33,「は～～ず～～れ～～」,Missed~,,
ID00108,00004af6,27,「あっ！　内魔！」,Oh! Nai-ma!,,
ID00108,00004ca4,30,「真奈と間違うとは…,You'd mistake her for Mana...,,
ID00108,00004cd1,39,　私と親しいという証拠…」,It's proof that we're close...,,
ID00108,00004d26,54,「まぁ、一緒にいることが多いからな」,"Well, I'm around a lot...",,
ID00108,00004dde,39,「けど、まさかお前とは…」,But to mistake you for someone else...,,
ID00108,00004e74,45,「お前、真奈を知ってるのか？」,Do you know Mana?,,
ID00108,00005034,39,「真奈は…私のよき理解者」,Mana is... my good friend,,
ID00108,000051ee,54,「彼女の…精神世界への科学的考察は…,Her scientific study of the spiritual world...,,
ID00108,00005233,24,　実に興味深い」,Is quite interesting.,,
ID00108,00005279,45,「なるほど、中二病とオカルトの,"Oh yeah, otaku syndrome and occult stuff...",,
ID00108,000052b5,63,　カップリングか…。深い話になりそうだな」,This could get deep.,,
ID00108,000054b4,21,「フフフフフ」,Huhuhuhu,,
ID00108,00005592,24,「ユイ姉だろ？」,"Yui-onee, right?",,
ID00108,00005b5e,33,「は～～ず～～れ～～」,Missed~,,
ID00108,00005bad,27,「あっ！　内魔！」,Oh! Nai-ma!,,
ID00108,00005d5b,60,「現役ＪＫモデルと間違うとは……光栄…」,Mistaken for a JK model...,,
ID00108,00005dc5,33,「まさか、お前とは…」,I didn't think it'd be you...,,
ID00108,00005e3a,21,「内魔だろ？」,Isn't that you?,,
ID00108,00006403,33,「あ～～た～～り～～」,Duh~,,
ID00108,000065b7,45,「当然だ。お前ぐらいだからな、,"Of course. Because it's you, after all.",,
ID00108,000065f3,36,　あんな怖い声出すのは」,you'd make such a scary voice.,,
ID00108,000067aa,36,「フフフ…、私は…常に…,Heheh... I'm always...,,
ID00108,000067dd,39,　先輩の背後に潜んでる…」,"Hiding behind you, senpai...",,
ID00108,00006832,21,「怖ぇ～って」,You're so scary~,,
ID00108,000069da,33,「宿舎まで…送って…」,Walking you back to your dorm...,,
ID00108,00006a29,33,「ああ、一緒に帰るか」,Let's go back together then.,,
ID00108,00006ef8,30,「ヒタ……ヒタ……」,H-Hi...Hi...,,
ID00108,00006f44,45,「背後をひっそり歩くなぁっ！」,Don't sneak up behind me like that!,,
ID00108,00006fb0,30,「心美先生でしょ？」,Isn't it Shinmi-sensei?,,
ID00108,00007582,33,「は～～ず～～れ～～」,Missed~,,
ID00108,000075d1,27,「あっ！　内魔！」,Oh! Nai-ma!,,
ID00108,0000777f,41,「@str_000先輩は……心美先生と,"@str_000, you and Shinbi-sensei are...",,
ID00108,000077b7,36,　すごく親しいと…判明」,"really close, huh?",,
ID00108,00007809,36,「そ、そうじゃねーって！,"N-no, not like that!",,
ID00108,0000783c,45,　心美先生ならやりかねないって,Shinbi-sensei might do something like that...,,
ID00108,00007878,27,　思っただけで…」,just thinking about it.,,
ID00108,00007a26,54,「フフフ…そういうことにしておく…」,Heheh... I'll leave it at that...,,
ID00108,00007a8a,15,「ったく」,Ugh.,,
ID00108,00007c3d,57,「先輩の背後に潜むのは…私。覚えて…」,I'm the one hiding.,,
ID00108,00007ca4,21,「怖ぇ～って」,You're so scary~,,
ID00108,00007fb4,21,「それじゃ…」,Well then...,,
ID00115,00000a6d,12,「む…」,Ugh...,,
ID00115,00000c25,15,「むむ…」,Hmmph...,,
ID00115,00000c62,39,「なにやってんだ？　内魔」,"What are you doing, Naima?",,
ID00115,00000e63,29,「あ…@str_000先輩…」,Ah...@str_000-senpai...,,
ID00115,00001105,42,「危ない霊がいないか…探索」,Checking for any dangerous spirits...,,
ID00115,0000115d,15,「あぁ？」,Huh?,,
ID00115,000011d1,51,「人が集うところには…念が集まる」,Where people gather... so do thoughts.,,
ID00115,000013c4,45,「念の集まりは…思わぬ者を…、,"Where thoughts gather, so do strangers.",,
ID00115,00001400,36,　霊や…妖かしの類を…、,spirits or yōkai...,,
ID00115,00001433,39,　引き寄せることが…ある」,or something like that.,,
ID00115,000015fa,45,「はいはい、オカルトオカルト」,"Yeah, yeah, go on with your occult nonsense.",,
ID00115,000017ba,36,「夕暮れ時は…逢魔が時。,It's twilight... spirits' hour.,,
ID00115,000017ed,54,　人の時間と魔の時間が…交錯する…」,Human time and demon time... clash together...,,
ID00115,00001b28,33,「先輩も…気をつけて」,"Be careful, senpai...",,
ID00115,00001b77,57,「スマホで心霊動画ばかり狙ってるから、,"You're always looking for ghosts on your phone,",,
ID00115,00001bbf,48,　そんな妄想に取り憑かれるんだ」,so you get obsessed with that kind of stuff.,,
ID00115,00001da5,63,「狙ってるんじゃない……勝手に映るだけ…」,They just appear on their own...,,
ID00115,00001e56,18,「はいはい」,Sure sure.,,
ID00115,00001ffb,42,「信じるも信じないも…自由」,Believe it or not...it's up to you.,,
ID00115,0000208a,27,「探索を続ける…」,We'll keep searching...,,
ID00115,000023a0,21,「それじゃ…」,Well then...,,
ID00115,000026d6,36,（変わったヤツだなぁ…）,(What a weirdo...),,
ID00115,00002739,45,「あ、内魔、なにやってんだ？」,"Hey, Naima, what're you doing?",,
ID00115,00002959,29,「あ、@str_000先輩…」,@str_000-senpai...,,
ID00115,00002d5f,48,「かき氷を…食べようと思って…」,I was thinking of eating some shaved ice...,,
ID00115,00002dbd,54,「おっ、いいな。何味が好きなんだ？」,"Oh, nice. What flavor do you like?",,
ID00115,00002e58,15,「スイ…」,Syrup...,,
ID00115,00002e95,45,「スイって、単なる砂糖蜜だろ？,Syrup? Isn't that just plain sugar water?,,
ID00115,00002ed1,36,　うまいか？　あんなの」,Is it good? That stuff.,,
ID00115,00003088,51,「古来…かき氷とはああいうもの…。,Since ancient times... shaved ice was like that...,,
ID00115,000030ca,48,　氷の味を…純粋に楽しむ…べき」,Enjoying the taste of the ice... purely.,,
ID00115,0000329a,48,「流行りのかき氷はどうなんだよ？,What's up with trendy shaved ice these days?,,
ID00115,000032d9,30,　キャラメル味とか」,Caramel flavor and stuff,,
ID00115,000034e4,15,「憎い…」,Hate it...,,
ID00115,00003521,15,「あぁ？」,Huh?,,
ID00115,000036f0,60,「凝ったかき氷のせいで…甘味処が行列…。,Fancy shaved ice draws a line now.,,
ID00115,0000373b,48,　なかなかスイが食べられない…」,Can't get my sweets fix easily...,,
ID00115,00003800,51,「ああ、いつも女子が並んでるよな」,"Yeah, girls always in line there",,
ID00115,000039f3,54,「仕方なく…カップアイスのみぞれで…,Guess I'll have to settle for cup mochi ice cream,,
ID00115,00003a38,15,　我慢…」,Tough luck...,,
ID00115,00003bfd,36,「夏の終わりが近づいて…,Summer's end is drawing near...,,
ID00115,00003c30,54,　やっとフワフワのスイを…味わえる」,"Finally, I can enjoy fluffy ice cream",,
ID00115,00003e3d,39,「俺も一緒に行っていいか？,Can I go with you?,,
ID00115,00003e73,33,　スイを試してみるよ」,I'll give it a try,,
ID00115,00004027,27,「では…一緒に…」,Then...let's go together.,,
ID00115,000044f0,51,「ん～、せっかく店に来たんだから、,"Hmm~, since we came all the way here,",,
ID00115,00004532,45,　キャラメル味を食おうかなぁ」,Maybe I'll try the caramel flavor.,,
ID00115,0000458d,21,「裏切り者…」,Traitor...,,
ID00115,000045d0,57,こうして、内魔と一緒にかき氷を食べた。,So I ate shaved ice with Inner Demon.,,
ID00122,000008c8,54,（なにか動画の参考になる雑誌は…と）,A mag with vid ref material?,,
ID00122,00000c54,51,（おっ、なんかセクシーな表紙が…）,"Oh, there's a sexy cover...",,
ID00122,00000cb5,63,（『ＮＩＣＥ！　ＥＲＯＯＯＯＴＨ！』って、,Nice! Erooooooth!,,
ID00122,00000d03,60,　堂下部長が喜びそうなグラビア本だなぁ）,It's the kind of porn mag that Touda-sou would love.,,
ID00122,00000dbb,42,（おおっ、まさしくエロース！,"Wow, it's totally ero!",,
ID00122,00000df4,36,　スカートギリギリだ！）,The skirt's barely there!,,
ID00122,00000e94,36,（これは…また大胆な…）,This is...so daring...,,
ID00122,00000f34,54,（くっ、水着でそんな……けしからん）,"Damn, in a bikini like that...unbelievable",,
ID00122,0000131d,60,「フフフフフフ…そんな本を立ち読みとは…,Hehehe...reading such a book like that...,,
ID00122,00001368,27,　先輩は上級者…」,You're an advanced reader.,,
ID00122,000013db,30,「ああっ！　内魔！」,Ah! Naima!,,
ID00122,00001555,60,「こ、これは、部長が喜びそうだなって…」,This is what I thought the prez would like...,,
ID00122,00001724,33,「先輩も…喜んでた…」,You were also...happy...,,
ID00122,00001773,54,「い、いや、そんなつもりじゃなく…」,"N-no, not really...that wasn't my intention...",,
ID00122,00001969,42,「誤魔化さなくても…いい…」,There's no need to lie...about it...,,
ID00122,00001b80,47,「@str_000先輩も…男…ということ」,@str_000-senpai's also...a guy...,,
ID00122,00001d42,27,「フフフフフフ…」,Hehehehe...,,
ID00122,00001d8b,60,「いや、マジでいつも読んでるわけじゃ…」,"No, I don't actually read this stuff all the time...",,
ID00122,00001f5a,39,「それじゃ…ごゆっくり…」,See ya...take it easy...,,
ID00122,0000236a,63,「おーい、内魔、誤解…ってわけでもないか」,"Oi, Inner Devil, misunderstanding...or not?",,
ID00122,000023d7,27,（続き、続き…と）,"(More, more...)",,
ID00122,000028ee,57,（おおっ！　なんて刺激的なアングル…）,(Wow! What a spicy angle...),,
ID00122,00002955,63,こうして、心ゆくまでグラビア本を堪能した。,I enjoyed the porn mag.,,
ID00122,000029d3,18,「あ、内魔」,"Oh, Inner Demon.",,
ID00122,00002be0,23,「@str_000先輩…」,@str_000-senpai...,,
ID00122,00002fe0,27,「いいところで…」,Just in time...,,
ID00122,0000318e,12,「ん？」,Hm?,,
ID00122,0000332d,30,「もう夏も終わり…」,Summer's almost over...,,
ID00122,000034de,27,「一緒に…どう？」,What about us together?,,
ID00122,0000355e,24,「なにをだよ？」,What are you saying?,,
ID00122,00003709,39,「抹茶ラテでも飲みながら…,How about we drink some matcha latte...,,
ID00122,0000373f,51,　この夏録った心霊動画を…紐解く」,and go over the ghost videos we shot this summer...,,
ID00122,00003956,30,「じょ、冗談はよせ！,J-Joking aside!,,
ID00122,00003983,63,　マジなのが混じってるかもしれないだろ！」,You might actually find something real!,,
ID00122,00003b55,24,「全部…マジ…」,Everything... is real...,,
ID00122,00003cd6,45,「余計、悪い！　遠慮しとく！」,"I'm sorry, I'll back off!",,
ID00122,00003ef0,54,「怖がることは…ない。通行人の足が…,Nothing to fear... just passerby.,,
ID00122,00003f35,39,　１人なかったりするだけ」,It's just that there's no one here.,,
ID00122,00003fce,18,「怖ぇよ！」,That's scary!,,
ID00122,000041c5,30,「じゃ、じゃあな！」,S-see ya!,,
ID00122,000043a3,24,「フフ…また…」,Heh... again...,,
ID00129,00000928,42,「あ、内魔、なにしてんだ？」,"Hey, Nai-ma, what're you doing?",,
ID00129,00000b45,23,「@str_000先輩…」,@str_000-senpai...,,
ID00129,00000de1,33,「今…終わったとこ…」,Just... finished...,,
ID00129,00000e30,18,「なにが？」,What?,,
ID00129,00000fd5,27,「１人カラオケ…」,Singing alone...,,
ID00129,00001055,24,「そ、そうか…」,R-Right...,,
ID00129,00001200,45,「１人なら…迷惑をかけない…」,If I'm alone...I won't bother anyone...,,
ID00129,00001292,15,「迷惑？」,Is that a,,
ID00129,00001434,48,「私が歌うと…どんな明るい曲も…,When I sing...even the happiest songs...,,
ID00129,00001473,42,　暗くて…絶望するらしい…」,Seem dark and hopeless...,,
ID00129,00001708,27,「フフフフフフ…」,Hehehehe...,,
ID00129,00001751,15,「はは…」,Heh...,,
ID00129,000018f3,57,「先輩も…いつか…私の歌を聴くといい」,"You should listen to my song someday, senpai.",,
ID00129,0000195a,18,「お、おう」,Y-Yeah.,,
ID00129,00001aff,21,「それじゃ…」,Well then...,,
ID00129,00001d18,26,「あ、@str_000先輩」,"Oh, @str_000-senpai.",,
ID00129,00001ec5,36,「内魔、なにしてんだ？」,"What are you doing, Naima?",,
ID00129,000020a9,15,「はぁ…」,...,,
ID00129,00002269,39,「なんだよ？　落ち込んで」,What's up? You look down in the dumps.,,
ID00129,00002423,42,「クレーンゲームで…惨敗…。,I got totally wrecked at crane games...,,
ID00129,0000245c,27,　まるで取れず…」,I couldn't even win once...,,
ID00129,0000260a,45,「どんなの取ろうとしたんだ？」,What were you trying to get anyway?,,
ID00129,000027ca,33,「妖怪の…ストラップ」,A yokai charm.,,
ID00129,00002819,42,「それなら小さいだろうだし、,"If that's the case, it should be small,",,
ID00129,00002852,30,　落し口のそばのなら,If it’s near the opening.,,
ID00129,0000287f,30,　取れそうだけどな」,I could probably get it.,,
ID00129,00002a30,42,「私も…本気出せば…取れる」,I can...if I really try...,,
ID00129,00002a88,15,「本気？」,Really?,,
ID00129,00002c2a,57,「気を送り込めば…ドサドサと入れ食い」,If I focus my energy...they'll all go for it.,,
ID00129,00002e43,27,「不正じゃねーか」,That's cheating.,,
ID00129,00002ff1,30,「だから…やらない」,So...I won't do that.,,
ID00129,00003209,57,「故に…動きがままならないクレーンが…,So...the crane's movements are stuck...,,
ID00129,00003251,24,　うらめしい…」,Damn it...,,
ID00129,000032c6,33,「なんだよ？　気って」,What's up? You're pissed?,,
ID00129,0000347a,36,「生きとし生けるもの…、,All living things in this world...,,
ID00129,000034ad,54,　この世の全てに存在するエネルギー」,...contain energy.,,
ID00129,00003676,30,「私は……その力を…,I can control that power...,,
ID00129,000036a3,51,　コントロールすることが…出来る」,It's possible for me to do so!,,
ID00129,00003704,57,「お前は、オカルトな上に中二病か！？」,You're into occult stuff and melodramatic!?,,
ID00129,000038ff,60,「俺が取ってやるよ。結構、得意なんだぞ」,I'll do it for you. I'm pretty good at this.,,
ID00129,00003ace,36,「本当？　…お願いする」,Really? ...Please let me.,,
ID00129,00003fa0,36,「見てろよ……今だッ！」,Watch...now!,,
ID00129,00004032,15,ターーン！,Taaarnn!,,
ID00129,0000406f,42,「…見事な…ボタンさばき…」,That's a nice...button flip...,,
ID00129,000040c7,63,こうして、内魔のストラップを取ってやった。,I got her the Inner Demon charm like that.,,
ID00129,00004134,30,「ありがと…先輩…」,Thanks...senpai...,,
ID00136,00001758,45,（ん？　柵のそばにいるのは…）,(Hm? The person by the fence is...),,
ID00136,00001b6c,36,「内魔、なにしてんだ？」,"What are you doing, Naima?",,
ID00136,00001d83,29,「あ…@str_000先輩…」,Ah...@str_000-senpai...,,
ID00136,00001f33,39,「美しい光景を…見てた…」,I was looking at a beautiful scene...,,
ID00136,00001f88,57,「ああ、ここから見る海はきれいだよな」,"Ah, the sea looks so pretty from here.",,
ID00136,00002197,42,「そう…。心が…洗われる…」,That's right... cleansed.,,
ID00136,0000231d,51,「…心が？　…なにかあったのか？」,...My heart? Did something happen?,,
ID00136,000024e3,18,「…なぜ？」,...Why?,,
ID00136,00002523,54,「海を見たくなるような…辛いなにかが,Something painful...,,
ID00136,00002568,48,　あったんなら、相談に乗るぞ？」,then I'll listen.,,
ID00136,0000272b,15,「先輩…」,Senpai...,,
ID00136,00002910,45,「…大丈夫。闇の訪れを告げる…,...It's okay...,,
ID00136,0000294c,48,　緋色の輝きを…感じてただけ…」,...I only felt that crimson glow...,,
ID00136,000029aa,54,「なんだ、中二病か。心配して損した」,Just middle school drama.,,
ID00136,00002b73,24,「フフフフフ…」,Hehehehe...,,
ID00136,00002bb9,24,「それじゃあな」,See ya.,,
ID00136,00002d64,15,「また…」,Later...,,
ID00136,00002db2,51,（１人で来るここもいいもんだよな）,(It's nice to come here alone too.),,
ID00136,00003293,39,（フッ、暮れなずむ夕日が、,"Heh, the setting sun.",,
ID00136,000032c9,42,　去りゆく夏を感じさせるゼ）,Like it's saying goodbye to summer.,,
ID00136,00003373,42,「うわっ！　な、なんだ！？」,Whoa! What's going on!?,,
ID00136,000033cb,51,「うしろの正面…だ～～れだ～～～」,Who's there behind meeeeeeeeee~,,
ID00136,000034fd,16, 反町だろ？, Sorimachi?,,
ID00136,00003528,25, 御前さんでしょ？, Misaki-senpai?,,
ID00136,0000355c,19, まひろだろ？, Mahiro?,,
ID00136,00003639,16, 内魔だろ？, Uchima?,,
ID00136,000036a9,27,「相良さんだろ？」,Sagara-san?,,
ID00136,00003706,33,「マリアさんでしょ？」,"It's Maria, right?",,
ID00136,00003769,21,「反町だろ？」,"Sorimachi, right?",,
ID00136,00003814,21,「渚紗だろ？」,Aren't you Nagisa?,,
ID00136,00003886,30,「御前さんでしょ？」,"Is that you, Misaki-senpai?",,
ID00136,00003915,24,「まひろだろ？」,You mean Mahiro?,,
ID00136,000039c3,21,「凜世だろ？」,"Rinze, right?",,
ID00136,00003a35,21,「妃月だろ？」,"Himeragi, right?",,
ID00136,0000402d,33,「は～～ず～～れ～～」,Missed~,,
ID00136,0000407c,27,「あっ！　内魔！」,Oh! Nai-ma!,,
ID00136,0000422a,51,「先輩と親しい女子の名前が…判明」,I found out the name of the girl close to you.,,
ID00136,000043f0,27,「フフフフフフ…」,Hehehehe...,,
ID00136,00004439,36,「そ、そうじゃねーって！,"N-no, not like that!",,
ID00136,0000446c,48,　なんとなくそう思っただけで…」,I just kinda thought so...,,
ID00136,000044de,21,「真奈だろ？」,"Mana, right?",,
ID00136,00004aa7,33,「は～～ず～～れ～～」,Missed~,,
ID00136,00004af6,27,「あっ！　内魔！」,Oh! Nai-ma!,,
ID00136,00004ca4,30,「真奈と間違うとは…,You'd mistake her for Mana...,,
ID00136,00004cd1,39,　私と親しいという証拠…」,It's proof that we're close...,,
ID00136,00004d26,54,「まぁ、一緒にいることが多いからな」,"Well, I'm around a lot...",,
ID00136,00004dde,39,「けど、まさかお前とは…」,But to mistake you for someone else...,,
ID00136,00004e74,45,「お前、真奈を知ってるのか？」,Do you know Mana?,,
ID00136,00005034,39,「真奈は…私のよき理解者」,Mana is... my good friend,,
ID00136,000051ee,54,「彼女の…精神世界への科学的考察は…,Her scientific study of the spiritual world...,,
ID00136,00005233,24,　実に興味深い」,Is quite interesting.,,
ID00136,00005279,45,「なるほど、中二病とオカルトの,"Oh yeah, otaku syndrome and occult stuff...",,
ID00136,000052b5,63,　カップリングか…。深い話になりそうだな」,This could get deep.,,
ID00136,000054b4,21,「フフフフフ」,Huhuhuhu,,
ID00136,00005592,24,「ユイ姉だろ？」,"Yui-onee, right?",,
ID00136,00005b5e,33,「は～～ず～～れ～～」,Missed~,,
ID00136,00005bad,27,「あっ！　内魔！」,Oh! Nai-ma!,,
ID00136,00005d5b,60,「現役ＪＫモデルと間違うとは……光栄…」,Mistaken for a JK model...,,
ID00136,00005dc5,33,「まさか、お前とは…」,I didn't think it'd be you...,,
ID00136,00005e3a,21,「内魔だろ？」,Isn't that you?,,
ID00136,00006403,33,「あ～～た～～り～～」,Duh~,,
ID00136,000065b7,45,「当然だ。お前ぐらいだからな、,"Of course. Because it's you, after all.",,
ID00136,000065f3,36,　あんな怖い声出すのは」,you'd make such a scary voice.,,
ID00136,000067aa,36,「フフフ…、私は…常に…,Heheh... I'm always...,,
ID00136,000067dd,39,　先輩の背後に潜んでる…」,"Hiding behind you, senpai...",,
ID00136,00006832,21,「怖ぇ～って」,You're so scary~,,
ID00136,000069da,33,「宿舎まで…送って…」,Walking you back to your dorm...,,
ID00136,00006a29,33,「ああ、一緒に帰るか」,Let's go back together then.,,
ID00136,00006ef8,30,「ヒタ……ヒタ……」,H-Hi...Hi...,,
ID00136,00006f44,45,「背後をひっそり歩くなぁっ！」,Don't sneak up behind me like that!,,
ID00136,00006fb0,30,「心美先生でしょ？」,Isn't it Shinmi-sensei?,,
ID00136,00007582,33,「は～～ず～～れ～～」,Missed~,,
ID00136,000075d1,27,「あっ！　内魔！」,Oh! Nai-ma!,,
ID00136,0000777f,41,「@str_000先輩は……心美先生と,"@str_000, you and Shinbi-sensei are...",,
ID00136,000077b7,36,　すごく親しいと…判明」,"really close, huh?",,
ID00136,00007809,36,「そ、そうじゃねーって！,"N-no, not like that!",,
ID00136,0000783c,45,　心美先生ならやりかねないって,Shinbi-sensei might do something like that...,,
ID00136,00007878,27,　思っただけで…」,just thinking about it.,,
ID00136,00007a26,54,「フフフ…そういうことにしておく…」,Heheh... I'll leave it at that...,,
ID00136,00007a8a,15,「ったく」,Ugh.,,
ID00136,00007c3d,57,「先輩の背後に潜むのは…私。覚えて…」,I'm the one hiding.,,
ID00136,00007ca4,21,「怖ぇ～って」,You're so scary~,,
ID00136,00007fb4,21,「それじゃ…」,Well then...,,
ID00143,000013b4,18,「あ…内魔」,Ah... Naima.,,
ID00143,00001572,26,「@str_000…先輩…」,@str_000...senpai...,,
ID00143,00001622,33,（内魔の部屋着姿…か）,Naima in her pajamas...,,
ID00143,000016f5,42,（意外とかわいい感じだな…）,She looks surprisingly cute...,,
ID00143,0000190d,48,「そんなに見られると……照れる」,It's embarrassing when you look at me like that.,,
ID00143,000019da,48,「わ、悪い！　明るい色の部屋着が,S-Sorry! I'm wearing bright-colored pajamas...,,
ID00143,00001a19,30,　意外だったから…」,I was surprised...,,
ID00143,00001bca,60,「巫女服のイメージ…。家が…神社だから」,Miko outfit... It's because my home is a shrine.,,
ID00143,00001c34,36,「そ、そっか、なるほど」,"Oh, I see.",,
ID00143,00001dfd,48,「お守りのご用命は…山向こうの…,You want a charm... head over to the...,,
ID00143,00001e3c,24,　内魔坂神社へ」,Inner Mamizaka Shrine.,,
ID00143,00001fb0,39,「いきなり商売トークかよ。,"Suddenly getting all salesy on me, huh?",,
ID00143,00001fe6,36,　ちゃっかりしてんなぁ」,That's pretty slick.,,
ID00143,0000219d,18,「フフフ…」,Hehehe...,,
ID00143,0000236f,21,「それじゃ…」,Well then...,,
ID00143,000023b2,24,「ああ、またな」,Later~,,
ID00144,000013db,29,「あ…@str_000先輩…」,Ah...@str_000-senpai...,,
ID00144,000015a4,36,「内魔、風呂上がりか？」,"'Naima, you're done with your bath?'",,
ID00144,0000179e,48,「そう。大浴場は……気持ちいい」,Yep. The big bath... feels great.,,
ID00144,0000192a,36,「いつも大浴場なのか？」,Do you always use the big baths?,,
ID00144,00001a0d,27,「いつもではない。,Not always though.,,
ID00144,00001a37,51,　水ごりする時は…部屋のシャワー」,When I'm showering...I use the room's shower.,,
ID00144,00001adc,15,「はは…」,Heh...,,
ID00144,00001cab,21,「それじゃ…」,Well then...,,
ID00144,00001cee,24,「ああ、またな」,Later~,,
ID00144,000020ee,45,（風呂上がりでタオル巻いても、,"(Even wrapped up in a towel after her bath,)",,
ID00144,0000212a,39,　前髪で目が隠れてるのか）,her bangs are covering her eyes.),,
ID00145,0000159d,45,（あー、エアホッケーやりてー。,"Man, I wanna play air hockey.",,
ID00145,000015d9,48,　たまに無性にやりたくなるよな。,Sometimes you just get the urge to do it.,,
ID00145,00001618,45,　誰か相手してくんねーかなぁ）,Anyone want to be my partner?,,
ID00145,000017ba,39,「あ、内魔！　いいとこに！,"Oh, Naitama! Perfect timing!",,
ID00145,000017f0,42,　エアホッケーやんないか？」,Wanna play some air hockey?,,
ID00145,0000190c,30,「エア…ホッケー…」,Air... hockey...,,
ID00145,00001a30,15,「嫌か？」,Don't want to?,,
ID00145,00001c45,48,「嫌…ではない…やってもいい…」,I'm not... opposed... I can do it...,,
ID00145,00001ca3,33,「じゃあ、やろうぜ！」,"Alright, let's do it!",,
ID00145,00002192,45,「よ～し、行くぞ！　それっ！」,"Okay, here we go! Go!",,
ID00145,0000223b,12,「う…」,...,,
ID00145,000022c3,21,「おりゃっ！」,Got it!,,
ID00145,00002354,15,「うぐ…」,Ugh...,,
ID00145,000023df,42,「なんだよ、ちっともパックが,"What the hell, you're not even",,
ID00145,00002418,27,　返ってこないぞ」,coming back at all.,,
ID00145,00002461,51,「そうは言われても…気になって…」,Even if you say that... I'm still worried...,,
ID00145,000024c2,18,「なにが？」,What?,,
ID00145,000027c8,39,「先輩の背後に……いる…」,Behind senpai... there's someone...,,
ID00145,0000281d,45,「おまっ！　その手つきやめろ！,Hey! Stop that!,,
ID00145,00002859,21,　怖ぇだろ！」,You scared me!,,
ID00145,000029ca,36,「振り向いては…ダメ…」,Don't turn around...,,
ID00145,00002a1c,54,「そ、そんなこと言われたら…余計…」,If you say that... it just makes me more worried...,,
ID00145,00002bae,15,「好機…」,Now or never...,,
ID00145,00003203,33,「妖かし…ショット！」,Illusion shot!,,
ID00145,000032c0,54,「あっ！　振り向いた隙とか汚ぇぞ！」,Ah! Don't take advantage of her turning around!,,
ID00145,00003324,51,「エアホッケーの台の下に…いる…」,Under the air hockey table... she's there...,,
ID00145,00003385,33,「だから、怖ぇって！」,That's why I said it was scary!,,
ID00145,000033d4,39,「続…妖かし…ショット！」,Illusion shot... again!,,
ID00145,00003497,39,「ぐはっ、またやられた！」,"Guh, got hit again!",,
ID00145,000034ec,39,「先輩の…真上の天井に…」,Above you... on the ceiling...,,
ID00145,00003541,45,「だから、それをやめろって！」,That's why you should stop!,,
ID00145,0000359c,42,「続々…妖かし…ショット！」,Illusion shot... one more time!,,
ID00145,000035f4,60,こうして、内魔とエアホッケーを楽しんだ。,We enjoyed inner magic and air hockey.,,
ID00146,000015ff,48,（はぁ…レコチャンスはないかな。,(Haa... I wonder if there's any Record Chance.),,
ID00146,0000163e,57,　宿舎じゃあんまり録る機会がないから、,"I don't get many chances to record in the dorms, so",,
ID00146,00001686,30,　なにか録りたい…）,I wanna record something...,,
ID00146,0000187c,45,「あ、内魔！　いいところに！」,"""Ah, Naitama! Perfect timing!""",,
ID00146,00001927,27,「な～～に～～？」,"""Whaaaat?""",,
ID00146,00001c29,39,「夜に怖ぇ声、出すなって」,"""Don't make scary noises at night.""",,
ID00146,00001e56,18,「フフフ…」,Hehehe...,,
ID00146,00001e96,36,「被写体を探してんだよ。,"""I'm looking for subjects to film."",",,
ID00146,00001ec9,54,　宿舎じゃあんまり録る機会ないから。,I don't get many chances to record in the dorms.,,
ID00146,00001f0e,39,　…録らせてくれないか？」,Can you let me film you?,,
ID00146,000020c8,36,「…いいけど、ここで？」,"Sure, but here?",,
ID00146,00002151,54,「いや……お前の部屋で……どうだ？」,No... in your room... how about that?,,
ID00146,0000231a,42,「女子宿舎に…忍び込む気？」,You want to sneak into the girl's dorms?,,
ID00146,00002372,21,「…ダメか？」,...Not gonna happen?,,
ID00146,0000251a,60,「先輩の……その邪念は…祓う必要がある。,I need to cleanse those dirty thoughts of yours.,,
ID00146,00002565,24,　私の部屋へ…」,Come to my room...,,
ID00146,000025ab,27,「はは…よろしく」,Haha... sure thing,,
ID00146,000026c9,57,（ついに男の憧れ、女子宿舎へ潜入だ！）,A guy's dream! Sneaking into the girls' dormitory!,,
ID00146,00002c18,45,「タイミング良く、阿武壬さんが,"~Timing was good, Abuna left her seat...",,
ID00146,00002c54,51,　席を外してて、ラッキーだったよ」,I got lucky.,,
ID00146,00002e1a,30,「先輩は…ついてる」,"You're so lucky, senpai.",,
ID00146,00002e66,27,「で、どうやって、,"So, how are you gonna",,
ID00146,00002e90,48,　俺の邪念を祓ってくれるんだ？」,get rid of my dirty thoughts?,,
ID00146,00003053,60,「私を録れば……満足して…邪念は…去る」,If you record me... I'll satisfy you... and your,,
ID00146,000030bd,42,「おっ、録らせてくれるのか！,"Oh, so you're letting me record it!",,
ID00146,000030f6,24,　ありがとな！」,Thanks a lot!,,
ID00146,000032a1,42,「どんなポーズが……望み？」,What kind of pose... do you want?,,
ID00146,000032f9,21,「そうだな…」,Yeah...,,
ID00146,0000346a,54,「前髪を上げて…微笑んでくれないか？,Can you lift your bangs and smile for me?,,
ID00146,000034af,39,　部屋に彼氏が来た感じで」,Like there's a boyfriend in the room,,
ID00146,0000354d,12,「え…」,Huh...?,,
ID00146,000036ec,45,「それ……やれる…。任せて…」,I can do that... Trust me...,,
ID00146,00003747,30,「お、おう、頼む！」,"Y-Yeah, please!",,
ID00146,00003bcc,45,「先輩……デコちゅ～…して…」,Senpai... give me a forehead kiss...,,
ID00146,00003ea2,45,「しないと……呪っちゃうぞ…」,If you don't... I'll curse you...,,
ID00146,00004178,33,「唇は……その後……」,Your lips... afterwards...,,
ID00146,00004297,12,「ん…」,Hmm...,,
ID00146,00004917,54,「おまっ！　なんで対象が俺なんだよ！,Hey! Why am I the target!,,
ID00146,0000495c,54,　一般的な彼氏をイメージしてだな！」,I was imagining a normal boyfriend.,,
ID00146,000049c0,45,「フフフ……私の邪念が…出た」,Hehehe... My evil thoughts are showing...,,
ID00146,00004a1b,63,「ったく、ドキッとしただろうが、ドキッと」,"Damn it, your heart skipped a beat, didn't it?",,
ID00146,00004a88,60,「それは……私に気がある…ということ？」,That means... you like me?,,
ID00146,00004af2,42,「そっ、そうじゃないっ…て。,"N-No, that's not it...",,
ID00146,00004b2b,30,　キスを迫られたら、,"If someone kisses you,",,
ID00146,00004b58,45,　ドキッとしねーわけねーだろ」,"you're not gonna get all tingly, right?",,
ID00146,00004bb3,54,「フフフ…そういうことにしておく…」,Heheh... I'll leave it at that...,,
ID00146,00004c17,18,「ったく…」,...Man...,,
ID00146,00004c57,57,こうして、プライベートな内魔を録った。,"This way, I recorded our private inner demons.",,
ID00147,000013b4,18,「あ…内魔」,Ah... Naima.,,
ID00147,00001572,26,「@str_000…先輩…」,@str_000...senpai...,,
ID00147,00001622,33,（内魔の部屋着姿…か）,Naima in her pajamas...,,
ID00147,000016f5,42,（意外とかわいい感じだな…）,She looks surprisingly cute...,,
ID00147,0000190d,48,「そんなに見られると……照れる」,It's embarrassing when you look at me like that.,,
ID00147,000019da,48,「わ、悪い！　明るい色の部屋着が,S-Sorry! I'm wearing bright-colored pajamas...,,
ID00147,00001a19,30,　意外だったから…」,I was surprised...,,
ID00147,00001bca,60,「巫女服のイメージ…。家が…神社だから」,Miko outfit... It's because my home is a shrine.,,
ID00147,00001c34,36,「そ、そっか、なるほど」,"Oh, I see.",,
ID00147,00001dfd,48,「お守りのご用命は…山向こうの…,You want a charm... head over to the...,,
ID00147,00001e3c,24,　内魔坂神社へ」,Inner Mamizaka Shrine.,,
ID00147,00001fb0,39,「いきなり商売トークかよ。,"Suddenly getting all salesy on me, huh?",,
ID00147,00001fe6,36,　ちゃっかりしてんなぁ」,That's pretty slick.,,
ID00147,0000219d,18,「フフフ…」,Hehehe...,,
ID00147,0000236f,21,「それじゃ…」,Well then...,,
ID00147,000023b2,24,「ああ、またな」,Later~,,
ID00148,000013db,29,「あ…@str_000先輩…」,Ah...@str_000-senpai...,,
ID00148,000015a4,36,「内魔、風呂上がりか？」,"'Naima, you're done with your bath?'",,
ID00148,0000179e,48,「そう。大浴場は……気持ちいい」,Yep. The big bath... feels great.,,
ID00148,0000192a,36,「いつも大浴場なのか？」,Do you always use the big baths?,,
ID00148,00001a0d,27,「いつもではない。,Not always though.,,
ID00148,00001a37,51,　水ごりする時は…部屋のシャワー」,When I'm showering...I use the room's shower.,,
ID00148,00001adc,15,「はは…」,Heh...,,
ID00148,00001cab,21,「それじゃ…」,Well then...,,
ID00148,00001cee,24,「ああ、またな」,Later~,,
ID00148,000020ee,45,（風呂上がりでタオル巻いても、,"(Even wrapped up in a towel after her bath,)",,
ID00148,0000212a,39,　前髪で目が隠れてるのか）,her bangs are covering her eyes.),,
ID00149,0000159d,45,（あー、エアホッケーやりてー。,"Man, I wanna play air hockey.",,
ID00149,000015d9,48,　たまに無性にやりたくなるよな。,Sometimes you just get the urge to do it.,,
ID00149,00001618,45,　誰か相手してくんねーかなぁ）,Anyone want to be my partner?,,
ID00149,000017ba,39,「あ、内魔！　いいとこに！,"Oh, Naitama! Perfect timing!",,
ID00149,000017f0,42,　エアホッケーやんないか？」,Wanna play some air hockey?,,
ID00149,0000190c,30,「エア…ホッケー…」,Air... hockey...,,
ID00149,00001a30,15,「嫌か？」,Don't want to?,,
ID00149,00001c45,48,「嫌…ではない…やってもいい…」,I'm not... opposed... I can do it...,,
ID00149,00001ca3,33,「じゃあ、やろうぜ！」,"Alright, let's do it!",,
ID00149,00002192,45,「よ～し、行くぞ！　それっ！」,"Okay, here we go! Go!",,
ID00149,0000223b,12,「う…」,...,,
ID00149,000022c3,21,「おりゃっ！」,Got it!,,
ID00149,00002354,15,「うぐ…」,Ugh...,,
ID00149,000023df,42,「なんだよ、ちっともパックが,"What the hell, you're not even",,
ID00149,00002418,27,　返ってこないぞ」,coming back at all.,,
ID00149,00002461,51,「そうは言われても…気になって…」,Even if you say that... I'm still worried...,,
ID00149,000024c2,18,「なにが？」,What?,,
ID00149,000027c8,39,「先輩の背後に……いる…」,Behind senpai... there's someone...,,
ID00149,0000281d,45,「おまっ！　その手つきやめろ！,Hey! Stop that!,,
ID00149,00002859,21,　怖ぇだろ！」,You scared me!,,
ID00149,000029ca,36,「振り向いては…ダメ…」,Don't turn around...,,
ID00149,00002a1c,54,「そ、そんなこと言われたら…余計…」,If you say that... it just makes me more worried...,,
ID00149,00002bae,15,「好機…」,Now or never...,,
ID00149,00003203,33,「妖かし…ショット！」,Illusion shot!,,
ID00149,000032c0,54,「あっ！　振り向いた隙とか汚ぇぞ！」,Ah! Don't take advantage of her turning around!,,
ID00149,00003324,51,「エアホッケーの台の下に…いる…」,Under the air hockey table... she's there...,,
ID00149,00003385,33,「だから、怖ぇって！」,That's why I said it was scary!,,
ID00149,000033d4,39,「続…妖かし…ショット！」,Illusion shot... again!,,
ID00149,00003497,39,「ぐはっ、またやられた！」,"Guh, got hit again!",,
ID00149,000034ec,39,「先輩の…真上の天井に…」,Above you... on the ceiling...,,
ID00149,00003541,45,「だから、それをやめろって！」,That's why you should stop!,,
ID00149,0000359c,42,「続々…妖かし…ショット！」,Illusion shot... one more time!,,
ID00149,000035f4,60,こうして、内魔とエアホッケーを楽しんだ。,We enjoyed inner magic and air hockey.,,
ID00150,000015ff,48,（はぁ…レコチャンスはないかな。,(Haa... I wonder if there's any Record Chance.),,
ID00150,0000163e,57,　宿舎じゃあんまり録る機会がないから、,"I don't get many chances to record in the dorms, so",,
ID00150,00001686,30,　なにか録りたい…）,I wanna record something...,,
ID00150,0000187c,45,「あ、内魔！　いいところに！」,"""Ah, Naitama! Perfect timing!""",,
ID00150,00001927,27,「な～～に～～？」,"""Whaaaat?""",,
ID00150,00001c29,39,「夜に怖ぇ声、出すなって」,"""Don't make scary noises at night.""",,
ID00150,00001e56,18,「フフフ…」,Hehehe...,,
ID00150,00001e96,36,「被写体を探してんだよ。,"""I'm looking for subjects to film."",",,
ID00150,00001ec9,54,　宿舎じゃあんまり録る機会ないから。,I don't get many chances to record in the dorms.,,
ID00150,00001f0e,39,　…録らせてくれないか？」,Can you let me film you?,,
ID00150,000020c8,36,「…いいけど、ここで？」,"Sure, but here?",,
ID00150,00002151,54,「いや……お前の部屋で……どうだ？」,No... in your room... how about that?,,
ID00150,0000231a,42,「女子宿舎に…忍び込む気？」,You want to sneak into the girl's dorms?,,
ID00150,00002372,21,「…ダメか？」,...Not gonna happen?,,
ID00150,0000251a,60,「先輩の……その邪念は…祓う必要がある。,I need to cleanse those dirty thoughts of yours.,,
ID00150,00002565,24,　私の部屋へ…」,Come to my room...,,
ID00150,000025ab,27,「はは…よろしく」,Haha... sure thing,,
ID00150,000026c9,57,（ついに男の憧れ、女子宿舎へ潜入だ！）,A guy's dream! Sneaking into the girls' dormitory!,,
ID00150,00002c18,45,「タイミング良く、阿武壬さんが,"~Timing was good, Abuna left her seat...",,
ID00150,00002c54,51,　席を外してて、ラッキーだったよ」,I got lucky.,,
ID00150,00002e1a,30,「先輩は…ついてる」,"You're so lucky, senpai.",,
ID00150,00002e66,27,「で、どうやって、,"So, how are you gonna",,
ID00150,00002e90,48,　俺の邪念を祓ってくれるんだ？」,get rid of my dirty thoughts?,,
ID00150,00003053,60,「私を録れば……満足して…邪念は…去る」,If you record me... I'll satisfy you... and your,,
ID00150,000030bd,42,「おっ、録らせてくれるのか！,"Oh, so you're letting me record it!",,
ID00150,000030f6,24,　ありがとな！」,Thanks a lot!,,
ID00150,000032a1,42,「どんなポーズが……望み？」,What kind of pose... do you want?,,
ID00150,000032f9,21,「そうだな…」,Yeah...,,
ID00150,0000346a,54,「前髪を上げて…微笑んでくれないか？,Can you lift your bangs and smile for me?,,
ID00150,000034af,39,　部屋に彼氏が来た感じで」,Like there's a boyfriend in the room,,
ID00150,0000354d,12,「え…」,Huh...?,,
ID00150,000036ec,45,「それ……やれる…。任せて…」,I can do that... Trust me...,,
ID00150,00003747,30,「お、おう、頼む！」,"Y-Yeah, please!",,
ID00150,00003bcc,45,「先輩……デコちゅ～…して…」,Senpai... give me a forehead kiss...,,
ID00150,00003ea2,45,「しないと……呪っちゃうぞ…」,If you don't... I'll curse you...,,
ID00150,00004178,33,「唇は……その後……」,Your lips... afterwards...,,
ID00150,00004297,12,「ん…」,Hmm...,,
ID00150,00004917,54,「おまっ！　なんで対象が俺なんだよ！,Hey! Why am I the target!,,
ID00150,0000495c,54,　一般的な彼氏をイメージしてだな！」,I was imagining a normal boyfriend.,,
ID00150,000049c0,45,「フフフ……私の邪念が…出た」,Hehehe... My evil thoughts are showing...,,
ID00150,00004a1b,63,「ったく、ドキッとしただろうが、ドキッと」,"Damn it, your heart skipped a beat, didn't it?",,
ID00150,00004a88,60,「それは……私に気がある…ということ？」,That means... you like me?,,
ID00150,00004af2,42,「そっ、そうじゃないっ…て。,"N-No, that's not it...",,
ID00150,00004b2b,30,　キスを迫られたら、,"If someone kisses you,",,
ID00150,00004b58,45,　ドキッとしねーわけねーだろ」,"you're not gonna get all tingly, right?",,
ID00150,00004bb3,54,「フフフ…そういうことにしておく…」,Heheh... I'll leave it at that...,,
ID00150,00004c17,18,「ったく…」,...Man...,,
ID00150,00004c57,57,こうして、プライベートな内魔を録った。,"This way, I recorded our private inner demons.",,
ID00151,0000111d,18,「あ…内魔」,Ah... Naima.,,
ID00151,000012f3,26,「@str_000…先輩…」,@str_000...senpai...,,
ID00151,000013bf,51,（意外とかわいい感じなんだよな…）,(...she's actually kind of cute...),,
ID00151,000015ce,48,「そんなに見られると……照れる」,It's embarrassing when you look at me like that.,,
ID00151,0000169b,21,「わ、悪い！」,S-Sorry!,,
ID00151,00001843,18,「フフフ…」,Hehehe...,,
ID00151,000018e7,21,「それじゃ…」,Well then...,,
ID00151,0000192a,24,「ああ、またな」,Later~,,
ID00152,00001344,29,「あ…@str_000先輩…」,Ah...@str_000-senpai...,,
ID00152,0000150d,36,「内魔、風呂上がりか？」,"'Naima, you're done with your bath?'",,
ID00152,000015a2,48,「そう。大浴場は……気持ちいい」,Yep. The big bath... feels great.,,
ID00152,00001904,21,「それじゃ…」,Well then...,,
ID00152,00001947,24,「ああ、またな」,Later~,,
ID00153,0000239a,63,「先輩……学力テスト、合格だったようで…」,"Senpai... you passed the academic test, huh...",,
ID00153,00002407,30,「あ、内魔。まぁな」,"Ah, Naitama. Yeah.",,
ID00153,0000260c,54,「これで…実力テストも全て終わり…。,Now that this is done... all the tests are over...,,
ID00153,00002651,48,　残すは…最終日の光海祭…のみ」,Only the final day's Mitsumi Festival left.,,
ID00153,000026af,48,「ああ、文化系の部の見せ場だし、,"Yeah, time to show off for the cultural club.",,
ID00153,000026ee,21,　がんばるよ」,I'll do my best!,,
ID00153,00002896,24,「期待…してる」,I'm counting on you...,,
ID00153,00002a70,48,「次の学力テストも…がんばれ…」,Good luck with the next academic test too...,,
ID00153,00002ace,12,「おう」,Sure thing.,,
ID00153,00002c9c,15,「じゃ…」,Then...,,
ID00153,0000330e,33,「先輩……学力テスト…,senpai... the academic test...,,
ID00153,0000333e,54,　いい成績だったようで…おめでとう」,"you did well, congratulations.",,
ID00153,000033a2,36,「あ、内魔、ありがとよ」,"Oh, Mahiro, thanks a lot.",,
ID00153,000035ad,54,「これで…実力テストも全て終わり…。,Now that this is done... all the tests are over...,,
ID00153,000035f2,54,　気持ちよく…光海祭が迎えられる…」,I hope you can enjoy the Mitsumi Festival...,,
ID00153,00003656,48,「ああ、文化系の部の見せ場だし、,"Yeah, time to show off for the cultural club.",,
ID00153,00003695,21,　がんばるよ」,I'll do my best!,,
ID00153,0000383d,36,「すごく…期待してる…」,I'm really counting on you...,,
ID00153,00003a23,30,「次の学力テストも…,the next academic test too...,,
ID00153,00003a50,45,　きっと…いい成績が取れる…」,I'm sure you'll do great.,,
ID00153,00003aab,30,「ああ、がんばるよ」,"Yeah, I will.",,
ID00153,00003c8b,21,「それじゃ…」,Well then...,,
ID00153,00003efe,23,「@str_000先輩…」,@str_000-senpai...,,
ID00153,000040ce,18,「あ、内魔」,"Oh, Inner Demon.",,
ID00153,000043f0,60,「２回連続……学力テストで成績上位とは…,Back-to-back... top scores on the academic tests...,,
ID00153,0000443b,21,　恐れ入る…」,"Wow, impressive...",,
ID00153,00004611,60,「３回連続……学力テストで成績上位とは…,Three straight top scores on tests...,,
ID00153,0000465c,21,　恐れ入る…」,"Wow, impressive...",,
ID00153,000046cd,27,「ははっ、まぁな」,"Haha, yeah.",,
ID00153,000048cf,54,「これで…実力テストも全て終わり…。,Now that this is done... all the tests are over...,,
ID00153,00004914,63,　とても気持ちよく…光海祭が迎えられる…」,I'm really looking forward to it now...,,
ID00153,000049b8,48,「ああ、文化系の部の見せ場だし、,"Yeah, time to show off for the cultural club.",,
ID00153,000049f7,21,　がんばるよ」,I'll do my best!,,
ID00153,00004b9f,42,「ものすごく…期待してる…」,I'm counting on you...,,
ID00153,00004d8b,45,「先輩なら…次の学力テストも…,If you're Misaki-senpai... next time too...,,
ID00153,00004dc7,42,　さらにいい成績が取れる…」,You'll definitely ace it again...,,
ID00153,00004e1f,30,「ああ、がんばるよ」,"Yeah, I will.",,
ID00153,00004fff,21,「それじゃ…」,Well then...,,
ID00153,0000527f,38,「@str_000先輩…凄すぎる…」,@str_000-senpai... you're amazing...,,
ID00153,0000545e,18,「あ、内魔」,"Oh, Inner Demon.",,
ID00153,0000572c,63,「４回連続…学力テストで…成績上位とは…」,4 times in a row... top scores...,,
ID00153,000058fe,51,「まさしく…パーフェクトな学力…」,You really are... perfect academically...,,
ID00153,0000595f,30,「はははっ、まぁな」,"Haha, yeah",,
ID00153,00005b64,42,「しかも…スポーツテストも…,And also... sports tests too...,,
ID00153,00005b9d,30,　すべて成績上位…」,Top scores in everything...,,
ID00153,00005d4e,51,「ダブルパーフェクトとは…感服…」,Double perfection... I'm impressed...,,
ID00153,00005daf,51,「ま、俺が本気出せば、当然だって」,"Well, if I put my foot down, it's a given.",,
ID00153,00005fd3,45,「先輩こそ……光海学園の誇り。,You're the pride of Mitsumi Academy.,,
ID00153,0000600f,54,　光海祭も…この上なく期待してる…」,I'm looking forward to it more than anything.,,
ID00153,00006073,48,「ああ、文化系の部の見せ場だし、,"Yeah, our chance to shine.",,
ID00153,000060b2,21,　がんばるよ」,I'll do my best!,,
ID00153,0000625a,24,「がんばって…」,Do your best...,,
ID00153,000064d0,41,「@str_000先輩……学力テスト…,"@str_000, you... The academic test...",,
ID00153,00006508,30,　不合格のようで…」,It seems like you failed...,,
ID00153,000066df,57,「あ…内魔か…。ああ、調子出なくてな」,"Oh... It's Inama. Yeah, I wasn't in the mood...",,
ID00153,00006a28,39,「光海祭は…期待してる…」,Really looking forward to it.,,
ID00153,00006a7d,30,「ああ、がんばるよ」,"Yeah, I will.",,
ID00153,00006c5d,63,「次の学力テストは…合格した方が…いい…」,You should pass the next academic test...,,
ID00153,00006cca,30,「…ああ、そうだな」,"...Yeah, I guess so.",,
ID00153,00006eaa,15,「じゃ…」,Then...,,
ID00153,00007117,41,「@str_000先輩……学力テスト…,"@str_000, you... The academic test...",,
ID00153,0000714f,42,　２連続で不合格のようで…」,It looks like you failed twice in a row...,,
ID00153,00007332,45,「あ…ああ、調子が出なくてな」,"Ah... Yeah, I just can't get into it.",,
ID00153,0000766f,48,「せめて…光海祭は期待してる…」,At least I'm excited for it.,,
ID00153,000076cd,30,「ああ、がんばるよ」,"Yeah, I will.",,
ID00153,000078ad,36,「次の学力テストこそは…,I've gotta pass the next test...,,
ID00153,000078e0,36,　合格した方が…いい…」,It'd be better if I did...though...,,
ID00153,00007932,30,「ああ…そうだよな」,Yeah...you're right.,,
ID00153,00007a11,15,「じゃ…」,Then...,,
ID00153,00007c7e,41,「@str_000先輩……学力テスト…,"@str_000, you... The academic test...",,
ID00153,00007cb6,57,　まさかの…３連続…不合格のようで…」,Looks like it's gonna be three in a row...,,
ID00153,00007ea8,54,「その…どうしても調子が出なくてな」,Well...I just can't get into it...,,
ID00153,000081ee,60,「光海祭での動画は…落第しないように…」,The Mitsumi Festival video...I don't want to fail...,,
ID00153,00008258,21,「あ、ああ…」,"Oh, yeah...",,
ID00153,0000842f,54,「次の学力テストこそがんばらないと…,I have to do better on the next academic test...,,
ID00153,00008474,27,　ただの怠け者…」,Just a lazy bum...,,
ID00153,000084bd,36,「あ、ああ…そうだよな」,"Ah, yeah...you're right.",,
ID00153,000085a2,15,「じゃ…」,Then...,,
ID00153,000089a7,32,「フフ…@str_000先輩…」,Heh heh...@str_000-senpai...,,
ID00153,000089f5,24,「あ！　内魔！」,Agh! Mahiro!,,
ID00153,00008cc9,48,「４連続…学力テストで不合格…。,Four in a row...failed the academic test...,,
ID00153,00008d08,54,　逆パーフェクト達成…おめでとう…」,Congratulations on achieving reverse perfection...,,
ID00153,00008d6c,33,「…うれしくねーって」,...I'm not happy about it though,,
ID00153,00008f74,54,「これで…スポーツテストと合わせて、,"With this...combined with the sports tests,",,
ID00153,00008fb9,24,　全て不合格…」,You failed everything...,,
ID00153,00009164,48,「ダブル逆パーフェクト達成とは…,"Double reverse perfect score, huh...",,
ID00153,000091a3,21,　恐れ入る…」,"Wow, impressive...",,
ID00153,000091e6,15,「はは…」,Heh...,,
ID00153,000093e6,51,「この調子では…光海祭での動画も…,If you keep this up... the festival vid too...,,
ID00153,00009428,27,　期待できない…」,Can't expect anything.,,
ID00153,000094d8,39,「そっちはがんばるって！」,You said you'd do your best!,,
ID00153,00009591,21,「それじゃ…」,Well then...,,
ID00153,0000998f,33,（はぁ…まずったな…。,Phew... This is bad...,,
ID00153,000099bf,48,　もっとがんばればよかったな…）,I should've tried harder...,,
ID00154,00001dc2,47,「@str_000先輩……スポーツテスト、,"@str_000-senpai... You passed the sports test,",,
ID00154,00001e00,33,　合格だったようで…」,it seems...,,
ID00154,00001e4f,30,「あ、内魔。まぁな」,"Ah, Naitama. Yeah.",,
ID00154,00002054,60,「これで残すは…最後の学力テストのみ…」,Now there's only the final academic test left...,,
ID00154,000020be,30,「ああ、がんばるよ」,"Yeah, I will.",,
ID00154,0000229e,54,「次のスポーツテストも…がんばれ…」,You can do it in the next sports test too...,,
ID00154,00002302,12,「おう」,Sure thing.,,
ID00154,000024d0,15,「じゃ…」,Then...,,
ID00154,00002b42,39,「先輩……スポーツテスト…,Iori-senpai... The sports test...,,
ID00154,00002b78,54,　いい成績だったようで…おめでとう」,"you did well, congratulations.",,
ID00154,00002d41,36,「あ、内魔、ありがとう」,"Ah, Naitama, thanks.",,
ID00154,00002f4c,63,「これで…残すは…最後の学力テストのみ…」,There's only the last academic test left now...,,
ID00154,0000311e,57,「この勢いなら…いい結果が…出せる…」,If I keep this up... I'll get good results...,,
ID00154,00003185,30,「ああ、がんばるよ」,"Yeah, I will.",,
ID00154,00003365,36,「次のスポーツテストも…,"Next, the sports test too...",,
ID00154,00003398,45,　きっと…いい成績が取れる…」,I'm sure you'll do great.,,
ID00154,00003587,21,「それじゃ…」,Well then...,,
ID00154,000037fa,23,「@str_000先輩…」,@str_000-senpai...,,
ID00154,000039bd,18,「あ、内魔」,"Oh, Inner Demon.",,
ID00154,00003c8b,45,「２回連続……スポーツテストで,In a row... for the sports test...,,
ID00154,00003cc7,42,　成績上位とは…恐れ入る…」,I'm impressed... really...,,
ID00154,00003d1f,33,「ああ、がんばったよ」,"Yeah, I did my best",,
ID00154,00003f27,60,「これで…残すは最後の学力テストのみ…」,There's only the last academic test left now...,,
ID00154,00003fc8,36,「この勢いなら…きっと…,If I keep this up...,,
ID00154,00003ffb,33,　いい結果が出せる…」,I'll get good results...,,
ID00154,0000404a,27,「ああ、そうだな」,Sure thing.,,
ID00154,00004227,51,「先輩なら…次のスポーツテストも…,"If it's you, senpai...next sports test too...",,
ID00154,00004269,42,　必ず…いい成績が取れる…」,you'll definitely get good results...,,
ID00154,00004327,21,「それじゃ…」,Well then...,,
ID00154,0000459a,38,「@str_000先輩…凄すぎる…」,@str_000-senpai... you're amazing...,,
ID00154,00004779,18,「あ、内魔」,"Oh, Inner Demon.",,
ID00154,00004b75,45,「３回連続…スポーツテストで…,three in a row...in the sports test...,,
ID00154,00004bb1,27,　成績上位とは…」,in the top ranks...,,
ID00154,00004d28,57,「まさしく…パーフェクトな運動神経…」,Exactly...perfect athletic ability...,,
ID00154,00004d8f,30,「はははっ、まぁな」,"Haha, yeah",,
ID00154,00004f40,60,「これで…残すは最後の学力テストのみ…」,There's only the last academic test left now...,,
ID00154,0000510f,33,「この勢いを活かせば…,If I keep this up...,,
ID00154,0000513f,42,　必ず…いい結果が出せる…」,I'll definitely get good results...,,
ID00154,00005197,30,「ああ、がんばるよ」,"Yeah, I will.",,
ID00154,0000521a,21,「それじゃ…」,Well then...,,
ID00154,000058bf,47,「@str_000先輩……スポーツテスト…,@str_000-senpai...the sports test...,,
ID00154,000058fd,30,　不合格のようで…」,It seems like you failed...,,
ID00154,00005949,57,「あ…内魔か…。ああ、調子出なくてな」,"Oh... It's Inama. Yeah, I wasn't in the mood...",,
ID00154,00005b69,45,「来週は…最後の学力テスト…。,Next week...the last academic test...,,
ID00154,00005ba5,36,　がんばった方がいい…」,You should really try your best...,,
ID00154,00005bf7,27,「ああ、そうだな」,Sure thing.,,
ID00154,00005dd4,36,「次のスポーツテストは…,The next sports test is coming up...,,
ID00154,00005e07,36,　合格した方が…いい…」,It'd be better if I did...though...,,
ID00154,00005e59,30,「…ああ、そうだな」,"...Yeah, I guess so.",,
ID00154,00005f0b,15,「じゃ…」,Then...,,
ID00154,00006310,47,「@str_000先輩……スポーツテスト…,@str_000-senpai...the sports test...,,
ID00154,0000634e,42,　２連続で不合格のようで…」,It looks like you failed twice in a row...,,
ID00154,000064d4,45,「あ…ああ、調子が出なくてな」,"Ah... Yeah, I just can't get into it.",,
ID00154,00006811,45,「来週は…最後の学力テスト…。,Next week...the last academic test...,,
ID00154,0000684d,48,　せめて…がんばった方がいい…」,"At the very least, you should try your best...",,
ID00154,000068ab,21,「そうだな…」,Yeah...,,
ID00154,00006a82,42,「次のスポーツテストこそは…,This time around with the sports test...,,
ID00154,00006abb,36,　合格した方が…いい…」,It'd be better if I did...though...,,
ID00154,00006b0d,30,「ああ…そうだよな」,Yeah...you're right.,,
ID00154,00006bec,15,「じゃ…」,Then...,,
ID00154,0000725e,32,「フフ…@str_000先輩…」,Heh heh...@str_000-senpai...,,
ID00154,000072ac,24,「あ！　内魔！」,Agh! Mahiro!,,
ID00154,00007457,54,「３連続…スポーツテストで不合格…。,Three in a row...failing the sports tests...,,
ID00154,0000749c,54,　逆パーフェクト達成…おめでとう…」,Congratulations on achieving reverse perfection...,,
ID00154,00007500,33,「…うれしくねーって」,...I'm not happy about it though,,
ID00154,000076b4,45,「来週は…最後の学力テスト…。,Next week...the last academic test...,,
ID00154,000076f0,60,　せめて…そっちはがんばった方がいい…」,"At the very least, you should do better there...",,
ID00154,0000775a,33,「…ああ、そうだよな」,"...Yeah, that's right.",,
ID00154,0000793b,15,「じゃ…」,Then...,,
ID00155,0000239a,63,「先輩……学力テスト、合格だったようで…」,"Senpai... you passed the academic test, huh...",,
ID00155,00002407,30,「あ、内魔。まぁな」,"Ah, Naitama. Yeah.",,
ID00155,0000260c,54,「これで…実力テストも全て終わり…。,Now that this is done... all the tests are over...,,
ID00155,00002651,48,　残すは…最終日の光海祭…のみ」,All that's left... is the final day.,,
ID00155,000026af,48,「ああ、文化系の部の見せ場だし、,"Yeah, time to shine!",,
ID00155,000026ee,21,　がんばるよ」,I'll do my best!,,
ID00155,00002896,24,「期待…してる」,I'm counting on you...,,
ID00155,00002a70,48,「次の学力テストも…がんばれ…」,Good luck with the next academic test too...,,
ID00155,00002ace,12,「おう」,Sure thing.,,
ID00155,00002c9c,15,「じゃ…」,Then...,,
ID00155,0000330e,33,「先輩……学力テスト…,senpai... the academic test...,,
ID00155,0000333e,54,　いい成績だったようで…おめでとう」,"you did well, congratulations.",,
ID00155,000033a2,36,「あ、内魔、ありがとよ」,"Oh, Mahiro, thanks a lot.",,
ID00155,000035ad,54,「これで…実力テストも全て終わり…。,Now that this is done... all the tests are over...,,
ID00155,000035f2,54,　気持ちよく…光海祭が迎えられる…」,I hope you can enjoy the Mitsumi Festival...,,
ID00155,00003656,48,「ああ、文化系の部の見せ場だし、,"Yeah, time to shine!",,
ID00155,00003695,21,　がんばるよ」,I'll do my best!,,
ID00155,0000383d,36,「すごく…期待してる…」,I'm really counting on you...,,
ID00155,00003a23,30,「次の学力テストも…,the next academic test too...,,
ID00155,00003a50,45,　きっと…いい成績が取れる…」,I'm sure you'll do great.,,
ID00155,00003aab,30,「ああ、がんばるよ」,"Yeah, I will.",,
ID00155,00003c8b,21,「それじゃ…」,Well then...,,
ID00155,00003efe,23,「@str_000先輩…」,@str_000-senpai...,,
ID00155,000040ce,18,「あ、内魔」,"Oh, Inner Demon.",,
ID00155,000043f0,60,「２回連続……学力テストで成績上位とは…,Back-to-back... top scores on the academic tests...,,
ID00155,0000443b,21,　恐れ入る…」,"Wow, impressive...",,
ID00155,00004611,60,「３回連続……学力テストで成績上位とは…,Three in a row... top scores...,,
ID00155,0000465c,21,　恐れ入る…」,"Wow, impressive...",,
ID00155,000046cd,27,「ははっ、まぁな」,"Haha, yeah.",,
ID00155,000048cf,54,「これで…実力テストも全て終わり…。,Now that this is done... all the tests are over...,,
ID00155,00004914,63,　とても気持ちよく…光海祭が迎えられる…」,I'm really looking forward to it...,,
ID00155,000049b8,48,「ああ、文化系の部の見せ場だし、,"Yeah, time to shine!",,
ID00155,000049f7,21,　がんばるよ」,I'll do my best!,,
ID00155,00004b9f,42,「ものすごく…期待してる…」,I'm counting on you...,,
ID00155,00004d8b,45,「先輩なら…次の学力テストも…,If you're Misaki-senpai... next time too...,,
ID00155,00004dc7,42,　さらにいい成績が取れる…」,You'll definitely ace it again...,,
ID00155,00004e1f,30,「ああ、がんばるよ」,"Yeah, I will.",,
ID00155,00004fff,21,「それじゃ…」,Well then...,,
ID00155,0000527f,38,「@str_000先輩…凄すぎる…」,@str_000-senpai... you're amazing...,,
ID00155,0000545e,18,「あ、内魔」,"Oh, Inner Demon.",,
ID00155,0000572c,63,「４回連続…学力テストで…成績上位とは…」,4 times in a row...top scores...,,
ID00155,000058fe,51,「まさしく…パーフェクトな学力…」,You really are... perfect academically...,,
ID00155,0000595f,30,「はははっ、まぁな」,"Haha, yeah",,
ID00155,00005b64,42,「しかも…スポーツテストも…,And also... sports tests too...,,
ID00155,00005b9d,30,　すべて成績上位…」,Top scores in everything...,,
ID00155,00005d4e,51,「ダブルパーフェクトとは…感服…」,Double perfection... I'm impressed...,,
ID00155,00005daf,51,「ま、俺が本気出せば、当然だって」,"Well, if I put my foot down, it's a given.",,
ID00155,00005fd3,45,「先輩こそ……光海学園の誇り。,You're the pride of Mitsumi Academy.,,
ID00155,0000600f,54,　光海祭も…この上なく期待してる…」,I'm looking forward to it...,,
ID00155,00006073,48,「ああ、文化系の部の見せ場だし、,"Yeah, our chance.",,
ID00155,000060b2,21,　がんばるよ」,I'll do my best!,,
ID00155,0000625a,24,「がんばって…」,Do your best...,,
ID00155,000064d0,41,「@str_000先輩……学力テスト…,"@str_000, you... The academic test...",,
ID00155,00006508,30,　不合格のようで…」,It seems like you failed...,,
ID00155,000066df,57,「あ…内魔か…。ああ、調子出なくてな」,"Oh... It's Inama. Yeah, I wasn't in the mood...",,
ID00155,00006a28,39,「光海祭は…期待してる…」,Really looking forward to it.,,
ID00155,00006a7d,30,「ああ、がんばるよ」,"Yeah, I will.",,
ID00155,00006c5d,63,「次の学力テストは…合格した方が…いい…」,You should pass the next academic test...,,
ID00155,00006cca,30,「…ああ、そうだな」,"...Yeah, I guess so.",,
ID00155,00006eaa,15,「じゃ…」,Then...,,
ID00155,00007117,41,「@str_000先輩……学力テスト…,"@str_000, you... The academic test...",,
ID00155,0000714f,42,　２連続で不合格のようで…」,It looks like you failed twice in a row...,,
ID00155,00007332,45,「あ…ああ、調子が出なくてな」,"Ah... Yeah, I just can't get into it.",,
ID00155,0000766f,48,「せめて…光海祭は期待してる…」,At least I am...,,
ID00155,000076cd,30,「ああ、がんばるよ」,"Yeah, I will.",,
ID00155,000078ad,36,「次の学力テストこそは…,I've gotta pass the next test...,,
ID00155,000078e0,36,　合格した方が…いい…」,It'd be better if I did...though...,,
ID00155,00007932,30,「ああ…そうだよな」,Yeah...you're right.,,
ID00155,00007a11,15,「じゃ…」,Then...,,
ID00155,00007c7e,41,「@str_000先輩……学力テスト…,"@str_000, you... The academic test...",,
ID00155,00007cb6,57,　まさかの…３連続…不合格のようで…」,Looks like it's gonna be three in a row...,,
ID00155,00007ea8,54,「その…どうしても調子が出なくてな」,Well...I just can't get into it...,,
ID00155,000081ee,60,「光海祭での動画は…落第しないように…」,The Mitsumi Festival video...I don't want to fail...,,
ID00155,00008258,21,「あ、ああ…」,"Oh, yeah...",,
ID00155,0000842f,54,「次の学力テストこそがんばらないと…,I have to do better on the next academic test...,,
ID00155,00008474,27,　ただの怠け者…」,Just a lazy bum...,,
ID00155,000084bd,36,「あ、ああ…そうだよな」,"Ah, yeah...you're right.",,
ID00155,000085a2,15,「じゃ…」,Then...,,
ID00155,000089a7,32,「フフ…@str_000先輩…」,Heh heh...@str_000-senpai...,,
ID00155,000089f5,24,「あ！　内魔！」,Agh! Mahiro!,,
ID00155,00008cc9,48,「４連続…学力テストで不合格…。,Four in a row...failed the academic test...,,
ID00155,00008d08,54,　逆パーフェクト達成…おめでとう…」,Congratulations on achieving reverse perfection...,,
ID00155,00008d6c,33,「…うれしくねーって」,...I'm not happy about it though,,
ID00155,00008f74,54,「これで…スポーツテストと合わせて、,"With this...combined with the sports tests,",,
ID00155,00008fb9,24,　全て不合格…」,You failed everything...,,
ID00155,00009164,48,「ダブル逆パーフェクト達成とは…,"Double reverse perfect score, huh...",,
ID00155,000091a3,21,　恐れ入る…」,"Wow, impressive...",,
ID00155,000091e6,15,「はは…」,Heh...,,
ID00155,000093e6,51,「この調子では…光海祭での動画も…,If you do...Mitsumi Fest video too...,,
ID00155,00009428,27,　期待できない…」,Can't expect anything.,,
ID00155,000094d8,39,「そっちはがんばるって！」,You said you'd do your best!,,
ID00155,00009591,21,「それじゃ…」,Well then...,,
ID00155,0000998f,33,（はぁ…まずったな…。,Phew... This is bad...,,
ID00155,000099bf,48,　もっとがんばればよかったな…）,I should've tried harder...,,
ID00156,00001dc2,47,「@str_000先輩……スポーツテスト、,"@str_000-senpai... You passed the sports test,",,
ID00156,00001e00,33,　合格だったようで…」,it seems...,,
ID00156,00001e4f,30,「あ、内魔。まぁな」,"Ah, Naitama. Yeah.",,
ID00156,00002054,60,「これで残すは…最後の学力テストのみ…」,Now there's only the final academic test left...,,
ID00156,000020be,30,「ああ、がんばるよ」,"Yeah, I will.",,
ID00156,0000229e,54,「次のスポーツテストも…がんばれ…」,You can do it in the next sports test too...,,
ID00156,00002302,12,「おう」,Sure thing.,,
ID00156,000024d0,15,「じゃ…」,Then...,,
ID00156,00002b42,39,「先輩……スポーツテスト…,Iori-senpai... The sports test...,,
ID00156,00002b78,54,　いい成績だったようで…おめでとう」,"you did well, congratulations.",,
ID00156,00002d41,36,「あ、内魔、ありがとう」,"Ah, Naitama, thanks.",,
ID00156,00002f4c,63,「これで…残すは…最後の学力テストのみ…」,There's only the last academic test left now...,,
ID00156,0000311e,57,「この勢いなら…いい結果が…出せる…」,If I keep this up... I'll get good results...,,
ID00156,00003185,30,「ああ、がんばるよ」,"Yeah, I will.",,
ID00156,00003365,36,「次のスポーツテストも…,"Next, the sports test too...",,
ID00156,00003398,45,　きっと…いい成績が取れる…」,I'm sure you'll do great.,,
ID00156,00003587,21,「それじゃ…」,Well then...,,
ID00156,000037fa,23,「@str_000先輩…」,@str_000-senpai...,,
ID00156,000039bd,18,「あ、内魔」,"Oh, Inner Demon.",,
ID00156,00003c8b,45,「２回連続……スポーツテストで,In a row... for the sports test...,,
ID00156,00003cc7,42,　成績上位とは…恐れ入る…」,I'm impressed... really...,,
ID00156,00003d1f,33,「ああ、がんばったよ」,"Yeah, I did my best",,
ID00156,00003f27,60,「これで…残すは最後の学力テストのみ…」,There's only the last academic test left now...,,
ID00156,00003fc8,36,「この勢いなら…きっと…,If I keep this up...,,
ID00156,00003ffb,33,　いい結果が出せる…」,I'll get good results...,,
ID00156,0000404a,27,「ああ、そうだな」,Sure thing.,,
ID00156,00004227,51,「先輩なら…次のスポーツテストも…,"If it's you, senpai...next sports test too...",,
ID00156,00004269,42,　必ず…いい成績が取れる…」,you'll definitely get good results...,,
ID00156,00004327,21,「それじゃ…」,Well then...,,
ID00156,0000459a,38,「@str_000先輩…凄すぎる…」,@str_000-senpai... you're amazing...,,
ID00156,00004779,18,「あ、内魔」,"Oh, Inner Demon.",,
ID00156,00004b75,45,「３回連続…スポーツテストで…,three in a row...in the sports test...,,
ID00156,00004bb1,27,　成績上位とは…」,in the top ranks...,,
ID00156,00004d28,57,「まさしく…パーフェクトな運動神経…」,Exactly...perfect athletic ability...,,
ID00156,00004d8f,30,「はははっ、まぁな」,"Haha, yeah",,
ID00156,00004f40,60,「これで…残すは最後の学力テストのみ…」,There's only the last academic test left now...,,
ID00156,0000510f,33,「この勢いを活かせば…,If I keep this up...,,
ID00156,0000513f,42,　必ず…いい結果が出せる…」,I'll definitely get good results...,,
ID00156,00005197,30,「ああ、がんばるよ」,"Yeah, I will.",,
ID00156,0000521a,21,「それじゃ…」,Well then...,,
ID00156,000058bf,47,「@str_000先輩……スポーツテスト…,@str_000-senpai...the sports test...,,
ID00156,000058fd,30,　不合格のようで…」,It seems like you failed...,,
ID00156,00005949,57,「あ…内魔か…。ああ、調子出なくてな」,"Oh... It's Inama. Yeah, I wasn't in the mood...",,
ID00156,00005b69,45,「来週は…最後の学力テスト…。,Next week...the last academic test...,,
ID00156,00005ba5,36,　がんばった方がいい…」,You should really try your best...,,
ID00156,00005bf7,27,「ああ、そうだな」,Sure thing.,,
ID00156,00005dd4,36,「次のスポーツテストは…,The next sports test is coming up...,,
ID00156,00005e07,36,　合格した方が…いい…」,It'd be better if I did...though...,,
ID00156,00005e59,30,「…ああ、そうだな」,"...Yeah, I guess so.",,
ID00156,00005f0b,15,「じゃ…」,Then...,,
ID00156,00006310,47,「@str_000先輩……スポーツテスト…,@str_000-senpai...the sports test...,,
ID00156,0000634e,42,　２連続で不合格のようで…」,It looks like you failed twice in a row...,,
ID00156,000064d4,45,「あ…ああ、調子が出なくてな」,"Ah... Yeah, I just can't get into it.",,
ID00156,00006811,45,「来週は…最後の学力テスト…。,Next week...the last academic test...,,
ID00156,0000684d,48,　せめて…がんばった方がいい…」,"At the very least, you should try your best...",,
ID00156,000068ab,21,「そうだな…」,Yeah...,,
ID00156,00006a82,42,「次のスポーツテストこそは…,This time around with the sports test...,,
ID00156,00006abb,36,　合格した方が…いい…」,It'd be better if I did...though...,,
ID00156,00006b0d,30,「ああ…そうだよな」,Yeah...you're right.,,
ID00156,00006bec,15,「じゃ…」,Then...,,
ID00156,0000725e,32,「フフ…@str_000先輩…」,Heh heh...@str_000-senpai...,,
ID00156,000072ac,24,「あ！　内魔！」,Agh! Mahiro!,,
ID00156,00007457,54,「３連続…スポーツテストで不合格…。,Three in a row...failing the sports tests...,,
ID00156,0000749c,54,　逆パーフェクト達成…おめでとう…」,Congratulations on achieving reverse perfection...,,
ID00156,00007500,33,「…うれしくねーって」,...I'm not happy about it though,,
ID00156,000076b4,45,「来週は…最後の学力テスト…。,Next week...the last academic test...,,
ID00156,000076f0,60,　せめて…そっちはがんばった方がいい…」,"At the very least, you should do better there...",,
ID00156,0000775a,33,「…ああ、そうだよな」,"...Yeah, that's right.",,
ID00156,0000793b,15,「じゃ…」,Then...,,
ID00157,0000089e,48,（ん……なんだ、こんな時間に……,"Hmm... What's up, at this hour...",,
ID00157,000008dd,21,　あ、内魔！）,"Oh, Naitama!",,
ID00157,00000c5f,21,「もしもし？」,Hello?,,
ID00157,00000ca2,30,「もう……寝てた？」,Were you... sleeping?,,
ID00157,00000cee,39,「寝ようとしてたとこだよ」,I was just about to.,,
ID00157,00000d43,30,「夜分遅く…恐縮…」,Sorry for the late night...,,
ID00157,00000d8f,45,「いいけど、どうしたんだよ？」,"It's fine, what's up?",,
ID00157,00000dea,60,「それが……日曜日…行けなくなりそう…」,Well... I can't go on Sunday...,,
ID00157,00000e54,15,「えっ？」,Huh?,,
ID00157,00000e91,45,「神社の…お勤めがある…かも」,I might have shrine duties...,,
ID00157,00000eec,30,「そ、そうなのか…」,R-Really...?,,
ID00157,000011d7,45,「けど…決まったわけじゃない。,But it's not set in stone yet.,,
ID00157,00001213,63,　行けなくなったら…土曜日の夜…電話する」,"If I can't go, I'll call you Saturday night.",,
ID00157,00001280,18,「いい…？」,Okay...?,,
ID00157,000012c0,30,「ああ、わかったよ」,Got it.,,
ID00157,0000130c,45,「それじゃ…おやすみなさい…」,Goodnight then...,,
ID00157,00001367,18,「おやすみ」,Good night,,
ID00157,00001687,51,（神社のお勤め、か。仕方ないよな）,"(Shrine duties, huh? Guess there's no helping it.)",,
ID00157,0000173a,42,（けど、もっと内魔と話して、,"(But I wish she'd talk to me more,",,
ID00157,00001773,48,　好感度を上げておくべきだよな。,"raise our relationship a bit,",,
ID00157,000017b2,60,　ちょっと無理してでも来てくれるように）,even if that means pushing her to come.,,
ID00158,000007fe,48,（ん……なんだ、こんな時間に……,"Hmm... What's up, at this hour...",,
ID00158,0000083d,21,　あ、内魔！）,"Oh, Naitama!",,
ID00158,00000b7f,21,「もしもし？」,Hello?,,
ID00158,00000bc2,30,「もう……寝てた？」,Were you... sleeping?,,
ID00158,00000c0e,39,「寝ようとしてたとこだよ」,I was just about to.,,
ID00158,00000cb7,54,「この間といい……夜分遅く…恐縮…」,Lately... it's been late at night... I'm sorry...,,
ID00158,00000d1b,39,「いいけど、もしかして…」,"It's fine, but maybe...",,
ID00158,00000d70,51,「そう……神社のお勤めが…入った」,Oh yeah... I got a shrine job...,,
ID00158,00000dd1,18,「そっか…」,"Oh, I see.",,
ID00158,00000e40,30,「夜分遅く…恐縮…」,Sorry for the late night...,,
ID00158,00000e8c,45,「いいけど、どうしたんだよ？」,"It's fine, what's up?",,
ID00158,00000ee7,57,「それが……明日……行けなくなった…」,But... tomorrow... I can't go anymore...,,
ID00158,00000f4e,15,「えっ？」,Huh?,,
ID00158,00000f8b,54,「神社のお勤めが入って……断れない」,There's a shrine service... and I can't refuse.,,
ID00158,00000fef,24,「そ、そっか…」,"S-so, really...",,
ID00158,00001064,33,「残念……せっかくの…,Sorry... It's such a shame...,,
ID00158,00001094,45,　先輩との……デートなのに…」,"A date with you, senpai...",,
ID00158,000010ef,27,「俺も残念だよ…」,I'm bummed too...,,
ID00158,00001138,45,「一緒に…プールへ行きたい…」,I wanna go to the pool together...,,
ID00158,00001193,54,「先輩の…都合がいい時に……誘って」,Ask me out when you're free...,,
ID00158,000011f7,30,「わかった、誘うよ」,"Got it, I'll ask you out.",,
ID00158,00001243,21,「待ってる…」,I'm waiting...,,
ID00158,00001286,45,「それじゃ…おやすみなさい…」,Goodnight then...,,
ID00158,000012e1,18,「おやすみ」,Good night,,
ID00158,000013b4,45,（まいったな、家庭の事情か…。,"Damn, must be family issues...",,
ID00158,000013f0,54,　もっと内魔と話して、好感度を上げて,Talk to her more and raise your affinity.,,
ID00158,00001435,63,　おけば、無理してでも来てくれた…かも？）,maybe she'd still come...?,,
ID00158,000014a2,36,（好感度を最大限上げて、,Raise our bond as high as possible.,,
ID00158,000014d5,45,　レコセッションの後、誘おう）,And ask her out after the recital.,,
ID00159,00000b2e,51,（ん……なんだ、こんな時間に……、,"Hmm... What's up, calling me at this hour...",,
ID00159,00000b70,24,　あ！　内魔！）,Oh! Urami!,,
ID00159,00000ef5,18,「もしもし」,Hello.,,
ID00159,00000f35,51,「う～～ら～～め～～し～～や～～」,"Ughhh, damn it...",,
ID00159,00000f96,36,「…いたずらなら切るぞ」,"If this is a prank, I'll hang up.",,
ID00159,00000fe8,60,「丑三つ時に相応しい声を…出したまで…」,Got a witching hour voice...,,
ID00159,00001052,51,「どうしたんだよ？　こんな時間に」,What are you doing up so late?,,
ID00159,000010b3,42,「大した用じゃない。ただ…」,It's not that important. Just...,,
ID00159,0000110b,15,「ただ？」,Just...?,,
ID00159,00001148,48,「先輩と……百物語がしたくて…」,I want to tell you a hundred stories...,,
ID00159,000011a6,15,「あぁ？」,Huh?,,
ID00159,00001670,36,「むか～し、むか～し…、,"Once upon a time, long ago~",,
ID00159,000016a3,39,　江戸の番長のお屋敷に～、,In the boss of Edo's mansion~,,
ID00159,000016d9,42,　お菊という美しい腰元が～」,there was a beautiful oshimai named Ohagi~,,
ID00159,00001731,18,「…切るぞ」,...I'll cut you.,,
ID00159,00001771,36,「先輩は…乗りが悪い…」,"You're not in the mood, huh...?",,
ID00159,000017c3,36,「そんなのに乗れるか！」,"Do I look like I'd go for that?!""",,
ID00159,00001815,45,「怪談は…夏に相応しい娯楽…」,A ghost story's perfect...,,
ID00159,00001870,63,「ん…？　俺を楽しませようとしてるのか？」,Hmm? Are you trying to entertain me?,,
ID00159,000018dd,39,「それ以外…なにがある？」,What else... is there?,,
ID00159,00001932,33,「わかりづらいんだよ。,It's hard to tell.,,
ID00159,00001962,48,　もっと、明るい話はないのか？」,Isn't there a brighter story?,,
ID00159,000019c0,21,「…例えば？」,...Like what?,,
ID00159,00001a03,42,「学校で楽しかったこととか、,"Something fun at school,",,
ID00159,00001a3c,30,　ネットのネタとか」,or something from the internet,,
ID00159,00001a88,54,「先輩と……毎日…楽しく過ごしてる」,I'm having fun with you every day...,,
ID00159,00001aec,54,「おかげで…充実の夏…。ありがと…」,Thanks to that... I've had a great summer...,,
ID00159,00001b50,45,「…礼を言うのは俺の方だって。,Thanks are on my end too.,,
ID00159,00001b8c,60,　お前といると、不思議なことが起こるよ」,Something weird happens when we're together...,,
ID00159,00001bf6,27,「フ…フフフフ…」,Heh... Heheheh...,,
ID00159,00001c3f,51,「先輩も……私といて……楽しい？」,Are you... having fun with me too...?,,
ID00159,00001ca0,48,「…そうだな、お前は変わってて…,"...Yeah, you're different than most...",,
ID00159,00001cdf,21,　飽きないよ」,Never gets old.,,
ID00159,00001d22,21,「よかった…」,I'm glad...,,
ID00159,00001d65,54,「夏が終わっても……ふたりは一緒…」,Even after summer ends... we'll still be together...,,
ID00159,00001dc9,27,「同じ部だからな」,In same club.,,
ID00159,00001e12,24,「フフフフフ…」,Hehehehe...,,
ID00159,00001e58,33,「また……電話する…」,I'll... call again...,,
ID00159,00001ea7,36,「ああ、いつでもいいぞ」,"Sure thing, any time's fine.",,
ID00159,00001ef9,45,「秋には…秋の百物語がある…」,There's the autumn tales...,,
ID00159,00001f54,39,「だからそれはいいって！」,So it's all good!,,
ID00159,00001fa9,21,「フフフフ…」,Hehehe...,,
ID00159,0000228b,33,「おやすみ…なさい…」,Good night... now...,,
ID00159,000022da,18,「おやすみ」,Good night,,
ID00159,00002377,21,（内魔…か…）,(Inner demon...? ),,
ID00160,0000089e,48,（ん……なんだ、こんな時間に……,"Hmm... What's up, at this hour...",,
ID00160,000008dd,21,　あ、内魔！）,"Oh, Naitama!",,
ID00160,00000c5f,21,「もしもし？」,Hello?,,
ID00160,00000ca2,30,「もう……寝てた？」,Were you... sleeping?,,
ID00160,00000cee,39,「寝ようとしてたとこだよ」,I was just about to.,,
ID00160,00000d43,30,「夜分遅く…恐縮…」,Sorry for the late night...,,
ID00160,00000d8f,45,「いいけど、どうしたんだよ？」,"It's fine, what's up?",,
ID00160,00000dea,60,「それが……日曜日…行けなくなりそう…」,Well... I can't go on Sunday...,,
ID00160,00000e54,15,「えっ？」,Huh?,,
ID00160,00000e91,45,「神社の…お勤めがある…かも」,I might have shrine duties...,,
ID00160,00000eec,30,「そ、そうなのか…」,R-Really...?,,
ID00160,000011d7,45,「けど…決まったわけじゃない。,But it's not set in stone yet.,,
ID00160,00001213,63,　行けなくなったら…土曜日の夜…電話する」,"If I can't go, I'll call you Saturday night.",,
ID00160,00001280,18,「いい…？」,Okay...?,,
ID00160,000012c0,30,「ああ、わかったよ」,Got it.,,
ID00160,0000130c,45,「それじゃ…おやすみなさい…」,Goodnight then...,,
ID00160,00001367,18,「おやすみ」,Good night,,
ID00160,00001687,51,（神社のお勤め、か。仕方ないよな）,"(Shrine duties, huh? Guess there's no helping it.)",,
ID00160,0000173a,42,（けど、もっと内魔と話して、,"(But I wish she'd talk to me more,",,
ID00160,00001773,48,　好感度を上げておくべきだよな。,"raise our relationship a bit,",,
ID00160,000017b2,60,　ちょっと無理してでも来てくれるように）,even if that means pushing her to come.,,
ID00161,000007fe,48,（ん……なんだ、こんな時間に……,"Hmm... What's up, at this hour...",,
ID00161,0000083d,21,　あ、内魔！）,"Oh, Naitama!",,
ID00161,00000b7f,21,「もしもし？」,Hello?,,
ID00161,00000bc2,30,「もう……寝てた？」,Were you... sleeping?,,
ID00161,00000c0e,39,「寝ようとしてたとこだよ」,I was just about to.,,
ID00161,00000cb7,54,「この間といい……夜分遅く…恐縮…」,Lately... it's been late at night... I'm sorry...,,
ID00161,00000d1b,39,「いいけど、もしかして…」,"It's fine, but maybe...",,
ID00161,00000d70,51,「そう……神社のお勤めが…入った」,Oh yeah... I got a shrine job...,,
ID00161,00000dd1,18,「そっか…」,"Oh, I see.",,
ID00161,00000e40,30,「夜分遅く…恐縮…」,Sorry for the late night...,,
ID00161,00000e8c,45,「いいけど、どうしたんだよ？」,"It's fine, what's up?",,
ID00161,00000ee7,57,「それが……明日……行けなくなった…」,But... tomorrow... I can't go anymore...,,
ID00161,00000f4e,15,「えっ？」,Huh?,,
ID00161,00000f8b,54,「神社のお勤めが入って……断れない」,There's a shrine service... and I can't refuse.,,
ID00161,00000fef,24,「そ、そっか…」,"S-so, really...",,
ID00161,00001064,33,「残念……せっかくの…,Sorry... It's such a shame...,,
ID00161,00001094,45,　先輩との……デートなのに…」,"A date with you, senpai...",,
ID00161,000010ef,27,「俺も残念だよ…」,I'm bummed too...,,
ID00161,00001138,45,「一緒に…プールへ行きたい…」,I wanna go to the pool together...,,
ID00161,00001193,54,「先輩の…都合がいい時に……誘って」,Ask me out when you're free...,,
ID00161,000011f7,30,「わかった、誘うよ」,"Got it, I'll ask you out.",,
ID00161,00001243,21,「待ってる…」,I'm waiting...,,
ID00161,00001286,45,「それじゃ…おやすみなさい…」,Goodnight then...,,
ID00161,000012e1,18,「おやすみ」,Good night,,
ID00161,000013b4,45,（まいったな、家庭の事情か…。,"Damn, must be family issues...",,
ID00161,000013f0,54,　もっと内魔と話して、好感度を上げて,Talk to her more and raise your affinity.,,
ID00161,00001435,63,　おけば、無理してでも来てくれた…かも？）,maybe she'd still come...?,,
ID00161,000014a2,36,（好感度を最大限上げて、,Raise our bond as high as possible.,,
ID00161,000014d5,45,　レコセッションの後、誘おう）,And ask her out after the recital.,,
ID00162,00000b2e,51,（ん……なんだ、こんな時間に……、,"Hmm... What's up, calling me at this hour...",,
ID00162,00000b70,24,　あ！　内魔！）,Oh! Urami!,,
ID00162,00000ef5,18,「もしもし」,Hello.,,
ID00162,00000f35,51,「う～～ら～～め～～し～～や～～」,"Ughhh, damn it...",,
ID00162,00000f96,36,「…いたずらなら切るぞ」,"If this is a prank, I'll hang up.",,
ID00162,00000fe8,60,「丑三つ時に相応しい声を…出したまで…」,Got a witching hour voice...,,
ID00162,00001052,51,「どうしたんだよ？　こんな時間に」,What are you doing up so late?,,
ID00162,000010b3,42,「大した用じゃない。ただ…」,It's not that important. Just...,,
ID00162,0000110b,15,「ただ？」,Just...?,,
ID00162,00001148,48,「先輩と……百物語がしたくて…」,I want to tell you a hundred stories...,,
ID00162,000011a6,15,「あぁ？」,Huh?,,
ID00162,00001670,36,「むか～し、むか～し…、,"Once upon a time, long ago~",,
ID00162,000016a3,39,　江戸の番長のお屋敷に～、,In the boss of Edo's mansion~,,
ID00162,000016d9,42,　お菊という美しい腰元が～」,there was a beautiful oshimai named Ohagi~,,
ID00162,00001731,18,「…切るぞ」,...I'll cut you.,,
ID00162,00001771,36,「先輩は…乗りが悪い…」,"You're not in the mood, huh...?",,
ID00162,000017c3,36,「そんなのに乗れるか！」,"Do I look like I'd go for that?!""",,
ID00162,00001815,45,「怪談は…夏に相応しい娯楽…」,A ghost story suits summer...,,
ID00162,00001870,63,「ん…？　俺を楽しませようとしてるのか？」,Hmm? Are you trying to entertain me?,,
ID00162,000018dd,39,「それ以外…なにがある？」,What else... is there?,,
ID00162,00001932,33,「わかりづらいんだよ。,It's hard to tell.,,
ID00162,00001962,48,　もっと、明るい話はないのか？」,Isn't there a brighter story?,,
ID00162,000019c0,21,「…例えば？」,...Like what?,,
ID00162,00001a03,42,「学校で楽しかったこととか、,"Something fun at school,",,
ID00162,00001a3c,30,　ネットのネタとか」,or something from the internet,,
ID00162,00001a88,54,「先輩と……毎日…楽しく過ごしてる」,I'm having fun with you every day...,,
ID00162,00001aec,54,「おかげで…充実の夏…。ありがと…」,Thanks to that... I've had a great summer...,,
ID00162,00001b50,45,「…礼を言うのは俺の方だって。,Thanks are on my end too.,,
ID00162,00001b8c,60,　お前といると、不思議なことが起こるよ」,Something weird happens when we're together...,,
ID00162,00001bf6,27,「フ…フフフフ…」,Heh... Heheheh...,,
ID00162,00001c3f,51,「先輩も……私といて……楽しい？」,Are you... having fun with me too...?,,
ID00162,00001ca0,48,「…そうだな、お前は変わってて…,"...Yeah, you're different than most...",,
ID00162,00001cdf,21,　飽きないよ」,Never gets old.,,
ID00162,00001d22,21,「よかった…」,I'm glad...,,
ID00162,00001d65,54,「夏が終わっても……ふたりは一緒…」,Even after summer ends... we'll still be together...,,
ID00162,00001dc9,27,「同じ部だからな」,In the same club.,,
ID00162,00001e12,24,「フフフフフ…」,Hehehehe...,,
ID00162,00001e58,33,「また……電話する…」,I'll... call again...,,
ID00162,00001ea7,36,「ああ、いつでもいいぞ」,"Sure thing, any time's fine.",,
ID00162,00001ef9,45,「秋には…秋の百物語がある…」,A hundred ghost stories...,,
ID00162,00001f54,39,「だからそれはいいって！」,So it's all good!,,
ID00162,00001fa9,21,「フフフフ…」,Hehehe...,,
ID00162,0000228b,33,「おやすみ…なさい…」,Good night... now...,,
ID00162,000022da,18,「おやすみ」,Good night,,
ID00162,00002377,21,（内魔…か…）,(Inner demon...? ),,
ID00163,000030e4,54,（ん？　あそこにいるのは、内魔か？）,Huh? Is that Innerma over there?,,
ID00163,00003149,16, 声をかける, Talk to her,,
ID00163,00003174,19, 声をかけない, Don't talk,,
ID00163,000031a2,19, 動画を見せる, Show the video,,
ID00163,0000323c,36,「内魔、なにしてんだ？」,"What are you doing, Naima?",,
ID00163,00003453,23,「@str_000先輩…」,@str_000-senpai...,,
ID00163,00003651,48,「このところ…見かけなかった…」,I haven't seen her around lately...,,
ID00163,000036af,33,「ん？　…そうかもな」,Hmm? ...Maybe.,,
ID00163,000038bd,48,「暇なら、ちょっと話さないか？」,Wanna chat if you're free?,,
ID00163,000039e9,24,「いい…けど…」,Okay... but...,,
ID00163,00003a94,24,「今は…無理…」,Not... right now...,,
ID00163,00003ada,36,「そっか、じゃあまたな」,"Oh, okay then.",,
ID00163,00003b63,15,「また…」,Later...,,
ID00163,00003bcc,54,（内魔と話すのは、また今度でいいか）,(Maybe I can talk to Naima next time.),,
ID00163,00003c92,39,「内魔、ちょっといいか？」,"Naima, got a sec?",,
ID00163,00003eac,15,「先輩…」,Senpai...,,
ID00163,00003ee9,54,「俺の動画、ちょっと見てみないか？」,Want to check out my video?,,
ID00163,000040f5,30,「…見たい。ぜひ…」,...I wanna. Please...,,
ID00163,00004155,45,（あ…あそこにいるのは、内魔）,(That's Naima over there...),,
ID00163,000041b1,16, 声をかける, Talk to her,,
ID00163,000041dc,19, 声をかけない, Don't talk,,
ID00163,0000420a,19, 動画を見せる, Show the video,,
ID00163,0000425f,39,「内魔、ちょっといいか？」,"Naima, got a sec?",,
ID00163,0000448b,12,「あ…」,...,,
ID00163,0000467e,48,「このところ…見かけなかった…」,I haven't seen her around lately...,,
ID00163,000046dc,33,「ん？　…そうかもな」,Hmm? ...Maybe.,,
ID00163,000048ea,48,「暇なら、ちょっと話さないか？」,Wanna chat if you're free?,,
ID00163,00004b01,33,「今？　いい…けど…」,Now? Sure... but...,,
ID00163,00004d3d,30,「今は…ちょっと…」,Not right now...,,
ID00163,00004dc0,21,「そ、そっか」,R-Really?,,
ID00163,00004f68,15,「じゃ…」,Then...,,
ID00163,00004fa5,24,「ああ、またな」,Later~,,
ID00163,00005017,54,（内魔と話すのは、また今度でいいか）,(Maybe I can talk to Naima next time.),,
ID00163,000050c7,39,「内魔、ちょっといいか？」,"Naima, got a sec?",,
ID00163,000052f7,29,「あ…@str_000先輩…」,Ah...@str_000-senpai...,,
ID00163,00005342,54,「俺の動画、ちょっと見てみないか？」,Want to check out my video?,,
ID00163,000053ef,36,「え…？　いい…けど…」,Huh? Sure... but...,,
ID00164,000030e4,48,（ん？　あそこにいるのは、内魔）,(Huh? That's Naima over there.),,
ID00164,00003143,16, 声をかける, Talk to her,,
ID00164,0000316e,19, 声をかけない, Don't talk,,
ID00164,0000319c,19, 動画を見せる, Show the video,,
ID00164,000031f1,36,「内魔、なにしてんだ？」,"What are you doing, Naima?",,
ID00164,00003408,29,「あ…@str_000先輩…」,Ah...@str_000-senpai...,,
ID00164,0000360c,39,「話すの…しばらくぶり…」,It's been a while since we talked...,,
ID00164,00003661,24,「そ、そうか？」,R-Really?,,
ID00164,00003866,33,「暇なら話さないか？」,Wanna chat if you're free?,,
ID00164,00003a6e,24,「受けて…立つ」,Take it... and stand,,
ID00164,00003c47,30,「今は…ちょっと…」,Not right now...,,
ID00164,00003c93,39,「そっか…じゃあ、またな」,"Oh, I see... See you later then.",,
ID00164,00003e4d,15,「また…」,Later...,,
ID00164,00003eb6,54,（内魔と話すのは、また今度でいいか）,(Maybe I can talk to Naima next time.),,
ID00164,00003f66,39,「内魔、ちょっといいか？」,"Naima, got a sec?",,
ID00164,00004196,29,「あ…@str_000先輩…」,Ah...@str_000-senpai...,,
ID00164,000041e1,54,「俺の動画、ちょっと見てみないか？」,Want to check out my video?,,
ID00164,000043aa,27,「ぜひ…見せて…」,Please... show me...,,
ID00164,00004407,48,（おっ、あそこにいるのは内魔…）,"(Hey, that's Naima over there...)",,
ID00164,00004466,16, 声をかける, Talk to her,,
ID00164,00004491,19, 声をかけない, Don't talk,,
ID00164,000044bf,19, 動画を見せる, Show the video,,
ID00164,00004514,39,「内魔、ちょっといいか？」,"Naima, got a sec?",,
ID00164,0000472e,29,「あ…@str_000先輩…」,Ah...@str_000-senpai...,,
ID00164,00004932,42,「このところ…話してない…」,We haven't talked... in a while...,,
ID00164,0000498a,24,「そ、そうか？」,R-Really?,,
ID00164,00004b8f,33,「暇なら話さないか？」,Wanna chat if you're free?,,
ID00164,00004da9,42,「いつでも……受けて…立つ」,I'll face you anytime...,,
ID00164,00004fa6,36,「もう…着替えないと…」,I need to change clothes...,,
ID00164,00004ff8,21,「そ、そっか」,R-Really?,,
ID00164,000051a0,21,「それじゃ…」,Well then...,,
ID00164,000051e3,24,「ああ、またな」,Later~,,
ID00164,00005255,54,（内魔と話すのは、また今度でいいか）,(Maybe I can talk to Naima next time.),,
ID00164,0000531b,39,「内魔、ちょっといいか？」,"Naima, got a sec?",,
ID00164,00005535,29,「あ…@str_000先輩…」,Ah...@str_000-senpai...,,
ID00164,00005580,54,「俺の動画、ちょっと見てみないか？」,Want to check out my video?,,
ID00164,00005749,48,「見せてくれるなら…いつでも…」,"If you want to show me, any time's good...",,
ID00165,000030e4,48,（おっ、あそこにいるのは内魔…）,"(Hey, that's Naima over there...)",,
ID00165,00003143,16, 声をかける, Talk to her,,
ID00165,0000316e,19, 声をかけない, Don't talk,,
ID00165,0000319c,19, 動画を見せる, Show the video,,
ID00165,000031f1,39,「内魔、なにやってんだ？」,"Nekoma, what are you doing?",,
ID00165,0000340b,26,「あ…@str_000先輩」,Hey... @str_000-senpai.,,
ID00165,00003747,45,「このところ…放置されてた…」,I've been kinda ignored lately...,,
ID00165,000037a2,36,「そ、そうか？　悪い…」,R-Really? Sorry about that...,,
ID00165,000039b3,33,「暇なら話さないか？」,Wanna chat if you're free?,,
ID00165,00003bfe,36,「もちろん…受けて立つ」,Of course I'll take you on...,,
ID00165,00003e3d,42,「今は…どうしても…無理…」,"Right now, though... it's impossible...",,
ID00165,00003e95,18,「そっか…」,"Oh, I see.",,
ID00165,0000403a,15,「残念…」,Sorry...,,
ID00165,00004077,27,「じゃあ、またな」,"Well then, see ya later.",,
ID00165,00004268,15,「また…」,Later...,,
ID00165,000042d1,57,（内魔と話すのは、また今度でいいか…）,(Maybe I can talk to Nai-ma another time...),,
ID00165,0000439a,39,「内魔、ちょっといいか？」,"Naima, got a sec?",,
ID00165,000045b4,29,「あ…@str_000先輩…」,Ah...@str_000-senpai...,,
ID00165,00004764,48,「俺の動画、ちょっと見ないか？」,Want to watch my video?,,
ID00165,00004927,27,「もちろん…見る」,Sure... I'll watch it.,,
ID00165,00004984,48,（おっ、あそこにいるのは内魔…）,"(Hey, that's Naima over there...)",,
ID00165,000049e3,16, 声をかける, Talk to her,,
ID00165,00004a0e,19, 声をかけない, Don't talk,,
ID00165,00004a3c,19, 動画を見せる, Show the video,,
ID00165,00004a91,39,「内魔、ちょっといいか？」,"Naima, got a sec?",,
ID00165,00004cab,29,「あ…@str_000先輩…」,Ah...@str_000-senpai...,,
ID00165,00004eaf,42,「このところ…話せてない…」,I haven't been able to talk recently...,,
ID00165,00004f07,36,「そ、そうか？　悪い…」,R-Really? Sorry about that...,,
ID00165,00005118,42,「時間あるなら話さないか？」,"If you've got time, wanna chat?",,
ID00165,0000536c,57,「もちろん……いつでも…受けて立つ…」,Of course... I'm always ready...,,
ID00165,000055c0,48,「もう…着替えないと…まずい…」,I need to change clothes... or else...,,
ID00165,0000561e,21,「そ、そっか」,R-Really?,,
ID00165,000057c6,33,「残念……それじゃ…」,Damn... I guess so.,,
ID00165,00005841,57,（内魔と話すのは、また今度でいいか…）,(Maybe I can talk to Nai-ma another time...),,
ID00165,0000590a,39,「内魔、ちょっといいか？」,"Naima, got a sec?",,
ID00165,00005b36,29,「あ…@str_000先輩…」,Ah...@str_000-senpai...,,
ID00165,00005ce6,48,「俺の動画、ちょっと見ないか？」,Want to watch my video?,,
ID00165,00005eec,54,「着替える時間…ギリギリまで…見る」,I'll watch you change until the very last second...,,
ID00166,00003183,29,「あ…@str_000先輩…」,Ah...@str_000-senpai...,,
ID00166,00003387,51,「このところ…姿が見えなかった…」,I haven't seen you around lately...,,
ID00166,000033e8,54,「ん？　…そういえば、会ってないな」,"Hmm? Now that you mention it, I haven't.",,
ID00166,0000360b,24,「少し…話す？」,Want to chat for a bit?,,
ID00166,00003652,10, いいぞ, Sure,,
ID00166,00003677,28, 今はダメなんだって, Not right now,,
ID00166,000036ae,19, 動画を見せる, Show the video,,
ID00166,000036ed,24,「ああ、いいぞ」,"Sure, go ahead.",,
ID00166,00003746,33,「今はダメなんだって」,I can't right now though,,
ID00166,00003927,42,「そう…残念…。それじゃ…」,That's too bad... Well then...,,
ID00166,00003990,57,「話もいいけど、俺の動画を見ないか？」,"Sure, but wanna check out my video?",,
ID00166,00003b5c,36,「あ……では、見せて…」,Ah... Then show me...,,
ID00167,000031a3,29,「あ…@str_000先輩…」,Ah...@str_000-senpai...,,
ID00167,000034e2,45,「姿を見かけるの…久しぶり…」,I haven't seen you in a while...,,
ID00167,0000353d,24,「そ、そうか？」,R-Really?,,
ID00167,00003742,30,「少し…話したい…」,I want to talk for a bit...,,
ID00167,0000378f,16, いいけど？," Sure, why?",,
ID00167,000037ba,37, 悪い、今はダメなんだって," Sorry, not right now",,
ID00167,000037fa,19, 動画を見せる, Show the video,,
ID00167,00003839,21,「いいけど？」,"Sure, but...?",,
ID00167,000039e1,18,「じゃあ…」,Well then...,,
ID00167,00003a34,42,「悪い、今はダメなんだって」,"Sorry, I can't now.",,
ID00167,00003bf1,51,「そう…ついてない…。それじゃ…」,Guess my luck's still bad... Well then...,,
ID00167,00003cd4,57,「話もいいけど、俺の動画を見ないか？」,"Sure, but wanna check out my video?",,
ID00167,00003ea0,36,「あ……ぜひ、見せて…」,"S-Sure, show me...",,
ID00168,000031d3,24,「あ……いた…」,Ah... there it is...,,
ID00168,0000350d,45,「このところ…放置されてた…」,I've been kinda ignored lately...,,
ID00168,00003568,36,「そ、そうか？　悪い…」,R-Really? Sorry about that...,,
ID00168,00003779,33,「先輩と…話したい…」,I want to talk to senpai...,,
ID00168,000037c9,13, そうだな, Yeah,,
ID00168,000037f1,34, 悪い、今はダメなんだ…," Sorry, not right now...",,
ID00168,0000382e,19, 動画を見せる, Show the video,,
ID00168,0000386d,36,「そうだな、なに話す？」,"Right, what should we talk about?",,
ID00168,00003a24,30,「フフフ…いい話…」,Heheh... nice topic...,,
ID00168,00003a83,39,「悪い、今はダメなんだ…」,"Sorry, I can't right now...",,
ID00168,00003c3d,27,「そう……無念…」,Yeah... so frustrating...,,
ID00168,00003deb,27,「じゃあ、また…」,See you later then...,,
ID00168,00003e34,24,「ああ、またな」,Later~,,
ID00168,00003e8b,57,「話もいいけど、俺の動画を見ないか？」,"Sure, but wanna check out my video?",,
ID00168,00004057,45,「あ…もちろん。ぜひ…見せて」,Oh... of course. Please do show me.,,
ID00169,0000105e,18,「あ、内魔」,"Oh, Inner Demon.",,
ID00169,00001263,23,「@str_000先輩…」,@str_000-senpai...,,
ID00169,0000143a,21,「おはよう…」,Morning...,,
ID00169,0000147d,27,「ああ、おはよう」,Morning...,,
ID00169,0000174a,18,「あ、内魔」,"Oh, Inner Demon.",,
ID00169,0000194f,23,「@str_000先輩…」,@str_000-senpai...,,
ID00169,00001d50,21,「おはよう…」,Morning...,,
ID00169,00001d93,27,「ああ、おはよう」,Morning...,,
ID00169,00002225,29,「あ…@str_000先輩…」,Ah...@str_000-senpai...,,
ID00169,000024fe,21,「おはよう…」,Morning...,,
ID00169,00002541,27,「ああ、おはよう」,Morning...,,
ID00169,000026ef,21,「それじゃ…」,Well then...,,
ID00169,00002b7b,29,「あ…@str_000先輩…」,Ah...@str_000-senpai...,,
ID00169,000030bd,21,「おはよう…」,Morning...,,
ID00169,00003100,27,「ああ、おはよう」,Morning...,,
ID00169,000032ae,48,「朝から会うとは…縁起がいい…」,Meeting you this early... it's a good omen...,,
ID00169,0000330c,15,「はは…」,Heh...,,
ID00169,000034ae,21,「それじゃ…」,Well then...,,
ID00169,0000385c,42,「せ～～ん～～ぱ～～い～～」,S-se-n-pa-i~,,
ID00169,000038de,30,「おわっ！　内魔！」,Eek! Nai-ma!,,
ID00169,00003a8f,21,「おはよう…」,Morning...,,
ID00169,00003ad2,39,「び、びっくりさせんなよ」,D-don't scare me like that.,,
ID00169,00003c8c,33,「フフフ…それじゃ…」,Heheh... Well then...,,
ID00169,00004046,42,「せ～～ん～～ぱ～～い～～」,S-se-n-pa-i~,,
ID00169,000040c8,30,「おわっ！　内魔！」,Eek! Nai-ma!,,
ID00169,00004279,33,「フフフ…おはよう…」,Heheh... Morning...,,
ID00169,000042c8,54,「な、何度やられてもビックリするな」,I'm always shocked.,,
ID00169,00004491,21,「それじゃ…」,Well then...,,
ID00169,0000483f,42,「せ～～ん～～ぱ～～い～～」,S-se-n-pa-i~,,
ID00169,00004897,36,「お、内魔か。おはよう」,"Oh, Miu? Morning.",,
ID00169,00004a4e,24,「お～は～よ～」,Ooooh~ morning~,,
ID00169,00004bf9,54,「そろそろ来るころと…待ち構えてた」,About time you got here... I was waiting for ya.,,
ID00169,00004c5d,39,「途中まで一緒に行くか？」,Wanna go part of the way with me?,,
ID00169,00004e17,36,「元より…そのつもり…」,That's what I planned on too.,,
ID00170,000005b9,54,「内魔、動画、録らせてくれないか？」,"Hey, can I record you in my video?",,
ID00170,00000782,27,「え？　私…を？」,Huh? Me...?,,
ID00170,00000930,51,「初めて…そんなこと言われたの…」,It's the first time... someone said that to me...,,
ID00170,00000abf,48,「そうなのか？　目が隠れてるのも,Is that so? The fact that your eyes are covered,,
ID00170,00000afe,60,　個性的だし、録ってみたいと思うけどな」,"is unique, and I'm curious about recording it.",,
ID00170,00000d10,33,「…いいよ、録っても」,"Sure, go ahead and record it.",,
ID00170,00000de1,54,「内魔、動画、録らせてくれないか？」,"Hey, can I record you in my video?",,
ID00170,00000faa,27,「え？　私…を？」,Huh? Me...?,,
ID00170,00000ff3,27,「ああ、ダメか？」,"Oh, no good?",,
ID00170,000011fb,33,「べつに…構わない…」,Well... it's fine with me...,,
ID00170,00001278,54,「内魔、動画、録らせてくれないか？」,"Hey, can I record you in my video?",,
ID00170,00001441,24,「え？　…今？」,Huh? ...Now?,,
ID00170,00001487,33,「あ、ああ、ダメか？」,"Ah, oh, really not okay?",,
ID00170,0000163b,30,「拒む理由は…ない」,There's no reason to refuse...,,
ID00170,00001709,54,「内魔、動画、録らせてくれないか？」,"Hey, can I record you in my video?",,
ID00170,000018ff,33,「拒むほどでは…ない」,It's not like I'd really refuse,,
ID00170,0000197c,54,「内魔、動画、録らせてくれないか？」,"Hey, can I record you in my video?",,
ID00170,00001b45,12,「今？」,Right now?,,
ID00170,00001bb6,18,「あ、ああ」,"Ah, yeah.",,
ID00170,00001d5b,33,「抗うほどでは…ない」,Not like I could anyway...,,
ID00170,00001e2c,54,「内魔、動画、録らせてくれないか？」,"Hey, can I record you in my video?",,
ID00170,00002038,21,「問題…ない」,No problem.,,
ID00170,000020a9,54,「内魔、動画、録らせてくれないか？」,"Hey, can I record you in my video?",,
ID00170,00002272,45,「人前でも…拒むほどではない」,Even in front of others...I wouldn't refuse.,,
ID00171,00000669,54,「内魔、動画、録らせてくれないか？」,"Hey, can I record you in my video?",,
ID00171,00000832,27,「え？　私…を？」,Huh? Me...?,,
ID00171,000009e0,51,「初めて…そんなこと言われたの…」,It's the first time... someone said that to me...,,
ID00171,00000ba6,48,「そうなのか？　目が隠れてるのも,Is that so? The fact that your eyes are covered,,
ID00171,00000be5,60,　個性的だし、録ってみたいと思うけどな」,"is unique, and I'm curious about recording it.",,
ID00171,00000dc6,33,「…いいよ、録っても」,"Sure, go ahead and record it.",,
ID00171,00000e97,63,「内魔、その…動画、録らせてくれないか？」,"Hey, um... can I record that video of you?",,
ID00171,00001069,33,「え…この格好…を？」,W-What? In this outfit?,,
ID00171,000010b8,33,「あ、ああ…ダメか？」,A-Ah... No way?,,
ID00171,000012c6,33,「抗うほどでは…ない」,Can't really fight it...,,
ID00171,00001343,63,「内魔、その…動画、録らせてくれないか？」,"Hey, um... can I record that video of you?",,
ID00171,00001515,42,「え…今？　この格好…を？」,Wh-What? Now? In this outfit?,,
ID00171,000015a4,33,「あ、ああ…ダメか？」,A-Ah... No way?,,
ID00171,00001758,39,「拒絶するほどでは…ない」,I'm not rejecting it completely...,,
ID00171,0000182f,63,「内魔、その…動画、録らせてくれないか？」,"Hey, um... can I record that video of you?",,
ID00171,00001a01,27,「この…格好を？」,In this... outfit?,,
ID00171,00001b78,33,「あ、ああ、ダメか？」,"Ah, oh, really not okay?",,
ID00171,00001d2c,24,「少し…なら…」,Just a little...then...,,
ID00171,00001da0,63,「内魔、その…動画、録らせてくれないか？」,"Hey, um... can I record that video of you?",,
ID00171,00001f72,33,「今？　…この格好を」,Now? ...In this outfit?,,
ID00171,00001ff8,33,「あ、ああ、ダメか？」,"Ah, oh, really not okay?",,
ID00171,00002206,39,「…構わない、少しなら…」,"It's fine, a little bit is okay...",,
ID00171,00002331,63,「内魔、その…動画、録らせてくれないか？」,"Hey, um... can I record that video of you?",,
ID00171,00002546,24,「望むところ…」,Just what I wanted.,,
ID00171,000025ba,63,「内魔、その…動画、録らせてくれないか？」,"Hey, um... can I record that video of you?",,
ID00171,0000278c,27,「特に…問題ない」,Nothing in particular.,,
ID00171,0000281e,63,「内魔、その…動画、録らせてくれないか？」,"Hey, um... can I record that video of you?",,
ID00171,000029f0,27,「人前…なのに？」,In front of others...?,,
ID00171,00002a70,18,「ダメか？」,No good?,,
ID00171,00002c42,42,「ダメ…というわけではない」,I'm not saying it's bad...,,
ID00172,00000609,54,「内魔、動画、録らせてくれないか？」,"Hey, can I record you in my video?",,
ID00172,0000082c,21,「今は…無理」,Not... right now.,,
ID00172,0000086f,21,「そ、そうか」,T-that's right.,,
ID00172,00000a17,21,「それじゃ…」,Well then...,,
ID00172,00000a89,54,「内魔、動画、録らせてくれないか？」,"Hey, can I record you in my video?",,
ID00172,00000cac,21,「今は…無理」,Not... right now.,,
ID00172,00000cef,21,「そ、そうか」,T-that's right.,,
ID00172,00000e97,21,「それじゃ…」,Well then...,,
ID00172,00000f5d,54,「内魔、動画、録らせてくれないか？」,"Hey, can I record you in my video?",,
ID00172,00001153,24,「用事が…ある」,I have a thing.,,
ID00172,00001199,21,「そ、そっか」,R-Really?,,
ID00172,0000139b,21,「それじゃ…」,Well then...,,
ID00172,0000140d,54,「内魔、動画、録らせてくれないか？」,"Hey, can I record you in my video?",,
ID00172,00001603,24,「用事が…ある」,I have a thing.,,
ID00172,00001649,21,「そ、そっか」,R-Really?,,
ID00172,0000184b,21,「それじゃ…」,Well then...,,
ID00172,00001911,54,「内魔、動画、録らせてくれないか？」,"Hey, can I record you in my video?",,
ID00172,00001b34,45,「今は…無理。大事な用がある」,Not... right now. I have an important errand.,,
ID00172,00001b8f,18,「そっか…」,"Oh, I see.",,
ID00172,00001d34,24,「また…誘って」,Ask me... later.,,
ID00172,00001da9,54,「内魔、動画、録らせてくれないか？」,"Hey, can I record you in my video?",,
ID00172,00001fcc,45,「今は…無理。大事な用がある」,Not... right now. I have an important errand.,,
ID00172,00002027,18,「そっか…」,"Oh, I see.",,
ID00172,000021cc,24,「また…誘って」,Ask me... later.,,
ID00173,00000609,63,「内魔、その…動画、録らせてくれないか？」,"Hey, um... can I record that video of you?",,
ID00173,00000835,33,「もう…着替える時間」,I... need to change clothes now.,,
ID00173,00000884,21,「そ、そっか」,R-Really?,,
ID00173,00000a2c,15,「また…」,Later...,,
ID00173,00000a98,63,「内魔、その…動画、録らせてくれないか？」,"Hey, um... can I record that video of you?",,
ID00173,00000cc4,33,「もう…着替える時間」,I... need to change clothes now.,,
ID00173,00000d13,21,「そ、そっか」,R-Really?,,
ID00173,00000ebb,15,「また…」,Later...,,
ID00173,00000f7b,63,「内魔、その…動画、録らせてくれないか？」,"Hey, um... can I record that video of you?",,
ID00173,0000117a,33,「もう…着替えねば…」,I... have to change already...,,
ID00173,000011c9,21,「そ、そっか」,R-Really?,,
ID00173,000013cb,15,「また…」,Later...,,
ID00173,00001437,63,「内魔、その…動画、録らせてくれないか？」,"Hey, um... can I record that video of you?",,
ID00173,00001636,33,「もう…着替えねば…」,I... have to change already...,,
ID00173,00001685,21,「そ、そっか」,R-Really?,,
ID00173,00001887,15,「また…」,Later...,,
ID00173,00001947,63,「内魔、その…動画、録らせてくれないか？」,"Hey, um... can I record that video of you?",,
ID00173,00001b73,42,「もう…着替えざるを得ない」,I... can't avoid changing clothes.,,
ID00173,00001bcb,21,「そ、そっか」,R-Really?,,
ID00173,00001d73,15,「また…」,Later...,,
ID00173,00001ddf,63,「内魔、その…動画、録らせてくれないか？」,"Hey, um... can I record that video of you?",,
ID00173,0000200b,42,「もう…着替えざるを得ない」,I... can't avoid changing clothes.,,
ID00173,00002063,21,「そ、そっか」,R-Really?,,
ID00173,0000220b,15,「また…」,Later...,,
ID00174,000004da,54,「行かねばならない用を…思い出した」,I remembered something I had to do...,,
ID00174,000006a3,15,「さらば」,See you later.,,
ID00174,00000858,51,「大事な用を思い出した…。では…」,I remembered an important errand... Well then...,,
ID00174,00000a31,63,「先輩…ごめん。大事な用があるんだった…」,Senpai...sorry. Got an important errand.,,
ID00174,00000a9e,12,「え？」,What?,,
ID00174,00000c3d,15,「では…」,"Then, bye.",,
ID00174,0000106a,54,（イマイチ話が弾まなかったからな…）,(The conversation didn't quite flow well...),,
ID00175,000004da,54,「思いの外…楽しい時間を過ごせた…」,Turns out... I had a lot of fun...,,
ID00175,000006a3,15,「では…」,"Then, bye.",,
ID00175,00000858,45,「とても…楽しい時間だった…」,It was really... so much fun...,,
ID00175,00000a18,27,「また…声かけて」,Call me again sometime...,,
ID00175,00000bd9,60,「楽しくて…あっという間に時が流れた…」,Time flew by... we were having too much fun...,,
ID00175,00000da8,39,「また…話したい。では…」,I wanna talk to you again. Later...,,
ID00175,000011ed,42,（バッチリ盛り上がったけど、,"Even though we had a blast,",,
ID00175,00001226,42,　心のＲＥＣを押して、動画を,Recording it in my head.,,
ID00175,0000125f,57,　録らせてくれってお願いしないとなぁ）,"I guess I should ask if it's okay to record, huh?",,
ID00176,0000049a,24,「では…さらば」,See you then...,,
ID00176,00000658,27,「それでは…また」,Take care...,,
ID00176,00000819,36,「では…またの機会に…」,Maybe another time...,,
ID00176,00000c5b,51,（イマイチ盛り上がらなかったな…）,"It didn't really get going, did it...",,
ID00177,0000049a,45,「楽しい時間を過ごせた…では」,Had a good time... See you.,,
ID00177,0000066d,45,「楽しい時間だった…。また…」,It was fun... I'll see you again...,,
ID00177,00000840,33,「楽しい時間だった…」,It was fun...,,
ID00177,00000c7f,45,（それなりに盛り上がったけど、,"It was pretty lively, but",,
ID00177,00000cbb,36,　動画を録らせてくれって,Can't ask her to film it.,,
ID00177,00000cee,45,　お願いするのは、無理だよな）,is there?,,
ID00178,00000375,51,「内魔、悪い。用事があるんだった」,"Inumaki, sorry. I had something to do.",,
ID00178,0000053b,42,「フフ…思いの外楽しい時は、,Heh... When things are unexpectedly fun...,,
ID00178,00000574,30,　突然終わるもの…」,They suddenly end...,,
ID00178,00000725,15,「さらば」,See you later.,,
ID00178,00000775,51,「内魔、悪い。用事があるんだった」,"Inumaki, sorry. I had something to do.",,
ID00178,0000093b,60,「とても楽しかったのに…思わぬ落とし穴」,It was so much fun... but then a surprise trap.,,
ID00178,00000b0a,15,「では…」,"Then, bye.",,
ID00178,00000b5a,51,「内魔、悪い。用事があるんだった」,"Inumaki, sorry. I had something to do.",,
ID00178,00000d20,63,「とても…楽しかったのに…。先輩は残酷…」,It was really... fun... Senpai's cruel...,,
ID00178,00000d8d,15,「悪い…」,Sorry...,,
ID00178,00000f2f,33,「仕方ない…。では…」,Can't help it... See you later...,,
ID00179,00000345,51,「内魔、悪い。用事があるんだった」,"Inumaki, sorry. I had something to do.",,
ID00179,0000054e,33,「そう…では、さらば」,"Right... then, goodbye.",,
ID00179,000005b0,51,「内魔、悪い。用事があるんだった」,"Inumaki, sorry. I had something to do.",,
ID00179,00000776,51,「それは好都合。私も…用があった」,That's convenient. I had some business too.,,
ID00179,0000093c,15,「では…」,"Then, bye.",,
ID00179,0000098c,51,「内魔、悪い。用事があるんだった」,"Inumaki, sorry. I had something to do.",,
ID00179,00000b95,36,「そう……ではこれで…」,"Right... then, this is it...",,
ID00179,00000d4c,15,「また…」,Later...,,
ID00180,00000355,51,「内魔、悪い。用事があるんだった」,"Inumaki, sorry. I had something to do.",,
ID00180,0000051b,42,「そう…楽しい時の終焉来る」,That's it... The fun times are over.,,
ID00180,000006d8,15,「さらば」,See you later.,,
ID00180,00000728,51,「内魔、悪い。用事があるんだった」,"Inumaki, sorry. I had something to do.",,
ID00180,000008ee,39,「残念…楽しかったのに…」,Such a shame... It was so much fun...,,
ID00180,00000ad5,15,「では…」,"Then, bye.",,
ID00180,00000b25,51,「内魔、悪い。用事があるんだった」,"Inumaki, sorry. I had something to do.",,
ID00180,00000ceb,42,「楽しかったのに……無念…」,It was so much fun... Such a bummer...,,
ID00180,00000ea8,15,「では…」,"Then, bye.",,
ID00181,000004ec,33,「さすがに…照れる…」,Damn... I'm blushing...,,
ID00181,00000572,18,「さらば！」,See ya!,,
ID00181,0000073c,63,「う……こんな恥ずかしい思いをするとは…」,Ugh... I never thought I'd feel so embarrassed...,,
ID00181,0000090e,21,「さらばっ！」,Fuck off!,,
ID00181,00000adb,57,「あうぅ……恥じらいが…止まらない…」,Ahh... My embarrassment won't stop...,,
ID00181,00000ca7,21,「さらばっ！」,Fuck off!,,
ID00181,000010c0,39,（ちょっと恥ずかしい話や、,"That's kind of embarrassing, huh,",,
ID00181,000010f6,33,　行動をしすぎたか…）,Did I go too far?,,
ID00182,00001c9c,33,「すごく……いい……」,So good...,,
ID00182,00001ead,15,「いい…」,Good...,,
ID00182,00002069,33,「まぁまぁ……いい…」,"Well, it's pretty good...",,
ID00182,00002323,15,「では…」,"Then, bye.",,
ID00182,000024d9,36,「もう一つ…よくない…」,One more... not bad...,,
ID00182,0000277c,15,「では…」,"Then, bye.",,
ID00182,00002932,45,「まぶしいくらい……いい……」,It's so good I can't even look...,,
ID00182,00002b0c,30,「明るくて…いい…」,Bright and nice...,,
ID00182,00002dc3,15,「では…」,"Then, bye.",,
ID00182,00002f79,30,「被写体は…いい…」,The subject is great...,,
ID00182,00003144,42,「被写体が…もったいない…」,She's such a waste like this...,,
ID00182,00003407,15,「では…」,"Then, bye.",,
ID00182,000035cf,51,「すごく…いい…。けど、照れる…」,"Really... nice... but, I'm blushing...",,
ID00182,000037c1,36,「いい……けど、照れる」,"It's good... but, I'm embarrassed.",,
ID00182,000039a4,51,「まぁまぁ…いい…。けど、照れる」,"Well, well... it's great... but, I'm embarrassed.",,
ID00182,00003b96,57,「もう一つ…よくない。しかも、照れる」,"Not this one... not good. And, I'm blushing...",,
ID00182,00003e68,15,「では…」,"Then, bye.",,
ID00182,00004030,42,「これは……ギリギリ…かつ、,"This one... barely... and,",,
ID00182,00004069,36,　ハードな…エロース…」,Hard-core... ero-something...,,
ID00182,00004220,15,「見事…」,Nice job...,,
ID00182,000043ee,48,「これは……かなりなエロース…」,This is... pretty damn erotic...,,
ID00182,000045b1,27,「少し…照れる…」,A little... I'm blushing...,,
ID00182,0000478b,48,「これは……なかなかのエロース」,This is... pretty damn erotic...,,
ID00182,0000494e,30,「微妙に…照れる…」,A little... I'm blushing...,,
ID00182,00004c05,15,「では…」,"Then, bye.",,
ID00182,00004fb3,36,（あんまり照れないな…）,I don't blush much...,,
ID00182,0000517e,54,「これは……そこはかとなくエロース」,This is... kinda erotic...,,
ID00182,00005433,54,「もっと……ギリギリまで攻めるべき。,Should go for more... risky stuff.,,
ID00182,00005478,15,　では…」,Then...,,
ID00182,000054b5,36,（あんまり照れないな…）,I don't blush much...,,
ID00182,0000551b,42,「“プリベアダック”の動画を,"""Private Duck"" video...",,
ID00182,00005554,30,　録ったんだけど…」,I recorded it...,,
ID00182,00005925,33,「む…流行のアヒル…」,Damn... It's that trendy duck...,,
ID00182,00005bc5,48,「なかなかいいと思う…。では…」,I think it's pretty good... Well then...,,
ID00182,00005da2,60,「これは…ちょっと見つけにくいアヒル…」,This one is... kind of hard to find...,,
ID00182,0000605d,36,「いいと思う…。では…」,I think it's good... Well then...,,
ID00182,0000622e,57,「これは……見つけづらそうなアヒル…」,This one seems... really hard to find...,,
ID00182,000064e6,42,「かなりな洞察力…。では…」,Quite the keen eye... Well then...,,
ID00182,000066bd,36,「こ、これは……かなり…,T-This one is... quite a bit...,,
ID00182,000066f0,42,　見つけづらそうなアヒル…」,Hard to find duck...,,
ID00182,00006999,42,「凄まじい洞察力…。では…」,Incredible insight... Then...,,
ID00182,00006b84,54,「私には…意味不明な動画…。では…」,I have no idea what this video is about... Then...,,
ID00182,00006ce8,45,「悪い、やっぱ動画を見せるのは,"Sorry, I guess showing you that video",,
ID00182,00006d24,24,　今度にするよ」,We'll do it next time.,,
ID00182,00006ecf,15,「なぜ？」,Why?,,
ID00182,00006f0c,63,「もっといいのが録れてからにしたいんだよ」,I want to wait till I get a better one.,,
ID00182,00007121,36,「なるほど…では、待つ」,"Got it... Then, let's wait.",,
ID00182,000072d8,21,「それじゃ…」,Well then...,,
ID00183,000030e4,54,（ん？　あそこにいるのは、内魔か？）,Huh? Is that Innerma over there?,,
ID00183,00003149,16, 声をかける, Talk to her,,
ID00183,00003174,19, 声をかけない, Don't talk,,
ID00183,000031a2,19, 動画を見せる, Show the video,,
ID00183,0000323c,36,「内魔、なにしてんだ？」,"What are you doing, Naima?",,
ID00183,00003453,23,「@str_000先輩…」,@str_000-senpai...,,
ID00183,00003651,48,「このところ…見かけなかった…」,I haven't seen her around lately...,,
ID00183,000036af,33,「ん？　…そうかもな」,Hmm? ...Maybe.,,
ID00183,000038bd,48,「暇なら、ちょっと話さないか？」,Wanna chat if you're free?,,
ID00183,000039e9,24,「いい…けど…」,Okay... but...,,
ID00183,00003a94,24,「今は…無理…」,Not... right now...,,
ID00183,00003ada,36,「そっか、じゃあまたな」,"Oh, okay then.",,
ID00183,00003b63,15,「また…」,Later...,,
ID00183,00003bcc,54,（内魔と話すのは、また今度でいいか）,(Maybe I can talk to Naima next time.),,
ID00183,00003c92,39,「内魔、ちょっといいか？」,"Naima, got a sec?",,
ID00183,00003eac,15,「先輩…」,Senpai...,,
ID00183,00003ee9,54,「俺の動画、ちょっと見てみないか？」,Want to check out my video?,,
ID00183,000040f5,30,「…見たい。ぜひ…」,...I wanna. Please...,,
ID00183,00004155,45,（あ…あそこにいるのは、内魔）,(That's Naima over there...),,
ID00183,000041b1,16, 声をかける, Talk to her,,
ID00183,000041dc,19, 声をかけない, Don't talk,,
ID00183,0000420a,19, 動画を見せる, Show the video,,
ID00183,0000425f,39,「内魔、ちょっといいか？」,"Naima, got a sec?",,
ID00183,0000448b,12,「あ…」,...,,
ID00183,0000467e,48,「このところ…見かけなかった…」,I haven't seen her around lately...,,
ID00183,000046dc,33,「ん？　…そうかもな」,Hmm? ...Maybe.,,
ID00183,000048ea,48,「暇なら、ちょっと話さないか？」,Wanna chat if you're free?,,
ID00183,00004b01,33,「今？　いい…けど…」,Now? Sure... but...,,
ID00183,00004d3d,30,「今は…ちょっと…」,Not right now...,,
ID00183,00004dc0,21,「そ、そっか」,R-Really?,,
ID00183,00004f68,15,「じゃ…」,Then...,,
ID00183,00004fa5,24,「ああ、またな」,Later~,,
ID00183,00005017,54,（内魔と話すのは、また今度でいいか）,(Maybe I can talk to Naima next time.),,
ID00183,000050c7,39,「内魔、ちょっといいか？」,"Naima, got a sec?",,
ID00183,000052f7,29,「あ…@str_000先輩…」,Ah...@str_000-senpai...,,
ID00183,00005342,54,「俺の動画、ちょっと見てみないか？」,Want to check out my video?,,
ID00183,000053ef,36,「え…？　いい…けど…」,Huh? Sure... but...,,
ID00184,000030e4,48,（ん？　あそこにいるのは、内魔）,(Huh? That's Naima over there.),,
ID00184,00003143,16, 声をかける, Talk to her,,
ID00184,0000316e,19, 声をかけない, Don't talk,,
ID00184,0000319c,19, 動画を見せる, Show the video,,
ID00184,000031f1,36,「内魔、なにしてんだ？」,"What are you doing, Naima?",,
ID00184,00003408,29,「あ…@str_000先輩…」,Ah...@str_000-senpai...,,
ID00184,0000360c,39,「話すの…しばらくぶり…」,It's been a while since we talked...,,
ID00184,00003661,24,「そ、そうか？」,R-Really?,,
ID00184,00003866,33,「暇なら話さないか？」,Wanna chat if you're free?,,
ID00184,00003a6e,24,「受けて…立つ」,Take it... and stand,,
ID00184,00003c47,30,「今は…ちょっと…」,Not right now...,,
ID00184,00003c93,39,「そっか…じゃあ、またな」,"Oh, I see... See you later then.",,
ID00184,00003e4d,15,「また…」,Later...,,
ID00184,00003eb6,54,（内魔と話すのは、また今度でいいか）,(Maybe I can talk to Naima next time.),,
ID00184,00003f66,39,「内魔、ちょっといいか？」,"Naima, got a sec?",,
ID00184,00004196,29,「あ…@str_000先輩…」,Ah...@str_000-senpai...,,
ID00184,000041e1,54,「俺の動画、ちょっと見てみないか？」,Want to check out my video?,,
ID00184,000043aa,27,「ぜひ…見せて…」,Please... show me...,,
ID00184,00004407,48,（おっ、あそこにいるのは内魔…）,"(Hey, that's Naima over there...)",,
ID00184,00004466,16, 声をかける, Talk to her,,
ID00184,00004491,19, 声をかけない, Don't talk,,
ID00184,000044bf,19, 動画を見せる, Show the video,,
ID00184,00004514,39,「内魔、ちょっといいか？」,"Naima, got a sec?",,
ID00184,0000472e,29,「あ…@str_000先輩…」,Ah...@str_000-senpai...,,
ID00184,00004932,42,「このところ…話してない…」,We haven't talked... in a while...,,
ID00184,0000498a,24,「そ、そうか？」,R-Really?,,
ID00184,00004b8f,33,「暇なら話さないか？」,Wanna chat if you're free?,,
ID00184,00004da9,42,「いつでも……受けて…立つ」,I'll face you anytime...,,
ID00184,00004fa6,36,「もう…着替えないと…」,I need to change clothes...,,
ID00184,00004ff8,21,「そ、そっか」,R-Really?,,
ID00184,000051a0,21,「それじゃ…」,Well then...,,
ID00184,000051e3,24,「ああ、またな」,Later~,,
ID00184,00005255,54,（内魔と話すのは、また今度でいいか）,(Maybe I can talk to Naima next time.),,
ID00184,0000531b,39,「内魔、ちょっといいか？」,"Naima, got a sec?",,
ID00184,00005535,29,「あ…@str_000先輩…」,Ah...@str_000-senpai...,,
ID00184,00005580,54,「俺の動画、ちょっと見てみないか？」,Want to check out my video?,,
ID00184,00005749,48,「見せてくれるなら…いつでも…」,"If you want to show me, any time's good...",,
ID00185,000030e4,48,（おっ、あそこにいるのは内魔…）,"(Hey, that's Naima over there...)",,
ID00185,00003143,16, 声をかける, Talk to her,,
ID00185,0000316e,19, 声をかけない, Don't talk,,
ID00185,0000319c,19, 動画を見せる, Show the video,,
ID00185,000031f1,39,「内魔、なにやってんだ？」,"Nekoma, what are you doing?",,
ID00185,0000340b,26,「あ…@str_000先輩」,Hey... @str_000-senpai.,,
ID00185,00003747,45,「このところ…放置されてた…」,I've been kinda ignored lately...,,
ID00185,000037a2,36,「そ、そうか？　悪い…」,R-Really? Sorry about that...,,
ID00185,000039b3,33,「暇なら話さないか？」,Wanna chat if you're free?,,
ID00185,00003bfe,36,「もちろん…受けて立つ」,Of course I'll take you on...,,
ID00185,00003e3d,42,「今は…どうしても…無理…」,"Right now, though... it's impossible...",,
ID00185,00003e95,18,「そっか…」,"Oh, I see.",,
ID00185,0000403a,15,「残念…」,Sorry...,,
ID00185,00004077,27,「じゃあ、またな」,"Well then, see ya later.",,
ID00185,00004268,15,「また…」,Later...,,
ID00185,000042d1,57,（内魔と話すのは、また今度でいいか…）,(Maybe I can talk to Nai-ma another time...),,
ID00185,0000439a,39,「内魔、ちょっといいか？」,"Naima, got a sec?",,
ID00185,000045b4,29,「あ…@str_000先輩…」,Ah...@str_000-senpai...,,
ID00185,00004764,48,「俺の動画、ちょっと見ないか？」,Want to watch my video?,,
ID00185,00004927,27,「もちろん…見る」,Sure... I'll watch it.,,
ID00185,00004984,48,（おっ、あそこにいるのは内魔…）,"(Hey, that's Naima over there...)",,
ID00185,000049e3,16, 声をかける, Talk to her,,
ID00185,00004a0e,19, 声をかけない, Don't talk,,
ID00185,00004a3c,19, 動画を見せる, Show the video,,
ID00185,00004a91,39,「内魔、ちょっといいか？」,"Naima, got a sec?",,
ID00185,00004cab,29,「あ…@str_000先輩…」,Ah...@str_000-senpai...,,
ID00185,00004eaf,42,「このところ…話せてない…」,I haven't been able to talk recently...,,
ID00185,00004f07,36,「そ、そうか？　悪い…」,R-Really? Sorry about that...,,
ID00185,00005118,42,「時間あるなら話さないか？」,"If you've got time, wanna chat?",,
ID00185,0000536c,57,「もちろん……いつでも…受けて立つ…」,Of course... I'm always ready...,,
ID00185,000055c0,48,「もう…着替えないと…まずい…」,I need to change clothes... or else...,,
ID00185,0000561e,21,「そ、そっか」,R-Really?,,
ID00185,000057c6,33,「残念……それじゃ…」,Damn... I guess so.,,
ID00185,00005841,57,（内魔と話すのは、また今度でいいか…）,(Maybe I can talk to Nai-ma another time...),,
ID00185,0000590a,39,「内魔、ちょっといいか？」,"Naima, got a sec?",,
ID00185,00005b36,29,「あ…@str_000先輩…」,Ah...@str_000-senpai...,,
ID00185,00005ce6,48,「俺の動画、ちょっと見ないか？」,Want to watch my video?,,
ID00185,00005eec,54,「着替える時間…ギリギリまで…見る」,I'll watch you change until the very last second...,,
ID00186,00003183,29,「あ…@str_000先輩…」,Ah...@str_000-senpai...,,
ID00186,00003387,51,「このところ…姿が見えなかった…」,I haven't seen you around lately...,,
ID00186,000033e8,54,「ん？　…そういえば、会ってないな」,"Hmm? Now that you mention it, I haven't.",,
ID00186,0000360b,24,「少し…話す？」,Want to chat for a bit?,,
ID00186,00003652,10, いいぞ, Sure,,
ID00186,00003677,28, 今はダメなんだって, Not right now,,
ID00186,000036ae,19, 動画を見せる, Show the video,,
ID00186,000036ed,24,「ああ、いいぞ」,"Sure, go ahead.",,
ID00186,00003746,33,「今はダメなんだって」,I can't right now though,,
ID00186,00003927,42,「そう…残念…。それじゃ…」,That's too bad... Well then...,,
ID00186,00003990,57,「話もいいけど、俺の動画を見ないか？」,"Sure, but wanna check out my video?",,
ID00186,00003b5c,36,「あ……では、見せて…」,Ah... Then show me...,,
ID00187,000031a3,29,「あ…@str_000先輩…」,Ah...@str_000-senpai...,,
ID00187,000034e2,45,「姿を見かけるの…久しぶり…」,I haven't seen you in a while...,,
ID00187,0000353d,24,「そ、そうか？」,R-Really?,,
ID00187,00003742,30,「少し…話したい…」,I want to talk for a bit...,,
ID00187,0000378f,16, いいけど？," Sure, why?",,
ID00187,000037ba,37, 悪い、今はダメなんだって," Sorry, not right now",,
ID00187,000037fa,19, 動画を見せる, Show the video,,
ID00187,00003839,21,「いいけど？」,"Sure, but...?",,
ID00187,000039e1,18,「じゃあ…」,Well then...,,
ID00187,00003a34,42,「悪い、今はダメなんだって」,"Sorry, I can't now.",,
ID00187,00003bf1,51,「そう…ついてない…。それじゃ…」,Guess my luck's still bad... Well then...,,
ID00187,00003cd4,57,「話もいいけど、俺の動画を見ないか？」,"Sure, but wanna check out my video?",,
ID00187,00003ea0,36,「あ……ぜひ、見せて…」,"S-Sure, show me...",,
ID00188,000031d3,24,「あ……いた…」,Ah... there it is...,,
ID00188,0000350d,45,「このところ…放置されてた…」,I've been kinda ignored lately...,,
ID00188,00003568,36,「そ、そうか？　悪い…」,R-Really? Sorry about that...,,
ID00188,00003779,33,「先輩と…話したい…」,I want to talk to senpai...,,
ID00188,000037c9,13, そうだな, Yeah,,
ID00188,000037f1,34, 悪い、今はダメなんだ…," Sorry, not right now...",,
ID00188,0000382e,19, 動画を見せる, Show the video,,
ID00188,0000386d,36,「そうだな、なに話す？」,"Right, what should we talk about?",,
ID00188,00003a24,30,「フフフ…いい話…」,Heheh... nice topic...,,
ID00188,00003a83,39,「悪い、今はダメなんだ…」,"Sorry, I can't right now...",,
ID00188,00003c3d,27,「そう……無念…」,Yeah... so frustrating...,,
ID00188,00003deb,27,「じゃあ、また…」,See you later then...,,
ID00188,00003e34,24,「ああ、またな」,Later~,,
ID00188,00003e8b,57,「話もいいけど、俺の動画を見ないか？」,"Sure, but wanna check out my video?",,
ID00188,00004057,45,「あ…もちろん。ぜひ…見せて」,Oh... of course. Please do show me.,,
ID00189,0000105e,18,「あ、内魔」,"Oh, Inner Demon.",,
ID00189,00001263,23,「@str_000先輩…」,@str_000-senpai...,,
ID00189,0000143a,21,「おはよう…」,Morning...,,
ID00189,0000147d,27,「ああ、おはよう」,Morning...,,
ID00189,0000174a,18,「あ、内魔」,"Oh, Inner Demon.",,
ID00189,0000194f,23,「@str_000先輩…」,@str_000-senpai...,,
ID00189,00001d50,21,「おはよう…」,Morning...,,
ID00189,00001d93,27,「ああ、おはよう」,Morning...,,
ID00189,00002225,29,「あ…@str_000先輩…」,Ah...@str_000-senpai...,,
ID00189,000024fe,21,「おはよう…」,Morning...,,
ID00189,00002541,27,「ああ、おはよう」,Morning...,,
ID00189,000026ef,21,「それじゃ…」,Well then...,,
ID00189,00002b7b,29,「あ…@str_000先輩…」,Ah...@str_000-senpai...,,
ID00189,000030bd,21,「おはよう…」,Morning...,,
ID00189,00003100,27,「ああ、おはよう」,Morning...,,
ID00189,000032ae,48,「朝から会うとは…縁起がいい…」,Meeting you this early... it's a good omen...,,
ID00189,0000330c,15,「はは…」,Heh...,,
ID00189,000034ae,21,「それじゃ…」,Well then...,,
ID00189,0000385c,42,「せ～～ん～～ぱ～～い～～」,S-se-n-pa-i~,,
ID00189,000038de,30,「おわっ！　内魔！」,Eek! Nai-ma!,,
ID00189,00003a8f,21,「おはよう…」,Morning...,,
ID00189,00003ad2,39,「び、びっくりさせんなよ」,D-don't scare me like that.,,
ID00189,00003c8c,33,「フフフ…それじゃ…」,Heheh... Well then...,,
ID00189,00004046,42,「せ～～ん～～ぱ～～い～～」,S-se-n-pa-i~,,
ID00189,000040c8,30,「おわっ！　内魔！」,Eek! Nai-ma!,,
ID00189,00004279,33,「フフフ…おはよう…」,Heheh... Morning...,,
ID00189,000042c8,54,「な、何度やられてもビックリするな」,I'm always shocked.,,
ID00189,00004491,21,「それじゃ…」,Well then...,,
ID00189,0000483f,42,「せ～～ん～～ぱ～～い～～」,S-se-n-pa-i~,,
ID00189,00004897,36,「お、内魔か。おはよう」,"Oh, Miu? Morning.",,
ID00189,00004a4e,24,「お～は～よ～」,Ooooh~ morning~,,
ID00189,00004bf9,54,「そろそろ来るころと…待ち構えてた」,About time you got here... I was waiting for ya.,,
ID00189,00004c5d,39,「途中まで一緒に行くか？」,Wanna go part of the way with me?,,
ID00189,00004e17,36,「元より…そのつもり…」,That's what I planned on too.,,
ID00190,000005b9,54,「内魔、動画、録らせてくれないか？」,"Hey, can I record you in my video?",,
ID00190,00000782,27,「え？　私…を？」,Huh? Me...?,,
ID00190,00000930,51,「初めて…そんなこと言われたの…」,It's the first time... someone said that to me...,,
ID00190,00000abf,48,「そうなのか？　目が隠れてるのも,Is that so? The fact that your eyes are covered,,
ID00190,00000afe,60,　個性的だし、録ってみたいと思うけどな」,"is unique, and I'm curious about recording it.",,
ID00190,00000d10,33,「…いいよ、録っても」,"Sure, go ahead and record it.",,
ID00190,00000de1,54,「内魔、動画、録らせてくれないか？」,"Hey, can I record you in my video?",,
ID00190,00000faa,27,「え？　私…を？」,Huh? Me...?,,
ID00190,00000ff3,27,「ああ、ダメか？」,"Oh, no good?",,
ID00190,000011fb,33,「べつに…構わない…」,Well... it's fine with me...,,
ID00190,00001278,54,「内魔、動画、録らせてくれないか？」,"Hey, can I record you in my video?",,
ID00190,00001441,24,「え？　…今？」,Huh? ...Now?,,
ID00190,00001487,33,「あ、ああ、ダメか？」,"Ah, oh, really not okay?",,
ID00190,0000163b,30,「拒む理由は…ない」,There's no reason to refuse...,,
ID00190,00001709,54,「内魔、動画、録らせてくれないか？」,"Hey, can I record you in my video?",,
ID00190,000018ff,33,「拒むほどでは…ない」,It's not like I'd really refuse,,
ID00190,0000197c,54,「内魔、動画、録らせてくれないか？」,"Hey, can I record you in my video?",,
ID00190,00001b45,12,「今？」,Right now?,,
ID00190,00001bb6,18,「あ、ああ」,"Ah, yeah.",,
ID00190,00001d5b,33,「抗うほどでは…ない」,Not like I could fight it...,,
ID00190,00001e2c,54,「内魔、動画、録らせてくれないか？」,"Hey, can I record you in my video?",,
ID00190,00002038,21,「問題…ない」,No problem.,,
ID00190,000020a9,54,「内魔、動画、録らせてくれないか？」,"Hey, can I record you in my video?",,
ID00190,00002272,45,「人前でも…拒むほどではない」,Even in front of others...I wouldn't refuse.,,
ID00191,00000669,54,「内魔、動画、録らせてくれないか？」,"Hey, can I record you in my video?",,
ID00191,00000832,27,「え？　私…を？」,Huh? Me...?,,
ID00191,000009e0,51,「初めて…そんなこと言われたの…」,It's the first time... someone said that to me...,,
ID00191,00000ba6,48,「そうなのか？　目が隠れてるのも,Is that so? The fact that your eyes are covered,,
ID00191,00000be5,60,　個性的だし、録ってみたいと思うけどな」,"is unique, and I'm curious about recording it.",,
ID00191,00000dc6,33,「…いいよ、録っても」,"Sure, go ahead and record it.",,
ID00191,00000e97,63,「内魔、その…動画、録らせてくれないか？」,"Hey, um... can I record that video of you?",,
ID00191,00001069,33,「え…この格好…を？」,W-What? In this outfit?,,
ID00191,000010b8,33,「あ、ああ…ダメか？」,A-Ah... No way?,,
ID00191,000012c6,33,「抗うほどでは…ない」,Couldn't really fight it...,,
ID00191,00001343,63,「内魔、その…動画、録らせてくれないか？」,"Hey, um... can I record that video of you?",,
ID00191,00001515,42,「え…今？　この格好…を？」,Wh-What? Now? In this outfit?,,
ID00191,000015a4,33,「あ、ああ…ダメか？」,A-Ah... No way?,,
ID00191,00001758,39,「拒絶するほどでは…ない」,I'm not rejecting it completely...,,
ID00191,0000182f,63,「内魔、その…動画、録らせてくれないか？」,"Hey, um... can I record that video of you?",,
ID00191,00001a01,27,「この…格好を？」,In this... outfit?,,
ID00191,00001b78,33,「あ、ああ、ダメか？」,"Ah, oh, really not okay?",,
ID00191,00001d2c,24,「少し…なら…」,Just a little...then...,,
ID00191,00001da0,63,「内魔、その…動画、録らせてくれないか？」,"Hey, um... can I record that video of you?",,
ID00191,00001f72,33,「今？　…この格好を」,Now? ...In this outfit?,,
ID00191,00001ff8,33,「あ、ああ、ダメか？」,"Ah, oh, really not okay?",,
ID00191,00002206,39,「…構わない、少しなら…」,"It's fine, a little bit is okay...",,
ID00191,00002331,63,「内魔、その…動画、録らせてくれないか？」,"Hey, um... can I record that video of you?",,
ID00191,00002546,24,「望むところ…」,Just what I wanted.,,
ID00191,000025ba,63,「内魔、その…動画、録らせてくれないか？」,"Hey, um... can I record that video of you?",,
ID00191,0000278c,27,「特に…問題ない」,Nothing in particular.,,
ID00191,0000281e,63,「内魔、その…動画、録らせてくれないか？」,"Hey, um... can I record that video of you?",,
ID00191,000029f0,27,「人前…なのに？」,In front of others...?,,
ID00191,00002a70,18,「ダメか？」,No good?,,
ID00191,00002c42,42,「ダメ…というわけではない」,I'm not saying it's bad...,,
ID00192,00000609,54,「内魔、動画、録らせてくれないか？」,"Hey, can I record you in my video?",,
ID00192,0000082c,21,「今は…無理」,Not... right now.,,
ID00192,0000086f,21,「そ、そうか」,T-that's right.,,
ID00192,00000a17,21,「それじゃ…」,Well then...,,
ID00192,00000a89,54,「内魔、動画、録らせてくれないか？」,"Hey, can I record you in my video?",,
ID00192,00000cac,21,「今は…無理」,Not... right now.,,
ID00192,00000cef,21,「そ、そうか」,T-that's right.,,
ID00192,00000e97,21,「それじゃ…」,Well then...,,
ID00192,00000f5d,54,「内魔、動画、録らせてくれないか？」,"Hey, can I record you in my video?",,
ID00192,00001153,24,「用事が…ある」,I have a thing.,,
ID00192,00001199,21,「そ、そっか」,R-Really?,,
ID00192,0000139b,21,「それじゃ…」,Well then...,,
ID00192,0000140d,54,「内魔、動画、録らせてくれないか？」,"Hey, can I record you in my video?",,
ID00192,00001603,24,「用事が…ある」,I have a thing.,,
ID00192,00001649,21,「そ、そっか」,R-Really?,,
ID00192,0000184b,21,「それじゃ…」,Well then...,,
ID00192,00001911,54,「内魔、動画、録らせてくれないか？」,"Hey, can I record you in my video?",,
ID00192,00001b34,45,「今は…無理。大事な用がある」,Not... right now. I have an important errand.,,
ID00192,00001b8f,18,「そっか…」,"Oh, I see.",,
ID00192,00001d34,24,「また…誘って」,Ask me... later.,,
ID00192,00001da9,54,「内魔、動画、録らせてくれないか？」,"Hey, can I record you in my video?",,
ID00192,00001fcc,45,「今は…無理。大事な用がある」,Not... right now. I have an important errand.,,
ID00192,00002027,18,「そっか…」,"Oh, I see.",,
ID00192,000021cc,24,「また…誘って」,Ask me... later.,,
ID00193,00000609,63,「内魔、その…動画、録らせてくれないか？」,"Hey, um... can I record that video of you?",,
ID00193,00000835,33,「もう…着替える時間」,I... need to change clothes now.,,
ID00193,00000884,21,「そ、そっか」,R-Really?,,
ID00193,00000a2c,15,「また…」,Later...,,
ID00193,00000a98,63,「内魔、その…動画、録らせてくれないか？」,"Hey, um... can I record that video of you?",,
ID00193,00000cc4,33,「もう…着替える時間」,I... need to change clothes now.,,
ID00193,00000d13,21,「そ、そっか」,R-Really?,,
ID00193,00000ebb,15,「また…」,Later...,,
ID00193,00000f7b,63,「内魔、その…動画、録らせてくれないか？」,"Hey, um... can I record that video of you?",,
ID00193,0000117a,33,「もう…着替えねば…」,I... have to change already...,,
ID00193,000011c9,21,「そ、そっか」,R-Really?,,
ID00193,000013cb,15,「また…」,Later...,,
ID00193,00001437,63,「内魔、その…動画、録らせてくれないか？」,"Hey, um... can I record that video of you?",,
ID00193,00001636,33,「もう…着替えねば…」,I... have to change already...,,
ID00193,00001685,21,「そ、そっか」,R-Really?,,
ID00193,00001887,15,「また…」,Later...,,
ID00193,00001947,63,「内魔、その…動画、録らせてくれないか？」,"Hey, um... can I record that video of you?",,
ID00193,00001b73,42,「もう…着替えざるを得ない」,I... can't avoid changing clothes.,,
ID00193,00001bcb,21,「そ、そっか」,R-Really?,,
ID00193,00001d73,15,「また…」,Later...,,
ID00193,00001ddf,63,「内魔、その…動画、録らせてくれないか？」,"Hey, um... can I record that video of you?",,
ID00193,0000200b,42,「もう…着替えざるを得ない」,I... can't avoid changing clothes.,,
ID00193,00002063,21,「そ、そっか」,R-Really?,,
ID00193,0000220b,15,「また…」,Later...,,
ID00194,000004da,54,「行かねばならない用を…思い出した」,I remembered something I had to do...,,
ID00194,000006a3,15,「さらば」,See you later.,,
ID00194,00000858,51,「大事な用を思い出した…。では…」,I remembered an important errand... Well then...,,
ID00194,00000a31,63,「先輩…ごめん。大事な用があるんだった…」,Senpai...sorry. Got an important errand.,,
ID00194,00000a9e,12,「え？」,What?,,
ID00194,00000c3d,15,「では…」,"Then, bye.",,
ID00194,0000106a,54,（イマイチ話が弾まなかったからな…）,(The conversation didn't quite flow well...),,
ID00195,000004da,54,「思いの外…楽しい時間を過ごせた…」,Turns out... I had a lot of fun...,,
ID00195,000006a3,15,「では…」,"Then, bye.",,
ID00195,00000858,45,「とても…楽しい時間だった…」,It was really... so much fun...,,
ID00195,00000a18,27,「また…声かけて」,Call me again sometime...,,
ID00195,00000bd9,60,「楽しくて…あっという間に時が流れた…」,Time flew by... we were having too much fun...,,
ID00195,00000da8,39,「また…話したい。では…」,I wanna talk to you again. Later...,,
ID00195,000011ed,42,（バッチリ盛り上がったけど、,"Even though we had a blast,",,
ID00195,00001226,42,　心のＲＥＣを押して、動画を,Recording it in my head.,,
ID00195,0000125f,57,　録らせてくれってお願いしないとなぁ）,"I guess I should ask if it's okay to record, huh?",,
ID00196,0000049a,24,「では…さらば」,See you then...,,
ID00196,00000658,27,「それでは…また」,Take care...,,
ID00196,00000819,36,「では…またの機会に…」,Maybe another time...,,
ID00196,00000c5b,51,（イマイチ盛り上がらなかったな…）,"It didn't really get going, did it...",,
ID00197,0000049a,45,「楽しい時間を過ごせた…では」,Had a good time... See you.,,
ID00197,0000066d,45,「楽しい時間だった…。また…」,It was fun... I'll see you again...,,
ID00197,00000840,33,「楽しい時間だった…」,It was fun...,,
ID00197,00000c7f,45,（それなりに盛り上がったけど、,"It was pretty lively, but",,
ID00197,00000cbb,36,　動画を録らせてくれって,Can't ask her to film it.,,
ID00197,00000cee,45,　お願いするのは、無理だよな）,is there?,,
ID00198,00000375,51,「内魔、悪い。用事があるんだった」,"Inumaki, sorry. I had something to do.",,
ID00198,0000053b,42,「フフ…思いの外楽しい時は、,Heh... When things are unexpectedly fun...,,
ID00198,00000574,30,　突然終わるもの…」,They suddenly end...,,
ID00198,00000725,15,「さらば」,See you later.,,
ID00198,00000775,51,「内魔、悪い。用事があるんだった」,"Inumaki, sorry. I had something to do.",,
ID00198,0000093b,60,「とても楽しかったのに…思わぬ落とし穴」,It was so much fun... but then a surprise trap.,,
ID00198,00000b0a,15,「では…」,"Then, bye.",,
ID00198,00000b5a,51,「内魔、悪い。用事があるんだった」,"Inumaki, sorry. I had something to do.",,
ID00198,00000d20,63,「とても…楽しかったのに…。先輩は残酷…」,It was really... fun... Senpai's cruel...,,
ID00198,00000d8d,15,「悪い…」,Sorry...,,
ID00198,00000f2f,33,「仕方ない…。では…」,Can't help it... See you later...,,
ID00199,00000345,51,「内魔、悪い。用事があるんだった」,"Inumaki, sorry. I had something to do.",,
ID00199,0000054e,33,「そう…では、さらば」,"Right... then, goodbye.",,
ID00199,000005b0,51,「内魔、悪い。用事があるんだった」,"Inumaki, sorry. I had something to do.",,
ID00199,00000776,51,「それは好都合。私も…用があった」,That's convenient. I had some business too.,,
ID00199,0000093c,15,「では…」,"Then, bye.",,
ID00199,0000098c,51,「内魔、悪い。用事があるんだった」,"Inumaki, sorry. I had something to do.",,
ID00199,00000b95,36,「そう……ではこれで…」,"Right... then, this is it...",,
ID00199,00000d4c,15,「また…」,Later...,,
ID00200,00000355,51,「内魔、悪い。用事があるんだった」,"Inumaki, sorry. I had something to do.",,
ID00200,0000051b,42,「そう…楽しい時の終焉来る」,That's it... The fun times are over.,,
ID00200,000006d8,15,「さらば」,See you later.,,
ID00200,00000728,51,「内魔、悪い。用事があるんだった」,"Inumaki, sorry. I had something to do.",,
ID00200,000008ee,39,「残念…楽しかったのに…」,Such a shame... It was so much fun...,,
ID00200,00000ad5,15,「では…」,"Then, bye.",,
ID00200,00000b25,51,「内魔、悪い。用事があるんだった」,"Inumaki, sorry. I had something to do.",,
ID00200,00000ceb,42,「楽しかったのに……無念…」,It was so much fun... Such a bummer...,,
ID00200,00000ea8,15,「では…」,"Then, bye.",,
ID00201,000004ec,33,「さすがに…照れる…」,Damn... I'm blushing...,,
ID00201,00000572,18,「さらば！」,See ya!,,
ID00201,0000073c,63,「う……こんな恥ずかしい思いをするとは…」,Ugh... I never thought I'd feel so embarrassed...,,
ID00201,0000090e,21,「さらばっ！」,Fuck off!,,
ID00201,00000adb,57,「あうぅ……恥じらいが…止まらない…」,Ahh... My embarrassment won't stop...,,
ID00201,00000ca7,21,「さらばっ！」,Fuck off!,,
ID00201,000010c0,39,（ちょっと恥ずかしい話や、,"That's kind of embarrassing, huh,",,
ID00201,000010f6,33,　行動をしすぎたか…）,Did I go too far?,,
ID00202,00001c9c,33,「すごく……いい……」,So good...,,
ID00202,00001ead,15,「いい…」,Good...,,
ID00202,00002069,33,「まぁまぁ……いい…」,"Well, it's pretty good...",,
ID00202,00002323,15,「では…」,"Then, bye.",,
ID00202,000024d9,36,「もう一つ…よくない…」,One more... not bad...,,
ID00202,0000277c,15,「では…」,"Then, bye.",,
ID00202,00002932,45,「まぶしいくらい……いい……」,It's so good I can't even look...,,
ID00202,00002b0c,30,「明るくて…いい…」,Bright and nice...,,
ID00202,00002dc3,15,「では…」,"Then, bye.",,
ID00202,00002f79,30,「被写体は…いい…」,The subject is great...,,
ID00202,00003144,42,「被写体が…もったいない…」,She's such a waste like this...,,
ID00202,00003407,15,「では…」,"Then, bye.",,
ID00202,000035cf,51,「すごく…いい…。けど、照れる…」,"Really... nice... but, I'm blushing...",,
ID00202,000037c1,36,「いい……けど、照れる」,"It's good... but, I'm embarrassed.",,
ID00202,000039a4,51,「まぁまぁ…いい…。けど、照れる」,"Well, well... it's great... but, I'm embarrassed.",,
ID00202,00003b96,57,「もう一つ…よくない。しかも、照れる」,"Not this one... not good. And, I'm blushing...",,
ID00202,00003e68,15,「では…」,"Then, bye.",,
ID00202,00004030,42,「これは……ギリギリ…かつ、,"This one... barely... and,",,
ID00202,00004069,36,　ハードな…エロース…」,Hard-core... ero-something...,,
ID00202,00004220,15,「見事…」,Nice job...,,
ID00202,000043ee,48,「これは……かなりなエロース…」,This is... pretty damn erotic...,,
ID00202,000045b1,27,「少し…照れる…」,A little... I'm blushing...,,
ID00202,0000478b,48,「これは……なかなかのエロース」,This is... pretty damn erotic...,,
ID00202,0000494e,30,「微妙に…照れる…」,A little... I'm blushing...,,
ID00202,00004c05,15,「では…」,"Then, bye.",,
ID00202,00004fb3,36,（あんまり照れないな…）,I don't blush much...,,
ID00202,0000517e,54,「これは……そこはかとなくエロース」,This is... kinda erotic...,,
ID00202,00005433,54,「もっと……ギリギリまで攻めるべき。,Should go for more... risky stuff.,,
ID00202,00005478,15,　では…」,Then...,,
ID00202,000054b5,36,（あんまり照れないな…）,I don't blush much...,,
ID00202,0000551b,42,「“プリベアダック”の動画を,"""Private Duck"" video...",,
ID00202,00005554,30,　録ったんだけど…」,I recorded it...,,
ID00202,00005925,33,「む…流行のアヒル…」,Damn... It's that trendy duck...,,
ID00202,00005bc5,48,「なかなかいいと思う…。では…」,I think it's pretty good... Well then...,,
ID00202,00005da2,60,「これは…ちょっと見つけにくいアヒル…」,This one is... kind of hard to find...,,
ID00202,0000605d,36,「いいと思う…。では…」,I think it's good... Well then...,,
ID00202,0000622e,57,「これは……見つけづらそうなアヒル…」,This one seems... really hard to find...,,
ID00202,000064e6,42,「かなりな洞察力…。では…」,Quite the keen eye... Well then...,,
ID00202,000066bd,36,「こ、これは……かなり…,T-This one is... quite a bit...,,
ID00202,000066f0,42,　見つけづらそうなアヒル…」,Hard to find duck...,,
ID00202,00006999,42,「凄まじい洞察力…。では…」,Incredible insight... Then...,,
ID00202,00006b84,54,「私には…意味不明な動画…。では…」,I have no idea what this video is about... Then...,,
ID00202,00006ce8,45,「悪い、やっぱ動画を見せるのは,"Sorry, I guess showing you that video",,
ID00202,00006d24,24,　今度にするよ」,We'll do it next time.,,
ID00202,00006ecf,15,「なぜ？」,Why?,,
ID00202,00006f0c,63,「もっといいのが録れてからにしたいんだよ」,I want to wait till I get a better one.,,
ID00202,00007121,36,「なるほど…では、待つ」,"Got it... Then, let's wait.",,
ID00202,000072d8,21,「それじゃ…」,Well then...,,
ID00203,00001e03,30,「夏は…霊の季節…。,Summer... season of spirits.,,
ID00203,00001e30,39,　先輩も…気をつけるべき」,"Senpai, you should be careful too",,
ID00203,0000202e,39,「はいはい、気をつけるよ」,"Okay, okay, I'll be careful.",,
ID00203,00002096,51,「今年の夏も、暑くなりそうだよな」,It looks like it'll be a hot summer this year too,,
ID00203,0000225c,39,「夏バテに…気をつけて…」,Be careful not to get heatstroke...,,
ID00203,000022c4,45,「夏といえば、なんだと思う？」,What do you think of when you hear 'summer'?,,
ID00203,00002484,33,「夏は…心霊の季節…」,Summer... hauntings' time...,,
ID00203,00002601,42,「おま…爽やかじゃねーなぁ」,You're not exactly refreshing,,
ID00203,000027be,27,「涼しくは…なる」,It'll get cooler...,,
ID00203,00002807,15,「はは…」,Heh...,,
ID00203,00002857,36,「今日もいい天気だなぁ」,It's a nice day today.,,
ID00203,00002a0e,27,「雨が…恋しい…」,I miss the rain...,,
ID00203,00002a57,30,「好きなのか？　雨」,You like rain?,,
ID00203,00002c08,57,「闇に降る雨も…夕闇に降るにわか雨も…,Rain in darkness... sudden dusk showers...,,
ID00203,00002c50,12,　好き」,I love 'em.,,
ID00203,00002c9d,39,「お前の好きな季節って？」,What's your favorite season?,,
ID00203,00002e57,15,「梅雨…」,Rainy season...,,
ID00203,00002ff9,39,「珍しいヤツだよ、お前は」,You're a rare one.,,
ID00203,00003061,36,「こう暑い日が続くと…」,When it's this hot for so long...,,
ID00203,00003218,45,「無理せず…体を休めるといい」,Don't push yourself... Take it easy and rest.,,
ID00203,00003286,51,「こう暑いと、クーラーの設定温度を,"When this hot, lower AC temp.",,
ID00203,000032c8,48,　もうちょっと下げて欲しいよな」,"a bit more, right?",,
ID00203,0000348b,51,「同感…。職員室が冷え冷えなのは…,Same here... faculty room cold...,,
ID00203,000034cd,18,　ずるい…」,That's cheating...,,
ID00203,00003520,63,「暑くて寝苦しい夜って、どうしてるんだ？」,How handle hot sleepless nights?,,
ID00203,000036f2,45,「寝苦しいのは……霊が騒いで…,It's because... the spirits are restless...,,
ID00203,0000372e,30,　胸騒ぎがするから」,I get this feeling in my chest,,
ID00203,0000377a,42,「温度のせいだ！　温度の！」,It's the temperature! The temperature!,,
ID00203,00003937,42,「心を落ち着ければ…眠れる」,If I calm down... I can sleep,,
ID00203,00003b14,51,「雨が降ると、外で動画が録れなくて,"When it rains, you can't record videos outside",,
ID00203,00003b56,18,　辛いよな」,That must suck,,
ID00203,00003cfb,57,「のんびり…ただ雨を眺めるのも…一興」,Just watching the rain's cool.,,
ID00203,00003d75,45,「内魔って、降水確率何％から、,Inumama... What's the chance of rain from %?,,
ID00203,00003db1,36,　傘を持っていくんだ？」,You're bringing an umbrella?,,
ID00203,00003f68,33,「天気予報は…見ない」,I don't check forecasts.,,
ID00203,00004183,45,「私の雨の予感は…ほぼ当たる」,My rain intuition is... almost always right,,
ID00203,000041de,42,「へ～っ、便利なヤツだなぁ」,"Wow, that's a useful thing you got there",,
ID00203,00004249,24,「夏といえば…」,What about summer...,,
ID00203,000043f4,54,「女の子も…開放的になる。フフフ…」,Girls get more relaxed too. Heheh...,,
ID00203,00004614,36,「狐火…きれいだった…」,Kitsunebi... it was beautiful...,,
ID00203,00004666,18,「そうだな」,You're right.,,
ID00203,0000480b,33,「もう…夏も終わり…」,Already... summer's ending...,,
ID00203,0000486d,45,「聞くまでもない気がするけど、,I don't know if you need to hear this but...,,
ID00203,000048a9,60,　朝、昼、夕方、夜、どの時間が好きだ？」,Which time do you like?,,
ID00203,00004a78,12,「闇…」,Darkness...,,
ID00203,00004ab2,36,「それ時間じゃねーだろ」,That's not a time.,,
ID00203,00004c69,27,「夜の闇が…好き」,I love night.,,
ID00203,00004cc5,60,「暑いのと寒いの、どっちが苦手なんだ？」,Do you hate hot weather or cold weather more?,,
ID00203,00004e94,57,「寒いのは…誰もいない闇で…慣れてる」,Used to be cold alone.,,
ID00203,00004f0e,60,「季節の変わり目は風邪を引きやすいから、,You're more likely to catch a cold then.,,
ID00203,00004f59,24,　気をつけろよ」,Be careful.,,
ID00203,00005104,36,「先輩も…気をつけて…」,Senpai... be careful too...,,
ID00203,000052ce,45,「先輩は…お墓参り…行った？」,Did senpai go to the grave?,,
ID00203,00005329,48,「あ…ミツミキャンプで忙しくて、,"Oh, I was busy at Mitsumi Camp so",,
ID00203,00005368,24,　行ってないな」,I didn't go.,,
ID00203,00005513,30,「行った方がいい…。,You should go.,,
ID00203,00005540,60,　ご先祖様を大切にすると…いいことある」,It's good if you respect your ancestors.,,
ID00203,000055aa,24,「そ、そうか…」,R-Right...,,
ID00203,00005603,24,「この夏って…」,This summer was...,,
ID00203,000057f1,33,「私も…楽しかった…」,I had fun too...,,
ID00204,00001c4c,57,「心美先生の宿題をやらずに逃げるとは、,Skipping out on Miss Shimemi's homework huh?,,
ID00204,00001c94,21,　度胸あるな」,Take that guts.,,
ID00204,00001e3c,57,「フフフ……私のステルスを見破る者は…,...Heh heh... No one can see through my stealth...,,
ID00204,00001e84,12,　ない」,Never.,,
ID00204,00001ed1,51,「お前って、成績はいい方なのか？」,"You're a good student, right?",,
ID00204,000020f1,24,「…聞かないで」,Don't ask.,,
ID00204,00002137,21,「悪いのか…」,I'm sorry...,,
ID00204,000022df,24,「悪くは…ない」,It's not really...,,
ID00204,00002338,36,「お前の得意教科って？」,What's your best subject?,,
ID00204,000024ef,15,「古文…」,Classics...,,
ID00204,0000252c,33,「へ～っ、そうなのか」,"Wow, I didn't know that.",,
ID00204,000026e0,36,「昔の言葉は…美しい…」,Ancient words are... beautiful...,,
ID00204,00002745,42,「夏の課題ってやってるか？」,Are you working on summer homework?,,
ID00204,0000295c,48,「まだ……本気を出す時じゃない」,Not yet... it's not time to get serious,,
ID00204,000029ba,21,「気が合うな」,We make a good team,,
ID00204,00002b62,24,「フフフフフ…」,Hehehehe...,,
ID00204,00002bbb,42,「苦手な教科ってなんだよ？」,What subjects do you suck at?,,
ID00204,00002d78,15,「英語…」,English...,,
ID00204,00002db5,21,「どうして？」,Why?,,
ID00204,00002f5d,45,「ハ～イ…とか…イエ～とか…、,Hi... or yeah... stuff like that...,,
ID00204,00002f99,36,　陽気なノリが…辛い…」,The cheerful attitude is tough...,,
ID00204,00002ffe,30,「日々の勉強って…」,Studying every day...,,
ID00204,000031af,33,「気が向いたら…やる」,When I feel like it...,,
ID00204,00003211,54,「夏休み返上って、ヒドい話だよなぁ」,"Giving up summer vacation sucks, huh?",,
ID00204,0000341d,27,「部活は…楽しい」,Club activities are fun,,
ID00204,00003466,15,「まぁな」,Yeah.,,
ID00204,000034b6,57,「家に帰って、どれぐらい勉強してる？」,How much do you study when you get home?,,
ID00204,00003682,30,「宿題を…やったり、,do my homework... sometimes,,
ID00204,000036af,39,　やらなかったりする程度」,sometimes I don't do it at all,,
ID00204,00003704,39,「やらないのはまずいだろ」,"That's not good, right?",,
ID00204,000038be,63,「授業で当てられないか…ハラハラするのも、,I might get called on...,,
ID00204,0000390c,15,　醍醐味」,No...,,
ID00204,0000395c,57,「塾とか予備校って通ったことあるか？」,Have you ever gone to a cram school or prep school?,,
ID00204,00003a54,15,「ない…」,N-no...,,
ID00204,00003bf6,48,「夜の勉強は…他のことがいい…」,Studying at night's nice...,,
ID00204,00003c54,42,「なんだよ、他のことって？」,"What do you mean, other things?",,
ID00204,00003e11,21,「ナイショ…」,It's a secret...,,
ID00204,00003e67,48,「お前って、字はきれいな方か？」,"You're good with writing, huh?",,
ID00204,0000402a,54,「神社の御札を書くから…毛筆は得意」,I write shrine charms.,,
ID00204,000041f3,48,「ノートも…筆で書きたいぐらい」,I even want to use a brush for my notebook...,,
ID00204,00004251,57,「筆で書いたノートか…古文にはいいな」,A handwritten notebook...,,
ID00204,0000444a,36,「目立つので…しない…」,It'd stand out.,,
ID00204,000044af,36,「日々の予習復習って…」,Daily studying...,,
ID00204,00004693,24,「言うは易し…」,Easier said than done...,,
ID00204,00004851,42,「先輩は…光海大学へ進学？」,Are you going to Mitsumi University?,,
ID00204,000048a9,33,「そのつもりだけど？」,That's the plan.,,
ID00204,00004a9c,15,「奇遇…」,What luck.,,
ID00204,00004ad9,54,「奇遇もなにも、付属大学なんだから、,No coincidence.,,
ID00204,00004b1e,45,　ほとんどの生徒がそうだって」,Is that okay with you?,,
ID00204,00004b8c,39,「カフェとかファミレスで、,"Like cafes,",,
ID00204,00004bc2,33,　勉強したりするか？」,Why not?,,
ID00204,00004d76,30,「やったことある…。,I've done it before...,,
ID00204,00004da3,42,　けど…抹茶ラテをこぼして、,but... I spilled my matcha latte once.,,
ID00204,00004ddc,33,　ノートが抹茶色に…」,and now it's all green...,,
ID00204,00004fbd,54,「慣れないことは…するもんじゃない」,Getting used to new things... isn't easy.,,
ID00204,00005021,18,「はははは」,Hahaha,,
ID00204,00005074,57,「難しい数式解いても、将来なんの役にも,Won't help later.,,
ID00204,000050bc,45,　立たない気がするんだよなぁ」,I feel like it's useless...,,
ID00204,000052bf,15,「同感…」,I agree...,,
ID00204,00005461,45,「けど…勉強は嫌いじゃない…」,but... I'm not really against studying...,,
ID00204,000054bc,15,「まぁな」,Yeah.,,
ID00204,0000550c,57,「勉強の秋になったら、本気出すかなぁ」,Maybe she'll get serious when it's time to study.,,
ID00204,0000571b,21,「つき合う…」,to hang out...,,
ID00204,00005771,60,「夏が終わる前に、課題終わらせないと…」,"Before summer ends, I need to finish my homework...",,
ID00204,0000596d,48,「無為に…時だけが過ぎていく…」,Time just passes by without doing anything...,,
ID00205,00002dfe,54,「動画の階段が１段多いとか言うから、,The video had one extra step.,,
ID00205,00002e43,27,　ビックリしたぞ」,I was shocked.,,
ID00205,00002ff1,33,「ヤミツミは……ある」,Yamitsumi is... there,,
ID00205,0000316e,33,「はいはい、あるある」,"Yeah, yeah, it's true.",,
ID00205,000031d0,57,「朝、撒いてた塩って、家庭科室のか？」,Was it from home ec class?,,
ID00205,000033bf,48,「違う…うちの神社でお清めした、,"No... it was purified at our shrine,",,
ID00205,000033fe,27,　由緒正しいもの」,the real deal.,,
ID00205,000035b9,36,「それは効きそうだな…」,That should work...,,
ID00205,000037b3,42,「もちろん、霊験あらたか…。,"Of course, it's the real deal...",,
ID00205,000037ec,27,　境内で販売中…」,For sale at the shrine...,,
ID00205,00003835,24,「商売うまいな」,Nice business sense.,,
ID00205,0000388e,63,「お前って、真面目に学校の掃除するんだな」,You actually do school cleaning seriously.,,
ID00205,00003a8d,60,「汚れは…人の思念を…悪しき道へ誘う…」,Dirt... leads people's thoughts down a bad path...,,
ID00205,00003cb6,42,「学び舎は…美しくあるべき」,For a school to be... beautiful,,
ID00205,00003d21,51,「学校でよく行く場所ってどこだ？」,Where are you usually at school?,,
ID00205,00003f14,54,「教室で…ただ座ってることが多い…」,Mostly just sitting in class...,,
ID00205,00004137,39,「あと…Ｅ動画部の部室…」,And also... the E-Drama Club room...,,
ID00205,0000419f,48,「なにか委員ってやってるのか？」,What kind of committee are you in?,,
ID00205,000043bc,60,「なにも…。なぜか…頼まれたことがない」,Nothing... I've never been asked to do anything...,,
ID00205,000045cf,51,「頼まれれば…ちゃんとやるのに…。,"If they'd ask me, I'd do it properly...,",,
ID00205,00004611,21,　フフフフ…」,Heheheh...,,
ID00205,00004698,36,（まぁ…頼みづらいか…）,"(Well... It's hard to ask me...,)",,
ID00205,000046fd,63,「光海学園のいいところってどこだと思う？」,What do you think is good about Mitsumi Academy?,,
ID00205,000048cf,39,「自然が多い…。気が楽…」,Lots of nature... So relaxing...,,
ID00205,00004acd,54,「都会は邪念が多くて…息が詰まる…」,Too many bad thoughts... Suffocating...,,
ID00205,00004b44,33,「窓から聞こえてくる、,"I can hear from the window,",,
ID00205,00004b74,45,　かすかな波の音っていいよな」,The sound of waves is so soothing.,,
ID00205,00004d77,36,「いい。心が…安らぐ…」,That's nice... I feel calm.,,
ID00205,00004ddc,63,「宿舎の暮らしはどうだ？　もう慣れたか？」,How's dorm life? Used it?,,
ID00205,00004fae,33,「ベッドに…慣れない」,I'm not used to the bed...,,
ID00205,00005064,24,「家は布団か？」,"It's a futon, right?",,
ID00205,00005252,33,「そう。畳に…布団…。,Yeah. On tatami mats with futons.,,
ID00205,00005282,42,　宿舎も…和室を用意すべき」,We need tatami rooms.,,
ID00205,000052ed,57,「屋上からの眺めって、きれいだよなぁ」,"The view from the rooftop, it's so pretty",,
ID00205,000054b9,51,「美しい景色を見るのは…いいこと。,Seeing beautiful scenery is... nice.,,
ID00205,000054fb,24,　心が洗われる」,It cleanses the soul.,,
ID00205,00005554,39,「校則って守ってる方か？」,You're one to follow school rules?,,
ID00205,0000573b,48,「規律は…守らなければならない。,Discipline must be followed...,,
ID00205,0000577a,36,　そう教えられて育った」,That's what I was raised to believe.,,
ID00205,00005803,24,「厳しい家だな」,You're strict.,,
ID00205,00005a08,48,「心の緩みは…道を踏み外す源…」,A lax heart is where mistakes come from...,,
ID00205,00005a79,51,「放課後、よく寄る所ってどこだ？」,Where do you hang out after class?,,
ID00205,00005c3f,45,「あてもなく…彷徨うのが好み。,I like wandering aimlessly...,,
ID00205,00005c7b,24,　フフフフフ…」,Heheheheh...,,
ID00205,00005cd4,48,「学校で気に入ってる場所って？」,What's your favorite place in school?,,
ID00205,00005e97,33,「逢魔が時の…屋上…」,The twilight... rooftop...,,
ID00205,0000604b,36,「ヤミツミへの…入口…」,An entrance to Yamitsumi...,,
ID00205,000060b0,30,「うちの学校って…」,Our school is...,,
ID00205,00006261,30,「そう…いい学校…」,"Yeah, it's a good school...",,
ID00205,000062c0,54,「校則だと、学園内の携帯電話の使用を,"The school rules ban cell phone use,",,
ID00205,00006305,42,　禁じてるって知ってるか？」,Did you know about it?,,
ID00205,000064c2,48,「ほとんど…通話には使ってない」,I barely use it for calls...,,
ID00205,00006685,39,「動画を録るのは…部活動」,I record videos...for club activities,,
ID00205,000066ed,51,「心美先生の若さって、すごいよな」,"Sensei's youthfulness is amazing, isn't it?",,
ID00205,000068b3,63,「なんらかの呪いではないかと…疑うレベル」,Suspecting a curse...,,
ID00205,00006920,18,「はははは」,Hahaha,,
ID00205,00006973,63,「宿舎に置いてある新聞って、読んでるか？」,Do you read the newspapers left in the dorms?,,
ID00205,00006b72,45,「地元のニュースを…たまに…」,Sometimes check local news...,,
ID00205,00006d8c,51,「霊や…妖かしによる事件がないか…,Checking for spirits...,,
ID00205,00006dce,21,　チェック…」,Check...,,
ID00205,00006e11,33,「ねーって、そんなの」,"No way, that's so lame",,
ID00205,00006e73,60,「屋上から見る夕日って、きれいだよなぁ」,"Sunset from the rooftop is beautiful, isn't it?",,
ID00205,00007042,33,「私も…お気に入り…」,Me too... it's my favorite...,,
ID00205,000070a4,54,「うちの学校って、部活が盛んだよな」,Our school's got a lot of clubs.,,
ID00205,000072b0,45,「運動部から文化部まで…充実」,"Sports and culture, it's all here.",,
ID00205,00007470,54,「かわいい子が…より輝く。フフフ…」,Cute girls shine even more. Hehehe...,,
ID00205,000074e7,60,「校内にプライベートビーチがあるなんて、,Having a private beach on campus is,,
ID00205,00007532,51,　世界でも光海学園ぐらいだよなぁ」,That's about as good as it gets in the world.,,
ID00205,000076f8,45,「海は…命の源。素晴らしい…」,The sea... is the source of life. Amazing...,,
ID00205,00007766,48,「屋上って、緑がいっぱいあって、,"The rooftop has so much green,",,
ID00205,000077a5,33,　のんびりできるよな」,you can just relax there.,,
ID00205,00007959,39,「穏やかな…時が流れる…」,A peaceful... time flows by...,,
ID00205,000079c1,27,「宿舎の部屋って、,Dorm rooms are,,
ID00205,000079eb,42,　すげぇゴージャスだよなぁ」,"so damn luxurious, man.",,
ID00205,00007beb,27,「落ち着かない…」,I can't calm down...,,
ID00205,00007d99,33,「質素な和室…求む…」,plain old tatami room...,,
ID00205,00007dfb,45,「内魔って、遅刻は多い方か？」,"Nemama's always late, huh?",,
ID00205,00007fbb,57,「遅れた時は…こっそり教室に忍び込む」,When I'm late... I sneak into class quietly,,
ID00205,00008022,24,「バレないか？」,Won't they notice?,,
ID00205,000081fa,51,「無拍子の動きを捉えるのは…困難」,It's hard to catch someone moving without rhythm,,
ID00205,0000826e,27,「学校といえば…」,Speaking of school...,,
ID00205,0000841c,36,「フフフ…楽しい毎日…」,Heheh... every day's a blast...,,
ID00205,00008481,36,「セーラー服とブレザー、,"Sailor uniform and blazer,",,
ID00205,000084b4,36,　どっちが好きなんだ？」,which one do you like better?,,
ID00205,0000866b,24,「セーラー服…」,Sailor uniform...,,
ID00205,000086b1,21,「どうして？」,Why?,,
ID00205,00008859,60,「戦う少女には…セーラー服がよく似合う」,A fighting girl looks good in a sailor uniform,,
ID00205,000088c3,45,「お前、巫女服になってたろ？」,"You were dressed as a shrine maiden, right?",,
ID00205,00008a83,42,「細かいことは…気にしない」,I don't care about the details...,,
ID00205,00008adb,45,「夢とはいえ、リアルだったよ」,"Even if it was just a dream, it felt real",,
ID00205,00008b49,60,「学校で行ったことない場所ってあるか？」,Are there places at school you've never been to?,,
ID00205,00008d18,39,「男子専用の場所は…ない」,There aren't any all-boys areas...,,
ID00205,00008f39,30,「けど…それ以外は、,"but...everywhere else,",,
ID00205,00008f66,33,　裏側まで…行った…」,"i've been to the back too...""",,
ID00205,00008fb5,42,（裏側？　校舎裏のことか？）,(the back? You mean behind the building?),,
ID00205,00009020,54,「屋上の花壇の花って、きれいだよな」,The flowers on the rooftop garden are pretty.,,
ID00205,000091e9,33,「秋の花も…楽しみ…」,fall blooms...looking forward.,,
ID00205,0000924b,45,「新学期になったら衣替えだな」,Time for new clothes.,,
ID00205,0000940b,48,「冬服には…冬服の良さが…ある」,Winter clothes have their own charm...,,
ID00205,0000947c,60,「宿舎暮らしも、あと少しで終わりだなぁ」,Dorm life will be over in just a little while.,,
ID00205,0000964b,51,「やっと…ベッドから解放される…」,Finally... I'll be free from the bed...,,
ID00205,00009811,48,「ぺったんこの布団が…恋しい…」,That flat futon of mine... I miss it so much...,,
ID00205,00009882,63,「ミツミキャンプが終わって、家に帰ったら、,"After I get back from Mitsu Camp, at home,",,
ID00205,000098d0,51,　一番にやりたいことってなんだ？」,What's the first thing you wanna do?,,
ID00205,00009a96,36,「ひたすら…漫画を読む」,Just read manga all day long,,
ID00205,00009afb,63,「文化系の部員として、光海祭に参加するのは,"As a cultural club member,",,
ID00205,00009b49,57,　初めてだから、気合い入れないとなぁ」,"It's my first time, gotta put in some effort...",,
ID00205,00009d15,51,「ギリギリのエロース…期待してる」,Just barely erotic... I'm looking forward to it,,
ID00205,00009eee,42,「ミツミキャンプが終わると…,Once Mitsumi Camp ends...,,
ID00205,00009f27,48,　大浴場に入れなくなる。…残念」,No more hot springs... What a shame.,,
ID00205,0000a0f7,48,「広くて、ゆったりするからなぁ」,"It's spacious and relaxing, you know?",,
ID00205,0000a2ba,54,「今のうちに…何度も入っておかねば」,While I still can... gotta soak in it a few times.,,
ID00205,0000a331,60,「廊下を、スマホ見ながら歩いてるヤツって,That guy walkin' down the hall lookin' at his phone?,,
ID00205,0000a37c,18,　いるよな」,I've seen them.,,
ID00205,0000a54e,45,「スマホに…取り憑かれてる…」,My phone... has me hooked...,,
ID00205,0000a768,54,「断ち切らねば…死に繋がることも…」,I gotta end it...or I'll die...,,
ID00205,0000a810,39,「マジでそうなんだよなぁ」,"You really mean it, huh?",,
ID00205,0000a878,36,「ミツミキャンプって…」,Mitsumi Camp...,,
ID00205,0000aa2f,48,「終われば…すべていい思い出…」,Once it's done...all good memories...,,
ID00206,00001c7c,45,「よく聴く音楽って、なんだ？」,What kind of music do you usually listen to?,,
ID00206,00001e3c,15,「雅楽…」,Gagaku...,,
ID00206,00001e79,24,「そ、そうか…」,R-Right...,,
ID00206,00001ed2,57,「音楽聴く時って、なに使ってるんだ？」,What do you use when listening to music?,,
ID00206,0000209e,18,「パソコン」,A PC.,,
ID00206,00002115,33,「へ～っ、そうなのか」,"Wow, I didn't know that.",,
ID00206,000022c9,63,「昔の雅楽の演奏テープを…全てコピーした。,I copied all the old gagaku performance tapes...,,
ID00206,00002317,24,　大変だった…」,It was a lot of work...,,
ID00206,00002370,54,「雅楽って、どんな時に聞くんだよ？」,When do you listen to gagaku?,,
ID00206,00002539,30,「心を静めたい時…」,When I want to calm down...,,
ID00206,000026ea,42,「うれしい時なんかも…聞く」,When I'm happy...I listen.,,
ID00206,00002742,24,「そ、そうか…」,R-Right...,,
ID00206,0000279b,45,「音楽の成績ってどうなんだ？」,How's your music grades?,,
ID00206,0000299e,60,「笛は得意。初等部の時…よくほめられた」,I'm good at the flute... praised often.,,
ID00206,00002a08,33,「へ～っ、そうなのか」,"Wow, I didn't know that.",,
ID00206,00002bbc,42,「龍笛を吹き慣れてるから…」,Used to playing it...,,
ID00206,00002c14,36,「龍笛？　なんだそれ？」,Ryuteki? What's that?,,
ID00206,00002dcb,18,「雅楽の笛」,A gagaku flute.,,
ID00206,00002e0b,48,「演奏も出来るのか？　すごいな」,You can play it too? That's amazing.,,
ID00206,00002e7c,21,「音楽って…」,Music is...,,
ID00206,00003024,33,「そう…心が華やぐ…」,It makes my heart bloom...,,
ID00206,000031eb,51,「図書室で見ていた夢は…どんな夢？,The dream I saw in the library...,,
ID00206,0000322d,30,　正直に…話すべき」,You should tell me honestly.,,
ID00206,00003279,33,「な、なんでもねーよ」,N-nothing...,,
ID00206,0000342d,24,「怪しすぎる…」,Too suspicious...,,
ID00206,00003473,45,（くっ、なんでこんな鋭いんだ？,"Gah, why are you so sharp?",,
ID00206,000034af,54,　反町のあられもない夢とは言えねー）,Even if it’s Sorimachi’s perverted dreams...,,
ID00206,00003526,51,「よく読む雑誌って、どんなのだ？」,What magazines do you read often?,,
ID00206,00003719,24,「オカルト系…」,Occult stuff...,,
ID00206,000037f0,36,「…まぁ、そうだろうな」,...I guess so.,,
ID00206,000039a7,33,「人の恐れが…わかる」,Can feel people's fear...,,
ID00206,00003a09,33,「漫画って読む方か？」,You read manga?,,
ID00206,00003c00,15,「読む…」,...,,
ID00206,00003da2,33,「恐怖漫画が…好み…」,Scary comics are my thing...,,
ID00206,00003df1,15,「はは…」,Heh...,,
ID00206,00003e41,60,「少女漫画って、意外と怖い漫画多いよな」,Shoujo manga can be pretty scary.,,
ID00206,00004010,51,「怖いもの見たさの…女の子は多い」,Lots of girls like to be scared.,,
ID00206,000041d6,48,「夜、眠れなくなるのも…醍醐味」,Not sleeping at night's best.,,
ID00206,00004247,45,「電子書籍って利用してるか？」,Do you use e-books?,,
ID00206,00004407,36,「暗がりで読めて…いい」,Reading in the dark... That's good.,,
ID00206,00004459,27,「目が悪くなるぞ」,Your eyes will suffer.,,
ID00206,00004607,24,「雰囲気…重視」,Atmosphere... important,,
ID00206,00004660,39,「この間、読んだ漫画で…」,That manga I read the other day...,,
ID00206,0000481a,42,「フフ…なかなか面白そう…」,Hehe... sounds pretty interesting...,,
ID00206,00004885,63,「撮影禁止の本屋の店内で、雑誌を買わずに、,"In a no-photo bookstore,",,
ID00206,000048d3,60,　スマホで写真撮ってすませちゃうヤツって,They just take pics.,,
ID00206,0000491e,18,　いるよな」,I've seen them.,,
ID00206,00004ac3,45,「盗撮は…パンツだけじゃない。,Spying ain't just 'bout panties...,,
ID00206,00004aff,24,　情報も…ダメ」,Info's off-limits too,,
ID00206,00004b58,45,「漫画喫茶って利用してるか？」,Do you use manga cafés?,,
ID00206,00004d5b,21,「時々…行く」,Sometimes... I do,,
ID00206,00004dd5,33,「へ～っ、そうなのか」,"Wow, I didn't know that.",,
ID00206,00004f89,42,「ブースが狭くて…落ち着く」,"The booths are cramped, so it's relaxing",,
ID00206,00004ff4,54,「内魔って、怪談とかに詳しいのか？」,"You know a lot about ghost stories, huh?",,
ID00206,00005200,54,「もちろん…。実話から…作り話まで」,Of course... from real tales to made-up ones,,
ID00206,00005264,42,「実話ってなんだ、実話って！,"What's a true story, a true story!",,
ID00206,0000529d,27,　全部、作り話だ」,All of it's made up.,,
ID00206,0000544b,39,「そう思ってる方が…幸せ」,I think you'd be happier that way...,,
ID00206,000054b3,51,「秋になったら読書でもすっかなぁ」,Maybe I'll read some books when autumn comes.,,
ID00206,00005679,36,「オススメの怪談…ある」,Here's a recommended ghost story...,,
ID00206,000056cb,30,「怪談は夏の風物詩！,It's like a summer tradition!,,
ID00206,000056f8,54,　秋はもっと落ち着いたのにしろって」,You should go for something more mellow in the fall.,,
ID00206,000058c1,21,「フフフフフ」,Huhuhuhu,,
ID00206,00005917,33,「本との出会いって…」,Meeting with books is...,,
ID00206,00005acb,51,「百物語には…百の出会いが…ある」,Hyakumonogatari has a hundred.,,
ID00207,00001eb0,51,「スマホをお祓いとか、今風だよな」,"Exorcising smartphones... that's so modern, huh?",,
ID00207,000020b9,51,「お祓いの対象は…年々、増えてる」,The exorcism targets are up.,,
ID00207,0000227f,57,「憑きものに…デジタルも、アナログも…,...are possessed by both digital and analog...,,
ID00207,000022c7,12,　ない」,Never.,,
ID00207,00002314,39,「Ｅ動画部のメンバーって、,Members of the E-Drama Club...,,
ID00207,0000234a,36,　みんな変わってるよな」,aren't they?,,
ID00207,00002501,33,「個性があって…いい」,They each have a personality...,,
ID00207,00002563,42,「内魔はエロース動画のこと、,The 'Inner Demon' is about ero-drama.,,
ID00207,0000259c,30,　どう思ってんだ？」,How do you feel about them?,,
ID00207,0000274d,57,「エロースがなければ……人は滅びる…」,Without Eros... humans would perish...,,
ID00207,000027b4,48,「ま、まぁ、そりゃそうだけど…」,"W-well, I guess that's true...",,
ID00207,00002977,51,「何事も…道を究めようとするのは…,To pursue something to its extreme is...,,
ID00207,000029b9,18,　よいこと」,a good thing.,,
ID00207,00002a0c,60,「Ｅ動画部に入ったきっかけってなんだ？」,What made you join the E video club?,,
ID00207,00002bdb,63,「学園中で動画を録っても…怪しまれない…」,No one'll suspect me.,,
ID00207,00002c48,36,「好きなんだな、動画が」,You really love videos.,,
ID00207,00002dff,21,「もちろん…」,Of course...,,
ID00207,00002e55,57,「録った動画が心霊動画になりがちなら、,"If they're ghost vids,",,
ID00207,00002e9d,48,　Ｅ動画の戦力にならないだろ？」,"you can't even be an E video asset, right?",,
ID00207,00003060,48,「心霊も…エロースのスパイス…」,Spirits... are just a spice for ero...,,
ID00207,000030be,30,「いやいやおいおい」,No no wait a sec,,
ID00207,0000311d,30,「動画の魅力って…」,The charm of videos is...,,
ID00207,000032ce,39,「それは…言い得て妙な…」,That's... quite the way to put it...,,
ID00207,00003336,42,「乙谷町に心霊スポットって、,"There's a haunted spot in Otanamachi,",,
ID00207,0000336f,36,　どれぐらいあるんだ？」,?,,
ID00207,00003526,18,「無数に…」,Countless...,,
ID00207,00003566,42,「無数！？　そんなにか！？」,Countless!? That many!?,,
ID00207,00003723,51,「夏は…特に増える…。知りたい？」,Summer... especially increases... Want to know why?,,
ID00207,00003784,60,「いい！　いいって！　なんか怖ェだろ！」,Sure! Sure! You must be scared!,,
ID00207,00003966,63,「先輩と…プリントシールが撮れたのは収穫。,Getting that pic's great.,,
ID00207,000039b4,48,　けど…３人目が写らなかった…」,But... the third person didn't show up...,,
ID00207,00003a12,57,「写るか！　そんなもん！　怖ェだろ！」,Show up?! It's scary as hell!,,
ID00207,00003bde,36,「必ず…尻尾をつかむ…」,I'll catch their tails.,,
ID00207,00003c30,48,「なにを言ってんだ？　お前は…」,What are you talking about? You're...,,
ID00207,00003ca1,54,「エロースな動画ばっかり録ってると、,"If you keep recording all that ero stuff,",,
ID00207,00003ce6,54,　Ｅ動画部はそのうち潰されちゃうぞ」,The Ero Video Club will get shut down eventually.,,
ID00207,00003eaf,51,「御前…渚紗は…そんなことしない」,Misaki... Nagisa wouldn't do something like that.,,
ID00207,00003f10,21,「どうして？」,Why?,,
ID00207,000040b8,48,「潰す気なら…とっくに潰してる」,If you wanted to shut us down...,,
ID00207,0000427b,63,「あの人は…認めるべきところは…認める人」,That person admits when she should.,,
ID00207,0000431f,24,「…そうかもな」,...Maybe so.,,
ID00207,00004378,54,「内魔が動画を始めたきっかけって？」,What was the reason you started making videos?,,
ID00207,00004541,60,「初めて念写に成功したのは…初等部２年」,I succeeded in second grade.,,
ID00207,000045ab,21,「念写って…」,Premonitions are...,,
ID00207,00004753,39,「次第に…普通に録っても、,"Gradually, even normally,",,
ID00207,00004789,54,　霊が映るようになった。才能…あり」,spirits started showing up. Guess I've got talent...,,
ID00207,00004800,51,「ネットの心霊動画って、本物か？」,Are there any real ghost videos on the internet?,,
ID00207,000049c6,45,「見ない方がいい動画は…ある」,There are some you shouldn't watch.,,
ID00207,00004aa8,42,「マジか！？　判別方法は？」,No way! How do you tell them apart?,,
ID00207,00004cbf,57,「ない…。見てしまって…気になるなら、,"I don't know. If curious,",,
ID00207,00004d07,30,　うちでお祓いを…」,I could purify you here...,,
ID00207,00004e8e,21,「商売かよ！」,You're kidding me!,,
ID00207,00004ee4,60,「よく見るテレビ番組って、どんなのだ？」,What kind of TV shows do you usually watch?,,
ID00207,000050b3,60,「ドキュメンタリー。人間が…一番怖い…」,Documentaries... Humans are the scariest...,,
ID00207,00005130,33,「最近のテレビって…」,TV these days...,,
ID00207,00005327,36,「退屈しのぎには…なる」,It's a good time killer...,,
ID00207,0000538c,30,「内魔は、光海祭で、,"Inside the festival tent,",,
ID00207,000053b9,45,　どんな動画を展示するんだ？」,what kind of video will they show?,,
ID00207,00005579,54,「霊の映ってないエロースを…厳選…」,A ero without spirits... carefully selected...,,
ID00207,00005614,48,「心霊動画コーナーとか作ったら、,"If we make a corner for ghost videos,",,
ID00207,00005653,33,　客が来そうだけどな」,it might attract customers.,,
ID00207,00005834,48,「怖すぎて…お客の背筋が凍る…」,It's so scary... visitors' spines will freeze...,,
ID00207,000058c9,24,「そ、そうか…」,R-Right...,,
ID00207,00005922,42,「好きな映画のジャンルって…,What's your favorite movie genre...?,,
ID00207,0000595b,33,　やっぱりホラーか？」,"You like horror movies, huh?",,
ID00207,00005b52,21,「もちろん…」,Of course...,,
ID00207,00005cfa,51,「世界に通用する…邦画のジャンル」,A globally competitive J-drama.,,
ID00207,00005d6e,54,「１日何時間ぐらい、テレビ見てる？」,How many hours do you watch TV per day?,,
ID00207,00005f91,51,「テレビは…見ない日の方が…多い」,I don't watch TV... more often than I do.,,
ID00207,00006157,42,「けど…ネットに上がってる、,but... stuff on the internet like,,
ID00207,00006190,60,　テレビの偶然映った心霊現象は…好き…」,I like that kind of thing...,,
ID00207,000061fa,15,「はは…」,Heh...,,
ID00207,0000624a,39,「写真には興味ないのか？」,You're not interested in photos?,,
ID00207,00006404,42,「動きがあった方が…面白い」,I think things with movement are more fun.,,
ID00207,000065c1,30,「振り返る…霊とか」,ghosts or whatever,,
ID00207,0000660d,18,「怖ェって」,That's scary.,,
ID00207,00006660,33,「動画の面白さって…」,the fun of videos is...,,
ID00207,00006857,39,「とても……いいと思う…」,I think it's really... good...,,
ID00208,00003202,51,「お前と真奈って、話が合うんだな」,"You and Mana get along, huh?",,
ID00208,000033c8,27,「真奈はいい子…。,Mana's a good kid...,,
ID00208,000033f2,48,　私と趣味が合う子は…珍しい…」,Kids who share my hobbies... are rare...,,
ID00208,00003450,30,「そりゃそうだろ…」,Of course you do...,,
ID00208,00003614,54,「神棚を祀ってくれて…ありがとう…」,Thanks for putting up the shrine for us...,,
ID00208,00003678,60,「力仕事があればまた言えよ。手伝うから」,"If you need help, just ask.",,
ID00208,0000388a,18,「助かる…」,I owe you one...,,
ID00208,000038dd,48,「毎朝、何時ぐらいに起きてる？」,What time do you usually wake up every morning?,,
ID00208,00003aa0,42,「５時に起きて…身を清める」,Waking up at 5... cleansing my body,,
ID00208,00003af8,30,「すげぇ早起きだな」,"Damn, you're an early bird",,
ID00208,00003b57,36,「何時に寝てるんだよ？」,What time do you go to bed?,,
ID00208,00003d0e,21,「１２時ごろ」,Around midnight,,
ID00208,00003d51,36,「じゃあ、睡眠時間は…」,So your sleep time is...,,
ID00208,00003f08,24,「５時間程度…」,About five hours...,,
ID00208,00003f4e,24,「眠くないか？」,Aren't you sleepy?,,
ID00208,000040f9,57,「大丈夫…。私の眠りは…闇より深い…」,I'm fine... My sleep is deeper than the darkness,,
ID00208,00004160,24,「そ、そうか…」,R-Right...,,
ID00208,000041b9,51,「休みの日って、なにしてるんだ？」,What do you usually do on days off?,,
ID00208,0000437f,21,「家の手伝い」,Helping out at home,,
ID00208,000043c2,33,「ああ、神社だもんな」,"Oh, right, it's a shrine",,
ID00208,0000448b,30,「そう…修行中の身」,Yeah... I'm in training,,
ID00208,000044ea,48,「お前の好きな花って、なんだ？」,What kind of flowers do you like?,,
ID00208,000046ad,15,「桔梗…」,Bellflowers...,,
ID00208,000046ea,30,「どんな花だっけ？」,What are they like?,,
ID00208,0000489b,39,「星の形をした…紫の花…」,They're purple and star-shaped,,
ID00208,00004903,39,「内魔って、なんでそんなに,Why does @str_000 have such long bangs?,,
ID00208,00004939,30,　前髪が長いんだ？」,What's with the long bangs?,,
ID00208,00004b17,54,「見たくないものを…見ないように…」,I don't want to see something... so I avoid it...,,
ID00208,00004bb2,24,「ふ、ふうん…」,Huh...?,,
ID00208,00004c0b,51,「小さいころからその髪型なのか？」,Has she had that hairstyle since she was little?,,
ID00208,00004e14,57,「尻尾が短かったけど…基本的に…同じ」,Her tail was short but same idea.,,
ID00208,00004fe0,27,「気に入ってる…」,I like it...,,
ID00208,0000503c,36,「内魔の小さいころって、,"When @str_000 was little,",,
ID00208,0000506f,42,　どんな女の子だったんだ？」,What kind of girl was she?,,
ID00208,0000522c,48,「霊感が強くて…恐れられてた…」,She feared for her powers...,,
ID00208,000053ef,60,「大人は…力を封じ込めるために…苦労…」,Adults tried to seal her powers...,,
ID00208,00005459,24,「そ、そうか…」,R-Right...,,
ID00208,000054b2,63,「月の小遣いって、いくらもらってるんだ？」,How much pocket money do you get?,,
ID00208,00005684,9,「零」,Zero.,,
ID00208,000056bb,36,「もらってないのか！？」,You don't get any?!?,,
ID00208,00005872,27,「神社の手伝いを…,I help out at the shrine...,,
ID00208,0000589c,42,　バイト代としてもらってる」,and I'm paid for it as a part-time job.,,
ID00208,000058f4,33,「親孝行なヤツだな…」,You're really filial...,,
ID00208,00005aa8,54,「お金は…生きていくのに必要なだけ…,Just enough money to get by...,,
ID00208,00005aed,21,　あればいい」,That's all I need.,,
ID00208,00005b43,48,「服って、どれぐらい持ってる？」,How many clothes do you have?,,
ID00208,00005d60,63,「そんなにない…。季節に応じて…数着ずつ」,Not that many... I only have a few for each season.,,
ID00208,00005f32,39,「おしゃれには…無頓着…」,I don't really care about fashion...,,
ID00208,00005f9a,51,「みんな、ナイショにしてることって,"There are things everyone keeps secret,",,
ID00208,00005fdc,21,　あるけど…」,but...,,
ID00208,00006184,45,「フフフ…私は、秘密ばかり…」,Heheh... I'm all secrets...,,
ID00208,00006357,57,「駅前モールで見た夢を…私に話すべき」,Tell me your mall dream.,,
ID00208,000063be,36,「な、なんでもねーって」,N-nothing like that...,,
ID00208,00006575,42,「あんなところで眠りこけて…,Sleeping there like that...,,
ID00208,000065ae,48,　なんでもないとは…無理がある」,Saying it's nothing is a bit much...,,
ID00208,0000660c,45,「気にすんな、疲れてたんだよ」,"Don't worry about it, I was just tired.",,
ID00208,000067cc,15,「むぅ…」,Muu...,,
ID00208,00006809,48,（心美先生のあんな夢見たなんて、,(Like she'd ever tell me about her dreams...,,
ID00208,00006848,33,　言えるわけねーだろ）,You ain't gonna tell me that,,
ID00208,000068aa,42,「妖かしショットのおかげで、,"Thanks to the Yokaishi Shot,",,
ID00208,000068e3,51,　宿舎にマジで出るんじゃないかと、,"I was actually worried you'd show up at my place,",,
ID00208,00006925,27,　怖くなっただろ」,weren't you?,,
ID00208,00006ad3,36,「出ない…わけではない」,I'm not...going out...,,
ID00208,00006b25,45,「出るってのか？　幽霊が！？」,You're gonna go out? Ghosts!?,,
ID00208,00006ce5,57,「大丈夫…私がいるから…悪さはしない」,It's okay...I'm here...won't do anything bad,,
ID00208,00006d4c,48,「出ないって言え、出ないって！」,"Say you won't, say it!",,
ID00208,00006dbd,51,「内魔みたいな子が１年にいるって、,There's only one girl like you in a year...,,
ID00208,00006dff,36,　全然気づかなかったよ」,I didn't even notice.,,
ID00208,00006ff9,36,「目立たないのが…身上」,Not standing out is my thing...,,
ID00208,0000704b,30,（前髪的に、かえって,"Actually, with that fringe,",,
ID00208,00007078,42,　目立ちそうなんだけどな…）,"Actually, you seem like you'd stand out...",,
ID00208,000070e3,27,「内魔って、宿舎に,"Iori's room, huh...",,
ID00208,0000710d,45,　パソコン持ち込んでるのか？」,You're bringing a PC into the dorms?,,
ID00208,00007310,54,「もちろん…。心霊動画がいっぱい…」,Of course...I've got tons of ghost videos...,,
ID00208,00007374,30,「整理しろ、整理！」,"Sort it out, sort it out!",,
ID00208,000073d3,48,「海外旅行ってしたことあるか？」,Do you have any experience with overseas travel?,,
ID00208,000075f0,15,「ない…」,N-no...,,
ID00208,0000762d,33,「行ってみたい国は？」,Countries wanna visit?,,
ID00208,0000783b,33,「ない…。日本でいい」,None...Japan's good enough.,,
ID00208,0000789d,51,「国内旅行で印象に残ってるのは？」,What domestic trip left an impression on you?,,
ID00208,00007a63,63,「初等部の時に回った…四国八十八箇所巡り。,The Shikoku Pilgrimage I did in elementary school...,,
ID00208,00007ab1,24,　楽しかった…」,It was fun...,,
ID00208,00007c89,27,「また…行きたい」,I wanna go again.,,
ID00208,00007ce5,57,「動画以外の趣味って、なんかあるか？」,Got any hobbies besides making videos?,,
ID00208,00007eb1,15,「祈祷…」,Prayers...,,
ID00208,00007eee,60,「それ…家の手伝いだろ？　趣味なのか？」,"That's helping at home, hobby?",,
ID00208,000080bd,42,「好きでないと…やれない…」,If you don't like it... you can't do it...,,
ID00208,00008128,51,「自分を動物で例えると、なんだ？」,What animal would you say you are?,,
ID00208,000082ee,18,「キツネ…」,Fox...,,
ID00208,00008493,48,「神社では…崇め奉られる存在…」,At the shrine... they're revered...,,
ID00208,00008504,45,「日記ってつけたことあるか？」,Ever kept a diary?,,
ID00208,0000871e,51,「自分の行動の記録は…残さない…」,I don't leave a record of my actions...,,
ID00208,000088e4,39,「物語が…一人歩きする…」,The story... spreads on its own...,,
ID00208,0000894c,48,「内魔の好きな色って、なんだ？」,What's Inner Demon's favorite color?,,
ID00208,00008b0f,36,「白……身が引き締まる」,White... it makes me feel tense,,
ID00208,00008b74,60,「イヌとネコなら、どっちが好きなんだ？」,"Between dogs and cats, which do you like more?",,
ID00208,00008d43,54,「ネコ…。イヌは…吠えるから苦手…」,Cats... I hate dogs because they bark...,,
ID00208,00008dba,48,「男の間で流行ってるんだけど…」,It's popular among guys these days...,,
ID00208,00008f7d,42,「男は…他愛ない…フフフ…」,Guys are... so shallow... Heheh...,,
ID00208,00008fe8,51,「お前んとこの神社の萌え御札って、,"Your shrine's moe ema plaques,",,
ID00208,0000902a,33,　どんな絵柄なんだ？」,What kind of design are they?,,
ID00208,000091de,33,「私みたいに…すごく…,Like me... really...,,
ID00208,0000920e,33,　明るい感じの女の子」,bright and cheerful girl.,,
ID00208,0000938b,24,「明るい…ねぇ」,Bright... right?,,
ID00208,00009536,24,「フフフフフフ」,Heheheheh,,
ID00208,0000958f,51,「淫夢か……未だに信じらんねーよ」,A dirty dream... I still can't believe it.,,
ID00208,00009798,54,「それでいい…。すべて…まぼろし…」,That's fine... It was all just an illusion...,,
ID00208,0000980f,33,「前髪を出した髪型も、,"The hairstyle with the bangs,",,
ID00208,0000983f,39,　似合うと思うんだけどな」,I think it suits you.,,
ID00208,00009a0b,42,「これでいい…気に入ってる」,That's good... I like it.,,
ID00208,00009a76,42,「お化け屋敷って、好きか？」,Do you like haunted houses?,,
ID00208,00009c76,39,「楽しいけど…怖くはない」,It's fun... but not scary.,,
ID00208,00009d02,45,「まぁ、お前ならそうだろうな」,"Well, that makes sense for you.",,
ID00208,00009ec2,30,「不意に現れた私に…,If I suddenly appear...,,
ID00208,00009eef,39,　お化けが驚くことはある」,The ghost might get a fright.,,
ID00208,00009f44,21,「ははははは」,Hahaha,,
ID00208,00009f9a,54,「来年は、一緒に夏祭りへ行きたいな」,Wanna go to summer fest next year.,,
ID00208,0000a1a6,24,「それは…ぜひ。,Sure...I'd love to.,,
ID00208,0000a1cd,51,　先輩と……人魂の列を…歩きたい」,Walking down lantern line with you...,,
ID00208,0000a22e,42,「どこの祭りだ！　どこの！」,Which festival is it! Which one!,,
ID00208,0000a299,48,「１つだけ願いがかなうとしたら、,If only one wish could come true...,,
ID00208,0000a2d8,24,　なにを願う？」,What would you wish for?,,
ID00208,0000a483,30,「変わらぬ日常を…」,An unchanged everyday life...,,
ID00208,0000a4cf,45,「今のままでいいってことか？」,You mean you're happy as you are?,,
ID00208,0000a6d2,36,「そう……楽しい毎日…」,That's right... every day is fun...,,
ID00208,0000a724,21,「…そうだな」,"Yeah, you're right.",,
ID00208,0000a77a,60,「内魔って、将来どうするつもりなんだ？」,"What do you plan to do in the future, Inner Demon?",,
ID00208,0000a949,24,「神社を…継ぐ」,Take over the shrine...,,
ID00208,0000a98f,24,「ああ、そっか」,"Oh, right.",,
ID00208,0000ab3a,45,「親しみのある…神社にしたい」,Make it a place everyone loves...,,
ID00208,0000aba8,42,「誕生日って、いつなんだ？」,When's your birthday?,,
ID00208,0000ad65,21,「６月７日…」,June 7th...,,
ID00208,0000ada8,27,「ほぼ１年後か…。,Almost a year from now...,,
ID00208,0000add2,39,　なにかお祝いしないとな」,I should do something to celebrate.,,
ID00208,0000af8c,21,「…いいの？」,...Is that okay?,,
ID00208,0000b0fd,27,「当たり前だろ？」,Of course we can.,,
ID00208,0000b1aa,51,「では、境内で…お酒抜きの宴を…」,Let's party... no alcohol in shrine grounds...,,
ID00208,0000b21e,57,「思わずやっちゃうクセって、あるか？」,Do u do stuff w/o thinkin'?,,
ID00208,0000b3ea,36,「つい…ニヤッと笑う…」,You can't help but grin...,,
ID00208,0000b43c,39,「ああ、よくしてるかもな」,"Yeah, I might do that too.",,
ID00208,0000b5f6,24,「フフフフフフ」,Heheheheh,,
ID00208,0000b64f,45,「動物って飼ったことあるか？」,You ever had a pet before?,,
ID00208,0000b869,60,「ない……けど、境内にはハトがいっぱい」,No... but there're tons of pigeons here.,,
ID00208,0000b90a,27,「へ～っ、いいな」,"Wow, that's cool",,
ID00208,0000bab8,15,「和む…」,So relaxing...,,
ID00208,0000bb08,27,「俺って、実は…」,"Actually, I'm...",,
ID00208,0000bcb6,36,「フフフ……問題ない…」,Heheh... no problem...,,
ID00209,00001c9c,54,「健康に気遣ってることってあるか？」,You do anything for your health?,,
ID00209,00001e65,42,「朝…お清めの水を被ってる」,I drink holy water in the morning.,,
ID00209,00001ebd,36,「水！？　真冬もか！？」,Cold water! Even in winter!?,,
ID00209,00002074,39,「身が引き締まって…いい」,It makes me feel alert...good.,,
ID00209,000020c9,27,「風邪引くなよ？」,"Don't catch a cold, okay?",,
ID00209,00002125,54,「前髪長くて、うっとうしくないか？」,Your bangs are so long. Don't they get annoying?,,
ID00209,000022ee,33,「慣れてるから…平気」,I'm used to it... I'm fine.,,
ID00209,0000233d,27,「慣れの問題か？」,Getting used to it?,,
ID00209,000024eb,21,「フフフフ…」,Hehehe...,,
ID00209,00002541,42,「血液型って、何型なんだ？」,What blood type are you?,,
ID00209,000026fe,15,「ＡＢ型」,AB,,
ID00209,000028a0,45,「秘めた…二面性……フフフ…」,Hidden...duality......Heheh...,,
ID00209,0000290e,54,「夏バテ解消法って、なにかあるか？」,Got any tips for beating the summer heat?,,
ID00209,00002b31,39,「暑いうちは外に…出ない」,Stay inside when it's hot.,,
ID00209,00002bbd,27,「わかりやすいな」,That's straightforward.,,
ID00209,00002c19,21,「健康って…」,Health...?,,
ID00209,00002dc1,36,「フフフ…病は気から…」,Heh heh...mind over matter...,,
ID00209,00002e26,45,「座禅ってよくやってるのか？」,You do zazen a lot?,,
ID00209,00002fe6,60,「時々…阿武壬さんの喝を…受けたくなる」,Sometimes...I want to get Awamin's shout,,
ID00209,000031b5,45,「心の健全は…健やかな体の源」,"A healthy mind, a healthy body.",,
ID00209,00003210,30,「まぁ…そうだよな」,"Well...that's true, isn't it?",,
ID00209,0000326f,60,「宿舎の大浴場って、足を伸ばして入れて、,"You can stretch out in the dorm bath,",,
ID00209,000032ba,33,　ゆったりできるよな」,and relax.,,
ID00209,000034b1,33,「疲れが取れて…いい」,It helps you unwind...nice.,,
ID00209,00003513,36,「視力って、いい方か？」,Are your eyesight good?,,
ID00209,00003724,39,「良くない…０．３ぐらい」,Not good... around 0.3.,,
ID00209,00003779,42,「それじゃ、見づらいだろ？」,"Then it's hard to see, right?",,
ID00209,00003936,57,「心の目で見るから…大丈夫。フフフ…」,I'm using my mind's eye...so I'm fine. Hehehe...,,
ID00209,00003b15,51,「先輩…健康にいいこと…したい？」,Senpai...want to do something healthy?,,
ID00209,00003b76,24,「ああ、まぁな」,"Yeah, I guess so.",,
ID00209,00003d21,57,「では…うちの神社の…健康水はいかが？,How about our shrine's...health water?,,
ID00209,00003d69,51,　祈祷済みの軟水で…霊験あらたか」,With blessed spring water...,,
ID00209,00003dca,48,「いやいや、霊験はいらねーから」,"No no, we don't need the spiritual power.",,
ID00209,00003f8d,33,「疲労回復に…効く！」,It helps with fatigue recovery!,,
ID00209,00003fdc,57,「色んなとこから怒られても知らねーぞ」,I don't give a damn if everyone gets mad at me.,,
ID00209,00004056,51,「内魔って、風邪引きやすい方か？」,You're the type that catches colds easily?,,
ID00209,00004276,42,「風邪は…引かない。けど…」,I don't get sick... but...,,
ID00209,000042ce,15,「けど？」,But?,,
ID00209,00004470,51,「祈祷の後は…熱が出ることがある。,After praying... sometimes you get a fever.,,
ID00209,000044b2,48,　色々…背負い込んでしまって…」,Carrying so much... on your shoulders...,,
ID00209,00004510,24,「そ、そうか…」,R-Right...,,
ID00209,00004569,21,「健康って…」,Health...?,,
ID00209,00004711,63,「医者で治らない時は…ぜひうちの神社へ…」,If the doctor can't help...,,
ID00209,00004791,51,「青汁って、時々ＣＭやってるけど、,"I've seen ads for green juice from time to time,",,
ID00209,000047d3,36,　健康に良さそうだよな」,Sounds like it's good for you.,,
ID00209,000049cd,21,「…よく飲む」,I drink it a lot.,,
ID00209,00004a47,39,「そうなのか？　効くか？」,Really? Does it work?,,
ID00209,00004c01,60,「効くかどうかは置いておいて…味が好き」,Whether or not it works... I just like the taste.,,
ID00209,00004c6b,33,「変わったヤツだな…」,You're weird...,,
ID00209,00004ccd,54,「風呂って、長い方か？　短い方か？」,"Do you take long baths, or short ones?",,
ID00209,00004e96,42,「お風呂も…お清めも…長い」,Baths... purifications... are long too.,,
ID00209,00004f01,51,「髪が長いと、手入れが大変だろ？」,"Long hair is hard to maintain, right?",,
ID00209,0000510a,60,「大丈夫…。生まれつき…痛みに強い髪質」,It's fine... My hair is naturally resistant to pain.,,
ID00209,00005174,36,「へ～っ、ラッキーだな」,"Wow, lucky you.",,
ID00209,0000532b,39,「両目も…しっかりガード」,Protect both eyes too...,,
ID00209,00005393,63,「なにか健康にいいことって、やってるか？」,Are you doing anything good for your health?,,
ID00209,00005565,21,「乾布摩擦…」,Dry skin friction...,,
ID00209,000055a8,39,「へ～っ、効果あるのか？」,"Wow, does it work?",,
ID00209,00005762,48,「皮膚を刺激すれば…自律神経が、,Stimulate the skin...,,
ID00209,000057a1,48,　活性化される。免疫力が上がり…,Immunity will increase...,,
ID00209,000057e0,36,　風邪を引きにくくなる」,You'll get sick less often.,,
ID00209,00005832,33,「いいことずくめだな」,Sounds like all good stuff.,,
ID00209,00005a29,36,「お風呂でやると…いい」,Doing it in the bath... is nice.,,
ID00209,00005a8e,36,「季節の変わり目って…」,The change in seasons...,,
ID00209,00005c45,60,「体調を崩さないように…気をつけるべき」,We should be careful not to get sick.,,
ID00210,00001fb2,54,「バッテリー切れで、お前のスク水姿を,Couldn't see you in that swimsuit...,,
ID00210,00001ff7,45,　録り損ったのは痛かったな…」,It really hurt me.,,
ID00210,000021e4,36,「その気にさせておいて…,Got me all worked up...,,
ID00210,00002217,39,　録らないのは、傷つく…」,That's what hurts.,,
ID00210,0000226c,21,「悪かったよ」,Sorry about that.,,
ID00210,0000246e,42,「準備は…整えておくべき…」,I should've been prepared...,,
ID00210,0000263e,51,「砂浜で見ていた夢は…どんな夢？」,What kind of dream were you having on the beach?,,
ID00210,0000269f,42,「え？　な、なんでもねーよ」,Huh? N-nothing!,,
ID00210,0000285c,18,「怪しい…」,Suspicious...,,
ID00210,0000289c,57,（くっ、女ってのはなんでこう鋭いんだ。,"Ugh, why are women so sharp.",,
ID00210,000028e4,63,　マリアさんのあられもない夢とは言えねー）,Even if it was Mariana's embarrassing dream...?,,
ID00210,00002964,48,「内魔って、泳ぎは得意な方か？」,"Are you a good swimmer, Inuma?",,
ID00210,00002b6a,36,「ゆっくりなら…泳げる」,If I take my time...I can swim.,,
ID00210,00002bf3,30,「一番得意なのは？」,Which is your best event?,,
ID00210,00002da4,36,「俗に言う…立ち泳ぎ…」,What they call...treading water...,,
ID00210,00002df6,24,「そ、そうか…」,R-Right...,,
ID00210,00002e4f,33,「苦手な泳ぎ方って？」,What's your worst stroke?,,
ID00210,00003030,21,「クロール…」,Freestyle...,,
ID00210,000031d8,54,「つい…顔上げたまま泳いでしまう…」,I end up swimming with my head above water...,,
ID00210,0000324f,51,「海とプールならどっちが好きだ？」,"Which do you like better, the sea or a pool?",,
ID00210,00003415,12,「川…」,Rivers...,,
ID00210,000035b4,63,「奥地の…水のきれいな川が、一番楽しい…」,The clearest rivers are the most fun...,,
ID00210,00003634,60,「こう暑いと、水泳の授業が待ち遠しいよ」,"When it's this hot, I can't wait for swim class",,
ID00210,00003803,48,「夏のプールは…一服の清涼剤…」,A summer pool is...a refreshing break,,
ID00210,00003874,21,「水泳って…」,"Swimming, huh...",,
ID00210,00003a1c,36,「まさに…夏の風物詩…」,Exactly...a summer tradition...,,
ID00210,00003be6,54,「プールで見ていた夢は…どんな夢？」,What did you dream of while watching the pool?,,
ID00210,00003c4a,42,「え？　な、なんでもねーよ」,Huh? N-nothing!,,
ID00210,00003e07,33,「どうにも…怪しい…」,It's just...suspicious...,,
ID00210,00003e56,60,（くっ、鋭い。まひろのあられもない夢とは,"Crap, that's sharp. Mahiro's perverted dream...",,
ID00210,00003ea1,18,　言えねー）,I can't say that!,,
ID00210,00003f25,33,（内魔の…スク水姿…）,Mahiro in her swimsuit...),,
ID00210,0000416f,12,「う…」,...,,
ID00210,000041f2,42,「先輩の視線は…容赦ない…」,Senpai's gaze is...merciless...,,
ID00210,000042c6,30,「わ、悪い、つい…」,"S-Sorry, I couldn't help it...",,
ID00210,00004477,39,「フフフ……脳内で…激録」,Heheh...recording it all in my head...,,
ID00210,000044df,30,「うちのプールって、,Our pool is...,,
ID00210,0000450c,42,　ゴージャスできれいだよな」,It's so fancy and clean.,,
ID00210,000046c9,51,「木のプールサイドが…お気に入り」,I like the wooden poolside area...,,
ID00210,0000473d,45,「うちのスク水のデザインって、,The design of our swimsuits is pretty sporty,,
ID00210,00004779,30,　スポーティだよな」,isn't it?,,
ID00210,0000496d,33,「悪くない…。けど…」,Not bad... but...,,
ID00210,00004b21,48,「旧スク水の方が…地味で好み…」,I prefer the old swimsuit.,,
ID00210,00004b7f,39,「マニアックなヤツだなぁ」,You're such a weirdo.,,
ID00210,00004be7,57,「どんな水着のデザインが好みなんだ？」,What kind of swimsuit design do you like?,,
ID00210,00004db3,18,「ビキニ…」,Bikini...,,
ID00210,00004f21,27,「そうなのか！？」,Is that so!?,,
ID00210,00004fe4,45,「目は隠すけど…肌は隠さず…」,It hides the eyes... but not the skin...,,
ID00210,00005052,57,「どれぐらい水の中で潜っていられる？」,How long can you stay underwater?,,
ID00210,0000521e,45,「呼吸法により…４分は可能…」,"With proper breathing, about 4 minutes...",,
ID00210,00005279,21,「マジか！？」,Seriously!?,,
ID00210,00005421,24,「密かな…自慢」,My little secret pride,,
ID00210,0000547a,39,「この間、水泳の授業で…」,"Hey, about that swim class...",,
ID00210,00005634,39,「暑い日の水泳は…天国…」,Swimming on a hot day...is heaven...,,
ID00210,000056cd,33,（内魔の…スク水姿…）,Mahiro in her swimsuit...),,
ID00210,000057e9,12,「あ…」,...,,
ID00210,0000586c,27,「先輩…照れる…」,Senpai...you're blushing...,,
ID00210,00005931,30,「わ、悪い、つい…」,"S-Sorry, I couldn't help it...",,
ID00210,00005ae2,18,「フフフ…」,Hehehe...,,
ID00210,00005c9a,54,「一緒に行ったプール…楽しかった…」,That pool we went to together...was so much fun...,,
ID00210,00005e2c,63,「そうだな。前髪を上げたお前も見られたし」,"Yeah, they saw you with your bangs up too",,
ID00210,00006053,42,「素顔は…滅多に見せない…」,My real face...I don't show it often...,,
ID00210,0000626a,51,「かわいいって……言ってくれた…」,You said I was cute...,,
ID00210,000062de,63,「水泳の授業の後って、猛烈に眠くなるよな」,"After swim class, you get super sleepy, right?",,
ID00210,000064b0,54,「目が隠れてるから…寝てもバレない」,My eyes are hidden...no one will notice.,,
ID00210,00006514,39,「うらやましいよ、ったく」,"Jealous, damn it.",,
ID00210,0000657c,39,「飛び込みって、得意か？」,"You're good at diving, right?",,
ID00210,00006790,36,「苦手…。足から着水…」,Not really... I land from my feet...,,
ID00210,00006910,21,「臆病だなぁ」,You're so scared.,,
ID00210,00006ab8,27,「慎重…と言って」,Careful...you could say,,
ID00210,00006b14,42,「もうすぐ泳ぎ納めだけど…」,Swimming's ending soon...,,
ID00210,00006cd1,24,「名残惜しい…」,I don't wanna leave...,,
ID00211,00002dfa,60,「うちの学校って、スポーツが盛んだよな」,"Our school's really into sports, right?",,
ID00211,0000300c,51,「これだけ施設が整ってれば…当然」,With all these facilities... it's only natural.,,
ID00211,000031d2,39,「激録のチャンスも…多い」,There are lots of intense chances.,,
ID00211,0000323a,57,「１年の体育って、なにやってるんだ？」,What do first-years do in PE?,,
ID00211,00003406,51,「バレーボールか…ソフトボール…」,Volleyball or softball...,,
ID00211,00003595,36,「どっちが好きなんだ？」,Which one do you like better?,,
ID00211,0000374c,27,「バレーボール…」,Volleyball...,,
ID00211,000038fa,57,「激しいスパイクを取った瞬間は…快感」,It feels great when you block a hard spike.,,
ID00211,00003974,54,「好きなスポーツってなにかあるか？」,What's your favorite sport?,,
ID00211,00003b6a,63,「サッカーは…蹴鞠のようで…嫌いじゃない」,I don't hate soccer... it feels like kicking a ball.,,
ID00211,00003bea,39,「内魔って、体は固い方か？,Are you the stiff type or...,,
ID00211,00003c20,27,　柔らかい方か？」,the flexible type?,,
ID00211,00003dce,27,「すごく…固い…」,You're really... stiff...,,
ID00211,00003fd6,39,「柔軟性は…求めてない…」,I'm not looking for flexibility...,,
ID00211,0000403e,48,「創作ダンスって、得意な方か？」,Are you good at creative dancing?,,
ID00211,00004244,60,「和のテイストを取り入れた動きが…好評」,Moves with Japanese flair are... popular.,,
ID00211,000042ae,15,「へ～っ」,Wow...,,
ID00211,00004450,45,「残念ながら…速いテンポには、,Unfortunately...,,
ID00211,0000448c,30,　ついていけない…」,can't keep up with it...,,
ID00211,000044eb,60,「うちの体操服って、学年で色分けされてる,"Our gym uniforms are color-coded by grade,",,
ID00211,00004536,39,　けど、何色が一番いい？」,but which one's the best?,,
ID00211,000046f0,36,「今着てる…朱色がいい。,The red you're wearing now...,,
ID00211,00004723,36,　巫女服と…同じ色合い」,It matches my shrine outfit.,,
ID00211,00004788,63,「テレビでよく見るスポーツって、あるか？」,Have you ever seen any sports on TV?,,
ID00211,0000495a,63,「ニュースでたまに出る…やぶさめに釘付け」,I'm glued to it on the news.,,
ID00211,000049c7,60,「ま、まぁ、あれもスポーツと言えるか…」,"W-well, you could call that a sport...",,
ID00211,00004a44,39,「内魔って、運動神経は…」,Iori's athletic ability is...,,
ID00211,00004c58,30,「あまり良くない…。,not so great...,,
ID00211,00004c85,42,　見た目通り、活発ではない」,"She's not very active, like she looks.",,
ID00211,00004cdd,18,「そうか…」,Oh...,,
ID00211,00004d30,51,「炎天下の体育って、きついよなぁ」,"Sports in this heat are brutal, huh?",,
ID00211,00004ef6,39,「修行…と思うしかない…」,All I can do is think it's training.,,
ID00211,00004f5e,27,「夏の体育って…」,Summer sports are...,,
ID00211,0000510c,36,「体力の限界に…挑戦…」,Pushing our limits...,,
ID00211,000052d6,51,「体育館で見ていた夢は…どんな夢？,What kind of dream did you see in the gym?,,
ID00211,00005318,27,　私に…話すべき」,I should tell you about it.,,
ID00211,000053a5,45,「な、なな、なんでもねーって」,"N-no, it's nothing.",,
ID00211,00005565,51,「夢の内容は…妖かしを説き明かす…,The dream was about explaining the yokaishi...,,
ID00211,000055a7,24,　ヒントになる」,It might be a clue.,,
ID00211,0000571b,60,「あ、妖かしとか、オカルトだ、オカルト。,"A-About the yokaishi... It's all occult, occult.",,
ID00211,00005766,63,　お前が録ってもなんにも映らなかっただろ」,"You didn't record anything, right?",,
ID00211,00005938,12,「む…」,Ugh...,,
ID00211,000059c6,54,（凜世のあられもない夢とは言えねー。,"I mean, even if it was Rinze's perverted dream.",,
ID00211,00005a0b,21,　初等部だぞ）,It's elementary.,,
ID00211,00005a7d,54,（妃月のあられもない夢とは言えねー。,"I mean, even if it was Himeragi's perverted dream.",,
ID00211,00005ac2,21,　初等部だぞ）,It's elementary.,,
ID00211,00005cac,60,「体育館で見ていた夢…。恋人の…なに？」,The dream I saw in the gym... My lover's... what?,,
ID00211,00005d16,39,「な、なんでもねーって！」,N-No way!,,
ID00211,00005ed0,42,「妖しい…。私に…話すべき」,Creepy... I should tell you about it.,,
ID00211,00005f28,63,「き、気にすんな、マジでなんでもねーから」,"D-Don't worry, seriously, it's nothing!",,
ID00211,000060fa,12,「む…」,Ugh...,,
ID00211,00006134,54,（相良さんとキスしそうになったとか、,(I almost kissed Sagara... I can't say that.),,
ID00211,00006179,63,　言えねー。どんだけ欲求不満なんだよ、俺）,"(How much do you want me, man?)",,
ID00211,0000622a,30,（内魔の体操服姿…）,(Miu in her PE uniform...),,
ID00211,0000645f,30,「生足に…釘付け…」,Stuck on her bare legs...,,
ID00211,00006552,27,「わ、悪い、つい」,"S-Sorry, I couldn't help.",,
ID00211,000065d2,33,「悪い気は…しない…」,Don't feel bad at all...,,
ID00211,00006634,60,「春の体育祭は、なんの種目に出たんだ？」,What events did you join?,,
ID00211,00006803,18,「綱引き…」,...tug-of-war,,
ID00211,00006843,24,「勝ったのか？」,Did you win?,,
ID00211,00006a1b,15,「惨敗…」,We lost...,,
ID00211,00006c17,60,「私のかけ声を聞くと…力が抜けると不評」,It seems they didn't like my cheering...,,
ID00211,00006c81,39,「どんな感じだったんだ？」,How was it?,,
ID00211,00006e3b,45,「そ～～れ～～、そ～～れ～～」,"Soooo, sooo",,
ID00211,00006e96,33,「はははは、確かにな」,"Hahaha, yeah, that's true",,
ID00211,00006ef8,39,「懸垂って、何回できる？」,How many pull-ups can you do?,,
ID00211,0000710c,57,「１回も無理…。ただ…ぶら下がるだけ」,Not even one... Just hanging there.,,
ID00211,000072d8,24,「ぶらぁ～～ん」,Swing~,,
ID00211,0000731e,36,「怖い言い方すんなって」,"Don't say it like that, it's scary",,
ID00211,00007383,63,「体育の後は、水分補給を忘れないようにな」,"After P.E., don't forget to hydrate yourself.",,
ID00211,00007555,48,「言われなくても…水をがぶ飲み」,Even without being told... I chug water.,,
ID00211,00007718,36,「運動の後の水は…格別」,Water after exercise is... special,,
ID00211,0000777d,36,「体育のソフトボールで、,"Softball in P.E.,",,
ID00211,000077b0,51,　守ってるポジションってどこだ？」,What position are you playing?,,
ID00211,000079a3,18,「ライト…」,Right field...,,
ID00211,00007a74,36,「打球が飛んでこないと…,If the ball doesn't come to me...,,
ID00211,00007aa7,33,　存在が薄れていく…」,my presence fades away...,,
ID00211,00007b09,51,「その前髪、体育の時、邪魔だろ？」,"That fringe... it's in your way during P.E., right?",,
ID00211,00007ccf,60,「校庭だと…砂が目に入らない利点…あり」,"On the grounds, no sand in eyes.",,
ID00211,00007d39,30,「そっか、便利だな」,"Oh yeah, that is convenient.",,
ID00211,00007eea,63,「表情がわからないから…駆け引きにも有利」,Can't read your face; good for mind games.,,
ID00211,00007f6a,36,「体操部の練習見てると、,"Watching the gymnastics practice,",,
ID00211,00007f9d,45,　運動神経いいなぁって思うよ」,I think you're really good at sports.,,
ID00211,0000818a,33,「Ｅ動画部は…出禁…。,E-Douga Club banned.,,
ID00211,000081ba,54,　堂々と録れる先輩が…うらやましい」,Being able to record it boldly makes me jealous.,,
ID00211,000083a6,45,「忍び込めばいいじゃないか？」,Why don't you just sneak in?,,
ID00211,00008566,30,「規則は…守る主義」,I believe in following rules.,,
ID00211,000085c5,54,「炎天下の持久走って、きついよなぁ」,"It's tough running in this heat, isn't it?",,
ID00211,0000878e,24,「地獄の行軍…」,Hellish march...,,
ID00211,00008939,36,「精神は…鍛えられる…」,Mental strength gets built up too.,,
ID00211,0000899e,39,「腹筋は何回できるんだ？」,How many crunches can you do?,,
ID00211,00008b58,33,「１０回程度は…可能」,Should be possible.,,
ID00211,00008d0c,42,「ただし…やりたくはない…」,But... I don't really want to...,,
ID00211,00008d77,21,「運動って…」,Exercise is...,,
ID00211,00008f4c,30,「それなりに…やる」,Something you have to do...,,
ID00211,00008fab,60,「キックターゲットは、ちゃんと蹴った方が,"If you're a kick target, it's more fun if you",,
ID00211,00008ff6,21,　楽しいぞ？」,kick properly?,,
ID00211,0000919e,30,「フフフ…そんなに、,"Heheh... Not that many,",,
ID00211,000091cb,51,　ひるがえるスカートが…お望み？」,to fly up?,,
ID00211,0000922c,54,「違っ！　スカッとするってことだよ」,No! I meant it'd be refreshing!,,
ID00211,000093f5,42,「そういうことにしておく…」,I'll take that as the answer...,,
ID00211,0000944d,18,「ったく…」,...Man...,,
ID00211,000094d1,30,（内魔の体操服姿…）,(Miu in her PE uniform...),,
ID00211,00009718,45,「そんなに見られると…照れる」,It makes me blush.,,
ID00211,0000980d,27,「わ、悪い、つい」,"S-Sorry, I couldn't help.",,
ID00211,000099e8,24,「嫌では…ない」,I don't really mind...,,
ID00211,00009a41,45,「キャンプへ行くなら、海と山、,"If we camp, beach or mountains.",,
ID00211,00009a7d,27,　どっちがいい？」,Which is better?,,
ID00211,00009c2b,15,「樹海…」,Jungle...,,
ID00211,00009c68,51,「ハァ！？　迷ったらどうすんだ！」,Hah!? What if I hesitate?,,
ID00211,00009e2e,54,「道は…霊が教えてくれる。フフフ…」,Spirits will show you. Heheh...,,
ID00211,00009e92,45,「…地獄へ誘い込まれそうだな」,I might end up being lured into hell.,,
ID00211,00009f00,57,「神社の境内って、子供の遊び場だったり,A shrine's grounds are like a playground for kids,,
ID00211,00009f48,18,　するよな」,right?,,
ID00211,0000a11a,54,「私も…子供のころ、よく走り回った」,I used to run around a lot when I was little too.,,
ID00211,0000a33d,39,「鬼ごっこして…本物の鬼が,Real ghost appeared.,,
ID00211,0000a373,33,　追いかけてきたり…」,chase us sometimes...,,
ID00211,0000a4f0,33,「いやいや、怖ェから」,"Nah, that's too scary.",,
ID00211,0000a552,48,「短パンとブルマ、選べるとしたら,Would you choose shorts or a bikini bottom?,,
ID00211,0000a591,27,　どっちを選ぶ？」,Which one?,,
ID00211,0000a73f,18,「ブルマ…」,A bikini bottom...,,
ID00211,0000a77f,36,「おっ、そうなのか！？」,"Oh, really?",,
ID00211,0000a979,60,「上着で隠して…チラッと見えるブルマは…,Bikini bottom shows.,,
ID00211,0000a9c4,12,　至高」,the best.,,
ID00211,0000aa11,42,「スポーツのユニフォームって,A sports uniform...,,
ID00211,0000aa4a,63,　色々あるけど、着てみたいのってあるか？」,is there one you want to try on?,,
ID00211,0000ac1c,15,「剣道…」,Kendo...,,
ID00211,0000ac59,24,「色気ねーなぁ」,No sex appeal.,,
ID00211,0000ae04,30,「むしろ…完全防備」,More like...full armor up.,,
ID00211,0000ae63,45,「ミツミキャンプが終わったら、,Check out my room later.,,
ID00211,0000ae9f,36,　ジャージに衣替えだな」,Changing to tracksuit.,,
ID00211,0000b056,54,「ジャージ…好き。地味な良さがある」,Joggers...I like them. They've got a subtle charm.,,
ID00211,0000b0cd,39,「ウインタースポーツなら、,What about winter sports?,,
ID00211,0000b103,33,　なにが好きなんだ？」,What do you like?,,
ID00211,0000b2b7,27,「スノーボード…」,Snowboarding...,,
ID00211,0000b300,36,「へ～っ、そうなのか？」,"Huh, really?",,
ID00211,0000b4b7,48,「両足を拘束される感じが…いい」,Having both feet restrained feels... good,,
ID00211,0000b528,48,「もうすぐ、スポーツの秋だし…」,It's almost sports season again...,,
ID00211,0000b72e,30,「私も…つき合う…」,I'll go along...,,
ID00212,00001cde,51,「Ｅ動画部のお茶会、楽しかったな」,E-Douga Club's tea party was fun.,,
ID00212,00001ea4,48,「フフフ…また、いつでもできる。,Heheh... We can do it again anytime.,,
ID00212,00001ee3,39,　お供えなら、毎日ある…」,"If you want offerings, they're here.",,
ID00212,000020b0,60,「ブックカフェの抹茶ラテは…おいしい…」,The matcha latte at Book Cafe is... delicious...,,
ID00212,00002248,48,「お前んちの茶屋で出せそうか？」,Can you serve it at your place's teahouse?,,
ID00212,00002465,51,「まだまだ…試飲を続けなければ…」,Not yet... I still need to keep tasting it...,,
ID00212,000025f4,33,「飲みたいだけだろ？」,"You just wanna drink it, right?",,
ID00212,000027e7,27,「そうとも言う…」,That's also true.,,
ID00212,00002843,51,「よく飲む飲みものって、なんだ？」,What's your usual drink?,,
ID00212,00002a09,27,「水か、日本茶…」,"Water, Japanese tea...",,
ID00212,00002a52,45,「日本茶ならなにがいいんだ？」,"If it's Japanese tea, what do you like?",,
ID00212,00002c12,54,「好きなのは…抹茶…。香りがいい…」,I like... matcha... the smell is nice...,,
ID00212,00002c89,48,「好きなジュースって、なんだ？」,What juice do you like?,,
ID00212,00002e4c,30,「ミカンジュース…」,Mikan juice...,,
ID00212,00002fc6,36,「オレンジってことか？」,So orange?,,
ID00212,0000317d,57,「そこは…ミカンにこだわりたいとこ…」,"Actually, I'm particular about mikan...",,
ID00212,000031f7,33,「小腹が空いたときに、,"I get hungry between meals,",,
ID00212,00003227,45,　よく食べるものってなんだ？」,What do you usually eat?,,
ID00212,000033e7,54,「おせんべいは…よくできた非常食…」,Crispy rice crackers... well-made rations...,,
ID00212,0000345e,60,「おにぎりの具なら、なにが好きなんだ？」,What do you like in your onigiri fillings?,,
ID00212,0000362d,48,「塩むすびに、たくあんが…一番」,Pickled turnips go best with salted rice balls.,,
ID00212,0000368b,30,「シブい好みだなぁ」,You've got some serious taste.,,
ID00212,000036ea,39,「夏の飲みものといえば…」,When it comes to summer drinks...,,
ID00212,000038a4,36,「悪くない…チョイス…」,Not bad... choice...,,
ID00212,00003909,51,「ポテチなら、何味が好きなんだ？」,What flavor of potato chips do you like?,,
ID00212,00003acf,45,「のり塩……止まらぬおいしさ」,Seaweed salt... addictive deliciousness,,
ID00212,00003b3d,51,「パンケーキって流行ってるよなぁ」,"Pancakes are totally in, right?",,
ID00212,00003d03,42,「私は…バターとハチミツの…,I like... butter and honey...,,
ID00212,00003d3c,33,　ホットケーキが好き」,hotcakes.,,
ID00212,00003f1d,60,「カフェで食べるより…家で作る方がいい」,Better to make them at home than eat them in a cafe,,
ID00212,00003f9a,51,「サンドイッチでよく食べるのって、,The sandwiches I often eat are,,
ID00212,00003fdc,18,　なんだ？」,What's that?,,
ID00212,00004181,39,「コンビニでよく買うのは…,The ones I often buy at the...,,
ID00212,000041b7,54,　ツナとたまごのコンビ。おいしい…」,Tuna and egg combo. It's delicious...,,
ID00212,0000422e,45,「ファミレスのドリンクバーで、,"From the drink bar at family restaurants,",,
ID00212,0000426a,39,　よく飲むのってなんだ？」,What do you usually drink?,,
ID00212,00004424,24,「温かいお茶…」,Hot tea...,,
ID00212,0000446a,42,「ソーダとか飲まないのか？」,Don't you ever drink soda or anything?,,
ID00212,00004627,57,「かえってのどが渇く…。お茶がベスト」,It just makes me thirstier... Tea is best.,,
ID00212,000046a1,42,「暑いからって、冷たいものを,"'Cause it's hot, so cold stuff",,
ID00212,000046da,36,　飲み過ぎないように…」,Don't overdo it...,,
ID00212,00004891,36,「先輩も…気をつけて…」,Senpai... be careful too...,,
ID00212,000048f6,57,「１０００円のペットボトルのお茶って、,A thousand yen for a bottle of tea...,,
ID00212,0000493e,18,　あるよな」,Yeah.,,
ID00212,00004ae3,57,「あれは…ペットボトルじゃなくて、瓶」,"That's... not a plastic bottle, but a glass bottle.",,
ID00212,00004b4a,57,「へ～っ、そうなのか。飲んでみたか？」,"Wow, really? You tried it?",,
ID00212,00004d70,30,「無理…買えない…。,Can't... I can't afford it...,,
ID00212,00004d9d,54,　１０００円出すなら、自分で淹れる」,"If I'm gonna spend a thousand yen, I'll make my own.",,
ID00212,00004e01,24,「そうだよな…」,"Yeah, you're right...",,
ID00212,00004e5a,51,「お酒って、飲める方だと思うか？」,Do you think you can drink alcohol?,,
ID00212,00005063,30,「おそらく…飲める。,Probably... I can.,,
ID00212,00005090,39,　うちの家系は…代々酒豪」,Our family... has always been drinkers.,,
ID00212,000050e5,33,「へ～っ、そうなのか」,"Wow, I didn't know that.",,
ID00212,00005299,54,「神社ゆえに…日本酒は、常にある…」,Since it's a shrine... sake's always here.,,
ID00212,00005310,36,「茶道部に入りたいって、,I want to join the tea club...,,
ID00212,00005343,39,　思ったことはないのか？」,You've never even considered it?,,
ID00212,000054fd,48,「一通りの作法は知ってる…無用」,I know all the basic procedures... unnecessary.,,
ID00212,0000556e,48,「コンビニのホットスナックなら、,What about convenience store hot snacks?,,
ID00212,000055ad,27,　なにが好きだ？」,What do you like?,,
ID00212,0000575b,54,「冬の寒い日に食べる肉まんは…至高」,Steamed buns on a cold winter day... are the best.,,
ID00212,000057bf,30,「ああ、うまいよな」,"Ah, they're so good.",,
ID00212,00005970,45,「立ち上る湯気が…たまらない」,The steam rising up... is irresistible.,,
ID00212,000059de,42,「この間、飲んだんだけど…」,The other day I had one...,,
ID00212,00005b9b,30,「それは…私好み…」,That's right up my alley.,,
ID00213,00001b6c,45,「学校帰りに食ったアイスバー、,"The ice pop I had after school today,",,
ID00213,00001ba8,27,　うまかったなぁ」,was really tasty.,,
ID00213,00001d56,36,「どんな…アイスバー？」,An ice pop? What kind of...?,,
ID00213,00001da8,63,「今度教えてやるよ。体もすっげぇ冷えるぞ」,I'll tell you next time. It's seriously cold though.,,
ID00213,00001fbd,15,「ぜひ…」,I'd love to...,,
ID00213,0000200d,39,「甘いものって、好きか？」,Do you like sweets?,,
ID00213,0000220a,39,「もちろん…好き。なぜ？」,"Well, yeah... Why do you ask?",,
ID00213,0000225f,51,「もしかしたら、苦手かと思ってな」,I was wondering if maybe you didn't.,,
ID00213,00002425,39,「甘いものには…目がない。,I'm a sucker for sweets.,,
ID00213,0000245b,36,　いつも隠れてるけど…」,Even though I hide it...,,
ID00213,000025e8,18,「はははは」,Hahaha,,
ID00213,0000263b,42,「好きなケーキってなんだ？」,What's your favorite cake?,,
ID00213,000027f8,30,「パウンドケーキ…」,Pound cake...,,
ID00213,000029ec,30,「日持ちして…いい」,It lasts well...,,
ID00213,00002a4b,54,「コンビニでよく買うスイーツって？」,Sweets you often buy at the convenience store?,,
ID00213,00002c14,63,「バウムクーヘン…。ドーナツも捨てがたい」,Bauernkuchen... Doughnuts are tempting too,,
ID00213,00002c94,54,「ドーナツで好きなのって、なんだ？」,What kind of doughnut do you like?,,
ID00213,00002e5d,60,「チョコに…ココナッツがまぶしてあるの」,With chocolate... and coconut sprinkled on top,,
ID00213,0000302c,60,「白と黒のコントラストと、香りが…いい」,The contrast and smell are great.,,
ID00213,000030a9,42,「コンビニのスイーツって…」,Convenience store sweets are...,,
ID00213,000032a9,24,「手軽で…いい」,It's simple... and good.,,
ID00213,00003302,51,「アイスなら、何味が好きなんだ？」,What flavor of ice cream do you like?,,
ID00213,000034c8,15,「抹茶…」,Matcha...,,
ID00213,0000366a,36,「抹茶とミルクは…合う」,Matcha and milk go well together,,
ID00213,000036cf,33,「和菓子と洋菓子なら、,"If it's sweets,",,
ID00213,000036ff,36,　どっちが好きなんだ？」,which one do you like better?,,
ID00213,000038b6,30,「もちろん…和菓子。,"Of course, traditional sweets.",,
ID00213,000038e3,45,　洋菓子は…たまに食べる程度」,Western ones are... just an occasional treat,,
ID00213,00003951,45,「和菓子で一番好きなのって？」,What's your favorite type of wagashi?,,
ID00213,00003b11,51,「ようかん…。味よし…日持ちよし」,Yokan... tasty and lasts a long time,,
ID00213,00003b85,57,「コンビニの和菓子でよく買うのって？」,Which convenience store wagashi do you buy often?,,
ID00213,00003d51,60,「わらび餅。手軽に食べられて…うれしい」,Warabimochi. It's easy to eat and makes me happy,,
ID00213,00003dce,39,「夏のスイーツといえば…」,When it comes to summer sweets...,,
ID00213,00003f88,42,「冷たい甘味は…一服の涼…」,Cold desserts are like a refreshing break,,
ID00213,00003ff3,54,「菓子パンで好きなのって、なんだ？」,What's your favorite sweet bread?,,
ID00213,000041bc,21,「あんパン…」,Anpan...,,
ID00213,00004364,54,「粒あんとこしあんなら…こしあん派」,I prefer sticky rice paste.,,
ID00213,000043db,36,「ケーキバイキングって、,Cake buffet...,,
ID00213,0000440e,33,　行ったことあるか？」,Ever tried one?,,
ID00213,0000461c,54,「ない…。ケーキは１つ食べれば十分」,No... one piece of cake is enough for me.,,
ID00213,000047ae,60,「和菓子バイキングがあったら、どうだ？」,How about a Japanese confectionery buffet?,,
ID00213,0000497d,63,「おいしい抹茶があれば…３つは食べられる」,"If there's good matcha, I could eat three pieces.",,
ID00213,000049fd,60,「小倉トーストって、食ったことあるか？」,Ever had a red bean toast?,,
ID00213,00004c26,51,「朝から…あんとバターは…重い…」,Since morning... anko and butter is... heavy...,,
ID00213,00004dec,51,「一度食べてみたいとは…思ってる」,I've been wanting to try it once...,,
ID00213,00004e60,42,「女子に人気の、駅前モールの,Popular with girls...,,
ID00213,00004e99,54,　ジェラートの店って、よく行くか？」,You go to gelato shops often?,,
ID00213,00005062,54,「あそこの…抹茶ジェラートは…絶品」,The matcha gelato there... is amazing.,,
ID00213,0000522b,48,「境内の茶屋で…取り入れねば！」,Let's get it at the shrine tea house!,,
ID00213,0000529c,27,「スイーツって…」,Sweets are...,,
ID00213,0000544a,39,「甘いものは…心が和む…」,Sweet things... calm the soul...,,
ID00214,00002cfa,48,「朝ご飯、ちゃんと食べてるか？」,Are you eating breakfast properly?,,
ID00214,00002f00,48,「食べてる…。ご飯と、お味噌汁」,I am... Rice and miso soup.,,
ID00214,000030c3,60,「和食か。宿舎の朝食は、焼き立てのパンが,Japanese food? Bread.,,
ID00214,0000310e,24,　好評だけどな」,"It's popular, you know.",,
ID00214,000032b9,33,「朝は…ご飯がいい…」,I like... rice in the morning...,,
ID00214,0000331b,54,「和食と洋食、どっちが好きなんだ？」,Do you prefer Japanese or Western food?,,
ID00214,000034e4,21,「断然…和食」,I definitely do.,,
ID00214,0000353a,42,「和食で一番好きなのって？」,What's your favorite Japanese dish?,,
ID00214,000036f7,21,「豆腐料理…」,Tofu dishes...,,
ID00214,0000373a,42,「へ～っ、豆腐が好きなのか」,"Oh~, you like tofu?",,
ID00214,000038f7,63,「煮てよし…揚げてよし…そのままでよし…、,"...boiled, fried, or raw.",,
ID00214,00003945,15,　万能…」,Versatile...,,
ID00214,00003995,48,「豆腐料理で一番好きなのって？」,What's your favorite tofu dish?,,
ID00214,00003b58,18,「冷や奴…」,Cold tofu...,,
ID00214,00003b98,27,「シンプルだな…」,"Simple, huh...",,
ID00214,00003d46,42,「角がピンと立ったお豆腐に…,Sharp corners on the tofu...,,
ID00214,00003d7f,63,　薬味を少し乗せ…しょう油をサッとかけて…,Add some condiments... soy sauce...,,
ID00214,00003dcd,18,　いただく」,I'll dig in.,,
ID00214,00003f72,21,「おいしい…」,It's delicious...,,
ID00214,00003fc8,54,「冷や奴なら、寄せ豆腐もうまいよな」,Cold mixed tofu's good too.,,
ID00214,00004191,18,「味は…ね」,The taste... well,,
ID00214,000041d1,45,「味が良ければいいじゃないか」,"If it tastes good, isn't that enough?",,
ID00214,000043be,51,「四角いお豆腐の上に乗った薬味…。,The toppings on top of the square tofu...,,
ID00214,00004400,42,　それこそ、完成された美…」,That's true beauty.,,
ID00214,0000446b,33,「麻婆豆腐は好きか？」,Do you like mapo tofu?,,
ID00214,00004662,21,「もちろん…」,Of course...,,
ID00214,0000480a,57,「腕のいいお店は…豆腐の形を崩さずに、,A good restaurant can stir-fry the toppings,,
ID00214,00004852,27,　上手に炒める…」,Don't break it up...,,
ID00214,00004a00,18,「職人芸…」,It's a craft...,,
ID00214,00004a53,63,「食堂のメニューで好きなのって、なんだ？」,What's your favorite from the cafeteria menu?,,
ID00214,00004c25,18,「うどん…」,Udon...,,
ID00214,00004d93,60,「そうなのか？　ラーメンの方が人気だぞ」,Really? Ramen's more popular.,,
ID00214,00004f62,36,「あっさりしてて…いい」,It's light... I like it.,,
ID00214,00004fc7,57,「うどんのトッピングで好きなのって？」,What toppings do you like on your udon?,,
ID00214,00005193,18,「お揚げ…」,Aburaage...,,
ID00214,000051d3,36,「ああ、きつねうどんか。,"Ah, so it's kitsune udon.",,
ID00214,00005206,39,　出汁を吸ってうまいよな」,The broth tastes great.,,
ID00214,000053c0,39,「きつねうどんのきつねは…,The 'kitsune' in kitsune udon...,,
ID00214,000053f6,60,　神社のお供えの油揚げが由来…フフフ…」,It comes from shrine offerings...,,
ID00214,00005473,51,「苦手な食べものって、ないのか？」,You don't have any foods you hate?,,
ID00214,00005639,33,「クドい料理が…苦手。,I can't stand fatty dishes.,,
ID00214,00005669,45,　あっさりした味付けが…好み」,Lightly seasoned food... is my thing.,,
ID00214,000056d7,39,「いつも食べる料理って…」,Always the same dishes...,,
ID00214,000058d4,45,「そう…おいしすぎるのも…罪」,Too good... is a sin too...,,
ID00214,00005942,45,「せっかくの家庭科なんだから、,"It's home ec after all, so",,
ID00214,0000597e,54,　ご飯だけじゃなく、おかずも作れよ」,"Don't just make rice, do some side dishes too!",,
ID00214,00005b47,45,「おかずは…他の子にお任せ…」,The side dishes... I'll leave to others...,,
ID00214,00005d07,48,「私は…丹精に米をとぎ……炊く」,I... carefully rinse and cook the rice...,,
ID00214,00005d65,57,「まぁ、うまかったけどな、あのご飯は」,"Well, that rice was pretty good.",,
ID00214,00005ddf,39,「夏の定番料理といえば？」,What's a summer classic?,,
ID00214,00005f99,27,「冷やし…うどん」,Cold...udon,,
ID00214,00006110,33,「そうめんじゃなく？」,How about somen instead?,,
ID00214,000062c4,45,「そうめんより…うどんの方が、,"Somen aside...udon's better,",,
ID00214,00006300,36,　のど越しを楽しめる…」,You can enjoy the texture...,,
ID00214,00006365,45,「得意料理ってなにかあるか？」,Do you have any specialties?,,
ID00214,00006525,21,「塩にぎり…」,Salted sushi...,,
ID00214,00006696,18,「そうか…」,Oh...,,
ID00214,0000683b,60,「炊きたてのご飯を握るのは…熱くて大変」,Making sushi with hot rice...,,
ID00214,000068b8,51,「寿司のネタで一番好きなのって？」,What's your favorite sushi topping?,,
ID00214,00006a7e,21,「カッパ巻き」,Kappa maki,,
ID00214,00006ac1,18,「渋いな…」,That's cool...,,
ID00214,00006c66,51,「ワサビとキュウリは…相性抜群…」,Wasabi and cucumber... go great together...,,
ID00214,00006cda,36,「納豆って、食えるか？」,Can you eat natto?,,
ID00214,00006ed4,45,「もちろん…かき混ぜるための、,Of course... I've got special chopsticks for,,
ID00214,00006f10,36,　専用のお箸も持ってる」,mixing it up.,,
ID00214,00006f62,36,「そんなのがあるのか？」,Is there such a thing?,,
ID00214,00007119,39,「先が太くて…混ぜやすい」,Thick at the end... easier to mix.,,
ID00214,000072d3,27,「ひと味…違う！」,That's a whole new level!,,
ID00214,0000732f,60,「夏バテにはネバネバが効くっていうよな」,Sticky foods help in summer...,,
ID00214,000074fe,60,「特に山芋は…山のうなぎと呼ばれるほど、,Yamaimo’s super sticky...,,
ID00214,00007549,30,　滋養強壮にいい…」,So nourishing...,,
ID00214,00007595,57,「へ～っ、そうなのか。効きそうだなぁ」,"Hmm~, really? It seems effective.",,
ID00214,0000760f,54,「外食で好きなのって、どんな店だ？」,What kind of restaurant do you like eating out at?,,
ID00214,000077d8,24,「ファミレス…」,Famiresu...,,
ID00214,0000781e,24,「そうなのか？」,Is that so?,,
ID00214,000078de,39,「だいたい…和定食がある」,Basically... there's a set menu.,,
ID00214,00007946,51,「学校帰りに食う、ハンバーガーって,You know how burgers are good after school...,,
ID00214,00007988,30,　うまいんだよなぁ」,"They're really tasty, right?",,
ID00214,00007b7c,30,「気持ちは…わかる」,I get what you mean.,,
ID00214,00007bc8,54,「ハンバーガーなら、なにが好きだ？」,What kind of burger do you like?,,
ID00214,00007d91,30,「テリヤキバーガー。,Teriyaki burger.,,
ID00214,00007dbe,51,　照り焼きは…日本の誇る料理技法」,Teriyaki's a proud dish.,,
ID00214,00007e32,45,「グルメ番組って、見る方か？」,You're watching a gourmet show?,,
ID00214,00008035,48,「ひなびた温泉宿の…料理なら…」,The food's usually great.,,
ID00214,000080ca,33,「また、渋い番組を…」,Another boring show...,,
ID00214,0000827e,60,「温泉と…おいしい料理のセットは…鉄板」,Hot springs with yummy food.,,
ID00214,000082fb,42,「好きなパスタってあるか？」,Do you have any pasta that you like?,,
ID00214,000084b8,24,「和風パスタ…」,Japanese-style pasta...,,
ID00214,00008535,54,「きのこのしょう油風味のパスタとか…,Like pasta with a soy sauce flavor from mushrooms...,,
ID00214,0000857a,18,　おいしい」,It tastes good.,,
ID00214,000085cd,42,「この間、食べたんだけど…」,I had it the other day...,,
ID00214,000087cd,54,「それは…なかなか、食欲をそそる…」,That's... pretty damn appetizing...,,
ID00214,00008844,42,「焼肉で一番好きなのって？」,What's your favorite thing about BBQ?,,
ID00214,00008a2e,21,「ライス…小」,Rice... small,,
ID00214,00008b02,27,「な、なるほど…」,N-Nice...,,
ID00214,00008cb0,33,「焼肉は…ご飯が進む」,BBQ makes me want more rice.,,
ID00214,00008d12,42,「中華料理で好きなのって？」,What do you like best about Chinese food?,,
ID00214,00008ecf,24,「チャーハン…」,Fried rice...,,
ID00214,0000907a,54,「ご飯を炒めるという…優れた発想…」,Cooking rice by frying... It's a brilliant idea...,,
ID00214,000090f1,45,「外食する時、ネットの評価って,"When I eat out, do you care about",,
ID00214,0000912d,24,　気になるか？」,online reviews?,,
ID00214,00009332,45,「気にしない…。お店に行けば…,I won't mind... If we go to a restaurant...,,
ID00214,0000936e,42,　流行り具合で想像がつく…」,I can imagine how popular it is...,,
ID00214,000093d9,33,「デリバリーのピザで、,"With delivery pizza,",,
ID00214,00009409,39,　好きなトッピングって？」,What's your favorite topping?,,
ID00214,000095c3,30,「テリヤキチキン…」,Teriyaki chicken...,,
ID00214,000097a1,57,「そろそろ…ライスピザが発売されても…,Soon... they might start selling rice pizza too...,,
ID00214,000097e9,18,　いいころ」,That's just right.,,
ID00214,0000983c,48,「好きなＢ級グルメってあるか？」,Do you have any favorite B-grade gourmet foods?,,
ID00214,000099ff,42,「フードコートのラーメンは…,The ramen at the food court is...,,
ID00214,00009a38,57,　安くて…ほどほどにおいしくて…好き」,"It's cheap, tasty.",,
ID00214,00009ab2,45,「女子って、卵料理好きだよな」,"She likes egg dishes, doesn't she?",,
ID00214,00009c72,33,「ふわふわの卵焼きが…,Soft scrambled eggs...,,
ID00214,00009ca2,39,　焼けるようになりたい…」,I want to be able to make them...,,
ID00214,00009e5c,18,「難しい…」,That's hard...,,
ID00214,00009eaf,57,「インスタントラーメンって、食うか？」,You want to eat instant ramen?,,
ID00214,00009f90,18,「たまに…」,Sometimes...,,
ID00214,0000a135,30,「安い…袋麺が好み」,I like cheap bag noodles,,
ID00214,0000a194,33,「今までで食べた中で、,"Of all the places I've eaten at,",,
ID00214,0000a1c4,48,　一番高い店ってどんなとこだ？」,what's the fanciest restaurant like?,,
ID00214,0000a387,57,「小さいころ…京都の懐石料理のお店に…,When I was little...,,
ID00214,0000a3cf,27,　連れて行かれた」,They took me there.,,
ID00214,0000a418,39,「おおっ、うまかったか？」,"Wow, it was good?",,
ID00214,0000a5d2,36,「すごく…味が薄かった。,It... had a very light taste.,,
ID00214,0000a605,51,　今食べれば…おいしく感じるかも」,If I ate it now... maybe I'd think it's tasty.,,
ID00214,0000a679,48,「お前にとって、秋の味覚って？」,What about you? What’s your autumn treat?,,
ID00214,0000a83c,57,「境内の落ち葉を集めて焼く…焼きいも」,Sweet potatoes roasted from leaves.,,
ID00214,0000a8a3,45,「いいなぁ、神社ならではだな」,"That sounds nice, it's unique to shrines.",,
ID00214,0000aaa6,33,「近所の子供も…喜ぶ」,The neighborhood kids'd love it.,,
ID00214,0000ab08,36,「うまい食べものって…」,Food that tastes good...,,
ID00214,0000ad02,30,「旬のものが…一番」,What's in season... is best.,,
ID00215,00001998,36,「内魔って、色白だよな」,"You're pretty pale, aren't you?",,
ID00215,00001b4f,45,「フフフ…日に焼けにくい体質」,Heheh... I don't tan easily.,,
ID00215,00001baa,39,「へ～っ、肌が強いんだな」,"Wow, your skin's tough.",,
ID00215,00001d64,39,「日差しが…私を避ける…」,The sunlight... it avoids me...,,
ID00215,00001dcc,42,「Ｅ動画分のいいところって、,The good thing about E videos is that...,,
ID00215,00001e05,36,　どんなとこだと思う？」,Where do you think that is?,,
ID00215,00001fbc,51,「エロースを求めて…団結する時は…,when we come together to seek...,,
ID00215,00001ffe,15,　すごい」,It's awesome.,,
ID00215,0000203b,24,「そ、そうか…」,R-Right...,,
ID00215,00002094,39,「内魔って、意外ときちっと,Inama's surprisingly neat...,,
ID00215,000020ca,45,　学園生活を送ってそうだよな」,She seems to be living a normal school life.,,
ID00215,0000228a,27,「意外とは…余計」,That's unexpected...,,
ID00215,00002438,36,「模範的生徒…フフフ…」,...model student... Hehehe...,,
ID00215,0000249d,57,「内魔って、物静かなところがいいよな」,"Inama's quiet demeanor is nice, huh?",,
ID00215,00002669,42,「ものは言いよう…フフフ…」,It depends on how you say it... Hehehe...,,
ID00215,000026c1,45,「ほ、本当にそう思ってるって」,R-really thinkin' that way?,,
ID00215,0000272f,33,「内魔って、意外と…」,Inama's surprisingly...,,
ID00215,000028e3,54,「フフフ……私のこと…よく見てる…」,Heh heh... You're lookin' at me close...,,
ID00215,0000295a,45,「内魔って、いつも冷静だよな」,"Inama's always so calm, huh?",,
ID00215,00002b1a,45,「喜怒哀楽は…判断を鈍らせる」,Emotions can cloud your judgment...,,
ID00215,00002b88,39,「その髪型、変わってるけど,That hairdo is kinda weird...,,
ID00215,00002bbe,33,　お前に似合ってるよ」,but it suits you.,,
ID00215,00002d84,12,「え…」,Huh...?,,
ID00215,00002f50,21,「うれしい…」,This is great...,,
ID00215,00002fa6,54,「内魔って…意外とスタイルいいよな」,Inama's got a pretty good body...,,
ID00215,0000316f,33,「着やせするタイプ…。,You make clothes look good.,,
ID00215,0000319f,42,　目と同じように…隠してる」,Just like her eyes... she hides it.,,
ID00215,000031f7,18,「はははは」,Hahaha,,
ID00215,0000324a,45,「自分のチャームポイントって、,My charm point is...,,
ID00215,00003286,27,　どこだと思う？」,What do you think it is?,,
ID00215,00003434,12,「目…」,Her eyes...,,
ID00215,0000359c,33,「見えねーじゃねぇか」,"I can't see them, dumbass.",,
ID00215,0000377d,24,「あえて…隠す」,You're hiding them.,,
ID00215,000037d6,39,「内魔のいいところって…」,Inama's good points are...,,
ID00215,000039ea,36,「それは……ほめすぎ…」,That's... too much praise.,,
ID00215,00003a4f,51,「口数少ないけど、内魔と話してると,"She doesn't talk much, but",,
ID00215,00003a91,18,　面白いよ」,It's fun.,,
ID00215,00003c36,12,「え…」,Huh...?,,
ID00215,00003e14,27,「私も…楽しい…」,I... enjoy it too...,,
ID00215,00003e70,54,「前髪を上げたお前…かわいかったぞ」,With your bangs up like that... you looked cute.,,
ID00215,0000404b,21,「そ、そう…」,Y-Yeah...,,
ID00215,0000408e,36,「また、見せてくれよな」,Show me again sometime.,,
ID00215,00004288,21,「そのうち…」,Eventually...,,
ID00215,000042de,48,「内魔って、意外と愛嬌あるよな」,"Inama's surprisingly charming, isn't she?",,
ID00215,000044b3,12,「え…」,Huh...?,,
ID00215,0000467f,30,「そんなこと…ない」,That's not true...,,
ID00215,00004853,30,「いや、思ったより、,"nah, she's got more",,
ID00215,00004880,42,　喜怒哀楽があるというか…」,emotion than I thought...,,
ID00215,00004a3d,51,「そんなこと言うのは…先輩ぐらい」,Only someone like you would say that.,,
ID00215,00004ab1,30,「内魔の魅力って…」,Inama's appeal is...,,
ID00215,00004c62,39,「お世辞でも…うれしい…」,Even if it's flattery...,,
ID00216,00001d5e,51,「うちの学校って、スカート短い子が,"Our school has a lot of girls with short skirts,",,
ID00216,00001da0,51,　多いけど、お前もかなり短いよな」,but yours is pretty damn short too.,,
ID00216,00001f66,39,「目は隠すけど…脚は出す。,You hide your eyes... but show off your,,
ID00216,00001f9c,21,　フフフフ…」,Heheheh...,,
ID00216,00001ff2,54,「うちの部の連中って、女子にＥ動画を,The guys in our club make E-videos of the girls.,,
ID00216,00002037,54,　強引に迫ったりしてないだろうなぁ」,"Don't force yourself on them or anything, right?",,
ID00216,00002200,60,「無茶なことは…絶対にしない。それに…」,I'd never do something reckless... and besides...,,
ID00216,000023cf,57,「なにかあっても…堂下部長が取りなす」,Douge'll cover.,,
ID00216,0000259b,33,「イケメン…恐るべし」,Scary how hot he is,,
ID00216,000025fd,51,「高１だと、女子同士、エッチな話で,Freshmen can.,,
ID00216,0000263f,54,　盛り上がったりするんじゃないか？」,"get all riled up about it, right?",,
ID00216,00002808,54,「私がそばに行くと…話題が変わる…」,When I go over there... the topic changes...,,
ID00216,00002899,15,「残念…」,Sorry...,,
ID00216,000028d6,18,「はははは」,Hahaha,,
ID00216,00002929,33,「昔、女子の体操服は、,"Back in the day, girl's gym",,
ID00216,00002959,48,　ブルマしかなかったんだよな…」,"bikini briefs, right...?",,
ID00216,00002b1c,30,「恐るべき…時代…」,Scary era...,,
ID00216,00002c96,54,「うちの学園に、ブルマが導入されたら,"If our school adopted bikini briefs,",,
ID00216,00002cdb,21,　どうする？」,What do we do then?,,
ID00216,00002e83,48,「みんなで履くなら…怖くない…」,If everyone wears them... I'm not scared...,,
ID00216,00002ef4,39,「たまにはエッチな話も…」,"Sometimes, a little naughty talk too...",,
ID00216,000030ae,48,「フフフ…多少の刺激は…必要…」,Heheh... A bit of excitement is... necessary...,,
ID00216,0000311f,57,「うちの制服って、胸元が開いてるよな」,"Our school uniforms have the chest area open, right?",,
ID00216,000032eb,54,「さりげないエロースは…激録の元…」,Subtle eroticism stems from intense recordings...,,
ID00216,000034b4,30,「素晴らしい制服…」,What an amazing uniform...,,
ID00216,00003513,63,「いくつまでお父さんとお風呂に入ってた？」,How old were you when you last bathed with Dad?,,
ID00216,0000373f,33,「入った記憶が…ない」,I don't remember it.,,
ID00216,0000378e,39,「そうなのか？　珍しいな」,That's weird... I didn't expect that.,,
ID00216,00003948,63,「１人でなんでも出来るように…育てられた」,I was raised to be self-sufficient...,,
ID00216,000039c8,42,「ネットを見てると、意図せず,"When I'm on the internet, unintentionally",,
ID00216,00003a01,54,　エッチなサイトへ行っちゃうことって,"I end up going to porn sites, you know?",,
ID00216,00003a46,18,　あるよな」,Yeah.,,
ID00216,00003beb,42,「私は……意図して…行く！」,I will go there... on purpose!,,
ID00216,00003c43,63,「１８禁のとこには行かないようにしろよ～」,"Don't go anywhere NSFW, okay?",,
ID00216,00003cc3,48,「風呂で最初に洗うのはどこだ？」,Where do you wash first in the shower?,,
ID00216,00003e86,60,「髪の毛…。前髪のお手入れは…念入りに」,Your hair... especially your bangs.,,
ID00216,00003f03,27,「男って、所詮…」,Boys are just...,,
ID00216,000040f4,51,「そう…古来より、そういうもの…」,That's how it's always been...,,
ID00216,00004168,60,「お前は…淫夢って、見たことあるのか？」,Have you ever had a dirty dream?,,
ID00216,00004391,33,「ハードなのは…ない」,Nothing too hardcore,,
ID00216,000043e0,24,「ハードって…」,Hardcore...,,
ID00216,0000459d,51,「フフフ…優しくされるのが…好き」,Heh heh... I like it when someone's gentle with me,,
ID00216,00004611,48,「自分のことを、エッチだなぁって,You think I'm a dirty girl...,,
ID00216,00004650,30,　思うことあるか？」,Like that?,,
ID00216,00004844,60,「肉体的より…精神的な繋がりを…求める」,More like... I want a spiritual bond...,,
ID00216,000048c1,54,「巫女って…パンツ履いてないのか？」,"Wait, you don't wear panties as a miko?",,
ID00216,00004acd,45,「昔は…そう。巫女に限らず…、,Back then... yeah. Not just for mikos...,,
ID00216,00004b09,36,　和服に下着はなかった」,Not just miko...,,
ID00216,00004b5b,18,「今は…？」,What about now?,,
ID00216,00004d00,18,「履いて…」,I do...,,
ID00216,00004d40,21,「履いて…？」,You do?,,
ID00216,00004ee8,27,「ないわけがない」,No way.,,
ID00216,00004f31,18,「…だよな」,...Right?,,
ID00216,00004f84,21,「自分で思う、,"I think to myself,",,
ID00216,00004fa8,48,　セクシーポイントってどこだ？」,"where, exactly?",,
ID00216,0000516b,39,「たまに前髪から覗く…目」,Eyes peeking from her fringe sometimes.,,
ID00216,00005325,45,「パンチラ…ならぬ、アイチラ。,"Instead of a panty shot, an eye shot.",,
ID00216,00005361,21,　フフフフ…」,Heheheh...,,
ID00216,000053b7,39,「内魔って、好きな人なら、,"When it comes to someone you like,",,
ID00216,000053ed,30,　どこまで許せる？」,how far would you go?,,
ID00216,0000559e,18,「すべて…」,everything.,,
ID00216,000055de,21,「すべて！？」,Everything!?,,
ID00216,00005786,51,「許し…許される時が…いつか来る」,There will be a time when I can forgive... someday.,,
ID00216,000057e7,30,「…そりゃそうだな」,...That's right.,,
ID00216,00005846,45,「春画って、見たことあるか？」,Ever seen any shunga?,,
ID00216,00005a06,54,「境内の倉に…保管されてるのがある」,There's some stored in the temple warehouse...,,
ID00216,00005a6a,24,「そうなのか？」,Is that so?,,
ID00216,00005c15,48,「江戸時代に…ご先祖様が買って、,Your ancestors bought them in Edo...,,
ID00216,00005c54,63,　大事に取っておいたと思うと…微笑ましい」,I think they kept them safe...,,
ID00216,00005cc1,63,（死ぬ前にちゃんと捨てとけよ、ご先祖様…）,"Throw them away before you die, ancestor...",,
ID00216,00005d41,42,「俺も男だから、いろいろ…」,"I'm a guy too, so there's stuff...",,
ID00216,00005f41,42,「元気があるのは…いいこと」,Having energy is... good.,,
ID00217,00002f5c,54,「よく恋人の鐘を１人で鳴らすのか？」,Why do you ring the Lover's Bell by yourself?,,
ID00217,00003168,54,「夏は…多い。怨念が溜まりやすい…」,Summer's full of grudges...,,
ID00217,00003331,51,「１つの恋の裏で泣く…多くの魂…」,So many souls crying behind one love...,,
ID00217,00003524,41,「@str_000先輩も…気をつけて」,"@str_000, be careful too",,
ID00217,00003703,39,「俺はそんなにモテねーよ」,I'm not that popular.,,
ID00217,000038bd,21,「フフフフ…」,Hehehe...,,
ID00217,00003913,57,「内魔って、男の容姿を気にする方か？」,Are you the type who cares about guys' looks?,,
ID00217,00003b39,24,「気にしない…」,I don't care...,,
ID00217,00003ce4,33,「妖気な人であれば…」,As long as they're sexy...,,
ID00217,00003d33,42,「字が違うんじゃないのか～」,Isn't it a different kanji~?,,
ID00217,00003d9e,42,「恋占いって、信じる方か？」,Do you believe in love fortune-telling?,,
ID00217,00003f5b,30,「恋の…祈祷なら…」,If it's a love... prayer...,,
ID00217,00003fa7,54,「あぁ？　なんだよ？　恋の祈祷って」,Ah? What's up with love prayers?,,
ID00217,00004170,45,「フフフ……恋と呪いは…近い」,Hehe... Love and curses are close.,,
ID00217,000041de,42,「堂下部長ってイケメンだし、,Doukanbu is pretty hot...,,
ID00217,00004217,36,　憧れたりしないのか？」,Don't you ever envy them?,,
ID00217,00004428,27,「まったく…ない」,Absolutely not.,,
ID00217,000045d6,42,「もっと…普通の人が…いい」,I'd rather be... more normal...,,
ID00217,0000462e,51,「普通って、お前に言われてもなぁ」,"Normal? Coming from you, I don't know...",,
ID00217,000047f4,24,「フフフフフ…」,Hehehehe...,,
ID00217,0000484d,24,「一目惚れって、,"Love at first sight,",,
ID00217,00004874,45,　どういう感じなんだろうな？」,What's it really like?,,
ID00217,00004a34,60,「いい意味で…呪いにかかったようなもの」,In a good way...it's like being cursed.,,
ID00217,00004a9e,51,「あぁ？　いい意味ってなんだ！？」,Good way?! What does that mean!?,,
ID00217,00004c64,36,「害は…ない…フフフ…」,No harm...heh heh heh...,,
ID00217,00004cc9,60,「恋に色があるとしたら、何色だと思う？」,"What color do you think love is, if it has a color?",,
ID00217,00004e98,30,「闇より深い…黒…」,Deeper than dark...,,
ID00217,00004ee4,21,「お前なぁ…」,You know...,,
ID00217,0000508c,51,「恋は…帰れぬ井戸の底…フフフ…」,Love's a bottomless well...,,
ID00217,00005265,54,「こうして…男の人と２人で話すこと…,Talking like this with just a guy...,,
ID00217,000052aa,24,　あまりない…」,Not often...,,
ID00217,000052f0,24,「そ、そうか…」,R-Right...,,
ID00217,000054c8,24,「悪く…ない…」,Not bad...,,
ID00217,00005521,54,「駅前モールで、女に声かけるヤツって,Guys hitting on girls at the mall...,,
ID00217,00005566,24,　結構いるよな」,don't you?,,
ID00217,00005711,36,「鋭い眼光で…追い返す」,With sharp eyes... I chase them off.,,
ID00217,00005763,27,「見えねーだろ？」,Can't you see that?,,
ID00217,00005911,24,「余計…怖がる」,You're scaring me more.,,
ID00217,00005957,27,「…それもそうか」,...You're right.,,
ID00217,000059b3,42,「夏って、恋の季節だよなぁ」,"Summer's the season for love, right?",,
ID00217,00005b70,42,「そして…秋は失恋の季節…」,And autumn is the season of heartbreak...,,
ID00217,00005bc8,36,「身も蓋もないことを…」,Saying such blunt things...,,
ID00217,00005d7f,33,「現実を…言ったまで」,Just stating reality...,,
ID00217,00005de1,54,「恋愛小説とか漫画って、読む方か？」,Do you read romance novels or manga?,,
ID00217,00005fed,15,「読む…」,...,,
ID00217,00006061,48,「へ～っ、どんなのを読むんだ？」,"Heh, what kind do you read?",,
ID00217,00006224,60,「愛憎入り交じって…ドロドロしたのを…」,Mushy with love and hate...,,
ID00217,0000628e,24,「そ、そうか…」,R-Right...,,
ID00217,000062e7,30,「恋って、たぶん…」,Love is probably...,,
ID00217,00006498,45,「それは…鋭い洞察…フフフ…」,That's a sharp insight... Hehehe...,,
ID00217,0000666b,59,「@str_000先輩の本命は私…覚えておいて…」,Remember me...,,
ID00217,000066d4,45,「一体どこまでマジなんだよ？」,How serious are you getting here?,,
ID00217,00006894,18,「すべて…」,everything.,,
ID00217,000068e7,57,「恋をしたいって…思ったことあるか？」,Ever wanted to fall in love?,,
ID00217,00006ab3,39,「それは…過ぎたる願い…」,That's an impossible wish...,,
ID00217,00006b08,21,「どうして？」,Why?,,
ID00217,00006cb0,24,「どうしても…」,No matter what...,,
ID00217,00006d09,54,「年上と年下、どっちが好みなんだ？」,Do you prefer older or younger guys?,,
ID00217,00006ed2,15,「年上…」,Older...,,
ID00217,00006f0f,24,「そうなのか？」,Is that so?,,
ID00217,000070e7,27,「私を…グイグイ…,Take me... rough...,,
ID00217,00007111,45,　引っ張ってくれる人が…いい」,That's the type I like.,,
ID00217,0000716c,57,「お前をグイグイ…か。想像つかないな」,You pushing me around? Can't imagine that.,,
ID00217,00007338,27,「フフフ…私も…」,Heh heh heh... Me too...,,
ID00217,00007394,63,「相手を絶対に惚れさせるクスリがあったら、,If there was a drug that...,,
ID00217,000073e2,21,　どうする？」,What do we do then?,,
ID00217,0000758a,30,「つまらない…薬…」,Boring... drug...,,
ID00217,000075d6,18,「そうか？」,Is that so?,,
ID00217,000077be,63,「自分の魅力で…好きになってもらわないと…,I have to make them fall for me with my charm...,,
ID00217,0000780c,21,　意味がない」,It wouldn't work,,
ID00217,00007862,63,「デートするなら、どんな場所がいいんだ？」,"If we're going on a date, where should we go?",,
ID00217,00007a34,18,「先輩と？」,With senpai?,,
ID00217,00007aab,36,「まぁ…一般論として…」,Well... in general terms...,,
ID00217,00007c62,63,「２人っきりなら…どこでも。フフフフフ…」,Anywhere with you.,,
ID00217,00007ccf,24,「そ、そうか…」,R-Right...,,
ID00217,00007d28,33,「女の子って、一般的に,What gifts do girls...,,
ID00217,00007d58,45,　どんな物をプレゼントされると,like to get?,,
ID00217,00007d94,33,　喜ぶんだろうなぁ？」,In general?,,
ID00217,00007f48,33,「念のこもった…手紙」,A heartfelt... letter,,
ID00217,00007f97,48,「それを言うなら“想い”だろ！」,"If anything, it'd be 'feelings'!",,
ID00217,0000815a,42,「フフフ…似たようなもの…」,Heheh... pretty much the same...,,
ID00217,000081c5,45,「自分で一途だなって思うか？」,Do you think you're being sincere?,,
ID00217,000083c8,21,「もちろん…」,Of course...,,
ID00217,00008570,45,「地獄の底まで…引きずり込む」,Dragging you down to hell...,,
ID00217,000085cb,18,「怖ェって」,That's scary.,,
ID00217,0000861e,39,「恋をすると、女の子って、,"When you fall in love, girls are...",,
ID00217,00008654,42,　きれいになるって言うよな」,They say.,,
ID00217,00008811,39,「私も……なる。フフフ…」,I'll become one too... Heheh...,,
ID00217,00008879,51,「俺がＥ動画部に入ってなかったら、,"If I hadn't joined the E-Drama Club,",,
ID00217,000088bb,60,　内魔とこうして話してなかったかもなぁ」,"I might not have talked to you like this, Inuma...",,
ID00217,00008a8a,33,「そうかもしれない…」,Maybe so...,,
ID00217,00008c3e,45,「けど…そうはならなかった…。,But... it didn't turn out that way...,,
ID00217,00008c7a,24,　それで…いい」,And that's fine.,,
ID00217,00008cc0,21,「…そうだな」,"Yeah, you're right.",,
ID00217,00008d16,36,「恋を擬音で表現すると、,"Love as onomatopoeia,",,
ID00217,00008d49,33,　どんなのだと思う？」,what do you think it'd be like?,,
ID00217,00008efd,36,「メラメラメラメラァァ」,Mehra-mehra-mehra-mehraaah!,,
ID00217,00008f4f,60,「な、なんで燃えてんだよ？　嫉妬か！？」,W-why are you burning up? Jealousy!?,,
ID00217,0000911e,21,「恋の炎ぁぁ」,"it's 'love fire'...""",,
ID00217,00009174,48,「恋って、よくわかんねーけど…」,"I don't really get love, though...",,
ID00217,00009337,42,「フフフ…本能の赴くまま…」,Huhu... Just following my instincts...,,
ID00217,000093a2,24,「家が神社だと、,"If your home's a shrine,",,
ID00217,000093c9,45,　クリスマスは祝わないのか？」,Don't you celebrate Christmas?,,
ID00217,00009589,33,「お祭りには…乗る！」,I'm gonna join the festival!,,
ID00217,000095d8,57,「じゃあ…今年は俺と…過ごさないか？」,Then... how about spending this year with me?,,
ID00217,000097a4,12,「え…」,Huh...?,,
ID00217,000097de,51,「ほ、ほら、色々世話になったしな」,"W-well, I've been a bother to you",,
ID00217,000099a4,36,「では…音の届かぬ闇…、,Into the dark silence...,,
ID00217,000099d7,45,　サイレント・ナイトへ…誘う」,I'll invite you into Silent Night...,,
ID00217,00009a32,15,「はは…」,Heh...,,
ID00217,00009a82,63,「まさか、お前がデコちゅ～なんて言うとは、,Who knew you'd say 'dekochu'~?,,
ID00217,00009ad0,27,　思わなかったよ」,I never thought so.,,
ID00217,00009c90,51,「あれは……私の邪念…。忘れて…」,That was... my evil thoughts... Forget it...,,
ID00217,00009d04,54,「恋と愛って、どう違うんだろうな？」,I wonder how 'love' and 'affection' differ?,,
ID00217,00009ecd,24,「呪いの…深さ」,The depth of the curse,,
ID00217,00009f13,63,「それを言うなら、“想い”だろ、“想い”」,"If anything, it's 'desire', 'desire'",,
ID00217,0000a0e5,39,「フフフ…似たようなもの」,Heheh... pretty much the same thing,,
ID00217,0000a14d,30,「バレンタインって、,Valentine's Day...,,
ID00217,0000a17a,48,　誰かにチョコレートあげたか？」,Did you give anyone chocolate?,,
ID00217,0000a397,18,「誰にも…」,No one...,,
ID00217,0000a569,56,「来年は…@str_000先輩に…あげてもいい」,Next year... I can give it to @str_000-senpai...,,
ID00217,0000a629,18,「マジか！」,Really?!,,
ID00217,0000a7ce,33,「抹茶チョコで…作る」,Make it matcha chocolate...,,
ID00217,0000a995,23,「@str_000先輩…」,@str_000-senpai...,,
ID00217,0000a9da,21,「なんだよ？」,What's up?,,
ID00217,0000ab94,30,「呼んでみた…だけ」,I just called her,,
ID00217,0000ad58,48,「こうして…この世の終わりまで…,Like this... until the end of the world...,,
ID00217,0000ad97,27,　話していられる」,we can keep talking.,,
ID00217,0000ade0,24,「長過ぎだろ！」,That's way too long!,,
ID00217,0000af8b,24,「フフフフフ…」,Hehehehe...,,
ID00217,0000afe4,51,「内魔の結婚相手って、神社を一緒に,"The person you marry, Natami, will be someone who",,
ID00217,0000b026,45,　継いでくれる人なんだろうな」,"will take over the shrine, right?",,
ID00217,0000b1e6,51,「神社は…私が継ぐから、問題ない」,"The shrine... I'll take it over, so no problem.",,
ID00217,0000b3d9,54,「ただし…助けて欲しいことは…ある」,But... there is something I need help with...,,
ID00217,0000b43d,30,「神社の仕事でか？」,Is it about shrine work?,,
ID00217,0000b648,15,「そう…」,That's right...,,
ID00217,0000b7fd,63,「先輩は…この夏、ずっと…私のそばにいる。,"You've been by my side all summer, senpai...",,
ID00217,0000b84b,15,　なぜ？」,Why?,,
ID00217,0000b888,57,「なぜって…そりゃ……楽しいからだよ」,Well... because it's fun...,,
ID00217,0000ba54,36,「先輩は…変わってる…」,Senpai is... different...,,
ID00217,0000bab9,63,「この夏、内魔と知り合えて、楽しかったな」,This summer... meeting Inner Devil was fun.,,
ID00217,0000bcce,33,「私も…楽しかった…」,I had fun too...,,
ID00217,0000bd30,30,「恋って、きっと…」,Love is definitely...,,
ID00217,0000bee1,36,「その予測は…当たる…」,That hit the mark.,,
ID00218,000011f8,15,「内魔…」,Inner devil...,,
ID00218,00001456,36,じーーーーーーーーーーっ,*Stares blankly*,,
ID00218,0000160d,12,「む…」,Ugh...,,
ID00218,000017ac,27,「見つめ…返す…」,Stare back...,,
ID00218,000017f5,36,「前髪でわかんねーし！」,You can't see through my bangs!,,
ID00218,000018d5,15,「内魔…」,Inner devil...,,
ID00218,00001b33,36,じーーーーーーーーーーっ,*Stares blankly*,,
ID00218,00001cea,12,「む…」,Ugh...,,
ID00218,00001e89,27,「にらみ…返す…」,Glare back...,,
ID00218,00001ed2,36,「前髪でわかんねーし！」,You can't see through my bangs!,,
ID00218,00001fb2,15,「内魔…」,Inner devil...,,
ID00218,00002210,36,じーーーーーーーーーーっ,*Stares blankly*,,
ID00218,000023d9,12,「あ…」,...,,
ID00218,000025a5,42,「瞳の奥を…覗かれたよう…」,It's like she's peering into my eyes...,,
ID00218,000025fd,39,「いやいや、見えねーって」,"No, no, I'm not looking at you.",,
ID00218,000026e0,15,「内魔…」,Inner devil...,,
ID00218,0000293e,36,じーーーーーーーーーーっ,*Stares blankly*,,
ID00218,00002af5,12,「む…」,Ugh...,,
ID00218,00002cc1,39,「いきなり…にらまれても」,Even if you glare at me suddenly...,,
ID00218,00002d16,54,「い、いや、にらんでねーんだけど…」,"N-no, I'm not glaring at you...",,
ID00218,00002e08,15,「内魔…」,Inner devil...,,
ID00218,00003066,36,じーーーーーーーーーーっ,*Stares blankly*,,
ID00218,0000322f,12,「あ…」,...,,
ID00218,000033ce,39,「見つめ合う…瞳と…瞳…」,Staring into each other's eyes...,,
ID00218,00003423,33,「見えねーんだよなぁ」,"You can't see it, right?",,
ID00218,00003500,15,「内魔…」,Inner devil...,,
ID00218,0000375e,36,じーーーーーーーーーーっ,*Stares blankly*,,
ID00218,00003954,12,「う…」,...,,
ID00218,00003b20,39,「いきなりは……戸惑う…」,It's sudden... I'm confused...,,
ID00218,00003b75,18,「わ、悪い」,S-Sorry,,
ID00219,000011a8,33,（思い切って、手を…）,"Go for it, and put your hand...",,
ID00219,000015c7,9,ぎゅっ,Squeeze,,
ID00219,000017b9,12,「え…」,Huh...?,,
ID00219,00001985,36,「意外な展開で…困惑…」,Unexpected turn... confused...,,
ID00219,00001a5c,33,（思い切って、手を…）,"Go for it, and put your hand...",,
ID00219,00001e7b,9,ぎゅっ,Squeeze,,
ID00219,0000205b,12,「えっ」,Oh!,,
ID00219,000022c6,30,「それは……ない…」,That's not... possible...,,
ID00219,0000234c,21,「わ、悪い…」,S-Sorry...,,
ID00219,000023a2,33,（思い切って、手を…）,"Go for it, and put your hand...",,
ID00219,000027c1,9,ぎゅっ,Squeeze,,
ID00219,000029e0,12,「あ…」,...,,
ID00219,00002bd9,33,「拒む理由は…ない…」,There's no reason to refuse...,,
ID00219,00002cad,33,（思い切って、手を…）,"Go for it, and put your hand...",,
ID00219,000030cc,9,ぎゅっ,Squeeze,,
ID00219,000032ac,12,「えっ」,Oh!,,
ID00219,00003517,36,「いきなりは……ない…」,Not all of a sudden though...,,
ID00219,00003569,21,「わ、悪い…」,S-Sorry...,,
ID00219,000035bf,33,（思い切って、手を…）,"Go for it, and put your hand...",,
ID00219,000039de,9,ぎゅっ,Squeeze,,
ID00219,00003b99,12,「あ…」,...,,
ID00219,00003d65,36,「温もりが……伝わる…」,I can feel your warmth...,,
ID00219,00003e3c,33,（思い切って、手を…）,"Go for it, and put your hand...",,
ID00219,0000425b,9,ぎゅっ,Squeeze,,
ID00219,0000444d,12,「あ…」,...,,
ID00219,0000468b,36,「いきなりは……困る…」,Not so suddenly... That's tough...,,
ID00219,000046dd,18,「わ、悪い」,S-Sorry,,
ID00220,00002411,24,「なぜ…髪を？」,Why... the hair?,,
ID00220,0000263d,15,「むぐ…」,Mmmph...,,
ID00220,000027df,33,「なぜ…頬に触れる？」,Why... touch my cheek?,,
ID00220,00002a14,15,「ふぐ…」,Fug...,,
ID00220,00002bb6,33,「なぜ…鼻に触れる？」,Why... touch my nose?,,
ID00220,00002deb,24,「う、うぐっ…」,"U, ugh...",,
ID00220,00002f96,39,「どうして…唇に触れる？」,Why... touch my lips?,,
ID00220,00002feb,48,「わ、悪い、なにかついてたから」,"S-Sorry, I didn't mean to.",,
ID00220,000031ae,45,「一体なにが…。ありがとう…」,What the hell... Thanks...,,
ID00220,000033f0,15,「ひゃっ」,Eek!,,
ID00220,00003592,24,「なぜ…首を？」,Why... my neck?,,
ID00220,000037be,33,「なぜ…肩に触れる？」,Why... my shoulder?,,
ID00220,000039f3,21,「ひゃあっ！」,Ahh!,,
ID00220,00003b9b,33,「な、なぜ…胸を…？」,W-Why... my chest?,,
ID00220,00003bea,48,「わ、悪い、なにかついてたから」,"S-Sorry, I didn't mean to.",,
ID00220,00003dad,45,「いきなり触るのは…非常識…」,Sudden touches are... uncouth...,,
ID00220,00003e08,18,「ごめん…」,Sorry...,,
ID00220,00003e76,48,「わ、悪い、なにかついてたから」,"S-Sorry, I didn't mean to.",,
ID00220,00004039,33,「そう…ありがとう…」,Yeah... thanks...,,
ID00220,00004281,33,「髪に…触れないで…」,Don't touch... my hair...,,
ID00220,000042d0,18,「わ、悪い」,S-Sorry,,
ID00220,000044e4,15,「むぐ…」,Mmmph...,,
ID00220,00004686,54,「いきなり頬に触れるとは…非常識…」,Suddenly touching my cheek is... uncouth...,,
ID00220,000046ea,18,「わ、悪い」,S-Sorry,,
ID00220,000048fe,15,「ふぐ…」,Fug...,,
ID00220,00004aa0,54,「いきなり鼻に触れるとは…非常識…」,Suddenly touching my nose is... uncouth...,,
ID00220,00004b04,18,「わ、悪い」,S-Sorry,,
ID00220,00004d18,24,「う、うぐっ…」,"U, ugh...",,
ID00220,00004ec3,54,「いきなり唇に触れるとは…何事！？」,What are you doing to my lips!? That's crazy!,,
ID00220,00004f27,48,「わ、悪い、なにかついてたから」,"S-Sorry, I didn't mean to.",,
ID00220,000050ea,42,「理由はともあれ…非常識…」,No matter the reason... uncouth...,,
ID00220,00005142,18,「ごめん…」,Sorry...,,
ID00220,00005356,15,「ひゃっ」,Eek!,,
ID00220,000054f8,54,「いきなり首に触れるとは…非常識…」,Suddenly touching my neck is... uncouth...,,
ID00220,0000555c,18,「わ、悪い」,S-Sorry,,
ID00220,0000579d,18,「気安い…」,Too casual...,,
ID00220,000057dd,21,「わ、悪い…」,S-Sorry...,,
ID00220,000059f4,21,「ひゃあっ！」,Ahh!,,
ID00220,00005b9c,36,「い、いきなりなにを…」,What're you doing all of a sudden?,,
ID00220,00005bee,48,「わ、悪い、なにかついてたから」,"S-Sorry, I didn't mean to.",,
ID00220,00005db1,54,「教えてくれればいいこと…。非常識」,You should've just told me... That's so reckless.,,
ID00220,00005e15,18,「ごめん…」,Sorry...,,
ID00220,0000603c,33,「まぁ……いいけど…」,Well... I guess it's okay...,,
ID00220,00006272,15,「むぐ…」,Mmmph...,,
ID00220,00006495,15,「ふぐ…」,Fug...,,
ID00220,000066ca,18,「うぐっ…」,...Ugh...,,
ID00220,00006902,18,「はうぅっ」,Hauuuuh!,,
ID00220,00006b28,57,「む…。頼られるのは…嫌いじゃない…」,I'm not really against it...,,
ID00220,00006d88,21,「はわわっ！」,Hawwahh!,,
ID00220,00006f30,27,「油断…ならない」,Can't let my guard down.,,
ID00220,00006f79,18,「わ、悪い」,S-Sorry,,
ID00220,000071a6,24,「嫌では…ない」,I don't really mind...,,
ID00220,000073be,39,「先輩は……時々…大胆…」,Senpai is sometimes bold.,,
ID00220,000075df,33,「いきなりは…困る…」,Sudden moves are troublesome.,,
ID00220,0000762e,21,「わ、悪い…」,S-Sorry...,,
ID00220,00007858,15,「むぐ…」,Mmmph...,,
ID00220,00007a7b,15,「ふぐ…」,Fug...,,
ID00220,00007c9e,24,「う、うぐっ…」,"U, ugh...",,
ID00220,00007eca,18,「ひゃっ！」,Eek!,,
ID00220,000080f0,27,「…どうかした？」,...What's up?,,
ID00220,00008139,39,「い、いや、なんでもない」,"N-No, nothing.",,
ID00220,00008375,21,「ひゃあっ！」,Ahh!,,
ID00220,00008577,57,「いきなりは……意図を…汲みかねる…」,Sudden moves... I can't read your intentions...,,
ID00220,000085de,21,「わ、悪い…」,S-Sorry...,,
ID00220,00008799,42,「い、いきなりは…非常識！」,Y-You sudden moves... are so reckless!,,
ID00220,000087f1,21,「わ、悪い…」,S-Sorry...,,
ID00220,00008a3f,54,「なでなでされるのは…嫌いじゃない」,I don't mind being petted...,,
ID00220,00008c9c,15,「むぐ…」,Mmmph...,,
ID00220,00008ed1,15,「ふぐ…」,Fug...,,
ID00220,00009106,12,「んっ」,Mmnh,,
ID00220,000092a5,27,「ドキドキ…する」,My heart's racing...,,
ID00220,000094e7,18,「ひゃっ…」,Eek...,,
ID00220,0000968c,36,「弱点…見抜かれたり…」,You found my weakness...,,
ID00220,000098d7,12,「あ…」,...,,
ID00220,00009b09,15,「あぅ…」,Ow...,,
ID00220,00009cd8,51,「どうしていいのか…わからない…」,What should I do...I don't know...,,
ID00220,00009f26,30,「先輩は…物好き…」,"You're so weird, senpai...",,
ID00220,0000a13e,33,「いきなりは…困る…」,Sudden moves are troublesome.,,
ID00220,0000a18d,21,「わ、悪い…」,S-Sorry...,,
ID00220,0000a3b7,15,「むぐ…」,Mmmph...,,
ID00220,0000a5da,15,「ふぐ…」,Fug...,,
ID00220,0000a7fd,24,「う、うぐっ…」,"U, ugh...",,
ID00220,0000aa29,18,「ひゃっ！」,Eek!,,
ID00220,0000ac4f,27,「…どうかした？」,...What's up?,,
ID00220,0000ac98,39,「い、いや、なんでもない」,"N-No, nothing.",,
ID00220,0000aed4,21,「ひゃあっ！」,Ahh!,,
ID00220,0000b0d6,57,「いきなりは……意図を…汲みかねる…」,Sudden moves... I can't read your intentions...,,
ID00220,0000b13d,21,「わ、悪い…」,S-Sorry...,,
ID00220,0000b352,42,「い、いきなりは…非常識！」,Y-You sudden moves... are so reckless!,,
ID00220,0000b3aa,21,「わ、悪い…」,S-Sorry...,,
ID00221,00001209,42,「フフ…なかなか楽しい話…」,Hehe... pretty fun story...,,
ID00221,000013dc,36,「どの話も…興味深い…」,Every story... is interesting...,,
ID00221,000015a9,30,「どれも…いい話…」,Each one... is a good story...,,
ID00221,00001895,48,「先輩の話は……幅広くていい…」,Senpai's stories... are so varied and great...,,
ID00221,00001a6e,39,「フフフ……面白すぎる…」,Hahaha... way too entertaining...,,
ID00221,00001c3e,39,「先輩は…盛り上げ上手…」,You're really good at keeping things,,
ID00221,00001f2d,33,「フフフ…心が躍る…」,Heheh... my heart's racing...,,
ID00221,000020f7,30,「すごく…楽しい…」,So much... fun...,,
ID00221,000022be,42,「ワクワクが…止まらない…」,Can't stop getting excited...,,
ID00222,00000dc0,39,「似たような…話ばかり…」,Same old story...,,
ID00222,00000f8c,51,「その手の話は…さっきも聞いた…」,I heard that already...,,
ID00222,00001191,33,「違う話を……求む…」,Tell me something else...,,
ID00223,00000dc0,48,「その手の話は……聞き飽きた…」,I've heard that story... a million times...,,
ID00223,00000f95,45,「うんざりするほど…似た話…」,It's so damn repetitive...,,
ID00223,00001167,48,「同じような話が……多すぎる…」,Too many of the same old stories...,,
ID00224,00000dc0,30,「なぜ…話さない？」,Why... don't you talk?,,
ID00224,00000f83,54,「考えごとなら……１人でするべき…」,You should do it alone.,,
ID00224,0000118b,39,「話さないとは……不幸…」,Not talking is... a curse...,,
ID00225,00001e03,30,「夏は…霊の季節…。,Summer... season of spirits.,,
ID00225,00001e30,39,　先輩も…気をつけるべき」,"Senpai, you should be careful too",,
ID00225,0000202e,39,「はいはい、気をつけるよ」,"Okay, okay, I'll be careful.",,
ID00225,00002096,51,「今年の夏も、暑くなりそうだよな」,It looks like it'll be a hot summer this year too,,
ID00225,0000225c,39,「夏バテに…気をつけて…」,Be careful not to get heatstroke...,,
ID00225,000022c4,45,「夏といえば、なんだと思う？」,What do you think of when you hear 'summer'?,,
ID00225,00002484,33,「夏は…心霊の季節…」,Summer... season of hauntings...,,
ID00225,00002601,42,「おま…爽やかじゃねーなぁ」,You're not exactly refreshing,,
ID00225,000027be,27,「涼しくは…なる」,It'll get cooler...,,
ID00225,00002807,15,「はは…」,Heh...,,
ID00225,00002857,36,「今日もいい天気だなぁ」,It's a nice day today.,,
ID00225,00002a0e,27,「雨が…恋しい…」,I miss the rain...,,
ID00225,00002a57,30,「好きなのか？　雨」,You like rain?,,
ID00225,00002c08,57,「闇に降る雨も…夕闇に降るにわか雨も…,Rain in darkness... sudden dusk showers...,,
ID00225,00002c50,12,　好き」,I love 'em.,,
ID00225,00002c9d,39,「お前の好きな季節って？」,What's your favorite season?,,
ID00225,00002e57,15,「梅雨…」,Rainy season...,,
ID00225,00002ff9,39,「珍しいヤツだよ、お前は」,You're a rare one.,,
ID00225,00003061,36,「こう暑い日が続くと…」,When it's this hot for so long...,,
ID00225,00003218,45,「無理せず…体を休めるといい」,Don't push yourself... Take it easy and rest.,,
ID00225,00003286,51,「こう暑いと、クーラーの設定温度を,"When this hot, set AC lower.",,
ID00225,000032c8,48,　もうちょっと下げて欲しいよな」,"a bit more, right?",,
ID00225,0000348b,51,「同感…。職員室が冷え冷えなのは…,Same here... faculty room cold...,,
ID00225,000034cd,18,　ずるい…」,That's cheating...,,
ID00225,00003520,63,「暑くて寝苦しい夜って、どうしてるんだ？」,How do u handle hot sleepless nites?,,
ID00225,000036f2,45,「寝苦しいのは……霊が騒いで…,It's because... the spirits are restless...,,
ID00225,0000372e,30,　胸騒ぎがするから」,I get this feeling in my chest,,
ID00225,0000377a,42,「温度のせいだ！　温度の！」,It's the temperature! The temperature!,,
ID00225,00003937,42,「心を落ち着ければ…眠れる」,If I calm down... I can sleep,,
ID00225,00003b14,51,「雨が降ると、外で動画が録れなくて,"When it rains, you can't record videos outside",,
ID00225,00003b56,18,　辛いよな」,That must suck,,
ID00225,00003cfb,57,「のんびり…ただ雨を眺めるのも…一興」,Just watching the rain's cool.,,
ID00225,00003d75,45,「内魔って、降水確率何％から、,"Uchima, at what chance of rain does it",,
ID00225,00003db1,36,　傘を持っていくんだ？」,You're bringing an umbrella?,,
ID00225,00003f68,33,「天気予報は…見ない」,I don't check forecasts.,,
ID00225,00004183,45,「私の雨の予感は…ほぼ当たる」,My rain intuition is... almost always right,,
ID00225,000041de,42,「へ～っ、便利なヤツだなぁ」,"Wow, that's a useful thing you got there",,
ID00225,00004249,24,「夏といえば…」,What about summer...,,
ID00225,000043f4,54,「女の子も…開放的になる。フフフ…」,Girls get more relaxed too. Heheh...,,
ID00225,00004614,36,「狐火…きれいだった…」,Kitsunebi... it was beautiful...,,
ID00225,00004666,18,「そうだな」,You're right.,,
ID00225,0000480b,33,「もう…夏も終わり…」,Already... summer's ending...,,
ID00225,0000486d,45,「聞くまでもない気がするけど、,I don't know if you need to hear this but...,,
ID00225,000048a9,60,　朝、昼、夕方、夜、どの時間が好きだ？」,Which time do you like?,,
ID00225,00004a78,12,「闇…」,Darkness...,,
ID00225,00004ab2,36,「それ時間じゃねーだろ」,That's not a time.,,
ID00225,00004c69,27,「夜の闇が…好き」,I love night.,,
ID00225,00004cc5,60,「暑いのと寒いの、どっちが苦手なんだ？」,Do you hate hot weather or cold weather more?,,
ID00225,00004e94,57,「寒いのは…誰もいない闇で…慣れてる」,"Alone in the dark, cold.",,
ID00225,00004f0e,60,「季節の変わり目は風邪を引きやすいから、,You're more likely to catch a cold then.,,
ID00225,00004f59,24,　気をつけろよ」,Be careful.,,
ID00225,00005104,36,「先輩も…気をつけて…」,Senpai... be careful too...,,
ID00225,000052ce,45,「先輩は…お墓参り…行った？」,Did senpai go to the grave?,,
ID00225,00005329,48,「あ…ミツミキャンプで忙しくて、,"Oh, I was busy at Mitsumi Camp so",,
ID00225,00005368,24,　行ってないな」,I didn't go.,,
ID00225,00005513,30,「行った方がいい…。,You should go.,,
ID00225,00005540,60,　ご先祖様を大切にすると…いいことある」,It's good if you respect your ancestors.,,
ID00225,000055aa,24,「そ、そうか…」,R-Right...,,
ID00225,00005603,24,「この夏って…」,This summer was...,,
ID00225,000057f1,33,「私も…楽しかった…」,I had fun too...,,
ID00226,00001c4c,57,「心美先生の宿題をやらずに逃げるとは、,Skipping out on Miss Shimemi's homework huh?,,
ID00226,00001c94,21,　度胸あるな」,Take that guts.,,
ID00226,00001e3c,57,「フフフ……私のステルスを見破る者は…,...Heh heh... No one can see through my stealth...,,
ID00226,00001e84,12,　ない」,Never.,,
ID00226,00001ed1,51,「お前って、成績はいい方なのか？」,"You're a good student, right?",,
ID00226,000020f1,24,「…聞かないで」,Don't ask.,,
ID00226,00002137,21,「悪いのか…」,I'm sorry...,,
ID00226,000022df,24,「悪くは…ない」,It's not really...,,
ID00226,00002338,36,「お前の得意教科って？」,What's your best subject?,,
ID00226,000024ef,15,「古文…」,Classics...,,
ID00226,0000252c,33,「へ～っ、そうなのか」,"Wow, I didn't know that.",,
ID00226,000026e0,36,「昔の言葉は…美しい…」,Ancient words are... beautiful...,,
ID00226,00002745,42,「夏の課題ってやってるか？」,Are you working on summer homework?,,
ID00226,0000295c,48,「まだ……本気を出す時じゃない」,Not yet... it's not time to get serious,,
ID00226,000029ba,21,「気が合うな」,We make a good team,,
ID00226,00002b62,24,「フフフフフ…」,Hehehehe...,,
ID00226,00002bbb,42,「苦手な教科ってなんだよ？」,What subjects do you suck at?,,
ID00226,00002d78,15,「英語…」,English...,,
ID00226,00002db5,21,「どうして？」,Why?,,
ID00226,00002f5d,45,「ハ～イ…とか…イエ～とか…、,Hi... or yeah... stuff like that...,,
ID00226,00002f99,36,　陽気なノリが…辛い…」,The cheerful attitude is tough...,,
ID00226,00002ffe,30,「日々の勉強って…」,Studying every day...,,
ID00226,000031af,33,「気が向いたら…やる」,When I feel like it...,,
ID00226,00003211,54,「夏休み返上って、ヒドい話だよなぁ」,"Giving up summer vacation sucks, huh?",,
ID00226,0000341d,27,「部活は…楽しい」,Club activities are fun,,
ID00226,00003466,15,「まぁな」,Yeah.,,
ID00226,000034b6,57,「家に帰って、どれぐらい勉強してる？」,How much do you study when you get home?,,
ID00226,00003682,30,「宿題を…やったり、,do my homework... sometimes,,
ID00226,000036af,39,　やらなかったりする程度」,sometimes I don't do it at all,,
ID00226,00003704,39,「やらないのはまずいだろ」,"That's not good, right?",,
ID00226,000038be,63,「授業で当てられないか…ハラハラするのも、,I wonder if I'll get called on...,,
ID00226,0000390c,15,　醍醐味」,No...,,
ID00226,0000395c,57,「塾とか予備校って通ったことあるか？」,Have you ever gone to a cram school or prep school?,,
ID00226,00003a54,15,「ない…」,N-no...,,
ID00226,00003bf6,48,「夜の勉強は…他のことがいい…」,Studying at night's better...,,
ID00226,00003c54,42,「なんだよ、他のことって？」,"What do you mean, other things?",,
ID00226,00003e11,21,「ナイショ…」,It's a secret...,,
ID00226,00003e67,48,「お前って、字はきれいな方か？」,"You're good with writing, huh?",,
ID00226,0000402a,54,「神社の御札を書くから…毛筆は得意」,I'm good with calligraphy...,,
ID00226,000041f3,48,「ノートも…筆で書きたいぐらい」,I even want to use a brush for my notebook...,,
ID00226,00004251,57,「筆で書いたノートか…古文にはいいな」,A pen-written notebook.,,
ID00226,0000444a,36,「目立つので…しない…」,It's too obvious...,,
ID00226,000044af,36,「日々の予習復習って…」,Daily studying...,,
ID00226,00004693,24,「言うは易し…」,Easier said than done...,,
ID00226,00004851,42,「先輩は…光海大学へ進学？」,Are you going to Mitsumi University?,,
ID00226,000048a9,33,「そのつもりだけど？」,That's the plan.,,
ID00226,00004a9c,15,「奇遇…」,What luck...,,
ID00226,00004ad9,54,「奇遇もなにも、付属大学なんだから、,No coincidence. It's affiliated.,,
ID00226,00004b1e,45,　ほとんどの生徒がそうだって」,Is that okay with you?,,
ID00226,00004b8c,39,「カフェとかファミレスで、,"Like cafes or diners,",,
ID00226,00004bc2,33,　勉強したりするか？」,Why not?,,
ID00226,00004d76,30,「やったことある…。,I've done it before...,,
ID00226,00004da3,42,　けど…抹茶ラテをこぼして、,but... I spilled my matcha latte once.,,
ID00226,00004ddc,33,　ノートが抹茶色に…」,and now it's all green...,,
ID00226,00004fbd,54,「慣れないことは…するもんじゃない」,Getting used to new things... isn't easy.,,
ID00226,00005021,18,「はははは」,Hahaha,,
ID00226,00005074,57,「難しい数式解いても、将来なんの役にも,Solving tough equations won't help.,,
ID00226,000050bc,45,　立たない気がするんだよなぁ」,I feel like it's useless...,,
ID00226,000052bf,15,「同感…」,I agree...,,
ID00226,00005461,45,「けど…勉強は嫌いじゃない…」,but... I'm not really against studying...,,
ID00226,000054bc,15,「まぁな」,Yeah.,,
ID00226,0000550c,57,「勉強の秋になったら、本気出すかなぁ」,Maybe she'll get serious when it's time to study.,,
ID00226,0000571b,21,「つき合う…」,to hang out...,,
ID00226,00005771,60,「夏が終わる前に、課題終わらせないと…」,"Before summer ends, I need to finish my homework...",,
ID00226,0000596d,48,「無為に…時だけが過ぎていく…」,Time just passes by without doing anything...,,
ID00227,00002dfe,54,「動画の階段が１段多いとか言うから、,The video had one extra step.,,
ID00227,00002e43,27,　ビックリしたぞ」,I was shocked.,,
ID00227,00002ff1,33,「ヤミツミは……ある」,Yamitsumi is... there,,
ID00227,0000316e,33,「はいはい、あるある」,"Yeah, yeah, it's true.",,
ID00227,000031d0,57,「朝、撒いてた塩って、家庭科室のか？」,Was the salt from home ec?,,
ID00227,000033bf,48,「違う…うちの神社でお清めした、,"No... it was purified at our shrine,",,
ID00227,000033fe,27,　由緒正しいもの」,the real deal.,,
ID00227,000035b9,36,「それは効きそうだな…」,That should work...,,
ID00227,000037b3,42,「もちろん、霊験あらたか…。,"Of course, it's the real deal...",,
ID00227,000037ec,27,　境内で販売中…」,For sale at shrine...,,
ID00227,00003835,24,「商売うまいな」,Nice business sense.,,
ID00227,0000388e,63,「お前って、真面目に学校の掃除するんだな」,You actually do school cleaning seriously.,,
ID00227,00003a8d,60,「汚れは…人の思念を…悪しき道へ誘う…」,Dirt... leads people's thoughts down a bad path...,,
ID00227,00003cb6,42,「学び舎は…美しくあるべき」,For a school to be... beautiful,,
ID00227,00003d21,51,「学校でよく行く場所ってどこだ？」,Where are you usually at school?,,
ID00227,00003f14,54,「教室で…ただ座ってることが多い…」,Mostly just sitting in class...,,
ID00227,00004137,39,「あと…Ｅ動画部の部室…」,And also... the E-Drama Club room...,,
ID00227,0000419f,48,「なにか委員ってやってるのか？」,What kind of committee are you in?,,
ID00227,000043bc,60,「なにも…。なぜか…頼まれたことがない」,Nothing... I've never been asked to do anything...,,
ID00227,000045cf,51,「頼まれれば…ちゃんとやるのに…。,"If they'd ask me, I'd do it properly...,",,
ID00227,00004611,21,　フフフフ…」,Heheheh...,,
ID00227,00004698,36,（まぁ…頼みづらいか…）,"(Well... It's hard to ask me...,)",,
ID00227,000046fd,63,「光海学園のいいところってどこだと思う？」,What do you think is good about Mitsumi Academy?,,
ID00227,000048cf,39,「自然が多い…。気が楽…」,Lots of nature... relaxing...,,
ID00227,00004acd,54,「都会は邪念が多くて…息が詰まる…」,Cities have too many bad thoughts...,,
ID00227,00004b44,33,「窓から聞こえてくる、,"I can hear from the window,",,
ID00227,00004b74,45,　かすかな波の音っていいよな」,The sound of waves is so soothing.,,
ID00227,00004d77,36,「いい。心が…安らぐ…」,That's nice... I feel calm.,,
ID00227,00004ddc,63,「宿舎の暮らしはどうだ？　もう慣れたか？」,How's dorm life? Used it?,,
ID00227,00004fae,33,「ベッドに…慣れない」,I'm not used to the bed...,,
ID00227,00005064,24,「家は布団か？」,"It's a futon, right?",,
ID00227,00005252,33,「そう。畳に…布団…。,Yeah. On tatami mats with futons.,,
ID00227,00005282,42,　宿舎も…和室を用意すべき」,We need tatami rooms.,,
ID00227,000052ed,57,「屋上からの眺めって、きれいだよなぁ」,"The view from the rooftop, it's so pretty",,
ID00227,000054b9,51,「美しい景色を見るのは…いいこと。,Seeing beautiful scenery is... nice.,,
ID00227,000054fb,24,　心が洗われる」,It cleanses the soul.,,
ID00227,00005554,39,「校則って守ってる方か？」,You're one to follow school rules?,,
ID00227,0000573b,48,「規律は…守らなければならない。,Discipline must be followed...,,
ID00227,0000577a,36,　そう教えられて育った」,That's what I was raised to believe.,,
ID00227,00005803,24,「厳しい家だな」,You're strict.,,
ID00227,00005a08,48,「心の緩みは…道を踏み外す源…」,A lax heart is where mistakes come from...,,
ID00227,00005a79,51,「放課後、よく寄る所ってどこだ？」,Where do you hang out after class?,,
ID00227,00005c3f,45,「あてもなく…彷徨うのが好み。,I like wandering aimlessly...,,
ID00227,00005c7b,24,　フフフフフ…」,Heheheheh...,,
ID00227,00005cd4,48,「学校で気に入ってる場所って？」,What's your favorite place in school?,,
ID00227,00005e97,33,「逢魔が時の…屋上…」,The twilight... rooftop...,,
ID00227,0000604b,36,「ヤミツミへの…入口…」,An entrance to Yamitsumi...,,
ID00227,000060b0,30,「うちの学校って…」,Our school is...,,
ID00227,00006261,30,「そう…いい学校…」,"Yeah, it's a good school...",,
ID00227,000062c0,54,「校則だと、学園内の携帯電話の使用を,"The school rules ban cell phone use,",,
ID00227,00006305,42,　禁じてるって知ってるか？」,Did you know about it?,,
ID00227,000064c2,48,「ほとんど…通話には使ってない」,I barely use it for calls...,,
ID00227,00006685,39,「動画を録るのは…部活動」,I record videos...for club activities,,
ID00227,000066ed,51,「心美先生の若さって、すごいよな」,"Sensei's youthfulness is amazing, isn't it?",,
ID00227,000068b3,63,「なんらかの呪いではないかと…疑うレベル」,I'm starting to think it's cursed.,,
ID00227,00006920,18,「はははは」,Hahaha,,
ID00227,00006973,63,「宿舎に置いてある新聞って、読んでるか？」,Do you read the newspapers left in the dorms?,,
ID00227,00006b72,45,「地元のニュースを…たまに…」,Sometimes check local news...,,
ID00227,00006d8c,51,「霊や…妖かしによる事件がないか…,Checking for spirit-related stuff...,,
ID00227,00006dce,21,　チェック…」,Check...,,
ID00227,00006e11,33,「ねーって、そんなの」,"No way, that's so lame",,
ID00227,00006e73,60,「屋上から見る夕日って、きれいだよなぁ」,"Sunset from the rooftop is beautiful, isn't it?",,
ID00227,00007042,33,「私も…お気に入り…」,Me too... it's my favorite...,,
ID00227,000070a4,54,「うちの学校って、部活が盛んだよな」,Our school's got a lot of clubs.,,
ID00227,000072b0,45,「運動部から文化部まで…充実」,"Sports and culture clubs, too.",,
ID00227,00007470,54,「かわいい子が…より輝く。フフフ…」,Cute girls shine even more. Hehehe...,,
ID00227,000074e7,60,「校内にプライベートビーチがあるなんて、,Having a private beach on campus is,,
ID00227,00007532,51,　世界でも光海学園ぐらいだよなぁ」,That's about as good as it gets in the world.,,
ID00227,000076f8,45,「海は…命の源。素晴らしい…」,The sea... is the source of life. Amazing...,,
ID00227,00007766,48,「屋上って、緑がいっぱいあって、,"The rooftop has so much green,",,
ID00227,000077a5,33,　のんびりできるよな」,you can just relax there.,,
ID00227,00007959,39,「穏やかな…時が流れる…」,A peaceful... time flows by...,,
ID00227,000079c1,27,「宿舎の部屋って、,Dorm rooms are,,
ID00227,000079eb,42,　すげぇゴージャスだよなぁ」,"so damn luxurious, man.",,
ID00227,00007beb,27,「落ち着かない…」,I can't calm down...,,
ID00227,00007d99,33,「質素な和室…求む…」,plain old tatami room...,,
ID00227,00007dfb,45,「内魔って、遅刻は多い方か？」,"Nemama's always late, huh?",,
ID00227,00007fbb,57,「遅れた時は…こっそり教室に忍び込む」,When I'm late... I sneak into class quietly,,
ID00227,00008022,24,「バレないか？」,Won't they notice?,,
ID00227,000081fa,51,「無拍子の動きを捉えるのは…困難」,It's hard to catch someone moving without rhythm,,
ID00227,0000826e,27,「学校といえば…」,Speaking of school...,,
ID00227,0000841c,36,「フフフ…楽しい毎日…」,Heheh... every day's a blast...,,
ID00227,00008481,36,「セーラー服とブレザー、,"Sailor uniform and blazer,",,
ID00227,000084b4,36,　どっちが好きなんだ？」,which one do you like better?,,
ID00227,0000866b,24,「セーラー服…」,Sailor uniform...,,
ID00227,000086b1,21,「どうして？」,Why?,,
ID00227,00008859,60,「戦う少女には…セーラー服がよく似合う」,A fighting girl looks good in a sailor uniform,,
ID00227,000088c3,45,「お前、巫女服になってたろ？」,"You were dressed as a shrine maiden, right?",,
ID00227,00008a83,42,「細かいことは…気にしない」,I don't care about the details...,,
ID00227,00008adb,45,「夢とはいえ、リアルだったよ」,"Even if it was just a dream, it felt real",,
ID00227,00008b49,60,「学校で行ったことない場所ってあるか？」,Are there places at school you've never been to?,,
ID00227,00008d18,39,「男子専用の場所は…ない」,There aren't any all-boys areas...,,
ID00227,00008f39,30,「けど…それ以外は、,"but...everywhere else,",,
ID00227,00008f66,33,　裏側まで…行った…」,"i've been to the back too...""",,
ID00227,00008fb5,42,（裏側？　校舎裏のことか？）,(the back? You mean behind the building?),,
ID00227,00009020,54,「屋上の花壇の花って、きれいだよな」,The flowers on the rooftop garden are pretty.,,
ID00227,000091e9,33,「秋の花も…楽しみ…」,fall flowers... can't wait.,,
ID00227,0000924b,45,「新学期になったら衣替えだな」,Time for new clothes.,,
ID00227,0000940b,48,「冬服には…冬服の良さが…ある」,Winter clothes have their own charm...,,
ID00227,0000947c,60,「宿舎暮らしも、あと少しで終わりだなぁ」,Dorm life will be over in just a little while.,,
ID00227,0000964b,51,「やっと…ベッドから解放される…」,Finally... I'll be free from the bed...,,
ID00227,00009811,48,「ぺったんこの布団が…恋しい…」,That flat futon of mine... I miss it so much...,,
ID00227,00009882,63,「ミツミキャンプが終わって、家に帰ったら、,"After I get back from Mitsu Camp, at home,",,
ID00227,000098d0,51,　一番にやりたいことってなんだ？」,What's the first thing you wanna do?,,
ID00227,00009a96,36,「ひたすら…漫画を読む」,Just read manga all day long,,
ID00227,00009afb,63,「文化系の部員として、光海祭に参加するのは,"As a cultural club member,",,
ID00227,00009b49,57,　初めてだから、気合い入れないとなぁ」,"It's my first time, gotta put in some effort...",,
ID00227,00009d15,51,「ギリギリのエロース…期待してる」,Just barely erotic... I'm looking forward to it,,
ID00227,00009eee,42,「ミツミキャンプが終わると…,Once Mitsumi Camp ends...,,
ID00227,00009f27,48,　大浴場に入れなくなる。…残念」,No more hot springs... What a shame.,,
ID00227,0000a0f7,48,「広くて、ゆったりするからなぁ」,"It's spacious and relaxing, you know?",,
ID00227,0000a2ba,54,「今のうちに…何度も入っておかねば」,While I still can... gotta soak in it a few times.,,
ID00227,0000a331,60,「廊下を、スマホ見ながら歩いてるヤツって,That guy walkin' down the hall lookin' at his phone?,,
ID00227,0000a37c,18,　いるよな」,I've seen them.,,
ID00227,0000a54e,45,「スマホに…取り憑かれてる…」,My phone... has me hooked...,,
ID00227,0000a768,54,「断ち切らねば…死に繋がることも…」,I've got to end this...or die...,,
ID00227,0000a810,39,「マジでそうなんだよなぁ」,"You really mean it, huh?",,
ID00227,0000a878,36,「ミツミキャンプって…」,Mitsumi Camp...,,
ID00227,0000aa2f,48,「終われば…すべていい思い出…」,Once it ends...all good memories...,,
ID00228,00001c7c,45,「よく聴く音楽って、なんだ？」,What kind of music do you usually listen to?,,
ID00228,00001e3c,15,「雅楽…」,Gagaku...,,
ID00228,00001e79,24,「そ、そうか…」,R-Right...,,
ID00228,00001ed2,57,「音楽聴く時って、なに使ってるんだ？」,What do you use when listening to music?,,
ID00228,0000209e,18,「パソコン」,A PC.,,
ID00228,00002115,33,「へ～っ、そうなのか」,"Wow, I didn't know that.",,
ID00228,000022c9,63,「昔の雅楽の演奏テープを…全てコピーした。,I copied all the old gagaku performance tapes...,,
ID00228,00002317,24,　大変だった…」,It was a lot of work...,,
ID00228,00002370,54,「雅楽って、どんな時に聞くんだよ？」,When do you listen to gagaku?,,
ID00228,00002539,30,「心を静めたい時…」,When I want to calm down...,,
ID00228,000026ea,42,「うれしい時なんかも…聞く」,When I'm happy...I listen.,,
ID00228,00002742,24,「そ、そうか…」,R-Right...,,
ID00228,0000279b,45,「音楽の成績ってどうなんだ？」,How's your music grades?,,
ID00228,0000299e,60,「笛は得意。初等部の時…よくほめられた」,I'm good at the flute... praised often.,,
ID00228,00002a08,33,「へ～っ、そうなのか」,"Wow, I didn't know that.",,
ID00228,00002bbc,42,「龍笛を吹き慣れてるから…」,Used to playing it...,,
ID00228,00002c14,36,「龍笛？　なんだそれ？」,Ryuteki? What's that?,,
ID00228,00002dcb,18,「雅楽の笛」,A gagaku flute.,,
ID00228,00002e0b,48,「演奏も出来るのか？　すごいな」,You can play it too? That's amazing.,,
ID00228,00002e7c,21,「音楽って…」,Music is...,,
ID00228,00003024,33,「そう…心が華やぐ…」,It's making my heart bloom...,,
ID00228,000031eb,51,「図書室で見ていた夢は…どんな夢？,The dream I saw in the library...,,
ID00228,0000322d,30,　正直に…話すべき」,You should tell me honestly.,,
ID00228,00003279,33,「な、なんでもねーよ」,N-nothing...,,
ID00228,0000342d,24,「怪しすぎる…」,Too suspicious...,,
ID00228,00003473,45,（くっ、なんでこんな鋭いんだ？,"Gah, why are you so sharp?",,
ID00228,000034af,54,　反町のあられもない夢とは言えねー）,Even if it’s Sorimachi’s perverted dreams...,,
ID00228,00003526,51,「よく読む雑誌って、どんなのだ？」,What magazines do you read often?,,
ID00228,00003719,24,「オカルト系…」,Occult stuff...,,
ID00228,000037f0,36,「…まぁ、そうだろうな」,...I guess so.,,
ID00228,000039a7,33,「人の恐れが…わかる」,Can feel people's fear...,,
ID00228,00003a09,33,「漫画って読む方か？」,You read manga?,,
ID00228,00003c00,15,「読む…」,...,,
ID00228,00003da2,33,「恐怖漫画が…好み…」,Scary comics are my thing...,,
ID00228,00003df1,15,「はは…」,Heh...,,
ID00228,00003e41,60,「少女漫画って、意外と怖い漫画多いよな」,Shoujo manga can be surprisingly scary.,,
ID00228,00004010,51,「怖いもの見たさの…女の子は多い」,Lots of girls like to be scared.,,
ID00228,000041d6,48,「夜、眠れなくなるのも…醍醐味」,Not sleeping at night's best.,,
ID00228,00004247,45,「電子書籍って利用してるか？」,Do you use e-books?,,
ID00228,00004407,36,「暗がりで読めて…いい」,Reading in the dark... That's good.,,
ID00228,00004459,27,「目が悪くなるぞ」,Your eyes will suffer.,,
ID00228,00004607,24,「雰囲気…重視」,Atmosphere... important,,
ID00228,00004660,39,「この間、読んだ漫画で…」,That manga I read the other day...,,
ID00228,0000481a,42,「フフ…なかなか面白そう…」,Hehe... sounds pretty interesting...,,
ID00228,00004885,63,「撮影禁止の本屋の店内で、雑誌を買わずに、,"In a no-photo bookstore,",,
ID00228,000048d3,60,　スマホで写真撮ってすませちゃうヤツって,They just take pics.,,
ID00228,0000491e,18,　いるよな」,I've seen them.,,
ID00228,00004ac3,45,「盗撮は…パンツだけじゃない。,Spying ain't just 'bout panties...,,
ID00228,00004aff,24,　情報も…ダメ」,Info's off-limits too,,
ID00228,00004b58,45,「漫画喫茶って利用してるか？」,Do you use manga cafés?,,
ID00228,00004d5b,21,「時々…行く」,Sometimes... I do,,
ID00228,00004dd5,33,「へ～っ、そうなのか」,"Wow, I didn't know that.",,
ID00228,00004f89,42,「ブースが狭くて…落ち着く」,"The booths are cramped, so it's relaxing",,
ID00228,00004ff4,54,「内魔って、怪談とかに詳しいのか？」,"You know a lot about ghost stories, huh?",,
ID00228,00005200,54,「もちろん…。実話から…作り話まで」,Of course... from real tales to made-up ones,,
ID00228,00005264,42,「実話ってなんだ、実話って！,"What's a true story, a true story!",,
ID00228,0000529d,27,　全部、作り話だ」,All of it's made up.,,
ID00228,0000544b,39,「そう思ってる方が…幸せ」,I think you'd be happier that way...,,
ID00228,000054b3,51,「秋になったら読書でもすっかなぁ」,Maybe I'll read some books when autumn comes.,,
ID00228,00005679,36,「オススメの怪談…ある」,Here's a recommended ghost story...,,
ID00228,000056cb,30,「怪談は夏の風物詩！,It's like a summer tradition!,,
ID00228,000056f8,54,　秋はもっと落ち着いたのにしろって」,You should go for something more mellow in the fall.,,
ID00228,000058c1,21,「フフフフフ」,Huhuhuhu,,
ID00228,00005917,33,「本との出会いって…」,Meeting with books is...,,
ID00228,00005acb,51,「百物語には…百の出会いが…ある」,Hyakumonogatari has a hundred.,,
ID00229,00001eb0,51,「スマホをお祓いとか、今風だよな」,"Exorcising smartphones... that's so modern, huh?",,
ID00229,000020b9,51,「お祓いの対象は…年々、増えてる」,The exorcism targets are up.,,
ID00229,0000227f,57,「憑きものに…デジタルも、アナログも…,...are possessed by both digital and analog...,,
ID00229,000022c7,12,　ない」,Never.,,
ID00229,00002314,39,「Ｅ動画部のメンバーって、,Members of the E-Drama Club...,,
ID00229,0000234a,36,　みんな変わってるよな」,aren't they?,,
ID00229,00002501,33,「個性があって…いい」,They're all unique...great.,,
ID00229,00002563,42,「内魔はエロース動画のこと、,The inner demon's ero-dramas.,,
ID00229,0000259c,30,　どう思ってんだ？」,How do you feel about them?,,
ID00229,0000274d,57,「エロースがなければ……人は滅びる…」,Without Eros... humans would perish...,,
ID00229,000027b4,48,「ま、まぁ、そりゃそうだけど…」,"W-well, I guess that's true...",,
ID00229,00002977,51,「何事も…道を究めようとするのは…,To pursue something to its extreme is...,,
ID00229,000029b9,18,　よいこと」,a good thing.,,
ID00229,00002a0c,60,「Ｅ動画部に入ったきっかけってなんだ？」,What made you join the E video club?,,
ID00229,00002bdb,63,「学園中で動画を録っても…怪しまれない…」,No one'll suspect.,,
ID00229,00002c48,36,「好きなんだな、動画が」,You really love videos.,,
ID00229,00002dff,21,「もちろん…」,Of course...,,
ID00229,00002e55,57,「録った動画が心霊動画になりがちなら、,"If my vids are ghosts,",,
ID00229,00002e9d,48,　Ｅ動画の戦力にならないだろ？」,"you can't even be an E video asset, right?",,
ID00229,00003060,48,「心霊も…エロースのスパイス…」,Spirits... are just a spice for ero...,,
ID00229,000030be,30,「いやいやおいおい」,No no wait a sec,,
ID00229,0000311d,30,「動画の魅力って…」,The charm of videos is...,,
ID00229,000032ce,39,「それは…言い得て妙な…」,That's... quite the way to put it...,,
ID00229,00003336,42,「乙谷町に心霊スポットって、,"There's a haunted spot in Otanamachi,",,
ID00229,0000336f,36,　どれぐらいあるんだ？」,?,,
ID00229,00003526,18,「無数に…」,Countless...,,
ID00229,00003566,42,「無数！？　そんなにか！？」,Countless!? That many!?,,
ID00229,00003723,51,「夏は…特に増える…。知りたい？」,Summer... especially increases... Want to know why?,,
ID00229,00003784,60,「いい！　いいって！　なんか怖ェだろ！」,Sure! Sure! You must be scared!,,
ID00229,00003966,63,「先輩と…プリントシールが撮れたのは収穫。,Great shot with you.,,
ID00229,000039b4,48,　けど…３人目が写らなかった…」,But... the third person didn't show up...,,
ID00229,00003a12,57,「写るか！　そんなもん！　怖ェだろ！」,Show up?! It's scary as hell!,,
ID00229,00003bde,36,「必ず…尻尾をつかむ…」,I'll catch their tails.,,
ID00229,00003c30,48,「なにを言ってんだ？　お前は…」,What are you talking about? You're...,,
ID00229,00003ca1,54,「エロースな動画ばっかり録ってると、,"If you keep recording all that ero stuff,",,
ID00229,00003ce6,54,　Ｅ動画部はそのうち潰されちゃうぞ」,The Ero Video Club will get shut down eventually.,,
ID00229,00003eaf,51,「御前…渚紗は…そんなことしない」,Misaki... Nagisa wouldn't do something like that.,,
ID00229,00003f10,21,「どうして？」,Why?,,
ID00229,000040b8,48,「潰す気なら…とっくに潰してる」,If you wanted to shut us down...,,
ID00229,0000427b,63,「あの人は…認めるべきところは…認める人」,That person admits it when she should.,,
ID00229,0000431f,24,「…そうかもな」,...Maybe so.,,
ID00229,00004378,54,「内魔が動画を始めたきっかけって？」,What was the reason you started making videos?,,
ID00229,00004541,60,「初めて念写に成功したのは…初等部２年」,I succeeded in second grade.,,
ID00229,000045ab,21,「念写って…」,Premonitions are...,,
ID00229,00004753,39,「次第に…普通に録っても、,"Gradually, even normally,",,
ID00229,00004789,54,　霊が映るようになった。才能…あり」,spirits started showing up. Guess I've got talent...,,
ID00229,00004800,51,「ネットの心霊動画って、本物か？」,Are there any real ghost videos on the internet?,,
ID00229,000049c6,45,「見ない方がいい動画は…ある」,There are some you shouldn't watch.,,
ID00229,00004aa8,42,「マジか！？　判別方法は？」,No way! How do you tell them apart?,,
ID00229,00004cbf,57,「ない…。見てしまって…気になるなら、,"I don't know. If you're curious,",,
ID00229,00004d07,30,　うちでお祓いを…」,I could purify you here...,,
ID00229,00004e8e,21,「商売かよ！」,You're kidding me!,,
ID00229,00004ee4,60,「よく見るテレビ番組って、どんなのだ？」,What kind of TV shows do you usually watch?,,
ID00229,000050b3,60,「ドキュメンタリー。人間が…一番怖い…」,Documentaries... Humans are the scariest...,,
ID00229,00005130,33,「最近のテレビって…」,TV these days...,,
ID00229,00005327,36,「退屈しのぎには…なる」,It's a good time killer...,,
ID00229,0000538c,30,「内魔は、光海祭で、,"Inside the festival tent,",,
ID00229,000053b9,45,　どんな動画を展示するんだ？」,what kind of video will they show?,,
ID00229,00005579,54,「霊の映ってないエロースを…厳選…」,A ero without spirits... carefully selected...,,
ID00229,00005614,48,「心霊動画コーナーとか作ったら、,"If we make a corner for ghost videos,",,
ID00229,00005653,33,　客が来そうだけどな」,it might attract customers.,,
ID00229,00005834,48,「怖すぎて…お客の背筋が凍る…」,It's so scary... visitors' spines will freeze...,,
ID00229,000058c9,24,「そ、そうか…」,R-Right...,,
ID00229,00005922,42,「好きな映画のジャンルって…,What's your favorite movie genre...?,,
ID00229,0000595b,33,　やっぱりホラーか？」,"You like horror movies, huh?",,
ID00229,00005b52,21,「もちろん…」,Of course...,,
ID00229,00005cfa,51,「世界に通用する…邦画のジャンル」,A globally competitive J-drama.,,
ID00229,00005d6e,54,「１日何時間ぐらい、テレビ見てる？」,How many hours do you watch TV per day?,,
ID00229,00005f91,51,「テレビは…見ない日の方が…多い」,I don't watch TV... more often than I do.,,
ID00229,00006157,42,「けど…ネットに上がってる、,but... stuff on the internet like,,
ID00229,00006190,60,　テレビの偶然映った心霊現象は…好き…」,I like that kind of thing...,,
ID00229,000061fa,15,「はは…」,Heh...,,
ID00229,0000624a,39,「写真には興味ないのか？」,You're not interested in photos?,,
ID00229,00006404,42,「動きがあった方が…面白い」,I think things with movement are more fun.,,
ID00229,000065c1,30,「振り返る…霊とか」,ghosts or whatever,,
ID00229,0000660d,18,「怖ェって」,That's scary.,,
ID00229,00006660,33,「動画の面白さって…」,the fun of videos is...,,
ID00229,00006857,39,「とても……いいと思う…」,I think it's really... good...,,
ID00230,00003202,51,「お前と真奈って、話が合うんだな」,"You and Mana get along, huh?",,
ID00230,000033c8,27,「真奈はいい子…。,Mana's a good kid...,,
ID00230,000033f2,48,　私と趣味が合う子は…珍しい…」,Kids who share my hobbies... are rare...,,
ID00230,00003450,30,「そりゃそうだろ…」,Of course you do...,,
ID00230,00003614,54,「神棚を祀ってくれて…ありがとう…」,Thanks for putting up the shrine for us...,,
ID00230,00003678,60,「力仕事があればまた言えよ。手伝うから」,"If you need help, let me know.",,
ID00230,0000388a,18,「助かる…」,I owe you one...,,
ID00230,000038dd,48,「毎朝、何時ぐらいに起きてる？」,What time do you usually wake up every morning?,,
ID00230,00003aa0,42,「５時に起きて…身を清める」,Waking up at 5... cleansing my body,,
ID00230,00003af8,30,「すげぇ早起きだな」,"Damn, you're an early bird",,
ID00230,00003b57,36,「何時に寝てるんだよ？」,What time do you go to bed?,,
ID00230,00003d0e,21,「１２時ごろ」,Around midnight,,
ID00230,00003d51,36,「じゃあ、睡眠時間は…」,So your sleep time is...,,
ID00230,00003f08,24,「５時間程度…」,About five hours...,,
ID00230,00003f4e,24,「眠くないか？」,Aren't you sleepy?,,
ID00230,000040f9,57,「大丈夫…。私の眠りは…闇より深い…」,I'm fine... My sleep is deeper than the darkness,,
ID00230,00004160,24,「そ、そうか…」,R-Right...,,
ID00230,000041b9,51,「休みの日って、なにしてるんだ？」,What do you usually do on days off?,,
ID00230,0000437f,21,「家の手伝い」,Helping out at home,,
ID00230,000043c2,33,「ああ、神社だもんな」,"Oh, right, it's a shrine",,
ID00230,0000448b,30,「そう…修行中の身」,Yeah... I'm in training,,
ID00230,000044ea,48,「お前の好きな花って、なんだ？」,What kind of flowers do you like?,,
ID00230,000046ad,15,「桔梗…」,Bellflowers...,,
ID00230,000046ea,30,「どんな花だっけ？」,What are they like?,,
ID00230,0000489b,39,「星の形をした…紫の花…」,They're purple and star-shaped,,
ID00230,00004903,39,「内魔って、なんでそんなに,Why does @str_000 have such long bangs?,,
ID00230,00004939,30,　前髪が長いんだ？」,What's with the long bangs?,,
ID00230,00004b17,54,「見たくないものを…見ないように…」,I don't want to see something... so I avoid it...,,
ID00230,00004bb2,24,「ふ、ふうん…」,Huh...?,,
ID00230,00004c0b,51,「小さいころからその髪型なのか？」,Has she had that hairstyle since she was little?,,
ID00230,00004e14,57,「尻尾が短かったけど…基本的に…同じ」,"Her tail was short, but same idea.",,
ID00230,00004fe0,27,「気に入ってる…」,I like it...,,
ID00230,0000503c,36,「内魔の小さいころって、,"When @str_000 was little,",,
ID00230,0000506f,42,　どんな女の子だったんだ？」,What kind of girl was she?,,
ID00230,0000522c,48,「霊感が強くて…恐れられてた…」,She feared for her powers...,,
ID00230,000053ef,60,「大人は…力を封じ込めるために…苦労…」,Adults tried to seal her powers...,,
ID00230,00005459,24,「そ、そうか…」,R-Right...,,
ID00230,000054b2,63,「月の小遣いって、いくらもらってるんだ？」,How much pocket money do you get?,,
ID00230,00005684,9,「零」,Zero.,,
ID00230,000056bb,36,「もらってないのか！？」,You don't get any?!?,,
ID00230,00005872,27,「神社の手伝いを…,I help out at the shrine...,,
ID00230,0000589c,42,　バイト代としてもらってる」,and I'm paid for it as a part-time job.,,
ID00230,000058f4,33,「親孝行なヤツだな…」,You're really filial...,,
ID00230,00005aa8,54,「お金は…生きていくのに必要なだけ…,Just enough money to get by...,,
ID00230,00005aed,21,　あればいい」,That's all I need.,,
ID00230,00005b43,48,「服って、どれぐらい持ってる？」,How many clothes do you have?,,
ID00230,00005d60,63,「そんなにない…。季節に応じて…数着ずつ」,Not that many... I only have a few for each season.,,
ID00230,00005f32,39,「おしゃれには…無頓着…」,I don't really care about fashion...,,
ID00230,00005f9a,51,「みんな、ナイショにしてることって,"There are things everyone keeps secret,",,
ID00230,00005fdc,21,　あるけど…」,but...,,
ID00230,00006184,45,「フフフ…私は、秘密ばかり…」,Heheh... I'm all secrets...,,
ID00230,00006357,57,「駅前モールで見た夢を…私に話すべき」,Tell me your mall dream.,,
ID00230,000063be,36,「な、なんでもねーって」,N-nothing like that...,,
ID00230,00006575,42,「あんなところで眠りこけて…,Sleeping there like that...,,
ID00230,000065ae,48,　なんでもないとは…無理がある」,Saying it's nothing is a bit much...,,
ID00230,0000660c,45,「気にすんな、疲れてたんだよ」,"Don't worry about it, I was just tired.",,
ID00230,000067cc,15,「むぅ…」,Muu...,,
ID00230,00006809,48,（心美先生のあんな夢見たなんて、,(Like she'd ever tell me about her dreams...,,
ID00230,00006848,33,　言えるわけねーだろ）,You ain't gonna tell me that,,
ID00230,000068aa,42,「妖かしショットのおかげで、,"Thanks to the Yokaishi Shot,",,
ID00230,000068e3,51,　宿舎にマジで出るんじゃないかと、,"I was actually worried you'd show up at my place,",,
ID00230,00006925,27,　怖くなっただろ」,weren't you?,,
ID00230,00006ad3,36,「出ない…わけではない」,I'm not...going out...,,
ID00230,00006b25,45,「出るってのか？　幽霊が！？」,You're gonna go out? Ghosts!?,,
ID00230,00006ce5,57,「大丈夫…私がいるから…悪さはしない」,It's okay...I'm here...won't do anything bad,,
ID00230,00006d4c,48,「出ないって言え、出ないって！」,"Say you won't, say it!",,
ID00230,00006dbd,51,「内魔みたいな子が１年にいるって、,There's only one girl like you in a year...,,
ID00230,00006dff,36,　全然気づかなかったよ」,I didn't even notice.,,
ID00230,00006ff9,36,「目立たないのが…身上」,Not standing out is my thing...,,
ID00230,0000704b,30,（前髪的に、かえって,"Actually, with that fringe,",,
ID00230,00007078,42,　目立ちそうなんだけどな…）,"Actually, you seem like you'd stand out...",,
ID00230,000070e3,27,「内魔って、宿舎に,"Iori's room, huh...",,
ID00230,0000710d,45,　パソコン持ち込んでるのか？」,You're bringing a PC into the dorms?,,
ID00230,00007310,54,「もちろん…。心霊動画がいっぱい…」,Of course...I've got tons of ghost videos...,,
ID00230,00007374,30,「整理しろ、整理！」,"Sort it out, sort it out!",,
ID00230,000073d3,48,「海外旅行ってしたことあるか？」,Do you have any experience with overseas travel?,,
ID00230,000075f0,15,「ない…」,N-no...,,
ID00230,0000762d,33,「行ってみたい国は？」,Countries you wanna visit?,,
ID00230,0000783b,33,「ない…。日本でいい」,None...Japan's good enough.,,
ID00230,0000789d,51,「国内旅行で印象に残ってるのは？」,What domestic trip left an impression on you?,,
ID00230,00007a63,63,「初等部の時に回った…四国八十八箇所巡り。,The Shikoku Pilgrimage I did in elementary school...,,
ID00230,00007ab1,24,　楽しかった…」,It was fun...,,
ID00230,00007c89,27,「また…行きたい」,I wanna go again.,,
ID00230,00007ce5,57,「動画以外の趣味って、なんかあるか？」,Got any hobbies besides making videos?,,
ID00230,00007eb1,15,「祈祷…」,Prayers...,,
ID00230,00007eee,60,「それ…家の手伝いだろ？　趣味なのか？」,"That's helping at home, right?",,
ID00230,000080bd,42,「好きでないと…やれない…」,If you don't like it... you can't do it...,,
ID00230,00008128,51,「自分を動物で例えると、なんだ？」,What animal would you say you are?,,
ID00230,000082ee,18,「キツネ…」,Fox...,,
ID00230,00008493,48,「神社では…崇め奉られる存在…」,At the shrine... they're revered...,,
ID00230,00008504,45,「日記ってつけたことあるか？」,Ever kept a diary?,,
ID00230,0000871e,51,「自分の行動の記録は…残さない…」,I don't leave a record of my actions...,,
ID00230,000088e4,39,「物語が…一人歩きする…」,The story... spreads on its own...,,
ID00230,0000894c,48,「内魔の好きな色って、なんだ？」,What's Inner Demon's favorite color?,,
ID00230,00008b0f,36,「白……身が引き締まる」,White... it makes me feel tense,,
ID00230,00008b74,60,「イヌとネコなら、どっちが好きなんだ？」,"Between dogs and cats, which do you like more?",,
ID00230,00008d43,54,「ネコ…。イヌは…吠えるから苦手…」,Cats... I hate dogs because they bark...,,
ID00230,00008dba,48,「男の間で流行ってるんだけど…」,It's popular among guys these days...,,
ID00230,00008f7d,42,「男は…他愛ない…フフフ…」,Guys are... so shallow... Heheh...,,
ID00230,00008fe8,51,「お前んとこの神社の萌え御札って、,"Your shrine's moe ema plaques,",,
ID00230,0000902a,33,　どんな絵柄なんだ？」,What kind of design are they?,,
ID00230,000091de,33,「私みたいに…すごく…,Like me... really...,,
ID00230,0000920e,33,　明るい感じの女の子」,bright and cheerful girl.,,
ID00230,0000938b,24,「明るい…ねぇ」,Bright... right?,,
ID00230,00009536,24,「フフフフフフ」,Heheheheh,,
ID00230,0000958f,51,「淫夢か……未だに信じらんねーよ」,A dirty dream... I still can't believe it.,,
ID00230,00009798,54,「それでいい…。すべて…まぼろし…」,That's fine... It was all just an illusion...,,
ID00230,0000980f,33,「前髪を出した髪型も、,"The hairstyle with the bangs,",,
ID00230,0000983f,39,　似合うと思うんだけどな」,I think it suits you.,,
ID00230,00009a0b,42,「これでいい…気に入ってる」,That's good... I like it.,,
ID00230,00009a76,42,「お化け屋敷って、好きか？」,Do you like haunted houses?,,
ID00230,00009c76,39,「楽しいけど…怖くはない」,It's fun... but not scary.,,
ID00230,00009d02,45,「まぁ、お前ならそうだろうな」,"Well, that makes sense for you.",,
ID00230,00009ec2,30,「不意に現れた私に…,If I suddenly appear...,,
ID00230,00009eef,39,　お化けが驚くことはある」,The ghost might get a fright.,,
ID00230,00009f44,21,「ははははは」,Hahaha,,
ID00230,00009f9a,54,「来年は、一緒に夏祭りへ行きたいな」,"Next year, let's go to the summer festival.",,
ID00230,0000a1a6,24,「それは…ぜひ。,Sure...I'd love to.,,
ID00230,0000a1cd,51,　先輩と……人魂の列を…歩きたい」,Walking down the lantern line with you...,,
ID00230,0000a22e,42,「どこの祭りだ！　どこの！」,Which festival is it! Which one!,,
ID00230,0000a299,48,「１つだけ願いがかなうとしたら、,If only one wish could come true...,,
ID00230,0000a2d8,24,　なにを願う？」,What would you wish for?,,
ID00230,0000a483,30,「変わらぬ日常を…」,An unchanged everyday life...,,
ID00230,0000a4cf,45,「今のままでいいってことか？」,You mean you're happy as you are?,,
ID00230,0000a6d2,36,「そう……楽しい毎日…」,That's right... every day is fun...,,
ID00230,0000a724,21,「…そうだな」,"Yeah, you're right.",,
ID00230,0000a77a,60,「内魔って、将来どうするつもりなんだ？」,"What do you plan to do in the future, Inner Demon?",,
ID00230,0000a949,24,「神社を…継ぐ」,Take over the shrine...,,
ID00230,0000a98f,24,「ああ、そっか」,"Oh, right.",,
ID00230,0000ab3a,45,「親しみのある…神社にしたい」,Make it a place everyone loves...,,
ID00230,0000aba8,42,「誕生日って、いつなんだ？」,When's your birthday?,,
ID00230,0000ad65,21,「６月７日…」,June 7th...,,
ID00230,0000ada8,27,「ほぼ１年後か…。,Almost a year from now...,,
ID00230,0000add2,39,　なにかお祝いしないとな」,I should do something to celebrate.,,
ID00230,0000af8c,21,「…いいの？」,...Is that okay?,,
ID00230,0000b0fd,27,「当たり前だろ？」,Of course we can.,,
ID00230,0000b1aa,51,「では、境内で…お酒抜きの宴を…」,Let's have a party...without alcohol...,,
ID00230,0000b21e,57,「思わずやっちゃうクセって、あるか？」,Do you do stuff on impulse?,,
ID00230,0000b3ea,36,「つい…ニヤッと笑う…」,You can't help but grin...,,
ID00230,0000b43c,39,「ああ、よくしてるかもな」,"Yeah, I might do that too.",,
ID00230,0000b5f6,24,「フフフフフフ」,Heheheheh,,
ID00230,0000b64f,45,「動物って飼ったことあるか？」,You ever had a pet before?,,
ID00230,0000b869,60,「ない……けど、境内にはハトがいっぱい」,No...but there're tons of pigeons here.,,
ID00230,0000b90a,27,「へ～っ、いいな」,"Wow, that's cool",,
ID00230,0000bab8,15,「和む…」,So relaxing...,,
ID00230,0000bb08,27,「俺って、実は…」,"Actually, I'm...",,
ID00230,0000bcb6,36,「フフフ……問題ない…」,Heheh... no problem...,,
ID00231,00001c9c,54,「健康に気遣ってることってあるか？」,You do anything for your health?,,
ID00231,00001e65,42,「朝…お清めの水を被ってる」,I drink holy water in the morning.,,
ID00231,00001ebd,36,「水！？　真冬もか！？」,Cold water! Even in winter!?,,
ID00231,00002074,39,「身が引き締まって…いい」,It makes me feel alert...good.,,
ID00231,000020c9,27,「風邪引くなよ？」,"Don't catch a cold, okay?",,
ID00231,00002125,54,「前髪長くて、うっとうしくないか？」,Your bangs are so long. Don't they get annoying?,,
ID00231,000022ee,33,「慣れてるから…平気」,I'm used to it... I'm fine.,,
ID00231,0000233d,27,「慣れの問題か？」,Getting used to it?,,
ID00231,000024eb,21,「フフフフ…」,Hehehe...,,
ID00231,00002541,42,「血液型って、何型なんだ？」,What blood type are you?,,
ID00231,000026fe,15,「ＡＢ型」,AB,,
ID00231,000028a0,45,「秘めた…二面性……フフフ…」,Hidden...duality......Heheh...,,
ID00231,0000290e,54,「夏バテ解消法って、なにかあるか？」,Got any tips for beating the summer heat?,,
ID00231,00002b31,39,「暑いうちは外に…出ない」,Stay inside when it's hot.,,
ID00231,00002bbd,27,「わかりやすいな」,That's straightforward.,,
ID00231,00002c19,21,「健康って…」,Health...?,,
ID00231,00002dc1,36,「フフフ…病は気から…」,...Illness comes from the mind...,,
ID00231,00002e26,45,「座禅ってよくやってるのか？」,You do zazen a lot?,,
ID00231,00002fe6,60,「時々…阿武壬さんの喝を…受けたくなる」,Sometimes...I want to get Awamin's shout,,
ID00231,000031b5,45,「心の健全は…健やかな体の源」,A healthy mind is key.,,
ID00231,00003210,30,「まぁ…そうだよな」,"Well...that's true, isn't it?",,
ID00231,0000326f,60,「宿舎の大浴場って、足を伸ばして入れて、,"You can stretch out in it,",,
ID00231,000032ba,33,　ゆったりできるよな」,and relax.,,
ID00231,000034b1,33,「疲れが取れて…いい」,It helps you unwind...nice.,,
ID00231,00003513,36,「視力って、いい方か？」,Are your eyesight good?,,
ID00231,00003724,39,「良くない…０．３ぐらい」,Not good... around 0.3.,,
ID00231,00003779,42,「それじゃ、見づらいだろ？」,"Then it's hard to see, right?",,
ID00231,00003936,57,「心の目で見るから…大丈夫。フフフ…」,I'm using my mind's eye...so I'm fine. Hehehe...,,
ID00231,00003b15,51,「先輩…健康にいいこと…したい？」,"Want to do something healthy, senpai?",,
ID00231,00003b76,24,「ああ、まぁな」,"Yeah, I guess so.",,
ID00231,00003d21,57,「では…うちの神社の…健康水はいかが？,How about our shrine's...health water?,,
ID00231,00003d69,51,　祈祷済みの軟水で…霊験あらたか」,With blessed spring water...,,
ID00231,00003dca,48,「いやいや、霊験はいらねーから」,"No no, we don't need the spiritual power.",,
ID00231,00003f8d,33,「疲労回復に…効く！」,It helps with fatigue recovery!,,
ID00231,00003fdc,57,「色んなとこから怒られても知らねーぞ」,I don't give a damn if everyone gets mad at me.,,
ID00231,00004056,51,「内魔って、風邪引きやすい方か？」,You're the type that catches colds easily?,,
ID00231,00004276,42,「風邪は…引かない。けど…」,I don't get sick... but...,,
ID00231,000042ce,15,「けど？」,But?,,
ID00231,00004470,51,「祈祷の後は…熱が出ることがある。,After praying... sometimes you get a fever.,,
ID00231,000044b2,48,　色々…背負い込んでしまって…」,Carrying so much... on your shoulders...,,
ID00231,00004510,24,「そ、そうか…」,R-Right...,,
ID00231,00004569,21,「健康って…」,Health...?,,
ID00231,00004711,63,「医者で治らない時は…ぜひうちの神社へ…」,If the doctor can't help...,,
ID00231,00004791,51,「青汁って、時々ＣＭやってるけど、,"I've seen ads for green juice from time to time,",,
ID00231,000047d3,36,　健康に良さそうだよな」,Sounds like it's good for you.,,
ID00231,000049cd,21,「…よく飲む」,I drink it a lot.,,
ID00231,00004a47,39,「そうなのか？　効くか？」,Really? Does it work?,,
ID00231,00004c01,60,「効くかどうかは置いておいて…味が好き」,Whether or not it works... I just like the taste.,,
ID00231,00004c6b,33,「変わったヤツだな…」,You're weird...,,
ID00231,00004ccd,54,「風呂って、長い方か？　短い方か？」,"Do you take long baths, or short ones?",,
ID00231,00004e96,42,「お風呂も…お清めも…長い」,Baths... purifications... are long too.,,
ID00231,00004f01,51,「髪が長いと、手入れが大変だろ？」,"Long hair is hard to maintain, right?",,
ID00231,0000510a,60,「大丈夫…。生まれつき…痛みに強い髪質」,It's fine... My hair is naturally resistant to pain.,,
ID00231,00005174,36,「へ～っ、ラッキーだな」,"Wow, lucky you.",,
ID00231,0000532b,39,「両目も…しっかりガード」,Protect both eyes too...,,
ID00231,00005393,63,「なにか健康にいいことって、やってるか？」,Are you doing anything good for your health?,,
ID00231,00005565,21,「乾布摩擦…」,Dry skin friction...,,
ID00231,000055a8,39,「へ～っ、効果あるのか？」,"Wow, does it work?",,
ID00231,00005762,48,「皮膚を刺激すれば…自律神経が、,If you stimulate the skin...,,
ID00231,000057a1,48,　活性化される。免疫力が上がり…,Immunity will increase...,,
ID00231,000057e0,36,　風邪を引きにくくなる」,You'll get sick less often.,,
ID00231,00005832,33,「いいことずくめだな」,Sounds like all good stuff.,,
ID00231,00005a29,36,「お風呂でやると…いい」,Doing it in the bath... is nice.,,
ID00231,00005a8e,36,「季節の変わり目って…」,The change in seasons...,,
ID00231,00005c45,60,「体調を崩さないように…気をつけるべき」,We should be careful not to get sick.,,
ID00232,00001fb2,54,「バッテリー切れで、お前のスク水姿を,Couldn't see you...,,
ID00232,00001ff7,45,　録り損ったのは痛かったな…」,It really hurt me.,,
ID00232,000021e4,36,「その気にさせておいて…,Then you tease...,,
ID00232,00002217,39,　録らないのは、傷つく…」,That's what hurts.,,
ID00232,0000226c,21,「悪かったよ」,Sorry about that.,,
ID00232,0000246e,42,「準備は…整えておくべき…」,I should've been prepared...,,
ID00232,0000263e,51,「砂浜で見ていた夢は…どんな夢？」,What kind of dream were you having on the beach?,,
ID00232,0000269f,42,「え？　な、なんでもねーよ」,Huh? N-nothing!,,
ID00232,0000285c,18,「怪しい…」,Suspicious...,,
ID00232,0000289c,57,（くっ、女ってのはなんでこう鋭いんだ。,"Ugh, why are women so sharp.",,
ID00232,000028e4,63,　マリアさんのあられもない夢とは言えねー）,Even if it was Mariana's embarrassing dream...?,,
ID00232,00002964,48,「内魔って、泳ぎは得意な方か？」,"Are you a good swimmer, Inuma?",,
ID00232,00002b6a,36,「ゆっくりなら…泳げる」,If I take my time...I can swim.,,
ID00232,00002bf3,30,「一番得意なのは？」,Which is your best event?,,
ID00232,00002da4,36,「俗に言う…立ち泳ぎ…」,What they call...treading water...,,
ID00232,00002df6,24,「そ、そうか…」,R-Right...,,
ID00232,00002e4f,33,「苦手な泳ぎ方って？」,What bad swim?,,
ID00232,00003030,21,「クロール…」,Freestyle...,,
ID00232,000031d8,54,「つい…顔上げたまま泳いでしまう…」,I end up swimming with my head above water...,,
ID00232,0000324f,51,「海とプールならどっちが好きだ？」,"Which do you like better, the sea or a pool?",,
ID00232,00003415,12,「川…」,Rivers...,,
ID00232,000035b4,63,「奥地の…水のきれいな川が、一番楽しい…」,The clearest rivers are most fun...,,
ID00232,00003634,60,「こう暑いと、水泳の授業が待ち遠しいよ」,"When it's this hot, I can't wait for swim class",,
ID00232,00003803,48,「夏のプールは…一服の清涼剤…」,A summer pool is...a refreshing break,,
ID00232,00003874,21,「水泳って…」,"Swimming, huh...",,
ID00232,00003a1c,36,「まさに…夏の風物詩…」,Exactly...a summer tradition...,,
ID00232,00003be6,54,「プールで見ていた夢は…どんな夢？」,What dream did you see at the pool?,,
ID00232,00003c4a,42,「え？　な、なんでもねーよ」,Huh? N-nothing!,,
ID00232,00003e07,33,「どうにも…怪しい…」,It's just...suspicious...,,
ID00232,00003e56,60,（くっ、鋭い。まひろのあられもない夢とは,"Crap, that's sharp. Mahiro's perverted dream...",,
ID00232,00003ea1,18,　言えねー）,I can't say that!,,
ID00232,00003f25,33,（内魔の…スク水姿…）,Mahiro in her swimsuit...),,
ID00232,0000416f,12,「う…」,...,,
ID00232,000041f2,42,「先輩の視線は…容赦ない…」,Senpai's gaze is...merciless...,,
ID00232,000042c6,30,「わ、悪い、つい…」,"S-Sorry, I couldn't help it...",,
ID00232,00004477,39,「フフフ……脳内で…激録」,Heheh...recording it all in my head...,,
ID00232,000044df,30,「うちのプールって、,Our pool is...,,
ID00232,0000450c,42,　ゴージャスできれいだよな」,It's so fancy and clean.,,
ID00232,000046c9,51,「木のプールサイドが…お気に入り」,I like the wooden poolside area...,,
ID00232,0000473d,45,「うちのスク水のデザインって、,The design of our swimsuits is pretty sporty,,
ID00232,00004779,30,　スポーティだよな」,isn't it?,,
ID00232,0000496d,33,「悪くない…。けど…」,Not bad... but...,,
ID00232,00004b21,48,「旧スク水の方が…地味で好み…」,I like the old swimsuit better.,,
ID00232,00004b7f,39,「マニアックなヤツだなぁ」,You're such a weirdo.,,
ID00232,00004be7,57,「どんな水着のデザインが好みなんだ？」,What kind of swimsuit design do you like?,,
ID00232,00004db3,18,「ビキニ…」,Bikini...,,
ID00232,00004f21,27,「そうなのか！？」,Is that so!?,,
ID00232,00004fe4,45,「目は隠すけど…肌は隠さず…」,It hides the eyes... but not the skin...,,
ID00232,00005052,57,「どれぐらい水の中で潜っていられる？」,How long can you stay underwater?,,
ID00232,0000521e,45,「呼吸法により…４分は可能…」,"With proper breathing, about 4 minutes...",,
ID00232,00005279,21,「マジか！？」,Seriously!?,,
ID00232,00005421,24,「密かな…自慢」,My little secret pride,,
ID00232,0000547a,39,「この間、水泳の授業で…」,"Hey, about that swim class...",,
ID00232,00005634,39,「暑い日の水泳は…天国…」,Swimming on a hot day...is heaven...,,
ID00232,000056cd,33,（内魔の…スク水姿…）,Mahiro in her swimsuit...),,
ID00232,000057e9,12,「あ…」,...,,
ID00232,0000586c,27,「先輩…照れる…」,Senpai...you're blushing...,,
ID00232,00005931,30,「わ、悪い、つい…」,"S-Sorry, I couldn't help it...",,
ID00232,00005ae2,18,「フフフ…」,Hehehe...,,
ID00232,00005c9a,54,「一緒に行ったプール…楽しかった…」,That pool we went to together...was so much fun...,,
ID00232,00005e2c,63,「そうだな。前髪を上げたお前も見られたし」,"Yeah, they saw you with your bangs up too",,
ID00232,00006053,42,「素顔は…滅多に見せない…」,My real face...I don't show it often...,,
ID00232,0000626a,51,「かわいいって……言ってくれた…」,You said I was cute...,,
ID00232,000062de,63,「水泳の授業の後って、猛烈に眠くなるよな」,"After swim class, you get super sleepy, right?",,
ID00232,000064b0,54,「目が隠れてるから…寝てもバレない」,My eyes are hidden...no one will notice.,,
ID00232,00006514,39,「うらやましいよ、ったく」,"Jealous, damn it.",,
ID00232,0000657c,39,「飛び込みって、得意か？」,"You're good at diving, right?",,
ID00232,00006790,36,「苦手…。足から着水…」,Not really... I land from my feet...,,
ID00232,00006910,21,「臆病だなぁ」,You're so scared.,,
ID00232,00006ab8,27,「慎重…と言って」,Careful...you could say,,
ID00232,00006b14,42,「もうすぐ泳ぎ納めだけど…」,Swimming's ending soon...,,
ID00232,00006cd1,24,「名残惜しい…」,I don't wanna leave...,,
ID00233,00002dfa,60,「うちの学校って、スポーツが盛んだよな」,"Our school's really into sports, right?",,
ID00233,0000300c,51,「これだけ施設が整ってれば…当然」,With all these facilities... it's only natural.,,
ID00233,000031d2,39,「激録のチャンスも…多い」,There are lots of intense chances.,,
ID00233,0000323a,57,「１年の体育って、なにやってるんだ？」,What do first-years do in PE?,,
ID00233,00003406,51,「バレーボールか…ソフトボール…」,Volleyball or softball...,,
ID00233,00003595,36,「どっちが好きなんだ？」,Which one do you like better?,,
ID00233,0000374c,27,「バレーボール…」,Volleyball...,,
ID00233,000038fa,57,「激しいスパイクを取った瞬間は…快感」,It feels great when you block a hard spike.,,
ID00233,00003974,54,「好きなスポーツってなにかあるか？」,What's your favorite sport?,,
ID00233,00003b6a,63,「サッカーは…蹴鞠のようで…嫌いじゃない」,I don't hate soccer... it feels like kicking a ball.,,
ID00233,00003bea,39,「内魔って、体は固い方か？,Are you the stiff type or...,,
ID00233,00003c20,27,　柔らかい方か？」,the flexible type?,,
ID00233,00003dce,27,「すごく…固い…」,You're really... stiff...,,
ID00233,00003fd6,39,「柔軟性は…求めてない…」,I'm not looking for flexibility...,,
ID00233,0000403e,48,「創作ダンスって、得意な方か？」,Are you good at creative dancing?,,
ID00233,00004244,60,「和のテイストを取り入れた動きが…好評」,Moves with Japanese flair are... popular.,,
ID00233,000042ae,15,「へ～っ」,Wow...,,
ID00233,00004450,45,「残念ながら…速いテンポには、,Unfortunately...,,
ID00233,0000448c,30,　ついていけない…」,can't keep up with it...,,
ID00233,000044eb,60,「うちの体操服って、学年で色分けされてる,"Our gym uniforms are color-coded by grade,",,
ID00233,00004536,39,　けど、何色が一番いい？」,but which one's the best?,,
ID00233,000046f0,36,「今着てる…朱色がいい。,The red you're wearing now...,,
ID00233,00004723,36,　巫女服と…同じ色合い」,It matches my shrine outfit.,,
ID00233,00004788,63,「テレビでよく見るスポーツって、あるか？」,Have you ever seen any sports on TV?,,
ID00233,0000495a,63,「ニュースでたまに出る…やぶさめに釘付け」,I'm glued to it on the news.,,
ID00233,000049c7,60,「ま、まぁ、あれもスポーツと言えるか…」,"W-well, you could call that a sport...",,
ID00233,00004a44,39,「内魔って、運動神経は…」,Iori's athletic ability is...,,
ID00233,00004c58,30,「あまり良くない…。,not so great...,,
ID00233,00004c85,42,　見た目通り、活発ではない」,"She's not very active, like she looks.",,
ID00233,00004cdd,18,「そうか…」,Oh...,,
ID00233,00004d30,51,「炎天下の体育って、きついよなぁ」,"Sports in this heat are brutal, huh?",,
ID00233,00004ef6,39,「修行…と思うしかない…」,All I can do is see it as training.,,
ID00233,00004f5e,27,「夏の体育って…」,Summer sports are...,,
ID00233,0000510c,36,「体力の限界に…挑戦…」,Pushing our limits...,,
ID00233,000052d6,51,「体育館で見ていた夢は…どんな夢？,What kind of dream did you see in the gym?,,
ID00233,00005318,27,　私に…話すべき」,I should tell you about it.,,
ID00233,000053a5,45,「な、なな、なんでもねーって」,"N-no, it's nothing.",,
ID00233,00005565,51,「夢の内容は…妖かしを説き明かす…,The dream was about explaining the yokaishi...,,
ID00233,000055a7,24,　ヒントになる」,It might be a clue.,,
ID00233,0000571b,60,「あ、妖かしとか、オカルトだ、オカルト。,"A-About the yokaishi... It's all occult, occult.",,
ID00233,00005766,63,　お前が録ってもなんにも映らなかっただろ」,"You didn't record anything, right?",,
ID00233,00005938,12,「む…」,Ugh...,,
ID00233,000059c6,54,（凜世のあられもない夢とは言えねー。,"I mean, even if it was Rinze's perverted dream.",,
ID00233,00005a0b,21,　初等部だぞ）,It's elementary.,,
ID00233,00005a7d,54,（妃月のあられもない夢とは言えねー。,"I mean, even if it was Himeragi's perverted dream.",,
ID00233,00005ac2,21,　初等部だぞ）,It's elementary.,,
ID00233,00005cac,60,「体育館で見ていた夢…。恋人の…なに？」,The dream I saw in the gym... My lover's... what?,,
ID00233,00005d16,39,「な、なんでもねーって！」,N-No way!,,
ID00233,00005ed0,42,「妖しい…。私に…話すべき」,Creepy... I should tell you about it.,,
ID00233,00005f28,63,「き、気にすんな、マジでなんでもねーから」,"D-Don't worry, seriously, it's nothing!",,
ID00233,000060fa,12,「む…」,Ugh...,,
ID00233,00006134,54,（相良さんとキスしそうになったとか、,(I almost kissed Sagara... I can't say that.),,
ID00233,00006179,63,　言えねー。どんだけ欲求不満なんだよ、俺）,"(How much do you want me, man?)",,
ID00233,0000622a,30,（内魔の体操服姿…）,(Miu in her PE uniform...),,
ID00233,0000645f,30,「生足に…釘付け…」,Stuck on her bare legs...,,
ID00233,00006552,27,「わ、悪い、つい」,"S-Sorry, I couldn't help.",,
ID00233,000065d2,33,「悪い気は…しない…」,Don't feel bad at all...,,
ID00233,00006634,60,「春の体育祭は、なんの種目に出たんだ？」,What events did you join?,,
ID00233,00006803,18,「綱引き…」,...tug-of-war,,
ID00233,00006843,24,「勝ったのか？」,Did you win?,,
ID00233,00006a1b,15,「惨敗…」,We lost...,,
ID00233,00006c17,60,「私のかけ声を聞くと…力が抜けると不評」,It seems they didn't like my cheering...,,
ID00233,00006c81,39,「どんな感じだったんだ？」,How was it?,,
ID00233,00006e3b,45,「そ～～れ～～、そ～～れ～～」,"Soooo, sooo",,
ID00233,00006e96,33,「はははは、確かにな」,"Hahaha, yeah, that's true",,
ID00233,00006ef8,39,「懸垂って、何回できる？」,How many pull-ups can you do?,,
ID00233,0000710c,57,「１回も無理…。ただ…ぶら下がるだけ」,Not even one... Just hanging there.,,
ID00233,000072d8,24,「ぶらぁ～～ん」,Swing~,,
ID00233,0000731e,36,「怖い言い方すんなって」,"Don't say it like that, it's scary",,
ID00233,00007383,63,「体育の後は、水分補給を忘れないようにな」,"After P.E., don't forget to hydrate yourself.",,
ID00233,00007555,48,「言われなくても…水をがぶ飲み」,Even without being told... I chug water.,,
ID00233,00007718,36,「運動の後の水は…格別」,Water after exercise is... special,,
ID00233,0000777d,36,「体育のソフトボールで、,"Softball in P.E.,",,
ID00233,000077b0,51,　守ってるポジションってどこだ？」,What position are you playing?,,
ID00233,000079a3,18,「ライト…」,Right field...,,
ID00233,00007a74,36,「打球が飛んでこないと…,If the ball doesn't come to me...,,
ID00233,00007aa7,33,　存在が薄れていく…」,my presence fades away...,,
ID00233,00007b09,51,「その前髪、体育の時、邪魔だろ？」,"That fringe... it's in your way during P.E., right?",,
ID00233,00007ccf,60,「校庭だと…砂が目に入らない利点…あり」,No sand in my eyes...,,
ID00233,00007d39,30,「そっか、便利だな」,"Oh yeah, that is convenient.",,
ID00233,00007eea,63,「表情がわからないから…駆け引きにも有利」,Can't read your expressions...,,
ID00233,00007f6a,36,「体操部の練習見てると、,"Watching the gymnastics practice,",,
ID00233,00007f9d,45,　運動神経いいなぁって思うよ」,I think you're really good at sports.,,
ID00233,0000818a,33,「Ｅ動画部は…出禁…。,E-Douga Club's banned.,,
ID00233,000081ba,54,　堂々と録れる先輩が…うらやましい」,Being able to record it boldly makes me jealous.,,
ID00233,000083a6,45,「忍び込めばいいじゃないか？」,Why don't you just sneak in?,,
ID00233,00008566,30,「規則は…守る主義」,I believe in following rules.,,
ID00233,000085c5,54,「炎天下の持久走って、きついよなぁ」,"It's tough running in this heat, isn't it?",,
ID00233,0000878e,24,「地獄の行軍…」,Hellish march...,,
ID00233,00008939,36,「精神は…鍛えられる…」,Mental strength gets built up too.,,
ID00233,0000899e,39,「腹筋は何回できるんだ？」,How many crunches can you do?,,
ID00233,00008b58,33,「１０回程度は…可能」,Should be possible.,,
ID00233,00008d0c,42,「ただし…やりたくはない…」,But... I don't really want to...,,
ID00233,00008d77,21,「運動って…」,Exercise is...,,
ID00233,00008f4c,30,「それなりに…やる」,Something you have to do...,,
ID00233,00008fab,60,「キックターゲットは、ちゃんと蹴った方が,"If you're a kick target, it's more fun if you",,
ID00233,00008ff6,21,　楽しいぞ？」,kick properly?,,
ID00233,0000919e,30,「フフフ…そんなに、,"Heheh... Not that many,",,
ID00233,000091cb,51,　ひるがえるスカートが…お望み？」,to fly up?,,
ID00233,0000922c,54,「違っ！　スカッとするってことだよ」,No! I meant it'd be refreshing!,,
ID00233,000093f5,42,「そういうことにしておく…」,I'll take that as the answer...,,
ID00233,0000944d,18,「ったく…」,...Man...,,
ID00233,000094d1,30,（内魔の体操服姿…）,(Miu in her PE uniform...),,
ID00233,00009718,45,「そんなに見られると…照れる」,It makes me blush.,,
ID00233,0000980d,27,「わ、悪い、つい」,"S-Sorry, I couldn't help.",,
ID00233,000099e8,24,「嫌では…ない」,I don't really mind...,,
ID00233,00009a41,45,「キャンプへ行くなら、海と山、,"If we camp, beach or mountains.",,
ID00233,00009a7d,27,　どっちがいい？」,Which is better?,,
ID00233,00009c2b,15,「樹海…」,Jungle...,,
ID00233,00009c68,51,「ハァ！？　迷ったらどうすんだ！」,Hah!? What if I hesitate?,,
ID00233,00009e2e,54,「道は…霊が教えてくれる。フフフ…」,Spirits will show you. Heheh...,,
ID00233,00009e92,45,「…地獄へ誘い込まれそうだな」,I might end up being lured into hell.,,
ID00233,00009f00,57,「神社の境内って、子供の遊び場だったり,A shrine's grounds are like a playground for kids,,
ID00233,00009f48,18,　するよな」,right?,,
ID00233,0000a11a,54,「私も…子供のころ、よく走り回った」,I used to run around a lot when I was little too.,,
ID00233,0000a33d,39,「鬼ごっこして…本物の鬼が,The real ghost...,,
ID00233,0000a373,33,　追いかけてきたり…」,chase us sometimes...,,
ID00233,0000a4f0,33,「いやいや、怖ェから」,"Nah, that's too scary.",,
ID00233,0000a552,48,「短パンとブルマ、選べるとしたら,Would you choose shorts or a bikini bottom?,,
ID00233,0000a591,27,　どっちを選ぶ？」,Which one?,,
ID00233,0000a73f,18,「ブルマ…」,A bikini bottom...,,
ID00233,0000a77f,36,「おっ、そうなのか！？」,"Oh, really?",,
ID00233,0000a979,60,「上着で隠して…チラッと見えるブルマは…,Peeking bikini bottom...,,
ID00233,0000a9c4,12,　至高」,the best.,,
ID00233,0000aa11,42,「スポーツのユニフォームって,A sports uniform...,,
ID00233,0000aa4a,63,　色々あるけど、着てみたいのってあるか？」,is there one you want to try on?,,
ID00233,0000ac1c,15,「剣道…」,Kendo...,,
ID00233,0000ac59,24,「色気ねーなぁ」,No sex appeal.,,
ID00233,0000ae04,30,「むしろ…完全防備」,More like...full armor up.,,
ID00233,0000ae63,45,「ミツミキャンプが終わったら、,Check out my room later.,,
ID00233,0000ae9f,36,　ジャージに衣替えだな」,Changing to tracksuit.,,
ID00233,0000b056,54,「ジャージ…好き。地味な良さがある」,Joggers...I like them. They've got a subtle charm.,,
ID00233,0000b0cd,39,「ウインタースポーツなら、,What about winter sports?,,
ID00233,0000b103,33,　なにが好きなんだ？」,What do you like?,,
ID00233,0000b2b7,27,「スノーボード…」,Snowboarding...,,
ID00233,0000b300,36,「へ～っ、そうなのか？」,"Huh, really?",,
ID00233,0000b4b7,48,「両足を拘束される感じが…いい」,Having both feet restrained feels... good,,
ID00233,0000b528,48,「もうすぐ、スポーツの秋だし…」,It's almost sports season again...,,
ID00233,0000b72e,30,「私も…つき合う…」,I'll go along...,,
ID00234,00001cde,51,「Ｅ動画部のお茶会、楽しかったな」,E-Douga Club's tea party was fun.,,
ID00234,00001ea4,48,「フフフ…また、いつでもできる。,Heheh... We can do it again anytime.,,
ID00234,00001ee3,39,　お供えなら、毎日ある…」,"If you need offerings, they're here.",,
ID00234,000020b0,60,「ブックカフェの抹茶ラテは…おいしい…」,The matcha latte at Book Cafe is... delicious...,,
ID00234,00002248,48,「お前んちの茶屋で出せそうか？」,Can you serve it at your place's teahouse?,,
ID00234,00002465,51,「まだまだ…試飲を続けなければ…」,Not yet... I still need to keep tasting it...,,
ID00234,000025f4,33,「飲みたいだけだろ？」,"You just wanna drink it, right?",,
ID00234,000027e7,27,「そうとも言う…」,That's also true.,,
ID00234,00002843,51,「よく飲む飲みものって、なんだ？」,What's your usual drink?,,
ID00234,00002a09,27,「水か、日本茶…」,"Water, Japanese tea...",,
ID00234,00002a52,45,「日本茶ならなにがいいんだ？」,"If it's Japanese tea, what do you like?",,
ID00234,00002c12,54,「好きなのは…抹茶…。香りがいい…」,I like... matcha... the smell is nice...,,
ID00234,00002c89,48,「好きなジュースって、なんだ？」,What juice do you like?,,
ID00234,00002e4c,30,「ミカンジュース…」,Mikan juice...,,
ID00234,00002fc6,36,「オレンジってことか？」,So orange?,,
ID00234,0000317d,57,「そこは…ミカンにこだわりたいとこ…」,"Actually, I'm particular about mikan...",,
ID00234,000031f7,33,「小腹が空いたときに、,"I get hungry between meals,",,
ID00234,00003227,45,　よく食べるものってなんだ？」,What do you usually eat?,,
ID00234,000033e7,54,「おせんべいは…よくできた非常食…」,Crispy rice crackers... good emergency food.,,
ID00234,0000345e,60,「おにぎりの具なら、なにが好きなんだ？」,What do you like in your onigiri fillings?,,
ID00234,0000362d,48,「塩むすびに、たくあんが…一番」,Pickled turnips go best with salted rice balls.,,
ID00234,0000368b,30,「シブい好みだなぁ」,You've got some serious taste.,,
ID00234,000036ea,39,「夏の飲みものといえば…」,When it comes to summer drinks...,,
ID00234,000038a4,36,「悪くない…チョイス…」,Not bad... choice...,,
ID00234,00003909,51,「ポテチなら、何味が好きなんだ？」,What flavor of potato chips do you like?,,
ID00234,00003acf,45,「のり塩……止まらぬおいしさ」,Seaweed salt... addictive deliciousness,,
ID00234,00003b3d,51,「パンケーキって流行ってるよなぁ」,"Pancakes are totally in, right?",,
ID00234,00003d03,42,「私は…バターとハチミツの…,I like... butter and honey...,,
ID00234,00003d3c,33,　ホットケーキが好き」,hotcakes.,,
ID00234,00003f1d,60,「カフェで食べるより…家で作る方がいい」,Better to make them at home than eat them in a cafe,,
ID00234,00003f9a,51,「サンドイッチでよく食べるのって、,The sandwiches I often eat are,,
ID00234,00003fdc,18,　なんだ？」,What's that?,,
ID00234,00004181,39,「コンビニでよく買うのは…,The ones I often buy at the c...,,
ID00234,000041b7,54,　ツナとたまごのコンビ。おいしい…」,Tuna and egg combo. It's delicious...,,
ID00234,0000422e,45,「ファミレスのドリンクバーで、,"From the drink bar at family restaurants,",,
ID00234,0000426a,39,　よく飲むのってなんだ？」,What do you usually drink?,,
ID00234,00004424,24,「温かいお茶…」,Hot tea...,,
ID00234,0000446a,42,「ソーダとか飲まないのか？」,Don't you ever drink soda or anything?,,
ID00234,00004627,57,「かえってのどが渇く…。お茶がベスト」,It just makes me thirstier... Tea is best.,,
ID00234,000046a1,42,「暑いからって、冷たいものを,"'Cause it's hot, so cold stuff",,
ID00234,000046da,36,　飲み過ぎないように…」,Don't overdo it...,,
ID00234,00004891,36,「先輩も…気をつけて…」,Senpai... be careful too...,,
ID00234,000048f6,57,「１０００円のペットボトルのお茶って、,A thousand yen for a bottle of tea...,,
ID00234,0000493e,18,　あるよな」,Yeah.,,
ID00234,00004ae3,57,「あれは…ペットボトルじゃなくて、瓶」,"That's... not a plastic bottle, but a glass bottle.",,
ID00234,00004b4a,57,「へ～っ、そうなのか。飲んでみたか？」,"Wow, really? You tried it?",,
ID00234,00004d70,30,「無理…買えない…。,Can't... I can't afford it...,,
ID00234,00004d9d,54,　１０００円出すなら、自分で淹れる」,"If I'm gonna spend a thousand yen, I'll make my own.",,
ID00234,00004e01,24,「そうだよな…」,"Yeah, you're right...",,
ID00234,00004e5a,51,「お酒って、飲める方だと思うか？」,Do you think you can drink alcohol?,,
ID00234,00005063,30,「おそらく…飲める。,Probably... I can.,,
ID00234,00005090,39,　うちの家系は…代々酒豪」,Our family's always been big drinkers.,,
ID00234,000050e5,33,「へ～っ、そうなのか」,"Wow, I didn't know that.",,
ID00234,00005299,54,「神社ゆえに…日本酒は、常にある…」,Sake's always here 'cause it's a shrine.,,
ID00234,00005310,36,「茶道部に入りたいって、,I want to join the tea club...,,
ID00234,00005343,39,　思ったことはないのか？」,You've never even considered it?,,
ID00234,000054fd,48,「一通りの作法は知ってる…無用」,I know all the basic procedures... unnecessary.,,
ID00234,0000556e,48,「コンビニのホットスナックなら、,What about convenience store hot snacks?,,
ID00234,000055ad,27,　なにが好きだ？」,What do you like?,,
ID00234,0000575b,54,「冬の寒い日に食べる肉まんは…至高」,Steamed buns on a cold winter day... are the best.,,
ID00234,000057bf,30,「ああ、うまいよな」,"Ah, they're so good.",,
ID00234,00005970,45,「立ち上る湯気が…たまらない」,The steam rising up... is irresistible.,,
ID00234,000059de,42,「この間、飲んだんだけど…」,The other day I had one...,,
ID00234,00005b9b,30,「それは…私好み…」,That's right up my alley.,,
ID00235,00001b6c,45,「学校帰りに食ったアイスバー、,"The ice pop I had after school today,",,
ID00235,00001ba8,27,　うまかったなぁ」,was really tasty.,,
ID00235,00001d56,36,「どんな…アイスバー？」,An ice pop? What kind of...?,,
ID00235,00001da8,63,「今度教えてやるよ。体もすっげぇ冷えるぞ」,I'll tell you next time. It's seriously cold though.,,
ID00235,00001fbd,15,「ぜひ…」,I'd love to...,,
ID00235,0000200d,39,「甘いものって、好きか？」,Do you like sweets?,,
ID00235,0000220a,39,「もちろん…好き。なぜ？」,"Well, yeah... Why do you ask?",,
ID00235,0000225f,51,「もしかしたら、苦手かと思ってな」,I was wondering if maybe you didn't.,,
ID00235,00002425,39,「甘いものには…目がない。,I'm a sucker for sweets.,,
ID00235,0000245b,36,　いつも隠れてるけど…」,Even though I hide it...,,
ID00235,000025e8,18,「はははは」,Hahaha,,
ID00235,0000263b,42,「好きなケーキってなんだ？」,What's your favorite cake?,,
ID00235,000027f8,30,「パウンドケーキ…」,Pound cake...,,
ID00235,000029ec,30,「日持ちして…いい」,It lasts well...,,
ID00235,00002a4b,54,「コンビニでよく買うスイーツって？」,Sweets you often buy at the convenience store?,,
ID00235,00002c14,63,「バウムクーヘン…。ドーナツも捨てがたい」,Bauernkuchen... Doughnuts are tempting too,,
ID00235,00002c94,54,「ドーナツで好きなのって、なんだ？」,What kind of doughnut do you like?,,
ID00235,00002e5d,60,「チョコに…ココナッツがまぶしてあるの」,With chocolate... and coconut sprinkled on top,,
ID00235,0000302c,60,「白と黒のコントラストと、香りが…いい」,The contrast and smell are great.,,
ID00235,000030a9,42,「コンビニのスイーツって…」,Convenience store sweets are...,,
ID00235,000032a9,24,「手軽で…いい」,It's simple... and good.,,
ID00235,00003302,51,「アイスなら、何味が好きなんだ？」,What flavor of ice cream do you like?,,
ID00235,000034c8,15,「抹茶…」,Matcha...,,
ID00235,0000366a,36,「抹茶とミルクは…合う」,Matcha and milk go well together,,
ID00235,000036cf,33,「和菓子と洋菓子なら、,"If it's sweets,",,
ID00235,000036ff,36,　どっちが好きなんだ？」,which one do you like better?,,
ID00235,000038b6,30,「もちろん…和菓子。,"Of course, traditional sweets.",,
ID00235,000038e3,45,　洋菓子は…たまに食べる程度」,Western ones are... just an occasional treat,,
ID00235,00003951,45,「和菓子で一番好きなのって？」,What's your favorite type of wagashi?,,
ID00235,00003b11,51,「ようかん…。味よし…日持ちよし」,Yokan... tasty and lasts a long time,,
ID00235,00003b85,57,「コンビニの和菓子でよく買うのって？」,Which convenience store wagashi do you buy often?,,
ID00235,00003d51,60,「わらび餅。手軽に食べられて…うれしい」,Warabimochi. It's easy to eat and makes me happy,,
ID00235,00003dce,39,「夏のスイーツといえば…」,When it comes to summer sweets...,,
ID00235,00003f88,42,「冷たい甘味は…一服の涼…」,Cold desserts are like a refreshing break,,
ID00235,00003ff3,54,「菓子パンで好きなのって、なんだ？」,What's your favorite sweet bread?,,
ID00235,000041bc,21,「あんパン…」,Anpan...,,
ID00235,00004364,54,「粒あんとこしあんなら…こしあん派」,I prefer sticky rice paste.,,
ID00235,000043db,36,「ケーキバイキングって、,Cake buffet...,,
ID00235,0000440e,33,　行ったことあるか？」,Ever tried one?,,
ID00235,0000461c,54,「ない…。ケーキは１つ食べれば十分」,No... one piece of cake is enough for me.,,
ID00235,000047ae,60,「和菓子バイキングがあったら、どうだ？」,How about a Japanese confectionery buffet?,,
ID00235,0000497d,63,「おいしい抹茶があれば…３つは食べられる」,"If there's good matcha, I could eat three pieces.",,
ID00235,000049fd,60,「小倉トーストって、食ったことあるか？」,Ever had a red bean toast?,,
ID00235,00004c26,51,「朝から…あんとバターは…重い…」,Since morning... anko and butter is... heavy...,,
ID00235,00004dec,51,「一度食べてみたいとは…思ってる」,I've been wanting to try it once...,,
ID00235,00004e60,42,「女子に人気の、駅前モールの,Popular with girls...,,
ID00235,00004e99,54,　ジェラートの店って、よく行くか？」,You go to gelato shops often?,,
ID00235,00005062,54,「あそこの…抹茶ジェラートは…絶品」,The matcha gelato there... is amazing.,,
ID00235,0000522b,48,「境内の茶屋で…取り入れねば！」,Let's get it at the tea house.,,
ID00235,0000529c,27,「スイーツって…」,Sweets are...,,
ID00235,0000544a,39,「甘いものは…心が和む…」,Sweet things... calm the soul...,,
ID00236,00002cfa,48,「朝ご飯、ちゃんと食べてるか？」,Are you eating breakfast properly?,,
ID00236,00002f00,48,「食べてる…。ご飯と、お味噌汁」,I am... Rice and miso soup.,,
ID00236,000030c3,60,「和食か。宿舎の朝食は、焼き立てのパンが,Japanese food? Bread.,,
ID00236,0000310e,24,　好評だけどな」,"It's popular, you know.",,
ID00236,000032b9,33,「朝は…ご飯がいい…」,I like... rice in the morning...,,
ID00236,0000331b,54,「和食と洋食、どっちが好きなんだ？」,Do you prefer Japanese or Western food?,,
ID00236,000034e4,21,「断然…和食」,I definitely do.,,
ID00236,0000353a,42,「和食で一番好きなのって？」,What's your favorite Japanese dish?,,
ID00236,000036f7,21,「豆腐料理…」,Tofu dishes...,,
ID00236,0000373a,42,「へ～っ、豆腐が好きなのか」,"Oh~, you like tofu?",,
ID00236,000038f7,63,「煮てよし…揚げてよし…そのままでよし…、,"Boiled, fried, or raw.",,
ID00236,00003945,15,　万能…」,Versatile...,,
ID00236,00003995,48,「豆腐料理で一番好きなのって？」,What's your favorite tofu dish?,,
ID00236,00003b58,18,「冷や奴…」,Cold tofu...,,
ID00236,00003b98,27,「シンプルだな…」,"Simple, huh...",,
ID00236,00003d46,42,「角がピンと立ったお豆腐に…,Sharp corners on the tofu...,,
ID00236,00003d7f,63,　薬味を少し乗せ…しょう油をサッとかけて…,"Add condiments, soy sauce...",,
ID00236,00003dcd,18,　いただく」,I'll dig in.,,
ID00236,00003f72,21,「おいしい…」,It's delicious...,,
ID00236,00003fc8,54,「冷や奴なら、寄せ豆腐もうまいよな」,Cold mixed bean curd's great.,,
ID00236,00004191,18,「味は…ね」,The taste... well,,
ID00236,000041d1,45,「味が良ければいいじゃないか」,"If it tastes good, isn't that enough?",,
ID00236,000043be,51,「四角いお豆腐の上に乗った薬味…。,The toppings on top of the square tofu...,,
ID00236,00004400,42,　それこそ、完成された美…」,That's true beauty.,,
ID00236,0000446b,33,「麻婆豆腐は好きか？」,Do you like mapo tofu?,,
ID00236,00004662,21,「もちろん…」,Of course...,,
ID00236,0000480a,57,「腕のいいお店は…豆腐の形を崩さずに、,A good restaurant can stir-fry the toppings,,
ID00236,00004852,27,　上手に炒める…」,Stir-fry well...,,
ID00236,00004a00,18,「職人芸…」,It's a craft...,,
ID00236,00004a53,63,「食堂のメニューで好きなのって、なんだ？」,What's your favorite from the cafeteria menu?,,
ID00236,00004c25,18,「うどん…」,Udon...,,
ID00236,00004d93,60,「そうなのか？　ラーメンの方が人気だぞ」,Really? Ramen's more popular.,,
ID00236,00004f62,36,「あっさりしてて…いい」,It's light... I like it.,,
ID00236,00004fc7,57,「うどんのトッピングで好きなのって？」,What toppings do you like on your udon?,,
ID00236,00005193,18,「お揚げ…」,Aburaage...,,
ID00236,000051d3,36,「ああ、きつねうどんか。,"Ah, so it's kitsune udon.",,
ID00236,00005206,39,　出汁を吸ってうまいよな」,The broth tastes great.,,
ID00236,000053c0,39,「きつねうどんのきつねは…,The 'kitsune' in kitsune udon...,,
ID00236,000053f6,60,　神社のお供えの油揚げが由来…フフフ…」,It comes from shrine offerings...,,
ID00236,00005473,51,「苦手な食べものって、ないのか？」,You don't have any foods you hate?,,
ID00236,00005639,33,「クドい料理が…苦手。,I can't stand fatty dishes.,,
ID00236,00005669,45,　あっさりした味付けが…好み」,Lightly seasoned food... is my thing.,,
ID00236,000056d7,39,「いつも食べる料理って…」,Always the same dishes...,,
ID00236,000058d4,45,「そう…おいしすぎるのも…罪」,Too good... is a sin too...,,
ID00236,00005942,45,「せっかくの家庭科なんだから、,"It's home ec after all, so",,
ID00236,0000597e,54,　ご飯だけじゃなく、おかずも作れよ」,"Don't just make rice, do some side dishes too!",,
ID00236,00005b47,45,「おかずは…他の子にお任せ…」,The side dishes... I'll leave to others...,,
ID00236,00005d07,48,「私は…丹精に米をとぎ……炊く」,I... carefully rinse and cook the rice...,,
ID00236,00005d65,57,「まぁ、うまかったけどな、あのご飯は」,"Well, that rice was pretty good.",,
ID00236,00005ddf,39,「夏の定番料理といえば？」,What's a summer classic?,,
ID00236,00005f99,27,「冷やし…うどん」,Cold...udon,,
ID00236,00006110,33,「そうめんじゃなく？」,How about somen instead?,,
ID00236,000062c4,45,「そうめんより…うどんの方が、,"Somen aside...udon's better,",,
ID00236,00006300,36,　のど越しを楽しめる…」,You can enjoy the texture...,,
ID00236,00006365,45,「得意料理ってなにかあるか？」,Do you have any specialties?,,
ID00236,00006525,21,「塩にぎり…」,Salted sushi...,,
ID00236,00006696,18,「そうか…」,Oh...,,
ID00236,0000683b,60,「炊きたてのご飯を握るのは…熱くて大変」,Making sushi with hot rice...,,
ID00236,000068b8,51,「寿司のネタで一番好きなのって？」,What's your favorite sushi topping?,,
ID00236,00006a7e,21,「カッパ巻き」,Kappa maki,,
ID00236,00006ac1,18,「渋いな…」,That's cool...,,
ID00236,00006c66,51,「ワサビとキュウリは…相性抜群…」,Wasabi and cucumber... go great together...,,
ID00236,00006cda,36,「納豆って、食えるか？」,Can you eat natto?,,
ID00236,00006ed4,45,「もちろん…かき混ぜるための、,Of course... I've got special chopsticks for,,
ID00236,00006f10,36,　専用のお箸も持ってる」,mixing it up.,,
ID00236,00006f62,36,「そんなのがあるのか？」,Is there such a thing?,,
ID00236,00007119,39,「先が太くて…混ぜやすい」,Thick at the end... easier to mix.,,
ID00236,000072d3,27,「ひと味…違う！」,That's a whole new level!,,
ID00236,0000732f,60,「夏バテにはネバネバが効くっていうよな」,Sticky foods help in summer...,,
ID00236,000074fe,60,「特に山芋は…山のうなぎと呼ばれるほど、,Yamaimo’s super sticky...,,
ID00236,00007549,30,　滋養強壮にいい…」,So nourishing...,,
ID00236,00007595,57,「へ～っ、そうなのか。効きそうだなぁ」,"Hmm~, really? It seems effective.",,
ID00236,0000760f,54,「外食で好きなのって、どんな店だ？」,What kind of restaurant do you like eating out at?,,
ID00236,000077d8,24,「ファミレス…」,Famiresu...,,
ID00236,0000781e,24,「そうなのか？」,Is that so?,,
ID00236,000078de,39,「だいたい…和定食がある」,Basically... there's a set menu.,,
ID00236,00007946,51,「学校帰りに食う、ハンバーガーって,You know how burgers are good after school...,,
ID00236,00007988,30,　うまいんだよなぁ」,"They're really tasty, right?",,
ID00236,00007b7c,30,「気持ちは…わかる」,I get what you mean.,,
ID00236,00007bc8,54,「ハンバーガーなら、なにが好きだ？」,What kind of burger do you like?,,
ID00236,00007d91,30,「テリヤキバーガー。,Teriyaki burger.,,
ID00236,00007dbe,51,　照り焼きは…日本の誇る料理技法」,Teriyaki's a proud dish.,,
ID00236,00007e32,45,「グルメ番組って、見る方か？」,You're watching a gourmet show?,,
ID00236,00008035,48,「ひなびた温泉宿の…料理なら…」,The food's usually great.,,
ID00236,000080ca,33,「また、渋い番組を…」,Another boring show...,,
ID00236,0000827e,60,「温泉と…おいしい料理のセットは…鉄板」,Hot springs with yummy meals.,,
ID00236,000082fb,42,「好きなパスタってあるか？」,Do you have any pasta that you like?,,
ID00236,000084b8,24,「和風パスタ…」,Japanese-style pasta...,,
ID00236,00008535,54,「きのこのしょう油風味のパスタとか…,Like pasta with a soy sauce flavor from mushrooms...,,
ID00236,0000857a,18,　おいしい」,It tastes good.,,
ID00236,000085cd,42,「この間、食べたんだけど…」,I had it the other day...,,
ID00236,000087cd,54,「それは…なかなか、食欲をそそる…」,That's... pretty damn appetizing...,,
ID00236,00008844,42,「焼肉で一番好きなのって？」,What's your favorite thing about BBQ?,,
ID00236,00008a2e,21,「ライス…小」,Rice... small,,
ID00236,00008b02,27,「な、なるほど…」,N-Nice...,,
ID00236,00008cb0,33,「焼肉は…ご飯が進む」,BBQ makes me want more rice.,,
ID00236,00008d12,42,「中華料理で好きなのって？」,What do you like best about Chinese food?,,
ID00236,00008ecf,24,「チャーハン…」,Fried rice...,,
ID00236,0000907a,54,「ご飯を炒めるという…優れた発想…」,Cooking rice by frying... It's a brilliant idea...,,
ID00236,000090f1,45,「外食する時、ネットの評価って,"When I eat out, do you care about",,
ID00236,0000912d,24,　気になるか？」,online reviews?,,
ID00236,00009332,45,「気にしない…。お店に行けば…,I won't mind... If we go to a restaurant...,,
ID00236,0000936e,42,　流行り具合で想像がつく…」,I can imagine how popular it is...,,
ID00236,000093d9,33,「デリバリーのピザで、,"With delivery pizza,",,
ID00236,00009409,39,　好きなトッピングって？」,What's your favorite topping?,,
ID00236,000095c3,30,「テリヤキチキン…」,Teriyaki chicken...,,
ID00236,000097a1,57,「そろそろ…ライスピザが発売されても…,Soon... they might start selling rice pizza too...,,
ID00236,000097e9,18,　いいころ」,That's just right.,,
ID00236,0000983c,48,「好きなＢ級グルメってあるか？」,Do you have any favorite B-grade gourmet foods?,,
ID00236,000099ff,42,「フードコートのラーメンは…,The ramen at the food court is...,,
ID00236,00009a38,57,　安くて…ほどほどにおいしくて…好き」,"Cheap, tasty, like it.",,
ID00236,00009ab2,45,「女子って、卵料理好きだよな」,"She likes egg dishes, doesn't she?",,
ID00236,00009c72,33,「ふわふわの卵焼きが…,Soft scrambled eggs...,,
ID00236,00009ca2,39,　焼けるようになりたい…」,I want to be able to make them...,,
ID00236,00009e5c,18,「難しい…」,That's hard...,,
ID00236,00009eaf,57,「インスタントラーメンって、食うか？」,You want to eat instant ramen?,,
ID00236,00009f90,18,「たまに…」,Sometimes...,,
ID00236,0000a135,30,「安い…袋麺が好み」,I like cheap bag noodles,,
ID00236,0000a194,33,「今までで食べた中で、,"Of all the places I've eaten at,",,
ID00236,0000a1c4,48,　一番高い店ってどんなとこだ？」,what's the fanciest restaurant like?,,
ID00236,0000a387,57,「小さいころ…京都の懐石料理のお店に…,When I was little... there was...,,
ID00236,0000a3cf,27,　連れて行かれた」,They took me there.,,
ID00236,0000a418,39,「おおっ、うまかったか？」,"Wow, it was good?",,
ID00236,0000a5d2,36,「すごく…味が薄かった。,It... had a very light taste.,,
ID00236,0000a605,51,　今食べれば…おいしく感じるかも」,If I ate it now... maybe I'd think it's tasty.,,
ID00236,0000a679,48,「お前にとって、秋の味覚って？」,What about you? What’s your autumn treat?,,
ID00236,0000a83c,57,「境内の落ち葉を集めて焼く…焼きいも」,Sweet potatoes roasted in leaves.,,
ID00236,0000a8a3,45,「いいなぁ、神社ならではだな」,"That sounds nice, it's unique to shrines.",,
ID00236,0000aaa6,33,「近所の子供も…喜ぶ」,The neighborhood kids'd love it.,,
ID00236,0000ab08,36,「うまい食べものって…」,Food that tastes good...,,
ID00236,0000ad02,30,「旬のものが…一番」,What's in season... is best.,,
ID00237,00001998,36,「内魔って、色白だよな」,"You're pretty pale, aren't you?",,
ID00237,00001b4f,45,「フフフ…日に焼けにくい体質」,Heheh... I don't tan easily.,,
ID00237,00001baa,39,「へ～っ、肌が強いんだな」,"Wow, your skin's tough.",,
ID00237,00001d64,39,「日差しが…私を避ける…」,The sunlight... it avoids me...,,
ID00237,00001dcc,42,「Ｅ動画分のいいところって、,The good thing about E videos is that...,,
ID00237,00001e05,36,　どんなとこだと思う？」,Where do you think that is?,,
ID00237,00001fbc,51,「エロースを求めて…団結する時は…,when we come together to seek...,,
ID00237,00001ffe,15,　すごい」,It's awesome.,,
ID00237,0000203b,24,「そ、そうか…」,R-Right...,,
ID00237,00002094,39,「内魔って、意外ときちっと,Inama's surprisingly neat...,,
ID00237,000020ca,45,　学園生活を送ってそうだよな」,She seems to be living a normal school life.,,
ID00237,0000228a,27,「意外とは…余計」,That's unexpected...,,
ID00237,00002438,36,「模範的生徒…フフフ…」,...model student... Hehehe...,,
ID00237,0000249d,57,「内魔って、物静かなところがいいよな」,"Inama's quiet demeanor is nice, huh?",,
ID00237,00002669,42,「ものは言いよう…フフフ…」,It depends on how you say it... Hehehe...,,
ID00237,000026c1,45,「ほ、本当にそう思ってるって」,R-really thinkin' that way?,,
ID00237,0000272f,33,「内魔って、意外と…」,Inama's surprisingly...,,
ID00237,000028e3,54,「フフフ……私のこと…よく見てる…」,Heh heh... You're lookin' at me close...,,
ID00237,0000295a,45,「内魔って、いつも冷静だよな」,"Inama's always so calm, huh?",,
ID00237,00002b1a,45,「喜怒哀楽は…判断を鈍らせる」,Emotions can cloud your judgment...,,
ID00237,00002b88,39,「その髪型、変わってるけど,That hairdo is kinda weird...,,
ID00237,00002bbe,33,　お前に似合ってるよ」,but it suits you.,,
ID00237,00002d84,12,「え…」,Huh...?,,
ID00237,00002f50,21,「うれしい…」,This is great...,,
ID00237,00002fa6,54,「内魔って…意外とスタイルいいよな」,Inama's got a pretty good body...,,
ID00237,0000316f,33,「着やせするタイプ…。,You make clothes look good.,,
ID00237,0000319f,42,　目と同じように…隠してる」,Just like her eyes... she hides it.,,
ID00237,000031f7,18,「はははは」,Hahaha,,
ID00237,0000324a,45,「自分のチャームポイントって、,My charm point is...,,
ID00237,00003286,27,　どこだと思う？」,What do you think it is?,,
ID00237,00003434,12,「目…」,Her eyes...,,
ID00237,0000359c,33,「見えねーじゃねぇか」,"I can't see them, dumbass.",,
ID00237,0000377d,24,「あえて…隠す」,You're hiding them.,,
ID00237,000037d6,39,「内魔のいいところって…」,Inama's good points are...,,
ID00237,000039ea,36,「それは……ほめすぎ…」,That's... too much praise.,,
ID00237,00003a4f,51,「口数少ないけど、内魔と話してると,"She doesn't talk much, but",,
ID00237,00003a91,18,　面白いよ」,It's fun.,,
ID00237,00003c36,12,「え…」,Huh...?,,
ID00237,00003e14,27,「私も…楽しい…」,I... enjoy it too...,,
ID00237,00003e70,54,「前髪を上げたお前…かわいかったぞ」,With your bangs up like that... you looked cute.,,
ID00237,0000404b,21,「そ、そう…」,Y-Yeah...,,
ID00237,0000408e,36,「また、見せてくれよな」,Show me again sometime.,,
ID00237,00004288,21,「そのうち…」,Eventually...,,
ID00237,000042de,48,「内魔って、意外と愛嬌あるよな」,"Inama's surprisingly charming, isn't she?",,
ID00237,000044b3,12,「え…」,Huh...?,,
ID00237,0000467f,30,「そんなこと…ない」,That's not true...,,
ID00237,00004853,30,「いや、思ったより、,"nah, she's got more",,
ID00237,00004880,42,　喜怒哀楽があるというか…」,emotion than I thought...,,
ID00237,00004a3d,51,「そんなこと言うのは…先輩ぐらい」,Only someone like you would say that.,,
ID00237,00004ab1,30,「内魔の魅力って…」,Inama's appeal is...,,
ID00237,00004c62,39,「お世辞でも…うれしい…」,Even if it’s flattery...,,
ID00238,00001d5e,51,「うちの学校って、スカート短い子が,"Our school has a lot of girls with short skirts,",,
ID00238,00001da0,51,　多いけど、お前もかなり短いよな」,but yours is pretty damn short too.,,
ID00238,00001f66,39,「目は隠すけど…脚は出す。,You hide your eyes... but show off your,,
ID00238,00001f9c,21,　フフフフ…」,Heheheh...,,
ID00238,00001ff2,54,「うちの部の連中って、女子にＥ動画を,The guys in our club make E-videos of the girls.,,
ID00238,00002037,54,　強引に迫ったりしてないだろうなぁ」,"Don't force yourself on them or anything, right?",,
ID00238,00002200,60,「無茶なことは…絶対にしない。それに…」,I'd never do something reckless... and besides...,,
ID00238,000023cf,57,「なにかあっても…堂下部長が取りなす」,Douge'll cover.,,
ID00238,0000259b,33,「イケメン…恐るべし」,Scary how hot he is,,
ID00238,000025fd,51,「高１だと、女子同士、エッチな話で,Freshmen can talk dirty.,,
ID00238,0000263f,54,　盛り上がったりするんじゃないか？」,"get all riled up about it, right?",,
ID00238,00002808,54,「私がそばに行くと…話題が変わる…」,When I go over there... the topic changes...,,
ID00238,00002899,15,「残念…」,Sorry...,,
ID00238,000028d6,18,「はははは」,Hahaha,,
ID00238,00002929,33,「昔、女子の体操服は、,"Back in the day, girl's gym",,
ID00238,00002959,48,　ブルマしかなかったんだよな…」,"bikini briefs, right...?",,
ID00238,00002b1c,30,「恐るべき…時代…」,Scary era...,,
ID00238,00002c96,54,「うちの学園に、ブルマが導入されたら,"If our school adopted bikini briefs,",,
ID00238,00002cdb,21,　どうする？」,What do we do then?,,
ID00238,00002e83,48,「みんなで履くなら…怖くない…」,If everyone wears them... I'm not scared...,,
ID00238,00002ef4,39,「たまにはエッチな話も…」,"Sometimes, a little naughty talk too...",,
ID00238,000030ae,48,「フフフ…多少の刺激は…必要…」,Heheh... A bit of excitement is... necessary...,,
ID00238,0000311f,57,「うちの制服って、胸元が開いてるよな」,"Our school uniforms have the chest area open, right?",,
ID00238,000032eb,54,「さりげないエロースは…激録の元…」,Subtle eroticism's source...,,
ID00238,000034b4,30,「素晴らしい制服…」,What an amazing uniform...,,
ID00238,00003513,63,「いくつまでお父さんとお風呂に入ってた？」,How old were you...,,
ID00238,0000373f,33,「入った記憶が…ない」,I don't remember it.,,
ID00238,0000378e,39,「そうなのか？　珍しいな」,That's weird... I didn't expect that.,,
ID00238,00003948,63,「１人でなんでも出来るように…育てられた」,I was raised to be self-reliant...,,
ID00238,000039c8,42,「ネットを見てると、意図せず,"When I'm on the internet, unintentionally",,
ID00238,00003a01,54,　エッチなサイトへ行っちゃうことって,"I end up going to porn sites, you know?",,
ID00238,00003a46,18,　あるよな」,Yeah.,,
ID00238,00003beb,42,「私は……意図して…行く！」,I will go there... on purpose!,,
ID00238,00003c43,63,「１８禁のとこには行かないようにしろよ～」,"Don't go anywhere NSFW, okay?",,
ID00238,00003cc3,48,「風呂で最初に洗うのはどこだ？」,Where do you wash first in the shower?,,
ID00238,00003e86,60,「髪の毛…。前髪のお手入れは…念入りに」,Your hair... especially your bangs.,,
ID00238,00003f03,27,「男って、所詮…」,Boys are just...,,
ID00238,000040f4,51,「そう…古来より、そういうもの…」,That's how it's always been...,,
ID00238,00004168,60,「お前は…淫夢って、見たことあるのか？」,Have you ever had a dirty dream?,,
ID00238,00004391,33,「ハードなのは…ない」,Nothing too hardcore,,
ID00238,000043e0,24,「ハードって…」,Hardcore...,,
ID00238,0000459d,51,「フフフ…優しくされるのが…好き」,Heh heh... I like it when someone's gentle with me,,
ID00238,00004611,48,「自分のことを、エッチだなぁって,You think I'm a dirty girl...,,
ID00238,00004650,30,　思うことあるか？」,Like that?,,
ID00238,00004844,60,「肉体的より…精神的な繋がりを…求める」,More like a spiritual connection...,,
ID00238,000048c1,54,「巫女って…パンツ履いてないのか？」,"Wait, you don't wear panties as a miko?",,
ID00238,00004acd,45,「昔は…そう。巫女に限らず…、,Back then... yeah. Not just for mikos...,,
ID00238,00004b09,36,　和服に下着はなかった」,Not just miko...,,
ID00238,00004b5b,18,「今は…？」,What about now?,,
ID00238,00004d00,18,「履いて…」,I do...,,
ID00238,00004d40,21,「履いて…？」,You do?,,
ID00238,00004ee8,27,「ないわけがない」,No way.,,
ID00238,00004f31,18,「…だよな」,...Right?,,
ID00238,00004f84,21,「自分で思う、,"I think to myself,",,
ID00238,00004fa8,48,　セクシーポイントってどこだ？」,"where, exactly?",,
ID00238,0000516b,39,「たまに前髪から覗く…目」,Eyes peeking from her fringe.,,
ID00238,00005325,45,「パンチラ…ならぬ、アイチラ。,"Instead of a panty shot, an eye shot.",,
ID00238,00005361,21,　フフフフ…」,Heheheh...,,
ID00238,000053b7,39,「内魔って、好きな人なら、,"When it comes to someone you like,",,
ID00238,000053ed,30,　どこまで許せる？」,how far would you go?,,
ID00238,0000559e,18,「すべて…」,everything.,,
ID00238,000055de,21,「すべて！？」,Everything!?,,
ID00238,00005786,51,「許し…許される時が…いつか来る」,There will be a time when I can forgive... someday.,,
ID00238,000057e7,30,「…そりゃそうだな」,...That's right.,,
ID00238,00005846,45,「春画って、見たことあるか？」,Ever seen any shunga?,,
ID00238,00005a06,54,「境内の倉に…保管されてるのがある」,There's some stored in the temple warehouse...,,
ID00238,00005a6a,24,「そうなのか？」,Is that so?,,
ID00238,00005c15,48,「江戸時代に…ご先祖様が買って、,Your ancestors bought them during Edo...,,
ID00238,00005c54,63,　大事に取っておいたと思うと…微笑ましい」,I think they kept them safe...,,
ID00238,00005cc1,63,（死ぬ前にちゃんと捨てとけよ、ご先祖様…）,Throw them out before you die...,,
ID00238,00005d41,42,「俺も男だから、いろいろ…」,"I'm a guy too, so there's stuff...",,
ID00238,00005f41,42,「元気があるのは…いいこと」,Having energy is... good.,,
ID00239,00002f5c,54,「よく恋人の鐘を１人で鳴らすのか？」,Why do you ring the Lover's Bell by yourself?,,
ID00239,00003168,54,「夏は…多い。怨念が溜まりやすい…」,Summer's full of grudges...,,
ID00239,00003331,51,「１つの恋の裏で泣く…多くの魂…」,So many souls crying behind one love...,,
ID00239,00003524,41,「@str_000先輩も…気をつけて」,"@str_000, be careful too",,
ID00239,00003703,39,「俺はそんなにモテねーよ」,I'm not that popular.,,
ID00239,000038bd,21,「フフフフ…」,Hehehe...,,
ID00239,00003913,57,「内魔って、男の容姿を気にする方か？」,Are you the type who cares about guys' looks?,,
ID00239,00003b39,24,「気にしない…」,I don't care...,,
ID00239,00003ce4,33,「妖気な人であれば…」,As long as they're sexy...,,
ID00239,00003d33,42,「字が違うんじゃないのか～」,Isn't it a different kanji~?,,
ID00239,00003d9e,42,「恋占いって、信じる方か？」,Do you believe in love fortune-telling?,,
ID00239,00003f5b,30,「恋の…祈祷なら…」,If it's a love... prayer...,,
ID00239,00003fa7,54,「あぁ？　なんだよ？　恋の祈祷って」,Ah? What's up with love prayers?,,
ID00239,00004170,45,「フフフ……恋と呪いは…近い」,Hehe... Love and curses are close.,,
ID00239,000041de,42,「堂下部長ってイケメンだし、,Doukanbu is pretty hot...,,
ID00239,00004217,36,　憧れたりしないのか？」,Don't you ever envy them?,,
ID00239,00004428,27,「まったく…ない」,Absolutely not.,,
ID00239,000045d6,42,「もっと…普通の人が…いい」,I'd rather be... more normal...,,
ID00239,0000462e,51,「普通って、お前に言われてもなぁ」,"Normal? Coming from you, I don't know...",,
ID00239,000047f4,24,「フフフフフ…」,Hehehehe...,,
ID00239,0000484d,24,「一目惚れって、,"Love at first sight,",,
ID00239,00004874,45,　どういう感じなんだろうな？」,What's it really like?,,
ID00239,00004a34,60,「いい意味で…呪いにかかったようなもの」,In a good way...it's like being cursed.,,
ID00239,00004a9e,51,「あぁ？　いい意味ってなんだ！？」,Good way?! What does that mean!?,,
ID00239,00004c64,36,「害は…ない…フフフ…」,No harm...heh heh heh...,,
ID00239,00004cc9,60,「恋に色があるとしたら、何色だと思う？」,"What color do you think love is, if it has a color?",,
ID00239,00004e98,30,「闇より深い…黒…」,Deeper than dark...,,
ID00239,00004ee4,21,「お前なぁ…」,You know...,,
ID00239,0000508c,51,「恋は…帰れぬ井戸の底…フフフ…」,Love's a bottomless well...,,
ID00239,00005265,54,「こうして…男の人と２人で話すこと…,Talking like this with just a guy...,,
ID00239,000052aa,24,　あまりない…」,Not often...,,
ID00239,000052f0,24,「そ、そうか…」,R-Right...,,
ID00239,000054c8,24,「悪く…ない…」,Not bad...,,
ID00239,00005521,54,「駅前モールで、女に声かけるヤツって,Guys hitting on girls at the mall...,,
ID00239,00005566,24,　結構いるよな」,don't you?,,
ID00239,00005711,36,「鋭い眼光で…追い返す」,With sharp eyes... I chase them off.,,
ID00239,00005763,27,「見えねーだろ？」,Can't you see that?,,
ID00239,00005911,24,「余計…怖がる」,You're scaring me more.,,
ID00239,00005957,27,「…それもそうか」,...You're right.,,
ID00239,000059b3,42,「夏って、恋の季節だよなぁ」,"Summer's the season for love, right?",,
ID00239,00005b70,42,「そして…秋は失恋の季節…」,And autumn is the season of heartbreak...,,
ID00239,00005bc8,36,「身も蓋もないことを…」,Saying such blunt things...,,
ID00239,00005d7f,33,「現実を…言ったまで」,Just stating reality...,,
ID00239,00005de1,54,「恋愛小説とか漫画って、読む方か？」,Do you read romance novels or manga?,,
ID00239,00005fed,15,「読む…」,...,,
ID00239,00006061,48,「へ～っ、どんなのを読むんだ？」,"Heh, what kind do you read?",,
ID00239,00006224,60,「愛憎入り交じって…ドロドロしたのを…」,Mushy with love and hate...,,
ID00239,0000628e,24,「そ、そうか…」,R-Right...,,
ID00239,000062e7,30,「恋って、たぶん…」,Love is probably...,,
ID00239,00006498,45,「それは…鋭い洞察…フフフ…」,That's a sharp insight... Hehehe...,,
ID00239,0000666b,59,「@str_000先輩の本命は私…覚えておいて…」,Remember me...,,
ID00239,000066d4,45,「一体どこまでマジなんだよ？」,How serious are you getting here?,,
ID00239,00006894,18,「すべて…」,everything.,,
ID00239,000068e7,57,「恋をしたいって…思ったことあるか？」,Ever wanted to fall in love?,,
ID00239,00006ab3,39,「それは…過ぎたる願い…」,That's an impossible wish...,,
ID00239,00006b08,21,「どうして？」,Why?,,
ID00239,00006cb0,24,「どうしても…」,No matter what...,,
ID00239,00006d09,54,「年上と年下、どっちが好みなんだ？」,Do you prefer older or younger guys?,,
ID00239,00006ed2,15,「年上…」,Older...,,
ID00239,00006f0f,24,「そうなのか？」,Is that so?,,
ID00239,000070e7,27,「私を…グイグイ…,Take me... rough...,,
ID00239,00007111,45,　引っ張ってくれる人が…いい」,That's the type I like.,,
ID00239,0000716c,57,「お前をグイグイ…か。想像つかないな」,You pushing me around? Can't imagine that.,,
ID00239,00007338,27,「フフフ…私も…」,Heh heh heh... Me too...,,
ID00239,00007394,63,「相手を絶対に惚れさせるクスリがあったら、,If there was a drug that...,,
ID00239,000073e2,21,　どうする？」,What do we do then?,,
ID00239,0000758a,30,「つまらない…薬…」,Boring... drug...,,
ID00239,000075d6,18,「そうか？」,Is that so?,,
ID00239,000077be,63,「自分の魅力で…好きになってもらわないと…,I have to make them fall for me with my charm...,,
ID00239,0000780c,21,　意味がない」,It wouldn't work,,
ID00239,00007862,63,「デートするなら、どんな場所がいいんだ？」,"If we're going on a date, where should we go?",,
ID00239,00007a34,18,「先輩と？」,With senpai?,,
ID00239,00007aab,36,「まぁ…一般論として…」,Well... in general terms...,,
ID00239,00007c62,63,「２人っきりなら…どこでも。フフフフフ…」,Anywhere alone.,,
ID00239,00007ccf,24,「そ、そうか…」,R-Right...,,
ID00239,00007d28,33,「女の子って、一般的に,What gifts do girls...,,
ID00239,00007d58,45,　どんな物をプレゼントされると,like to get?,,
ID00239,00007d94,33,　喜ぶんだろうなぁ？」,In general?,,
ID00239,00007f48,33,「念のこもった…手紙」,A heartfelt... letter,,
ID00239,00007f97,48,「それを言うなら“想い”だろ！」,"If anything, it'd be 'feelings'!",,
ID00239,0000815a,42,「フフフ…似たようなもの…」,Heheh... pretty much the same...,,
ID00239,000081c5,45,「自分で一途だなって思うか？」,Do you think you're being sincere?,,
ID00239,000083c8,21,「もちろん…」,Of course...,,
ID00239,00008570,45,「地獄の底まで…引きずり込む」,Dragging you down to hell...,,
ID00239,000085cb,18,「怖ェって」,That's scary.,,
ID00239,0000861e,39,「恋をすると、女の子って、,"When you fall in love, girls are...",,
ID00239,00008654,42,　きれいになるって言うよな」,They say.,,
ID00239,00008811,39,「私も……なる。フフフ…」,I'll become one too... Heheh...,,
ID00239,00008879,51,「俺がＥ動画部に入ってなかったら、,"If I hadn't joined the E-Drama Club,",,
ID00239,000088bb,60,　内魔とこうして話してなかったかもなぁ」,"I might not have talked to you like this, Inuma...",,
ID00239,00008a8a,33,「そうかもしれない…」,Maybe so...,,
ID00239,00008c3e,45,「けど…そうはならなかった…。,But... it didn't turn out that way...,,
ID00239,00008c7a,24,　それで…いい」,And that's fine.,,
ID00239,00008cc0,21,「…そうだな」,"Yeah, you're right.",,
ID00239,00008d16,36,「恋を擬音で表現すると、,Love in sounds.,,
ID00239,00008d49,33,　どんなのだと思う？」,what do you think it'd be like?,,
ID00239,00008efd,36,「メラメラメラメラァァ」,Mehra-mehra-mehra-mehraaah!,,
ID00239,00008f4f,60,「な、なんで燃えてんだよ？　嫉妬か！？」,W-why are you burning up? Jealousy!?,,
ID00239,0000911e,21,「恋の炎ぁぁ」,"it's 'love fire'...""",,
ID00239,00009174,48,「恋って、よくわかんねーけど…」,"I don't really get love, though...",,
ID00239,00009337,42,「フフフ…本能の赴くまま…」,Huhu... Just following my instincts...,,
ID00239,000093a2,24,「家が神社だと、,"If it's a shrine,",,
ID00239,000093c9,45,　クリスマスは祝わないのか？」,Don't you celebrate Christmas?,,
ID00239,00009589,33,「お祭りには…乗る！」,I'm gonna join the festival!,,
ID00239,000095d8,57,「じゃあ…今年は俺と…過ごさないか？」,Then... how about spending this year with me?,,
ID00239,000097a4,12,「え…」,Huh...?,,
ID00239,000097de,51,「ほ、ほら、色々世話になったしな」,"W-well, I've been a bother to you",,
ID00239,000099a4,36,「では…音の届かぬ闇…、,"Into the silent dark,...",,
ID00239,000099d7,45,　サイレント・ナイトへ…誘う」,I'll invite you into Silent Night...,,
ID00239,00009a32,15,「はは…」,Heh...,,
ID00239,00009a82,63,「まさか、お前がデコちゅ～なんて言うとは、,Who knew you'd say 'dekochu'~?,,
ID00239,00009ad0,27,　思わなかったよ」,I never thought so.,,
ID00239,00009c90,51,「あれは……私の邪念…。忘れて…」,That was... my evil thoughts... Forget it...,,
ID00239,00009d04,54,「恋と愛って、どう違うんだろうな？」,I wonder how 'love' and 'affection' differ?,,
ID00239,00009ecd,24,「呪いの…深さ」,The depth of the curse,,
ID00239,00009f13,63,「それを言うなら、“想い”だろ、“想い”」,"If anything, it's 'desire', 'desire'",,
ID00239,0000a0e5,39,「フフフ…似たようなもの」,Heheh... pretty much the same thing,,
ID00239,0000a14d,30,「バレンタインって、,Valentine's Day...,,
ID00239,0000a17a,48,　誰かにチョコレートあげたか？」,Did you give anyone chocolate?,,
ID00239,0000a397,18,「誰にも…」,No one...,,
ID00239,0000a569,56,「来年は…@str_000先輩に…あげてもいい」,Next year... I can give it to @str_000-senpai...,,
ID00239,0000a629,18,「マジか！」,Really?!,,
ID00239,0000a7ce,33,「抹茶チョコで…作る」,Make it matcha chocolate...,,
ID00239,0000a995,23,「@str_000先輩…」,@str_000-senpai...,,
ID00239,0000a9da,21,「なんだよ？」,What's up?,,
ID00239,0000ab94,30,「呼んでみた…だけ」,I just called her,,
ID00239,0000ad58,48,「こうして…この世の終わりまで…,Like this... until the end of the world...,,
ID00239,0000ad97,27,　話していられる」,we can keep talking.,,
ID00239,0000ade0,24,「長過ぎだろ！」,That's way too long!,,
ID00239,0000af8b,24,「フフフフフ…」,Hehehehe...,,
ID00239,0000afe4,51,「内魔の結婚相手って、神社を一緒に,"The person you marry, Natami, will be someone who",,
ID00239,0000b026,45,　継いでくれる人なんだろうな」,"will take over the shrine, right?",,
ID00239,0000b1e6,51,「神社は…私が継ぐから、問題ない」,"The shrine... I'll take it over, so no problem.",,
ID00239,0000b3d9,54,「ただし…助けて欲しいことは…ある」,But... there is something I need help with...,,
ID00239,0000b43d,30,「神社の仕事でか？」,Is it about shrine work?,,
ID00239,0000b648,15,「そう…」,That's right...,,
ID00239,0000b7fd,63,「先輩は…この夏、ずっと…私のそばにいる。,"You've been by my side all summer, senpai...",,
ID00239,0000b84b,15,　なぜ？」,Why?,,
ID00239,0000b888,57,「なぜって…そりゃ……楽しいからだよ」,Well... because it's fun...,,
ID00239,0000ba54,36,「先輩は…変わってる…」,Senpai is... different...,,
ID00239,0000bab9,63,「この夏、内魔と知り合えて、楽しかったな」,This summer... meeting Inner Devil was fun.,,
ID00239,0000bcce,33,「私も…楽しかった…」,I had fun too...,,
ID00239,0000bd30,30,「恋って、きっと…」,Love is definitely...,,
ID00239,0000bee1,36,「その予測は…当たる…」,That prediction hit.,,
ID00240,000011f8,15,「内魔…」,Inner devil...,,
ID00240,00001456,36,じーーーーーーーーーーっ,*Stares blankly*,,
ID00240,0000160d,12,「む…」,Ugh...,,
ID00240,000017ac,27,「見つめ…返す…」,Stare back...,,
ID00240,000017f5,36,「前髪でわかんねーし！」,You can't see through my bangs!,,
ID00240,000018d5,15,「内魔…」,Inner devil...,,
ID00240,00001b33,36,じーーーーーーーーーーっ,*Stares blankly*,,
ID00240,00001cea,12,「む…」,Ugh...,,
ID00240,00001e89,27,「にらみ…返す…」,Glare back...,,
ID00240,00001ed2,36,「前髪でわかんねーし！」,You can't see through my bangs!,,
ID00240,00001fb2,15,「内魔…」,Inner devil...,,
ID00240,00002210,36,じーーーーーーーーーーっ,*Stares blankly*,,
ID00240,000023d9,12,「あ…」,...,,
ID00240,000025a5,42,「瞳の奥を…覗かれたよう…」,It's like she's peering into my eyes...,,
ID00240,000025fd,39,「いやいや、見えねーって」,"No, no, I'm not looking at you.",,
ID00240,000026e0,15,「内魔…」,Inner devil...,,
ID00240,0000293e,36,じーーーーーーーーーーっ,*Stares blankly*,,
ID00240,00002af5,12,「む…」,Ugh...,,
ID00240,00002cc1,39,「いきなり…にらまれても」,Even if you glare at me suddenly...,,
ID00240,00002d16,54,「い、いや、にらんでねーんだけど…」,"N-no, I'm not glaring at you...",,
ID00240,00002e08,15,「内魔…」,Inner devil...,,
ID00240,00003066,36,じーーーーーーーーーーっ,*Stares blankly*,,
ID00240,0000322f,12,「あ…」,...,,
ID00240,000033ce,39,「見つめ合う…瞳と…瞳…」,Staring eye to eye...,,
ID00240,00003423,33,「見えねーんだよなぁ」,"You can't see it, right?",,
ID00240,00003500,15,「内魔…」,Inner devil...,,
ID00240,0000375e,36,じーーーーーーーーーーっ,*Stares blankly*,,
ID00240,00003954,12,「う…」,...,,
ID00240,00003b20,39,「いきなりは……戸惑う…」,It's sudden... I'm confused...,,
ID00240,00003b75,18,「わ、悪い」,S-Sorry,,
ID00241,000011a8,33,（思い切って、手を…）,"Go for it, and put your hand...",,
ID00241,000015c7,9,ぎゅっ,Squeeze,,
ID00241,000017b9,12,「え…」,Huh...?,,
ID00241,00001985,36,「意外な展開で…困惑…」,Unexpected turn... confused...,,
ID00241,00001a5c,33,（思い切って、手を…）,"Go for it, and put your hand...",,
ID00241,00001e7b,9,ぎゅっ,Squeeze,,
ID00241,0000205b,12,「えっ」,Oh!,,
ID00241,000022c6,30,「それは……ない…」,That's not... possible...,,
ID00241,0000234c,21,「わ、悪い…」,S-Sorry...,,
ID00241,000023a2,33,（思い切って、手を…）,"Go for it, and put your hand...",,
ID00241,000027c1,9,ぎゅっ,Squeeze,,
ID00241,000029e0,12,「あ…」,...,,
ID00241,00002bd9,33,「拒む理由は…ない…」,There's no reason to refuse...,,
ID00241,00002cad,33,（思い切って、手を…）,"Go for it, and put your hand...",,
ID00241,000030cc,9,ぎゅっ,Squeeze,,
ID00241,000032ac,12,「えっ」,Oh!,,
ID00241,00003517,36,「いきなりは……ない…」,Not all of a sudden though...,,
ID00241,00003569,21,「わ、悪い…」,S-Sorry...,,
ID00241,000035bf,33,（思い切って、手を…）,"Go for it, and put your hand...",,
ID00241,000039de,9,ぎゅっ,Squeeze,,
ID00241,00003b99,12,「あ…」,...,,
ID00241,00003d65,36,「温もりが……伝わる…」,I can feel your warmth...,,
ID00241,00003e3c,33,（思い切って、手を…）,"Go for it, and put your hand...",,
ID00241,0000425b,9,ぎゅっ,Squeeze,,
ID00241,0000444d,12,「あ…」,...,,
ID00241,0000468b,36,「いきなりは……困る…」,Not so suddenly... That's tough...,,
ID00241,000046dd,18,「わ、悪い」,S-Sorry,,
ID00242,00002411,24,「なぜ…髪を？」,Why... the hair?,,
ID00242,0000263d,15,「むぐ…」,Mmmph...,,
ID00242,000027df,33,「なぜ…頬に触れる？」,Why... touch my cheek?,,
ID00242,00002a14,15,「ふぐ…」,Fug...,,
ID00242,00002bb6,33,「なぜ…鼻に触れる？」,Why... touch my nose?,,
ID00242,00002deb,24,「う、うぐっ…」,"U, ugh...",,
ID00242,00002f96,39,「どうして…唇に触れる？」,Why... touch my lips?,,
ID00242,00002feb,48,「わ、悪い、なにかついてたから」,"S-Sorry, I didn't mean to.",,
ID00242,000031ae,45,「一体なにが…。ありがとう…」,What the hell... Thanks...,,
ID00242,000033f0,15,「ひゃっ」,Eek!,,
ID00242,00003592,24,「なぜ…首を？」,Why... my neck?,,
ID00242,000037be,33,「なぜ…肩に触れる？」,Why... my shoulder?,,
ID00242,000039f3,21,「ひゃあっ！」,Ahh!,,
ID00242,00003b9b,33,「な、なぜ…胸を…？」,W-Why... my chest?,,
ID00242,00003bea,48,「わ、悪い、なにかついてたから」,"S-Sorry, I didn't mean to.",,
ID00242,00003dad,45,「いきなり触るのは…非常識…」,Sudden touches are... uncouth...,,
ID00242,00003e08,18,「ごめん…」,Sorry...,,
ID00242,00003e76,48,「わ、悪い、なにかついてたから」,"S-Sorry, I didn't mean to.",,
ID00242,00004039,33,「そう…ありがとう…」,Yeah... thanks...,,
ID00242,00004281,33,「髪に…触れないで…」,Don't touch... my hair...,,
ID00242,000042d0,18,「わ、悪い」,S-Sorry,,
ID00242,000044e4,15,「むぐ…」,Mmmph...,,
ID00242,00004686,54,「いきなり頬に触れるとは…非常識…」,Suddenly touching my cheek is... uncouth...,,
ID00242,000046ea,18,「わ、悪い」,S-Sorry,,
ID00242,000048fe,15,「ふぐ…」,Fug...,,
ID00242,00004aa0,54,「いきなり鼻に触れるとは…非常識…」,Suddenly touching my nose is... uncouth...,,
ID00242,00004b04,18,「わ、悪い」,S-Sorry,,
ID00242,00004d18,24,「う、うぐっ…」,"U, ugh...",,
ID00242,00004ec3,54,「いきなり唇に触れるとは…何事！？」,What are you doing to my lips!? That's crazy!,,
ID00242,00004f27,48,「わ、悪い、なにかついてたから」,"S-Sorry, I didn't mean to.",,
ID00242,000050ea,42,「理由はともあれ…非常識…」,No matter the reason... uncouth...,,
ID00242,00005142,18,「ごめん…」,Sorry...,,
ID00242,00005356,15,「ひゃっ」,Eek!,,
ID00242,000054f8,54,「いきなり首に触れるとは…非常識…」,Suddenly touching my neck is... uncouth...,,
ID00242,0000555c,18,「わ、悪い」,S-Sorry,,
ID00242,0000579d,18,「気安い…」,Too casual...,,
ID00242,000057dd,21,「わ、悪い…」,S-Sorry...,,
ID00242,000059f4,21,「ひゃあっ！」,Ahh!,,
ID00242,00005b9c,36,「い、いきなりなにを…」,What are you doing...,,
ID00242,00005bee,48,「わ、悪い、なにかついてたから」,"S-Sorry, I didn't mean to.",,
ID00242,00005db1,54,「教えてくれればいいこと…。非常識」,You should've just told me... That's so reckless.,,
ID00242,00005e15,18,「ごめん…」,Sorry...,,
ID00242,0000603c,33,「まぁ……いいけど…」,Well... I guess it's okay...,,
ID00242,00006272,15,「むぐ…」,Mmmph...,,
ID00242,00006495,15,「ふぐ…」,Fug...,,
ID00242,000066ca,18,「うぐっ…」,...Ugh...,,
ID00242,00006902,18,「はうぅっ」,Hauuuuh!,,
ID00242,00006b28,57,「む…。頼られるのは…嫌いじゃない…」,I'm not averse to it...,,
ID00242,00006d88,21,「はわわっ！」,Hawwahh!,,
ID00242,00006f30,27,「油断…ならない」,Can't let down my guard.,,
ID00242,00006f79,18,「わ、悪い」,S-Sorry,,
ID00242,000071a6,24,「嫌では…ない」,I don't really mind...,,
ID00242,000073be,39,「先輩は……時々…大胆…」,Senpai is bold...,,
ID00242,000075df,33,「いきなりは…困る…」,Sudden moves trouble me...,,
ID00242,0000762e,21,「わ、悪い…」,S-Sorry...,,
ID00242,00007858,15,「むぐ…」,Mmmph...,,
ID00242,00007a7b,15,「ふぐ…」,Fug...,,
ID00242,00007c9e,24,「う、うぐっ…」,"U, ugh...",,
ID00242,00007eca,18,「ひゃっ！」,Eek!,,
ID00242,000080f0,27,「…どうかした？」,...What's up?,,
ID00242,00008139,39,「い、いや、なんでもない」,"N-No, nothing.",,
ID00242,00008375,21,「ひゃあっ！」,Ahh!,,
ID00242,00008577,57,「いきなりは……意図を…汲みかねる…」,Sudden moves... I can't read your intentions...,,
ID00242,000085de,21,「わ、悪い…」,S-Sorry...,,
ID00242,00008799,42,「い、いきなりは…非常識！」,Y-You sudden moves... are so reckless!,,
ID00242,000087f1,21,「わ、悪い…」,S-Sorry...,,
ID00242,00008a3f,54,「なでなでされるのは…嫌いじゃない」,I don't mind being petted...,,
ID00242,00008c9c,15,「むぐ…」,Mmmph...,,
ID00242,00008ed1,15,「ふぐ…」,Fug...,,
ID00242,00009106,12,「んっ」,Mmnh,,
ID00242,000092a5,27,「ドキドキ…する」,My heart's racing...,,
ID00242,000094e7,18,「ひゃっ…」,Eek...,,
ID00242,0000968c,36,「弱点…見抜かれたり…」,You found my weakness...,,
ID00242,000098d7,12,「あ…」,...,,
ID00242,00009b09,15,「あぅ…」,Ow...,,
ID00242,00009cd8,51,「どうしていいのか…わからない…」,What should I do...I don't know...,,
ID00242,00009f26,30,「先輩は…物好き…」,"You're so weird, senpai...",,
ID00242,0000a13e,33,「いきなりは…困る…」,Sudden moves trouble me...,,
ID00242,0000a18d,21,「わ、悪い…」,S-Sorry...,,
ID00242,0000a3b7,15,「むぐ…」,Mmmph...,,
ID00242,0000a5da,15,「ふぐ…」,Fug...,,
ID00242,0000a7fd,24,「う、うぐっ…」,"U, ugh...",,
ID00242,0000aa29,18,「ひゃっ！」,Eek!,,
ID00242,0000ac4f,27,「…どうかした？」,...What's up?,,
ID00242,0000ac98,39,「い、いや、なんでもない」,"N-No, nothing.",,
ID00242,0000aed4,21,「ひゃあっ！」,Ahh!,,
ID00242,0000b0d6,57,「いきなりは……意図を…汲みかねる…」,Sudden moves... I can't read your intentions...,,
ID00242,0000b13d,21,「わ、悪い…」,S-Sorry...,,
ID00242,0000b352,42,「い、いきなりは…非常識！」,Y-You sudden moves... are so reckless!,,
ID00242,0000b3aa,21,「わ、悪い…」,S-Sorry...,,
ID00243,00001209,42,「フフ…なかなか楽しい話…」,Hehe... pretty fun story...,,
ID00243,000013dc,36,「どの話も…興味深い…」,Every story... is interesting...,,
ID00243,000015a9,30,「どれも…いい話…」,Each one... is a good story...,,
ID00243,00001895,48,「先輩の話は……幅広くていい…」,Senpai's stories... are so varied and great...,,
ID00243,00001a6e,39,「フフフ……面白すぎる…」,Hahaha... way too entertaining...,,
ID00243,00001c3e,39,「先輩は…盛り上げ上手…」,You're really good at keeping things,,
ID00243,00001f2d,33,「フフフ…心が躍る…」,Heheh... my heart's racing...,,
ID00243,000020f7,30,「すごく…楽しい…」,So much... fun...,,
ID00243,000022be,42,「ワクワクが…止まらない…」,Can't stop getting excited...,,
ID00244,00000dc0,39,「似たような…話ばかり…」,Same old story...,,
ID00244,00000f8c,51,「その手の話は…さっきも聞いた…」,I heard that already...,,
ID00244,00001191,33,「違う話を……求む…」,Tell me something else...,,
ID00245,00000dc0,48,「その手の話は……聞き飽きた…」,I've heard that story... a million times...,,
ID00245,00000f95,45,「うんざりするほど…似た話…」,It's so damn repetitive...,,
ID00245,00001167,48,「同じような話が……多すぎる…」,Too many of the same old stories...,,
ID00246,00000dc0,30,「なぜ…話さない？」,Why... don't you talk?,,
ID00246,00000f83,54,「考えごとなら……１人でするべき…」,You should do it alone.,,
ID00246,0000118b,39,「話さないとは……不幸…」,Not talking is... a curse...,,
