file_id,offset_hex,byte_length,jp_text,en_text,ru_text,de_text
ID00001,0000162c,48,（ん？　どこのクラスが体育だ？）,Huh? Which class has P.E.?,,
ID00001,000016c1,51,「魔法封印ッ。我が力を封じ込めよ」,Magic seal! Seal my power!,,
ID00001,00001759,12,「ん？」,Hm?,,
ID00001,00001f91,21,「あ、にい君」,"""Hey, bro.""",,
ID00001,000021d0,48,「真奈のクラスだったか、体育は」,"Oh, it's Mana's class for P.E.",,
ID00001,000023ef,48,「そう。今日は走り高跳びらしい」,Right. They have long jump today.,,
ID00001,00002605,39,「相変わらず、体育の時も、,You never take it off.,,
ID00001,0000263b,45,　足のバンダナ外さねーんだな」,even during P.E.,,
ID00001,000027fb,30,「今、結んだところ。,Just tied it.,,
ID00001,00002828,39,　これはリミッターだから」,Think of this as a limiter.,,
ID00001,00002a5e,39,「外すと真の力が発現して、,My true power will show.,,
ID00001,00002a94,33,　周りに迷惑がかかる」,It'll cause trouble.,,
ID00001,00002c97,36,「どんな？　…小さいころ,I heard that before.,,
ID00001,00002cca,33,　聞いた気もするけど」,But I'm not sure.,,
ID00001,00002d9d,57,「ジャンプした勢いで空気が引き裂かれ、,"The air rips apart from the force of the jump,",,
ID00001,00002de5,21,　空が割れる」,And the sky splits.,,
ID00001,000030fb,15,「ハァ？」,Huh?,,
ID00001,00003138,45,「我が名は『魔法を司る者』！」,My name is 'The Master of Magic'!,,
ID00001,000032e9,57,「火、水、風、雷、土の５つの自然魔法を,The five elemental magics.,,
ID00001,00003331,63,　プログラムで操り、全ての精霊を従えるッ」,I command all spirits!,,
ID00001,00003a63,42,「はいはい、中二病、中二病。,"Yeah yeah, middle school drama.",,
ID00001,00003a9c,42,　実際には、走り高跳びなんて,"Actually, you can't.",,
ID00001,00003ad5,36,　まるで跳べないだろ？」,"You couldn't do it at all, right?",,
ID00001,00003ce0,57,「普段、脆弱な肉体が足を引っ張るのは、,"Usually, my weak body holds me back because",,
ID00001,00003d28,51,　使い手の宿命。享受するしかない」,It's the fate of a user. We can only enjoy it.,,
ID00001,00004190,36,「ものは言いようだなぁ」,"Words are powerful, huh?",,
ID00001,000041e2,42,「筋骨隆々の方がよかった？」,You prefer someone with big muscles?,,
ID00001,0000435f,57,「ん？　お前がか？　…想像つかねーよ」,Hm? You? ...I can't even imagine.,,
ID00001,0000452b,48,「なら、このままでいいってこと」,"Then, this is fine.",,
ID00001,00004589,42,「まだ中２だし、胸を含めて、,I'm still growing.,,
ID00001,000045c2,45,　成長の余地は残ってるけどね」,including my chest.,,
ID00001,000048bd,51,「背はともかく、胸はどうだかなぁ。,How's the chest?,,
ID00001,000048ff,57,　ユイ姉はお前の歳でもっとあったぞ？」,Your age? Yui-nee had more back then.,,
ID00001,00004966,57,「現役女子高生モデルと比べるとか禁止」,No comparing.,,
ID00001,00004c6d,15,「ははは」,Heh heh heh,,
ID00001,00004e20,36,「今の私を録っておく？」,You wanna record me like this?,,
ID00001,00004fd7,12,「ん？」,Hm?,,
ID00001,00005011,48,「Ｃムービー部に入ったんでしょ？,"You joined the C-Movie Club, right?",,
ID00001,00005050,45,　私で動画の練習してみれば？」,Why don't you practice making videos with me?,,
ID00001,0000534b,54,「…そうだな。じゃあ、録らせてくれ」,...Right. Then let's record it.,,
ID00001,000059d3,51,「これで、にい君は…私に恋をする」,"With this, you'll... fall in love with me.",,
ID00001,000062a2,33,「はいはい、するする。,"Yeah, yeah, got it.",,
ID00001,000062d2,42,　中二病ポーズ、ありがとよ」,Thanks for the middle school pose.,,
ID00001,0000632a,45,「む、無効化されたか。手強い」,Huh? It's been neutralized... Tough one.,,
ID00001,000068b1,30,「あ、チャイムが…」,"Oh, the bell...",,
ID00001,000068fd,60,「お？　教室戻らねーと。それじゃあな！」,"Hey, gotta get back to class. Later!",,
ID00001,00006ca8,18,「またねー」,Later!,,
ID00001,00007175,36,（真奈…か。妹とはいえ、,(Mana...),,
ID00001,000071a8,42,　面白い被写体ではあるよな）,she does make an interesting subject.),,
ID00002,0000150c,42,（おっ、あそこにいるのは…）,"Hey, there's @str_000 over there...",,
ID00002,000019e4,33,「真奈、一口もらうぞ」,"Mana, let me have a sip.",,
ID00002,00001a33,12,「あ…」,...,,
ID00002,00001a6d,30,「んぐんぐ…ぷはぁ」,*Gulp*... *burp*,,
ID00002,00001efe,24,「私のコーラ…」,My Coke...,,
ID00002,00001f44,39,「いいだろ？　一口ぐらい」,"Come on, just one sip?",,
ID00002,000020c7,42,「いいけど、間接キスだよ？」,"Sure, but it'll be an indirect kiss.",,
ID00002,0000225a,42,「ブフッ！　変なこと言うな！,Haha! Don't say such weird things!,,
ID00002,00002293,48,　兄妹で間接キスもないだろ！？」,No indirect kisses between siblings!?,,
ID00002,00002353,36,「まぁ、妹の私に対して、,"Well, since I'm your little sister,",,
ID00002,00002386,45,　この手のことに無頓着なのは、,"You're clueless, and that's cute.",,
ID00002,000023c2,48,　にい君のいいところだと思うよ」,I think it's one of your good points.,,
ID00002,0000273e,63,「ったく、ここで動画チェックしていいか？」,"Man, can I check my videos here?",,
ID00002,00002906,33,「もちろん。どぞどぞ」,Sure thing. Go ahead.,,
ID00002,00002d27,42,「ミスって不要な動画は…と」,I should delete unnecessary videos...,,
ID00002,00002ed4,36,「いいねー、こういうの」,"Nice, stuff like this.",,
ID00002,00002fa9,12,「ん？」,Hm?,,
ID00002,00003158,27,「同じテーブルで、,"same table,",,
ID00002,00003182,45,　お互いの趣味を持ち寄る感じ」,sharing our hobbies kinda thing.,,
ID00002,00003261,63,「…まぁ、そうだな。暇さえあれば、パソコン,"...Yeah, that's right. When you've got free time,",,
ID00002,000032af,54,　いじってるお前の気持ちがわかるよ。,you're always messing with your computer.,,
ID00002,000032f4,48,　動画も編集でパソコン使うしな」,I use mine for editing videos too.,,
ID00002,00003537,18,「いい傾向」,A good trend.,,
ID00002,00003577,42,「熱心になにやってんだよ？」,What are you so into?,,
ID00002,00003645,18,「ナイショ」,It's a secret,,
ID00002,000037b3,48,「教えると、人知を越える存在が、,"If I tell you, it could affect you in some way.",,
ID00002,000037f2,27,　なんらかの影響を,Beyond human comprehension.,,
ID00002,0000381c,39,　にい君に及ぼしかねない」,might be influenced by you.,,
ID00002,00003de6,51,「バンダナに封じられた左の太股が…,The left thigh bound with the bandana...,,
ID00002,00003e28,39,　疼いて、そう知らせてる」,is throbbing and telling me so.,,
ID00002,00003f6a,42,「はいはい、中二病、中二病」,"Okay, okay, middle schooler.",,
ID00002,000041c8,33,「む、スルーされたか」,M-Missed that one?,,
ID00002,000042a6,51,「にい君の無効化力には敵わないよ」,I can't compete with your nullifying power.,,
ID00002,000043f4,48,「敵わないのはお前の妄想力だ！」,Your imagination's the one I can't beat!,,
ID00002,00005022,36,「コーラ、もう一口くれ」,Can I have another sip of that Coke?,,
ID00002,000050ab,33,「もう飲んじゃったよ」,I already drank it.,,
ID00002,000050fa,30,「む、いつの間に…」,H-How did you...?,,
ID00002,0000517d,57,「もう１杯買って、ストロー２本差す？」,Buy another and put two straws in?,,
ID00002,000051e4,24,「差すかあっ！」,"Two straws, huh!",,
ID00002,00005261,42,「また無効化されたか…残念」,You nullified me again? Bummer...,,
ID00002,00005303,57,こうして、兄妹なかよく趣味にふけった。,And so we had fun together.,,
ID00003,0000138e,48,（ん？　家庭科室に人の気配が…）,Huh? Someone's in the home ec room...,,
ID00003,000017fa,39,「真奈、なにやってんだ？」,"Mina, what are you doing?",,
ID00003,00001863,12,「読書」,Reading.,,
ID00003,0000189d,48,「宿舎に帰って読めばいいだろ？」,Can't you read back in the dorm?,,
ID00003,000018fb,48,「続きが気になって読み出したら、,I started reading out of curiosity.,,
ID00003,0000193a,39,　帰るタイミングを逸した。,and missed my chance to go back.,,
ID00003,00001970,45,　この章を読み終わったら帰る」,I'll head back after I finish this chapter.,,
ID00003,00001d98,33,「なに読んでんだよ？」,What are you reading?,,
ID00003,00001de7,36,「『一千年の時を越えて、,"'Through a thousand years,",,
ID00003,00001e1a,57,　絶世の美少女魔法使いと冴えない俺は、,"a peerless magical girl and I,",,
ID00003,00001e62,33,　何度も恋に落ちる』」,fall in love again and again.,,
ID00003,00002060,18,「ラノベか」,'A light novel?',,
ID00003,00002199,15,「ふぅ…」,Sigh...,,
ID00003,00002ba4,60,「にい君……ラヴって……なんだと思う？」,'Bro-kun... what do you think 'love' is?',,
ID00003,00002e64,15,「ハァ？」,Huh?,,
ID00003,00002ea1,45,「時空を越えて、恋するふたり。,"Across time and space, two lovers.",,
ID00003,00002edd,54,　生まれ変わっても、必ず結ばれる…」,"No matter how many times reborn, together.",,
ID00003,0000311f,36,「運命って……信じる？」,Do you believe in fate...?,,
ID00003,00003488,45,「運命は……まぁ、あるかもな」,"Well, maybe there is such a thing as fate...",,
ID00003,000034e3,39,「なんで……私とにい君は、,Why did we end up as siblings...,,
ID00003,00003519,57,　兄妹として生まれてきたんだろうね？」,as Nii-kun and I?,,
ID00003,00003990,21,「ハァア！？」,Haa!?,,
ID00003,000039d3,42,「前世は、王国一の魔法使いと,"In our past lives, top mages.",,
ID00003,00003a0c,45,　従者だったかもしれないのに」,and her servant.,,
ID00003,00003e9f,30,「従者ってなんだ！？,What's a servant!?,,
ID00003,00003ecc,39,　兄を召し使い扱いかよ！」,You treat my brother like a servant?,,
ID00003,00003f21,36,「ううん、恋仲だったよ。,"No, we were lovers.",,
ID00003,00003f54,60,　にい君は、いざって時に頼りになる騎士」,My brother's a dependable knight in times of need.,,
ID00003,0000436d,51,「はいはい、ラノベに影響されすぎ」,"Sure, sure, you're too influenced by light novels.",,
ID00003,000043ce,51,「宇宙は広いよ。１千光年先の星から,The universe's vast.,,
ID00003,00004410,57,　見れば、地球は１千年前の姿をしてる」,you'd see Earth as it was a thousand years ago.,,
ID00003,000048c4,60,「前世も、現世も、来世も差がなく等価値。,All lives hold worth.,,
ID00003,0000490f,30,　真奈はそう思うな」,That's what Mana thinks.,,
ID00003,00004d11,48,「…想像力に溢れてるよ、お前は」,You're full of imagination.,,
ID00003,00004d6f,54,「そんなわけで、私に恋したであろう、,"So, if you remember your past life's memories",,
ID00003,00004db4,54,　前世の記憶を思い出したら言ってね」,of falling in love with me...,,
ID00003,000052ad,51,「思い出すかッ！　恋してねーし！」,Remember them! I didn't fall in love!,,
ID00003,0000530e,54,「まぁまぁ、恥ずかしがらなくてもー」,"Calm down, there's no need to be shy.",,
ID00003,00005523,39,「恥ずかしがってねーし！」,I'm not being shy!,,
ID00003,000055b3,48,「ったく、本に夢中になりすぎて、,"Damn it, get so caught up in books that",,
ID00003,000055f2,36,　遅くならないようにな」,you don't end up late.,,
ID00003,00005644,27,「ん…気をつける」,Hm... I'll be careful.,,
ID00003,00005939,24,「それじゃあな」,See ya.,,
ID00003,0000597f,36,「うん。またね、にい君」,"Yeah, see you later, Bro-kun.",,
ID00004,00002aa1,47,「あ、@str_000君、ここにいたのね」,"Hey, @str_000, you were here.",,
ID00004,00002dcd,57,「あ、プロデューサー、ここにいたのね」,"Oh, Producer, you were here.",,
ID00004,00003103,18,「御前さん」,Gozen-sama.,,
ID00004,00003143,24,「捜したのよ～。,I was looking for you~,,
ID00004,0000316a,48,　ちょっと聞きたいことがあって」,There's something I wanna ask.,,
ID00004,00003468,21,「なんです？」,What is it?,,
ID00004,00003610,42,「男の人の心理なんだけど…」,It's about guys' minds...,,
ID00004,00003668,63,「ズバリ！　濡れた水着と、濡れてない水着、,"Straight up! Wet swimsuits and dry ones,",,
ID00004,000036b6,30,　どっちが好き！？」,Which one do you like?,,
ID00004,000039d9,21,「ハァア！？」,Haa!?,,
ID00004,00003a1c,48,「ほら、グラビアって、ほとんどが,"Look, most of the time in swimsuit pics,",,
ID00004,00003a5b,45,　濡れてない水着の写真だけど、,it's pictures of dry swimsuits.,,
ID00004,00003a97,54,　たまに濡れてるのもあるじゃない？」,"Sometimes there are wet ones too, right?",,
ID00004,00003ed6,60,「あれって、どっちがきれいって思うの？」,Which one do you think is prettier?,,
ID00004,000041e0,18,「それは…」,It's...,,
ID00004,00004221,29,  濡れてない方ですね,  The dry one,,
ID00004,00004259,26,  濡れてる方です！,  The wet one!,,
ID00004,0000428e,23,  どっちも最高！,  Both are great!,,
ID00004,000042d1,48,「一般的には濡れてない方ですね」,Usually it's the dry one.,,
ID00004,0000432f,57,「あ、やっぱりそうなんだ。どうして？」,"Oh, so that's why. Why?",,
ID00004,00004771,42,「たぶんだけど、濡れない方が,I guess because it doesn't get wet.,,
ID00004,000047aa,60,　綺麗に見える水着が多いんじゃないかと」,looks prettier when it's not wet.,,
ID00004,00004814,36,「なるほど、そうかもね」,"Makes sense, I guess.",,
ID00004,00004b06,39,「濡れると、生地の色合いも,"When it gets wet, the fabric color",,
ID00004,00004b3c,30,　変わっちゃうしね」,changes too.,,
ID00004,00004d02,30,「濡れてる方です！」,It's the wet one!,,
ID00004,00004d4e,39,「そうなの？　どうして？」,Really? Why?,,
ID00004,00005043,45,「動画を録るなら、濡れてる方が,"If you're recording a video, the wet one",,
ID00004,0000507f,57,　水の動きが出て、よさそうですからね」,looks better with all that water movement.,,
ID00004,000050e6,63,「あ、なるほど。動画らしさがより出るよね」,"Oh, I see. It really shows in the video.",,
ID00004,0000535d,63,「どっちも最高！　濡れてない水着があるから,Both are amazing! The dry swimsuit makes,,
ID00004,000053ab,60,　濡れた水着が引き立つわけだし、どっちも,"the wet one stand out even more, so both",,
ID00004,000053f6,33,　欠かせないですよ！」,are essential!,,
ID00004,00005445,30,「うわ…力説ねぇ…」,Whoa... you really sold it...,,
ID00004,00005746,54,「フフッ、ありがと。参考になったよ。,"Hehe, thanks. That was helpful.",,
ID00004,0000578b,27,　それじゃあね～」,See ya~,,
ID00004,0000679a,47,「あ、@str_000君、ここにいたのね」,"Hey, @str_000, you were here.",,
ID00004,00006bb1,57,「あ、プロデューサー、ここにいたのね」,"Oh, Producer, you were here.",,
ID00004,00006fd2,18,「御前さん」,Gozen-sama.,,
ID00004,00007012,24,「捜したのよ～。,I was looking for you~,,
ID00004,00007039,48,　ちょっと聞きたいことがあって」,There's something I wanna ask.,,
ID00004,00007594,21,「なんです？」,What is it?,,
ID00004,000077b0,45,「男の人の心理なんですけど…」,It's just how guys think...,,
ID00004,0000780b,63,「ズバリ！　濡れた水着と、濡れてない水着、,"Straight up! Wet swimsuits and dry ones,",,
ID00004,00007859,30,　どっちが好き！？」,Which one do you like?,,
ID00004,00007b95,21,「ハァア！？」,Haa!?,,
ID00004,00007bd8,48,「ほら、グラビアって、ほとんどが,"Look, most of the time in swimsuit pics,",,
ID00004,00007c17,45,　濡れてない水着の写真だけど、,it's pictures of dry swimsuits.,,
ID00004,00007c53,54,　たまに濡れてるのもあるじゃない？」,"Sometimes there are wet ones too, right?",,
ID00004,00008092,60,「あれって、どっちがきれいって思うの？」,Which one do you think is prettier?,,
ID00004,0000839c,18,「それは…」,It's...,,
ID00004,000083dd,29,  濡れてない方ですね,  The dry one,,
ID00004,00008415,26,  濡れてる方です！,  The wet one!,,
ID00004,0000844a,23,  どっちも最高！,  Both are great!,,
ID00004,0000848d,48,「一般的には濡れてない方ですね」,Usually it's the dry one.,,
ID00004,00008619,57,「あ、やっぱりそうなんだ。どうして？」,"Oh, so that's why. Why?",,
ID00004,00008b96,42,「たぶんだけど、濡れない方が,I guess because it doesn't get wet.,,
ID00004,00008bcf,60,　綺麗に見える水着が多いんじゃないかと」,looks prettier when it's not wet.,,
ID00004,00008c39,36,「なるほど、そうかもね」,"Makes sense, I guess.",,
ID00004,00009090,39,「濡れると、生地の色合いも,"When it gets wet, the fabric color",,
ID00004,000090c6,39,　変わっちゃいますものね」,They can change like that.,,
ID00004,0000926b,30,「濡れてる方です！」,It's the wet one!,,
ID00004,000092ee,39,「そうなの？　どうして？」,Really? Why?,,
ID00004,000095e3,45,「動画を録るなら、濡れてる方が,"If you're recording a video, the wet one",,
ID00004,0000961f,57,　水の動きが出て、よさそうですからね」,looks better with all that water movement.,,
ID00004,00009686,63,「あ、なるほど。動画らしさがより出るよね」,"Oh, I see. It really shows in the video.",,
ID00004,000098fd,63,「どっちも最高！　濡れてない水着があるから,Both are amazing! The dry swimsuit makes,,
ID00004,0000994b,60,　濡れた水着が引き立つわけだし、どっちも,"the wet one stand out even more, so both",,
ID00004,00009996,33,　欠かせないですよ！」,are essential!,,
ID00004,00009b13,18,「うわぁ…」,Whoa...,,
ID00004,00009cef,18,「力説ねぇ」,You sold it.,,
ID00004,00009ee0,54,「フフッ、ありがと。参考になったよ。,"Hehe, thanks. That was helpful.",,
ID00004,00009f25,27,　それじゃあね～」,See ya~,,
ID00004,0000a2c8,21,「失礼します」,See you later.,,
ID00004,0000b2a9,45,（動画の参考か？　濡れた水着を,For the video ref?,,
ID00004,0000b2e5,48,　録らせてってのは、同じ女子でも,Even among girls...,,
ID00004,0000b324,42,　頼むの難しいと思うけど…）,),,
ID00004,0000b37c,12,「あ…」,...,,
ID00004,0000b667,30,「じとーーーーーー」,(Stare--),,
ID00004,0000b6b3,24,「な、なんだよ」,What's up?,,
ID00004,0000b70d,42,「女子の知り合い、増えたね」,'You've made some girl friends.',,
ID00004,0000b7e8,33,「部活に入ったからな」,"'I joined a club.',",,
ID00004,0000b885,51,「いい夏になりそうで、なにより…」,Looks like a good summer.,,
ID00004,0000bf19,60,（あ、行っちゃったよ。なんだってんだ？）,"(Oh, I went in already. What the hell?)",,
ID00005,0000304e,59,「@str_000く～ん、一緒にお昼行かな～い？」,"Hey @str_000-kun, wanna go to lunch together~?",,
ID00005,00003110,39,「えっ？　い、いいけど…」,Huh? I-I guess...,,
ID00005,00003165,48,「あ、私も一緒に行っていい～？」,"Ah, can I come too~?",,
ID00005,000031e1,18,「ええっ？」,What?,,
ID00005,00003221,24,「私も私も～！」,Me too! Me too!,,
ID00005,00003267,39,（な、なにが起こったんだ？,(What's going on here...),,
ID00005,0000329d,45,　女子の気まぐれはわからん…）,I don't get girls' moods...,,
ID00005,000035b8,30,「じとーーーーーー」,(Stare--),,
ID00005,00003604,18,「ま、真奈」,M-Mana,,
ID00005,00003772,42,「女の子に囲まれてお昼とは、,"Surrounded by girls for lunch, huh?",,
ID00005,000037ab,27,　見せつけるねぇ」,You're showing off.,,
ID00005,00003877,36,「な、なに言ってんだよ、,W-What are you talking about?,,
ID00005,000038aa,33,　クラスメイトだぞ？」,"We're classmates, right?",,
ID00005,0000392e,48,「この夏、急にモテモテなことで」,"This summer, I suddenly became popular...",,
ID00005,00003fd4,30,「行っちゃったよ…」,I went for it...!,,
ID00005,00004020,54,「ほら、こっちこっち～！　早く～！」,Come over here~! Hurry up~!,,
ID00005,00004084,18,「お、おう」,Y-Yeah.,,
ID00005,00004945,59,「@str_000、たまには一緒にお昼行かない？」,"Hey @str_000, wanna go to lunch together sometime?",,
ID00005,00004ae9,54,「お？　どういう風の吹き回しだよ？」,Huh? What's up with you?,,
ID00005,00004c7b,27,「勉強もいいけど、,"Studying is good,",,
ID00005,00004ca5,42,　たまには息抜きしないとね」,but you gotta take a break sometimes too.,,
ID00005,00004fb7,60,「そうそう、お前は根を詰めすぎなんだよ。,"That's right, you're working too hard.",,
ID00005,00005002,54,　昼休みは休憩するためにあるんだぞ」,"Breaks are for lunchtime, remember?",,
ID00005,000050b4,44,「はいはい、年中休憩の@str_000に,"Yeah yeah, @str_000 the break-taker.",,
ID00005,000050ef,33,　言われたくないわよ」,I don't want to hear it.,,
ID00005,0000530a,18,「うぐぐ…」,then.,,
ID00005,0000563c,30,「じとーーーーーー」,(Stare--),,
ID00005,00005688,18,「ま、真奈」,M-Mana,,
ID00005,000057f6,63,「女の子と一緒にお昼とは、見せつけるねぇ」,"Having lunch with a girl, are you showing off?",,
ID00005,000058e6,36,「な、なに言ってんだよ、,W-What are you talking about?,,
ID00005,00005919,33,　クラスメイトだぞ？」,"We're classmates, right?",,
ID00005,0000599d,48,「この夏、急にモテモテなことで」,"This summer, I suddenly became popular...",,
ID00005,00006043,30,「行っちゃったよ…」,I went for it...!,,
ID00005,0000684c,51,「どうしたの？　食堂、行くわよ？」,What's up? Let's go to the cafeteria.,,
ID00005,000069e8,18,「お、おう」,Y-Yeah.,,
ID00005,000072a9,50,「@str_000君、一緒にお昼行かない？」,"Wanna have lunch together, @str_000?",,
ID00005,00007309,45,「あ、相良さん！　行く行く！」,"Hey, Sagara! Let's go!",,
ID00005,0000758c,60,「莉子ちゃんも誘おうかと思ったんだけど、,"I was thinking of inviting Riko too,",,
ID00005,000075d7,30,　姿が見えなくて…」,but I couldn't find her...,,
ID00005,0000780c,24,「そ、そっか…」,"S-so, really...",,
ID00005,00007b44,30,「じとーーーーーー」,(Stare--),,
ID00005,00007b90,18,「ま、真奈」,M-Mana,,
ID00005,00007cfe,63,「女の子と一緒にお昼とは、見せつけるねぇ」,"Having lunch with a girl, are you showing off?",,
ID00005,00007dee,36,「な、なに言ってんだよ。,What're you talking about?,,
ID00005,00007e21,33,　クラスメイトだぞ？」,"We're classmates, right?",,
ID00005,00007ea5,48,「この夏、急にモテモテなことで」,"This summer, I suddenly became popular...",,
ID00005,0000853c,30,「行っちゃったよ…」,I went for it...!,,
ID00005,00008eaa,51,「どうかした？　早く食堂、行こっ」,You okay? Let's hurry to the cafeteria.,,
ID00005,000091b8,18,「あ、ああ」,"Ah, yeah.",,
ID00005,00009840,59,「@str_000、たまには一緒にお昼行かない？」,"Hey @str_000, wanna go to lunch together sometime?",,
ID00005,000098a9,30,「お？　いいけど？」,"Oh? Sure, if you want.",,
ID00005,0000a111,27,「あ、私も私もー」,Me too! Me too!,,
ID00005,0000a3ec,18,「美宇ちん」,Miu-chin,,
ID00005,0000a64f,54,「莉子ちゃん、今日はのんびりお昼？」,"Riko-chan, a relaxed lunch today?",,
ID00005,0000a7a3,51,「そっ。たまには息抜きしないとね」,Sure. We gotta take breaks sometimes.,,
ID00005,0000a8e3,63,「そうそう。せっかくのお昼休みなんだから、,"Yeah, yeah. Since it's a rare lunch break,",,
ID00005,0000a931,48,　勉強ばっかしてちゃダメだって」,we can't just study all the time.,,
ID00005,0000acb2,33,「そうもいかないわよ。,Can't do that.,,
ID00005,0000ace2,45,　学園にはライバルがいっぱい。,There are lots of rivals at school.,,
ID00005,0000ad1e,63,　油断するとすぐ追いつかれちゃうんだから」,You'll get caught up to if you slack off.,,
ID00005,0000b37d,45,「身近なところでは美宇ちんね。,"Miu-chin's right here, you know?",,
ID00005,0000b3b9,30,　テストの点なんか、,"Like test scores,",,
ID00005,0000b3e6,51,　ほとんど変わんない時があるもん」,sometimes they don't change at all.,,
ID00005,0000b8e9,57,「そんなことないって～。勉強苦手だし」,No way~. I suck at studying.,,
ID00005,0000bc16,54,「む…ってことは、勉強が得意なのは、,Huh... So you're good at studying?,,
ID00005,0000bc5b,36,　あのメガネってこと？」,That glasses-wearing guy?,,
ID00005,0000c1ac,45,「メガネ？　あはは、そうかも。,"Glasses? Haha, maybe.",,
ID00005,0000c1e8,60,　私の代わりに考えてくれてるのかもね～」,Maybe he's doing it in my place~,,
ID00005,0000c4c2,45,「はぁ…そんなメガネあったら、,"Phew... If there was a cheat like that,",,
ID00005,0000c4fe,27,　私が欲しいわよ」,I'd want one too.,,
ID00005,0000c7c3,48,「絶対バレないカンニングだよな」,It would be the ultimate undetectable cheating.,,
ID00005,0000cb31,30,「フフッ、ホントだ」,"Hehe, you're right.",,
ID00005,0000cc97,18,「アハハハ」,HAHAHA,,
ID00005,0000ccd7,12,「ん？」,Hm?,,
ID00005,0000d4be,30,「じとーーーーーー」,(Stare--),,
ID00005,0000d50a,18,「ま、真奈」,M-Mana,,
ID00005,0000d678,51,「きれいどころに囲まれてお昼とか、,"Surrounded by pretty girls for lunch,",,
ID00005,0000d6ba,27,　見せつけるねぇ」,You're showing off.,,
ID00005,0000d786,33,「な、なに言ってんだ？,W-What are you talking about?,,
ID00005,0000d7b6,33,　クラスメイトだぞ？」,"We're classmates, right?",,
ID00005,0000d83a,48,「この夏、急にモテモテなことで」,"This summer, I suddenly became popular...",,
ID00005,0000e1d2,33,「あ、行っちゃったよ」,"Oh, she's gone.",,
ID00005,0000e296,35,「真奈ちゃん、@str_000君に,"Mana-chan came to see @str_000-kun,",,
ID00005,0000e2c8,42,　会いに来たんじゃないの？」,didn't she?,,
ID00005,0000e8e9,54,「さあ…最近、なんか変なんだよなぁ」,I don't know... something feels off lately.,,
ID00005,0000eb6d,24,「どんな風に？」,How's she acting?,,
ID00005,0000ec22,63,（あれ？　反町と真奈って知り合いだったか？,"Oh, did Riko and Mahiro know each other?",,
ID00005,0000ec70,51,　…ああ、反町が入学したてのころ、,"...Yeah, when Sorimachi first joined,",,
ID00005,0000ecb2,24,　紹介したっけ）,I introduced them.,,
ID00005,0000ed25,51,「どんな風って…女子と話してると、,"What do you mean... When talking to girls,",,
ID00005,0000ed67,36,　遠くでじっと見てて…」,she just stares from afar...,,
ID00005,0000ef4c,51,「あれ？　今の、妹の真奈ちゃん？」,"Wait, was that my little sister, Mahiro?",,
ID00005,0000f1f8,24,「そうだけど…」,That's right...,,
ID00005,0000f2d9,63,（あれ？　反町と真奈って知り合いだったか？,"Oh, did Riko and Mahiro know each other?",,
ID00005,0000f327,48,　…ああ、反町が入学したての時、,"...Oh yeah, when Sorimachi first started school.",,
ID00005,0000f366,24,　紹介したっけ）,I introduced them.,,
ID00005,0000f5b5,53,「えっ、@str_000君って妹がいたんだ！」,"Whoa, you have a little sister, @str_000?",,
ID00005,0000f93c,30,「中等部の２年だよ。,You're in 2nd middle school.,,
ID00005,0000f969,39,　あんまり似てないだろ？」,"They don't really look alike, do they?",,
ID00005,0000fb72,30,「それは…そうかも」,Well... maybe not.,,
ID00005,0000ff1c,57,「似てなくて正解よ。よかったじゃない、,That's right.,,
ID00005,0000ff64,33,　あんなにかわいくて」,She's so cute.,,
ID00005,00010229,15,「はは…」,Heh...,,
ID00005,0001041a,48,「どうして行っちゃったんだろ？」,Why did she go off like that?,,
ID00005,000105fa,54,「さぁ…最近、なんか変なんだよなぁ」,Hmm... She's been acting weird lately.,,
ID00005,000107c3,24,「どんな風に？」,How's she acting?,,
ID00005,00010809,63,「女子と話してると、遠くでじっと見てて…」,She just stares.,,
ID00005,00010959,48,「あーあー、なーに言ってんのよ。,"Aaaah, what are you saying?",,
ID00005,00010998,45,　ちっとも変じゃないじゃない」,"Not at all, she's perfectly normal.",,
ID00005,00010d94,48,「フフッ、お兄ちゃんっ子なのね、,"Hehe, you're just a big brother girl...",,
ID00005,00010dd3,27,　真奈ちゃんって」,Mahiro-chan...,,
ID00005,0001104b,53,「@str_000君が離れて行っちゃうみたいで,It feels like @str_000 is leaving me behind.,,
ID00005,0001108f,21,　寂しいのよ」,I feel lonely.,,
ID00005,0001120d,54,「離れるもなにも、そんなベッタリした,We've always been close.,,
ID00005,00011252,33,　兄妹ってわけじゃ…」,Not exactly siblings...,,
ID00005,00011406,62,「それは、@str_000がそう思ってるだけでしょ？,"That's just because @str_000 feels that way, right?",,
ID00005,00011453,54,　彼女はそう思ってないんじゃない？」,I don't think she sees it that way herself.,,
ID00005,000118c9,39,「きっとすごく大切なのよ、,"She must really care about you a lot,",,
ID00005,000118ff,29,　@str_000君のことが」,@str_000-kun.,,
ID00005,00011bf7,15,「う～ん」,Hmm.,,
ID00005,00011cb9,39,「はぁ…女心に疎いわねぇ」,You don't get girls.,,
ID00005,00011d68,24,「うっさいぞー」,Shut up already.,,
ID00005,00011dc7,54,「フフッ、とりあえず食堂へ行かない？,"Hehe, let's head to the cafeteria first?",,
ID00005,00011e0c,27,　積もる話は後で」,We can catch up later.,,
ID00005,00012152,33,「そうしよ、そうしよ。,"Yeah, yeah, let's go.",,
ID00005,00012182,38,　ほら、行くわよ、@str_000」,"C'mon, I'll lead the way, @str_000.",,
ID00005,00012311,12,「おう」,Sure thing.,,
ID00006,00001f2d,45,（ん？　家庭科室にいるのは…）,Hm? The one in the home economics room is...?,,
ID00006,00002390,33,「お前、ここ好きだな」,"You like it here, don't you?",,
ID00006,0000250d,54,「この時間は滅多に誰も来ないからね」,No one really comes by at this time.,,
ID00006,00002571,36,「こんなとこに来るのは、,"The only ones who come here are,",,
ID00006,000025a4,57,　被写体を探して、校内をうろついている,looking for a subject and wandering around school,,
ID00006,000025ec,24,　にい君ぐらい」,"like you, Bro-kun.",,
ID00006,000027b3,39,「はは…なにやってんだよ？,Haha... What are you doing?,,
ID00006,000027e9,45,　また俺にナイショのことか？」,Another secret of yours?,,
ID00006,00002844,21,「そんなとこ」,Something like that.,,
ID00006,000031ee,36,「にい君、私…決めたよ」,"Hey bro, I... decided something.",,
ID00006,00003489,12,「ん？」,Hm?,,
ID00006,000035f1,24,「確認するって」,To check it out,,
ID00006,00003637,18,「なにを？」,What?,,
ID00006,00003677,54,「にい君が…私を好きになるかどうか」,Whether you'll like me or not,,
ID00006,00003943,15,「ハァ？」,Huh?,,
ID00006,00003d54,54,「もし、私が妹じゃなかったとしたら、,If I wasn't your little sister...,,
ID00006,00003d99,57,　私を好きになるかどうか、確認したい」,I want to know if you'd like me,,
ID00006,0000409c,48,「妹じゃないって…お前は妹だっ！,You're my little sister!,,
ID00006,000040db,27,　それ以外ない！」,That's it!,,
ID00006,00004289,36,「そんなことは認識済み」,I'm well aware of that.,,
ID00006,0000445c,27,「大きくなったら、,"When I grow up,",,
ID00006,00004486,42,　にい君のお嫁さんになるぅ」,I'll be your wife!,,
ID00006,000047a2,63,「なんて、小さいころみたいに言わないって」,Don't talk like that.,,
ID00006,00004a12,45,「狙いは来世。魔法を駆使して、,"My goal is the next life. Using magic,",,
ID00006,00004a4e,60,　次はちゃんと、ラヴラヴな幼なじみとかで,"Next time, I'll be your childhood friend for real.",,
ID00006,00004a99,27,　生まれてみせる」,I'll be born to do that.,,
ID00006,00004eca,51,「お前なぁ…来世とかラヴラヴとか、,"You know... rebirth and lovey-dovey stuff,",,
ID00006,00004f0c,48,　普通の兄妹ならドン引きだぞ？」,normal siblings would be grossed out by that.,,
ID00006,00005017,39,「にい君に拒否権ないから。,You can't refuse me.,,
ID00006,0000504d,54,　私が勝手に、アピールするだけだし」,I'll just do all the pursuing myself.,,
ID00006,0000538c,33,「あまりの私の魅力に、,"If my charm is too much for you,",,
ID00006,000053bc,36,　クラクラするといいよ」,you can get dizzy from it.,,
ID00006,000055b4,15,「フフッ」,Heh heh.,,
ID00006,00005671,24,「それじゃあね」,See ya.,,
ID00006,00005a90,60,「お、おい……ったく。来世だのなんだの、,"Yo, hey... damn it.",,
ID00006,00005adb,63,　どこまで本気なのか、よくわかんねーって」,I can't tell if you're even serious or not.,,
ID00007,000023cd,51,（ったく、毎日なんでこんなにゴミが,"Man, why does so much trash build up every day?",,
ID00007,0000240f,51,　たまるんだ？　掃除当番とはいえ、,Even though it's my cleaning shift...,,
ID00007,00002451,21,　ついてねー）,You're not helping.,,
ID00007,00003060,39,「あ、にい君、ゴミ捨て？」,Taking out trash?,,
ID00007,000031f0,33,「ああ、校舎裏までな」,To the back of school.,,
ID00007,000034a1,33,「私が持ってあげるよ」,I'll carry it for you.,,
ID00007,000034f0,24,「いいよ、別に。,"No thanks, I'm fine.",,
ID00007,00003517,51,　お前のを持ってやるならともかく、,But if you were carrying yours too...,,
ID00007,00003559,45,　なんで持ってもらわなきゃ…」,Why do I need you to carry it...?,,
ID00007,00003b02,15,「ひしっ」,Hiss.,,
ID00007,00003b3f,36,「…なにやってんだよ？」,What the hell are you doing?,,
ID00007,00003b91,36,「ゴミ箱を持つと思った？,You thought I'd carry a trash can?,,
ID00007,00003bc4,54,　残念、持つのはにい君の腕でしたー」,"Sorry, it was @str_000's arm all along.",,
ID00007,00003e76,48,「俺にしがみついてどうすんだ？」,What are you gonna do by clinging to me?,,
ID00007,0000407e,18,「こうする」,Like this,,
ID00007,000041b4,45,「ウリウリウリウリウリウリ…」,Uryuryuryuryur...,,
ID00007,0000420f,36,「…なにやってんだよ？」,What the hell are you doing?,,
ID00007,0000427a,30,「胸を押しつけてる」,Pressing my boobs.,,
ID00007,0000444e,36,「巨乳にクラクラする？」,Getting dizzy from big tits?,,
ID00007,000046f0,33,「…巨乳？　どこが？」,Big tits? Where's that?,,
ID00007,000053c2,33,「む……残念…通じず。,Mm... That didn't work...,,
ID00007,000053f2,39,　にい君、無効化力高すぎ」,"Too much power, bro.",,
ID00007,000058d9,48,「お前なぁ、いきなりなにを…あ！,What the hell are you doing?! Oh!,,
ID00007,00005918,39,　今のも、好きにさせるとか,Was it that?,,
ID00007,0000594e,33,　言ってたヤツか！？」,That was you?!,,
ID00007,000059b8,48,「お前なぁ、いきなりなにを…あ！,What the hell are you doing?! Oh!,,
ID00007,000059f7,57,　好きにさせるとか言ってたヤツか！？」,That's the one who said that!?!,,
ID00007,00005c24,21,「本気だから」,I'm serious.,,
ID00007,00005c67,27,「本気ってお前…」,You're serious...?,,
ID00007,00005e15,51,「ほら、早くゴミ捨てに行かないと、,"Hey, you gotta throw out the trash quick,",,
ID00007,00005e57,45,　掃除の時間終わっちゃうよ？」,or cleanup time will end soon.,,
ID00007,00006128,39,「お前が邪魔してんだろ？」,Was it because of you?,,
ID00007,0000625c,51,「いやいや、邪魔になるほど胸はな…,"Nah, my chest isn't that big to get in the way...",,
ID00007,0000629e,21,　って、自爆」,"Wait, self-destruct.",,
ID00007,00006a28,63,「ほらほら、私がにい君を持ってあげるから、,"Here here, I'll take care of Bro-kun for you,",,
ID00007,00006a76,24,　ゴミ箱持って」,Take the trash can.,,
ID00007,00006d69,45,「ただ歩きにくいだけだろーが」,"Just it's harder to walk, that's all.",,
ID00007,00006f29,30,「いいからいいから」,"Come on, come on.",,
ID00007,00007452,45,「グリグリグリグリグリグリ…」,Grrr grrr grrr...,,
ID00007,000074ad,33,「グリグリすんなぁっ」,Stop rubbing it!,,
ID00008,00002dc6,54,（やばい！　撮影してたら遅くなった！,Shit! I was taking pictures and got late!,,
ID00008,00002e0b,33,　急いで帰らねーと！）,Need to hurry up and get home!,,
ID00008,000030d6,21,（鞄、鞄っと）,"My bag, my bag",,
ID00008,0000387b,48,（門限には余裕だな。腹減った～）,I still have time before curfew. I'm starving~,,
ID00008,0000397e,54,「ただいま～。って、誰もいないけど、,"I'm back~. Even though no one's here,",,
ID00008,000039c3,36,　つい言っちゃうよなぁ」,I always end up saying it,,
ID00008,0000400e,21,「おかえりー」,Welcome home~,,
ID00008,00004051,33,「おわっ！？　真奈！？,Oh!? Mahna!?,,
ID00008,00004081,33,　なんでいんだよ！？」,What're you doing here!?,,
ID00008,00004235,48,「遅かったね。お腹減ったでしょ？,"You were late, right? You must be hungry.",,
ID00008,00004274,30,　すぐご飯できるよ」,I can make dinner right away.,,
ID00008,00004432,39,「どうやって入ったんだ！？,How did you get in!?,,
ID00008,00004468,45,　なんでそんな格好なんだ！？」,Why are you dressed like that!?,,
ID00008,00004628,33,「質問は１つずつでね」,One question at a time!,,
ID00008,00004677,39,「どうやって入ったっ！？」,How'd you get in!?,,
ID00008,000046cc,45,「たまさんに、風邪気味の兄に、,Tam-san let me in.,,
ID00008,00004708,63,　ご飯作ってあげるって言ったら、あっさり。,"She said she'd make me food, so I just went in.",,
ID00008,00004756,48,　長居しないように言われたけど」,Even though she told me not to stay long,,
ID00008,00004cca,27,「ウソじゃねーか！,Are you kidding me!,,
ID00008,00004cf4,48,　なんでそんな格好なんだよ！？」,Why are you dressed like that!?,,
ID00008,00004eb7,42,「裸エプロンの方がよかった？,Weren't you better off without the apron?,,
ID00008,00004ef0,15,　けど…」,But...,,
ID00008,000051cd,30,「そんなの録ったら、,"If we record this,",,
ID00008,000051fa,42,　にい君、捕まっちゃうよ？」,"Bro-kun's gonna get caught, ya know?",,
ID00008,000053c7,51,「そうじゃねーっ！　なんでわざわざ,No way! What's with the swimwear?,,
ID00008,00005409,45,　スク水にエプロンなんだ！？」,You're in a swimsuit AND an apron?,,
ID00008,00005464,57,「白とブルーで、メイド服に見えない？」,Don't they look like maid clothes in white and blue?,,
ID00008,000057ee,27,「見えるかあっ！」,"You can see it, huh?!",,
ID00008,00005837,45,「けど、こんなメイドがいたら、,"But, if there's a maid like this around,",,
ID00008,00005873,27,　うれしいよね？」,Isn't that great?,,
ID00008,00005cd0,36,「…それは……まぁ……」,Well... I guess...,,
ID00008,00005d22,27,「ドキドキする？」,Would your heart race?,,
ID00008,00005e52,18,「うぐぐ…」,then.,,
ID00008,00006021,54,（落ち着け、相手は妹だ…。妹だぞ…）,"(Calm down, she's your sister...)",,
ID00008,000060bc,33,「これぐらいしないと、,I had to do this much for the,,
ID00008,000060ec,39,　スルーされちゃうからね。,You'll get ignored otherwise.,,
ID00008,00006122,45,　にい君の無効化力は強いから」,Your power to nullify is strong.,,
ID00008,0000656f,54,「あ、焼けたみたい。さっそく食べよ」,"Ah, it looks done. Let's eat.",,
ID00008,00006755,33,「メシか？　お、おう」,Food? Oh yeah.,,
ID00008,00006fb8,51,（焼けたって……凝った料理なのか？,(It's done... Is it a fancy dish?,,
ID00008,00006ffa,60,　ローストビーフとか、鳥の丸焼きとか…）,Like roast beef or whole roasted chicken...,,
ID00008,00007366,24,「ジャーーーン」,Ding-dong,,
ID00008,000073ac,18,「…これは」,This is...,,
ID00008,00007405,27,「チーズトースト」,Cheese toast,,
ID00008,000074c2,27,「略してチートー」,Or just cheeto,,
ID00008,000075b3,30,「チートじゃないよ」,It's not cheetos.,,
ID00008,00007625,60,「はいはい、オタクギャグ、オタクギャグ」,"Yeah, yeah, geek joke, geek joke.",,
ID00008,00007969,33,「んぐんぐ…食べると、,"Mmm... if you eat it,",,
ID00008,00007999,42,　頭の働きが１．３倍になる」,your brainpower will boost by 1.3.,,
ID00008,00007dca,42,「チートかよ！　って、はぁ…,"That's cheating! Wait, huh...",,
ID00008,00007e03,51,　なんだって晩メシにトーストを…」,What the hell is toast for dinner...,,
ID00008,00007e64,42,「にい君、２枚食べるでしょ？,"Hey big bro, you'll eat two slices right?",,
ID00008,00007e9d,48,　２枚目はベーコンと、トマトと、,"The second slice has bacon and tomato,",,
ID00008,00007edc,42,　オニオンと、ピーマン入り」,with onion and peppers.,,
ID00008,000082f1,45,「俗に言う、ピザトーストだね。,"It's what people call a pizza toast, right?",,
ID00008,0000832d,42,　けど、まずはチーズとパンの,"But first, enjoy the cheese and bread.",,
ID00008,00008366,39,　ハーモニーを味わってよ」,Enjoy it.,,
ID00008,0000875f,51,「なるほど、そうなのか。じゃあ…」,"Oh, I see. So that's how it is...",,
ID00008,00008936,51,「もぐもぐ……うまい！　やるな！」,Mmm... This is good! Nice job!,,
ID00008,00008ac5,51,「パンにチーズを乗せて、焼くだけで,Just put cheese on bread and bake it...,,
ID00008,00008b07,60,　おいしいんだから、チートーは偉大だよ」,"It's delicious, so Cheddar is awesome.",,
ID00008,00008f15,45,「チートは偉大じゃないけどね」,"Cheddar's awesome, but that's not all.",,
ID00008,00008f70,54,「はははは。そういや、休みの日とか、,"Hahaha. Speaking of which, on days off,",,
ID00008,00008fb5,42,　１人で作って食ってたよな」,you used to make it and eat alone.,,
ID00008,0000913b,54,「言ってくれれば、作ってあげたのに」,I would've made it for you if you'd asked.,,
ID00008,000092da,45,「俺はカップラーメンの方が…」,I prefer cup ramen though...,,
ID00008,00009335,42,「チートーの方が体にいいよ。,Chow mein's better for you.,,
ID00008,0000936e,63,　トッピングを工夫すれば、野菜も取れるし」,Be creative with toppings.,,
ID00008,00009644,30,「それもそうだな…」,That's true...,,
ID00008,0000988e,45,「もぐもぐ…ご用命はいつでも」,...chomp chomp...feel free to call anytime.,,
ID00008,000099fa,63,「…目のやり場に困るから、早く服を着ろよ」,You're making me uncomfortable.,,
ID00008,00009a67,57,「あれ？　意識してる？　いい傾向だね」,Hey? Are you conscious of that? That's a good sign.,,
ID00008,00009eb5,54,「そのまま、私を好きになっていいよ」,You can keep liking me like this.,,
ID00008,00009f19,24,「お前は妹だ！」,You're my little sister!,,
ID00008,0000a0a6,33,「そこは置いておいて」,Forget about that.,,
ID00008,0000a230,30,「置いとけるかあっ」,Like hell I will!,,
ID00008,0000ab70,57,「はぁ…お前の、俺を惚れさせるごっこは,Hah... Your pretending to like me...,,
ID00008,0000abb8,36,　いつまで続くんだよ？」,How long is this gonna go on?,,
ID00008,0000ac0a,45,「ごっこじゃないよ、本気だよ」,"This isn't a game, it's real.",,
ID00008,0000ac65,42,「余計、タチが悪いっての！」,That just makes things worse!,,
ID00008,0000acbd,54,「ラヴって…一筋縄じゃいかないよね」,Love... really can't be taken for granted.,,
ID00008,0000ad21,48,「…言ってもムダか。気が済むまで,"...guess it's pointless anyway, but",,
ID00008,0000ad60,30,　がんばってみろよ」,Try your best.,,
ID00008,0000adac,42,「言われなくてもそのつもり」,I don't need to be told that,,
ID00008,0000ae04,30,「にい君…大好き…」,Bro-kun... I love you...,,
ID00008,0000ae50,51,「兄妹としてってつけろおぉぉぉっ」,Add 'as siblings' or whatever,,
ID00009,000025c5,18,「にい君…」,"Hey, big bro...",,
ID00009,0000276a,42,「私とにい君は……ホントは、,I and you... actually aren't,,
ID00009,000027a3,39,　血が繋がってないんだよ」,related by blood.,,
ID00009,00002954,54,「だって……私は、他の時空から来た、,"Because I came from another dimension,",,
ID00009,00002999,45,　『魔法を司る者』なんだから」,as a 'Master of Magic'.,,
ID00009,00002ebf,36,「だから、恋したって……,So even if we fall in love...,,
ID00009,00002ef2,45,　キスしたって……かまわない」,or kiss... it's fine.,,
ID00009,00003111,15,「…して」,...do it,,
ID00009,0000320c,42,「うわああああああああっ！」,Uwaaaaaaaah!,,
ID00009,000034e5,42,「ハァ…ハァ…なんつー夢だ。,Haa... Haa... What a dream.,,
ID00009,0000351e,39,　なんでスク水なんだ！？」,Why am I in a swimsuit?,,
ID00009,00003573,30,「あいつが、この間、,It's because that guy...,,
ID00009,000035a0,51,　スク水でエプロンとかするから…」,was wearing an apron with a swimsuit...,,
ID00009,0000363c,30,「まさか……俺は……,Could it be... I'm...,,
ID00009,00003669,60,　真奈を……女の子として意識してるのか？,actually thinking of Mana as a girl?,,
ID00009,000036b4,42,　バカな！？　あり得ない！」,You're crazy!? Impossible!,,
ID00009,0000375a,48,「うおっ！？　誰だこんな時間に！,Whoa!? Who's here at this hour... Mana?,,
ID00009,00003799,15,　…真奈」,...Mana.,,
ID00009,00003845,30,「ごめん、寝てた？」,"Sorry, were you sleeping?",,
ID00009,00003891,45,「いや、夢で目が覚めたとこだ」,"No, I just woke up from a dream.",,
ID00009,000038ec,12,「夢？」,A dream?,,
ID00009,00003926,39,「あーいや、なんでもない」,"Ah, never mind.",,
ID00009,0000397b,45,（あんな夢を見たとは言えねー）,(I can't tell him about that dream.),,
ID00009,000039d6,45,「…助けて、にい君。…お願い」,"Please help me, Bro-kun. Please.",,
ID00009,00003a31,54,「助け？　なんだ！？　ヤバいのか？」,Help? What's up!? You in trouble?,,
ID00009,00003a95,51,「うん。ちょっと手が離せなくて…、,"Yeah, my hands are tied... I'll explain later.",,
ID00009,00003ad7,30,　説明は来てからで」,When we get there.,,
ID00009,00003b23,57,「わかった。どこだ？　お前の部屋か？」,Got it. Where are you? Your room?,,
ID00009,00003b8a,39,「ううん、学校の家庭科室」,"No, school's home ec room.",,
ID00009,00003bdf,51,「ハァア？　なんでそんなとこに…」,Huh? Why would you be there...,,
ID00009,00003c40,39,「説明は後で。すぐに来て」,I'll explain later. Come quick.,,
ID00009,00003c95,21,「お、おう！」,"Oh, oh!",,
ID00009,00003d26,63,（もしかしたら…さっきの夢は、助けを求める,Maybe Mana called me...,,
ID00009,00003d74,60,　真奈の呼びかけが届いたのかもしれない。,Maybe it did!,,
ID00009,00003dbf,45,　そう思おう！　今行くぞっ！）,I'll go now!,,
ID00009,00004124,48,（こんな時間に宿舎を抜け出して、,"This late at night, sneaking out of the dorms,",,
ID00009,00004163,42,　学校に忍び込むなんてなぁ）,Sneaking into school too...,,
ID00009,00004648,63,（誰かに見つかったら、俺も真奈も停学だよ）,We'll be suspended.,,
ID00009,000049b8,36,「来たぞー。うおっ！？」,Here I am-- Whoa!,,
ID00009,00004d89,54,「なんだ！？　このパソコンの山は！」,What's with this?!,,
ID00009,00004ded,57,「トラブルに備えて、家庭科準備室の奥に,I hid them back.,,
ID00009,00004e35,24,　隠しておいた。,I hid them.,,
ID00009,00004e5c,45,　けど、繋いでる時間がない…」,But I don't have time to connect them...,,
ID00009,00004ff2,27,「にい君…繋いで」,Bro-kun... Connect it.,,
ID00009,0000533c,54,「お前は…一体なにをやってるんだ？」,What the hell are you doing?,,
ID00009,000053a0,51,「家の私の部屋にサーバーがあるの、,"You know there's a server in my room at home,",,
ID00009,000053e2,27,　知ってるよね？」,right?,,
ID00009,0000574a,57,「ああ。あのでっかいスチール棚みたいな,"Yeah, that big steel shelf-like thing,",,
ID00009,00005792,21,　ヤツだろ？」,"That thing, right?",,
ID00009,000057d5,45,「あれが、今、攻撃を受けてる」,It's under attack right now.,,
ID00009,000058a6,42,「…ハッキングってヤツか？」,...You mean hacking?,,
ID00009,000058fe,12,「そう」,Yeah.,,
ID00009,00005aa9,51,「けど、ただのハッキングじゃない。,But it's not just regular hacking.,,
ID00009,00005aeb,54,　私のプログラムを全て食い尽くして、,"It's trying to devour all my programs,",,
ID00009,00005b30,39,　我が物にしようとしてる」,and make them its own.,,
ID00009,000061b2,57,「まるで…アメーバが異物を飲み込んで、,"Like... an amoeba engulfing a foreign object,",,
ID00009,000061fa,54,　自分そっくりに作り変えるみたいに」,like it's trying to remake them into its own twin.,,
ID00009,00006293,51,「それを阻止しようとしてるのか？」,Are you trying to stop that?,,
ID00009,000062f4,30,「そう、対抗してる。,That's right.,,
ID00009,00006321,60,　生徒会のサーバーの演算力をプラスして」,By adding the Student Council's server power,,
ID00009,000068cd,36,「生徒会の？　いいのか？,The Student Council's? Is that okay?,,
ID00009,00006900,36,　勝手にそんなことして」,You're just doing that on your own.,,
ID00009,00006952,24,「勝手じゃない。,I'm not.,,
ID00009,00006979,57,　生徒会のサーバーを管理してるのは私。,I manage the Student Council's server.,,
ID00009,000069c1,51,　ずいぶん前に御前さんに頼まれた」,I was asked by Misaki a while back.,,
ID00009,00006ead,27,「そうなのか！？」,Is that so!?,,
ID00009,00006fcd,60,「世のあるあらゆる魔法を行使する私なら、,"Since I can use all kinds of magic,",,
ID00009,00007018,45,　タダでセキュリティは万全…」,security would be foolproof for free...,,
ID00009,000071fb,54,「のはずだった。この事態は想定外…。,This situation wasn't expected...,,
ID00009,00007240,51,　学校を巻き込みたくはないけど…」,But I don't want to drag the school into this...,,
ID00009,00007574,42,「どれも……未知の攻撃……。,They're all unknown attacks...,,
ID00009,000075ad,33,　解析に時間がかかる」,It'll take time to analyze.,,
ID00009,00007865,54,「にい君、急いでＰＣをネットワークに,"Hey, @str_000, connect the PC to the network quick.",,
ID00009,000078aa,36,　繋いで。敵に対抗する」,We need to fight back against them.,,
ID00009,00007c6d,57,「これを全部か！？　時間かかるぞ！？」,All of this?! It's gonna take forever!,,
ID00009,00007cd4,45,「私が耐えてるうちに…早く…」,While I hold them off... Hurry up...,,
ID00009,00007e22,24,「わ、わかった」,O-Okay.,,
ID00009,0000840b,57,「なんだこれ？　こんなＯＳ知らないぞ」,What's this? I've never seen an OS like this before.,,
ID00009,000084a9,60,「サーバー用のＯＳ。ネットに繋ぐ方法は、,It's a server OS. Check to connect it.,,
ID00009,000084f4,24,　ヘルプを見て」,the help.,,
ID00009,000085c8,57,「これか……俺にどこまでやれるか……」,This is it... How far can I go...?,,
ID00009,0000862f,54,「やれるよ。にい君は、小さいころから,"I can do this. You've been able to forever,",,
ID00009,00008674,48,　私のこと、助けてくれたから…」,...because you helped me...,,
ID00009,000086d2,39,「この世界でも、前世でも、,"In this world or the last one,",,
ID00009,00008708,45,　いざって時に頼れる私の騎士」,"when it counts, you're my reliable knight.",,
ID00009,00008763,36,「前世はお前の妄想だ！」,The past is in your head!,,
ID00009,000087b5,57,「妄想を、叶わぬ夢と片付けるのは簡単」,It's easy to dismiss them.,,
ID00009,0000881c,51,「けど、人にはそれぞれの夢がある。,but everyone has their own dream.,,
ID00009,0000885e,33,　そのひとつひとつが、,each of them is,,
ID00009,0000888e,48,　自由で無限の広がりがある世界」,Endless freedom and possibilities.,,
ID00009,000088ec,57,「人にはなぜそんな想像力があるのか…。,Why do people have such imagination...,,
ID00009,00008934,24,　その意味は？」,What does that mean?,,
ID00009,00008cd5,42,「くっ…すごい情報の流れ……,Gah...so much info...,,
ID00009,00008d0e,30,　飲み込まれそう…」,I might get lost in it...,,
ID00009,00008db7,48,「バンダナに縛られた左の太股が…,The left thigh bound by the bandana...,,
ID00009,00008df6,15,　疼く…」,is throbbing...,,
ID00009,000090f0,63,「私の中に封じられし力が…解放を望んでる」,The power within me yearns.,,
ID00009,0000919e,57,「…ううん、まだ違う。その時じゃない」,"No, not yet. It's not the right time.",,
ID00009,000094b7,48,「一体、なにが起こってんだよ？」,What the hell's going on?,,
ID00009,00009515,33,「平行世界を捜してた」,I was looking for it.,,
ID00009,000096d9,21,「平行世界？」,A parallel world?,,
ID00009,0000971c,42,「パラレルワールドともいう」,Also known as 'parallel world'.,,
ID00009,00009917,30,「この世界とは違う、,There’s a different world.,,
ID00009,00009944,45,　別の世界が存在するって理論」,a theory that posits an alternate reality.,,
ID00009,00009acd,60,「ハァ！？　そんなのあるわけないだろ？」,"Huh!? There's no such thing, right?",,
ID00009,00009b37,24,「普通そう思う。,Most people think that.,,
ID00009,00009b5e,54,　けど、最新の量子力学や宇宙論では、,"But in the latest quantum mechanics and cosmology,",,
ID00009,00009ba3,39,　否定するには至ってない」,they haven't ruled it out yet.,,
ID00009,00009f1e,24,「そうなのか？」,Is that so?,,
ID00009,00009f64,12,「ん…」,Hmm...,,
ID00009,0000a10f,54,「宇宙は広いもの、可能性は無限だよ」,"The universe is vast, possibilities are infinite.",,
ID00009,0000a3af,45,「そのことを教えてくれたのは、,That's what she told me.,,
ID00009,0000a3eb,27,　他ならぬにい君」,"It was you, Bro-kun.",,
ID00009,0000a6e2,15,「俺！？」,Me!?,,
ID00009,0000a71f,27,「覚えてないか…」,Don't you remember...?,,
ID00009,0000a8e5,60,「私が…いつか『魔法を司る者』になるって,That it would be me...,,
ID00009,0000a930,39,　言ったのは、にい君だよ」,"You're the one who said that, Bro-kun.",,
ID00009,0000ac58,12,「え…」,Huh...?,,
ID00009,0000ac92,42,「それからプログラムを覚え、,"After learning how to program,",,
ID00009,0000accb,45,　ずっと夢を追い求めてきた…」,I've been chasing it...,,
ID00009,0000ae54,57,「どうやら、自分でも気づかないうちに、,Seems like I hit on something...,,
ID00009,0000ae9c,45,　キーとなる理に触れたみたい」,Looks like I touched the key...,,
ID00009,0000b025,54,「他の世界との繋がりを知られたら困る,Trouble if they knew...,,
ID00009,0000b06a,57,　何かが、私の夢を消し去ろうとしてる」,It's like something is trying to erase my dream.,,
ID00009,0000b33a,33,「何かってなんだよ？」,What do you mean 'something'?,,
ID00009,0000b389,57,「時空間を管理する存在……思念体かも」,A spacetime manager... maybe.,,
ID00009,0000b5ce,54,「そんなバカな。中二病過ぎるだろ！」,You're joking! That's insane!,,
ID00009,0000b632,45,「そうだね…。どこかの誰かが、,"That's true... Someone somewhere,",,
ID00009,0000b66e,39,　面白半分に私のサーバーを,Just messing with my server.,,
ID00009,0000b6a4,45,　攻撃してるだけかもしれない」,It could just be that.,,
ID00009,0000b7f5,42,「否定しないよ、その可能性」,I'm not denying the possibility.,,
ID00009,0000bcc5,54,「私を信じるかどうかは、にい君次第」,Whether you believe me or not is up to you.,,
ID00009,0000bfcc,27,「信じてくれる？」,You'll believe me?,,
ID00009,0000c015,15,「真奈…」,Mina...,,
ID00009,0000c053,37, 信じるに決まってるだろ！, I believe you!,,
ID00009,0000c093,10, 悪い…, Sorry...,,
ID00009,0000c0c9,42,「信じるに決まってるだろ！」,Of course I believe you!,,
ID00009,0000c136,15,「悪い…」,Sorry...,,
ID00009,0000c173,30,「…ううん、いいよ。,"...Nah, it's fine.",,
ID00009,0000c1a0,45,　信じられないよね、こんな話」,"It's hard to believe, isn't it?",,
ID00009,0000c498,30,「そうじゃなくて…」,It's not like that...,,
ID00009,0000c659,45,「なかなか信じられなくて悪い！,Sorry for not believing you!,,
ID00009,0000c695,42,　信じるに決まってんだろ！」,I have no choice but to believe you!,,
ID00009,0000c6ed,18,「にい君…」,"Hey, big bro...",,
ID00009,0000c8c1,21,「ありがと…」,Thanks...,,
ID00009,0000ca3e,48,「ほら、ネットワーク繋がったぞ！,"Check it out, the network's connected!",,
ID00009,0000ca7d,60,　その思念体とやらをさっさと追い返せ！」,Get rid of that thing already!,,
ID00009,0000cc58,12,「ん！」,Hm!,,
ID00009,0000ce5b,42,「にい君の言葉は、魔法だよ。,Your words are magic.,,
ID00009,0000ce94,27,　私に力をくれる」,They give me strength.,,
ID00009,0000d146,18,「…勝てる」,...I can win.,,
ID00009,0000d48a,15,「ふぅ…」,Sigh...,,
ID00009,0000d4c7,21,「どうした？」,What's up?,,
ID00009,0000d50a,42,「去ったよ。攻撃が止まった」,It’s gone. The attacks stopped.,,
ID00009,0000d69f,42,「やったか！　よかったな！」,Nice job! Glad it worked out!,,
ID00009,0000d6f7,12,「ん…」,Hmm...,,
ID00009,0000d9b4,21,「のど渇いた」,I'm parched.,,
ID00009,0000dc15,36,「コーラおごってやるよ。,I'll buy you a Coke then.,,
ID00009,0000dc48,42,　この間、一口もらったしな」,"Last time, I got to have one sip.",,
ID00009,0000dca0,30,「うん。半分こしよ」,"Yeah, let's split it.",,
ID00009,0000f015,54,「耐えたおかげで攻撃のログが取れた。,Thanks to your endurance.,,
ID00009,0000f05a,30,　これで解析できる」,Now we can analyze them.,,
ID00009,0000f1e1,36,「けど、家のサーバーは、,"But my home server is,",,
ID00009,0000f214,42,　しばらく物理的にネットから,I gotta disconnect from the net for a bit.,,
ID00009,0000f24d,27,　外しとかなきゃ」,"Otherwise, I can't do it.",,
ID00009,0000f5f9,48,「また攻撃があるとマズいからね」,That could be bad if another attack comes.,,
ID00009,0000f85d,45,「あとは…ここも片付けないと」,I also need to clean up here.,,
ID00009,0000f99b,36,「朝までかかりそうだな」,It'll probably take until morning.,,
ID00009,0000fb99,36,「ごめんね、巻き込んで」,Sorry about dragging you into this.,,
ID00009,0000fbeb,63,「気にすんな。いざって時に頼りになるのが、,"Don't worry about it. When push comes to shove,",,
ID00009,0000fc39,24,　俺なんだろ？」,You can count on me.,,
ID00009,0000fe27,51,「そう…真奈の騎士だよ、にい君は」,"You're Mana's knight, right?",,
ID00009,00010308,60,真奈のサーバーを攻撃したのがなんなのか、,"I don't know what attacked Mana's server,",,
ID00009,00010353,27,俺にはわからない。,I have no idea.,,
ID00009,0001039c,24,普通に考えると、,"If you think normally,",,
ID00009,000103c3,69,真奈がただ中二病をこじらせただけ…なんだろう。,Maybe she just took her otaku phase too far.,,
ID00009,00010436,24,けど、いいんだ。,But that's fine.,,
ID00009,0001045d,57,真奈が真奈らしくあってくれればそれで。,As long as Mana is being herself.,,
ID00009,000104a5,72,元々、現実と想像の区別があんまりないヤツだしな。,She never really told them apart anyway.,,
ID00010,0000172c,42,（ん？　あそこにいるのは…）,Hm? Who's over there...,,
ID00010,00001ca0,54,「屋上で夕日を眺めるとか、珍しいな」,"She's weird, staring at the sunset on the roof.",,
ID00010,00001d04,21,「あ、にい君」,"""Hey, bro.""",,
ID00010,000020cf,36,「ちょっと…黄昏れてて」,You're kinda mopey...,,
ID00010,000023c7,24,「なんでだよ？」,What's up with that?,,
ID00010,00002455,39,「過ち…だったかもって…」,Maybe... I was wrong...,,
ID00010,0000261e,15,「過ち？」,What mistake?,,
ID00010,000027c0,54,「この間のサーバーへのハッキング…」,The hacking of the server a while back...,,
ID00010,00002824,42,「解析して…攻撃だって確信が,I'm sure it was.,,
ID00010,0000285d,27,　持てなくなった」,I couldn't hold on anymore.,,
ID00010,00002aa3,21,「どうして？」,Why?,,
ID00010,00002ae6,54,「拒絶では…なかったのかもしれない」,It might not have been rejection...,,
ID00010,00002e0b,39,「むしろ…拒絶したのは私。,Actually... I did.,,
ID00010,00002e41,57,　向こうは…受け入れようとしただけ…」,They just wanted to accept me...,,
ID00010,00003163,24,「思念体がか？」,You mean my astral body?,,
ID00010,00003351,12,「ん…」,Hmm...,,
ID00010,0000338b,27,「なんのために？」,What for?,,
ID00010,000033d4,54,「こっちを知りたがってるとしたら…。,If they want to know about us...,,
ID00010,00003419,45,　相互アクセスを求めてたら…」,If that's what they're after...,,
ID00010,0000385b,57,「ふぅ…お前と話してると、妄想なのか、,Phew... am I imagining?,,
ID00010,000038a3,63,　現実なのか、よくわからなくなってくるよ」,I can't tell what's real and what isn't anymore.,,
ID00010,00003a92,48,「妄想も実現すれば、現実だしね」,Reality then.,,
ID00010,00003dc0,45,「中二病、中二病。お前のことは,"Nerd, nerd. I believe in you, but",,
ID00010,00003dfc,57,　信じてるけど、すべて深読みしすぎの、,you might be overthinking everything and,,
ID00010,00003e44,45,　勘違いかもしんねーんだから」,getting the wrong idea too,,
ID00010,00003f31,27,「ん…それはそう」,Hmm... That's true,,
ID00010,00003fd4,33,「家庭科室にこもって、,"Cooped up there,",,
ID00010,00004004,45,　パソコンばっかやってっから、,"just playing on my PC all day long,",,
ID00010,00004040,51,　そんな妄想に取り憑かれるんだよ」,that's why I get sucked into those fantasies.,,
ID00010,000040a1,42,「週末、どっか行かないか？」,Want to go somewhere this weekend?,,
ID00010,000040da,54,　たまには外で健康的な遊びをしろよ」,Get out and play more often.,,
ID00010,000042a3,63,「あれあれ？　それって、デートのお誘い？」,Huh? Is that an invitation for a date?,,
ID00010,00004485,39,「兄妹にデートもあるか！」,Siblings can go on dates too!,,
ID00010,00004699,39,「私にとってはデートだよ」,That's a date for me.,,
ID00010,00004829,39,「はぁ…わかったわかった。,"Haa... Fine, fine.",,
ID00010,0000485f,45,　デートでもなんでもいいから、,"It doesn't matter if it's a date or whatever,",,
ID00010,0000489b,48,　どっか行って、気分を変えろよ」,just go somewhere and change your mood.,,
ID00010,00004ada,30,「ん…どっかって？」,Hmm... Somewhere?,,
ID00010,00004d0f,36,「夏で健康的といったら…,If you want healthy in the summer...,,
ID00010,00004d42,51,　やっぱりプールか？　遊園地なら、,"Then maybe a pool? If it's an amusement park,",,
ID00010,00004d84,51,　流れるプールとかいろいろあるぞ」,there are lots of things like lazy rivers too.,,
ID00010,00004de5,51,「つまり、妹の水着姿を録りたいと」,"So basically, you wanna record my swimsuit look.",,
ID00010,00004f23,48,「そ、そんなつもりじゃねぇって！,"S-Seriously, that's not what I meant!",,
ID00010,00004f62,36,　お前を思ってだな…！」,I'm thinking of you...,,
ID00010,00005066,39,「はいはい、そういうことに,"Sure sure, whatever makes you happy",,
ID00010,0000509c,33,　しておいてあげるよ」,I'll do it for you.,,
ID00010,000051ac,18,「うぐぐ…」,then.,,
ID00010,00005351,21,「いつ行く？」,When are we going?,,
ID00010,00005394,42,「そうだな…日曜日でどうだ？,How about Sunday then?,,
ID00010,000053cd,27,　昼過ぎぐらいで」,Around noonish.,,
ID00010,0000546a,30,「その日はダメだよ。,Can't make it then.,,
ID00010,00005497,54,　ユイ姉と３人で遊ぶ約束なんだから」,I promised to play with Ui-onee and the others.,,
ID00010,0000579b,45,「そっか！　うっかりしてた…」,"Oh, right! I forgot...",,
ID00010,00005931,54,「じゃあ、また誘うよ。待っててくれ」,"Then, I'll invite you again. Wait for me.",,
ID00010,00005b3d,24,「ん、わかった」,Okay.,,
ID00010,00005d18,27,「それじゃあねー」,That's not it.,,
ID00010,00005d61,24,「ああ、またな」,Later~,,
ID00010,00006155,60,（来週以降、レコセッションの後、誘うか）,(Maybe after next week's rec session...),,
ID00010,00006200,39,「いいよ。じゃあ、１時に、,Sure. See you at one.,,
ID00010,00006236,42,　駅前の踏切で待ち合わせね」,Meet at the crossing.,,
ID00010,000066e3,57,「なんでわざわざ外で待ち合わすんだよ？,Why do we have to meet up outside?,,
ID00010,0000672b,51,　宿舎から一緒に行けばいいだろ？」,"We could just walk there from the dorms, you know?",,
ID00010,000068ba,45,「デート気分を盛り上げるには、,"To really get into a date vibe,",,
ID00010,000068f6,42,　外で待ち合わすことが重要」,it's important to meet up outside.,,
ID00010,00006ac0,54,「はぁ…兄妹でデート、デートって…」,"Sigh... Dating as siblings, dating...",,
ID00010,00006c89,45,「私の気分を変えてくれるなら、,"If it'll change my mood,",,
ID00010,00006cc5,45,　それぐらいしてくれないとね」,I guess that's fine.,,
ID00010,00006e5b,36,「はいはい、わかったよ。,"Sure, sure, got it.",,
ID00010,00006e8e,51,　１時に駅前の踏切で待ち合わせな」,See you at one.,,
ID00010,0000701d,33,「ん、楽しみ、楽しみ」,"Mm, can't wait, can't wait.",,
ID00010,000075c1,63,こうして、真奈とデートの約束を取り付けた。,"In this way, I made a date with Mana.",,
ID00011,00003074,60,（ふ～っ、録った録った。そろそろ帰るか）,"Phew, done recording. Time to head home.",,
ID00011,0000336c,39,（ちょっと遅くなったなぁ）,You're a bit late today.,,
ID00011,000033d4,21,「ただいま～。,I'm back~,,
ID00011,000033f8,51,　って、つい言っちゃうんだよなぁ」,... I always end up saying that.,,
ID00011,00003bcb,18,「お帰り～」,Welcome home~,,
ID00011,00003c0b,30,「うわっ！？　真奈！,Whoa!? Mina!?,,
ID00011,00003c38,39,　また俺の部屋に勝手に！」,Why are you in my room again!?,,
ID00011,00003c8d,42,「って、なにつけてんだよ？」,What the hell are you doing here?,,
ID00011,00003e4a,45,「ヘッドマウントディスプレイ。,Head-mounted display.,,
ID00011,00003e86,42,　バーチャル空間を見てる～」,Looking at a virtual space~,,
ID00011,00003f15,45,「だから、にい君が見えなくて」,That's why I couldn't see you,,
ID00011,00004132,15,「どこ～」,Where are you~,,
ID00011,00004255,36,「それを取れ、それを！」,"Take that off, take it off!",,
ID00011,00004368,36,「まぁまぁ、奥へどうぞ」,"Come on in, no need to be shy",,
ID00011,0000442e,24,「俺の部屋だ！」,This is my room!,,
ID00011,00004755,42,「うわっ！　今度は俺の部屋に,Whoa! You're in my room again!,,
ID00011,0000478e,30,　持ち込んだのか！」,You brought it in?!,,
ID00011,000047da,63,「見た目は一緒だけど、この間のとは違うよ。,"It looks the same, but this one's different.",,
ID00011,00004828,48,　もっと最新で、性能のいいヤツ」,More up-to-date and better performing.,,
ID00011,0000585d,24,「買ったのか？」,Did you buy it?,,
ID00011,000058a3,51,「うん。お店の人に運んでもらって、,Yeah. The shop guy helped me bring it here.,,
ID00011,000058e5,51,　セッティングも手伝ってもらった」,He also helped set it up for me.,,
ID00011,00005d64,33,「家のサーバーといい、,"And my home server,",,
ID00011,00005d94,39,　この間のパソコンといい、,"and that computer from before,",,
ID00011,00005dca,48,　どこにそんな金があるんだよ？」,Where the hell do you get all that money?,,
ID00011,00005e28,30,「…あ、ユイ姉か？」,"Oh, is that you, Yu-onee-chan?",,
ID00011,00005e74,51,「ううん、『仮想天使』の同人活動」,"Nope, it's doujin activities for 'Virtual Angel'.",,
ID00011,00006020,48,「ちょっとしたアプリを作ったり、,"I make some apps here and there,",,
ID00011,0000605f,60,　絵を描くと、パソコンを買えるぐらいには,"If I draw, I can buy one.",,
ID00011,000060aa,12,　なる」,I can do it.,,
ID00011,00006384,42,「評判いいから、私の創作物。,"My stuff's pretty popular, so,",,
ID00011,000063bd,51,　キャラがオリジナルとそっくりで、,the characters look just like the originals.,,
ID00011,000063ff,60,　新しく作った世界観も違和感がないって」,the new world I made fits right in too.,,
ID00011,0000689c,57,「そっか…俺のスマホにインストールした,"Oh, so the app you installed on my phone",,
ID00011,000068e4,39,　アプリも出来がいいしな。,is pretty good too.,,
ID00011,0000691a,33,　才能あるなぁ、お前」,You've got talent there.,,
ID00011,00006969,42,「まぁまぁ、それほどでもー」,"Now now, don't get ahead of yourself.",,
ID00011,00006b9c,36,「それより、手伝ってよ。,"Anyway, help me out.",,
ID00011,00006bcf,42,　また、にい君の助けが必要」,I need your help again.,,
ID00011,00006d62,36,「これから…ダイブする」,I'm gonna dive in.,,
ID00011,000073b1,57,「そいつにはどんな映像が映ってんだ？」,What's showing up on his screen?,,
ID00011,00007418,54,「この間のサーバー攻撃を視覚化した、,"I'm visualizing the attack from before,",,
ID00011,0000745d,15,　光の渦」,"""Light vortex""",,
ID00011,00007703,51,「私の部屋のサーバーも復活させた。,I've also restored my room's server.,,
ID00011,00007745,57,　これから、攻撃された先へ行ってみる」,Let's go check out where it was aimed next.,,
ID00011,00007a15,27,「大丈夫なのか？」,Are you sure about this?,,
ID00011,00007a5e,45,「私が拒絶しなければ、きっと。,"If I don't reject it, probably.",,
ID00011,00007a9a,30,　流れに任せてみる」,I'll just let things flow.,,
ID00011,00007f11,45,「止めてもムダなんだろうな…」,Stopping it would be pointless too...,,
ID00011,00007faf,12,「ん…」,Hmm...,,
ID00011,00007fe9,51,「思念体じゃない、どこかの誰かが、,It's not a thought-form.,,
ID00011,0000802b,45,　サーバーを攻撃しただけなら、,"If it was just attacking the server,",,
ID00011,00008067,48,　それでもいい。真実を知りたい」,That's fine. I want to know the truth.,,
ID00011,0000832e,48,「俺はここにいればいいんだな？」,"I just need to stay here, right?",,
ID00011,000083cf,27,「ん…見守ってて」,Hmm... Keep an eye on me.,,
ID00011,00008580,36,「けど、なにがあっても、,"But no matter what happens,",,
ID00011,000085b3,63,　ヘッドマウントディスプレイは外さないで」,don't take off the headset.,,
ID00011,000087a8,63,「目と脳は直結だから、いきなり遮断されると,"Your eyes and brain are linked,",,
ID00011,000087f6,42,　なにが起こるかわからない」,who knows what could happen,,
ID00011,00008989,30,「怖ぇこと言うなよ」,Don't scare me like that.,,
ID00011,000089d5,45,「大丈夫、そこまでの事態には、,"It's okay, it won't get that bad.",,
ID00011,00008a11,33,　ならないと思うから」,won't come to that.,,
ID00011,00008d43,21,「行ってくる」,I'll be back.,,
ID00011,00008ecd,15,「実行！」,Execute!,,
ID00011,00009f04,24,「すごい勢い…」,"Wow, what a rush...",,
ID00011,00009f4a,57,「この流れに…逆らわずに身を任せる…」,Go with the flow...,,
ID00011,00009fde,39,「クッ、流れがつかめない。,"Kuh, I can't keep up with this current.",,
ID00011,0000a014,45,　このままじゃはじき出される」,"If I don't do something, I'll get pushed out.",,
ID00011,0000a0c9,51,「私の中の力が…解放を望んでる…」,The power inside me... wants to be released...,,
ID00011,0000a157,18,「にい君…」,"Hey, big bro...",,
ID00011,0000abef,27,「バンダナ外して」,Take off your bandana.,,
ID00011,0000ac38,18,「お、おう」,Y-Yeah.,,
ID00011,0000c0e8,18,「外したぞ」,It's off.,,
ID00011,0000c16b,12,「ん！」,Hm!,,
ID00011,0000c1a5,48,「今こそ、真の力を解放する時！」,Now is the time to unleash my true power!,,
ID00011,0000d4ac,54,「マナ＝リア・クロッサ・ワールド！」,Mana-ria Krossa World!,,
ID00011,0000d5c3,18,「いける…」,I can do it...,,
ID00011,0000d603,42,「怖がらず……このまま奥へ」,Don't be afraid... keep going,,
ID00011,0000d65b,54,「その先に……求めるものがあるはず」,There's something I'm looking for ahead,,
ID00011,0000d70c,18,「あれは…」,That is...,,
ID00011,0000d7b5,15,「私！？」,Me!?,,
ID00011,0000e225,24,「もう…少し…」,Just a little more...,,
ID00011,0000fbc9,42,「スパークが解けた…なぜ？」,The spark has faded... why?,,
ID00011,00010199,51,「翼が力を失っていく…。バグ！？」,My wings are losing power... bug!?,,
ID00011,00010247,63,「違う…この境界では、私自身がバグなんだ」,It's not... I'm the bug in this boundary.,,
ID00011,000102b4,39,「このままでは…消される」,I'll disappear.,,
ID00011,00010c46,36,「な、なんだなんだ！？」,W-what is this!?,,
ID00011,000113fb,27,「う……うう……」,Ugh...,,
ID00011,00011444,51,「どうした真奈！？　大丈夫か！？」,"What's wrong, Mahina!? Are you okay!?",,
ID00011,000114a5,30,「に……く…ん……」,...huh...hn...,,
ID00011,000114f1,33,「くっ、どうしたら…」,"Crap, what should I do...",,
ID00011,00011d41,57,「また…浮かんでこなかったら助けてね」,Please help me if I don't float up again.,,
ID00011,00012574,48,「助けてやる！　助けてやるぞ！」,I'll save you! I'll save you!,,
ID00011,00012c7d,51,（こいつを外さずにどうしろと…！？,What now...!?,,
ID00011,00012cbf,57,　溺れたときにすることは……ええい！）,The thing to do when drowning is... damn it!,,
ID00011,00013cac,12,「あ…」,...,,
ID00011,00014698,39,「存在が…時空間を越えた。,Transcended time.,,
ID00011,000146ce,63,　にい君と兄妹じゃない世界へアクセスした」,Accessed a world where we're not siblings.,,
ID00011,00014c7b,18,「行ける…」,I can do it...,,
ID00011,00014cbb,57,「けど、これは一時的に偽装してるだけ。,"But this is just temporary, though.",,
ID00011,00014d03,27,　戻れないかも…」,I might never return...,,
ID00011,00015825,12,「ん…」,Hmm...,,
ID00011,000158d5,36,「還ろう…元の世界へ…。,Let's go back... To my world...,,
ID00011,00015908,36,　私のにい君が待ってる」,My big brother is waiting for me.,,
ID00011,000161af,45,「ありがとう……私の騎士……」,Thank you... My knight...,,
ID00011,00016edc,21,「ただいまぁ」,I'm home~,,
ID00011,00016f45,39,「ふー、あぶないあぶない。,"Phew, that was close.",,
ID00011,00016f7b,57,　データの洪水に溺れるとこだったよー」,I almost drowned in the data flood!,,
ID00011,00017097,15,「この…」,You damn...,,
ID00011,000170d4,30,「心配させやがって！,Don't worry me like that!,,
ID00011,00017101,54,　変なプログラム組んでんじゃねーぞ！,Don't you dare write weird programs!,,
ID00011,00017146,21,　バカか！？」,Are you stupid!?,,
ID00011,00017265,33,「ごめん…反省してる」,Sorry... I'm sorry,,
ID00011,00017502,39,「ありがと…助けてくれて」,Thanks... for helping me,,
ID00011,00017682,33,「キス……してくれて」,For the kiss...,,
ID00011,0001772c,45,「キス言うな！　緊急措置だ！」,Stop it! It was an emergency.,,
ID00011,000177d4,36,「一生……忘れないよ…」,I'll never forget this...,,
ID00011,00017e56,39,「ったく、こんなパソコン、,"Damn, a computer like this,",,
ID00011,00017e8c,36,　とっとと片付けてやる」,I'll clear this out quick.,,
ID00011,00017ede,27,「あ、私がやるよ」,"Ah, I'll do it.",,
ID00011,00017f27,48,「お前は休んでろ！　とりあえず、,"You rest! First of all,",,
ID00011,00017f66,51,　クローゼットの中に入れとくから、,"I'm putting you in the closet for now,",,
ID00011,00017fa8,45,　合宿が終わったら家に送るぞ」,"After camp's over, I'll send you home.",,
ID00011,00018003,36,「うん、世話かけるねぇ」,"Yeah, thanks a lot.",,
ID00011,00018055,24,「まったくだ！」,That's right!,,
ID00011,00018109,42,ネットでは、日本の観測史上、,"On the net, it says.",,
ID00011,00018142,45,最大級のオーロラが観測されたと,Japan saw its biggest aurora.,,
ID00011,0001817e,36,盛り上がっていたらしい。,Everyone got hyped.,,
ID00011,000181d0,45,異常気象も極まれりってヤツか？,This is a rare weather event?,,
ID00011,0001820c,69,真奈がやったことと関係ないな。うん、ないない。,"It's not related to what Mana did. No way, nope.",,
ID00012,00001b40,42,（なにか被写体、被写体は…）,Some kind of subject...,,
ID00012,00001b98,42,（体育館だ！　体育館には！）,(The gymnasium! In the gymnasium!),,
ID00012,00001e97,45,（くっ、これといってなにも…。,"Crap, there's nothing...",,
ID00012,00001ed3,21,　屋上は！？）,What about the roof?!,,
ID00012,00002309,54,（ここも……録りたいものがない……）,(There's nothing here either...),,
ID00012,0000261f,48,「はぁ……夏が終わるってのに…」,Hah... summer's ending...,,
ID00012,0000267d,45,「昼間から屋上で黄昏れるとは、,Spending the afternoon feeling down...,,
ID00012,000026b9,33,　悩みが深そうだねぇ」,You seem worried.,,
ID00012,00002d56,12,「真奈」,Mana.,,
ID00012,00002ef5,51,「落ち込んでる理由、当てようか？」,What do you say I guess why you're down?,,
ID00012,000030bb,60,「光海祭で展示するＣムービー部の動画を、,We haven't recorded it yet.,,
ID00012,00003106,27,　まだ録ってない」,haven't we?,,
ID00012,0000328a,33,「なんでわかんだ！？」,Why do you know that!?,,
ID00012,000032d9,60,「生徒会がオープンした、光海祭のサイトを,I updated the site.,,
ID00012,00003324,36,　更新したのは私だから」,because I was the one who did it.,,
ID00012,000037b2,51,「にい君、いろいろ私を録ったけど、,"You recorded a lot of stuff about me, Bro-kun,",,
ID00012,000037f4,33,　脈絡がないというか、,No context.,,
ID00012,00003824,51,　展示できる内容じゃないなぁって」,"There's nothing here that can be shown, you know?",,
ID00012,000039a8,57,「そうなんだ！　お前にかかりっきりで、,I see! You've been so busy with me that,,
ID00012,000039f0,63,　自分の動画はあんまり録れてないんだって」,you haven't recorded much of your own stuff.,,
ID00012,00003bc2,24,「だと思ったよ」,I figured as much.,,
ID00012,00003c08,30,「計画性がないねぇ」,Not very organized.,,
ID00012,00003db9,39,「お前が言うな、お前が！」,Don't say that to me!,,
ID00012,00003f73,30,「協力してあげるよ」,I'll help you out.,,
ID00012,00003fbf,12,「ん？」,Hm?,,
ID00012,00003ff9,63,「題して、『妹の踊ってみたを録ってみた』」,"Titled, 'Recorded My Sister's Dance Practice'",,
ID00012,00004b4d,48,「はぁ…なんで、踊る妹を録って、,Hah... Why record my dancing sister?,,
ID00012,00004b8c,45,　展示しなきゃなんねーんだよ。,I gotta put it on display.,,
ID00012,00004bc8,57,　それじゃ、重度のシスコンじゃねーか」,Then you're just a total siscon.,,
ID00012,00004c2f,39,「文句言うならやんないよ」,Won't do it then.,,
ID00012,00004e60,42,「いや、やってくれ！　頼む！,"Wait, do it! Please!",,
ID00012,00004e99,48,　この際、背に腹は代えらんねー」,"At this point, there's no substitute for guts.",,
ID00012,0000505c,27,「じゃあ、踊るよ」,"So, I'll dance.",,
ID00012,000050a5,42,「ま、待て！　待ってくれ！」,"Wait, wait! Hold on!",,
ID00012,0000527b,24,「今度はなに？」,What now?,,
ID00012,000052c1,51,「制服で踊るだけじゃ、インパクトに,Just dancing in a uniform won't have enough impact.,,
ID00012,00005303,51,　欠けるだろ？　なんかないのか？」,Don't you have anything else?,,
ID00012,0000550c,18,「なるほど」,I see.,,
ID00012,000056b1,48,「そう言うかと思って、下にスク水,I brought my swimsuit.,,
ID00012,000056f0,48,　着てきたけど、その方がいい？」,Is that better?,,
ID00012,000059fb,42,「それだ！　そうしてくれ！」,That's it! Do that!,,
ID00012,00005bb8,42,「じゃあ、脱ぐから待ってて」,"Then I'll take it off, so wait here.",,
ID00012,00005c10,33,「ここで脱ぐのか！？」,You're going to change here!?,,
ID00012,00005dc4,42,「にい君の他に誰もいないし、,"Besides you, there's no one else around,",,
ID00012,00005dfd,21,　問題ないよ」,No problem.,,
ID00012,00005f7b,33,「お、おう、そうだな」,"Y-Yeah, you're right.",,
ID00012,000064e5,36,（んぐ……妹！　妹だ！）,Nngh... it's my sister! My sister!,,
ID00012,00006537,48,「ちょ、ちょっと待て！　それだ！,"Wait, wait a sec! That's right!",,
ID00012,00006576,39,　その格好で踊ってくれ！」,Dance like that!,,
ID00012,000065cb,48,「え？　上、まだ脱いでないよ…」,Huh? You're still wearing that...,,
ID00012,00006629,60,「そのままがいい！　インパクト絶大だ！」,Leave it on! It's super impactful!,,
ID00012,00006693,57,「マニアックだねぇ……まぁ、いいけど」,"That's pretty niche... but okay, I guess.",,
ID00012,000066fa,30,「じゃあ、踊るよ？」,"So, should I dance then?",,
ID00012,00006746,30,「おう！　いいぞ！」,Yeah! Go for it!,,
ID00012,00009780,24,「どうだった？」,How was it?,,
ID00012,000097c6,54,「バッチリだ！　これでなんとかなる！,Perfect! We can make this work now.,,
ID00012,0000980b,30,　ありがとな、真奈」,"Thanks, Mana.",,
ID00012,00009857,54,「いえいえ、この夏お世話になったのは,"No, no, it's me who's been taken care of this summer",,
ID00012,0000989c,24,　私の方だから」,by you guys.,,
ID00012,00009a76,51,「いい夏だったよ。これまでで一番」,It was a great summer. The best one yet.,,
ID00012,00009d77,54,「見に来るだろ？　光海祭の俺の動画」,"You'll watch, right?",,
ID00012,00009ddb,60,「もちろんね。にい君の妹愛を確認するよ」,To check your love.,,
ID00012,0000a185,39,「…なんにも言い返せねぇ」,...I can't say anything back.,,
ID00013,00001836,21,「あ、にい君」,"""Hey, bro.""",,
ID00013,00001977,36,「お、これから水泳か？」,"Oh, you're going swimming now?",,
ID00013,00001b2e,24,「そうだけど…」,That's right...,,
ID00013,00001b74,51,「中２女子がいるプールに乱入とは、,You barged into the pool.,,
ID00013,00001bb6,24,　いい度胸だね」,you've got some guts.,,
ID00013,00001e03,39,「し、知らなかったんだよ！,I-I didn't know!,,
ID00013,00001e39,42,　ただ、被写体を探してだな」,"Just looking for a subject, though.",,
ID00013,00001fbf,60,「いきなりプールで撮影とか、無茶だねぇ。,Taking photos in the pool's crazy.,,
ID00013,0000200a,51,　私はいいけど、他の子を録ったら、,"I don't mind, but if you record other girls,",,
ID00013,0000204c,27,　職員室行きだよ」,You're going to the office.,,
ID00013,00002461,27,「わかってるって」,I know that.,,
ID00013,000024aa,21,「…どうだか」,...who knows.,,
ID00013,00002646,42,「まぁ、授業まで時間あるし、,We've got time before class.,,
ID00013,0000267f,45,　私を録るなら、録っていいよ」,"if you want to record me, go ahead.",,
ID00013,00002972,39,「マジか！？　お、おう！」,Really!? O-Okay!,,
ID00013,0000383b,42,「突っ立ってるだけじゃなぁ。,Just standing there isn't gonna cut it.,,
ID00013,00003874,42,　なんかポーズ取ってくれよ」,Give us a pose or something.,,
ID00013,000038cc,21,「ん…いいよ」,Mm...sure.,,
ID00013,00003f13,60,「マナ＝リア・エターナ・インストラック」,Mana-Ria Eterna Instrack,,
ID00013,00004039,33,「出でよ、オーディン。,"Come forth, Odin.",,
ID00013,00004069,45,　現実を次元ごと切り裂けッ！」,Rip reality apart dimension by dimension!,,
ID00013,00004b23,48,「まーた、そんな中二病ポーズを」,Again with that otaku pose.,,
ID00013,00004cff,51,「何事も形は大事。いざというとき、,"Presentation is everything. In case of emergency,",,
ID00013,00004d41,42,　詠唱だけでは様にならない」,Just reciting it won't cut it.,,
ID00013,00005046,18,「はいはい」,Sure sure.,,
ID00013,00005103,42,「お前、相変わらず水泳の時も,"Even when you swim,",,
ID00013,0000513c,45,　足のバンダナ外さないんだな」,You still don't take off your ankle bandana.,,
ID00013,00005197,57,「これは泳ぐ時用。今、結んだ洗い立て」,This is for swimming.,,
ID00013,00005423,57,「いや、俺が言いたいのはそこじゃなく、,"No, what I'm trying to say is that you should...",,
ID00013,0000546b,24,　外した方が…」,take it off...,,
ID00013,000054b1,51,「これはリミッター。外すと真の力が,This is a limiter. Remove it...,,
ID00013,000054f3,48,　発現して、周りに迷惑がかかる」,and cause trouble for everyone around me.,,
ID00013,00005963,36,「どんな？　…小さいころ,What's that? ...When I was little,,
ID00013,00005996,33,　聞いた気もするけど」,But I'm not sure.,,
ID00013,000059e5,21,「水が割れる」,The water will part.,,
ID00013,00005b8d,15,「ハァ？」,Huh?,,
ID00013,00005bca,45,「我が名は『魔法を司る者』！」,My name is 'The Master of Magic'!,,
ID00013,00005d7b,57,「火、水、風、雷、土の５つの自然魔法を,"Fire, water, wind, lightning, earth—",,
ID00013,00005dc3,63,　プログラムで操り、全ての精霊を従える！」,I'll control everything and obey!,,
ID00013,0000639b,54,「私が本気を出せば、水の精霊が跪き、,"If I try hard enough, the water spirits will kneel",,
ID00013,000063e0,24,　道を空ける！」,make way for me!,,
ID00013,000065af,24,「モーゼかよ！」,That's like Moses!,,
ID00013,000065f5,51,「だから、本来私は泳ぐ必要がない」,"So, in reality, I don't need to swim at all.",,
ID00013,000069a0,57,「はいはい、カナヅチの言い訳、言い訳」,"Yeah yeah, just excuses from a fish out of water.",,
ID00013,00006a07,54,「日常において、真逆の弱点があるのは,"In everyday life,",,
ID00013,00006a4c,51,　使い手の宿命。享受するしかない」,It's the fate of a user. We can only enjoy it.,,
ID00013,00006eb4,39,「何度俺が教えてやっても、,"I've taught you,",,
ID00013,00006eea,54,　泳げるようにならなかったからなぁ」,You never learned how to swim.,,
ID00013,00006fd6,33,「小さいころ、めげずに,"When little, you didn't quit.",,
ID00013,00007006,57,　よく教えてくれたよね。楽しかったよ」,you taught me a lot. It was fun.,,
ID00013,0000747f,36,「優しいよね、にい君は」,"You're so kind, Bro-kun.",,
ID00013,00007696,51,「走るの遅いし、自転車乗れないし、,"You're slow at running and can't ride bikes,",,
ID00013,000076d8,30,　運動神経ないよな」,You're no athlete.,,
ID00013,00007724,57,「にい君の自転車の後ろに乗るのは得意」,I'm good at riding on the back of your bike.,,
ID00013,00007a85,36,「ったく、俺だけこいで、,"Man, I had to pedal all by myself,",,
ID00013,00007ab8,42,　いつもヒィヒィ言ってたよ」,always complaining 'Heehee'.,,
ID00013,00007b10,42,「妹の特権。主君気分を満喫。,Sis privilege. Enjoying the master's mood.,,
ID00013,00007b49,42,　従者よ、もっとこぎたまへ」,"Servant, pedal harder.",,
ID00013,00007fd1,36,「誰が従者だ！　誰が！」,Who's your servant?! Who?!,,
ID00013,00008023,48,「世間を欺くため、見た目の関係と,It's common for appearances to be deceiving and,,
ID00013,00008062,45,　主従が逆なのはよくあること。,for masters and servants to switch roles.,,
ID00013,0000809e,45,　しっかり者の妹でよかったね」,I'm glad I have a responsible sister.,,
ID00013,00008557,63,「はいはい、どうせ俺はしっかりしてないよ」,"Yeah yeah, like I'm ever responsible.",,
ID00013,000085c4,54,「にい君はいざという時に力を発揮する,You always come through in the clutch.,,
ID00013,00008609,39,　タイプ。だから問題ない」,"That's just my style, so it's fine.",,
ID00013,00008935,42,「ありがとよ、ほめてくれて。,Thanks for the compliment.,,
ID00013,0000896e,48,　じゃ、そろそろ行くよ。またな」,"Well then, I'm off. See ya later.",,
ID00013,000089cc,24,「ん、またねー」,See you.,,
ID00014,000014c3,48,（ん？　ベンチに座ってるのは…）,Hm? The one sitting on the bench is...?,,
ID00014,00001a6c,21,「むーーーん」,Muuuun...,,
ID00014,0000238b,36,「なに見てんだ？　真奈」,"What are you looking at, Mana?",,
ID00014,000023dd,42,「あ、にい君。…雲を見てた」,"Ah, big bro. ...I was watching the clouds.",,
ID00014,00002771,60,「穏やかで、ゆったりした風がながれてる。,The air feels calm and relaxed.,,
ID00014,000027bc,27,　平和はいいねー」,"Peace is nice, huh?",,
ID00014,00002bba,39,「平和って、当たり前だろ」,"Peace is just normal, right?",,
ID00014,00002c94,30,「そうとも限らない」,Not necessarily.,,
ID00014,00002e86,33,「世界は全て表裏一体。,The world is all about opposites.,,
ID00014,00002eb6,33,　裏の混沌があるから、,"There's chaos on the underside,",,
ID00014,00002ee6,36,　表の平穏が保たれてる」,which keeps the calm above in check.,,
ID00014,0000334a,54,「それ故に、ひとたび均衡が破れれば、,"That's why once balance breaks down,",,
ID00014,0000338f,60,　表の世界の常識が覆され、異端とされてた,"rules get turned upside down,",,
ID00014,000033da,48,　ことが、現実になることもある」,and what was once seen as weird becomes reality.,,
ID00014,00003820,48,「人の歴史って、ずっとそうだよ。,Human history has always been like that.,,
ID00014,0000385f,48,　世界が丸くて、回ってるなんて、,"The world is round and spins, but",,
ID00014,0000389e,54,　当時じゃ信じがたいことだったから」,"Back then, it was hard to believe.",,
ID00014,00003e4f,36,「まぁ…そりゃそうだな」,Well... I guess that's true.,,
ID00014,000041cc,42,「こうして空を見渡してると、,"Looking up at the sky like this,",,
ID00014,00004205,42,　世界のあり方を感じられて、,"you can feel how the world is,",,
ID00014,0000423e,45,　真理に近づける気がするよ…」,and get closer to the truth...,,
ID00014,000044f3,51,「雲を眺めてそんなこと考えるのは、,"Thinking about such things while looking at clouds,",,
ID00014,00004535,27,　お前ぐらいだよ」,You're it.,,
ID00014,000046dd,27,「録ってやるから、,"I'll record it for you,",,
ID00014,00004707,42,　なにかポーズ取ってみろよ」,Try making a pose.,,
ID00014,000048d0,12,「ん…」,Hmm...,,
ID00014,00004a2f,15,「魔眼…」,Evil eye...,,
ID00014,00004c09,18,「ラヴ殺法」,Lovely killing,,
ID00014,00004c96,33,「にい君をロックオン」,"Locking on to you, bro",,
ID00014,0000564f,42,「また、そんな中二ポーズを」,You're doing that pose again,,
ID00014,000056a7,42,「実際、中学２年だからねー」,It's because you're in second year,,
ID00014,00005839,54,「ったく、リアル中２で中二病ってのは,Dealing with actual middle schoolers,,
ID00014,0000587e,30,　手に負えねーなぁ」,just too much,,
ID00014,00005a2f,42,「中二病と判断するのは周り。,They judge if I have it.,,
ID00014,00005a68,48,　私自身は普通に過ごしてるだけ」,I'm just living my life normally myself.,,
ID00014,00005c38,45,「せめて、もっと笑ってくれよ」,"At least laugh a little more, okay?",,
ID00014,00005df8,15,「いいよ」,Sure.,,
ID00014,00005e35,24,「あははははー」,Ahahaha-,,
ID00014,00005fb9,39,「あんまり変わってないぞ」,You haven't changed much.,,
ID00014,00006173,51,「そう？　満面のスマイルだったはず,Really? I thought I had a full smile on.,,
ID00014,000061b5,21,　なんだけど」,But whatever.,,
ID00014,00006333,33,「どこがだよ、どこが」,"Where, where? Where's the smile?",,
ID00014,00006413,48,「まぁまぁ、それが私ってことで」,"Well, that's just me.",,
ID00014,000066a4,60,「それじゃ、のんびり空を眺めてたいから」,I wanna take it easy and look at the sky.,,
ID00014,00006849,24,「ああ、またな」,Later~,,
ID00015,00001ff5,54,（もうどこの部も練習終わったのか…。,All clubs must be done already...,,
ID00015,0000203a,39,　録りたいものがないなぁ）,(There's nothing I wanna record.),,
ID00015,000020dd,24,（ん？　真奈か）,(Hmm? It's Mana?),,
ID00015,00002185,18,「もしもし」,Hello.,,
ID00015,000021c5,21,「暇してる？」,Got time?,,
ID00015,00002208,33,「なんだよ、いきなり」,"What's up, all of a sudden?",,
ID00015,00002257,45,「録りたいものがないなーとか、,Nothing you want to record.,,
ID00015,00002293,30,　思ってたでしょ？」,weren't ya?,,
ID00015,000022df,60,「…鋭いヤツだな。なんでわかるんだよ？」,...You're sharp. How'd you figure that out?,,
ID00015,00002349,15,「うしろ」,Behind.,,
ID00015,00002683,18,「ニヤニヤ」,Smirking,,
ID00015,000026c3,30,「うおっ！　なんだ、,"Whoa! What's up,",,
ID00015,000026f0,36,　そんなとこにいたのか」,You were there all along?,,
ID00015,0000275b,57,「あははー、被写体を探してるにい君に、,"Hahaha, useful info for you.",,
ID00015,000027a3,27,　耳寄り情報だよ」,it's insider stuff.,,
ID00015,00003257,48,「ブラッドムーンって知ってる？」,Ever heard of Blood Moon?,,
ID00015,000032b5,36,「知ってるよ。皆既月食で,I know about it.,,
ID00015,000032e8,54,　月が赤くなるヤツだろ。小さいころ、,"When I was little,",,
ID00015,0000332d,48,　俺がお前に教えたんじゃないか」,Didn't I tell you that?,,
ID00015,000034f0,39,「そうだったね、懐かしい」,"Yeah, it's nostalgic.",,
ID00015,00003714,51,「もうすぐ来るよ、ブラッドムーン」,"It's coming soon, the Blood Moon.",,
ID00015,00003775,33,「へーっ、そうなのか」,"Oh, really?",,
ID00015,000037c4,63,「その前哨戦として、今夜、天体観測しない？,"Before that, wanna do some stargazing tonight?",,
ID00015,00003812,48,　天気いいし、きれいな上弦の月が,Beautiful waxing gibbous moon.,,
ID00015,00003851,30,　見られると思うよ」,You should be able to see it.,,
ID00015,00003dea,45,「天体観測か、久しぶりだなぁ」,"Stargazing, long time no do.",,
ID00015,00003faa,54,「１人だと物騒だから、一緒に来てよ」,"It's kind of dangerous alone, so come with me.",,
ID00015,00004149,51,「よーし、いいぞ。つき合ってやる」,"Alright, sure. I'll go with you.",,
ID00015,0000430f,48,「ありがと。じゃあ、９時に宿舎を,Thanks. See you at nine in the dorm.,,
ID00015,0000434e,54,　抜け出して、前の道で待ち合わせね」,Let's meet up on the road ahead of time.,,
ID00015,00004628,45,「お、おう。さらっと規則違反を,"Oh, okay. Smooth talkin'.",,
ID00015,00004664,27,　言ってのけるな」,You sure are confident.,,
ID00015,00004812,63,「にい君という保護者がいるし、いいでしょ」,You've got your big bro.,,
ID00015,000049ba,54,「まぁな。バレないだろうし、行くか」,"Yeah, we won't get caught. Let's go.",,
ID00015,000057ae,39,「時間通りとは、感心感心」,"Right on time, huh? Impressive.",,
ID00015,00005803,42,「ここでずっと待たせるわけに,"I can't just make you wait here forever,",,
ID00015,0000583c,24,　いかないだろ」,can I?,,
ID00015,00005882,39,「そうだね。行動は迅速に」,Good point. We gotta move fast.,,
ID00015,000058d7,36,「望遠鏡、持ってやるよ」,"Here, take the binoculars.",,
ID00015,00005929,18,「ありがと」,Thanks.,,
ID00015,00005be5,42,「裏道抜けて、入り江に行こ」,Let's go through back alley.,,
ID00015,00005c3d,48,「学園のビーチじゃダメなのか？」,Isn't the school beach good enough?,,
ID00015,00005c9b,39,「見回りが来たら、バレる」,"If we get caught, it'll be over.",,
ID00015,00005cf0,51,「…それもそうだな。よし、行くぞ」,...You're right. Let's go then.,,
ID00015,00005d51,12,「了解」,Got it.,,
ID00015,00005e0a,63,「お前…宿舎に望遠鏡、持ってきてたんだな」,So you brought binoculars to your dorm...,,
ID00015,00005e77,54,「これがないと星との交信が出来ない」,I can't communicate with the stars without these.,,
ID00015,00005edb,60,「小さいころから好きだもんな、天体観測」,"Ever since I was little, I've loved stargazing.",,
ID00015,00005f45,27,「星の声は時の声。,The stars' voices are time.,,
ID00015,00005f6f,54,　時空の彼方に私を連れてってくれる」,Take me to the far reaches of spacetime.,,
ID00015,00005fd3,45,「…ロマンチストだよ、お前は」,...You're such a romantic.,,
ID00015,00006081,39,「おっ、やっと街道に出…」,"Oh, finally on the main road...",,
ID00015,0000615e,21,「危ないっ！」,Dangerous!,,
ID00015,000061ef,54,「ひえ～～～～っ、スレスレだったぞ。,"Woah~~, that was close.",,
ID00015,00006234,39,　ずいぶん飛ばしてたなぁ」,You were really speeding there.,,
ID00015,00006289,60,「この道は、渋滞しがちな幹線道路の裏道。,This is an alley behind a busy thoroughfare.,,
ID00015,000062d4,30,　人通りも少ないし、,"Not many people around,",,
ID00015,00006301,39,　みんなスピード出してる」,everyone's speeding up.,,
ID00015,00006356,21,「気をつけて」,Be careful.,,
ID00015,00006399,54,「ああ、油断したよ。カーブになってて,"Yeah, I let my guard down. It's a curve ahead,",,
ID00015,000063de,27,　見通し悪いよな」,and you can't see far.,,
ID00015,00006427,39,「入り江はすぐそこ。急ご」,The cove is just up ahead. Let's hurry.,,
ID00015,0000647c,12,「おう」,Sure thing.,,
ID00015,00006b47,51,「望遠鏡立てるの、ここでいいか？」,Is this okay for setting up the telescope?,,
ID00015,00006ba8,39,「ん、従者よ、速やかにね」,"Hm? Servant, quickly now.",,
ID00015,00006eb1,39,「はいはい、仰せの通りに」,"Sure sure, as you command.",,
ID00015,00007150,15,「にい君」,Big bro,,
ID00015,0000718d,18,「なんだよ」,What's up?,,
ID00015,00007332,57,「いつもつき合ってくれて、ありがとね」,Thanks for always hanging out with me.,,
ID00015,000074d4,39,「お前はしっかり者だけど、,"You're reliable, but",,
ID00015,0000750a,51,　周りが見えてない時があるからな。,There are blind spots.,,
ID00015,0000754c,42,　俺がついていてやらないと」,I have to keep an eye on you.,,
ID00015,00007739,39,「私の騎士だね、にい君は」,"You're my knight, big bro.",,
ID00015,0000778e,33,「騎士か。うちの部長が,"Knight, huh? Our prez does too.",,
ID00015,000077be,36,　自らそう名乗ってるぞ」,That's her.,,
ID00015,00007975,57,「堂下さんでしょ？　にい君とは違うよ。,It's Touge-san. Different.,,
ID00015,000079bd,48,　あの人は世の女子全てに仕える、,"That guy serves all girls in this world,",,
ID00015,000079fc,33,　気の多い騎士だから」,He worries as a knight.,,
ID00015,00007dad,57,「よく知ってるな。声かけられたのか？」,You know her well. Did she talk to you?,,
ID00015,00007f79,51,「『ボーッとしたとこがいい』とか、,Said 'I like it when you space out.',,
ID00015,00007fbb,60,　ほめてるのか、けなしてるのかわかんない,I can't tell if that's praise or criticism.,,
ID00015,00008006,48,　こと言ってた。スルーしたけど」,"Said something like that, but I ignored it.",,
ID00015,00008272,36,「ははは、それがいいよ。,"Haha, that's good.",,
ID00015,000082a5,45,　たぶん女の敵だぞ、あの人は」,I think she might be your enemy.,,
ID00015,00008465,42,「従者は、にい君だけで十分」,You're enough for my servant.,,
ID00015,000084bd,45,「そっか、騎士は主君の従者か。,So knights serve their lords.,,
ID00015,000084f9,57,　お前の中の設定ではそうなってるのか」,"That's how it works in your head, huh?",,
ID00015,000086c5,48,「もっとデジタルな感じだけどね。,It feels more digital to me.,,
ID00015,00008704,48,　ＳＦ世界の騎士と主君って感じ」,Like sci-fi knights.,,
ID00015,00008a0f,54,「はいはい。バカなこと言ってないで、,"Yeah, yeah. Stop talking nonsense and",,
ID00015,00008a54,45,　準備できたぞ。覗いてみろよ」,"check it out, I'm ready.",,
ID00015,00008c57,9,「ん」,Hmm?,,
ID00015,00008fdf,60,「きれい…。ライトサイドとダークサイドが,It's beautiful...,,
ID00015,0000902a,36,　真ん中で二分されてる」,split right down the middle.,,
ID00015,0000907c,51,「光と闇の拮抗…。いつもであれば、,Balance of light...,,
ID00015,000090be,36,　満月に向けて、光の力が,the power of light would be growing,,
ID00015,000090f1,39,　増していくのだけれど…」,but...,,
ID00015,00009146,39,「この先はブラッドムーン。,It's a Blood Moon ahead.,,
ID00015,0000917c,33,　月は闇の血に染まり、,The moon's bathed in dark blood.,,
ID00015,000091ac,36,　悪しき力を呼び寄せる」,and summon evil power.,,
ID00015,000091fe,57,「よくそれだけつらつらと中二病セリフが,You spout so much angsty dialogue?,,
ID00015,00009246,51,　出てくるよな。むしろ感心するよ」,I'm actually impressed.,,
ID00015,000097af,54,「地球と月の距離は、３８．４万キロ」,"The Earth-moon distance is 384,000 km.",,
ID00015,00009813,57,「光の速度が毎秒２９．９万キロだから、,"Since light travels at 299,000 km per second,",,
ID00015,0000985b,33,　こうして見てる姿は、,what you're seeing now is,,
ID00015,0000988b,51,　１．２８秒前の姿ってことになる」,You look 1.28 sec ago.,,
ID00015,00009962,39,「真奈の手が月に届くなら、,"If Mana's hand could reach the moon,",,
ID00015,00009998,33,　こうして見える姿と、,the image you see now and,,
ID00015,000099c8,48,　実際に月が存在する位置には…」,the actual position of the moon...,,
ID00015,00009a26,30,「月の軌道速度である,Orbiting speed of the moon,,
ID00015,00009a53,63,　毎秒１０２３メートルｘ１．２８秒のずれが,there would be a difference of,,
ID00015,00009aa1,15,　生じる」,"About 1,300 m.",,
ID00015,00009ade,51,「つまり、１．３キロもずれた位置を,"In other words, it'd be off by over a kilometer.",,
ID00015,00009b20,42,　つかんでしまうということ」,I'd end up grabbing the wrong thing.,,
ID00015,00009b78,60,「私はそんな宇宙規模の大きさじゃないから,"I'm not that big on a cosmic scale, so",,
ID00015,00009bc3,60,　体感できないけど、情報伝達速度に限界が,"I can't feel it myself, but since there's",,
ID00015,00009c0e,63,　ある以上、見かけと実際は異なってしまう」,"a limit to how fast information travels,",,
ID00015,00009c7b,48,「見えるもの全てが、今ではない」,it ends up being different from what you see.,,
ID00015,0000a8b7,60,「はぁ…月を見ながらそんなこと考えるのは,Everything I see isn't happening right now.,,
ID00015,0000a902,24,　お前だけだよ」,Just you'd think that.,,
ID00015,0000aaad,39,「ブラッドムーンに限らず、,"Not just during a Blood Moon,",,
ID00015,0000aae3,39,　月には不思議な力がある。,The moon has a mysterious power.,,
ID00015,0000ab19,54,　古来、人はそう信じて、祈ってきた」,People believed and prayed.,,
ID00015,0000ad66,39,「まぁ、月が赤くなったら、,"Well, when the moon turns red,",,
ID00015,0000ad9c,57,　悪いことが起こりそうな気がするよな」,it feels like something bad's gonna happen.,,
ID00015,0000ae7d,60,「そう。ブラッドムーンは災いをもたらすと,"Yeah, they say a Blood Moon brings disaster.",,
ID00015,0000aec8,42,　いわれている。気をつけて」,Be careful out there.,,
ID00015,0000b1e6,48,「災い？　なんだよ、天変地異でも,What's up with the disaster?,,
ID00015,0000b225,24,　起こるのか？」,You got that right.,,
ID00015,0000b313,60,「わからない。けど、人々が恐れてきたのは,"I don't get it, but people fear it.",,
ID00015,0000b35e,45,　事実。何らかの力を持ってても,"Even if we had some kind of power,",,
ID00015,0000b39a,27,　不思議じゃない」,Not surprising.,,
ID00015,0000b6d1,27,「オカルトだなぁ」,That's pretty occult.,,
ID00015,0000b87f,27,「天動説と地動説、,The geocentric and,,
ID00015,0000b8a9,42,　どっちがオカルトだった？」,Which one was the occult?,,
ID00015,0000ba3c,63,「はいはい、真実はわからないってことだろ」,"Yeah yeah, you're saying we can't know the truth.",,
ID00015,0000bc0e,24,「そういうこと」,That's it.,,
ID00015,0000bf28,57,「なんにしても、今日の月はきれいだよ」,"No matter what, the moon tonight is beautiful.",,
ID00015,0000bf8f,21,「…そうだね」,"Yeah, you're right.",,
ID00016,0000178d,60,（食事風景か…。ん～、録ってみたものの、,"(A dining scene, huh... Hmm, I recorded it but...)",,
ID00016,000017d8,30,　ピンとこないなぁ）,it doesn't really click.,,
ID00016,00001824,33,（まぁ、カットの繋ぎに,"Well, maybe as filler.",,
ID00016,00001854,48,　使えるかもしれないし、いいか）,"between cuts, so whatever.",,
ID00016,000018d0,45,（ん？　あそこに座ったのは…）,Hm? The one sitting over there...,,
ID00016,00001c19,33,「んぐんぐ……おいし」,Mmm... yummy.,,
ID00016,00001da3,36,「お前、それ好きだよな」,"You like that, right?",,
ID00016,00001f97,30,「あ、にい君。入口に,"Ah, big bro. At the entrance",,
ID00016,00001fc4,54,　『冷やし中華始めました』の張り紙が,The sign said 'cold Chinese food.',,
ID00016,00002009,33,　あったから、ついね」,so I couldn't resist.,,
ID00016,000022ce,60,「うちの食堂は、夏の間いつも冷やし中華が,Our cafeteria has cold Chinese in summer.,,
ID00016,00002319,30,　食べられるからな」,you know?,,
ID00016,00002493,42,「待ちわびてる生徒も多いよ」,Many students have been waiting.,,
ID00016,00002619,60,「いろいろ食べたけど、ここの冷やし中華が,"Tried a bunch of stuff, but...",,
ID00016,00002664,12,　一番」,the best.,,
ID00016,000028b5,48,「甘さと酸味のバランスが絶妙で、,Sweetness and sourness are balanced.,,
ID00016,000028f4,60,　他の店じゃ、なかなかこの味は出せない」,You won't find this taste at other stands.,,
ID00016,00002d5a,51,「そんなにいろいろ食ったのかよ？」,Did you eat all that?,,
ID00016,00002f5d,24,「好きだからね」,I just like it.,,
ID00016,00002fa3,42,「凝り性だからなぁ、お前は」,"You're a perfectionist, aren't ya?",,
ID00016,00003129,30,「にい君も食べなよ」,You should try some too.,,
ID00016,00003175,60,「そうだな…見てたら食べたくなってきた。,Yeah... watching made me want to eat one.,,
ID00016,000031c0,39,　俺も冷やし中華にするか」,I'll get cold Chinese noodles then.,,
ID00016,00003456,60,「落っとしもの～♪　落っとしっもの～♪」,Desserts~♪ Desserts~♪,,
ID00016,000035fb,57,「おっ、あったあった、やっぱここか～。,"Oh, there it is, there it is~. I knew it'd be here.",,
ID00016,00003643,42,　私の大切なハンカチちゃん、,My precious handkerchief~,,
ID00016,0000367c,51,　ごめんね～、うっかりしちゃって」,Sorry~ I accidentally left it behind.,,
ID00016,000040bd,21,「あ、まひろ」,"Ah, Mahiro",,
ID00016,000042ac,12,「あ…」,...,,
ID00016,0000436b,15,「フン…」,Hmph...,,
ID00016,0000459c,48,「あ、ナツにい、これからお昼？」,"Ah, Nagisa, are you having lunch now?",,
ID00016,000045fa,63,「ああ、真奈と冷やし中華を食おうかってな」,"Yeah, I was thinkin' about cold noodles with Mana.",,
ID00016,000047e5,54,「なんだ～、私も一緒したかったなぁ。,"Aw, I wish I could've come too.",,
ID00016,0000482a,54,　もうまぁちゃんと食べちゃったよぉ」,I already ate properly though.,,
ID00016,000049c9,36,「すぞぞぞ…すぞぞぞ…」,Swoosh... swoosh...,,
ID00016,00004fab,33,「んぐんぐ……おいし」,Mmm... yummy.,,
ID00016,00005054,33,「って、まぁちゃん！？,"Hey, Miu-chin!?",,
ID00016,00005084,39,　なんでまた食べてんの！？,Why are you eating again!?,,
ID00016,000050ba,42,　さっき私と食べたよね！？」,Didn't you just eat with me!?,,
ID00016,0000542a,42,「どうしても食べたくなった」,I really wanted to eat,,
ID00016,00005482,60,「あっきれたー。２杯も食べると太るよ～」,You're hopeless. Two servings'll make you fat~,,
ID00016,0000561a,39,「冷やし中華は別腹だから」,Cold noodles don't count as a meal.,,
ID00016,0000566f,30,「２杯目だったのか！,"Two servings, huh!",,
ID00016,0000569c,39,　凝り性にもほどがあるぞ」,That's taking it too far.,,
ID00016,00005873,57,「ひえ～、普段あんまり食べないくせに、,"Eek~, you hardly ever eat much, but",,
ID00016,000058bb,48,　冷やし中華だけは大食いなんだ」,you can really go at cold Chinese noodles.,,
ID00016,00005c7a,36,「夏しか食べられないし、,"You can only have them in summer,",,
ID00016,00005cad,39,　食いだめしておかないと」,so you gotta stock up while you can.,,
ID00016,0000600d,36,「まひろちゃんもどう？」,"What about you, Mahiro-chan?",,
ID00016,0000605f,30,「うぇぇ…私はいい。,Ugh... I'm good.,,
ID00016,0000608c,45,　見てるだけで胸焼けしてくる」,Just watching makes my chest feel weird.,,
ID00016,000060e7,24,「ま、またね～」,See you later~,,
ID00016,0000612d,24,「うん、またね」,"Yeah, see ya",,
ID00016,000065ca,45,「にい君、早く注文して来なよ」,"Hurry up and order something, Bro-kun.",,
ID00016,00006625,18,「あ、ああ」,"Ah, yeah.",,
ID00016,00006c37,54,こうして、真奈と冷やし中華を食った。,"In this way, I ate cold Chinese food with Mana.",,
ID00016,00006c7c,30,食い過ぎだぞ、真奈。,"You're eating too much, Mana.",,
ID00017,00001f60,33,（誰もいない校庭…か。,No one's around... huh.,,
ID00017,00001f90,54,　まぁ、素材に使えるかもしれないし、,"Well, it might be useful.",,
ID00017,00001fd5,24,　録っておくか）,I'll record it then.),,
ID00017,000023f5,51,「うおっ！　真奈！　いたのか！？」,Whoa! Mahiro! You're here!?,,
ID00017,000025eb,48,「被写体がいないとは、寂しいね」,No models around? That's kinda sad.,,
ID00017,00002833,39,「まぁな。レコチャンスは、,"Well yeah. Recording opportunities,",,
ID00017,00002869,33,　なかなかないもんだ」,Not something you get every day.,,
ID00017,00002a1d,30,「レコチャンスか…。,Recording opportunity... huh?,,
ID00017,00002a4a,36,　いいね、にい君らしい」,"Nice, that's like you, big bro.",,
ID00017,00002d73,33,「やろうか？　モデル」,Want to try?,,
ID00017,00002efd,33,「お？　体操服でか？」,Oh? Gym clothes?,,
ID00017,000030b1,63,「アニメの版権でありがちなポーズをやるよ」,I'll do an anime pose.,,
ID00017,0000311e,48,「はぁ…また中二病ポーズだろ？」,Hah... Another middle schooler pose?,,
ID00017,000032e1,33,「もっとセクシーなの」,More sexy stuff.,,
ID00017,0000338a,42,「よ、よし！　やってくれ！」,Y-Yeah! Do it!,,
ID00017,00004f49,24,「どうだった？」,How was it?,,
ID00017,00004fb9,42,「やればできるじゃないか！」,See? You can do it!,,
ID00017,00005011,39,「どういう心境の変化だ？」,What changed your mind?,,
ID00017,000050b6,42,「あははー、せっかくだから、,"Ahaha, since we're here,",,
ID00017,000050ef,30,　夏を楽しもうとね」,let's enjoy the summer.,,
ID00017,00005161,27,「いい傾向だな！」,That's a good trend!,,
ID00017,0000530f,57,「遠慮せず、もっともっと私を録ってよ」,Don't hold back and record me more.,,
ID00017,000054b1,33,「お、おう、任せとけ」,"Y-Yeah, leave it to me.",,
ID00017,00005695,45,「それじゃ、体育委員と一緒に、,"Then, together with the sports committee,",,
ID00017,000056d1,33,　ソフトボールの道具、,"the softball equipment,",,
ID00017,00005701,39,　出さなきゃいけないから」,I've gotta take it out.,,
ID00017,000059cc,24,「ああ、またな」,Later~,,
ID00017,00005dcd,48,（真奈に、あんなセクシーポーズが,Manaka's doing such a sexy pose,,
ID00017,00005e0c,57,　出来るとは…。ユイ姉の妹なわけだし、,She's Yui-nee's sister.,,
ID00017,00005e54,42,　素養はあるんだ。うんうん）,"She does have the right stuff. Yeah, yeah.",,
ID00018,00001aec,36,（ん？　どこからともなく,(Hm? The sound of keyboard keys...),,
ID00018,00001b1f,33,　キータッチの音が…）,...coming from nowhere.,,
ID00018,00001b6e,42,（このよどみないタイピング、,This fluid typing...,,
ID00018,00001ba7,36,　この早さは…真奈か？）,Is it Naruse?,,
ID00018,00001e89,42,（ん？　いない。ここからだと,(Hm? She's not here. From where I am...),,
ID00018,00001ec2,27,　思ったんだけど）,I thought...,,
ID00018,00001f59,30,（姿は見えないのに、,"She can't be seen, but...",,
ID00018,00001f86,48,　キータッチの音だけが……あ！）,...the sound of the keyboard alone...!,,
ID00018,00002602,60,「む……コンパイルエラー。悪あがきを…」,"Mm... compile error. Desperate measures, huh...",,
ID00018,000026ea,12,「む～」,Muu~,,
ID00018,0000279f,57,「ここか……。いつも陥りやすいミス…」,This is where I usually make mistakes...,,
ID00018,00002932,36,「こんなとこにいたのか」,Found you here...,,
ID00018,00002b68,21,「あ、にい君」,"""Hey, bro.""",,
ID00018,00002bab,63,「なんで家庭科室でパソコンいじってんだ？」,Why're you on a computer here?,,
ID00018,00002d46,42,「誰も来ないから都合がいい」,No one comes here so it's convenient.,,
ID00018,00002d9e,36,「机に座ればいいだろ？」,"Just sit at a desk, right?",,
ID00018,00002df0,33,「人目に付きたくない。,I don't want anyone to see me.,,
ID00018,00002e20,42,　それに、この方が落ち着く」,"And, I feel more relaxed this way.",,
ID00018,00003338,51,「お前、よく体育座りやってるよな」,"You're good at sitting cross-legged, right?",,
ID00018,000034c7,60,「膝にＰＣ乗せられるからね。都合がいい」,I can put my PC on my knees. It's convenient.,,
ID00018,0000366c,30,「なにやってんだ？」,What are you up to?,,
ID00018,000037e6,60,「にい君の未来予測プログラムを作ってる」,I'm making a future prediction program for you.,,
ID00018,00003850,42,「そんなこと出来るのかよ？」,Can you really do that?,,
ID00018,00003a1d,39,「占いの域を出ないけどね」,It's still just fortune-telling though.,,
ID00018,00003ae2,60,「まず、にい君の趣味、学力、運動なんかの,"Your hobbies, grades, etc.",,
ID00018,00003b2d,42,　パーソナルな能力値を入力。,Enter your personal stats.,,
ID00018,00003b66,54,　肉親や友人の人間関係を加味して…」,Take into account family and friends...,,
ID00018,0000409c,57,「受験とか、これから起こるイベントで、,Predict choices for exams/events,,
ID00018,000040e4,48,　にい君が選びそうな選択を算出。,Calculate future choices.,,
ID00018,00004123,18,　すると…」,Then...?,,
ID00018,00004514,18,「すると？」,What then?,,
ID00018,0000483e,33,「ん、コンパイルＯＫ」,"Okay, compiled.",,
ID00018,00005462,39,「にい君の１０年後の予測。,@str_000's 10-year forecast.,,
ID00018,00005498,51,　動画を閲覧しすぎてニートになる。,Becomes a NEET from watching too many videos.,,
ID00018,000054da,27,　確率４４．７％」,Become 44.7% probable!,,
ID00018,00005ac4,15,「高っ！」,That's high!,,
ID00018,00005cb5,60,「動画に興味がなくなり、それなりに勉強。,Gets bored of videos and studies somewhat seriously.,,
ID00018,00005d00,63,　そこそこの大学を卒業して、安月給の日々。,Graduates from an okay university with low pay jobs.,,
ID00018,00005d4e,27,　確率２４．２％」,Become 24.2% probable!,,
ID00018,000060cb,24,「リアルだなぁ」,That's realistic...,,
ID00018,0000631f,48,「盗撮で捕まる。確率１９．３％」,Caught while peeping. Probability is 19.3%.,,
ID00018,0000637d,36,「おおぃ、兄を信じろ！」,"Hey, trust your brother!",,
ID00018,00006583,63,「何らかの形で動画で収入を得てプロになる。,Making money from videos.,,
ID00018,0000680e,51,「低っ。まぁ、才能がいるからなぁ」,"That's low. Well, you need talent though.",,
ID00018,0000686f,39,「その他の可能性、１０％」,Other possibilities: 10%,,
ID00018,00006a50,39,「なんだよ？　その他って」,What do you mean by other?,,
ID00018,00006c0a,57,「これから何があるかわからないからね。,We don't know what will happen next.,,
ID00018,00006c52,54,　急に音楽に目覚めるかもしれないし。,You might suddenly get into music.,,
ID00018,00006c97,48,　そんな予測不能な未来が１０％」,So that unpredictable future is 10%.,,
ID00018,000070a6,36,「ふ～ん、結構面白いな」,"Hmm, that's pretty interesting.",,
ID00018,000070f8,39,「人の可能性は無限大だよ。,People have infinite potential.,,
ID00018,0000712e,45,　やりたいことに夢中になれば、,"When you're into it,",,
ID00018,0000716a,39,　不可能だって可能になる」,the impossible becomes possible.,,
ID00018,000076ff,27,「私はそう思うな」,That's what I think.,,
ID00018,00007748,48,「…そうだな、がんばらなきゃな」,"...Yeah, I've gotta work hard.",,
ID00018,00007a65,24,「な、なんだ？」,W-What?,,
ID00018,00007c40,51,「私のＰＣ。なにか検出したらしい」,My PC. It seems like it detected something.,,
ID00018,00008418,36,「学園の生徒用掲示板で、,There's a weird search.,,
ID00018,0000844b,39,　不審な検索があった模様」,Looks like that's what it picked up.,,
ID00018,0000865e,54,「なんでそんなことがわかるんだよ？」,Why would you know something like that?,,
ID00018,00008837,57,「生徒会のサーバーを管理してるのは私。,I manage the student council server.,,
ID00018,0000887f,33,　御前さんに頼まれた」,I was asked by Misaki-senpai.,,
ID00018,00008a58,27,「そうなのか！？」,Is that so!?,,
ID00018,00008aa1,54,「世のあらゆる魔法を行使する私なら、,"Since I can use all kinds of magic in the world,",,
ID00018,00008ae6,51,　セキュリティは万全。しかもタダ」,My security is foolproof... and free.,,
ID00018,00008e4c,42,「はいはい、中二病、中二病」,"Okay, okay, middle schooler.",,
ID00018,000090b0,30,「う……これは……」,...This is...,,
ID00018,0000913f,21,「どうした？」,What's up?,,
ID00018,0000a025,63,「にい君、タイムトラベルってわかるよね？」,"Hey, you know what time travel is, right?",,
ID00018,0000a2be,42,「あ、ああ、未来へ行ったり、,"Uh... yeah, going to the future or",,
ID00018,0000a2f7,48,　過去へ行ったりってヤツだろ？」,the past and stuff like that.,,
ID00018,0000a4c6,60,「そう。漫画や小説の中の話のようだけど、,Sounds like a comic or novel.,,
ID00018,0000a511,39,　現代物理学や宇宙論では、,"but in modern physics and cosmology,",,
ID00018,0000a547,42,　否定するには至っていない」,they haven't ruled it out yet.,,
ID00018,0000a711,24,「そうなのか？」,Is that so?,,
ID00018,0000a8bc,39,「因果律の問題があるから、,"There are causality issues,",,
ID00018,0000a8f2,36,　肯定もされないけどね」,so they can't confirm it either.,,
ID00018,0000aa7f,18,「因果律？」,Causality?,,
ID00018,0000ac24,60,「必ず原因のあとに結果が生じるってこと。,It means that a result always follows an event.,,
ID00018,0000ac6f,48,　まぁ、難しい話は差し置いて…」,"Well, let's put aside the complicated stuff...",,
ID00018,0000b0f4,57,「この世界にタイムトラベラーがいるか、,Check for time travelers.,,
ID00018,0000b13c,57,　いないかを調べる、簡単な方法がある」,in this world or not.,,
ID00018,0000b1a3,30,「ハァ？　どんな？」,Huh? What kind of method?,,
ID00018,0000b1ef,63,「ネットのブログ、ＳＮＳ、掲示板なんかで、,"On blogs, SNSs, and bulletin boards,",,
ID00018,0000b23d,54,　未来で発生したことを書き込んだり、,Write about future events.,,
ID00018,0000b282,51,　検索していないかを観測すること」,to see if anyone's searched for it.,,
ID00018,0000b6be,54,「書き込み？　そんなドジしないだろ、,"You wouldn't post something like that, right?",,
ID00018,0000b703,33,　未来から来たヤツが」,not someone from the future.,,
ID00018,0000b789,36,「まぁ、そうとは思うよ」,I guess you're right.,,
ID00018,0000ba61,30,「けど、わざとなら？,what if on purpose?,,
ID00018,0000ba8e,60,　わざと痕跡を残せば、観測に引っかかる」,If they left a trace...,,
ID00018,0000bda5,45,「なんでそんなことすんだよ？」,Why would they do that?,,
ID00018,0000be00,39,「例えば……警告するため。,For example... to warn someone.,,
ID00018,0000be36,54,　過去の私たちに、警鐘を鳴らすため」,To sound an alarm to our past selves.,,
ID00018,0000c580,36,「因果律に背いてまでも、,"Even if it goes against causality,",,
ID00018,0000c5b3,42,　変えたい過去があるなら…」,there's a past we want to change...,,
ID00018,0000c9da,48,「さっき、図書室の共用ＰＣから、,"Just now, from the library's shared PC,",,
ID00018,0000ca19,48,　怪しいキーワードが検索された」,Suspicious keywords were searched.,,
ID00018,0000ca77,46,「@str_000@str_001　交通事故　死亡」,@str_000 @str_001 traffic accident death,,
ID00018,0000ccd4,39,「はぁ？　縁起でもない！」,Huh? That's really bad luck!,,
ID00018,0000cf0d,57,「未来で起こること…なのかもしれない」,might happen in the future...,,
ID00018,0000cf74,33,「オカルト、オカルト。,"Ooh, occult, occult.",,
ID00018,0000cfa4,36,　ただのイタズラだって」,"Just a prank, you know?",,
ID00018,0000cff6,45,「…ローカルな学園の掲示板に、,...A local school bulletin board post,,
ID00018,0000d032,60,　書き込みではなく、私だけログが見られる,that only I can see the log of.,,
ID00018,0000d07d,63,　検索で痕跡を残す。それもにい君のことを」,Leaving traces in search results about you.,,
ID00018,0000d73f,57,「未来からの、私に向けた警告の可能性を,The possibility that it's a warning from the future,,
ID00018,0000d787,24,　否定できない」,can't rule out.,,
ID00018,0000d7ee,51,「…お前の中二病を知ってるヤツが、,"...Someone who knows your otaku tendencies,",,
ID00018,0000d830,48,　からかってるんじゃないのか？」,Probably just teasing you.,,
ID00018,0000da5b,42,「その可能性も否定できない」,That possibility can't be ruled out either,,
ID00018,0000dbc0,48,「その場合は、私やにい君のことを,don't think much of us.,,
ID00018,0000dbff,51,　あまりよく思ってない人だろうね」,"They're not exactly fond of us, are they?",,
ID00018,0000df00,48,「親しい人は、にい君が死ぬなんて,No one close would say that.,,
ID00018,0000df3f,33,　絶対に書かないから」,They'd never say such a thing.,,
ID00018,0000e0c9,30,「…それはそうだな」,...You're right.,,
ID00018,0000e115,45,「図書室に監視カメラがあれば、,If there were cameras in the library?,,
ID00018,0000e151,45,　誰が書き込んだか特定できて、,"We could've identified who wrote it,",,
ID00018,0000e18d,42,　すぐ結論が出たんだけど…」,and reached a conclusion right away...?,,
ID00018,0000e746,63,「未来から来たヤツが映ってたかもってか？」,You mean she might have been caught on camera?,,
ID00018,0000e7b3,12,「ん…」,Hmm...,,
ID00018,0000e9f5,48,「ないない！　あり得ないって！」,No way! That's impossible!,,
ID00018,0000ebd1,60,「現代人の中にタイムトラベラーがいても、,"Even if a time traveler was among us modern folks,",,
ID00018,0000ec1c,63,　服装に気をつけてれば、見分けはつかない」,"As long as they’re careful, we can’t tell.",,
ID00018,0000ec89,48,「そもそもクラスメイトの誰かが、,"After all, one of our classmates could've...",,
ID00018,0000ecc8,33,　未来から来ていて…」,...if she came from the future...,,
ID00018,0000ee95,51,「はいはい、中二病ここに極まれり！,"Yeah, yeah, total otaku syndrome!",,
ID00018,0000eed7,39,　どこのライトノベルだよ」,What kind of light novel is this?,,
ID00018,0000f019,45,「中二病は、言われ慣れてるから,I'm used to being called an otaku,,
ID00018,0000f055,57,　どうでもいい。念のため、気をつけて」,"It's fine though. Just be careful, okay?",,
ID00018,0000f582,27,「死んじゃったら、,If I die...,,
ID00018,0000f5ac,42,　もう会えなくなるんだよ？」,We won't see each other anymore.,,
ID00018,0000f789,48,「…わかったよ。気をつけるって。,...Got it. I'll be careful.,,
ID00018,0000f7c8,48,　交通事故だろ？　遭わないように,You mean a car accident? I'll avoid it.,,
ID00018,0000f807,21,　注意するよ」,I'll be careful.,,
ID00018,0000f9f2,30,「ん…約束だからね」,Mm... It's a promise.,,
ID00019,00001984,63,（この時間になると、ほとんど人がいないな）,It's pretty empty at this hour.,,
ID00019,000019f1,39,（本棚の方も行ってみるか）,I'll check out the bookshelves too.,,
ID00019,00001e27,18,「あ、真奈」,"Ah, Mana.",,
ID00019,00001e67,15,「にい君」,Big bro,,
ID00019,0000206a,39,「難しそうな本読んでんな」,You're reading some tough books there.,,
ID00019,000020bf,57,「タイムトラベルの小説や、宇宙量子論、,"Time travel novels, quantum physics,",,
ID00019,00002107,48,　相対性理論なんかの真面目な本」,relativity and other serious stuff.,,
ID00019,0000271e,39,「あらためて読むと面白い」,Rereading them is fun.,,
ID00019,000028f2,42,「ちゃんと席に座って読めよ」,Sit down properly and read.,,
ID00019,0000294a,51,「怪しい人が来ないか、監視してる」,I'm keeping an eye out for any suspicious people.,,
ID00019,00002ad9,27,「共用ＰＣにか？」,The shared PC?,,
ID00019,00002b22,54,「もう来ないと思うけどね。念のため」,"I don't think she'll come, but just in case.",,
ID00019,00002def,48,「にい君だって、気になったから、,You were curious too.,,
ID00019,00002e2e,51,　同じ時間にここへ来たんでしょ？」,didn't you?,,
ID00019,000030f8,18,「…まぁな」,"...Well, yeah.",,
ID00019,00003a97,54,「この時間の図書室は、人影もまばら。,The library's pretty empty this time of day.,,
ID00019,00003adc,48,　違和感のある人がいれば目立つ」,Anyone who looks out of place will stick out.,,
ID00019,00003dda,54,「けど、みんな熱心に本を読んでるか、,But everyone's either reading books intently or,,
ID00019,00003e1f,42,　勉強に集中してるかだから、,"focused on their studies, so",,
ID00019,00003e58,30,　周りに気づかない」,won't notice me around.,,
ID00019,0000411a,39,「何人かに聞いてみたけど、,"I asked a few people, but",,
ID00019,00004150,39,　みんな心当たりないって」,No one seems to know anything.,,
ID00019,00004489,63,「聞き込みしたのか？　お前の方が怪しいぞ」,Did you interrogate them?,,
ID00019,00004546,36,「あははー、ホントだね」,"Haha, yeah, I guess so.",,
ID00019,000045be,36,「毎日張り込む気かよ？」,Are you stalking her?,,
ID00019,00004610,51,「ううん、探りを入れて気が晴れた」,"No, I just needed to snoop around.",,
ID00019,00004a31,54,「今の私の能力じゃ、あの現象の原因を,"With my current abilities, I can't pinpoint",,
ID00019,00004a76,24,　特定できない」,Unknown cause.,,
ID00019,00004bf7,60,「にい君が心配だけど、学園の外へ出る度に,"I'm worried about you,",,
ID00019,00004c42,45,　張り付くわけにもいかないし、,"I can't exactly stick around either,",,
ID00019,00004c7e,48,　にい君自身が身を守るしかない」,so you'll have to protect yourself.,,
ID00019,00004f0a,36,「車には気をつけてるよ」,I'm being careful with cars.,,
ID00019,00005104,12,「ん…」,Hmm...,,
ID00019,000052a3,60,「今の私にできるのは、勉強。それが結論」,The best I can do is study. That's it.,,
ID00019,000055e4,48,「もっと多くの魔法を身につけて、,"Learn more magic,",,
ID00019,00005623,24,　にい君を守る」,to protect you.,,
ID00019,000057a4,54,「魔法で…ねぇ。気持ちはうれしいよ」,With magic... yeah. I'm happy you feel that way.,,
ID00019,00005bb7,36,「『魔法天使』のアプリを,Updating the 'Magic Angel' app.,,
ID00019,00005bea,57,　バージョンアップする。スマホ貸して」,Can I borrow your phone?,,
ID00019,00005d8c,21,「ん？　ああ」,Hm? Yeah.,,
ID00019,00006189,30,「ちょっと待ってて」,Just a sec.,,
ID00019,00006586,51,「アップデータ、インストール…と」,Install the update...,,
ID00019,00006d93,12,「はい」,Okay.,,
ID00019,00006f32,39,「定期的に、私のサーバーに,Check in with my server regularly...,,
ID00019,00006f68,54,　生存信号を出すようにした。スマホが,I set it up to send a survival signal. My phone,,
ID00019,00006fad,51,　壊れない限り、ずっと送り続ける」,will keep sending them as long as it doesn't break.,,
ID00019,000072bb,24,「心配性だなぁ」,You're so paranoid.,,
ID00019,0000742f,51,「ＧＰＳ情報も送るようにしたけど、,"I also set it up to send GPS info, but",,
ID00019,00007471,48,　緊急時以外見ないから安心して」,"Don't worry, I won’t.",,
ID00019,00007641,57,「おまっ！　プライバシーの侵害だぞ！」,Hey! That's a privacy invasion!,,
ID00019,000076a8,45,「私がＧＰＳ情報を閲覧したら、,"If I look at the GPS info,",,
ID00019,000076e4,51,　そっちのアプリに、見たって警告が,"your app will show a 'viewed' alert,",,
ID00019,00007726,33,　出るようにしてある」,so don't worry.,,
ID00019,00007b7a,51,「不必要なときに見たら、怒れば？」,Would you get mad?,,
ID00019,00007bdb,39,「まぁ…そういうことなら。,Well... if that's the case.,,
ID00019,00007c11,48,　信用してるしな、お前のことは」,I trust you anyway.,,
ID00019,00007dd4,33,「仲好し兄妹だからね」,We're like close siblings.,,
ID00019,00007e83,12,「ああ」,Yeah.,,
ID00019,0000807c,63,「アプリの見た目と機能は変わってないから、,"It's the same as before, so",,
ID00019,000080ca,33,　そのまま使っててよ」,just keep using it.,,
ID00019,00008254,21,「わかったよ」,Got it.,,
ID00019,000083fc,42,「それじゃあね。もうちょっと,I'll be going then. I'm gonna,,
ID00019,00008435,27,　読書続けるから」,keep reading.,,
ID00019,000085b9,24,「ああ、またな」,Later~,,
ID00019,00008e39,30,（…そろそろ帰るか）,...time to go.,,
ID00019,000091c9,45,（な、なんだ！？　閲覧警告！？,W-What!? Viewing warning!?,,
ID00019,00009205,30,　真奈のアプリか！）,It's Mina's app!,,
ID00019,000094c1,54,「動作チェックだから、気にしないで」,"It's just a test run, don't worry about it.",,
ID00019,0000954b,51,「気にするよ！　ストーカーかっ！」,I will worry! You're stalking me!,,
ID00020,000015da,48,「ぜーっ、ぜーっ、持久走とは…。,"Whew, whew... this is a long run...",,
ID00020,00001619,27,　暑い、苦しい…」,So hot and painful...,,
ID00020,00001662,39,（日陰で…涼んでいこう…）,(Maybe I should rest in the shade...),,
ID00020,00001cd8,12,「あ…」,...,,
ID00020,00001d38,57,「お前も体育だったのか。ハァ…ハァ…」,"You had P.E., too? Wheeze... wheeze...",,
ID00020,00001e4c,27,「…興奮してる？」,Are you excited?,,
ID00020,00001e95,45,「違っ！　息が切れてるんだよ！,No! It's just my breathin' is ragged!,,
ID00020,00001ed1,33,　持久走だったんだ！」,That was a long-distance run!,,
ID00020,00002085,30,「持久走？　校庭？」,A long run? In schoolyard?,,
ID00020,000020d1,33,「いや、海岸の周りだ」,"No, around the beach.",,
ID00020,00002120,30,「そっか…体育だと、,"Oh... So it's PE,",,
ID00020,0000214d,48,　学園の外へ出ることがあるか…。,Is there ever a reason to leave the school?,,
ID00020,0000218c,54,　平日の昼間は安心してたんだけど…」,I was relaxed during daytime on weekdays though...,,
ID00020,00002592,24,「大丈夫だって。,It's fine.,,
ID00020,000025b9,45,　街道沿いはコースじゃないし、,"Anyway, the road isn't part of the course,",,
ID00020,000025f5,36,　滅多に車は通らないよ」,Cars rarely pass by.,,
ID00020,0000298a,12,「ん…」,Hmm...,,
ID00020,000029c4,36,「そんなに心配してたら、,"If you worry too much,",,
ID00020,000029f7,36,　夏が盛り上がらないまま,the summer will fizzle out.,,
ID00020,00002a2a,30,　終わっちまうぞ？」,it'll end like that?,,
ID00020,00002c2e,39,「ほら、俺が録ってやるよ。,I'll record it for you.,,
ID00020,00002c64,39,　中２の夏を記録してやる。,I'll document this sophomore summer.,,
ID00020,00002c9a,21,　笑え、笑え」,"Laugh, laugh.",,
ID00020,00002d45,36,「あはは、動画にはまった,"Haha, you're really into videos now.",,
ID00020,00002d78,45,　にい君らしい元気づけ方だね」,That's just like you to cheer someone up.,,
ID00020,00002fd7,36,「ほら、プールへ戻るぞ」,Let's go back to the pool.,,
ID00020,0000361f,39,「どんなポーズを取れと？」,What pose are you talking about?,,
ID00020,00003674,54,「そうだな…スク水で中二病ポーズは、,I filmed it in my swimsuit.,,
ID00020,000036b9,57,　ずいぶん前に録ったし…アニメの版権で,It's a pretty common pose for anime copyrights...,,
ID00020,00003701,33,　よくあるポーズだ！」,That's it!,,
ID00020,0000556e,24,「どうだった？」,How was it?,,
ID00020,000055b4,63,「兄の俺が言うのもなんだが、バッチリだ！」,"But damn, you nailed it!",,
ID00020,0000563a,42,「お前、そのポーズ好きだな」,You really like that pose.,,
ID00020,000056e2,63,「私がって言うより、男子が好きなんでしょ？,"More like the guys like it than me, right?",,
ID00020,00005730,39,　アニメ誌見ればわかるよ」,Just look at the manga.,,
ID00020,00005a32,39,「ははは、なんかデジャヴを,"Haha, it felt like déjà vu.",,
ID00020,00005a68,36,　見てるみたいだったよ」,I've seen this before.,,
ID00020,00005c1f,21,「デジャヴ？」,Déjà vu?,,
ID00020,00005f35,30,「にい君、まさか…」,You don't mean...?,,
ID00020,0000613a,63,「なぁ、もうそろそろブラッドムーンだろ？」,"Hey, the Blood Moon's coming up soon, right?",,
ID00020,000062d5,36,「あ、うん、そうだけど」,"Oh yeah, that's true.",,
ID00020,00006617,51,「観測はどうすんだ？　つき合うよ」,What about observation? I'll help out.,,
ID00020,00006720,54,「ううん、今回はいいよ。危ないから」,"No, it's dangerous this time. You stay safe.",,
ID00020,00006950,51,「やらないのか？　皆既月食なんて、,"A total lunar eclipse, you're not gonna do it?",,
ID00020,00006992,36,　そうそう見られないぞ」,You won't see one like this again.,,
ID00020,00006b49,24,「そうだけど…」,That's right...,,
ID00020,00006b8f,42,「交通事故を気にしてるのか？,Worried about cars?,,
ID00020,00006bc8,60,　なら、校舎の屋上に忍び込むのはどうだ？,How 'bout sneaking into the school roof instead?,,
ID00020,00006c13,45,　街道に出なけりゃいいだろ？」,Avoid going outside.,,
ID00020,00006cf3,39,「…そうだね、それなら…」,"...Yeah, that's true...",,
ID00020,00006dd9,54,「楽しみだな。ブラッドムーンをお前と,I'm looking forward to it. It'll be fun seeing,,
ID00020,00006e1e,39,　見るなんて、懐かしいよ」,the Blood Moon with you.,,
ID00020,0000701b,51,「うん。あの時も…屋上だったよね」,Yeah. We were on the roof that time too.,,
ID00021,000035fd,42,（どこの部も、もう終わりか。,"Every club's already done, huh?",,
ID00021,00003636,39,　録りたいものがないなぁ）,(There's nothing I wanna record.),,
ID00021,000036d9,12,（ん？）,Hey?,,
ID00021,00003775,18,「もしもし」,Hello.,,
ID00021,000037b5,21,「暇してる？」,Got time?,,
ID00021,000037f8,45,「またどっからか見てるのか？」,"You're spying on us again, aren't you?",,
ID00021,00003853,51,「ううん、どうせ暇だろうと思って」,"Nah, I figured you'd be bored anyway.",,
ID00021,000038b4,36,「…俺はそんなヤツか？」,Am I really that guy?,,
ID00021,00003906,24,「被写体なんて、,You won't find one.,,
ID00021,0000392d,45,　そうそう見つからないからね」,"that easily, you know.",,
ID00021,00003e08,39,「ったく、図星を突かれると,Damn when they're right,,
ID00021,00003e3e,39,　傷つくこともあるんだぞ」,It can hurt sometimes.,,
ID00021,00003e93,36,「まぁまぁ、被写体なら、,"If you're the subject,",,
ID00021,00003ec6,42,　今夜ちゃんとあるじゃない」,"you'll be there properly, right?",,
ID00021,00003f1e,39,「来るよ、ブラッドムーン」,"I'm coming, Blood Moon.",,
ID00021,00003f73,39,「そうか！　いよいよか！」,Oh yeah! It's finally here!,,
ID00021,00003fc8,42,「また９時に、宿舎の門の前で,See you at nine again by the dorm gate,,
ID00021,00004001,24,　待ち合わせね」,eight o'clock.,,
ID00021,00004047,51,「おう、阿武壬さんに見つかるなよ」,"Hey, don't get caught by Atsumi-san",,
ID00021,000040a8,21,「にい君もね」,You too.,,
ID00021,00004708,42,「お待たせー。さ、行こうか」,Sorry to keep you waiting. Let's go then.,,
ID00021,00004760,12,「おう」,Sure thing.,,
ID00021,00005022,24,「誰もいないね」,No one's here.,,
ID00021,00005086,54,「当たり前だ。忍び込んだんだからな」,"Of course not. We snuck in, remember?",,
ID00021,000050ea,30,「スリル満点だねー」,This is so thrilling!,,
ID00021,00005420,39,「好きだろ？　こういうの」,"You love this kind of thing, right?",,
ID00021,00005475,54,「うん、楽しい。ブラッドムーンの夜に,"Yeah, it's fun. On a night like this,",,
ID00021,000054ba,18,　相応しい」,It feels right.,,
ID00021,0000574f,42,「…ところで、私の部屋の前に,...cute outfit outside,,
ID00021,00005788,48,　かわいい服置いたの、にい君？」,"did you put it there, big bro?",,
ID00021,00005921,15,「いや？」,Nope?,,
ID00021,00005b12,39,「そっか、ユイねぇかな？」,"Oh, maybe Yu-ne?",,
ID00021,00005bbb,54,「そうじゃないか？　雑誌で見るより、,Isn't it?,,
ID00021,00005c00,36,　実践しろってことだよ」,and actually trying it out yourself,,
ID00021,00005dfe,27,「雑誌で…ねぇ…」,In magazines... huh...,,
ID00021,00005e62,27,「そうじゃないか？,Aren't I right?,,
ID00021,00005e8c,57,　ちょっとはオシャレしろってことだよ」,You should dress up a bit.,,
ID00021,0000609f,15,「むぅ…」,Muu...,,
ID00021,0000625c,42,「着て来ようかと思ったけど、,"I thought about wearing it, but",,
ID00021,00006295,54,　私にはかわいすぎるのでやめといた」,it's too cute for me so I didn't.,,
ID00021,00006434,39,「なんだよ！　着て来いよ！,What the hell! Wear it!,,
ID00021,0000646a,30,　録ってやったのに」,I recorded you in it.,,
ID00021,0000653b,54,「だからやめた。イメージと違う動画が,That's why I stopped. If there are videos,,
ID00021,00006580,24,　残るのは困る」,That don't fit.,,
ID00021,00006620,51,「はいはい。コスプレはやるくせに、,"Yeah, yeah. Even though you do cosplay,",,
ID00021,00006662,33,　かわいい服はダメか」,cute clothes are a no-go?,,
ID00021,000066b1,63,「コスプレでかわいい服なら、まぁなんとか」,"If it's cute cosplay outfits, I guess that’s okay.",,
ID00021,00006ae8,51,「ったく、線引きが普通じゃないぞ」,"Damn, your boundaries aren’t normal.",,
ID00021,00006cae,30,「そう？　普通だよ」,Really? It was normal.,,
ID00021,00006f1d,39,「ん…スマホのアラームが。,...My phone alarm is going off.,,
ID00021,00006f53,63,　月食が始まるよ。急いでセッティングして」,The eclipse is starting. Hurry and set up.,,
ID00021,000072b4,18,「お、おう」,Y-Yeah.,,
ID00021,00007c9b,54,「おおーっ、赤い！　月が赤くなった！,Ohh! It's red! The moon turned red!,,
ID00021,00007ce0,30,　これは不吉だなぁ」,This is ominous.,,
ID00021,00007d2c,63,「昔の人が、恐れおののいたのもわかるよね」,I can see why people in the past were terrified too.,,
ID00021,000080cb,15,「綺麗…」,Beautiful...,,
ID00021,00008108,42,「闇の力が頂点に達してる…。,The dark's at its peak.,,
ID00021,00008141,33,　まさに今夜が最高潮。,This is the climax tonight.,,
ID00021,00008171,33,　闇が世を支配する時」,When darkness rules the world.,,
ID00021,0000834d,27,「にい君も覗く？」,Wanna take a peek too?,,
ID00021,00008ed1,30,「ああ、見せてくれ」,"Yeah, show me.",,
ID00021,00008f58,36,「ん？　どうしたんだよ？,Huh? What's up?,,
ID00021,00008f8b,27,　替わってくれよ」,Switch with me.,,
ID00021,00009058,54,「お、おい！　真奈！？　どうした！？,Hey! Mahiro!? What’s wrong!?,,
ID00021,0000909d,51,　なんで動かないんだ！？　おい！？,Why aren’t you moving!? Hey!?,,
ID00021,000090df,33,　脅かそうったって…」,Even if you tried...,,
ID00021,0000912e,36,「にい君、こっちこっち」,"Come over here, come over.",,
ID00021,00009180,12,「え？」,What?,,
ID00021,0000a0aa,33,「うわあああああっ！」,Uwaaaaaah!,,
ID00021,0000a25e,27,「ビックリした？」,You surprised?,,
ID00021,0000a2e5,48,「ビックリなんてもんじゃないぞ！,That's not even the half of it!,,
ID00021,0000a324,42,　なんで２人いるんだよ！？」,Why are there two of you?!,,
ID00021,0000a3cc,54,「あははー、いいリアクションだねー」,"Hahaha, what a reaction.",,
ID00021,0000a456,42,「どどどどどうなってんだ！？,W-What's going on!?,,
ID00021,0000a48f,42,　なにが起こってるんだ！？」,What's happening to us!?,,
ID00021,0000a694,63,「私は…時を越えてやってきた、未来の真奈」,I'm... Mahiro from the future.,,
ID00021,0000a866,36,「にい君を救いに来たの」,Here to save you.,,
ID00021,0000a8b8,39,「はぁ！？　んなバカな！？,Hah!? You're kidding me!?,,
ID00021,0000a8ee,54,　タイムスリップしたってのかよ！？」,You actually time-traveled!?,,
ID00021,0000aac3,12,「ん…」,Hmm...,,
ID00021,0000ac62,63,「にい君が死んでから、死ぬほど勉強したの」,I studied my ass off after you died,,
ID00021,0000ae0a,36,「未来が変えられるなら、,"If I can change the future,",,
ID00021,0000ae3d,30,　過去も変えられる。,I can change the past too.,,
ID00021,0000ae6a,51,　ううん、絶対に変えてみせるって」,"No, I'll definitely do it.",,
ID00021,0000b1c4,36,「美しい兄妹愛でしょ？」,Isn't that beautiful sibling love?,,
ID00021,0000b216,36,「お前……マジなのか？」,Are you serious...?,,
ID00021,0000b3cd,30,「時間を越えるには、,"To cross time,",,
ID00021,0000b3fa,42,　無限のエネルギーがいるの」,you need infinite energy.,,
ID00021,0000b580,60,「けど、理論的にそんなものは存在しない。,"But theoretically, that doesn't exist.",,
ID00021,0000b5cb,51,　エネルギーには質量があるからね」,"Energy has mass, you see.",,
ID00021,0000b823,39,「質量のないエネルギー…。,Energe without mass...,,
ID00021,0000b859,54,　そんな無茶な要求に応えられるのは、,That's an impossible request.,,
ID00021,0000b89e,27,　たった１つだけ」,There's just one.,,
ID00021,0000ba15,45,「魔法…。魔法なら質量がない」,Magic... Magic doesn't have mass.,,
ID00021,0000bada,45,「ただし、プログラムを組めば、,"But if you program it,",,
ID00021,0000bb16,33,　記録媒体という質量が,the medium has mass.,,
ID00021,0000bb46,48,　どうしても存在する。ならば…」,There's no way around that... If so...,,
ID00021,0000c16c,51,「この大宇宙を記録媒体にすれば…。,If we use the entire universe as a medium...,,
ID00021,0000c1ae,48,　星のペンで魔法を書き込むことが,I could write magic with star pens...,,
ID00021,0000c1ed,21,　出来れば…」,...then maybe...,,
ID00021,0000c515,54,「光と同じく、質量のないエネルギーが,"Just like light, an energy without mass",,
ID00021,0000c55a,18,　生まれる」,could be created.,,
ID00021,0000c829,51,「それは…新しい時間軸を構築する、,"That's... a new timeline, constructed from",,
ID00021,0000c86b,30,　無限のエネルギー」,endless energy.,,
ID00021,0000c905,51,「私のコードは…本物の魔法になる」,My code will become real magic.,,
ID00021,0000d837,39,「やっと会えたね、にい君」,"Finally met you, Bro-kun.",,
ID00021,0000d88c,48,「お前、そんな中二病全開の妄想を,You imagined it.,,
ID00021,0000d8cb,33,　実現したってのか？」,You really did it?,,
ID00021,0000db83,45,「こうしてリミッターを外せば、,"Like this, once we remove the limits,",,
ID00021,0000dbbf,48,　宇宙の理さえ覆すことが出来る。,we can even defy the laws of the universe.,,
ID00021,0000dbfe,54,　そう教えてくれたのは、にい君だよ」,That's what Bro-kun told me.,,
ID00021,0000e28f,12,「え？」,What?,,
ID00021,0000ee8f,30,「にい君のおかげで、,"Thanks to you, Bro-kun,",,
ID00021,0000eebc,60,　私は『魔法を司る者』になれたんだから」,I became the one who rules over magic.,,
ID00021,0000f061,45,「お前は…何を言ってるんだ？」,What are you talking about?,,
ID00021,0000f221,45,「あ、それはこれからどうなるか,"Oh, that's how things will turn out",,
ID00021,0000f25d,18,　だったね」,right?,,
ID00021,0000f3d8,42,「ともかく、こうしてここに、,"Anyway, now that Mina is here too,",,
ID00021,0000f411,45,　真奈がもう１人いるんだから、,there are two of us.,,
ID00021,0000f44d,39,　信じるしかないでしょ？」,There's no choice but to believe.,,
ID00021,0000f8a9,12,「う…」,...,,
ID00021,0000f8e3,63,「そうだ！　そっちの真奈はどうしたんだよ？,Right! What about the other Mina over there?,,
ID00021,0000f931,36,　なんで動かないんだ？」,Why aren't you moving?,,
ID00021,0000f983,42,「私たち以外の時間を止めた。,We stopped time for everyone else.,,
ID00021,0000f9bc,33,　私同士が直接会うと、,"If we meet directly,",,
ID00021,0000f9ec,33,　いろいろヤバいから」,it gets really bad.,,
ID00021,0000ffee,45,「そんなことも出来るのか！？」,You can even do that?,,
ID00021,000101ae,42,「制限はいろいろあるけどね」,"There are a lot of restrictions, though.",,
ID00021,0001036b,45,「私は、にい君の動画を頼りに、,I'm relying on your videos.,,
ID00021,000103a7,30,　時間を旅してるの」,you see.,,
ID00021,0001052e,15,「はぁ？」,Huh?,,
ID00021,000106e9,30,「時空は広いからね。,"Space-time is vast, you see.",,
ID00021,00010716,39,　道標がないと迷っちゃう」,"Without a map, I get lost easily.",,
ID00021,000108a6,42,「だから、私が旅できるのは、,That's why the only place I can go,,
ID00021,000108df,51,　にい君の動画のあとの１０分程度」,is about ten minutes after your videos.,,
ID00021,00010c77,57,「にい君の動画にアクセスする感じだね」,It feels like I'm accessing your videos.,,
ID00021,00010cde,63,「けど…おかげで、にい君を救うチャンスは、,"But... thanks to that, the chance to save you is,",,
ID00021,00010d2c,36,　すっごく限られてて…。,super limited...,,
ID00021,00010d5f,48,　なかなかの無理ゲーだったよー」,It was a pretty tough game.,,
ID00021,00011043,57,「にい君の動画の量を増やそうとしたり、,"I tried to increase the number of your videos,",,
ID00021,0001108b,33,　なんとか事故の前に、,"or somehow before the accident,",,
ID00021,000110bb,36,　録らせようとしたり…」,"try and record you...""",,
ID00021,000113e4,27,「私もひどいよね。,I'm such a jerk.,,
ID00021,0001140e,54,　せっかく、かわいい服を置いたのに、,I put out a cute outfit for you.,,
ID00021,00011453,36,　着てくれないんだから」,but you won't wear it.,,
ID00021,0001179d,60,「あ！　お前なのか！？　服を置いたの！」,Oh! It's you!? You left the clothes!,,
ID00021,00011978,42,「そう。にい君だもん、妹でも,"Yeah. Since you're my big bro,",,
ID00021,000119b1,60,　かわいい服着てたら、すぐ録るでしょ？」,"I'd record it right away, wouldn't I?",,
ID00021,00011c91,33,「…図星を突かれると、,...When you hit the nail.,,
ID00021,00011cc1,39,　傷つくこともあるんだぞ」,It can hurt sometimes.,,
ID00021,00011d16,18,「あははー」,Heheh~,,
ID00021,00011ec5,42,「けど、着てくれないとはね。,"but yeah, since you won't wear it.",,
ID00021,00011efe,33,　自分が一番難しいよ」,It's the hardest for me.,,
ID00021,00012048,54,「結局、直接警告を打ち込んじゃった」,"In the end, I ended up giving you a direct warning.",,
ID00021,000121fe,24,「あの検索か？」,You mean that search?,,
ID00021,000123ec,51,「そう。最初はなるべく干渉せずに、,"That's right. At first, I didn't interfere much,",,
ID00021,0001242e,54,　にい君を助けようと思ったんだけど、,"I wanted to help you, Bro-kun,",,
ID00021,00012473,24,　無理だったよ」,but it was impossible.,,
ID00021,000128ba,45,「おかげで今の私が、私の存在を,"Thanks to that, I think",,
ID00021,000128f6,48,　なんとなく察してると思うから、,"you've kinda figured out who I am,",,
ID00021,00012935,30,　取り繕っておいて」,Keep it up.,,
ID00021,00012bf7,39,「はぁ！？　俺任せかよ！」,Huh?! You're leaving it to me?,,
ID00021,00012db1,36,「死ぬよりいいでしょ？」,Isn't this better than dying?,,
ID00021,00012e03,18,「…まぁな」,"...Well, yeah.",,
ID00021,00012e43,51,「にい君を救おうと、この夏を何度も,I've repeated this summer trying to save you,,
ID00021,00012e85,33,　繰り返したんだから」,so I could rescue Ni-kun,,
ID00021,00013174,30,「…何回ぐらいだ？」,...How many times?,,
ID00021,00013245,57,「覚えてない。５０回までは数えたけど」,I don't remember. I counted up to 50 though,,
ID00021,000133e7,39,「そんなに……ありがとな」,Thanks...,,
ID00021,0001351b,15,「ううん」,Nope,,
ID00021,000136fe,42,「にい君をはねたトラックは、,The truck that hit you has passed.,,
ID00021,00013737,30,　入り江沿いの街道を,"It's long gone by now, so",,
ID00021,00013764,60,　とっくに通り過ぎたから、もう安心だよ」,you're safe.,,
ID00021,00013be0,54,「さすが、直接警告しただけあるよね。,You really know how to give a warning.,,
ID00021,00013c25,60,　天体観測の場所が変わっちゃうんだから」,The place for stargazing is gonna change now.,,
ID00021,00014195,45,「よかった…にい君、無事で…」,"I'm glad... You're safe, Bro-kun...",,
ID00021,00014385,15,「真奈…」,Mina...,,
ID00021,000143c2,36,「お前、いくつなんだ？」,How old are you?,,
ID00021,00014579,30,「見た目とは違うよ。,You're not what you look like.,,
ID00021,000145a6,33,　行動しやすいように、,"Because I wanted mobility,",,
ID00021,000145d6,45,　この時間の私に合わせたから」,I adjusted myself for this time period.,,
ID00021,00014675,60,「私が何年、孤独な時を過ごしたかなんて、,Don't you think it's better not to know?,,
ID00021,000146c0,42,　知らない方がいいでしょ？」,...So? Do you believe me now?,,
ID00021,000149b8,18,「…まぁな」,"...Well, yeah.",,
ID00021,00014b5d,57,「…どう？　私のこと、信じてくれた？」,"...Can't help but believe me, right?",,
ID00021,00014cff,51,「信じないわけに…いかないだろ？」,"You can't help believing me, right?",,
ID00021,00014db0,18,「ありがと」,Thanks.,,
ID00021,00014f7b,51,「信じてくれたついでに、もう一つ、,"Since you believed me, one more thing,",,
ID00021,00014fbd,60,　にい君には、やってもらわなきゃならない,"You gotta do something for me, Bro-kun...",,
ID00021,00015008,30,　ことがあるんだ…」,There's one thing...,,
ID00021,0001542f,27,「やってくれる？」,Will you do it?,,
ID00021,00015478,21,「なんだよ？」,What's up?,,
ID00021,000154bb,21,「根源の選択」,"""The Origin Choice"".",,
ID00021,000157dd,36,「私を普通の子にするか、,"Make me a normal kid,",,
ID00021,00015810,57,　時を越える『魔法を司る者』にするか、,"or turn me into a time-traveling Master of Magic,",,
ID00021,00015858,27,　にい君が選んで」,It's up to you.,,
ID00021,00015e62,24,「持っていって」,Take it.,,
ID00021,00016659,36,「うわあああああああ！」,Uwaaaaaaah!,,
ID00021,000169c0,33,「うわぁーっ、すげぇ！,"Wow, that's amazing!",,
ID00021,000169f0,48,　ホントに真っ赤だぞ！　真奈！」,You're really red! Mina!,,
ID00021,00016a4e,48,「あうぅ…こわいよぉ、にいくん」,"Auu... You're scary, Ni-kun",,
ID00021,00016aac,33,「こわくなんかねぇよ！,I'm not scary at all!,,
ID00021,00016adc,42,　赤はヒーローの色なんだぞ！,Red is the hero's color!,,
ID00021,00016b15,24,　最強なんだ！」,The strongest color!,,
ID00021,00016b5b,54,「よる、がっこうにしのびこむなんて、,"Creeping into school at night like this,",,
ID00021,00016ba0,45,　みつかったらおこられるよ？」,"You'll get in trouble if caught, right?",,
ID00021,00016bfb,63,「海の丘公園はいっぱい人がいそうだからな。,The beach park is probably crowded.,,
ID00021,00016c49,63,　せっかくパパのビデオを持ち出したんだぞ、,"I brought out Dad's video camera just now,",,
ID00021,00016c97,42,　高いとこで月を独占だッ！」,So we can monopolize the moon up high!,,
ID00021,00016cef,48,「わたしは……そうだんしたかった,I... wanted to talk about it,,
ID00021,00016d2e,24,　だけなのにぃ」,But I didn't.,,
ID00021,00016d74,42,「そうそう、そうだったよな」,"Yeah, that's right.",,
ID00021,00016e1e,54,「なんだよ、相談って。言ってみろよ」,What's up? Spit it out.,,
ID00021,00016e82,27,「うん…あのね…」,Um... well...,,
ID00021,00016ecb,54,「あーっ、悪りぃ！　その前にトイレ！,"Ah, sorry! I need to go to the bathroom first!",,
ID00021,00016f10,33,　ちょっと待ってろ！」,Just wait a sec!,,
ID00021,00016f5f,51,「もーーーっ！　にいくんのバカァ」,"You're such an idiot, Nikun!",,
ID00021,000173d1,36,（ここは……あの時の……,(This place... It was here that...,,
ID00021,00017404,57,　真奈と一緒にブラッドムーンを見た…）,Mana and I saw the Blood Moon together...),,
ID00021,00017885,12,「え…」,Huh...?,,
ID00021,0001793b,12,「あ…」,...,,
ID00021,00017aa3,51,「にいくん、もうトイレすんだの？」,"Nikun, you've already been to the bathroom?",,
ID00021,00017c3f,45,「え？　あ…俺、子供の姿に…」,Huh? Oh... I'm in a kid's body...,,
ID00021,00017dc8,12,「ん？」,Hm?,,
ID00021,00017e02,42,「い、いや、なんでもねーよ」,"N-No, it's nothing.",,
ID00021,00017e5a,24,「すごいねーっ。,That's amazing!,,
ID00021,00017e81,45,　いま、でてったとおもったら、,"I thought you just left, but",,
ID00021,00017ebd,39,　いつのまにかもどってて」,you came back somehow.,,
ID00021,0001808c,48,「どんなひっさつわざつかったの？,What ultimate move did you use?,,
ID00021,000180cb,36,　おしえて、おしえてー」,"Tell me, tell me!",,
ID00021,00018386,54,（そうだった…。今思えば小さいころ、,When I think back...,,
ID00021,000183cb,57,　俺は特撮ヒーローが大好きだったんだ）,I was really into superhero shows.,,
ID00021,00018432,63,（自分で最強ヒーローを考えて、なりきって、,"I'd imagine the strongest hero, then act it out,",,
ID00021,00018480,48,　真奈をヒロインにして助けて…）,with Mana as the heroine and me saving her...,,
ID00021,000184de,48,（７色の戦士に変身して悪を倒す、,Seven-color warrior.,,
ID00021,0001851d,60,　１人戦隊プリズムレンジャーなんてのを、,"even doing one-man teams like Prism Rangers,",,
ID00021,00018568,48,　恥ずかしげもなくやってたっけ）,without any shame at all back then.,,
ID00021,000185c6,45,「おしえてよぉ、ねーってばぁ」,"Tell me already, I said no!",,
ID00021,0001879b,42,「よ、よし、教えてやるぞ！」,"O-Okay, I'll tell you!",,
ID00021,00018921,51,「新必殺技のテレポーテーションだ！,"It's my new ultimate move, Teleportation!",,
ID00021,00018963,48,　一瞬でどこにでも行けるんだぞ！,Can go anywhere in an instant!,,
ID00021,000189a2,21,　凄いだろ？」,Ain't that cool?,,
ID00021,000189e5,30,「すごいすごーい！」,Cool! So cool!,,
ID00021,00018a70,30,「ビックリしたか？」,You surprised?,,
ID00021,00018abc,42,「うん、ビックリしたーっ！」,"Yeah, I'm shocked!",,
ID00021,00018bad,24,「はっはっはっ」,Hehehe,,
ID00021,00018bf3,18,「あははー」,Heheh~,,
ID00021,00018d62,15,「はぁ…」,...,,
ID00021,00018d9f,24,「元気ないな？」,You're not feeling good?,,
ID00021,00018de5,15,「…うん」,...Yeah,,
ID00021,00018ea5,42,「相談事ってなんなんだよ？」,What's the problem?,,
ID00021,00018efd,27,「きいてくれる？」,Will you listen?,,
ID00021,000190f5,30,「おう！　もちろん」,Sure! Of course.,,
ID00021,00019141,36,「んとね……あのね……」,Well... You see...,,
ID00021,00019377,54,「まな、がっこうでいじめられてるの」,I'm being bullied at school.,,
ID00021,00019644,18,「えっ！？」,Eh!?,,
ID00021,00019684,51,「はしるのおそいし…およげないし…,I'm too slow to run... I can't swim either...,,
ID00021,000196c6,63,　トロくて、しっぱいばっかりしてるから…」,I'm just so slow and keep failing...,,
ID00021,0001992c,54,「みんなわたしのこと、すぐおこるの。,Everyone gets mad at me really fast.,,
ID00021,00019971,30,　いじわるするの…」,They're all mean to me...,,
ID00021,00019b7b,18,「ぐすん…」,Sniff...,,
ID00021,00019c54,48,「うおおおおぃ！　この時代の俺は,Ugh! This version of me...,,
ID00021,00019c93,42,　なにをしてるんだああっ！」,What the hell am I doing here!?,,
ID00021,00019f03,24,「このじだい？」,This time period?,,
ID00021,00019f92,39,「あーいや、なんでもねー」,"Nah, never mind.",,
ID00021,00019fe7,57,「それでね、かけっこれんしゅうしたり、,So I've been doing things like running and,,
ID00021,0001a02f,51,　せんめんきのお水に、かおをつける,"putting my face in the water fountain,",,
ID00021,0001a071,54,　れんしゅうしたりしてるんだけど…」,...but it's not really working out...,,
ID00021,0001a4cc,42,「ちっともうまくならないの」,I can't seem to get any better.,,
ID00021,0001a652,60,「…そうか、それでしょんぼりしてるのか」,"...Oh, so that's why you're depressed.",,
ID00021,0001a6bc,15,「うん…」,Right...,,
ID00021,0001a89d,45,「にいくん、どうすればいい？」,"What should I do, Nikun?",,
ID00021,0001aa26,18,「それは…」,It's...,,
ID00021,0001abe3,39,（！　これが俺の選択か！？,This is my choice!?,,
ID00021,0001ac19,36,　真奈を中二病にするか、,"Make Mana a moe tsundere,",,
ID00021,0001ac4c,30,　普通の子にするか）,or make her normal?],,
ID00021,0001ac98,51,（真奈…運動神経がイマイチなことを,"Mana... about how she's not the best at sports,",,
ID00021,0001acda,48,　そんなに気に病んでたなんて…。,You really were that worried about it...,,
ID00021,0001ad19,39,　いじめられてたなんて…）,You were being bullied...,,
ID00021,0001aee3,54,（俺は…俺は…未来の真奈からもらった,I... I... got this from future Mana,,
ID00021,0001af28,30,　このバンダナを…）,this bandana...,,
ID00021,0001af75,7, 渡す, Give,,
ID00021,0001af97,13, 渡さない, Don't give,,
ID00021,0001afd0,42,（渡そう！　中二病でもいい。,I'll give it! Even if I sound silly.,,
ID00021,0001b009,54,　今の真奈が、俺の大切な妹なんだ！）,Mana's my precious little sister now!,,
ID00021,0001b082,42,（…いいのか？　渡さなくて？,...Is that okay? Don't give it?,,
ID00021,0001b0bb,45,　こんなに傷ついているのに…。,You're hurting so much...,,
ID00021,0001b0f7,60,　こんなに自分に自信をなくしてるのに…）,Don't you lack confidence in yourself...?,,
ID00021,0001b161,42,（中二病でもいいじゃないか！,It's fine if I'm silly!,,
ID00021,0001b19a,30,　俺が見守ればいい。,I'll watch over you.,,
ID00021,0001b1c7,36,　いや、見守ってきた！）,"No, I've been watching over you!",,
ID00021,0001b219,36,（渡そう！　今の真奈が、,Give it to her! This is real Mahiro,,
ID00021,0001b24c,36,　俺の大切な妹なんだ！）,She's my precious little sister!,,
ID00021,0001b2b3,30,「真奈、目を閉じて」,"Mahiro, close your eyes",,
ID00021,0001b2ff,12,「え？」,What?,,
ID00021,0001b50f,15,「こう？」,Like this?,,
ID00021,0001b8ac,54,「マジック・キャンセーーーーール！」,MAGIC CANCEEEEEEL!,,
ID00021,0001bda5,27,「なぁに？　これ」,What's this?,,
ID00021,0001bdee,33,「お前の力を封印した」,I sealed your power.,,
ID00021,0001be3d,21,「ふういん？」,Sealed?,,
ID00021,0001c133,42,「そうだ。俺にはお前の能力を,That's right. I have the ability to,,
ID00021,0001c16c,33,　無効化する力がある。,render yours useless.,,
ID00021,0001c19c,48,　そう教えてくれたのは、お前だ」,You told me that yourself.,,
ID00021,0001c1fa,18,「まなが？」,Mana?,,
ID00021,0001c368,24,「ああ、そうだ」,Right.,,
ID00021,0001c470,45,「これから、お前は大きくなれば,"From now on, you'll grow up to be",,
ID00021,0001c4ac,51,　なるほど、真の力を発揮していく」,You'll show your true power.,,
ID00021,0001c63b,51,「それは、かけっこが早くなるとか、,"That's not just running faster,",,
ID00021,0001c67d,36,　そんなレベルじゃねー」,it's way beyond that level.,,
ID00021,0001c6cf,57,「火、水、風、雷、土の５つの自然魔法を,"The 5 elemental magics: fire, water...",,
ID00021,0001c717,42,　操り、世のあらゆる精霊が、,control all spirits here.,,
ID00021,0001c750,36,　お前に従うようになる」,They'll start following you.,,
ID00021,0001c7a2,30,「それ、すごいの？」,Is that impressive?,,
ID00021,0001c91c,45,「当たり前だ！　テレビのどんな,Of course it is! No TV hero could beat that!,,
ID00021,0001c958,51,　ヒーローだって敵わないんだぞ！」,No hero on TV can match that!,,
ID00021,0001c9b9,42,「うわあぁ、すごおおぉい！」,"Whoa, that's amazing!",,
ID00021,0001ca76,54,「お前の未来には無限の可能性がある。,You've got infinite possibilities in your future.,,
ID00021,0001cabb,42,　きっと夢が叶う。けどな…」,Your dreams will come true...,,
ID00021,0001cc41,63,「このバンダナの封印、リミッターは外すな。,Don't remove the seal on this bandana.,,
ID00021,0001cc8f,51,　周りから足が遅いって言われたら、,"If people say you're slow,",,
ID00021,0001ccd1,54,　外したら月まで行っちゃうって言え」,Say it'll send you to the moon.,,
ID00021,0001ce63,45,「泳げないってからかわれたら、,"If they tease you for not being able to swim,",,
ID00021,0001ce9f,54,　本気出すと、水がお前に道を空けて、,"The water'll part for you when you get serious,",,
ID00021,0001cee4,42,　プールの水が割れるといえ」,"The pool water'll split for you, too.",,
ID00021,0001cf3c,57,「すごぉい、まな、そんな力があるの？」,"Wow, Mana, do you really have that kind of power?",,
ID00021,0001d20c,33,「そんなもんじゃない。,It's not just that.,,
ID00021,0001d23c,45,　お前の力は、宇宙の理を覆す。,Your strength defies the universe.,,
ID00021,0001d278,60,　そう、お前は全ての『魔法を司る者』…」,You control all magic...,,
ID00021,0001d410,45,「コードマスターになるんだ！」,You'll become a Code Master!,,
ID00021,0001d46b,63,「こーどますたぁ？　なんかわかんないけど、,"Co-de mas-ter? I don't know what it means, but",,
ID00021,0001d4b9,24,　かっこいい！」,it sounds cool!,,
ID00021,0001d7b4,27,「うん！　なるよ！,Yeah! I can do it!,,
ID00021,0001d7de,48,　まな、こーどますたぁになる！」,I'll become a co-de mas-ter too!,,
ID00021,0001da3b,54,「けど、このぬの、ずっとつけてなきゃ,"But, if I keep wearing this cloth all the time",,
ID00021,0001da80,45,　ダメなの？　くさくなるよ？」,it won't work? It'll get stinky?,,
ID00021,0001df98,45,「バンダナは他のでも構わない。,It's fine to use other bandanas.,,
ID00021,0001dfd4,51,　付けるときにさっきの呪文を言え」,Just say that spell when you put it on.,,
ID00021,0001e035,36,「まじっくきゃんせる？」,Magic cancel?,,
ID00021,0001e1b5,36,「そうだ。時が来るまで、,"That's right. Until the time comes,",,
ID00021,0001e1e8,63,　自らの力で、お前の真の力を封印するんだ」,I'll seal your true power within yourself.,,
ID00021,0001e255,54,「うん！　わかった！　ふういんする！,Yeah! Got it! I'll seal it!,,
ID00021,0001e29a,60,　まな、ホントはすごい子だったんだね！」,"Mana, you're really something, huh?",,
ID00021,0001e4f4,42,「ああ、そうだ。お前は凄い。,That's right. You are amazing.,,
ID00021,0001e52d,30,　この世の誰よりな」,More than anyone.,,
ID00021,0001ea27,30,「俺の…大切な妹だ」,My... precious little sister.,,
ID00021,0001ea73,27,「うん…ありあと」,...Thanks...,,
ID00021,0001ed72,30,「そろそろ時間か…」,Time to go...,,
ID00021,0001edbe,24,「いいか、真奈。,"Listen, Mahiro.",,
ID00021,0001ede5,42,　自分を信じろ、夢を信じろ、,Believe in yourself.,,
ID00021,0001ee1e,24,　未来を信じろ」,"believe in the future!""",,
ID00021,0001ef9f,51,「騎士である俺は、いつだってお前を,"As a knight, I'll always protect you!",,
ID00021,0001efe1,54,　守ってやる！　そばにいるからな！」,I'm right here with you!,,
ID00021,0001f045,30,「うん！　わかった！,Yeah! Got it!,,
ID00021,0001f072,48,　じぶんを…にいくんを信じる！」,I’ll... believe in myself too!,,
ID00021,0001f3af,45,「テレポーーーテーーション！」,TELEPORTATION!!,,
ID00021,0001f8e5,60,「ふわぁっ！　きえた！　すごおおおい！」,Woah! She's gone! That was awesome!,,
ID00021,0001fbf0,36,「ジャジャジャーーーン！,Dun dun duuuuun!,,
ID00021,0001fc23,54,　ブラッドムーーンナイト！　見参！」,Blood Moon Night! Here I come!,,
ID00021,0001fc87,33,「あ！　そっちから！」,Ah! From that direction!,,
ID00021,0001fce3,45,「フッフッフッ、どうだこの剣！,"Heh heh heh, how's this sword?",,
ID00021,0001fd1f,42,　すごいだろ？　昼間、作って,"Awesome, right? I made it today.",,
ID00021,0001fd58,36,　隠しておいたんだぞ！」,I hid it earlier!,,
ID00021,0001fdaa,21,「すごおぃ！」,That's awesome!,,
ID00021,0001fded,51,「ブラッドムーンナイトの誕生だ！」,It's the birth of Blood Moon Night!,,
ID00021,0001fe4e,60,「そのけんで、まなをまもってくれるの？」,Will you protect Mana with that?,,
ID00021,0001feb8,45,「ん？　あ、ああ…もちろんな。,"Huh? Oh, yeah... Of course.",,
ID00021,0001fef4,42,　お前は大事なヒロイン役…」,You're a precious heroine role...,,
ID00021,0001ff4c,48,「うれしい！　にいくん大好き！」,I'm so happy! I love Nii-kun!,,
ID00021,0001ffaa,48,「わっ、よ、よせ！　くっつくな！,"W-Whoa, stop it! Don't get close!",,
ID00021,0001ffe9,21,　照れるだろ」,You'll be embarrassed,,
ID00021,0002002c,45,「え～っ、そんなんでまなのこと,"Eh~, is that how you treat Mana's",,
ID00021,00020068,48,　まもれるのぉ？　たよりなぁい」,Can you protect me?,,
ID00021,000200c6,54,「そ、そんなことないぞ！　俺は強い！,N-No way! I'm strong!,,
ID00021,0002010b,21,　任しとけ！」,Leave it to me!,,
ID00021,0002014e,60,「うん！　ちからをふういんしたわたしを、,"Yeah! Protect the me who's pumped up with power,",,
ID00021,00020199,33,　ちゃんとまもってね、,"Take good care of me,",,
ID00021,000201c9,36,　ブラッドムーンナイト」,Blood Moon Night.,,
ID00021,0002027c,42,（ブラッドムーンナイト…か。,(Blood Moon Night...),,
ID00021,000202b5,42,　そんなこと言ったっけな…。,"I did say something like that, huh...",,
ID00021,000202ee,39,　思い出すと恥ずかしいぞ）,It's embarrassing to remember.,,
ID00021,000209fb,39,「にい君、覗かないのー？」,"Hey, aren't you gonna peek~?",,
ID00021,00020ce3,51,「うわっ！　真奈！　どうした！？」,Oh my God! Mana! What's wrong!?,,
ID00021,00020e7f,57,「ど、どうしたは、こっちのセリフだよ。,Wh-what's wrong is my line.,,
ID00021,00020ec7,39,　急にボーッとしちゃって」,You suddenly spaced out there.,,
ID00021,000212c0,33,「お、おう、そうか…」,"Oh, right...",,
ID00021,00021357,24,「どうかした？」,What's wrong?,,
ID00021,000214cb,60,「いや…きっと全て一瞬だったんだろうな」,No... it must've all happened in an instant.,,
ID00021,0002169a,42,「それとも、俺の妄想…夢？」,Or was it just my imagination... a dream?,,
ID00021,000216f2,45,「どっちでもいい…思い出した」,"Either way, I remember now...",,
ID00021,000218d7,45,「俺は、ブラッドムーンナイト。,I'm the Blood Moon Knight.,,
ID00021,00021913,54,　あのころからお前に仕えてたんだな」,Serving you since back then.,,
ID00021,00021977,12,「あ…」,...,,
ID00021,00021adf,60,「そうだよ。あのブラッドムーンの夜から、,"That's right. Since that night of the Blood Moon,",,
ID00021,00021b2a,45,　にい君はずっと私の騎士だよ」,you've been my knight all this time.,,
ID00021,00021c6f,54,「にい君が、私に力をくれたんだから」,Because you gave me your power.,,
ID00021,000223b4,63,「マナ＝リア・エターナ・インストラック！」,Mana-ria Eterna Instrack!,,
ID00021,00022458,42,「出でよ！　イフリーーート！,Come forth! Ifreet!,,
ID00021,00022491,54,　夜の闇を紅蓮の炎で焼き尽くせッ！」,Eat up the darkness of night with crimson flames!,,
ID00021,000224f5,18,「はははは」,Hahaha,,
ID00022,0000164c,39,（あ…あそこにいるのは…）,(T-That's...her over there...),,
ID00022,00001a82,33,「んぐんぐ……おいし」,Mmm... yummy.,,
ID00022,00001c0c,15,「真奈…」,Mina...,,
ID00022,00001deb,21,「あ、にい君」,"""Hey, bro.""",,
ID00022,00001e2e,33,「お前、好きだなそれ」,"You really like that, huh?",,
ID00022,00001fab,51,「夏の間しか食べられないからねー。,It's only available in the summer.,,
ID00022,00001fed,39,　食いだめしておかないと」,so you gotta stock up while you can.,,
ID00022,0000217d,39,「そっか…食いだめ…ねぇ。,Oh yeah...stocking up...right.,,
ID00022,000021b3,39,　真奈…お前、どっちだ？」,Maha...which one are you?,,
ID00022,00002363,18,「どっち？」,Which one?,,
ID00022,000029c9,33,「あう…な、なにを？」,Ah...wh-what?,,
ID00022,00002a18,33,（バンダナは…あるな）,(I have a bandana...),,
ID00022,000033a8,15,「ふぅ…」,Sigh...,,
ID00022,00003a5d,45,「衆人環視の中、妹のスカートを,Did you peek under her skirt?,,
ID00022,00003a99,45,　のぞき込むとは、大胆だねぇ」,"That's pretty bold, huh.",,
ID00022,00003da1,39,「ち、違っ！　俺はだな！」,N-No! It's not like that!,,
ID00022,00003f6d,15,「なに？」,What?,,
ID00022,00003faa,42,「ん……いや、なんでもない」,"Hmm... No, never mind.",,
ID00022,00004011,45,（未来の真奈のことを話しても、,If I talk about the future Mina...,,
ID00022,0000404d,39,　中二病扱いされるだけだ。,They'll just think I'm a dork.,,
ID00022,00004083,48,　それに…明かさない約束もした）,"Besides, I promised not to tell.",,
ID00022,000040e1,51,（たとえ俺の妄想かもしれなくても、,"Even if it's just my imagination,",,
ID00022,00004123,36,　真奈との約束は守ろう）,I'll keep my promise to Mana.,,
ID00022,000043cc,27,「なんか隠してる」,You're hiding something.,,
ID00022,00004415,30,「隠してないって！」,"No, I'm not hiding anything!",,
ID00022,0000465e,39,「ブラッドムーンの夜から、,"Since that night of the Blood Moon,",,
ID00022,00004694,48,　なぜかスッキリした感じがする。,I've felt strangely relieved.,,
ID00022,000046d3,27,　なにかあった？」,What happened?,,
ID00022,00004992,24,（ぐ…スルドイ）,(Guh... so sexy),,
ID00022,000049d8,42,「なんにもないよ。それより、,"Nothing's wrong. Hey,",,
ID00022,00004a11,51,　久しぶりに遊園地へ行かないか？」,"want to go to the amusement park?""",,
ID00022,00004bd7,12,「え？」,What?,,
ID00022,00004c11,54,「俺が置いておいた、かわいい服着て」,Wear the cute clothes I left for you.,,
ID00022,00004dda,33,「あれ、にい君なの？」,"Hey, are you my big bro?",,
ID00022,00004e29,15,「そうだ」,That's right...,,
ID00022,00004fcb,33,「違うって言ったのに」,I already told you it wasn't.,,
ID00022,0000501a,57,「お前が気に入らない感じだったからだ。,You just didn't seem to like me.,,
ID00022,00005062,60,　けど、着てくれよ。一緒に出かけようぜ」,"But still, wear them and let's go out together.",,
ID00022,00005280,12,「ん…」,Hmm...,,
ID00022,00005466,60,「ちょうど行きたいと思ってたし、いいよ。,"I was thinking of going anyway, so it's fine.",,
ID00022,000054b1,30,　にい君と行きたい」,"Let's go together, Bro-kun.",,
ID00022,000057aa,48,「じゃあ、行くか。何時がいい？」,Let's go then. What time?,,
ID00022,00005936,57,「お昼食べた後、２時に出るのはどう？」,How about we leave at two after lunch?,,
ID00022,00005b0f,27,「ずいぶん遅いな」,That's pretty late though.,,
ID00022,00005cbd,42,「私的にはちょうどいい時間」,It's the perfect time for me.,,
ID00022,00005d15,48,「オッケー。じゃあ、日曜の２時、,"Okay. So Sunday at 2 PM,",,
ID00022,00005d54,48,　駅前の踏み切りで待ち合わせな」,Meet at the crossing.,,
ID00022,00005f5a,42,「わかった。楽しみにしてる」,Got it. Looking forward to it.,,
ID00022,0000647c,63,こうして、真奈とデートの約束を取り付けた。,"In this way, I made a date with Mana.",,
ID00023,000014dc,42,「この辺りで録ってみるか…」,Let's record around here...,,
ID00023,000017fb,39,「風景を撮るとか、珍しい」,Taking pics of scenery is rare.,,
ID00023,00001d65,18,「あ、真奈」,"Ah, Mana.",,
ID00023,00001f0a,51,「ん？　それ、デジカムじゃないね」,"Hm? That's not a digital camera, is it?",,
ID00023,00001f6b,60,「８ｍｍだよ。おじいちゃんが使ってたのが,It's 8mm film. It was my grandpa's.,,
ID00023,00001fb6,42,　押し入れにあったらしくて、,"It was in the closet, apparently.",,
ID00023,00001fef,45,　この間、父さんがくれたんだ」,My dad gave it to me a while ago.,,
ID00023,000021bb,54,「今さらこんなもの…って思って放って,I thought I'd leave it alone since it's so old...,,
ID00023,00002200,30,　おいたんだけど…」,but...,,
ID00023,0000224c,54,「デジカムと違って、きれいに撮るのが,It's hard to take nice photos...,,
ID00023,00002291,42,　難しいから、勉強になるよ」,So you can learn from it.,,
ID00023,0000244e,36,「ふうん、温故知新だね」,"Hmm, learning from the past.",,
ID00023,000024a0,48,「フィルムが生産中止で高いから、,"Film is expensive now,...",,
ID00023,000024df,60,　いつもこれでってわけにいかないけどな」,so I can't always use this one.,,
ID00023,00002549,63,「なぜだろう？　時間を無駄にしちゃいけない,Why? Because we shouldn't waste time...,,
ID00023,00002597,51,　って…、自分を磨かなきゃって…、,and need to improve ourselves...,,
ID00023,000025d9,33,　そんな気がするんだ」,That's what I feel.,,
ID00023,0000278d,18,「ふうん…」,Hmm...,,
ID00023,00002932,30,「ちょっと待ってて」,Just a sec.,,
ID00023,00003184,33,「動画への熱意向上と、,"Factor in your video zeal,",,
ID00023,000031b4,54,　８ｍｍでのスキルアップを加味して、,Recalculate with new skills.,,
ID00023,000031f9,27,　未来を再計算…」,What's your future now...?,,
ID00023,00003370,30,「にい君の将来は…」,Your NEET rate fell.,,
ID00023,00003d8f,57,「よかったね、ニート率が４４．７％から,38.1%. That's pretty good!,,
ID00023,00003dd7,39,　３８．１％に下がったよ」,It didn't drop much at all!,,
ID00023,00003f8d,57,「大して下がってねぇよ！　まだ高ぇ！」,It's still way too high!,,
ID00023,00004159,48,「その代わり、盗撮で捕まる確率は,The risk of being caught...,,
ID00023,00004198,54,　１９．３％から２４．６％にアップ」,went up from 19.3% to 24.6%.,,
ID00023,00004472,39,「なんで上がるんだよ！？」,Why did it go up!?,,
ID00023,000044c7,45,「女の子ばっかり録ってるから。,It's because I film girls all the time.,,
ID00023,00004503,60,　多少風景を録ったところで、焼け石に水」,Recording more is pointless.,,
ID00023,00004851,18,「うぐぐ…」,then.,,
ID00023,000049f6,54,「けど、プロになる確率が１．８％から,But the odds of becoming pro went up from 1.8%,,
ID00023,00004a3b,30,　５％に上がったよ」,to 5%.,,
ID00023,00004a87,30,「まだまだ低いなぁ」,"Still pretty low, though.",,
ID00023,00004c38,57,「可能性が増えたんだからいいじゃない。,"That's good, your chances just went up.",,
ID00023,00004c80,57,　まだまだ無限だよ、にい君の可能性は」,"Your potential is still limitless, Bro-kun.",,
ID00023,00004e22,48,「…そうだな。お前の可能性もな」,"...Yeah, yours too, Miu-chin.",,
ID00023,00004fe5,36,「ありがと。…そうだね」,Thanks... You're right.,,
ID00024,000019a3,18,（盗撮…か）,(Peeping...?),,
ID00024,000019e3,45,（ったく、この間、真奈のヤツが,"(Man, the other day, Mana said that...",,
ID00024,00001a1f,60,　盗撮で捕まる確率がアップだの言うから、,getting caught would go up if you...,,
ID00024,00001a6a,33,　気になるじゃないか）,didn't it make me worry more?,,
ID00024,00001ab9,51,（盗撮って…どんな気持ち…なんだ？,(What's it like to be peeping...?,,
ID00024,00001afb,60,　カメラを全く意識していない女子の仕草…,a girl unaware of being filmed...,,
ID00024,00001b46,30,　振る舞い…表情…）,behavior...expression...,,
ID00024,00001e0e,54,「はっ、いつの間にか体育倉庫に！？」,"""Wh-what am I doing in the gym storage?!""",,
ID00024,00001e72,54,（扉からちょっと体育館を覗くぐらい…,Just peeking into the gym from the door...,,
ID00024,00001eb7,63,　いいよな？　気分だけでも盗撮の感じを…）,"It's fine, right? Just the feeling...",,
ID00024,00002262,63,（こ、これは……誰もいなくても、興奮する。,C-This is...I'm excited.,,
ID00024,000022b0,33,　なんという…背徳感）,What a...sense of guilt.,,
ID00024,000022ff,48,（誰か…来ないかな……ゴクリ…）,I wonder if someone will come... *gulp*,,
ID00024,00002567,18,「にい君…」,"Hey, big bro...",,
ID00024,00002613,30,「うわああああっ！」,Ahhhhh!,,
ID00024,0000326d,45,「ま、真奈、なんでここに！？」,"M-Mana, why are you here!?",,
ID00024,0000342d,57,「にい君が体育館に入ってくのが見えた。,I saw you enter the gym.,,
ID00024,00003475,30,　なのでついてきた」,So I followed you.,,
ID00024,000034c1,21,「そ、そっか」,R-Really?,,
ID00024,00003504,60,「まさか、体育倉庫に潜んでのぞきとは…」,I didn't think you'd spy there...,,
ID00024,0000369e,63,「ち、違っ！　ちょっと扉越しに見ただけ…」,N-no! I just peeked through the door a bit...,,
ID00024,0000378f,33,「それをのぞきという」,That's called peeping.,,
ID00024,000037de,15,「うう…」,Ugh...,,
ID00024,00003980,45,「気づいたのが私でよかったよ。,I'm glad it was me who noticed.,,
ID00024,000039bc,57,　他の生徒だったら、職員室行きだよ？」,They'd've been sent to the office.,,
ID00024,00003c99,45,「録ってない！　見ただけだ！」,Not recorded! I just looked!,,
ID00024,00003e59,42,「録ってたら、のぞきが盗撮に,"If it was recorded, peeping would be",,
ID00024,00003e92,33,　逆格上げになるだけ」,upgraded to a full-on photo shoot,,
ID00024,00003ee1,18,「うぐぐ…」,then.,,
ID00024,00003fa6,60,「未来予測プログラムにかけるまでもなく、,"Without even using it,",,
ID00024,00003ff1,54,　盗撮で捕まる確率が５０％にアップ」,Getting caught is up 50%,,
ID00024,000040b2,36,「魔が差したんだあぁ！」,I got possessed by evil!,,
ID00024,00004269,48,「光と闇のバランスが崩れたと？」,The balance between light and dark is off?,,
ID00024,000042c7,51,「そう！　そうなんだ！　悪魔の俺が,"That's right! That's exactly it! As the devil, I",,
ID00024,00004309,45,　一瞬だけ理性を越えたんだ！」,I momentarily lost my senses!,,
ID00024,000044c9,36,「動画には魔が潜むもの。,A demon lurks in videos.,,
ID00024,000044fc,42,　ちゃんと分別つけなきゃね」,"We need to keep our heads clear, huh?",,
ID00024,0000468f,33,「そうだな…猛省だ…」,Right... I must reflect...,,
ID00024,000049b9,45,「じゃあ、誰にも言わないから、,"Alright, if you don't tell anyone,",,
ID00024,000049f5,42,　１つ私の言うこと聞いてよ」,listen to me for once.,,
ID00024,00004a4d,30,「お、脅す気か！？」,You're trying to scare me!?,,
ID00024,00004bd6,63,「いい機会だから、試したいことがあるだけ」,Just want to try this.,,
ID00024,00004db5,27,「な…なんだよ？」,What... what is it?,,
ID00024,00004f9a,33,「…私を…抱きしめて」,Hug me...,,
ID00024,000051cc,21,「ハァア！？」,Haa!?,,
ID00024,00005374,51,「ブラッドムーンを一緒に見て以来、,"Ever since we saw the Blood Moon together,",,
ID00024,000053b6,51,　にい君を見てると…ドキドキする」,I feel my heart race when I look at you.,,
ID00024,00005618,60,「かけがえのない人だという想いが…募る」,My feelings for you grow stronger every day.,,
ID00024,00005851,27,「これって…恋？」,Is this... love?,,
ID00024,000058e5,33,「俺とお前は兄妹だ！」,We're siblings!,,
ID00024,00005a99,39,「妹でいいから……抱いて」,Just hug me...,,
ID00024,00005c8a,48,「紛らわしいこと言うなあぁっ！」,Don't say such confusing things!!,,
ID00024,00006060,63,「ギュッてしてくれれば、きっと治まるから。,"If you just hug me, it'll calm down.",,
ID00024,000060ae,15,　ね…？」,R...right?,,
ID00024,00006260,36,「ったく、なんで妹を…」,"Geez, why am I the sister...",,
ID00024,0000663c,12,「ん…」,Hmm...,,
ID00024,0000670a,30,「はうぅ…にい君…」,Aaahh... big bro...,,
ID00024,00006756,30,「ドキドキ…する…」,My heart's racing...,,
ID00024,000067f0,30,「キス…していいよ」,You can kiss me...,,
ID00024,0000711a,27,「するかああっ！」,No way!,,
ID00024,000071e7,36,「ドキドキしてたくせに」,You're the one all worked up.,,
ID00024,00007239,30,「そりゃするだろ！」,"You'd do it, wouldn't you!",,
ID00024,000073ea,48,「妹にドキドキとか、背徳だねー」,"It's kinda incestuous, huh?",,
ID00024,00007494,45,「やらせたお前が言うなあっ！」,Don't say that!,,
ID00024,000074ef,18,「エヘヘ…」,Hehe...,,
ID00024,000078a6,12,「あ…」,...,,
ID00024,000078e0,45,「えっ…なんで泣いてんだよ？」,What...? Why are you crying?,,
ID00024,000079ca,21,「わからない」,I don't know.,,
ID00024,00007a0d,45,「ううん…わかる気がするけど、,"No... I feel like I understand, but,",,
ID00024,00007a49,33,　わからない気もする」,I feel like I don't know either.,,
ID00024,00007cff,24,「どっちだよ？」,Which one is it?,,
ID00024,00007d95,30,「あはは、曖昧だね」,"Haha, you're being vague.",,
ID00024,00007f6c,36,「…ありがとね、にい君。,"...Thanks, Bro-kun.",,
ID00024,00007f9f,33,　これではっきりした」,Now I understand clearly.,,
ID00024,0000828e,57,「真奈は……にい君のこと…大好きだよ」,Mina loves... Bro-kun... a lot!,,
ID00024,00008430,54,「妹として！　妹としてってつけろ！」,As my sister! Don't say 'as my sister'!,,
ID00024,00008494,39,「じゃあ、そういうことで」,Alright then.,,
ID00024,000085c4,45,「じゃあってなんだああぁぁぁ」,What do you mean by 'alright'?!,,
ID00024,000089e7,18,「ったく…」,...Man...,,
ID00024,000090ad,24,「あ、そうそう」,"Oh, right.",,
ID00024,000090f3,63,「うおっ！？　ま、まだなんかあるのか！？」,Whoa!? There's still more stuff to do!?,,
ID00024,000092c5,51,「学園祭ってＥ動画部は何やるの？」,What does E-Drama do?,,
ID00024,00009326,54,「動画展だよ。俺も展示するつもりだ」,We're having a video showcase.,,
ID00024,000094ef,45,「そっか。じゃあ、見に行くね」,Got it. So I'll come check it out then.,,
ID00024,000096c9,57,「ああ、この夏の集大成を展示するから、,"Yeah, showing our summer work.",,
ID00024,00009711,27,　楽しみにしてろ」,Looking forward to it.,,
ID00024,00009902,48,「うん、そうする。がんばってね」,"Yeah, I will. Good luck!",,
ID00024,00009a9b,12,「ああ」,Yeah.,,
ID00026,00003ac4,45,（真奈だ！　一緒にプールだ！）,(It's Mana! Let's go to the pool together!),,
ID00026,00003f9f,48,（パソコンばっかいじってるから、,'Cause you've been on your computer.,,
ID00026,00003fde,42,　平行世界だのなんだの妄想に,"Getting sucked into fantasies,",,
ID00026,00004017,30,　取り憑かれるんだ）,or whatever.),,
ID00026,00004063,54,（夏らしく、開放的な１日を過ごして、,(Need a laid-back summer day.),,
ID00026,000040a8,36,　気分転換させないとな）,I gotta change my mood.,,
ID00026,000047d1,51,「あ、来た来た。にい君、こっちー」,"'Hey, here I am. Bro-kun, over here.'",,
ID00026,00004966,33,「悪い、待たせたか？」,'Sorry for keeping you waiting.',,
ID00026,00004a94,27,「ううん、大丈夫」,"Nope, it's fine.",,
ID00026,00004c83,30,「ちょっと待つのも、,Waiting a bit actually helps,,
ID00026,00004cb0,48,　デート気分の盛り上げに好都合」,build up the mood for our date.,,
ID00026,00004e49,45,「はぁ…デート、デートって……,Haa... Date... date...,,
ID00026,00004e85,30,　俺たちは兄妹だ！」,We're siblings!,,
ID00026,00004f7e,30,「背徳な関係だねぇ」,"Incestuous relationship, huh?",,
ID00026,00004fca,21,「健全だッ！」,It's healthy!,,
ID00026,0000505d,36,「あははー、全否定だー」,"Heheh, total denial.",,
ID00026,000050d5,24,「当たり前だ！」,Of course I am!,,
ID00026,0000511b,48,「けど、普通、高校と中学の兄妹が,"But, normally, don't siblings",,
ID00026,0000515a,36,　２人でプールへ行く？」,go to the pool together?,,
ID00026,00005587,33,「仲がいいだけだッ！」,We're just close!,,
ID00026,000055d6,48,「あはは、そうだね。仲いいよね」,"Hehe, you're right. We are close.",,
ID00026,000059b1,60,「じゃあ、行こ。楽しみにしてたんだから」,Then let's go. I've been looking forward to it.,,
ID00026,00005b56,12,「おう」,Sure thing.,,
ID00026,00006666,33,「それじゃ、着替えて、,Change into your swimsuit and,,
ID00026,00006696,45,　プールサイドで待ち合わせな」,meet me by the poolside.,,
ID00026,000066f1,24,「ん、わかった」,Okay.,,
ID00026,00006a1a,57,「私の水着姿に、ドキドキするといいよ」,Get excited if you want.,,
ID00026,00006bb1,36,「兄妹でそれはないっ！」,We're siblings! That's not allowed!,,
ID00026,00006c88,18,「どうだか」,Whatever.,,
ID00026,000070d0,63,（ったく…まだ俺を好きにさせるとかってのを,(Man... still?...,,
ID00026,0000711e,42,　やってるな。妹の水着姿で、,Still working me up?,,
ID00026,00007157,39,　ドキドキするかっつーの）,Trying to make me excited or what?,,
ID00026,00007ca9,36,（…遅いな、真奈のヤツ。,"...You're late, Mahiro.",,
ID00026,00007cdc,42,　着替えに時間かかってんな）,You take forever changing clothes.,,
ID00026,00007d34,36,（どんな水着で来る気だ？,What swimsuit?,,
ID00026,00007d67,39,　ワンピース？　ビキニ？）,A one-piece? A bikini?,,
ID00026,00007dbc,51,（いやいや、妹の水着姿を想像してる,Nope! Just picturing my sis!,,
ID00026,00007dfe,51,　場合じゃないだろ！　落ち着け！）,Calm down!,,
ID00026,00007e9a,51,（ったく、デート、デート言うから、,"Damn it, 'date' you said,",,
ID00026,00007edc,39,　意識しちまうじゃねーか）,now I can't stop thinking about it.,,
ID00026,000085b1,33,「にい君、お待たせ～」,"Hey bro, sorry for the wait~",,
ID00026,000088a0,30,「おっ！　来たな！」,Hey! You're here!,,
ID00026,00008970,63,「へ～っ、ビキニか。似合ってるじゃないか」,"Heh~, a bikini, huh? It suits you.",,
ID00026,00008b42,60,「布が少ない方が、にい君が喜ぶかなって」,I figured you might prefer less fabric.,,
ID00026,00008c70,54,「俺相手に、そんなこと意識すんな！」,Don't even think about stuff like that when it's me!,,
ID00026,00008e39,30,「うれしくないの？」,You're not happy?,,
ID00026,00008e85,51,「兄妹でうれしいもなにもないッ！」,There's nothing to be happy about between siblings!,,
ID00026,00009014,63,「むむ…キュートなビキニすら無効化とは…。,Hmm... Even cute bikinis don't work on you...,,
ID00026,00009062,48,　やはり盛っておくべきだったか」,Maybe I should've exaggerated a bit more.,,
ID00026,000092ba,15,「もる？」,Turned you on?,,
ID00026,000092f7,39,「にい君の好みのサイズが、,"I didn't know your preferred size,",,
ID00026,0000932d,60,　わからなかったからね。パット入れたり、,"So I put in some padding,",,
ID00026,00009378,27,　外したりしてた」,and took it out too.,,
ID00026,000097c8,54,「それで着替えるのが遅かったのかっ。,So that's why you were slow changing clothes?,,
ID00026,0000980d,51,　兄相手にそんなこと意識すんな！」,Don't worry about that with your brother!,,
ID00026,000099f0,51,「少しでもきれいに見せたいという、,"I just wanted to look a little prettier for you,",,
ID00026,00009a32,30,　妹心なんだけどね」,that's all.,,
ID00026,00009cd9,24,「む……そっか。,Mm... I see.,,
ID00026,00009d00,48,　お前は、盛る必要なんてねーよ。,"You don't need to put on a show, ya know.",,
ID00026,00009d3f,54,　そのままが、お前らしくて一番いい」,Just being yourself is the best thing for you.,,
ID00026,00009da3,63,「ふむふむ、よかった。盛らなくて正解だね」,"Hmm hmm, good. You were right not to exaggerate.",,
ID00026,0000a054,36,「にい君は貧乳好き、と」,"So you like small tits, huh?",,
ID00026,0000a350,39,「なんでそうなるんだッ！」,Why would it be that way!?,,
ID00026,0000a3a5,42,「まぁまぁ、恥ずかしがらずに,Calm down.,,
ID00026,0000a3de,30,　さっそく録ってよ。,Let's record it already.,,
ID00026,0000a40b,45,　一緒にプールへ来た記念だね」,A memento of us together.,,
ID00026,0000a8ef,33,「お、おう、そうだな」,"Y-Yeah, you're right.",,
ID00026,0000acfb,39,「水着で悩殺ヴァージョン」,"In a bikini, the seductive version.",,
ID00026,0000b7a4,39,「どう？　ドキドキした？」,How was it? Did your heart race?,,
ID00026,0000b7f9,30,「するほどねーだろ」,It didn't affect you.,,
ID00026,0000b845,54,「ぐぬ……巨乳の方がいいってこと？」,Guh... Does that mean big boobs are better?,,
ID00026,0000bb65,63,「はぁ…そもそも妹にドキドキとかねーから。,I don't get excited by her.,,
ID00026,0000bbb3,39,　ほら、とりあえず泳ぐぞ。,"See, let's just start swimming.",,
ID00026,0000bbe9,48,　浮き輪借りてきてるから使えよ」,"I got you a float, so use it.",,
ID00026,0000bc47,48,「あ…ありがと。さすが妹のことを,"Thanks, you know me well,",,
ID00026,0000bc86,30,　よくわかってるね」,You really get me.,,
ID00026,0000c13e,27,「これぐらいはな」,It's nothing.,,
ID00026,0000c2ec,54,「じゃあ、小手調べに子供用プールへ」,Then let's start with the kiddie pool.,,
ID00026,0000c80c,51,「ここじゃ、太股までしか水ないし、,"The water only reaches your thighs here, so",,
ID00026,0000c84e,39,　浮き輪の意味ないだろ？」,"the float is pointless, right?",,
ID00026,0000c8a3,24,「安心感が違う」,Feels different.,,
ID00026,0000c8e9,24,「それもそうか」,That's true.,,
ID00026,0000c92f,27,「ムッ、隙あり！」,"Grr, opening!",,
ID00026,0000c978,33,「それっ！　それっ！」,There! There!,,
ID00026,0000ca35,51,「おっ！？　やったな、お返しだ！」,"Oh!? Gotcha, payback time!",,
ID00026,0000cb04,18,「はうぁ！」,Haaah!,,
ID00026,0000cb44,51,「ぐぬぬ…手のひらのサイズが違う。,Grrr... our hand sizes are different.,,
ID00026,0000cb86,42,　攻撃力で遅れを取るとは…」,To be outmatched in attack power...,,
ID00026,0000cbde,24,「おらおらっ！」,Hey hey!,,
ID00026,0000cc85,21,「ひゃあぁ！」,Eek!,,
ID00026,0000ccc8,33,「むむ…かくなる上は、,"Hmm... if that's the case,",,
ID00026,0000ccf8,39,　倍の速度で攻撃するのみ」,Double the speed of your attacks!,,
ID00026,0000cd4d,69,「爆裂水車攻撃！　それそれそれそれそれそれ！」,Explosive water wheel attack! That's it!,,
ID00026,0000cea0,33,「うおっ！　やるな！」,Woah! Nice one!,,
ID00026,0000ceef,45,「戦場における１発の火力差が、,The power of a single shot...,,
ID00026,0000cf2b,42,　絶対的な優位ではないことを,not an absolute advantage.,,
ID00026,0000cf64,30,　思い知るがいい！」,You'll learn that soon enough!,,
ID00026,0000cfb0,30,「負けるかあぁあ！」,I won't lose to youuuu!,,
ID00026,0000d119,60,…こうして、子供用プールに相応しい遊びで,"And so, with a game appropriate for a kiddie pool...",,
ID00026,0000d164,21,盛り上がった。,It got lively.,,
ID00026,0000d1a7,12,そして…,And then...,,
ID00026,0000d8cc,30,「ふ～、休憩、休憩」,"Phew, time out, time out",,
ID00026,0000d918,39,「久しぶりにはしゃいだよ」,I haven't had this much fun in a while,,
ID00026,0000d9ba,33,「気分転換になった？」,You feel refreshed?,,
ID00026,0000da09,57,「俺のことはいーんだ！　俺のことは！」,It's fine! It's all good!,,
ID00026,0000da89,54,「あははー、私もリフレッシュしたよ」,"Ahhaha, I feel refreshed too",,
ID00026,0000db13,15,「ったく」,Ugh.,,
ID00026,0000dc55,39,「気持ちいーねー、にい君」,"Feels good, doesn't it, bro?",,
ID00026,0000dcaa,18,「そうだな」,You're right.,,
ID00026,0000dd1e,45,「流れに身を任せて、ゆらゆらと,Letting yourself go with the flow...,,
ID00026,0000dd5a,27,　気の向くまま…」,Going where you wish...,,
ID00026,0000df2c,39,「穏やかに時が流れるよ…」,Time flows peacefully here...,,
ID00026,0000df81,27,「浮き輪様々だな」,So many floaties!,,
ID00026,0000e017,51,「ん…浮き輪は、私と水の間を隔てる,Hmm... It separates us.,,
ID00026,0000e059,63,　絶対的な境界。我が身を守る空気の壁だね」,A protective wall of air around my body.,,
ID00026,0000e487,33,「俺がいくら教えても、,"No matter how much I teach you,",,
ID00026,0000e4b7,54,　泳げるようにならなかったからなぁ」,You never learned how to swim.,,
ID00026,0000e649,54,「バンダナを外せば、泳ぐまでもなく、,"Take off the bandana and even without swimming,",,
ID00026,0000e68e,60,　水の精霊が私を運んでくれるんだけどね」,The water spirits will carry me along.,,
ID00026,0000e7ad,30,「ははは、言ってろ」,"Haha, go on then.",,
ID00026,0000e874,42,「いいねー、流れるプールは。,"Nice, huh? The flow pool is great.",,
ID00026,0000e8ad,54,　こうしているだけで、何周も出来て」,Just being here lets you swim laps all day long.,,
ID00026,0000e911,24,「飽きないか？」,Don't get bored?,,
ID00026,0000e9a5,42,「ちっとも。一見、同じ流れに,Not at all. Just looks the same.,,
ID00026,0000e9de,54,　乗っているようで、毎周違うところを,Feels different each week.,,
ID00026,0000ea23,27,　流れてるからね」,That's why.,,
ID00026,0000ed2f,27,「カオス理論だよ。,It's chaos theory.,,
ID00026,0000ed59,42,　予測できない未来を感じる」,You feel a future you can't predict.,,
ID00026,0000ef68,60,「はいはい、グルグル回ってるだけだけど、,"Yeah yeah, it's just going round and round, but...",,
ID00026,0000efb3,54,　お前にとっては違うってことだな？」,"For you, that means it's different?",,
ID00026,0000f065,24,「そういうこと」,That's it.,,
ID00026,0000f0ab,45,「飽きたら言えよ、違うプールへ,Say if you're bored.,,
ID00026,0000f0e7,45,　連れてってやるから。子供用の,A kiddie one.,,
ID00026,0000f123,54,　ウオータースライダーがあるんだよ」,There's a water slide there.,,
ID00026,0000f329,24,「ん、ありがと」,Thanks.,,
ID00026,0000f636,12,「あ…」,...,,
ID00026,0000f670,21,「どうした？」,What's up?,,
ID00026,0000f6ed,48,「回るのに飽きたら…違うプール。,When you get sick of spinning... another pool.,,
ID00026,0000f72c,36,　つまり、違う次元……」,Another dimension...,,
ID00026,0000faf3,57,「そっか…同じところを回っているように,"Oh, I get it...",,
ID00026,0000fb3b,60,　見えて…実は…そうじゃなかったんだ…」,but actually... that wasn't the case...,,
ID00026,0001003d,48,「徐々に…核心に…近づいてた？」,Just slowly getting closer to the core?,,
ID00026,000101a3,54,「だとしたら、流れに逆らうのは愚挙。,"If so, fighting against the flow would be pointless.",,
ID00026,000101e8,42,　むしろ身を任せた方がいい」,Better to go with the flow.,,
ID00026,0001066d,45,「ブラックホールの目のように、,"Like a black hole's eye,",,
ID00026,000106a9,36,　流れの先に真実がある」,The truth lies at the end of it all.,,
ID00026,00010964,51,「メビウスの輪じゃ…なかったんだ」,It wasn't a Möbius strip...,,
ID00026,00010cb7,45,「ぶつぶつなに言ってんだよ？」,What are you babbling about?,,
ID00026,00010d12,30,「にい君…わかった」,"You got it, Bro-kun.",,
ID00026,00011075,57,「ありがと、プールへ連れてきてくれて」,Thanks for bringing me to the pool.,,
ID00026,0001185f,15,「んっ！」,Mm!,,
ID00026,000118af,48,「うわっ！　なにやってんだ！？」,Whoa! What are you doing!?,,
ID00026,0001195b,42,（泳げないくせに潜るなんて！,(Can't swim and you're diving in!?,,
ID00026,00011994,33,　どこだ……真奈……）,Where... Mahana...,,
ID00026,0001212d,15,（いた！）,There she is!,,
ID00026,000128f1,18,「プハァ！」,Puff!,,
ID00026,00012931,48,「バカか！　なにやってんだ！？」,Are you stupid?! What the hell are you doing!?,,
ID00026,0001298f,39,「ハァ…ハァ…にい君なら…,"Haa... Haa... If it's you, Bro-kun...",,
ID00026,000129c5,30,　助けてくれるから」,You'll save me.,,
ID00026,00012a11,60,「絶対的な境界がなくても…助けてくれる」,Even without an absolute boundary... you'll save me,,
ID00026,00012a7b,24,「頼りすぎだぞ！,You're relying too much!,,
ID00026,00012aa2,48,　ほら！　浮き輪にしがみつけ！」,See! Grab onto the float!,,
ID00026,00012b00,12,「ん…」,Hmm...,,
ID00026,00013362,21,「ありがと…」,Thanks...,,
ID00026,000134d3,57,「にい君がいれば、境界の外へ出られる」,"If Bro-kun's here, I can go outside the boundary",,
ID00026,00013588,48,「あの流れに…挑むことが出来る」,I can take on that current...,,
ID00026,00013755,57,「また浮かんでこなかったら…助けてね」,If I don't resurface again... please save me,,
ID00026,00013954,51,「あぁ？　ウォータースライダーか？,Oh? Water slide?,,
ID00026,00013996,30,　もうやんねーよ！」,No way!,,
ID00026,00013b10,30,「そうじゃなくて…」,It's not like that...,,
ID00026,00013baa,30,「万一の時の話だよ」,In case of emergency.,,
ID00026,0001531b,39,「楽しかったねー、にい君」,"That was fun, Bro-kun.",,
ID00026,000153ff,63,「お前が危ない真似したから、楽しさ半減だ」,You made it half as enjoyable by being reckless.,,
ID00026,0001546c,51,「おやおや、まだ尾を引いてるとは、,"Oh my, you're still affected, huh?",,
ID00026,000154ae,36,　立ち直りが遅いことで」,It seems like you recover slowly.,,
ID00026,000158db,54,「お前なぁ、俺がどんだけ焦ったか…」,Do you know how worried I was...,,
ID00026,00015aa4,42,「まぁまぁ、反省してるって」,"Calm down, you're reflecting now.",,
ID00026,00015c37,51,「全面的に兄を信頼する妹ってのも、,Fully trusting your brother is also,,
ID00026,00015c79,27,　困りもんだよね」,frustrating.,,
ID00026,00015fc2,51,「そう思うんなら、心配かけんなよ」,"If you think that, don't worry about it.",,
ID00026,00016023,51,「んー、にい君は焦っただろうけど、,"Hmm, even if you panicked, I...",,
ID00026,00016065,54,　私はロマンチックな気分になったよ」,I got all romantic and stuff.,,
ID00026,00016878,60,「にい君は…やっぱり私の騎士だなって…」,...really felt like you were my knight...,,
ID00026,00016974,15,「はぁ…」,...,,
ID00026,000169b1,57,「ほら、機嫌直して、星を見に行こうよ。,"Come on, cheer up and let's go stargazing.",,
ID00026,000169f9,57,　今から戻れば、ちょうどいいころだよ」,We'll get back just in time.,,
ID00026,00017e06,54,「よしよし、誰もいない、誰もいない」,"There there, no one's here, no one's here.",,
ID00026,000180f0,54,「なんで星を見るのに、わざわざ学校へ,Why do we have to sneak into school,,
ID00026,00018135,51,　忍び込まなきゃならないんだよ？」,to look at the stars?,,
ID00026,00018196,51,「あれ？　やっぱり、あの夜のこと、,"Huh? Wait, don't you remember that night,",,
ID00026,000181d8,24,　覚えてない？」,Remember it?,,
ID00026,000186ee,18,「あの夜？」,That night?,,
ID00026,000189f8,57,「小さいころ、一緒にここに忍び込んで、,"When we snuck in here together when we were little,",,
ID00026,00018a40,33,　月を見た夜のこと…」,and looked at the moon...,,
ID00026,00018d2b,48,「あ…ああ、そんなことあったな」,"Ah... yeah, that happened.",,
ID00026,00018eee,57,「それは覚えてるんだ。けど、その夜…」,"I remember that, but about that night...",,
ID00026,00019017,60,「私がいつか…『魔法を司る者』になるって,About me using magic someday?,,
ID00026,00019062,63,　教えてくれたのは、覚えてないんだよね？」,Do I not remember you telling me that?,,
ID00026,00019257,24,「覚えてない…」,I don't remember...,,
ID00026,00019456,54,「ハッキングされた時も聞いてたよな？,Didn't you?,,
ID00026,0001949b,51,　悪いな、忘れて。…お前にとって、,It's important.,,
ID00026,000194dd,39,　大切なことみたいなのに」,It's a big deal to you or something.,,
ID00026,00019611,24,「ううん…いい」,No... it's fine.,,
ID00026,000197fd,60,「きっと、忘れてる理由があると思うから」,I think there's a reason you forgot.,,
ID00026,000199cc,51,「今の私や、にい君ではわからない、,We don't get it.,,
ID00026,00019a0e,24,　高位な理由が」,Higher reasons.,,
ID00026,00019bb9,60,「だから…時が来れば、思い出すと思うよ」,"So... when the time comes, I'm sure you'll remember.",,
ID00026,00019e0b,48,「私に…勇気をくれた夜のこと…」,The night you gave me courage...,,
ID00026,00019eab,30,「私が……にい君を…,I... I gave you...,,
ID00026,00019ed8,48,　大好きになった夜のことを……」,The night we fell in love...,,
ID00026,00019feb,15,「真奈…」,Mina...,,
ID00026,0001a028,30,「訳わかんねーけど、,"I don't get it but,",,
ID00026,0001a055,48,　早くその時が来ることを願うよ」,I hope that time comes soon.,,
ID00026,0001a25b,36,「うん、一緒に星に願お」,"Yeah, let's make a wish.",,
ID00026,0001a751,36,「うわー、きれいだねー。,"Wow, it's so beautiful.",,
ID00026,0001a784,54,　遠い過去から届く、無限の輝きだよ」,An endless light from the past.,,
ID00026,0001a7e8,21,「そうだな…」,Yeah...,,
ID00026,0001a875,42,こうして、一緒に星を眺めた。,And so we gazed at the stars together.,,
ID00027,00001679,30,「にい君…おはよ…」,"Hey, Bro-kun...",,
ID00027,000016c5,27,「ああっ、真奈！」,Ah! Mina!,,
ID00027,0000197e,45,「昨日…どうして来なかったの？,Why didn't you come yesterday?,,
ID00027,000019ba,36,　ずっと待ってたのに…」,I waited for you the whole time...,,
ID00027,00001cb4,39,「そ、それは…どうしても…,T-that's... I can't avoid it...,,
ID00027,00001cea,39,　外せない用事が出来て…」,I have to do something.,,
ID00027,00001e6d,18,「ふうん…」,Hmm...,,
ID00027,00001ff4,42,「どんな用事か知らないけど、,"I don't know what it is, but",,
ID00027,0000202d,51,　大事な妹より、優先されること？」,Is anything more important?,,
ID00027,000021e2,63,「悪い！　部活でちょっとトラブルがあって、,"Sorry! There was a little trouble with the club, and",,
ID00027,00002230,30,　どうしてもそっちへ,No way I can avoid it.,,
ID00027,0000225d,48,　行かなきゃならなかったんだ！」,I couldn't help it!,,
ID00027,00002456,48,「え…トラブル？　そうだったの？,Huh... Trouble? Really?,,
ID00027,00002495,39,　Ｃムービー部でなにが？」,What happened in C-Movie Club?,,
ID00027,000028ef,48,「え…トラブル？　そうだったの？,Huh... Trouble? Really?,,
ID00027,0000292e,33,　Ｅ動画部でなにが？」,What happened in E-Video Club?,,
ID00027,00002c3b,54,「それは…ちょっと言えないんだけど、,"That's... I can't really say, but",,
ID00027,00002c80,30,　ゴタゴタしてな…。,it got pretty messy...,,
ID00027,00002cad,42,　電話も出来なかったんだよ」,I couldn't even call anyone.,,
ID00027,00002e4c,39,「そっか…そうだったんだ」,Oh... I see.,,
ID00027,00003123,57,「じゃあ、仕方ないね。許してあげるよ」,"Well, there's no help for it. I'll forgive you.",,
ID00027,000032c5,39,「ごめんな。また誘うから」,"Sorry, I'll ask you again.",,
ID00027,000034b5,27,「うん、そうして。,"Yeah, do that.",,
ID00027,000034df,51,　プール、楽しみにしてたんだから」,I was looking forward to the pool.,,
ID00027,00003945,27,「うん、そうして。,"Yeah, do that.",,
ID00027,0000396f,51,　遊園地、楽しみにしてたんだから」,I was looking forward to the amusement park.,,
ID00027,00003c8e,30,「ああ、もちろんな」,Of course I will.,,
ID00027,00003e21,24,「それじゃあね」,See ya.,,
ID00027,0000415a,45,（ヤバかった…。なんとかウソで,That was close...,,
ID00027,00004196,42,　切り抜けたけど、こんなこと,"I got away with a lie, but still.",,
ID00027,000041cf,27,　もう出来ないぞ）,You can't do that anymore.,,
ID00027,00004218,63,（もう一度、あいつの好感度を最大限上げて、,"(Need to boost his view of me max one more time,)",,
ID00027,00004266,57,　レコセッションが終わった後に誘おう。,Let's invite her after the recital.,,
ID00027,000042ae,21,　それがいい）,That sounds good.,,
ID00028,00001749,30,「にい君…来たね…」,"Hey, big bro... You came...",,
ID00028,00001795,27,「ああっ、真奈！」,Ah! Mina!,,
ID00028,00001a67,42,「また…すっぽかすなんて…、,Can't bail on me again...,,
ID00028,00001aa0,36,　一体どういうつもり？」,What's your deal?,,
ID00028,00001d9d,24,「そ、それは…」,S-sorry about that...,,
ID00028,00001f2a,45,「妹との約束は、いくら破っても,Is breaking her promises fine?,,
ID00028,00001f66,24,　いいとでも？」,What are you saying?,,
ID00028,000020e7,60,「そ、そうじゃない、そうじゃないって！」,N-No! That's not what I mean!,,
ID00028,00002151,48,「その…詳しく言えないんだけど、,"Well... I can't really go into details, but",,
ID00028,00002190,60,　動画がらみで深刻なトラブルがあって…」,There's been a serious problem with some videos...,,
ID00028,0000237c,15,「また？」,Again?,,
ID00028,000023b9,21,「あ、ああ…」,"Oh, yeah...",,
ID00028,000025ad,36,「深刻？　まさか盗さ…」,Serious? You don't mean stolen...,,
ID00028,00002753,36,「そ、そうじゃねぇって！,"N-No, that's not it!",,
ID00028,00002786,39,　けど…深刻だったんだ…」,But...it was serious...,,
ID00028,00002922,18,「ふうん…」,Hmm...,,
ID00028,00002991,60,「お前に電話しなきゃって思ったんだけど、,"I thought I should call you, but",,
ID00028,000029dc,45,　ドタバタして…出来なくて…」,I ended up being too busy to do so...,,
ID00028,00002a37,36,「ごめん！　許してくれ！,Sorry! Forgive me!,,
ID00028,00002a6a,63,　今度こそもう絶対にすっぽかさないから！」,I promise I won't bail on you this time!,,
ID00028,00002d6d,24,「ホントにー？」,Really?,,
ID00028,00002db3,39,「本当だ！　信じてくれ！」,"Yes, really! Believe me!",,
ID00028,00002eaa,57,「…はぁ、もういいよ。怒る気、失せた」,"...Whatever, I'm not mad anymore.",,
ID00028,000031b4,21,「ごめんな…」,I'm sorry...,,
ID00028,00003392,27,「いつになったら、,When are you gonna,,
ID00028,000033bc,54,　私をプールへ連れてってくれるの？」,take me to the pool?,,
ID00028,000036d1,27,「いつになったら、,When are you gonna,,
ID00028,000036fb,54,　私を遊園地へ連れてってくれるの？」,When are you gonna take me to the amusement park?,,
ID00028,000038c9,42,「すぐだ！　すぐに誘うよ！」,Soon! I'll ask you right away!,,
ID00028,00003a68,42,「…約束だよ。それじゃあね」,...I promise. See ya,,
ID00028,00003f07,45,（ヤバい…ヤバすぎるだろ、俺。,Shit... This is way too much for me.,,
ID00028,00003f43,48,　なんとかウソで切り抜けたけど、,"I managed to get out of it with a lie, but",,
ID00028,00003f82,45,　こんなこと何度も出来ないぞ）,I can't keep doing this over and over again.,,
ID00028,00003fdd,63,（もう一度、あいつの好感度を最大限上げて、,"(Need to boost his view of me max one more time,)",,
ID00028,0000402b,57,　レコセッションが終わった後に誘おう。,Let's invite her after the recital.,,
ID00028,00004073,21,　それがいい）,That sounds good.,,
ID00030,00002fdb,45,（真奈だ！　一緒に遊園地だ！）,It's Mana! Let's go!,,
ID00030,00003036,30,「ふぁ～～っ、眠い」,"Ughhh, I'm so sleepy",,
ID00030,00003082,57,（いろいろあったし、疲れてるんだよな。,So you're tired because of everything that happened.,,
ID00030,000030ca,60,　待ち合わせの時間まで、まだまだあるし、,"There's still plenty of time before we meet up,",,
ID00030,00003115,33,　もうちょっと寝るか）,Maybe I'll sleep a bit more.),,
ID00030,000035e4,39,「ふが～～っ、ふが～～っ」,"Ughhh, ughhhh",,
ID00030,00003639,39,「ふが～～っ、ふが～～っ」,"Ughhh, ughhhh",,
ID00030,00003aed,30,「うわああああっ！」,Ahhhhh!,,
ID00030,00003c52,63,「はぁ…はぁ……夢か…。リアルすぎんだろ」,Hah... Hah... Was that a dream? It felt too real.,,
ID00030,00003cbf,60,（夜の街道…、突っ込んでくるトラック…、,The street at night... The truck...,,
ID00030,00003d0a,33,　泣きじゃくる真奈…）,Mahiro crying...,,
ID00030,00003d59,57,（自分が死ぬ夢…初めて見た。怖ェェ…）,A dream where I die... Scary...,,
ID00030,00004aad,42,「にい君をはねたトラックは、,The truck that hit you...,,
ID00030,00004ae6,30,　入り江沿いの街道を,"It's long gone by now, so",,
ID00030,00004b13,60,　とっくに通り過ぎたから、もう安心だよ」,you're safe.,,
ID00030,00005203,63,（まさか…未来の真奈が助けてくれなければ、,"If Mahiro from the future hadn't saved me,",,
ID00030,00005251,54,　今の夢みたいになってたってことか？,I'd have ended up in a dream like this one?,,
ID00030,00005296,21,　…まさかな）,"...Nah, right?",,
ID00030,00006168,51,「あ、来た来た。にい君、こっちー」,"'Hey, here I am. Bro-kun, over here.'",,
ID00030,0000643f,12,「おう」,Sure thing.,,
ID00030,00006715,33,「悪い、待たせたか？」,'Sorry for keeping you waiting.',,
ID00030,00006921,36,「ううん、今来たとこー」,"Nope, just got here.",,
ID00030,00006ab9,36,「似合ってるぞ、その服」,That outfit suits you.,,
ID00030,00006ce0,60,「エヘヘー、たまにはこういうのもいいね」,"Heheh, it’s nice to do this once in a while.",,
ID00030,00006ec9,21,「さ、行こー。,"C'mon, let's go.",,
ID00030,00006eed,51,　今から行くと、ちょうどいいから」,"If we leave now, it'll be perfect.",,
ID00030,000071dd,24,「なにがだよ？」,What is?,,
ID00030,0000736a,33,「いいから、いいから」,"Come on, come on.",,
ID00030,0000801c,18,「着いたー」,We're here!,,
ID00030,000081a3,51,「ほら、行くよ。のんびりしてると、,"Come on, let's go. If you dawdle too long,",,
ID00030,000081e5,48,　いい場所取られちゃうんだから」,someone else will take the good spots.,,
ID00030,00008397,15,「場所？」,What spot?,,
ID00030,000083ed,27,「イベント広場で、,There's a hero show for,,
ID00030,00008417,48,　『仮想戦隊バトルデバッガー』の,Virtual Squad Battle Debugger.,,
ID00030,00008456,36,　ヒーローショーがある」,There's a hero show for,,
ID00030,00008737,42,「おま…中学生にもなって…」,Oh my... even as middle schoolers...,,
ID00030,000088d6,45,「いいものは、いくつになっても,Good stuff's good no matter how old you are,,
ID00030,00008912,24,　いいもんだよ」,It's always good,,
ID00030,00008a0d,39,「俺は高２だぞ？　この歳で,I'm in second year!,,
ID00030,00008a43,54,　小学生に混じってショーを見ろと？」,Should I watch it?,,
ID00030,00008bee,60,「まぁまぁ、にい君もきっと気に入るって。,"C'mon, I bet you'll like it too.",,
ID00030,00008c39,33,　カッコいいんだから」,It's really cool.,,
ID00030,00008f17,15,「ったく」,Ugh.,,
ID00030,0000942f,72,『仮想戦隊バトルデバッガー』は、超能力を持った、,Battodebagger is about five debaggers,,
ID00030,00009486,66,５人の超デバッガーが、世の全てのプログラムを,with psychic powers fighting,,
ID00030,000094d7,72,バグで汚染しようとする秘密結社と戦うお話らしい。,against a secret society.,,
ID00030,0000954d,48,「みんな！　にっくきバグラー軍が,Everyone! Didn't the evil Bugger Army,,
ID00030,0000958c,39,　ここに来なかったか！？」,come here!?,,
ID00030,000095e1,57,“あっちー”と、子供たちが声を揃える。,The kids all shout 'Ouch!',,
ID00030,00009648,45,「おのれぇ、見つかったかぁ！」,"Damn it, did they find me!?",,
ID00030,000096a3,36,「いたな！　バグ怪人め！,Gotcha! You bug monster!,,
ID00030,000096d6,45,　必殺技をお見舞いしてやる！」,I'll show you my ultimate move!,,
ID00030,00009731,57,「レッド！　ソースコードチェック完了！,Red! Source code check complete!,,
ID00030,00009779,33,　いつでも行けるわ！」,We can go anytime.,,
ID00030,000097c8,39,「よおぉぉし！　みんなー！,Alright everyone!,,
ID00030,000097fe,51,　心のエンターキーを押してくれ！」,Press the enter key in your hearts!,,
ID00030,0000985f,24,「パーフェクト・,Perfect,,
ID00030,00009886,42,　コンパイルアターーック！」,Compile attack!,,
ID00030,0000994c,30,「グエエエエエエ！」,Gweeeeee!,,
ID00030,00009998,45,「あはははー、あの技欲しいー。,"Hahaha, I want that move.",,
ID00030,000099d4,27,　バグ一掃したい」,I wanna clear out the bugs,,
ID00030,00009a1d,21,「ははははは」,Hahaha,,
ID00030,0000a07e,36,「なかなか楽しかったな」,It was pretty fun actually.,,
ID00030,0000a217,18,「でしょー」,Right?,,
ID00030,0000a39e,63,「子供向けだけど、設定がしっかりしてるし、,"It's for kids but the setting is solid,",,
ID00030,0000a3ec,39,　わかりやすさは正義だよ」,Clarity is the way to go.,,
ID00030,0000a6b7,48,「ヒーロー好きだった子供のころを,Like when I loved heroes as a kid.,,
ID00030,0000a6f6,24,　思い出したよ」,I remembered it.,,
ID00030,0000a883,42,「ブラッドムーンナイトだね」,"It's Blood Moon Night, right?",,
ID00030,0000a8db,36,「うぐっ、また古傷を…」,"Ugh, my old wound again...",,
ID00030,0000aa74,21,「自分で考えた,I came up with,,
ID00030,0000aa98,48,　オリジナルのヒーローだなんて、,"an original hero myself,",,
ID00030,0000aad7,24,　相当重症だよ」,you're really something.,,
ID00030,0000ac58,36,「ガキのころの男なんて、,Boys are all like that!,,
ID00030,0000ac8b,36,　みんなそんなもんだ！」,Everyone's the same!,,
ID00030,0000ae24,54,「にい君は、未だに私の騎士だけどね」,"You're still my knight, Bro-kun.",,
ID00030,0000afdc,45,「…まぁ、それは約束だからな」,"...Well, it was a promise, after all.",,
ID00030,0000b17e,60,「じゃあ、次のアトラクションも守ってね」,"So protect me at the next attraction too, okay?",,
ID00030,0000b323,12,「ん？」,Hm?,,
ID00030,0000b48b,36,「『地獄のゾンビ病棟』」,'Hell's Zombie Ward',,
ID00030,0000bbae,36,「ひえ～、リアルだなぁ。,"Holy crap, this is intense.",,
ID00030,0000bbe1,45,　本物の廃墟の病院みたいだぞ」,It feels like an abandoned hospital.,,
ID00030,0000bc66,21,「…そうだね」,"Yeah, you're right.",,
ID00030,0000bca9,45,「一番奥にある、治療薬を取って,Get the medicine from the farthest room.,,
ID00030,0000bce5,45,　ゴールすればいいみたいだな」,"That's our goal, I guess.",,
ID00030,0000bd6a,21,「…そうだね」,"Yeah, you're right.",,
ID00030,0000bde8,45,「おま…背中に張り付いてたら、,"Oh... If you're stuck on my back like that,",,
ID00030,0000be24,27,　話しにくいだろ」,Hard for me to talk.,,
ID00030,0000c542,42,「はぁ…自ら提案したものの、,"Huff... Even though I suggested it myself,",,
ID00030,0000c57b,45,　想像以上に怖くて、後悔中…」,I'm regretting it now; scarier than imagined.,,
ID00030,0000c9b4,57,「『魔法を司る者』のくせに怖いのか？」,'The one who controls magic' and yet you're scared?,,
ID00030,0000cb80,33,「バンダナのおかげで、,"Thanks to the bandana,",,
ID00030,0000cbb0,57,　精神攻撃に対する障壁を展開できない」,can't deploy a barrier against mental attacks.,,
ID00030,0000cda0,54,「今の私は、普通のか弱い女子中学生」,Just an ordinary weak middle school girl right now.,,
ID00030,0000cfc3,60,「こういう時に、私を守るのが騎士の務め」,It's a knight's duty to protect me then.,,
ID00030,0000d1ed,39,「ブラッドムーンナイトよ、,Blood Moon Knight.,,
ID00030,0000d223,45,　我が盾となり、道を開けッ！」,Be my shield and clear a path!,,
ID00030,0000d44a,51,「はいはい。調子のいいヤツだなぁ」,Yeah yeah. You sure are full of yourself.,,
ID00030,0000d610,33,「じゃ、背中に戻るね」,"Alright, back on your back.",,
ID00030,0000da0a,51,「行くぞ～、ちゃんとついて来いよ」,Let's go~. Keep up.,,
ID00030,0000da6b,18,「いいよー」,Sure thing.,,
ID00030,0000dd8f,39,「ウオオォォォォォォン！」,Wooooooh!,,
ID00030,0000dde4,18,「うわっ！」,Eek!,,
ID00030,0000de24,39,「ひるまず進んだ、進んだ」,"You keep going, going.",,
ID00030,0000de79,30,「ったく…はいはい」,Damn it... Sure sure.,,
ID00030,0000dec5,63,「いざという時、頼りになるねー、にい君は」,"When push comes to shove, you're dependable, Bro-kun.",,
ID00030,0000df32,39,「この程度、お安いご用だ」,"This is nothing, piece of cake.",,
ID00030,0000dfe3,51,こうして、真奈と遊園地を楽しんだ。,"And so, we enjoyed the amusement park with Mana.",,
ID00030,0000eb95,39,「すっかり暗くなったねー」,"It's gotten pretty dark, huh?",,
ID00030,0000ebea,48,「一通り回れたし、楽しかったよ」,"We've been around enough, and it was fun.",,
ID00030,0000ec48,30,「そろそろ帰るか？」,Should we head back soon?,,
ID00030,0000edc2,45,「あ、最後に観覧車に乗ろうよ。,"Oh, let's ride the Ferris wheel last.",,
ID00030,0000edfe,42,　きっと、夜景がきれいだよ」,The night view is sure to be beautiful.,,
ID00030,0000fa86,60,「うわぁ、街の明かりがキラキラしてるー。,"Wow, the city lights are sparkling like crazy.",,
ID00030,0000fad1,39,　星の海を進んでるみたい」,Like sailing through a sea of stars.,,
ID00030,0000fd9c,57,「相変わらずロマンチックだな、お前は」,You're still so romantic.,,
ID00030,0001011b,15,「フフッ」,Heh heh.,,
ID00030,00010286,60,「光を置き去りにして、ゴンドラは進む…。,"Leaving the light behind, the gondola moves on...",,
ID00030,000102d1,24,　時を越えて…」,Beyond time...,,
ID00030,0001058d,12,「え？」,What?,,
ID00030,000106f5,54,「一緒に未来へ行ってみる？　にい君」,Wanna go to the future together? Big bro?,,
ID00030,00010894,27,「ま、まさか！？」,N-No way!?,,
ID00030,00010965,54,「バンダナがない！？　いつから！？」,No bandana!? Since when!?,,
ID00030,00010b7f,39,「さぁー、いつからだろ？」,"Well, since when exactly?",,
ID00030,00010e3d,42,「いつ入れ替わったと思う？」,When do you think we switched?,,
ID00030,00010e95,27,「わかるかぁっ！」,You know it!,,
ID00030,0001100c,24,「あははははー」,Ahahaha-,,
ID00030,00011180,51,「そうだ！　今朝ひどい夢を見たぞ！,Oh yeah! I had a really bad dream this morning!,,
ID00030,000111c2,63,　すんげーリアルで、トラックにひかれて…」,"It was super real, like I got hit by a truck...",,
ID00030,0001135d,42,「あー、それは夢じゃないよ。,"Ah, that wasn't a dream.",,
ID00030,00011396,54,　他の時間軸で現実に起こったことが、,That actually happened in another timeline.,,
ID00030,000113db,24,　夢に現れてる」,showing up in dreams.,,
ID00030,00011900,45,「悪夢に限らず、たまーに見る、,"Not just nightmares, sometimes I see it...",,
ID00030,0001193c,60,　リアルな夢って、過去が書き換わったから,It might be because the past got rewritten.,,
ID00030,00011987,30,　かもしれないよ？」,Maybe?,,
ID00030,00011c49,36,「マジでか？　やっぱり、,Really? I guess...,,
ID00030,00011c7c,39,　あれが現実だったのか…。,It really was real...,,
ID00030,00011cb2,30,　生きててよかった」,Glad I'm alive.,,
ID00030,00011e2c,24,「ホントだよ…」,"Yeah, it is...",,
ID00030,00011fa0,45,「いろいろありがとね、にい君。,"Thanks for everything, Bro-kun.",,
ID00030,00011fdc,57,　おかげで、私に私がバレずにすんでる」,"Because of you, I didn't blow my cover.",,
ID00030,0001252f,45,「なんでバレるとまずいんだ？」,Why would getting caught be bad?,,
ID00030,000126b8,45,「タイムトラベルが出来ることを,That I can time travel.,,
ID00030,000126f4,51,　知られたくないの。自分の力だけで,"I don't want anyone to know. By myself,",,
ID00030,00012736,36,　生み出して欲しいから」,I want you to create it yourself.,,
ID00030,00012b2c,48,「けどね、もう無理かもしれない。,"But hey, it might be impossible now.",,
ID00030,00012b6b,42,　にい君が死んじゃったことが,"Now that Bro-kun died,",,
ID00030,00012ba4,33,　原動力だったからね」,That was my motivation.,,
ID00030,000130d2,57,「にい君が元気なあの私は、相当腑抜け」,"When Bro-kun was fine, I was pretty useless.",,
ID00030,00013274,36,「それは…そうだろうな」,Yeah... that's probably true.,,
ID00030,000133f4,42,「未来は誰にもわからないよ。,Nobody knows what the future holds.,,
ID00030,0001342d,33,　可能性は無限だもん」,There are infinite possibilities.,,
ID00030,000135b7,33,「過去が書き換わって、,"If the past changes,",,
ID00030,000135e7,48,　これからお前はどうなるんだ？」,what will you become from now on?,,
ID00030,00013773,60,「にい君たちの中では、夢に変わるかな？」,Maybe your dream will change in your world.,,
ID00030,00013918,51,「夢に！？　消えるってことか！？」,Your dream?! Will it disappear?!,,
ID00030,00013b01,51,「ううん、いろんな時間軸を旅して、,"No, we'll travel through different timelines,",,
ID00030,00013b43,60,　にい君と私が兄妹じゃない世界を探すよ」,looking for a world where we're not siblings.,,
ID00030,00013e23,18,「はぁ！？」,Hah!?,,
ID00030,00013f91,39,「１つぐらいはあるかもね。,Maybe there's one out there.,,
ID00030,00013fc7,42,　赤ちゃんを取り違えたとか」,Where we were switched at birth.,,
ID00030,0001415a,33,「恐ろしいこと言うな！,Don't say such scary things!,,
ID00030,0001418a,33,　俺とお前は兄妹だ！」,"We're siblings, after all!",,
ID00030,00014307,36,「あははー、冗談、冗談」,"Hahaha, just kidding, just kidding.",,
ID00030,00014494,39,「冗談に聞こえねぇって！」,It doesn't sound like a joke to me!,,
ID00030,00014617,39,「にい君…私をよろしくね」,"Take care of me, Bro-kun...",,
ID00030,000148d5,51,「真の『魔法を司る者』になれない…,I can't become the true 'Master of Magic'...,,
ID00030,00014917,42,　普通の子かも知れないけど、,"You might be a normal kid, but",,
ID00030,00014950,57,　にい君を大切に思う気持ちは一緒だよ」,I feel the same way about you.,,
ID00030,00014c2d,45,「わかってるよ。…っていうか、,"...Actually, it's amazing that",,
ID00030,00014c69,60,　お前みたいになれる可能性があるってのが,you have the potential to become like me.,,
ID00030,00014cb4,27,　凄すぎるだろ！」,That's insane!,,
ID00030,00014e2b,33,「フフッ、そうかもね」,"Heh heh, maybe so.",,
ID00030,00015285,33,「それじゃあ、行くね。,"Well then, I'm off.",,
ID00030,000152b5,45,　もう、私はここに来ないから」,I won't come back here again.,,
ID00030,000157ef,57,「にい君の動画を通して、幸せそうな私を,"Through your videos, I get to see a happy me",,
ID00030,00015837,18,　眺めてる」,Watching you.,,
ID00030,00015c1b,51,「素敵な動画を、いっぱい録ってね」,"Just make lots of nice videos, okay?",,
ID00030,00015db7,33,「…ああ…がんばるよ。,...Yeah...I'll do my best.,,
ID00030,00015de7,30,　ありがとな、真奈」,"Thanks, Mana.",,
ID00030,00015e33,33,「来ないなんて言わず、,Don't say you won't come back...,,
ID00030,00015e63,42,　寂しい時はいつでも来いよ。,"If you feel lonely, drop by.",,
ID00030,00015e9c,36,　真奈には言わないから」,I won't tell Mana about it.,,
ID00030,0001601c,45,「ありがと。にい君は優しいね」,Thanks. You're so kind.,,
ID00030,000162e0,54,「私を守る、ブラッドムーンナイトよ。,"Guarding me, Blood Moon Knight.",,
ID00030,00016325,36,　力をくれてありがとう」,Thanks for the power.,,
ID00030,00016789,21,「大好きだよ」,I love you so much.,,
ID00030,000167cc,15,「真奈…」,Mina...,,
ID00030,00016809,27,「真奈ーーーっ！」,Manaaaaaa!,,
ID00030,000177d4,24,「まなあぁぁ…」,Mana...aaah...,,
ID00030,0001781a,24,「に…くん……」,Nii-kun......,,
ID00030,00017ae5,51,「にい君、にい君、もう終わるよー」,"Bro-kun, it's over now.",,
ID00030,00017b46,18,「んあ！？」,Oh?,,
ID00030,00017c07,33,「俺、寝てたのか！？」,Did I fall asleep!?,,
ID00030,00017dc7,51,「うん、座るなり。一日はしゃいで、,"Yeah, sit down. You must be tired.",,
ID00030,00017e09,33,　疲れたんじゃない？」,right?,,
ID00030,00017f93,63,「そっか…夢か……。リアルな夢…だったな」,...It was just a dream...,,
ID00030,0001800d,60,「あれ……なんだ…？　よく思い出せない。,Wait... what was that? I can't quite remember.,,
ID00030,00018058,42,　なんの夢……だったんだ？」,What kind of dream was it again?,,
ID00030,000181de,54,「目に涙のあとが……つらかったの？」,Was it because there were tears in my eyes...?,,
ID00030,000183d7,45,「…わからない。大切なことが、,"...I don't know. Something important,",,
ID00030,00018413,60,　夢になっちゃったみたいな…喪失感が…」,Like it's a dream...that sense of loss...,,
ID00030,000185ab,42,「…けど、きっとまたいつか、,"But I think, someday...",,
ID00030,000185e4,54,　同じ夢を見られる…そんな気がする」,I'll be able to have the same dream again...,,
ID00030,00018d4f,57,こうして、２人の真奈と一緒に過ごした。,"This way, we spent time together with Mana.",,
ID00031,00001679,30,「にい君…おはよ…」,"Hey, Bro-kun...",,
ID00031,000016c5,27,「ああっ、真奈！」,Ah! Mina!,,
ID00031,0000197e,45,「昨日…どうして来なかったの？,Why didn't you come yesterday?,,
ID00031,000019ba,36,　ずっと待ってたのに…」,I waited for you the whole time...,,
ID00031,00001cb4,39,「そ、それは…どうしても…,T-that's... I can't avoid it...,,
ID00031,00001cea,39,　外せない用事が出来て…」,I have to do something.,,
ID00031,00001e6d,18,「ふうん…」,Hmm...,,
ID00031,00001ff4,42,「どんな用事か知らないけど、,"I don't know what it is, but",,
ID00031,0000202d,51,　大事な妹より、優先されること？」,Is anything more important?,,
ID00031,000021e2,63,「悪い！　部活でちょっとトラブルがあって、,"Sorry! There was a little trouble with the club, and",,
ID00031,00002230,30,　どうしてもそっちへ,There's no avoiding it.,,
ID00031,0000225d,48,　行かなきゃならなかったんだ！」,I couldn't help it!,,
ID00031,00002456,48,「え…トラブル？　そうだったの？,Huh... Trouble? Really?,,
ID00031,00002495,39,　Ｃムービー部でなにが？」,What happened in C-Movie Club?,,
ID00031,000028ef,48,「え…トラブル？　そうだったの？,Huh... Trouble? Really?,,
ID00031,0000292e,33,　Ｅ動画部でなにが？」,What happened in E-Video Club?,,
ID00031,00002c3b,54,「それは…ちょっと言えないんだけど、,"That's... I can't really say, but",,
ID00031,00002c80,30,　ゴタゴタしてな…。,it got pretty messy...,,
ID00031,00002cad,42,　電話も出来なかったんだよ」,I couldn't even call anyone.,,
ID00031,00002e4c,39,「そっか…そうだったんだ」,Oh... I see.,,
ID00031,00003123,57,「じゃあ、仕方ないね。許してあげるよ」,"Well, there's no help for it. I'll forgive you.",,
ID00031,000032c5,39,「ごめんな。また誘うから」,"Sorry, I'll ask you again.",,
ID00031,000034b5,27,「うん、そうして。,"Yeah, do that.",,
ID00031,000034df,51,　プール、楽しみにしてたんだから」,I was looking forward to the pool.,,
ID00031,00003945,27,「うん、そうして。,"Yeah, do that.",,
ID00031,0000396f,51,　遊園地、楽しみにしてたんだから」,I was looking forward to the amusement park.,,
ID00031,00003c8e,30,「ああ、もちろんな」,Of course I will.,,
ID00031,00003e21,24,「それじゃあね」,See ya.,,
ID00031,0000415a,45,（ヤバかった…。なんとかウソで,That was close...,,
ID00031,00004196,42,　切り抜けたけど、こんなこと,"I got away with a lie, but still.",,
ID00031,000041cf,27,　もう出来ないぞ）,You can't do that anymore.,,
ID00031,00004218,63,（もう一度、あいつの好感度を最大限上げて、,"(Need to boost his view of me max one more time,)",,
ID00031,00004266,57,　レコセッションが終わった後に誘おう。,Let's invite her after the recital.,,
ID00031,000042ae,21,　それがいい）,That sounds good.,,
ID00032,00001749,30,「にい君…来たね…」,"Hey, big bro... You came...",,
ID00032,00001795,27,「ああっ、真奈！」,Ah! Mina!,,
ID00032,00001a67,42,「また…すっぽかすなんて…、,Can't bail on me again...,,
ID00032,00001aa0,36,　一体どういうつもり？」,What's your deal?,,
ID00032,00001d9d,24,「そ、それは…」,S-sorry about that...,,
ID00032,00001f2a,45,「妹との約束は、いくら破っても,Is breaking her promises okay?,,
ID00032,00001f66,24,　いいとでも？」,Are you serious?,,
ID00032,000020e7,60,「そ、そうじゃない、そうじゃないって！」,N-No! That's not what I mean!,,
ID00032,00002151,48,「その…詳しく言えないんだけど、,"Well... I can't really go into details, but",,
ID00032,00002190,60,　動画がらみで深刻なトラブルがあって…」,There's been a serious problem with some videos...,,
ID00032,0000237c,15,「また？」,Again?,,
ID00032,000023b9,21,「あ、ああ…」,"Oh, yeah...",,
ID00032,000025ad,36,「深刻？　まさか盗さ…」,Serious? You don't mean stolen...,,
ID00032,00002753,36,「そ、そうじゃねぇって！,"N-No, that's not it!",,
ID00032,00002786,39,　けど…深刻だったんだ…」,But...it was serious...,,
ID00032,00002922,18,「ふうん…」,Hmm...,,
ID00032,00002991,60,「お前に電話しなきゃって思ったんだけど、,"I thought I should call you, but",,
ID00032,000029dc,45,　ドタバタして…出来なくて…」,I ended up being too busy to do so...,,
ID00032,00002a37,36,「ごめん！　許してくれ！,Sorry! Forgive me!,,
ID00032,00002a6a,63,　今度こそもう絶対にすっぽかさないから！」,I promise I won't bail on you this time!,,
ID00032,00002d6d,24,「ホントにー？」,Really?,,
ID00032,00002db3,39,「本当だ！　信じてくれ！」,"Yes, really! Believe me!",,
ID00032,00002eaa,57,「…はぁ、もういいよ。怒る気、失せた」,"...Whatever, I'm not mad anymore.",,
ID00032,000031b4,21,「ごめんな…」,I'm sorry...,,
ID00032,00003392,27,「いつになったら、,When are you gonna,,
ID00032,000033bc,54,　私をプールへ連れてってくれるの？」,take me to the pool?,,
ID00032,000036d1,27,「いつになったら、,When are you gonna,,
ID00032,000036fb,54,　私を遊園地へ連れてってくれるの？」,When are you gonna take me to the amusement park?,,
ID00032,000038c9,42,「すぐだ！　すぐに誘うよ！」,Soon! I'll ask you right away!,,
ID00032,00003a68,42,「…約束だよ。それじゃあね」,...I promise. See ya,,
ID00032,00003f07,45,（ヤバい…ヤバすぎるだろ、俺。,Shit... This is way too much for me.,,
ID00032,00003f43,48,　なんとかウソで切り抜けたけど、,"I managed to get out of it with a lie, but",,
ID00032,00003f82,45,　こんなこと何度も出来ないぞ）,I can't keep doing this over and over again.,,
ID00032,00003fdd,63,（もう一度、あいつの好感度を最大限上げて、,"(Need to boost his view of me max one more time,)",,
ID00032,0000402b,57,　レコセッションが終わった後に誘おう。,Let's invite her after the recital.,,
ID00032,00004073,21,　それがいい）,That sounds good.,,
ID00033,00006b59,15,（真奈だ！,(It's Mana!,,
ID00033,00006b77,57,　あいつのおかげで動画が録れたんだ！）,"Thanks to her, I was able to record the video!)",,
ID00033,00006eac,48,抜けるような青空。心地よい潮風。,A bright blue sky. A pleasant breeze.,,
ID00033,00006eeb,33,学園への足取りが軽い。,My steps toward school are light.,,
ID00033,00006f3a,69,俺と真奈は兄妹だ。そのことは永遠に変わらない。,Mana and I are siblings.,,
ID00033,00006f8e,60,けど、真奈は…俺のことを慕ってくれてる。,But Mana... she looks up to me.,,
ID00033,00006ff8,39,俺も…真奈のことが大切だ。,I also...,,
ID00033,0000702e,66,手がかかるほどかわいい、かけがえのない妹だ。,She's an adorable hassle.,,
ID00033,0000709e,60,あらためて伝えたい、いつまでも守るって。,I'll protect her always.,,
ID00033,000070e9,36,俺はあいつの騎士だって。,I'm her knight.,,
ID00033,0000713b,42,俺は…心に今日のことを刻む。,I'll... carve today into my heart.,,
ID00033,00007174,42,人生という一度きりの動画の、,"This is our one shot at life,",,
ID00033,000071ad,51,掛け替えのないレコチャンスなんだ！,our irreplaceable recording chance!,,
ID00033,000074cc,36,（開場まであと１時間か。,(An hour until opening.),,
ID00033,000074ff,45,　どこも追い込みで大忙しだな。,"Everyone's in crunch mode, working overtime.",,
ID00033,0000753b,36,　俺も部室へ急がないと）,Gotta hurry to the clubroom.,,
ID00033,000079c6,36,「あ、おはよー、にい君」,"Hey, good morning, big bro.",,
ID00033,00007c81,27,「おはよう、真奈」,"Good morning, Mahiro.",,
ID00033,00007e2f,36,「動画展の準備はどう？」,How's the video show prep going?,,
ID00033,00007e81,48,「おかげでバッチリ終わってるよ」,"Thanks to you, I'm all done.",,
ID00033,00008044,36,「そっかー、よかったね」,"Oh, that's great.",,
ID00033,000081d1,45,「何時ぐらいに見に来る気だ？」,When do you plan on coming over?,,
ID00033,0000822c,60,「んーと、お昼はちょっと用事があるから、,"Well, I have something to do at lunchtime, so",,
ID00033,00008277,27,　夕方に行くよー」,See you then.,,
ID00033,000087c5,48,「そっか、じゃあ待ってるからな」,"Got it, I'll be waiting then.",,
ID00033,00008994,36,「うん、またあとでねー」,"Okay, see you later.",,
ID00033,00009d04,39,（誰もいない…俺だけだ…）,No one's here... It's just me...,,
ID00033,00009d59,54,（御前さんと藍田さん、仲いいからな。,"You two are pretty close, aren't you?",,
ID00033,00009d9e,51,　２人揃って展示をボイコットして、,They probably both skipped the exhibit,,
ID00033,00009de0,51,　どこかへ行ってしまったんだろう）,and went off somewhere together.,,
ID00033,00009e7c,51,（…仕方ない。俺はそれだけのことを,(...can't help it. I've done this much.),,
ID00033,00009ebe,60,　してしまったんだ。１人でやるしかない）,I have to do it alone now.,,
ID00033,0000a3b7,42,こうして、光海祭は開幕した。,"And so, the Mitsumi Festival has begun.",,
ID00033,0000b384,54,俺が原因で、部員が仲違いしてしまった,"Because of me, the club members are at odds.",,
ID00033,0000b3c9,57,Ｃムービー部展だけど、客からは好評だ。,The C-Movie Club exhibit is getting good reviews.,,
ID00033,0000b411,45,男女問わず、喜んでもらえてる。,Both guys and girls seem happy.,,
ID00033,0000b46c,48,俺の動画を男子は喜んでくれてる。,The guys seem happy with my video.,,
ID00033,0000b4ab,66,重度のシスコンと思われてるのは否めないが…。,I can't deny that I'm seen as a serious siscon...,,
ID00033,0000b4fc,30,けど、わかったんだ。,"But, I get it now.",,
ID00033,0000b548,63,良くも悪くも、自分の動画に評価が下ることが,"Whether good or bad, having my videos rated is",,
ID00033,0000b596,24,大事なんだって。,important.,,
ID00033,0000b5bd,48,人目に触れなきゃダメなんだって。,It's gotta get seen by people.,,
ID00033,0000b61b,42,もっと…いい動画が録りたい。,I want to record better videos.,,
ID00033,0000cf77,27,そして、休憩時間…,And during break time...,,
ID00033,0000de3e,29,「おはよ、@str_000君」,"Good morning, @str_000-kun.",,
ID00033,0000ded5,54,「あ、御前さん。おはようございます」,"Hey, Misaki-senpai. Good morning.",,
ID00033,0000e09e,36,「見たよ、あなたの動画。,I saw your video.,,
ID00033,0000e0d1,57,　まさか妹の真奈ちゃんを録るとはねぇ」,Recording Mana-chan?,,
ID00033,0000e2aa,45,「身近な被写体だったもんで…」,It was just that you were around a lot...,,
ID00033,0000e305,45,「…まさかとは思うけど、妹を…,...Do you like her?,,
ID00033,0000e341,39,　女の子として好きなの？」,As a girl...?,,
ID00033,0000e83e,42,「ないない！　ないですって！,No no! I don't!,,
ID00033,0000e877,60,　あいつなら俺の頼みを聞いてくれるから、,"Since she'll listen to me if I ask her,",,
ID00033,0000e8c2,24,　録っただけで」,I just recorded it.,,
ID00033,0000ea6d,39,「そう？　ならいいけど…」,Really? That's good then...?,,
ID00033,0000ebfd,63,「動画から、彼女の魅力を引き出そうとする、,Bringing out her charm.,,
ID00033,0000ec4b,54,　並々ならぬ情熱が伝わってきたから、,"Her passion really came through, so",,
ID00033,0000ec90,33,　ハラハラしちゃった」,I got kinda nervous watching it.,,
ID00033,0000f0f1,15,「はは…」,Heh...,,
ID00033,0000f293,53,「@str_000君は、彼女に彼氏が出来たら、,"@str_000, if she ever gets a boyfriend,",,
ID00033,0000f2d7,36,　絶対反対するタイプね」,You'd definitely oppose it.,,
ID00033,0000f329,57,「いやいや、彼氏なんてまだ早いですよ」,"Nah, she's way too young for a boyfriend.",,
ID00033,0000f3e0,27,「クスッ、ほらね」,"Heh, I told you so.",,
ID00033,0000f6c9,48,「あなたの動画、一番いいところに,I'll put your video where everyone can see it.,,
ID00033,0000f708,33,　移動しておいたから」,I moved them already.,,
ID00033,0000f892,39,「えっ？　いいんですか？」,Huh? You don't mind?,,
ID00033,0000f937,45,「フフッ学園中の話題になって、,"Hehe, everyone talking about it.",,
ID00033,0000f973,39,　言い寄る男が現れないか、,waiting for a guy to hit on you.,,
ID00033,0000f9a9,36,　ハラハラするといいよ」,You'd be so nervous.,,
ID00033,0000fe51,30,「はは…御前さん…」,Haha... Misaki-senpai...,,
ID00033,0000fef1,42,「俺…アイドルプロジェクトを,I... couldn't help anymore...,,
ID00033,0000ff2a,48,　途中で手伝えなくなったのに…」,even though it was in the middle.,,
ID00033,000100ed,51,「ライブステージを録るところまでは,"We got to record the live stage,",,
ID00033,0001012f,42,　やってくれたから、大丈夫」,so it should be fine.,,
ID00033,0001020c,57,「責任は果たしてくれたから、それで…」,"You did fulfill your duty, though...",,
ID00033,000103ae,21,「御前さん…」,Misaki-senpai...,,
ID00033,00010460,57,「俺…御前さんのアイドルプロジェクトを,I... I'm part of your idol project now...,,
ID00033,000104a8,36,　手伝えなかったのに…」,Even though I couldn't help...,,
ID00033,0001065f,42,「いいのよ。あなたの動画で、,It's fine. Your videos can get across,,
ID00033,00010698,60,　十分、光海学園の魅力は伝えられるから」,can definitely convey the appeal of Mitsumi Academy,,
ID00033,00010867,60,「被写体を通して、校舎も、海も、すべてが,Captured everything.,,
ID00033,000108b2,24,　光り輝いてた」,Everything shone.,,
ID00033,00010b6e,21,「御前さん…」,Misaki-senpai...,,
ID00033,00010c02,63,「これで、光海祭の一番人気はいただきね！」,"This way, we've got the top spot!",,
ID00033,00010f0f,48,「美由璃！　お茶の用意はいい？」,Miyuri! Are you ready with the tea?,,
ID00033,00011a5c,36,「はい！　冷たい紅茶を、,Yes! Cold black tea!,,
ID00033,00011a8f,42,　たっぷり用意してあります。,I've got it all set up.,,
ID00033,00011ac8,48,　マカロンもいっぱい焼きました」,I baked plenty of macarons too.,,
ID00033,00011ea6,54,「３人で精一杯お客様をおもてなしよ。,We'll do our best to entertain them.,,
ID00033,00011eeb,48,　素敵な動画と、お茶とお菓子で、,"With a nice video, tea and sweets,",,
ID00033,00011f2a,54,　ゆっくりくつろいでもらいましょ！」,please take your time and relax!,,
ID00033,0001247b,15,「はい！」,Okay!,,
ID00033,000128b3,15,「はい！」,Okay!,,
ID00033,00012dc4,42,こうして、光海祭は開幕した。,"And so, the Mitsumi Festival has begun.",,
ID00033,00012e1c,75,Ｃムービー部展は、３年の御前さん、１年の藍田さん、,The C-Movie Club booth is run by third-year,,
ID00033,00012e76,72,２人のきれいどころのおもてなしのおかげで大盛況。,Their beauty drew a huge crowd.,,
ID00033,00012ecd,45,男女問わず、喜んでもらえてる。,Both guys and girls seem happy.,,
ID00033,00012f28,69,俺はチラシを配ったり、皿を洗ったり…要するに、,"I hand out flyers, wash dishes...basically,",,
ID00033,00012f7c,66,２人のバックアップだ。まぁ、出る幕ないよな。,"backing them up. Yeah, I'm useless here.",,
ID00033,00013f54,72,そんな中、俺の作った動画を喜んでくれる人がいる。,"Amidst all that, people enjoy my videos.",,
ID00033,00013fab,33,ほとんどが男子だけど。,Mostly guys.,,
ID00033,00013ffa,66,もちろん、中には否定的な反応をする人もいる。,"Of course, there are those who react negatively too.",,
ID00033,0001404b,36,重度のシスコンかよと…。,You've gotta be a siscon...,,
ID00033,0001407e,39,はは…けど、わかったんだ。,Haha... but I get it now.,,
ID00033,000140d3,63,良くも悪くも、自分の動画に評価が下ることが,"Whether good or bad, having my videos rated is",,
ID00033,00014121,24,大事なんだって。,important.,,
ID00033,00014148,48,人目に触れなきゃダメなんだって。,It's gotta get seen by people.,,
ID00033,00014495,42,もっと…いい動画が録りたい。,I want to record better videos.,,
ID00033,00015dfb,33,そして、俺の休憩時間…,And during my break...,,
ID00033,00016170,39,（ん？　すごい人だかりが。,Huh? There's a huge crowd.,,
ID00033,000161a6,45,　なんだこの『仮想喫茶』って）,What's this 'Virtual Cafe'?,,
ID00033,00016881,45,「あ、にい君、いらっしゃーい」,"Hey big bro, you're here!",,
ID00033,00016a17,33,「真奈！　その格好！」,Mana! That outfit!,,
ID00033,00016a66,45,「『仮想天使』のメインキャラの,"You're the main character of 'Virtual Angel',",,
ID00033,00016aa2,48,　プリティライトだよ。似合う？」,"Pretty Light, right? Does it suit you?",,
ID00033,00016f12,51,「あ、ああ、馴染み過ぎなぐらいだ」,"Ah, yeah, I fit in too well.",,
ID00033,00016fc3,21,「ありがとー」,Thanks a lot.,,
ID00033,00017191,63,「うちのクラスの出しものは、私の発案なの。,Our class's contribution is my idea.,,
ID00033,000171df,42,　だから抜け出しにくくてね」,That's why it's hard to skip out on it.,,
ID00033,00017612,39,「それで、動画展へ行くのを,So we went to the video exhibit.,,
ID00033,00017648,45,　夕方にしてもらったってわけ」,in the evening instead.,,
ID00033,00017815,60,「このこと、なんで俺に言わないんだよ？」,Why didn't you tell me about this?,,
ID00033,0001787f,36,「驚かせようと思ってね。,I wanted to surprise you.,,
ID00033,000178b2,54,　言わなくても、うちのクラスを覗きに,"Even without telling, you peeked into our class,",,
ID00033,000178f7,24,　来たでしょ？」,didn't you?,,
ID00033,00017d4f,18,「…まぁな」,"...Well, yeah.",,
ID00033,00017ef4,60,「さっそく録ってよ。決めポーズやるから」,Record it right away. I'll do a pose for you.,,
ID00033,00018099,33,「おう！　任せとけ！」,Yeah! You can count on me!,,
ID00033,000184c5,54,「仮想と現実の狭間を繋ぐ、天使の翼」,The wings that connect the virtual and real world.,,
ID00033,000186cb,45,「あなたのココロにエントリー。,Entering your heart.,,
ID00033,00018707,42,　仮想天使プリティライト！」,Virtual angel Pretty Light!,,
ID00033,000190da,57,「おおーっ、まるで本物みたいだったぞ」,"Wow, it looked just like the real thing.",,
ID00033,00019141,51,「バンダナ外せば、体が仮想化して、,"Take off your bandana, your body'll virtualize.",,
ID00033,00019183,36,　本物になるんだけどね」,become real again.,,
ID00033,000194ee,30,「ははは、言ってろ」,"Haha, go on then.",,
ID00033,0001969f,63,「関係者用のリザーブ席が隅っこにあるから、,"There's a reserved corner seat for staff, so.",,
ID00033,000196ed,48,　座っててよ。お昼まだでしょ？」,"go sit down. It's not even lunchtime yet, right?",,
ID00033,00019886,54,「いや、さっそく今の動画を編集して、,I'll edit that video right away...,,
ID00033,000198cb,51,　展示してる動画の最後に入れるよ。,the one on display.,,
ID00033,0001990d,39,　ここの宣伝になるだろ？」,"This'll be good for promotion, right?",,
ID00033,00019962,51,「妹のコスプレ動画なんか入れたら、,If I put in my sister's cosplay...,,
ID00033,000199a4,48,　ますますシスコンみたいだよ？」,It'd make us look more obsessed.,,
ID00033,00019ca2,33,「もう開き直ったって」,I've already stopped hiding it.,,
ID00033,00019e1f,45,「お前のことがいいって男子が…,Some guys might confess their feelings.,,
ID00033,00019e5b,39,　現れるかもしれないぞ？」,Maybe?,,
ID00033,00019f41,42,「フムフム、にい君の嫉妬心を,"Stirring your jealousy, hmm?",,
ID00033,00019f7a,33,　煽るにはいいかもね」,"Yeah, maybe.",,
ID00033,0001a0dd,27,「嫉妬するかあっ」,Jealous?,,
ID00033,0001a176,63,「あはははー、私の恋は心配しなくていいよ。,"Hahaha, you don't need to worry about my love life.",,
ID00033,0001a1c4,42,　今で十分満足してるからね」,Right now I'm perfectly satisfied.,,
ID00033,0001a3b4,39,「それもどうかと思うが…」,I don't know about that...,,
ID00033,0001a56e,51,「それじゃ、夕方そっちへ行くから、,"See you over there this evening, so",,
ID00033,0001a5b0,21,　よろしくね」,Nice to meet you.,,
ID00033,0001a869,24,「ああ、またな」,Later~,,
ID00033,0001aa14,18,「またねー」,Later!,,
ID00033,0001b3f8,24,「ご来場の皆様、,"Ladies and gentlemen,",,
ID00033,0001b41f,45,　本日はお越しくださいまして、,"Thanks for coming today,",,
ID00033,0001b45b,42,　誠にありがとうございます」,Thanks a lot.,,
ID00033,0001b4b3,60,「おかげさまで盛況となりました光海祭は、,"Thanks to everyone, it was a success.",,
ID00033,0001b4fe,60,　あと３０分で閉幕とさせていただきます」,and it will be closing in thirty minutes.,,
ID00033,0001b568,60,「本日は、本当にありがとうございました。,Thank you so much for coming today.,,
ID00033,0001b5b3,54,　お帰りの際は、お忘れ物のないよう、,Make sure you don't leave anything behind.,,
ID00033,0001b5f8,33,　お気をつけください」,Take care.,,
ID00033,0001c1aa,57,（ふ～っ、なんとか１人で乗り切ったな。,Phew... I managed to get through it on my own.,,
ID00033,0001c1f2,42,　客も帰ったし、俺だけだ…）,The guests are gone...,,
ID00033,0001c279,33,（さて、客は帰ったし、,"Well, the guests have left,",,
ID00033,0001c2a9,54,　御前さんと藍田さんは光海祭の締めで,Misaki-senpai and Arita-san are finishing up.,,
ID00033,0001c2ee,36,　忙しいし、俺だけ…か）,so it's just me... huh?,,
ID00033,0001c5da,30,「にい君、来たよ～」,"""Hey Bro-kun, you're here~""",,
ID00033,0001c626,51,「遅いぞ、閉幕スレスレじゃないか」,You're late! You almost missed it.,,
ID00033,0001c7ec,60,「私を忙しくしたのは、にい君の動画だよ。,"""It was your video that made me so busy.",,
ID00033,0001c837,57,　お客さんがいっぱい流れてきたからね」,"A lot of people came to watch it.""",,
ID00033,0001cb14,60,「そっか！　やっぱ、動画は効果あるなぁ」,"""I see! Guess videos really do work!""",,
ID00033,0001ccac,57,「だねー。実際の私がどんな感じなのか、,"Yeah, people wanna see me.",,
ID00033,0001ccf4,42,　確認したくなるみたいだよ」,They want to check it out.,,
ID00033,0001d1ad,18,「それに…」,And...,,
ID00033,0001d1ed,18,「それに？」,And?,,
ID00033,0001d22d,60,「メアド教えてって、何人かに言われたよ」,Some asked for my email address too.,,
ID00033,0001d57e,24,「なん…だと…」,What...did they...,,
ID00033,0001d729,57,「安心して。にい君の許可がいるからって,Don't worry. I need your permission.,,
ID00033,0001d771,57,　返したら、みんなドン引きしてたから」,they all got weirded out and backed off.,,
ID00033,0001daab,57,「おまっ、それ、シスコンの兄、確定…」,"Damn, that makes you a total siscon older bro...",,
ID00033,0001dc77,48,「メアド、教えた方がよかった？」,Should I have given out my email address?,,
ID00033,0001de10,36,「…いや、いい返しだぞ。,"...Nah, it was a good comeback.",,
ID00033,0001de43,42,　これからもそう言って断れ」,Keep saying no like that.,,
ID00033,0001deeb,51,「あははー、現実的シスコンだねー」,"Haha, you're a practical siscon.",,
ID00033,0001df98,63,「なんとでも言え。お前を大切に想う気持ちは,Say what you want. My feelings for you are genuine.,,
ID00033,0001dfe6,15,　現実だ」,That's real.,,
ID00033,0001e023,60,「うん、知ってるよ。真奈の騎士だもんね」,"Yeah, I know. You're Mana's knight, after all.",,
ID00033,0001e569,45,「さっそく見せてよ、私の動画」,Show me your video right away.,,
ID00033,0001e5c4,57,「ああ、そこの正面にあるのがそうだよ」,"Yeah, that's the one over there in front of us.",,
ID00033,0001ff2d,54,「うあー、これはインパクトあるねー。,"Wow, this is quite an impact.",,
ID00033,0001ff72,54,　スク水の上に制服はマニアックだよ」,A swimsuit under a uniform? That's pretty kinky.,,
ID00033,0002021f,42,「まぁな…やりすぎ感あるな」,"Yeah, it's a bit over the top.",,
ID00033,000204b5,36,「タイトルは、私が言った,The title is what I said,,
ID00033,000204e8,51,　『妹の踊ってみたを録ってみた』の,Sis' dance video as recorded.,,
ID00033,0002052a,15,　ままか」,That's it.,,
ID00033,000209e6,48,「シスコンじゃないって言っても、,"You say you're not a siscon, but",,
ID00033,00020a25,39,　誰も信じてもらえないね」,nobody's gonna believe it.,,
ID00033,00020bb5,57,「なんか…お前にはめられた気がするよ」,I feel like I got played by you somehow.,,
ID00033,00020df4,60,「あの格好をさせたのは、にい君だからね」,It was your idea to dress her up like that.,,
ID00033,00020f99,36,「言い逃れできねーよ…」,There's no way out of this...,,
ID00033,00021150,51,「まぁまぁ、反響があったわけだし、,"Well, well, there was quite a reaction,",,
ID00033,00021192,36,　それで良しってことで」,so let's call it good enough.,,
ID00033,0002145a,48,「ああ、動画の楽しさも知ったし、,"Yeah, and now I know how fun making videos is,",,
ID00033,00021499,24,　それで十分だ」,Which is enough for me.,,
ID00033,00021650,18,「うんうん」,Yeah yeah,,
ID00033,00021856,57,「これからどうするの？　もう片付け？」,What are you gonna do now? Clean up already?,,
ID00033,000219f8,48,「御前さんたちが戻ってきたらな」,When Misaki-senpai and the others get back.,,
ID00033,00021bbb,60,「じゃあ、その前にちょっと海を歩かない？,"Then, let's take a walk on the beach first?",,
ID00033,00021c06,30,　お客さんいないし、,"No customers around,",,
ID00033,00021c33,42,　もう閉めてもいいでしょ？」,"so we can close early, right?",,
ID00033,00021f38,57,「そうだな。俺も伝えたいことがあるし、,Yeah. I've got something to tell you too.,,
ID00033,00021f80,15,　行くか」,Let's go.,,
ID00033,0002364a,33,「夕焼けが綺麗だねー」,The sunset's beautiful.,,
ID00033,00023881,18,「そうだな」,You're right.,,
ID00033,00023a9d,42,「この夏、いろいろあったね」,We've had a lot this summer.,,
ID00033,00023af5,42,「ああ、ハッキングされたり、,"Yeah, like getting hacked,",,
ID00033,00023b2e,39,　ハッキングし返したりな」,and hacking back too.,,
ID00033,00023bd3,48,「あははー、お騒がせしましたー」,"Haha, sorry for the trouble.",,
ID00033,00023cbe,39,「お前は…危なっかしいよ。,You're... so reckless.,,
ID00033,00023cf4,42,　泳げないし、無茶するし…」,Can't swim and still do crazy stuff...,,
ID00033,00023eb1,48,「だから…お前が俺に頼る限りは、,"So... as long as you rely on me,",,
ID00033,00023ef0,60,　騎士でいてやるよ。お前を…守ってやる」,I'll be your knight. I'll protect you.,,
ID00033,000240bf,18,「にい君…」,"Hey, big bro...",,
ID00033,000240ff,51,「それが…俺の伝えたかったことだ」,That's what I wanted to tell you.,,
ID00033,00024160,48,「ありがと。じゃあ…ずっとだね」,Thanks. So it's gonna be like that?,,
ID00033,000242ee,42,「ずっと…にい君は私の騎士。,You're my knight forever and ever.,,
ID00033,00024327,57,　これまでも…これからも…未来永劫…」,From now on... until the end of time...,,
ID00033,0002462b,45,「ああ、お前は俺の大切な妹で、,"Yeah, you're my precious little sister,",,
ID00033,00024667,60,　俺は、ずっとお前のお兄ちゃんだからな」,and I'm always going to be your big brother.,,
ID00033,00024842,15,「うん…」,Right...,,
ID00033,000249e4,27,「うれしかったよ。,I'm glad.,,
ID00033,00024a0e,51,　光の渦に溺れた時、助けてくれて」,Back when you saved me from that light vortex.,,
ID00033,00024ce5,33,「キス……してくれて」,For the kiss...,,
ID00033,00024f55,60,「それを言うなって。あれは無我夢中で…」,Don't say that. It was all a blur...,,
ID00033,00025043,51,「あれ、私のファーストキスだから」,That was my first kiss.,,
ID00033,00025226,42,「兄妹はノーカウントだっ！」,Siblings don't count!,,
ID00033,000253e3,48,「カウントするのは私の勝手だよ」,It's my call on what counts.,,
ID00033,00025441,60,「はぁ…俺を好きにさせるってヤツの結論、,Phew... You still haven't decided if you like me?,,
ID00033,0002548c,36,　まだ出てないのかよ？」,Still haven't figured it out yet?,,
ID00033,000254de,51,「ううん…それはね、もう出てるよ」,No... I've already figured it out.,,
ID00033,0002565f,12,「え？」,What?,,
ID00033,0002587d,33,「私ね…光の渦の先で、,"At the end of that light vortex,",,
ID00033,000258ad,42,　私じゃない私と会ったんだ」,I met a version of myself that wasn't me.,,
ID00033,00025b7b,15,「あぁ？」,Huh?,,
ID00033,00025bb8,54,「その真奈は、平行世界の全ての真奈と,That Mana can access all versions of herself,,
ID00033,00025bfd,36,　アクセス出来る真奈で、,"in parallel worlds,",,
ID00033,00025c30,60,　色んな真奈と、にい君の関係を知ってた」,and knows about my relationship with you.,,
ID00033,00026147,39,「王子様とお姫様だったり、,"Like when we were prince and princess,",,
ID00033,0002617d,51,　クマさんとアヒルさんだったり…」,or when we were bear and duck...,,
ID00033,00026319,51,「形は違えど、どこでも…あなたは、,"No matter the form, you've always...",,
ID00033,0002635b,24,　私を守ってた」,protected me.,,
ID00033,0002654c,48,「俺がクマで、お前がアヒルなら、,"If I'm the bear and you're the duck,",,
ID00033,0002658b,42,　ガブッと食っちゃうだろ？」,"You'd gobble me up, right?",,
ID00033,000265e3,45,「ううん、そんなことしないよ。,"Nope, I wouldn't do that.",,
ID00033,0002661f,63,　悪いキツネさんから、私を守ってくれてた」,You protected me from the mean fox...,,
ID00033,00026a6b,48,「なんというメルヘンワールド…」,What a fairy tale world...,,
ID00033,00026b13,54,「フフッ、にい君は、妹じゃなければ、,"Heh heh, if you weren't my little sister,",,
ID00033,00026b58,30,　私を好きになるよ」,you'd like me.,,
ID00033,00026dbc,27,「私じゃない私は、,"The other me,",,
ID00033,00026de6,30,　それを確かめる為の,would confirm that.,,
ID00033,00026e13,45,　キーワードを…教えてくれた」,taught me the keyword...,,
ID00033,000273ae,33,「私の…真の名前を…」,my... true name...,,
ID00033,00027538,21,「真の名前？」,True name?,,
ID00033,00027723,12,「ん…」,Hmm...,,
ID00033,000277a5,45,「その名前をにい君に教えると、,"If I tell you that name,",,
ID00033,000277e1,42,　禁断の扉が開くんだと思う」,I think the forbidden door will open.,,
ID00033,00027ad9,42,「なんで俺が関係あんだよ？」,Why am I involved?,,
ID00033,00027b31,39,「キス…したから。あれで、,"Because we kissed... That's why,",,
ID00033,00027b67,39,　セーフティが解除された」,The safety got removed.,,
ID00033,00027e21,54,「あとは…キーワードを入力するだけ」,Just need to input the keyword now.,,
ID00033,00028031,36,「はぁ…中二病、中二病。,"Hah... otaku syndrome,",,
ID00033,00028064,33,　夢でも見たんだって」,It was just a dream...,,
ID00033,000280b3,42,「そうだね、夢かもしれない。,"Yeah, it might've been a dream.",,
ID00033,000280ec,36,　ううん、今だってそう」,"No, we're here now.",,
ID00033,00028620,27,「今、ここにいる、,"We're right here,",,
ID00033,0002864a,45,　私とにい君が兄妹の世界は…」,Bro-kun and I... in our world...,,
ID00033,000286a5,48,「平行世界の境界で出会った真奈が,"The Makana I met at parallel worlds' boundary,",,
ID00033,000286e4,42,　見ている…夢かもしれない」,might just be a dream...,,
ID00033,00028b38,60,「私の真の名は、夢から覚めるキーワード」,My real name is the keyword to wake up from dreams.,,
ID00033,00028cdd,63,「はぁ…現実と夢をごちゃ混ぜにするなって」,Ugh... don't mix reality with dreams...,,
ID00033,00028eaf,39,「聞きたい？　私の真の名」,You wanna know? My real name.,,
ID00033,00028f04,15,「んん？」,Hmm?,,
ID00033,00028f42,19, 聞いてやるよ, I'll listen,,
ID00033,00028f70,31, ちょ、ちょっと待て！, W-wait a second!,,
ID00033,00028fbb,24,「聞いてやるよ」,I'll tell you then.,,
ID00033,00029016,60,「ちょ、ちょっと待て！　なんか怖ぇーぞ」,"Whoa, whoa! This is kinda scary...",,
ID00033,000291e5,51,「知りたくないの？　この夏の結末」,Do you not wanna know? The ending of this summer?,,
ID00033,00029381,51,「む……わかったよ、言ってみろよ」,"Hmm... Fine, go ahead and say it.",,
ID00033,00029939,24,「私の真の名は、,"My real name is,",,
ID00033,00029960,63,　ラヴリア＝コーダ・ブラザリィ・イモート」,Lavria Cod Brazilly Immort.,,
ID00033,0002a732,36,「ラヴリア、コー…？？」,"Lavria, Cod...??",,
ID00033,0002a8e9,48,「にい君を……愛してるってこと」,I love you... Bro-kun...,,
ID00033,0002aaac,24,「ハアァアァ？」,Haaahhh??,,
ID00033,0002ac57,42,「愛してるよ……にい君……」,I love you... Bro-kun...,,
ID00033,0002ae14,21,「本気だから」,I'm serious.,,
ID00033,0002ae57,24,「ぐあああぁあ！,Gwaaaahhhh!!,,
ID00033,0002ae7e,39,　き、禁断の扉があああ！」,T-The forbidden door is ahhh!!,,
ID00033,0002b065,18,「くぐる？」,Go through it?,,
ID00033,0002b0a5,27,「くぐるかあっ！」,Go through it!!,,
ID00033,0002b2ad,21,「胸、触る？」,Touch my boobs?,,
ID00033,0002b42b,24,「触るかあっ！」,Touch meh??,,
ID00033,0002b5d6,27,「キス…しとく？」,Kiss...me?,,
ID00033,0002b75a,54,「ぐはっ！　やめてくれええぇえぇ！」,Guh! Stop itttt!!!,,
ID00033,0002b923,27,「１度したくせに」,You did it once before,,
ID00033,0002b9ef,42,「心が！　心が砕けるゥゥ！」,My heart's breakingggg!,,
ID00033,0002be03,51,「時空を越えて……ずっと一緒だよ」,I'll be with you forever and ever,,
ID00033,0002beda,18,「大好き…」,I love you...,,
ID00033,0002bf1a,48,「…ったく、お前には敵わないよ」,"...damn, you're too much for me",,
ID00033,0002c246,24,「ぎゅっとして」,Hug me tight,,
ID00033,0002c2e0,30,「時空が…見える…」,I can see the spacetime...,,
ID00034,0000198e,54,「こうして、いつもと変わらぬ日常が、,"And so, my usual everyday life has returned.",,
ID00034,000019d3,21,　還ってきた」,just like before.,,
ID00034,00001a16,39,「ハッキングされたことも、,"The hacked memories,",,
ID00034,00001a4c,54,　ハッキングしたことも、夏の思い出」,"the hacking itself, are now just summer memories.",,
ID00034,00001ab0,54,「もういくらアクセスしようとしても、,"No matter how much I try to access them again,",,
ID00034,00001af5,39,　同じ現象は、発現しない」,those phenomena won't appear anymore.,,
ID00034,00001b4a,51,「この夏のことは、いくつかの偶然が,This summer was the result of a few coincidences,,
ID00034,00001b8c,36,　重なり合って生まれた、,coming together.,,
ID00034,00001bbf,39,　夢だったのかもしれない」,It might've just been a dream.,,
ID00034,00001c14,30,「にい君を想う私と、,"My thoughts of you,",,
ID00034,00001c41,60,　私を大切に想うにい君の優しさが生んだ、,and your kindness toward me that created,,
ID00034,00001c8c,18,　仮想世界」,this world.,,
ID00034,00001ccc,45,「あるいは、私のただの妄想…」,"Or perhaps, it's just my imagination...",,
ID00034,00001d62,39,「けど…それでも構わない。,But... I don't care.,,
ID00034,00001d98,36,　あの瞬間、私の想いは…,My feelings did...,,
ID00034,00001dcb,33,　確かに時空を越えた」,Crossed time-space.,,
ID00034,00001e1a,42,「無限の可能性に…触れた…」,Touched the infinite possibilities...,,
ID00034,00001e72,27,「それだけで十分。,That's enough.,,
ID00034,00001e9c,45,　私は…自らの魔法を駆使して、,I used my own magic to,,
ID00034,00001ed8,36,　世界の理を越えたんだ」,transcend the laws of the world.,,
ID00034,00001f2a,51,「マナ＝リア・クロッサ・ワールド。,Mana-Reia Crossa World.,,
ID00034,00001f6c,30,　夢と現実の狭間で、,"Between dream and reality,",,
ID00034,00001f99,42,　きっとまた、道が開かれる」,the path will surely open again.,,
ID00034,00001ff1,42,「その時まで…私の力は封印」,Until then...my power is sealed.,,
ID00034,00002049,63,「今日も私は、使い手の宿命を享受しながら、,"Today, I'll enjoy my fate as a wielder and",,
ID00034,00002097,33,　あなたを追いかける」,chase after you.,,
ID00034,00002671,51,「ふがふが……にひ君、待っへよー」,"Heheh... Miu-chin, wait for me~",,
ID00034,00002963,63,「んぐんぐ……走るの…にがへなんらから…」,Nghnghn... Running is... so annoying...,,
ID00034,00002b3f,39,「置いへきぼりにすると……,If I leave you behind...,,
ID00034,00002b75,39,　バンダナ外しひゃうよ？」,I'll take off your bandana?,,
ID00035,00000ab7,33,「ひどいよ、にい君…」,"That's mean, Bro-kun...",,
ID00035,00000c5a,27,「あっ！　真奈！」,Ah! Mina!,,
ID00035,00000dea,39,「私に…動画を見せてくれる,You promised to show me the video...,,
ID00035,00000e20,30,　約束だったのに…」,But you didn't...,,
ID00035,0000121d,24,「そ、それは…」,S-sorry about that...,,
ID00035,000013c6,27,「言い訳はいい！」,No excuses!,,
ID00035,00001556,48,「しばらく…口も利きたくない…」,I don't wanna talk to you for a while...,,
ID00035,00001836,27,「それじゃあね！」,See you later!,,
ID00035,00001b72,57,（ごめん…約束破って。けど、俺は……）,(Sorry... I broke our promise. But I'm...),,
ID00036,00004afe,15,（真奈だ！,(It's Mana!,,
ID00036,00004b1c,39,　俺は、真奈に見せるために,I recorded a video to show Mana!,,
ID00036,00004b52,33,　動画を録ったんだ！）,),,
ID00036,00004e4b,48,抜けるような青空。心地よい潮風。,A bright blue sky. A pleasant breeze.,,
ID00036,00004e8a,33,学園への足取りが軽い。,My steps toward school are light.,,
ID00036,00004ed9,69,俺と真奈は兄妹だ。そのことは永遠に変わらない。,Mana and I are siblings.,,
ID00036,00004f2d,60,けど、真奈は…俺のことを慕ってくれてる。,But Mana... she looks up to me.,,
ID00036,00004f97,39,俺も…真奈のことが大切だ。,I also...,,
ID00036,00004fcd,66,手がかかるほどかわいい、かけがえのない妹だ。,"An irreplaceable, cute little sister.",,
ID00036,0000503d,60,あらためて伝えたい、いつまでも守るって。,I'll protect you always.,,
ID00036,00005088,36,俺はあいつの騎士だって。,I'm her knight.,,
ID00036,000050da,42,俺は…心に今日のことを刻む。,I'll... carve today into my heart.,,
ID00036,00005113,42,人生という一度きりの動画の、,"This is our one shot at life,",,
ID00036,0000514c,51,掛け替えのないレコチャンスなんだ！,our irreplaceable recording chance!,,
ID00036,00005448,36,（開場まであと１時間か。,(An hour until opening.),,
ID00036,0000547b,45,　どこも追い込みで大忙しだな。,"Everyone's in crunch mode, working overtime.",,
ID00036,000054b7,36,　俺も部室へ急がないと）,Gotta hurry to the clubroom.,,
ID00036,00005a70,36,「あ、おはよー、にい君」,"Hey, good morning, big bro.",,
ID00036,00005c34,27,「おはよう、真奈」,"Good morning, Mahiro.",,
ID00036,00005de2,36,「動画展の準備はどう？」,How's the video show prep going?,,
ID00036,00005e34,48,「おかげでバッチリ終わってるよ」,"Thanks to you, I'm all done.",,
ID00036,00005ff7,36,「そっかー、よかったね」,"Oh, that's great.",,
ID00036,00006184,45,「何時ぐらいに見に来る気だ？」,When do you plan on coming over?,,
ID00036,00006360,60,「んーと、お昼はちょっと用事があるから、,"Well, I have something to do at lunchtime, so",,
ID00036,000063ab,27,　夕方に行くよー」,See ya in the evening.,,
ID00036,000066a1,48,「そっか、じゃあ待ってるからな」,"Got it, I'll be waiting then.",,
ID00036,00006870,36,「うん、またあとでねー」,"Okay, see you later.",,
ID00036,00008497,56,「おっ、来たなー、@str_000。オーッス！」,"Yo, you're here, @str_000! Ohss!",,
ID00036,0000890f,32,「おはよー、@str_000君」,"Good morning, @str_000-kun.",,
ID00036,0000895d,18,「おはよう」,Good morning.,,
ID00036,00008b02,30,「イッヒッヒッヒッ」,"""Hehehehe!""",,
ID00036,00008cb3,30,「ウッヒッヒッヒッ」,Heheheh,,
ID00036,00008fc9,63,「なんだよ、俺の顔を見るなり笑いやがって。,What's with the laugh as soon as you see my face?,,
ID00036,00009017,21,　感じ悪いぞ」,That's kinda rude.,,
ID00036,000091bf,39,「いや～、悪りぃ、悪りぃ。,"Uh, sorry about that...",,
ID00036,000091f5,33,　つい、うれしくてよ」,"I just got happy, you know?",,
ID00036,000094fe,15,「あぁ？」,Huh?,,
ID00036,000096a0,48,「見直したってことだよ、お前を。,That means I've come to respect you.,,
ID00036,000096df,42,　やっぱ、最高の仲間だぜ！」,You're still the best friend ever!,,
ID00036,00009b55,57,「そうそう。一見、まともそうに見えて、,Just like you seem normal at first glance...,,
ID00036,00009b9d,36,　一番、危ないよねェ～」,You're really dangerous.,,
ID00036,00009e9c,27,「なんの話だよ？」,What are you talking about?,,
ID00036,0000a04a,36,「しらばっくれんなって。,Don't play dumb.,,
ID00036,0000a07d,33,　見たぜ、お前の動画！,You watched my video!,,
ID00036,0000a0ad,45,　このとんだシスコン野郎め！」,You damn siscon bastard!,,
ID00036,0000a4f0,15,「あっ！」,Oh!,,
ID00036,0000a692,57,「真奈タンといえば、中２の不思議タンで,Manaka-tan's a second-year mystery.,,
ID00036,0000a6da,54,　有名だけど、まさか、一番のファンが,but I never thought your number one fan would be,,
ID00036,0000a71f,42,　兄のキミだったなんてねぇ」,"your own brother, huh?",,
ID00036,0000abc0,30,「業が深けェなぁ～」,What a deep grudge~,,
ID00036,0000ad71,27,「業が深いねぇ～」,What a deep grudge~,,
ID00036,0000af1f,39,「ウッシャッシャッシャッ」,Ushahahaha~,,
ID00036,0000b0d9,39,「アッヒャッヒャッヒャッ」,Ahahahaha~,,
ID00036,0000b3f8,60,「そ、そうじゃねーよ！　あれには訳が…」,"N-No, that's not it! There's an explanation...",,
ID00036,0000b590,27,「ワケ？　どんな」,What? Explain.,,
ID00036,0000b74b,39,「そ、それは……自分でも、,"S-Something like... I, uh...",,
ID00036,0000b781,39,　よくわかんねーんだよ…」,I don't even really get it myself...,,
ID00036,0000b93b,39,「ハァ？　なんだそりゃ？」,Huh? What's that supposed to mean?,,
ID00036,0000bc67,42,「ウヒヒ、素直になりなよぉ。,"Hehe, be honest with me~.",,
ID00036,0000bca0,45,　妹の真奈タンが、好きで好きで,Your little sister Mana-tan is just so,,
ID00036,0000bcdc,39,　たまんないんでしょ～？」,"cute you can't stand it, right~?",,
ID00036,0000c28b,39,「そ、そんな訳ねーだろ！」,That's not true at all!,,
ID00036,0000c445,51,「じゃあ、どんなワケがあんだよ？」,"Well then, what the hell is your excuse?",,
ID00036,0000c5e1,24,「そ、それは…」,S-sorry about that...,,
ID00036,0000c78c,21,「シスコンめ」,You're such a siscon.,,
ID00036,0000c934,24,「シスコンだね」,You are a siscon.,,
ID00036,0000c97a,39,「ぐはっ、やめてくれぇぇ！,"Guh, stop ittt!",,
ID00036,0000c9b0,54,　俺はそんな目で真奈を見てねぇっ！」,I ain't lookin' at you like that!,,
ID00036,0000cb79,39,「まぁまぁ、ごまかすなよ。,"C'mon, don't try to hide it.",,
ID00036,0000cbaf,48,　あんなかわいい妹がいたんじゃ、,"With such a cute little sister around,",,
ID00036,0000cbee,24,　仕方ねーって」,There's no help for it.,,
ID00036,0000d1c4,42,「うんうん、仕方ないよね～。,"Yeah yeah, there's nothing we can do~",,
ID00036,0000d1fd,39,　うらやまけしからんよぉ」,I'm so jealous of you...,,
ID00036,0000d536,57,「だから、そんなんじゃねーってのに！」,That's not what I meant!,,
ID00036,0000dd5a,36,「チィーーーーーッス！」,Cheeeeeeese!,,
ID00036,0000ddac,18,「あ、部長」,"Hey, prez.",,
ID00036,0000e0b9,51,「シスコン動画、アザーーーッス！」,"Siscon vid, awesomeee!",,
ID00036,0000e28c,33,「ぐはっ、部長まで…」,"Guh, even prez...",,
ID00036,0000e440,39,「スッゲーーよ、あの動画！,That vid's sick!,,
ID00036,0000e476,45,　なかなかあんなに、妹への愛を,It takes guts to show,,
ID00036,0000e4b2,33,　さらけ出せねーって」,that much love for your sis.,,
ID00036,0000ef8c,21,「ヤルーーッ！,I'll do it too!,,
ID00036,0000efb0,60,　かわいい妹ちゃんの魅力、満載ジャーン」,Full of my cute little sister's charm.,,
ID00036,0000f2c7,15,「はは…」,Heh...,,
ID00036,0000f469,42,「それなのに、あんな隅っこで,"But still, to display it in such a corner",,
ID00036,0000f4a2,39,　展示しようとするなんて、,"like that,",,
ID00036,0000f4d8,30,　わかってネーナー」,You've got to be kidding me.,,
ID00036,0000f818,51,「俺が、ミスレコジェニックの横の、,"I'll put it next to the Miss Recogenic winner's,",,
ID00036,0000f85a,45,　目立つとこに移動しといたゼ」,I moved it somewhere more noticeable.,,
ID00036,0000fbbb,54,「俺が、目立つとこに移動しといたゼ」,I moved it to a spot where it'll stand out.,,
ID00036,0000fdc0,45,「えっ？　初心者の俺の動画を？,What? My beginner video?,,
ID00036,0000fdfc,27,　いいんですか？」,You're okay with that?,,
ID00036,0000ffaa,57,「アッレー？　キャリアとか気にすんの？,Whoa? You care about my career or something?,,
ID00036,0000fff2,18,　マジで？」,Really?,,
ID00036,0001040d,45,「カンケーねーって、そんなの。,"Who cares about that, though.",,
ID00036,00010449,60,　出来がよければそれでオッケージャン？」,"If it's good enough, that'll do just fine.",,
ID00036,00010a00,57,「ドーンと魅せちゃおうゼ、ドーンと！」,Let's wow 'em big time!,,
ID00036,00010d07,48,「よかったなぁ、これで学園中に、,Good for you. Now everyone at school,,
ID00036,00010d46,42,　お前のシスコンが広まるぞ」,will know how much of a siscon you are.,,
ID00036,00011179,48,「公然のシスコンライフ、おめ～」,"Public siscon life, yay~",,
ID00036,00011349,42,「くそ～っ、なんとでも言え。,"Damn it, say whatever you want.",,
ID00036,00011382,39,　俺はこの夏、最高の動画を,"This summer, I showed the best video.",,
ID00036,000113b8,30,　展示しただけだ！」,that's all!,,
ID00036,00011569,33,「おっ、開き直ったな」,You're standing your ground.,,
ID00036,00011858,45,「そうそう、その意気だってー。,"That's right, that's the spirit!",,
ID00036,00011894,39,　これでうちの展示は万全！,Now our display is perfect!,,
ID00036,000118ca,36,　一番人気は頂きだゼ！」,We've got the most popular one!,,
ID00036,00011ff2,51,「イッツ　ショウターーーーイム！」,It's showtime~!,,
ID00036,00013b90,18,「あ、内魔」,"Oh, Inner Demon.",,
ID00036,00013ed4,51,「真奈を幸せにしないと…許さない」,I won't forgive you if you don't make Mana happy...,,
ID00036,000140a7,39,「そんなんじゃねーって！」,That's not it!,,
ID00036,0001416b,57,「ってかお前、真奈と知り合いなのか！？,"Wait, do you know Mana!?",,
ID00036,000141b3,45,　なんで呼び捨てなんだよ！？」,Why are you calling her by her first name!?,,
ID00036,00014373,27,「フフフフフフ…」,Hehehehe...,,
ID00036,00015675,42,「よぉよぉ、そこの兄ちゃん、,"Yo yo, you there, dude,",,
ID00036,000156ae,57,　お宝生動画あるよ～、見てかね～か～」,"I've got some treasure videos, wanna check 'em out?",,
ID00036,00015bd7,54,「学園でも指折りの美少女の、体操服や,Check out the school swimsuits and,,
ID00036,00015c1c,39,　スク水がいっぱいだよ～」,cute swimsuits!,,
ID00036,00016133,39,「ドキドキの動画……ある」,Got some heart-pounding videos...,,
ID00036,00016398,27,「ウェッヘッヘッ、,"Heheh,",,
ID00036,000163c2,45,　お宝ＤＶＤも販売してるぜ～。,We've got treasure DVDs for sale too~.,,
ID00036,000163fe,54,　チラリ満載で５００円ポッキリだ！」,Packed with peeks and only 500 yen!,,
ID00036,00016c30,66,中井たちの客引きもあり、Ｅ動画部展は大盛況。,"Thanks to Nakai's sales pitch, it's packed.",,
ID00036,00016c81,42,ひっきりなしに客が訪れてる。,Customers are coming in nonstop.,,
ID00036,00016cd9,57,目立つところに展示されてる俺の動画は、,My videos grab everyone's attention.,,
ID00036,00016d21,24,常に人だかりだ。,there's always a crowd.,,
ID00036,00016d67,69,その感想はというと…すごく気に入る人もいれば、,Some people really dig it...,,
ID00036,00016dbb,39,否定的な人もいるって感じ。,Others are less into it.,,
ID00036,00016e10,57,俺は…良くも悪くも、自分の動画に評価が,Getting feedback on my vids matters...,,
ID00036,00016e58,51,下るってことが大事なんだと知った。,whether good or bad.,,
ID00036,00016eb9,66,結果を恐れず、人目に触れることが大事なんだ。,Don't be afraid to put yourself out there.,,
ID00036,00016f0a,27,きっと次に繋がる。,It leads somewhere good.,,
ID00036,00016f53,54,目立つ場所に俺の動画を置いてくれた、,Thanks for displaying my video.,,
ID00036,00016f98,39,堂下部長に感謝しなきゃな。,I owe him one.,,
ID00036,00016fed,33,そして、俺の休憩時間…,And during my break...,,
ID00036,000175d2,39,（ん？　すごい人だかりが。,Huh? There's a huge crowd.,,
ID00036,00017608,45,　なんだこの『仮想喫茶』って）,What's this 'Virtual Cafe'?,,
ID00036,000186ac,45,「あ、にい君、いらっしゃーい」,"Hey big bro, you're here!",,
ID00036,0001897d,33,「真奈！　その格好！」,Mana! That outfit!,,
ID00036,00018b31,45,「『仮想天使』のメインキャラの,"You're the main character of 'Virtual Angel',",,
ID00036,00018b6d,48,　プリティライトだよ。似合う？」,"Pretty Light, right? Does it suit you?",,
ID00036,00018e94,51,「あ、ああ、馴染み過ぎなぐらいだ」,"Ah, yeah, I fit in too well.",,
ID00036,0001905a,21,「ありがとー」,Thanks a lot.,,
ID00036,00019202,63,「うちのクラスの出しものは、私の発案なの。,Our class's contribution is my idea.,,
ID00036,00019250,42,　だから抜け出しにくくてね」,That's why it's hard to skip out on it.,,
ID00036,000197f5,39,「それで、動画展へ行くのを,So we went to the video exhibit.,,
ID00036,0001982b,45,　夕方にしてもらったってわけ」,in the evening instead.,,
ID00036,00019b33,60,「このこと、なんで俺に言わないんだよ？」,Why didn't you tell me about this?,,
ID00036,00019d02,36,「驚かせようと思ってね。,I wanted to surprise you.,,
ID00036,00019d35,54,　言わなくても、うちのクラスを覗きに,"Even without telling, you peeked into our class,",,
ID00036,00019d7a,24,　来たでしょ？」,didn't you?,,
ID00036,0001a1a8,21,「ま、まぁな」,Well... yeah.,,
ID00036,0001a350,27,「さっそく録る？」,Let's get started?,,
ID00036,0001a399,45,「おう、主題歌を踊ってくれよ」,"Sure, dance the theme song for us.",,
ID00036,0001a522,51,「いいよー。今日はお祭りだからね」,"Yeah, it's a festival today.",,
ID00036,0001d4af,63,そこに居合わせたみんなが、一斉に拍手した。,everyone there clapped in unison.,,
ID00036,0001d4fd,27,まさに拍手喝采だ。,That's a standing ovation.,,
ID00036,0001d6ab,45,「あはははー、盛り上がったね」,"Hahaha, it's really getting wild.",,
ID00036,0001d841,39,「いいぞ！　バッチリだ！」,Great! You're killing it!,,
ID00036,0001d9fb,63,「関係者用のリザーブ席が隅っこにあるから、,There's a reserved seat in the corner.,,
ID00036,0001da49,48,　座っててよ。お昼まだでしょ？」,"go sit down. It's not even lunchtime yet, right?",,
ID00036,0001dd54,48,「そうだな、オススメはなんだ？」,So what would you recommend?,,
ID00036,0001df4c,33,「仮想恋愛オムライス」,Virtual Love Omurice.,,
ID00036,0001e23b,57,「ケチャップで、『にい君ＬＯＶＥ』って,I'll write 'Bro-kun LOVE' in ketchup for you.,,
ID00036,0001e283,27,　書いてあげるよ」,I'll write it for you.,,
ID00036,0001e542,48,「やめっ！　ますますシスコンだと,Stop it! It'll make me seem more of a siscon!,,
ID00036,0001e581,27,　思われるだろ！」,"Everyone will, right?",,
ID00036,0001e6f8,21,「ますます？」,More so?,,
ID00036,0001e73b,39,「あーいや、なんでもない。,"Ah, no, never mind.",,
ID00036,0001e771,39,　普通のオムライスをくれ」,Just give me a regular omelette rice.,,
ID00036,0001e92b,57,「じゃあ、ハートマーク入れるだけだね」,Then I'll just ask for the heart symbol.,,
ID00036,0001eacd,30,「ハートもやめっ！」,No hearts either!,,
ID00036,0001f004,63,仮想恋愛オムライスは、なかなかの味だった。,The virtual love omurice was actually pretty tasty.,,
ID00036,0001f052,75,女子中学生が作ってるわけだし、つたないとこもあるが,It's made by middle school girls.,,
ID00036,0001f0ac,42,そこがいいって客も多いだろ。,But that's what some customers like.,,
ID00036,0001f104,42,楽しいな、学園祭は。そして…,"That's fun, school festival and all...",,
ID00036,0001f690,24,「ご来場の皆様、,"Ladies and gentlemen,",,
ID00036,0001f6b7,45,　本日はお越しくださいまして、,"Thanks for coming today,",,
ID00036,0001f6f3,42,　誠にありがとうございます」,Thanks a lot.,,
ID00036,0001f74b,60,「おかげさまで盛況となりました光海祭は、,And thanks to you all...,,
ID00036,0001f796,60,　あと３０分で閉幕とさせていただきます」,and it will be closing in thirty minutes.,,
ID00036,0001f800,60,「本日は、本当にありがとうございました。,Thank you so much for coming today.,,
ID00036,0001f84b,54,　お帰りの際は、お忘れ物のないよう、,Please don't leave anything behind.,,
ID00036,0001f890,33,　お気をつけください」,Take care.,,
ID00036,0001ff57,60,（今のアナウンスで客がいなくなったか…）,Did they leave after that?,,
ID00036,0001ffc1,57,（部長も、中井たちも、みんな動画録りに,They're recording videos.,,
ID00036,00020009,51,　行って帰ってこねーし、俺だけだ）,I'm the only one left here.,,
ID00036,000206fc,30,「にい君、来たよ～」,"""Hey Bro-kun, you're here~""",,
ID00036,00020883,42,「おっ、いいタイミングだな。,"Yo, good timing.",,
ID00036,000208bc,54,　ちょうど客がいなくなったとこだよ」,"Just now, they all disappeared.",,
ID00036,00020a85,36,「ずっと盛況だったの？」,Was it always busy?,,
ID00036,00020ad7,54,「ああ、ＤＶＤも売れてたみたいだし、,"Yeah, looks like DVDs were selling too.",,
ID00036,00020b1c,36,　かなり盛り上がったよ」,It was really packed.,,
ID00036,00020cd3,36,「そっか、よかったねー」,"Oh, that's good.",,
ID00036,00020fc5,51,「さっそくにい君の動画、見せてよ。,Show me your video right away.,,
ID00036,00021007,48,　ずっと楽しみにしてたんだから」,I've been looking forward to it for a while now.,,
ID00036,00021312,63,「おう、そこの目立つとこにあるのがそうだ」,"Yeah, they're over there in the spotlight.",,
ID00036,00022dc3,36,「うあー、私がいっぱい」,"Wow, I'm everywhere!",,
ID00036,00022f50,48,「ああ、この夏のお前の動画だよ」,This is the one from this summer.,,
ID00036,00023125,60,「タイトルは、『シスターズサマー』かぁ。,The title is 'Sisters Summer'.,,
ID00036,00023170,36,　妹録ったの丸出しだね」,You totally went all out.,,
ID00036,00023688,57,「幸せそうなお前を残さなきゃ…ってな。,I couldn't leave you looking so happy...,,
ID00036,000236d0,45,　見たいってヤツがいるだろ？」,There's gotta be someone.,,
ID00036,00023890,24,「パパとママ？」,Dad and Mom?,,
ID00036,000238d6,39,「それ以外にも…たぶん…」,Or maybe... there are others too...,,
ID00036,00023a90,57,「ふうん……なんとなくわかるよ、それ」,...Hmm... I kinda get what you mean.,,
ID00036,00023f09,45,「不思議な…夏だったものね…」,It was such a weird summer...,,
ID00036,000240e1,30,「ああ、そうだな…」,"Yeah, right...",,
ID00036,00024292,54,「ね、夜、片付けが終わったら、暇？」,"Hey, once we're done cleaning tonight, you free?",,
ID00036,0002456c,33,「ああ、予定はないぞ」,"Yeah, I'm free.",,
ID00036,00024720,42,「じゃあ、屋上へ行かない？」,Wanna go up to the roof then?,,
ID00036,000248b3,48,「…そうだな、一緒に星を見るか」,"...Sure, let's look at the stars together.",,
ID00036,00024a94,45,「うん、見よ。待ってるからね」,"Yep, see ya there. I'll be waiting.",,
ID00036,000259e1,21,（真奈は…と）,(Mina thinks...),,
ID00036,0002620d,48,「悪い、遅くなった。待ったか？」,Sorry for being late. Did you wait long?,,
ID00036,00026466,45,「そうでもないよ、今来たとこ。,"Not really, just got here.",,
ID00036,000264a2,51,　こっちも後片付け大変だったから」,Cleaning up was a pain too.,,
ID00036,00026949,15,「そっか」,Oh yeah,,
ID00036,00026d17,42,「屋上で待ってる時間なんて、,"The time waiting there,",,
ID00036,00026d50,45,　星の光が届く時間に比べたら、,"A blink compared to that,",,
ID00036,00026d8c,36,　瞬きみたいなもんだよ」,it's nothing.,,
ID00036,000271f0,30,「いいね、星空は…」,"You're right, the night sky...",,
ID00036,0002755b,54,「こうして見つめると、世界を感じる。,"When you look, you feel.",,
ID00036,000275a0,42,　真理に近づける気がする…」,It feels like we're closer to the truth.,,
ID00036,000278a5,33,「光が…つかめそう…」,I can... grab it...,,
ID00036,00027b6a,33,「出来るよ…お前なら。,You can do it... You can.,,
ID00036,00027b9a,42,　『魔法を司る者』だからな」,"After all, you're 'The Master of Magic'.",,
ID00036,00027ca8,48,「そう！　我は『魔法を司る者』！,That's right! I am 'The Master of Magic'!,,
ID00036,00027ce7,54,　火、水、風、雷、土、すべての精霊を,"Fire, water, wind, lightning, earth, all spirits",,
ID00036,00027d2c,24,　束ねる者ッ！」,Unite them together!!,,
ID00036,0002812d,63,「マナ＝リア・エターナ・インストラック！」,Mana-ria Eterna Instrack!,,
ID00036,00028403,57,「出でよクロノス！　時の暦を覆せッ！」,"Come forth, Chronos! Overturn the calendar of time!!",,
ID00036,00028669,18,「はははは」,Hahaha,,
ID00036,00028b24,45,「あのね…私も見たよ、怖い夢」,You see... I had a scary dream too.,,
ID00036,00028df5,12,「え？」,What?,,
ID00036,00028f5d,39,「ユイ姉が見たのと同じ…。,Just like Yui-nee saw...,,
ID00036,00028f93,45,　にい君が、交通事故に遭う夢」,I had a dream where you got in an accident.,,
ID00036,0002929b,24,「そ、そうか…」,R-Right...,,
ID00036,00029446,48,「にい君も……見たんじゃない？」,"Didn't you have the same dream, Bro-kun?",,
ID00036,000295df,42,「…ああ、そうだ。俺も見た」,"...Oh yeah, I did too.",,
ID00036,0002979c,51,「みんなで…同じ夢を見るなんて…」,It's weird that we all...,,
ID00036,00029acc,36,「あのね…ちょっと前に…,You see... a little while ago...,,
ID00036,00029aff,39,　恐ろしい夢を見たんだ…」,Had such a scary dream...,,
ID00036,00029dca,12,「夢？」,A dream?,,
ID00036,00029f75,54,「そう…。にい君が交通事故に遭う夢」,That's right...a dream about your car crash.,,
ID00036,0002a3c1,24,「そ、そうか…」,R-Right...,,
ID00036,0002a56c,54,「あ…もしかして、にい君も…見た？」,"Oh, did you maybe... see it too?",,
ID00036,0002a9b8,42,「…ああ、そうだ。俺も見た」,"...Oh yeah, I did too.",,
ID00036,0002ab75,48,「そっか…そんな気がしてたよ…」,I see... I kinda had that feeling...,,
ID00036,0002ae73,39,「同じ夢を…見るなんて…」,Having the same dream... is so weird...,,
ID00036,0002b197,51,「それだけじゃない。この何週間か、,"It's not just that. These past few weeks,",,
ID00036,0002b1d9,36,　夢なのか、現実なのか、,Dreams and reality are mixing up.,,
ID00036,0002b20c,60,　よくわからないことがいっぱいあって…」,and there's been lots of stuff I can't tell apart...,,
ID00036,0002b8fe,54,「掲示板の不審な検索…あったよね？」,Remember those weird searches on the board?,,
ID00036,0002ba9d,51,「！？　お前もその夢見たのか！？」,!? Did you have that dream too!?,,
ID00036,0002bc63,36,「夢？　夢…なのかな…」,Dream? Was it a dream...?,,
ID00036,0002c0c7,63,「夢と現実は紙一重…。まるで胡蝶の夢だね」,It's like the butterfly dream.,,
ID00036,0002c26f,12,「あ？」,Huh?,,
ID00036,0002c40e,48,「自分が蝶になった夢を見たのか、,Dreaming of being a butterfly.,,
ID00036,0002c44d,60,　自分が蝶の夢なのかわからないって説話」,Not sure if you're a butterfly.,,
ID00036,0002c892,39,「にい君が事故に遭った夢、,"The accident dream, Bro-kun,",,
ID00036,0002c8c8,27,　リアルだった…。,Was so real...,,
ID00036,0002c8f2,45,　私、ものすごく泣いたから…」,I cried really hard...,,
ID00036,0002ce63,51,「思いたくないけど…あれが現実で、,I don't want to think it was real...,,
ID00036,0002cea5,30,　今が夢…なんて…」,This can't be a dream...,,
ID00036,0002d36a,48,「あれが現実って、やめてくれよ。,That was real... stop it.,,
ID00036,0002d3a9,39,　俺、死んでんじゃねーか」,Don't tell me I'm dead.,,
ID00036,0002d563,24,「そうだよね…」,"Yeah, that's right...",,
ID00036,0002d5a9,60,「中二病、中二病。夢は夢、現実は現実だ。,Dreams aren't reality.,,
ID00036,0002d5f4,63,　たまたま一緒に、同じ夢を見ただけだって」,Maybe we did.,,
ID00036,0002d7c6,51,「…まぁ、そういうことにしとくよ」,"Well, I'll just go with that.",,
ID00036,0002dac7,54,「私は、にい君が元気なら、この世界が,"As long as you're doing well, Bro-kun, this world is",,
ID00036,0002db0c,57,　夢でも現実でも、どっちでもいいしね」,Either works.,,
ID00036,0002e0c0,18,「光と闇…」,Light and dark...,,
ID00036,0002e22e,24,「混沌と秩序…」,Chaos and order...,,
ID00036,0002e3d9,21,「現実と夢…」,Reality and dreams...,,
ID00036,0002e581,57,「この世界は、目に見えていることだけが,This world's more than meets the eye.,,
ID00036,0002e5c9,24,　全てじゃない」,You know?,,
ID00036,0002e8af,51,「今の私たちでは、わからないこと…,There's so much we can't figure out right now...,,
ID00036,0002e8f1,51,　手の届かないことがいっぱいある」,There are lots of things beyond our reach.,,
ID00036,0002ed2d,33,「いつか…私の魔法が、,One day... my magic will,,
ID00036,0002ed5d,60,　世界の理を解き明かして、再構築するよ」,figure out the laws of this world and rebuild them,,
ID00036,0002f178,54,「なんか…お前なら…って気がするよ。,I feel like... you can do it.,,
ID00036,0002f1bd,39,　…俺も十分、中二病だな」,"Guess I am, too.",,
ID00036,0002f249,63,「知ってた。ブラッドムーンナイトだからね」,I knew it. It's the Blood Moon Night.,,
ID00036,0002f3f1,48,「くっ、何度聞いても痛い名前だ。,"Ugh, hearing that name always hurts.",,
ID00036,0002f430,36,　封印してた過去なのに、,"It's the past I sealed away,",,
ID00036,0002f463,48,　なんで思い出しちまったんだ…」,why did it come back...?,,
ID00036,0002f626,33,「リミッター外した？」,You took off your limits?,,
ID00036,0002f675,63,「外すかぁっ！　俺にリミッターはないっ！」,Take them off?! I don't have any limits!!,,
ID00036,0002f847,57,「思い出した以上、主従の絆は永遠だね」,"Now that you remember, our bond is eternal.",,
ID00036,0002fb24,36,「うぅ…夢であってくれ」,Ugh... Please let it be a dream...,,
ID00036,0002fcdb,18,「現実だよ」,It's reality.,,
ID00036,0002fd1b,48,「くそ～っ、あの時の俺に会って、,"Damn, meeting the me from back then,",,
ID00036,0002fd5a,42,　小１時間説教してやりたい」,I'd lecture him for an hour.,,
ID00036,0002ff17,36,「過去の自分に会う…か」,Meeting past me... huh?,,
ID00036,0003024b,45,「６年前だと、６光年先だから、,"Six years ago, six light-years away...",,
ID00036,00030287,27,　距離にすると…」,In terms of distance...,,
ID00036,000306ed,39,「５７兆キロ先にある星から,The star 57 tril. km away,,
ID00036,00030723,48,　今すぐ地球を覗けば、会えるよ」,You could see Earth now.,,
ID00036,00030a2e,27,「行けるかあっ！」,Can I go?!,,
ID00036,00030bdc,51,「…宇宙のどこかで、色んなにい君と,Somewhere in space with you.,,
ID00036,00030c1e,48,　真奈がいる。私は…そう思うな」,Mina's there... I think so.,,
ID00036,00031192,48,「もしかしたら、にい君と真奈が、,"Maybe, you and Mina are...",,
ID00036,000311d1,48,　恋人同士の世界もあるかもよ？」,A couple in some world?,,
ID00036,000315e0,18,「ねーよ！」,No way!,,
ID00036,00031785,60,「王様とお姫様の世界があるかもしれない。,There might be a prince and princess world.,,
ID00036,000317d0,57,　クマさんとアヒルさんの世界があるかも,Or maybe even a bear and duck world...,,
ID00036,00031818,18,　しれない」,Who knows?,,
ID00036,00031af8,30,「可能性は無限だよ。,The possibilities are endless.,,
ID00036,00031b25,57,　私たち１人１人の未来が無限なように」,"Our futures are infinite, too.",,
ID00036,00031e39,48,「…そうだな。お前はそうやって、,Right... You can do that...,,
ID00036,00031e78,54,　夢を語りながら、未来を作ればいい。,Talk about your dreams and make them come true.,,
ID00036,00031ebd,27,　俺は応援するよ」,I'll cheer you on.,,
ID00036,0003206b,21,「ありがと…」,Thanks...,,
ID00036,00032213,45,「どんな世界でも大丈夫だよね？,"You're okay with any world, right?",,
ID00036,0003224f,48,　真奈とにい君は、仲好しだもん」,Mina and Bro-kun get along well.,,
ID00036,00032523,21,「当たり前だ。,Of course we do.,,
ID00036,00032547,57,　俺は…ブラッドムーンナイト…だろ？」,"I'm... the Blood Moon Knight, right?",,
ID00036,0003271f,12,「うん」,Yeah,,
ID00036,000329cf,21,「大好きだよ」,I love you so much.,,
ID00036,00032b77,54,「この夏、いろいろがんばったご褒美…,Reward for this summer...,,
ID00036,00032bbc,15,　あげる」,Here you go.,,
ID00036,000333b1,15,「んっ…」,...Mmm,,
ID00036,000333ee,12,「あ…」,...,,
ID00036,00033624,51,「時空を超えて……ずっと一緒だよ」,Across time and space... I'll always be with you,,
ID00036,00033836,18,「大好き…」,I love you...,,
ID00036,000338f1,36,「真奈…がんばったのは、,Mina... you did all the work.,,
ID00036,00033924,39,　俺じゃなくて、お前だよ」,"it was you, not me.",,
ID00036,00033aa7,21,「そうなの？」,Really?,,
ID00036,00033aea,39,「ああ、そんな気がする…」,"Yeah, I kinda feel that...",,
ID00037,000011bf,54,「こうして……不思議な夏は終わった」,And so... this mysterious summer has ended.,,
ID00037,00001223,42,「色んなことがあったような、,"It feels like so much happened, yet...",,
ID00037,0000125c,30,　なかったような…」,Like nothing ever did...,,
ID00037,000012a8,57,「夢だったような…現実だったような…、,"Like it was a dream, or reality...",,
ID00037,000012f0,21,　曖昧な体験」,An ambig exp...,,
ID00037,00001333,51,「私は…他の自分の存在を感じてた」,I felt the existence of another me.,,
ID00037,00001394,36,「身に覚えのないことが、,Things I don't remember.,,
ID00037,000013c7,54,　いっぱい起こったような気がしてる」,Seem to have occurred.,,
ID00037,0000142b,48,「けど、それも夢かもしれない…」,"but, those might've been dreams too...",,
ID00037,00001489,39,「にい君の動画を紐解けば、,"If I look into Bro-kun's videos,",,
ID00037,000014bf,45,　なにかわかる気がするけど…、,"I feel like I'd understand something... but,",,
ID00037,000014fb,24,　それはしない」,I won't do it.,,
ID00037,00001541,30,「きっと…すべてが…,I'm sure... everything is...,,
ID00037,0000156e,60,　にい君の動画がもたらした…奇跡だから」,a miracle brought about by Bro-kun's videos...,,
ID00037,000015d8,42,「私は…触れちゃいけない…」,I shouldn't touch them...,,
ID00037,00001630,63,「大好きなにい君が元気なら…それでいい…」,As long as Bro-kun's fine...,,
ID00037,000016d8,42,「世界には、光と闇がある…」,There's light and dark...,,
ID00037,00001730,54,「きっと…光が還って来られない世界の,I'm sure... the truth we seek lies ahead of a world,,
ID00037,00001775,51,　先にこそ、求めるべき真実がある」,where light can't return...,,
ID00037,000017d6,51,「いつか、すべてを解き明かしたい」,"One day, I want to uncover everything.",,
ID00037,00001837,30,「夢を…叶えたい…」,I want to make it real.,,
ID00037,00001883,42,「にい君は、私の大切な騎士。,@str_000 is my precious knight.,,
ID00037,000018bc,36,　今日も私を見守ってる」,Watching over me even today.,,
ID00037,0000190e,18,「大好き…」,I love you...,,
ID00037,00001de2,57,「８ｍｍ、ずいぶん慣れたみたいだねー」,"You've gotten pretty used to 8mm, huh?",,
ID00037,000020f9,39,「いいよね、古い機械って。,"Old machines are cool, right?",,
ID00037,0000212f,33,　時の流れを感じるよ」,You can feel the passage of time.,,
ID00037,00002443,27,「にい君の動画は…,Your videos...,,
ID00037,0000246d,42,　きっと、私を導いてくれる。,will surely guide me.,,
ID00037,000024a6,30,　そんな気がする…」,...I think so...,,
ID00037,00002978,42,「あ…不審なアクセスを検出」,Ah... Suspicious access detected,,
ID00037,00002b39,27,「図書室みたい…」,It's like a library...,,
ID00038,00000ab7,33,「ひどいよ、にい君…」,"That's mean, Bro-kun...",,
ID00038,00000c5a,27,「あっ！　真奈！」,Ah! Mina!,,
ID00038,00000dea,39,「私に…動画を見せてくれる,You promised to show me the video...,,
ID00038,00000e20,30,　約束だったのに…」,But you didn't...,,
ID00038,0000121d,24,「そ、それは…」,S-sorry about that...,,
ID00038,000013c6,27,「言い訳はいい！」,No excuses!,,
ID00038,00001556,48,「しばらく…口も利きたくない…」,I don't wanna talk to you for a while...,,
ID00038,00001836,27,「それじゃあね！」,See you later!,,
ID00038,00001b72,57,（ごめん…約束破って。けど、俺は……）,(Sorry... I broke our promise. But I'm...),,
ID00039,00001337,18,「あ、真奈」,"Ah, Mana.",,
ID00039,00001556,15,「にい君」,Big bro,,
ID00039,00001850,27,「これから水泳か」,"Swimming next, huh?",,
ID00039,00001a41,24,「そういうこと」,That's it.,,
ID00039,00001b11,36,「お前って、水泳の時も、,You wear it even when swimming.,,
ID00039,00001b44,42,　足のバンダナ外さねーのな」,do you?,,
ID00039,00001ce3,57,「これは泳ぐ時用。今、結んだ洗い立て」,This is for swimming; just washed.,,
ID00039,00001dc6,51,「とはいえ、外した方がよくねーか？,But maybe it's better to take it off?,,
ID00039,00001e08,33,　みんな嫌がるだろ？」,"Everyone'll hate it, right?",,
ID00039,00001e57,51,「そんなことないよ。これがないと、,Not at all. I can't do it without this.,,
ID00039,00001e99,30,　逆にみんな戸惑う」,Everyone'd be confused.,,
ID00039,0000226f,45,「ああ、常に身につけてるから、,"Yeah, I always wear it.",,
ID00039,000022ab,33,　見慣れ過ぎてるのか」,I guess I'm too used to it.,,
ID00039,000022fa,57,「否ッ！　私が真の力を発現することへの,NO! It's fear of me unleashing my true power!,,
ID00039,00002342,33,　恐れに他ならずッ！」,That's all there is to it!,,
ID00039,00002702,45,「我が名は『魔法を司る者』！」,My name is 'The Master of Magic'!,,
ID00039,000028cb,45,「私が本気を出せば、泳がずとも,"If I get serious, even without swimming",,
ID00039,00002907,48,　水の精霊が跪き、道を空ける！」,The water spirits will kneel!,,
ID00039,00002c45,24,「モーゼかよ！」,That's like Moses!,,
ID00039,00002c8b,51,「だから、本来私は泳ぐ必要がない」,"So, in reality, I don't need to swim at all.",,
ID00039,00002f3c,57,「はいはい、カナヅチの言い訳、言い訳」,"Yeah yeah, just excuses from a fish out of water.",,
ID00039,00003125,54,「日常において、真逆の弱点があるのは,I have a weakness in daily life.,,
ID00039,0000316a,51,　使い手の宿命。享受するしかない」,It's the fate of a user. We can only enjoy it.,,
ID00039,000034ae,39,「何度俺が教えてやっても、,I've taught you so much but,,
ID00039,000034e4,54,　泳げるようにならなかったからなぁ」,You never learned how to swim.,,
ID00039,00003811,39,「実兄の力を持ってしても、,With the strength of my older brother,,
ID00039,00003847,30,　宿命には抗えず…」,Fate can't be defied...,,
ID00039,00003a28,51,「だからといって、真の力を発現し、,"But that doesn't mean I'll unleash my true power,",,
ID00039,00003a6a,51,　みんなが泳ぐのを邪魔するわけには,can't let it get in the way of everyone swimming,,
ID00039,00003aac,24,　いかないし…」,and I won't.,,
ID00039,00003e8d,45,「だから、バンダナは外せない」,So I can't take off my headband.,,
ID00039,00004161,45,「はいはい、今日もがんばって、,"Alright, do your best today too.",,
ID00039,0000419d,30,　泳ぎの練習しろよ」,Practice swimming hard.,,
ID00039,00004373,24,「ん、がんばる」,"Yeah, I'll do my best.",,
ID00039,000043b9,24,「それじゃあな」,See ya.,,
ID00039,000045be,27,「うん、またねー」,See you later.,,
ID00040,000013cb,21,「おっ、真奈」,"Hey, Mana.",,
ID00040,000015ba,21,「あ、にい君」,"""Hey, bro.""",,
ID00040,00001a3c,42,「体育か。なんだったんだ？」,Track and field? What was it?,,
ID00040,00001bf9,21,「持久走だよ」,It's a long run.,,
ID00040,00001c3c,60,「そのわりに息切らしてないじゃないか？」,You're not even breathing hard.,,
ID00040,00001e0b,36,「日常の私は、運動能力が,My regular self has limited,,
ID00040,00001e3e,33,　制限されてるからね。,physical abilities you know.,,
ID00040,00001e6e,45,　息が切れるほど早く走れない」,I can't run that fast without getting winded.,,
ID00040,000020cf,60,「それは…サボってるだけじゃないのか？」,"That's just...because you slack off, right?",,
ID00040,0000226f,60,「バンダナを外したら、音速越えちゃうよ？,Take off your bandana?,,
ID00040,000022ba,48,　ソニックブームで周りが大迷惑」,Sonic boom annoys all.,,
ID00040,0000287c,60,「なんなら、光速の域に達することも可能」,Why not? I could even reach light speed.,,
ID00040,000029e1,42,「はいはい、中二病、中二病」,"Okay, okay, middle schooler.",,
ID00040,00002a39,63,「む…みんなが呼んでる…早く教室へ戻れと」,They're calling me.,,
ID00040,00002f47,51,「なにを受信してんだ？　なにを？」,What are you picking up? What's that?,,
ID00040,0000311d,51,「…って、もう、休み時間終わりか。,"...Oh, it's already over. Break time's done.",,
ID00040,0000315f,27,　俺も戻らねーと」,I better go too.,,
ID00040,0000343a,24,「それじゃあな」,See ya.,,
ID00040,000035fe,27,「うん、またねー」,See you later.,,
ID00041,0000180c,12,「あ…」,...,,
ID00041,000019d4,12,「あ…」,...,,
ID00041,00001b55,36,「ここに顔出さないでよ」,Don't show your face here.,,
ID00041,00001ba7,18,「わ、悪い」,S-Sorry,,
ID00041,00001d7d,15,「フン…」,Hmph...,,
ID00041,000020ad,15,「はぁ…」,...,,
ID00041,0000217c,18,「あ、凜世」,"Ah, Rinze",,
ID00041,0000234a,23,「あ、@str_000…」,"Oh, @str_000...",,
ID00041,0000238f,45,「休憩中か？　ならちょっと…」,On break? Then I'll just...,,
ID00041,0000254a,51,「ごめん、ちょうど休憩終わるとこ」,"Sorry, I was finishing up my break.",,
ID00041,000025ab,15,「そっか」,Oh yeah,,
ID00041,0000272f,15,「またね」,See ya later,,
ID00041,000027a7,21,「あ、妃月…」,"Ah, Himeragi...",,
ID00041,00002978,23,「あ、@str_000…」,"Oh, @str_000...",,
ID00041,000029bd,45,「休憩中か？　ならちょっと…」,On break? Then I'll just...,,
ID00041,00002b78,51,「ちょうど、休憩終わるとこだから」,Just as our break was ending.,,
ID00041,00002bd9,21,「そ、そっか」,R-Really?,,
ID00041,00002d63,18,「じゃあね」,See ya.,,
ID00041,00002dd1,12,「ああ」,Yeah.,,
ID00041,000030f1,27,（部室でも行くか）,Should I go?,,
ID00041,0000382f,36,「に～～い～～く～～ん」,Niiiiiikuuun~,,
ID00041,0000398f,39,「ま、真奈！　どうした？」,M-Mahina! What's up?,,
ID00041,000039e4,51,「初等部の子と親しげにトークとは、,"Chatting with a kid from elementary school,",,
ID00041,00003a26,48,　ずいぶん対象年齢が広いことで」,You really have a wide age range there.,,
ID00041,00003dcf,42,「おま…今のどこが親しそうに,Oh... Where did you see us being friendly?,,
ID00041,00003e08,27,　見えたんだよ？」,"You could see that, huh?",,
ID00041,0000402d,51,「ぐぬぬ…年齢の壁を越えた関係…」,Grr... A relationship beyond the age gap...,,
ID00041,00004218,48,「だから、そんなんじゃないって」,That's not what I meant.,,
ID00041,0000434c,60,「おま…凜世だぞ？　お前も知ってるだろ」,"Oh... It's Rinze, right? You know her too.",,
ID00041,000043e4,60,「おま…妃月だぞ？　お前も知ってるだろ」,"Oh... It's Himeragi, right? You know her too.",,
ID00041,00004658,51,「年齢の壁を越えた関係、ぐぬぬ…」,"A relationship beyond the age gap, grrr...",,
ID00041,00004714,36,「そんなんじゃないって」,That's not it.,,
ID00041,00004794,42,「そ、そんなんじゃないって！,T-That's not it!,,
ID00041,000047cd,36,　あいつはいつも１人で、,"She's always by herself,",,
ID00041,00004800,33,　放っておけなくて…」,"I can't just leave her alone...""",,
ID00041,0000484f,54,「そうして、年齢の壁を越えた関係に…,And our relationship...,,
ID00041,00004894,18,　ぐぬぬ…」,"Grrr...""",,
ID00041,00004de0,33,「だから違うってのに」,Even though it's not like that.,,
ID00041,00004ef1,36,「急にモテモテなことで」,She's so popular now.,,
ID00041,000054a4,57,（行っちゃったよ…。なんだってんだ？）,(She left... What the hell?),,
ID00042,0000140e,45,（ちょっと来るのが遅かったか。,Guess I'm a bit late.,,
ID00042,0000144a,39,　部活終わっちゃってるよ）,Practice's already over.,,
ID00042,0000170a,33,「にい君、待ってたよ」,"I was waiting for you, Bro-kun.",,
ID00042,000018ad,18,「真奈！？」,Mana!?,,
ID00042,00001a34,45,「なんとなく来る気がしたよー。,I kinda felt like coming here.,,
ID00042,00001a70,42,　この惹かれ合う以心伝心は、,This intuitive connection we share is...,,
ID00042,00001aa9,27,　兄妹の良さだね」,what makes siblings great.,,
ID00042,00001d81,36,「俺はお前がいるなんて、,Having you around is,,
ID00042,00001db4,33,　まるで感じてねーよ」,You're not feeling anything?,,
ID00042,00001f4a,48,「ホントに？　よーく思い出して」,Really? Think hard.,,
ID00042,00002250,60,「私となにかフラグが立ってるのを感じて、,"Don't you feel like something's starting between us,",,
ID00042,0000229b,54,　ここに来るのを選んだんじゃない？」,"That's why you chose to come here, right?",,
ID00042,0000243a,36,「む……そう言われると、,Mm... You make a point.,,
ID00042,0000246d,33,　そんな気がしてくる」,I'm starting to think so too,,
ID00042,00002603,18,「運命だね」,It must be fate.,,
ID00042,00002643,24,「偶然だ、偶然！,Just coincidence!,,
ID00042,0000266a,54,　で、俺を待ち構えてなんの用だよ？」,So what the hell do you want by waiting for me?,,
ID00042,00002845,48,「それは、ついてくればわかるよ」,You'll see if you come with me.,,
ID00042,00002a27,15,「あぁ？」,Huh?,,
ID00042,00002dad,60,「な、なんだよ、こんなとこに連れ込んで」,What the hell are you doing bringing me here?,,
ID00042,00002e17,18,「にい君…」,"Hey, big bro...",,
ID00042,00003242,33,「ほら……いいよ……」,See... it's fine...,,
ID00042,000033fa,33,「好きに……して……」,Do whatever you want...,,
ID00042,00003f3f,24,「するかあっ！」,You think so?,,
ID00042,0000424a,54,「きっちり録っといてそれはないよー」,"I'll make sure to record that, no way!",,
ID00042,000043f5,36,「ドキドキしたでしょ？」,"You were excited, right?",,
ID00042,00004447,24,「してねーっ！」,No way!,,
ID00042,000045d4,21,「おかしい…」,That's weird...,,
ID00042,00004617,60,「放課後、２人っきりの体育倉庫、体操服。,"After school, just us.",,
ID00042,00004662,36,　禁断の壁を越えるには、,"To cross that forbidden line,",,
ID00042,00004695,48,　絶好のシチュエーションのはず」,but you didn't.,,
ID00042,00004f4d,36,「だから、越えねーって」,So you couldn’t do it?,,
ID00042,0000526a,27,「ぐぬぬ…手強い」,Grr... You're tough.,,
ID00042,0000541b,48,「いつか必ず、にい君の無効化力を,"One day, I'll definitely neutralize your power",,
ID00042,0000545a,33,　無効化してみせるよ」,I'll show you what I mean.,,
ID00042,0000589d,36,「次の機会をお楽しみに」,Looking forward to our next chance.,,
ID00042,00005a64,18,「ははは…」,Hahaha...,,
ID00043,000014d0,63,（なんか雲行きが怪しいな。さっさと帰るか）,"Something's up, better head home.",,
ID00043,0000187d,60,（やばい！　降ってきた！　急がねーと！）,Shit! It started raining! We gotta hurry!,,
ID00043,00001fd6,15,「真奈！」,Mana!,,
ID00043,00002013,21,「あ、にい君」,"""Hey, bro.""",,
ID00043,00002446,15,「傘は？」,Where's your,,
ID00043,00002508,27,「不覚にも、ない」,I forgot it...,,
ID00043,00002592,39,「走らないと濡れるぞ！？」,You'll get soaked if you don't run!,,
ID00043,0000274c,48,「転んで制服が汚れるより、いい」,Better than ruining my uniform.,,
ID00043,000027aa,27,「転ぶの前提かよ」,You think I'd trip?,,
ID00043,000027f3,42,「想定より早く雨が襲来した。,The rain came sooner than expected.,,
ID00043,0000282c,63,　まさか、闇の尖兵が邪雲を呼び寄せるとは」,The vanguard called the clouds.,,
ID00043,00002e31,45,「不意の夕立って、普通に言え」,Just say sudden shower.,,
ID00043,00002fd3,45,「気にせず、先に行っていいよ。,You can go ahead if you want.,,
ID00043,0000300f,27,　歩いて行くから」,I'll walk ahead.,,
ID00043,000030b5,60,「そんなわけにいくか。おぶってやるから、,No way. I'll carry you.,,
ID00043,00003100,21,　背中に乗れ」,get on my back.,,
ID00043,0000328a,51,「む…さすがにそれは恥ずかしいね。,Mm... That's pretty embarrassing.,,
ID00043,000032cc,63,　数年前なら、喜んで乗るとこなんだけど…」,"A few years ago, I'd've happily gotten on... but...",,
ID00043,00003735,45,「手を引いてよ。誘導があれば、,"Hold my hand. If you lead me,",,
ID00043,00003771,54,　邪雲の雨の中でも、走ることが可能」,"Even in the rain, I can run.",,
ID00043,00003c41,60,「よし、手を繋げばいいんだな。行くぞ！」,"Okay, so we just hold hands then! Let's go!",,
ID00043,00003e1c,12,「ん！」,Hm!,,
ID00043,000040e8,30,「はぁ…はぁ…はぁ」,Haa... Haa... Haa...,,
ID00043,00004134,57,「結局、びしょ濡れだね…はぁ…はぁ…」,"In the end, we're all soaked... Haa... Haa...",,
ID00043,0000419b,63,「これは…この後…一緒にシャワーを浴びて、,"This is it... After, we'll shower...",,
ID00043,000041e9,48,　はぁ…はぁ…暖まるパターン？」,To warm up?,,
ID00043,00004247,48,「自分の部屋のシャワーを使え！」,Use the shower in your own room!,,
ID00043,000042a5,63,「ぐぬ…宿舎暮らしの弊害がこんなとこに…」,Guh... The drawbacks of dorm life show up here...,,
ID00043,00004312,51,「歴代妹キャラで、最弱…確定か？」,Am I the weakest sister char?,,
ID00043,00004373,45,「お前はなにを言ってるんだ？」,What are you talking about?,,
ID00044,0000150c,39,（なにかいい被写体は…と）,Looking for a good subject...,,
ID00044,00001a3b,15,「真奈…」,Mina...,,
ID00044,00001a78,21,「あ、にい君」,"""Hey, bro.""",,
ID00044,00001f89,39,「珍しいな、泳げないお前が,"It's rare to see you, who can't swim,",,
ID00044,00001fbf,36,　波打ち際に１人なんて」,standing alone at the water's edge.,,
ID00044,000021d4,12,「ん…」,Hmm...,,
ID00044,0000220e,36,「世界を…見つめてたの」,You were looking at the world...,,
ID00044,0000258e,18,「世界を？」,The world?,,
ID00044,000025ce,12,「そう」,Yeah.,,
ID00044,00002955,42,「海も…空も…綺麗だなって」,The sea...the sky...they're beautiful.,,
ID00044,00002f2c,39,「世界の理は、この美しさを,Isn't the world beautiful?,,
ID00044,00002f62,42,　守るためにあるんだろうね」,is to protect this beauty?,,
ID00044,00003230,45,「はは、お前らしいほめ方だよ」,That's so like you.,,
ID00044,0000328b,42,「にい君や、私や、ユイ姉や、,You and I and Ui-onee-chan and...,,
ID00044,000032c4,45,　生きとし生けるものすべてが、,"Everyone who lives in this world,",,
ID00044,00003300,45,　この世界の理の中で生きてる」,lives within the order of it.,,
ID00044,00003737,39,「それが当たり前。けど…」,That's just how it is. But...,,
ID00044,000039f8,30,「その理を越えたら、,What if you surpass it?,,
ID00044,00003a25,48,　世界はどう見えるんだろうね？」,How would the world look then?,,
ID00044,00003db4,36,「…よくわかんねーけど、,"...I don't really get it, but",,
ID00044,00003de7,51,　越えられないから、理なんだろ？」,"Because we can't cross it, right?",,
ID00044,00003e48,54,「ううん、今、みんなが信じてる理が、,"No, what everyone believes now,",,
ID00044,00003e8d,36,　ホントとは限らないよ」,isn't necessarily the truth.,,
ID00044,00004153,60,「水平線が丸い理由に、初めて気づいた人は,The first person to realize why the horizon is round,,
ID00044,0000419e,36,　ビックリしただろうね」,must've been shocked.,,
ID00044,0000486d,51,「だって、平らだと思ってた世界が、,"After all, they thought the world was flat,",,
ID00044,000048af,30,　丸かったんだもん」,but it turned out to be round.,,
ID00044,00004d80,51,「世界が…違って見えただろうね…」,The world... must've looked different.,,
ID00044,00004f1c,24,「そうかもな…」,...Maybe you're right.,,
ID00044,00005101,48,「なに悩んでんのか知んねーけど、,"I dunno what you're worrying about, but",,
ID00044,00005140,42,　丸かろうと、平らだろうと、,"whether it's round or flat,",,
ID00044,00005179,39,　綺麗なもんは綺麗だぞ？」,a pretty thing is still pretty.,,
ID00044,000052fc,24,「気にすんなよ。,Dont' worry so much.,,
ID00044,00005323,48,　…ただし、妄想はほどほどにな」,But keep your fantasies in check...,,
ID00044,000054e6,18,「にい君…」,"Hey, big bro...",,
ID00044,000056c0,57,「１つだけ、絶対に不変な理があったよ」,There was one absolute truth I knew for sure:,,
ID00044,00005896,45,「にい君は、私に勇気をくれる」,You give me courage.,,
ID00044,00005a63,51,「それだけは、永遠に変わらないね」,That'll never change.,,
ID00044,000061d3,45,こうして、真奈と海を見つめた。,I looked at Mana and the sea like this.,,
ID00045,0000105c,51,（あ！　階段を上がっていくのは…）,(Oh! The one going up the stairs is...),,
ID00045,000010be,25, レコチャンスだ！, Recording chance!,,
ID00045,000010f2,25, 録るまでもないな, Not worth recording,,
ID00045,00001834,30,（録るまでもないな）,No point recording.,,
ID00046,000010fc,54,（おっ、フェンス際で話してるのは…）,"(Oh, the one talking by the fence is...)",,
ID00046,00001161,25, レコチャンスだ！, Recording chance!,,
ID00046,00001195,25, 録るまでもないな, Not worth recording,,
ID00046,00001679,48,「あ、そのカメラアプリいいね～。,"Hey, that camera app looks cool~.",,
ID00046,000016b8,36,　レトロ調でカッコいい」,It's retro and cool.,,
ID00046,00001b2a,51,「メッセージも簡単に入れられるし、,"You can easily add messages too,",,
ID00046,00001b6c,24,　オススメだよ」,I recommend it.,,
ID00046,00001e97,15,「無料？」,Is it free?,,
ID00046,00002045,48,「基本はね。フィルターを増やすと,"Basically. But if you want more filters,",,
ID00046,00002084,24,　お金がかかる」,it costs money.,,
ID00046,0000242b,15,「ふうん」,Hmm.,,
ID00046,00002596,45,「最初は無料で試してみれば？」,How about trying it for free first?,,
ID00046,00002952,33,「そうね～、そうする」,"Okay then, I'll do that.",,
ID00046,00002f32,30,（録るまでもないな）,No point recording.,,
ID00047,000011b3,60,（あ！　あそこでストレッチしてるのは…）,(Oh! The one stretching over there is...),,
ID00047,0000121e,25, レコチャンスだ！, Recording chance!,,
ID00047,00001252,25, 録るまでもないな, Not worth recording,,
ID00047,00001698,12,「んっ」,Mmnh,,
ID00047,00001800,24,「む…む…む…」,Mm... mm... mm...,,
ID00047,00001974,15,「ふう…」,Phew...,,
ID00047,00001fea,27,（体硬すぎだぞ～）,(Your body's too stiff~),,
ID00047,00002046,30,（録るまでもないな）,No point recording.,,
ID00048,0000116c,54,（うちのプールって、フェンスの隙間が,There's a hole in our fence.,,
ID00048,000011b1,42,　大きくて、のぞこうと思えば,you could.,,
ID00048,000011ea,30,　のぞけるんだよな）,You know?,,
ID00048,00001237,10, のぞく, Peek,,
ID00048,0000125c,16, のぞかない, Don't peek,,
ID00048,00001298,48,（ちょっとだけ…のぞいてみるか）,...I'll just take a quick peek then.,,
ID00048,000016f7,15,「んむ…」,Hmm...,,
ID00048,00001d6d,60,（思わず…録ってしまった…。後で消そう）,I couldn't help recording it... I'll erase it later.,,
ID00048,00001dea,57,（いやいや、のぞくわけにいかないだろ。,"Nah, I can't exactly peek, though.",,
ID00048,00001e32,24,　教室へ戻ろう）,Let's head back.,,
ID00049,0000108c,60,（あ！　シャワーを浴びてるのは、真奈！）,(Oh! It's Mahiro taking a shower!),,
ID00049,000010f7,25, レコチャンスだ！, Recording chance!,,
ID00049,0000112b,25, 録るまでもないな, Not worth recording,,
ID00049,00001541,21,「ルールー♪」,Ruu~♪,,
ID00049,000015de,18,「ルルー♪」,Ru~♪,,
ID00049,00001a57,30,（録るまでもないな）,No point recording.,,
ID00050,000012ac,57,（暑っち～っ。夏も終わりが近いってのに,It's still so hot...,,
ID00050,000012f4,30,　なんだこの暑さは）,Summer's almost over.,,
ID00050,00001340,33,（風が吹いてくれれば、,"If only there was a breeze,",,
ID00050,00001370,42,　少しは涼しくなんだけど…）,I could feel cooler... but nope...,,
ID00050,00001416,33,（まさか…この風は…）,Could it be... that wind is...?,,
ID00050,00001466,25, レコチャンスだ！, Recording chance!,,
ID00050,0000149a,25, 録るまでもないな, Not worth recording,,
ID00050,00001c4a,51,（うおおおおおっ！　神風だあッ！）,Ahhh! It's a divine wind!,,
ID00050,00002420,24,「あっ、にい君」,"Ah, Bro-kun.",,
ID00050,000025a1,18,「よ、よぉ」,Y-yeah,,
ID00050,00002639,33,「いつから…そこに？」,Since when... were you there?,,
ID00050,0000286d,45,「…ちょ、ちょっと前からだよ」,"W-well, a little while ago.",,
ID00050,00002a69,18,「…見た？」,...Did you see it?,,
ID00050,00002aa9,42,「い、いや、その…それは…」,"N-no, um... I didn't really...",,
ID00050,00002b01,30,「くっ、見られてる」,"Crap, she saw me.",,
ID00050,00002db5,60,「私の対神風防御動作をかいくぐるとは…」,To slip past my anti-divine wind defense...,,
ID00050,00002f66,45,「にい君の無効化力、恐るべし」,Your nullifying power's scary.,,
ID00050,000030fc,24,「それじゃあね」,See ya.,,
ID00050,00003692,39,（つい…録ってしまった…）,(I couldn't help but record it...),,
ID00050,000036fa,30,（録るまでもないな）,No point recording.,,
ID00051,000016d3,48,（あれ？　窓際の席にいるのは…）,(Huh? The person sitting by the window is...),,
ID00051,00001f1a,57,「真奈、心美先生となにやってるんだ？」,"Mina, what are you doing with Ms. Shinmi?",,
ID00051,00001f81,21,「あ、にい君」,"""Hey, bro.""",,
ID00051,00002536,17,「@str_000君」,@str_000-kun,,
ID00051,000026da,57,「心美先生に、オフィスソフトの使い方を,Ms. Shinmi was teaching me how to use,,
ID00051,00002722,21,　教えてたー」,office software--,,
ID00051,000028ac,33,「エヘヘ、そうなのぉ」,"*giggle* Yeah, that's right.",,
ID00051,00002b7d,60,「表計算ソフトで、とあるデータの一覧表を,I made a list of some data using spreadsheet,,
ID00051,00002bc8,57,　作ったんだけど、データベースソフトの,"software, but I need database software to",,
ID00051,00002c10,60,　データとリンクさせなきゃならなくて…」,"I need to link the data, but...",,
ID00051,00002f16,39,「そのやり方が、どうしても,I just couldn't figure out how.,,
ID00051,00002f4c,36,　わかんなかったのよぉ」,It was so confusing.,,
ID00051,00003253,42,「先生が生徒に聞くってのも、,Even asking a teacher is...,,
ID00051,0000328c,30,　どうかというか…」,Not much I can do.,,
ID00051,0000341f,39,「だって、難しいんだもん、,"Because it's really hard, you know?",,
ID00051,00003455,33,　仕方ないじゃな～い」,There's no helpin' it~,,
ID00051,000037c4,30,「うん、仕方ないよ」,"Yeah, nothing we can do.",,
ID00051,00003adc,45,「同じメーカーのソフトなのに、,"Same company's software, but",,
ID00051,00003b18,45,　まるで裏技みたいなコマンドを,you gotta use some kinda secret command,,
ID00051,00003b54,54,　使わなきゃ、リンクできないからね」,"in order to link 'em, ya know?",,
ID00051,00003fb2,18,「そうそう！,That's right!,,
ID00051,00003fd3,42,　私が出来ないんじゃなくて、,"It's not that I can't do it,",,
ID00051,0000400c,54,　ソフトが難しいのが悪いんだもん！」,it's the software being hard to use!,,
ID00051,000042ab,48,「真奈はどうして知ってたんだ？」,How did Mana know about this?,,
ID00051,00004752,63,「自作プログラムのリソースを管理する時に、,"When managing resources for self-made programs,",,
ID00051,000047a0,33,　その機能をよく使う」,I use that feature a lot.,,
ID00051,00004936,57,「おかげで助かっちゃった。ありがとね」,"Thanks to you, I'm saved. Thanks!",,
ID00051,00004ecf,39,「礼には及ばないと思われ」,You're welcome.,,
ID00051,00004f24,27,「それじゃあね～」,See ya~,,
ID00051,00005634,42,「お前って、ビジネスソフトも,Handle business software?,,
ID00051,0000566d,36,　使いこなしてるのかよ」,so well too.,,
ID00051,00005a0a,30,「事務師匠と呼んで」,Call me the office master.,,
ID00051,00005b91,18,「はははは」,Hahaha,,
ID00052,000018ab,57,（中等部のフロアか。レコチャンスは…）,"(Middle school floor, huh? The record changer is...)",,
ID00052,00001912,39,（ん？　教室から気配が…。,Hm? A presence...,,
ID00052,00001948,39,　まだ誰か残ってるのか？）,Is someone still in there?,,
ID00052,0000203e,27,「むうぅぅぅぅ…」,"""Muuuuu...""",,
ID00052,000020a5,54,「ブラックホール内部と、我々の宇宙の,Inside a black hole and the event horizon...,,
ID00052,000020ea,51,　境界に存在する…事象の地平面…」,that exists at the boundary of our universe...,,
ID00052,0000219e,39,「一般相対性理論の解には、,The solution to...,,
ID00052,000021d4,36,　必ず特異点が存在する。,a singularity.,,
ID00052,00002207,54,　けど、量子重力理論の観点からは…」,but from quantum...,,
ID00052,000022b9,33,「な、なんだこの数式」,W-What's this equation?,,
ID00052,00002358,57,「あ、にい君。最新の宇宙物理学による、,"Ah, Bro-kun.",,
ID00052,000023a0,42,　ブラックホールの解析だよ」,It's about black hole research.,,
ID00052,000028f5,30,「また適当なことを」,Just spouting off again.,,
ID00052,00002af2,63,「本当だって。まだまだ、一般的な解釈の域を,I'm serious. It's still within the realm of,,
ID00052,00002b40,30,　超えてないけどね」,common interpretation though.,,
ID00052,00002e39,33,「この意味不明な数式を,This incomprehensible equation,,
ID00052,00002e69,48,　ちゃんと理解してるってのか？」,"You really understand it, huh?",,
ID00052,00002ff5,60,「わかってるけど、わからないことだらけ」,"I get it, but there's so much I don't",,
ID00052,00003304,30,「どっちなんだよ？」,Which is it then?,,
ID00052,00003593,54,「宇宙の真理には、ほど遠いってこと」,It means we're far from the truth of the universe,,
ID00052,000035f7,39,「そんなの当たり前だろ？」,Isn't that obvious?,,
ID00052,000037b1,54,「当たり前だけど、当たり前じゃない」,"That goes without saying, but it doesn't",,
ID00052,00003950,30,「どっちなんだよ？」,Which is it then?,,
ID00052,00003b01,60,「探求しなきゃ、尻尾も捕まえられないって,Seek and you'll find.,,
ID00052,00003b4c,12,　こと」,That's all.,,
ID00052,00003d15,57,「ふうん…俺にはまるでわかんねーなぁ。,Hmm... I got no clue.,,
ID00052,00003d5d,24,　それじゃあな」,Later then.,,
ID00052,00003eea,27,「残念。またねー」,"Aw, damn it.",,
ID00052,00004123,42,「うわっ！？　なにこれ！？」,Whoa!? What's this!?,,
ID00052,0000483d,51,「こんな複雑な数式、見たことない。,I've never seen such a complex equation before.,,
ID00052,0000487f,39,　真奈ちゃんが書いたの？」,Did Mana write this?,,
ID00052,00004d62,12,「そう」,Yeah.,,
ID00052,00004f8c,48,「すごい……ちっともわかんない」,Wow... I don't get any of it.,,
ID00052,0000518c,57,「ファンタジーな数式だって。適当だよ」,It's some fantasy math. It's just random.,,
ID00052,0000545d,57,「あ、でもこの辺り、相対性理論でしょ？,"Oh, but this part's about relativity, right?",,
ID00052,000054a5,30,　なんとなくわかる」,I kinda get it.,,
ID00052,00005a8e,30,「わかるのかよ！？」,You actually understand?!?,,
ID00052,00005c4b,60,「そう、相対性理論を４次元的に解釈した」,"Yeah, I interpreted relativity in four dimensions.",,
ID00052,00006054,18,「４次元？」,Four dimensions?,,
ID00052,00006094,42,「はいはい、中二病、中二病」,"Okay, okay, middle schooler.",,
ID00052,000060ec,60,「物理が好きなんだぁ。こうやって楽しんで,You really like physics. It's fun to study,,
ID00052,00006137,36,　勉強するのっていいね」,like this.,,
ID00052,00006752,36,「考えるのは楽しいよー」,It's so much fun to think about.,,
ID00052,00006954,33,「うんうん、そうよね」,"Yeah, yeah, you're right.",,
ID00052,00006c9c,63,「真奈ちゃんとは、時々、図書室で話すけど、,"Sometimes I talk to Mana-chan in the library, but",,
ID00052,00006cea,57,　こんな身近にライバルがいたなんて…」,I never realized she was such a close rival...,,
ID00052,00007114,51,「ううん、文字通り次元が違うから、,"Nope, we're literally from different dimensions, so",,
ID00052,00007156,30,　成績は関係ないか」,Our grades don't matter.,,
ID00052,00007385,51,「そう、たいして成績よくないから」,"That's right, my grades aren't that great anyway.",,
ID00052,00007619,42,「今度、４次元のこと教えて」,"Next time, teach me about 4D stuff.",,
ID00052,00007802,60,「いいよ。一緒に時空の地平を感じようよ」,"Sure, let's feel it together.",,
ID00052,00007e40,39,（ああ…反町が中二病に……,Oh... Sorimachi's going emo...,,
ID00052,00007e76,54,　ならないか。現実的なヤツだからな）,She's too practical for that.,,
ID00053,00001b07,54,「あ、ベリィ君、ちょうどいいとこに」,"Hey, Veli-kun, you're just in time.",,
ID00053,00001cbf,12,「え？」,What?,,
ID00053,00001ebf,42,「跳び箱を出すように先生から,The teacher asked for the vault.,,
ID00053,00001ef8,60,　言われたんだけど、女子だけじゃ重くて」,"but it's too heavy for just girls to move,",,
ID00053,00002196,27,「手伝うわよね？」,so can you help?,,
ID00053,00002239,27,「…もちろんです」,Of course I will.,,
ID00053,000022b4,30,「じゃ、ヨロシクね」,"Alright, take care.",,
ID00053,00002761,45,（はぁ…ベリィも楽じゃないな）,...You must be tired too...,,
ID00053,00002e61,30,「じとーーーーーー」,(Stare--),,
ID00053,00002ead,18,「ま、真奈」,M-Mana,,
ID00053,000031db,45,「マリアさんから頼み事なんて、,"Mariana asked me to do a favor, but",,
ID00053,00003217,36,　ずいぶん親しいことで」,That's quite a close request.,,
ID00053,00003346,57,「お前、マリアさんと知り合いなのか？」,You know Mariana?,,
ID00053,0000352b,30,「ユイ姉を通じてね。,"Through Yui-nee, actually.",,
ID00053,00003558,45,　にい君もそんな感じでしょ？」,"And you're like that too, right?",,
ID00053,000036ee,27,「まぁ、そうだな」,"Yeah, that's right.",,
ID00053,0000387e,27,「それにしても…」,...Still...,,
ID00053,00003a68,54,「国籍を越えての信頼関係……ぐぬぬ」,A relationship of trust across nationalities... Grrr,,
ID00053,00003c50,39,「なに言ってんだ？　お前。,What are you talking about?,,
ID00053,00003c86,60,　ただいいようにお願いされてるだけだぞ」,Just doing what I'm asked to do.,,
ID00053,00003db0,36,「急にモテモテなことで」,Suddenly she's all popular.,,
ID00053,000041af,57,（行っちゃったよ…。なんだってんだ？）,(She left... What the hell?),,
ID00053,000046b0,63,「ベリィ君！　手伝うなら早くしなさいよ！」,"Veli-kun! If you're gonna help, hurry up!",,
ID00053,0000471d,33,「い、今行きますって」,I-I'm coming right now,,
ID00053,0000476c,27,「よいしょっ…と。,...Heave ho...,,
ID00053,00004796,45,　一番上が、重いんですよね～」,The top one is really heavy~,,
ID00053,000047f1,63,「そうそう、ありがと。頼りになるじゃない」,"Yeah, thanks. You're a lifesaver.",,
ID00053,0000485e,39,こうして、跳び箱を運んだ。,And that's how we moved the vault.,,
ID00054,0000146c,45,（ん？　家庭科室にいるのは…）,Hm? The one in the home economics room is...?,,
ID00054,000018dc,33,「まだ残ってたのか？」,Still here?,,
ID00054,00001acd,39,「あ、にい君、いいとこに」,"Oh, @str_000, you're in a good spot.",,
ID00054,00002402,30,「今、調べてたとこ」,I was just checking it out.,,
ID00054,0000244e,24,「なにをだよ？」,Checking what?,,
ID00054,000025ea,51,「にい君を悩殺するセクシーポーズ」,The sexy pose that'll drive you wild.,,
ID00054,000027ac,18,「ハァア？」,Huh?,,
ID00054,00002933,39,「言ったでしょ？　にい君が,Didn't I say? To check if,,
ID00054,00002969,60,　私を好きになるかどうか、確認するって」,you'd like me or not.,,
ID00054,00002c49,33,「俺とお前は兄妹だ！」,We're siblings!,,
ID00054,00002dfd,60,「録りたくないの？　私のセクシーポーズ」,Don't you want to record me? My sexy poses.,,
ID00054,00002fbb,24,「う…それは…」,Ugh... That's...,,
ID00054,00003002,19, 録りたいっ！, I wanna film!,,
ID00054,00003030,40, 録りたくない…わけではない," I do want to, but...",,
ID00054,00003073,25, 録りたくねーよ！, I don't wanna film!,,
ID00054,000030b8,24,「録りたいっ！」,I do wanna record!,,
ID00054,00003113,45,「録りたくない…わけではない」,It's not that I don't wanna...,,
ID00054,000032f7,48,「だよねー、そう言うと思ったよ」,"Yeah, I figured you'd say that.",,
ID00054,00003534,54,（録りたくねーよ！　なんて言ったら、,I wouldn't say I wanna get recorded... though,,
ID00054,00003579,33,　傷つくんだろうな…。,"It'd hurt, yeah.",,
ID00054,000035a9,42,　兄として、それは言えねー）,"As an older brother, I can't say that.",,
ID00054,00003601,51,「せっかくだから、録らせてくれよ」,"Well, since we're here, let's record it.",,
ID00054,000037ec,48,「うんうん、そう言うと思ったよ」,"Yeah yeah, figured you'd say that.",,
ID00054,00003adf,45,「じゃあ、ネットで調べた成果を,So I'll show off what I found online,,
ID00054,00003b1b,45,　披露するから、録ってみてよ」,and let me record it?,,
ID00054,00003cca,18,「お、おう」,Y-Yeah.,,
ID00054,0000412e,30,「エヘッ、いいよ…」,"Hehe, sure...",,
ID00054,000042ba,30,「私を…料理して…」,Cook me up...,,
ID00054,00004cb8,54,「いやいやいやいや、料理しねーから」,"Nah nah nah nah, I'm not gonna cook you.",,
ID00054,00004e63,51,「むむ……録っておいて無効化とか、,Mm...record it to nullify.,,
ID00054,00004ea5,33,　録られ損なんだけど」,but I missed out on recording it.,,
ID00054,0000516a,39,「まぁ、兄妹じゃなければ、,"Well, if we weren't siblings,",,
ID00054,000051a0,33,　ドキッとしたかもな」,I might've gotten a shock.,,
ID00054,00005336,54,「ぐぬぬ…いつか、にい君の無効化力を,"Grr... someday, I'll surpass your invalidation power",,
ID00054,0000537b,24,　越えてみせる」,and show you,,
ID00054,000057c0,36,「次の機会をお楽しみに」,Looking forward to our next chance.,,
ID00054,00005977,42,「次があんのかよ？　はぁ…」,Is this next? Haa...,,
ID00055,00001822,63,（ん？　昼休みになってずいぶん経つってのに,Huh? It’s been a while...,,
ID00055,00001870,42,　家庭科室から人の気配が…）,Someone in the home ec room?,,
ID00055,00002209,57,「豆乳をベースに、アボカド、ニンジン、,"Soy milk as the base, then avocado, carrot,",,
ID00055,00002251,30,　チーズを入れてー」,and cheese too~,,
ID00055,00002641,21,「ふんふん…」,Hmm hmm...,,
ID00055,00002684,39,「２人でなにやってんだ？」,What are you two up to?,,
ID00055,000028cf,12,「あ…」,...,,
ID00055,00002ab3,60,「まぁちゃん、向こうのテーブルでやろ？」,"Maa-chan, you do it over there?",,
ID00055,00002cc2,30,「ん？　いいけど…」,Huh? Sure...,,
ID00055,0000327b,33,「じゃあねー、にい君」,"See ya, big bro.",,
ID00055,000032ca,15,「ああ…」,Ah...,,
ID00055,000036a5,27,（仕方ないよな…）,Oh well...,,
ID00055,00003920,36,「ああっ！　ナツにい！」,Ah! Natsu-bro!,,
ID00055,00003e56,15,「にい君」,Big bro,,
ID00055,00003ff8,39,「まひろちゃんに頼まれて、,Mahiro-chan asked me to make her...,,
ID00055,0000402e,60,　胸が大きくなるジュースを作ってるとこ」,a juice that makes your boobs grow.,,
ID00055,0000460a,57,「わーっ、わーっ！　言っちゃダメ～ッ！,"Wahhh, wahhh! Don't say it~!",,
ID00055,00004652,63,　まぁちゃんだって、飲みたいくせに～ッ！」,Even Maa-chan wants to drink it~!,,
ID00055,00004d99,33,「私はそうでもないよ。,I don't think so.,,
ID00055,00004dc9,57,　ユイ姉に持ってかれたと思ってるから、,"Because I thought you were taken by Yu-onee-chan,",,
ID00055,00004e11,24,　あきらめてる」,I gave up.,,
ID00055,00005214,39,「あきらめるなんて早いよ！,You're giving up too soon!,,
ID00055,0000524a,36,　私たちまだ中学生だよ！,We're still middle schoolers!,,
ID00055,0000527d,30,　可能性あるって！」,There's a chance!,,
ID00055,000056b2,45,「まぁ、望み薄な気もするけど、,"Well, it might be slim, but",,
ID00055,000056ee,48,　多少は大きくなるんじゃない？」,It'll probably grow a bit?,,
ID00055,00005a05,36,「そう！　希望を持って！,That's right! Keep hoping!,,
ID00055,00005a38,54,　ジュースの力でバストアップだよ！」,Juice power for bigger boobs!,,
ID00055,00005e7f,60,「ジュースで大きくなったりするものか？」,You think you can get bigger from juice?,,
ID00055,00006246,33,「ないとは言えないね」,It's not impossible.,,
ID00055,00006458,54,「胸の大きさに最も影響を与えるのは、,"The biggest factor's female hormones,",,
ID00055,0000649d,60,　女性ホルモンだから、活性化を促したり、,since you're talking about female hormones.,,
ID00055,000064e8,42,　代用食品を摂取すればいい」,Just eat substitute food.,,
ID00055,00006b46,21,「代用食品？」,Substitute food?,,
ID00055,00006d77,39,「ベースに選んだ豆乳には、,It's made with soy milk that has,,
ID00055,00006dad,51,　大豆イソフラボンが含まれていて、,"soy isoflavones in it, which have",,
ID00055,00006def,48,　女性ホルモンに似た作用がある」,a similar effect to female hormones.,,
ID00055,000071f1,42,「そうなの！？　すごーい！」,That's amazing!,,
ID00055,000074e4,51,「アボカドに含まれるビタミンＥは、,"Avocados have vitamin E in them,",,
ID00055,00007526,57,　女性ホルモンを活性化してくれるし…」,It also helps activate female hormones...,,
ID00055,000076d4,42,「ニンジンは代謝を良くして、,Carrots boost your metabolism and,,
ID00055,0000770d,57,　チーズは低カロリーで筋肉の元になる」,cheese is low-calorie and builds muscle.,,
ID00055,00007a0f,48,「さっすがまぁちゃん、物知り～」,"Way to go Maa-chan, you know your stuff~",,
ID00055,00007d08,48,「タンパク質が豊富な鶏肉があれば,If there's protein-rich chicken,,
ID00055,00007d47,57,　完璧なんだけど、さすがにジュースには,"It's perfect, but I can't put it in the juice though",,
ID00055,00007d8f,48,　入れられないから、他で食べて」,so eat something else.,,
ID00055,000082cc,45,「コンビニでカラアゲだーッ！」,Let's get fried chicken!,,
ID00055,000085a9,39,「あとは、味を調えるために,"Then, to adjust the flavor,",,
ID00055,000085df,45,　ハチミツと、バナナを入れれば,"add honey and bananas,",,
ID00055,0000861b,21,　出来上がり」,and it's done.,,
ID00055,00008b56,33,「うわぁ、おいしそう！,"Wow, that looks good!",,
ID00055,00008b86,48,　すぐおっきくなっちゃうよー！」,"Before you know it, I'll be huge!",,
ID00055,00008e7f,39,「作ろ、作ろ、早く作ろ！」,Make it quick!,,
ID00055,0000933c,27,「にい君も飲む？」,You wanna drink some?,,
ID00055,000095c8,51,「俺にバストアップはいらないって。,I don't need a bigger chest.,,
ID00055,0000960a,27,　２人で楽しめよ」,Enjoy it together then.,,
ID00055,0000979a,30,「ん…それもそっか」,"...Yeah, you're right.",,
ID00055,00009921,24,「それじゃあな」,See ya.,,
ID00055,00009ad8,27,「うん、またね～」,See ya!,,
ID00055,00009dbc,18,「またねー」,Later!,,
ID00055,0000a0ba,60,「食材を大まかに切ったら、ミキサーに…」,"Cut the ingredients roughly, then into a blender...",,
ID00055,0000a157,42,「たっのしみ、たっのしみ～」,"So excited, so excited~",,
ID00055,0000a1e2,36,（これで巨乳になったら…,If I get big boobs...,,
ID00055,0000a215,33,　って、それはないか）,That's not gonna happen.,,
ID00056,00001934,45,（ん？　鍵が。誰もいないのか）,Huh? The key... Is no one here?,,
ID00056,00001e9e,39,（デジカムの充電しながら、,I could charge the camera while...,,
ID00056,00001ed4,30,　動画の整理でも…）,organizing some videos...,,
ID00056,00001f6e,39,「ん？　誰だ？　どうぞ～」,Huh? Who's there? Come on in~,,
ID00056,000023b4,63,「ほうほう、ここがＣムービー部の部室かぁ」,"Cool, this is the C-Movie Club's room, huh?",,
ID00056,000026a5,15,「真奈！」,Mana!,,
ID00056,00002918,39,「きれいで、ゴージャスで、,"It's clean and fancy,",,
ID00056,0000294e,33,　御前さんらしいねー」,Just like Misaki-senpai.,,
ID00056,00002b28,39,「意外と少女趣味なんだよ」,You've got a pretty girly taste.,,
ID00056,00002cc4,54,「きれいなものが好きな人だからねー」,"You like pretty things, don't you?",,
ID00056,00002e56,57,「にい君、ビジュアル的に浮いてるよ？」,"You stick out visually, Bro-kun.",,
ID00056,0000314c,42,「どうせ、俺は美しくねーよ」,I'm not exactly beautiful anyway.,,
ID00056,000032d2,42,「あははは、居心地はどう？」,"Hahaha, how's it going for you?",,
ID00056,0000349c,24,「もう慣れたよ。,I'm already used to it.,,
ID00056,000034c3,48,　それなりに頼りにされてるしな」,They kinda rely on me too.,,
ID00056,000036ab,36,「うんうん、よかったね」,"Yeah, that's good.",,
ID00056,00003872,33,「で、なんの用だよ？」,"So, what's up?",,
ID00056,00003a62,12,「ん…」,Hmm...,,
ID00056,00003d0c,36,「１０００円ちょうだい」,"Hey, give me a thousand yen.",,
ID00056,00003d5e,51,「…なんで俺がお前に、そんな大金を,Why do I have to give you that much money...,,
ID00056,00003da0,45,　やらなきゃならないんだよ？」,when it's you asking?,,
ID00056,00003f60,57,「あれあれ？　いいの？　そんな態度で。,Hmm? Is it okay if I act like this...?,,
ID00056,00003fa8,39,　あとで絶対感謝するよ？」,I'll definitely thank you later.,,
ID00056,0000428c,60,「お前に小遣いやって感謝って、なんで？」,Why should I be grateful?,,
ID00056,000043d5,48,「あーあー、すっかり忘れてるね。,"Oh yeah, you totally forgot, huh...",,
ID00056,00004414,63,　じゃあ、ついて来てよ。理由がわかるから」,Then come with me. You'll understand why.,,
ID00056,00004788,15,「あぁ？」,Huh?,,
ID00056,000052f8,33,「ユイ姉、お待たせー」,"Yo, Yui-nee, sorry I'm late!",,
ID00056,0000548e,24,「あ、来た来た」,"Ah, here she comes.",,
ID00056,00005737,63,「どうしたのよ？　テラスで待っててなんて」,What's up? You told me to wait on the terrace?,,
ID00056,00005ac7,51,「ぶろ君も一緒なんだ。なんの用？」,Bro-kun's here too. What's going on?,,
ID00056,00005d01,27,「いや、それは…」,Well... it’s kinda...,,
ID00056,00005db0,30,「おめでと、ユイ姉」,"Congrats, Yui-nee.",,
ID00056,00005fba,12,「ん？」,Hm?,,
ID00056,00005ff4,12,「え？」,What?,,
ID00056,00006175,63,「あはははー、ユイ姉は未来に生きる人だね。,"Haha, you're really future-minded, Yui-nee.",,
ID00056,000061c3,48,　毎年お祝いするたびに驚いて…」,I'm still surprised every year...,,
ID00056,00006732,36,「今日は、ユイ姉の写真が,Today's the day Yui-nee's photo,,
ID00056,00006765,48,　初めて雑誌に載った記念日だよ」,made it into a magazine for the first time.,,
ID00056,00006b80,63,「カタカナのユイナの８回目のお誕生日だね」,It's also Yuina's eighth birthday in katakana.,,
ID00056,00006e6f,48,「あーっ、そうだ！　忘れてた！」,"Oh yeah, I forgot!",,
ID00056,00007168,30,「はい、プレゼント」,Here's your present.,,
ID00056,000073e7,39,「ありがとぉ、まぁちゃん」,"Thanks, Maa-chan.",,
ID00056,000076a5,48,「にい君と半分出し合ったんだー」,I split the cost with Bro-kun.,,
ID00056,00007a9a,33,「ありがとう、ぶろ君」,"Thanks, Bro-kun.",,
ID00056,00007ae9,45,「い、いや、どういたしまして」,"Thanks, no problem.",,
ID00056,00007d02,39,「中身は美脚ソックスだよ。,They're thigh-high socks.,,
ID00056,00007d38,27,　今、使ってるの、,the ones I'm using now,,
ID00056,00007d62,42,　ずいぶん古くなってたから」,had gotten pretty old.,,
ID00056,00008265,24,「うれしい～っ。,I'm so happy~!,,
ID00056,0000828c,48,　買い換えようと思ってたのよぉ」,I was thinking of getting new ones anyway.,,
ID00056,00008553,63,「これまで以上に、翌朝むくみが取れるって。,They say they reduce swelling even more than before.,,
ID00056,000085a1,42,　ネットの評判も上々だから、,"The reviews online are really good too,",,
ID00056,000085da,48,　試してみる価値はあると思われ」,"It's worth giving it a try, I think.",,
ID00056,00008a5e,54,「うんうん、さっそく今夜使ってみる。,"Yeah yeah, I'll use it tonight.",,
ID00056,00008aa3,51,　ありがとね、まぁちゃん、ぶろ君」,"Thanks, Maa-chan, Bro-kun.",,
ID00056,00008f6f,54,「喜んでくれてなにより。ね、にい君」,"I'm glad you like it. Right, Bro-kun?",,
ID00056,000091af,33,「あ、ああ、そうだな」,"Ah, right, I will.",,
ID00056,0000956a,45,「む、電話が…。多分事務所ね」,My phone... It's probably the office.,,
ID00056,00009a72,48,「ゴメンね、長くなると思うから、,"Sorry, this might take a while.",,
ID00056,00009ab1,24,　またあとでね」,see you later.,,
ID00056,00009f62,27,「うん、またねー」,See you later.,,
ID00056,0000a0e6,12,「また」,See ya,,
ID00056,0000a949,36,「忙しいねー、ユイ姉は」,"You're busy, aren't you, Yui-nee?",,
ID00056,0000a99b,12,「真奈」,Mana.,,
ID00056,0000abd8,12,「ん？」,Hm?,,
ID00056,0000ac12,30,「心から感謝するぞ」,I'm really grateful.,,
ID00056,0000adb2,48,「ほらね、言ったとおりでしょ？」,See? I told ya.,,
ID00056,0000af78,60,「１０００円といわず、全額払わせてくれ」,Make her pay the full amount.,,
ID00056,0000b2cf,33,「それじゃ、２人からの,Then it won't be from both.,,
ID00056,0000b2ff,39,　プレゼントにならないよ」,will it?,,
ID00056,0000b48f,21,「そ、そっか」,R-Really?,,
ID00056,0000b619,63,「１０００円プラス、頭なでなでしてくれれば,A thousand yen plus a head rub,,
ID00056,0000b667,27,　それでいいって」,That's fine with me.,,
ID00056,0000b990,51,「お、おう、そんなんでよければ…」,"S-sure, if that works for you...",,
ID00056,0000bde5,51,「偉いぞ、真奈。お前は出来た妹だ」,"Good job, Mana. You're a good sister.",,
ID00056,0000bf86,39,「エヘヘー、ほめられたー」,"Hehe, I got praised!",,
ID00056,0000c784,57,（デビュー８周年、おめでとう、ユイ姉）,"(Congratulations on your 8th anniversary, Ui-onee)",,
ID00057,000013bf,30,「うん……いい感じ。,Yeah... it's good.,,
ID00057,000013ec,39,　そこでパスを受けたら…」,Once I get the pass...,,
ID00057,000014ca,63,「真奈、ブツブツ言って、なにやってんだ？」,"Why are you mumbling, Mana?",,
ID00057,000016ed,21,「あ、にい君」,"""Hey, bro.""",,
ID00057,00001a0c,45,「これから体育でバスケだから、,"We have PE basketball next, so",,
ID00057,00001a48,36,　イメージトレーニング」,I'm doing some mental practice.,,
ID00057,00001bd5,36,「イメージトレーニング？,Mental practice?,,
ID00057,00001c08,36,　運動苦手なお前がか？」,You don't like exercise.,,
ID00057,00001dce,51,「苦手だからこそ、イメトレは大事。,That's why mental training is important.,,
ID00057,00001e10,39,　いい動きを思い浮かべて、,"Imagine the good moves,",,
ID00057,00001e46,42,　体をそれにトレースさせる」,and trace your body to them.,,
ID00057,0000231c,45,「ボールがゴール下へいった…。,The ball went towards the goal...,,
ID00057,00002358,42,　すかさずシュート。今だ！」,Shoot! Now's the time!,,
ID00057,00002547,54,「いいぞっ、いいぞっ、ナイッシュー。,"Nice one, nice one, great shot.",,
ID00057,0000258c,18,　もう１本」,One more.,,
ID00057,0000297d,42,「イメトレって、応援かよ！」,Is this mental training or cheering?!?,,
ID00057,00002b38,45,「ディフェンス、ディフェンス、,"Defense, defense,",,
ID00057,00002b74,24,　マーク外すな」,Don't lose sight of her.,,
ID00057,0000319e,51,「私がバンダナ外して本気出したら、,"Once I take off my headband and get serious,",,
ID00057,000031e0,45,　５００点は取っちゃうからね。,I'll score five hundred points for sure.,,
ID00057,0000321c,39,　体育はもっぱら応援だよ」,It's all about cheering in P.E.,,
ID00057,00003519,30,「ははは、言ってろ」,"Haha, go on then.",,
ID00057,00003565,39,「真奈ー！　誰その人ーっ？,Mina! Who's that person?!?,,
ID00057,0000359b,36,　パス練習やんなーい？」,You're not practicing passing?!?,,
ID00057,000037e0,27,「あー、今行くー」,"Oh, I'm going now.",,
ID00057,000039f8,30,「じゃあね、にい君」,"See ya, bro.",,
ID00057,00003a44,24,「ああ、またな」,Later~,,
ID00057,00003e47,63,（応援してもらって嫌なヤツはいないからな。,No one minds your cheering.,,
ID00057,00003e95,30,　がんばれよ、真奈）,"Good luck, Mahiro.",,
ID00058,000015d3,27,「んっ…しょっと」,Mm... a little more,,
ID00058,0000166a,45,「むむ……記録が伸びない……」,Hmm... I can't improve...,,
ID00058,00001d4b,30,「なにやってんだ？」,What are you up to?,,
ID00058,00001d97,21,「あ、にい君」,"""Hey, bro.""",,
ID00058,00002301,39,「走り幅跳びの練習してた」,I was practicing long jump.,,
ID00058,00002356,24,「スク水でか？」,Swimsuit?,,
ID00058,0000239c,48,「次の授業、ここで水泳だからね。,Next class is swimming here.,,
ID00058,000023db,60,　砂まみれになってもいいし、好都合だよ」,"It's fine if we get sandy, so it works out well.",,
ID00058,00002a85,21,「…なるほど」,...Got it.,,
ID00058,00002c2d,45,「ね、踏み切り足ってどっち？」,Which foot do you use for the run-up?,,
ID00058,00002c88,30,「利き足どっちだ？」,Which foot do you favor?,,
ID00058,00002e2f,18,「どっち？」,Which one?,,
ID00058,00002e6f,36,「聞いてるのは俺だって。,I'm asking too.,,
ID00058,00002ea2,51,　ボールはどっちの足で蹴ってる？」,Which foot do you kick with?,,
ID00058,0000304a,12,「ん…」,Hmm...,,
ID00058,000030b1,27,「どっちもどっち」,It doesn't matter.,,
ID00058,00003284,54,「どっちでも蹴れるのか？　器用だな」,You can kick with both? You're handy.,,
ID00058,000034ee,45,「どっちも苦手なだけだけどね」,But I suck at both actually.,,
ID00058,00003549,45,「幅跳びは、蹴る足の反対の足、,Push off with the opposite foot.,,
ID00058,00003585,57,　つまり、軸足で踏み切るもんなんだよ」,"in other words, your plant foot.",,
ID00058,00003733,63,「むむ…軸足が不明な限り、実践は不可能…」,Can't practice without knowing it...,,
ID00058,00003a2f,51,「左右、どっちの足で踏み切った方が,"Which leg gives better results, left or right?",,
ID00058,00003a71,33,　記録がいいんだよ？」,The one that scores higher?,,
ID00058,00003bee,51,「交互に跳んでるけど、差がないよ」,I alternate my legs but there's no difference.,,
ID00058,00003dc4,57,「ないのかよ！？　変わったヤツだなぁ」,There isn't?! What an oddball.,,
ID00058,00003fea,54,「どっちもろくに跳べてないと思われ」,Looks like neither of them are jumping well anyway.,,
ID00058,0000404e,57,「練習するには、なにか目標があった方が,I need a goal to practice.,,
ID00058,00004096,27,　いいんだけど…」,That's fine...,,
ID00058,00004244,36,「そうだ！　右足と左足で,Hey! Right vs left foot race!,,
ID00058,00004277,45,　記録を競い合ったらどうだ？」,How about a record competition?,,
ID00058,00004419,51,「右足と左足はライバルってこと？」,"So, are my right and left feet rivals then?",,
ID00058,0000447a,57,「そうだ。楽しんで練習できそうだろ？」,Exactly. It'll be fun to practice like that.,,
ID00058,00004652,33,「うん。いいね、それ」,"Yeah, I like it",,
ID00058,0000490a,36,「我、悟りを得たりッ！」,I've attained enlightenment!,,
ID00058,00004bf7,39,「右足の終生の宿敵は左足！,My eternal rival is my left foot!,,
ID00058,00004c2d,57,　光と闇のごとく、相反しながら融合し、,"Like light and darkness, opposing yet merging,",,
ID00058,00004c75,36,　我が跳躍を高めるッ！」,Let's raise my jump!,,
ID00058,00004fae,30,「ありがと、にい君。,"Thanks, Bro-kun.",,
ID00058,00004fdb,39,　さっそく練習してみるよ」,I'll start practicing right away.,,
ID00058,0000516b,18,「お、おう」,Y-Yeah.,,
ID00058,00005647,18,「いくよー」,Here I go.,,
ID00058,000056d5,24,「右足跳躍ッ！」,Right foot jump!,,
ID00058,0000575c,48,（中二病を増長させただけのような,(Just making his middle school syndrome worse),,
ID00058,0000579b,39,　気もするが、まぁいいか）,but whatever.),,
ID00059,000017c5,57,（えっ、今、保健室に入っていったのは、,(Who went in just now...),,
ID00059,0000180d,15,　真奈！）,Mina!],,
ID00059,00001d07,54,「真奈、どうした、体調が悪いのか？」,"“Mina, what's wrong? Are you feeling sick?”",,
ID00059,00001ebf,21,「あ、にい君」,"""Hey, bro.""",,
ID00059,00002120,39,「ううん、目に入ったゴミが,Some dust.,,
ID00059,00002156,36,　なかなか取れないから、,I can’t get out.,,
ID00059,00002189,36,　鏡で見ながら目薬攻撃」,Using a mirror.,,
ID00059,00002598,36,「無事、勝利を収めたよ」,I won the battle!,,
ID00059,000025ea,30,「なんだ、そっか…」,"Oh, so that’s what it was...",,
ID00059,00002791,21,「心配した？」,You worried about me?,,
ID00059,000027d4,15,「まぁな」,Yeah.,,
ID00059,000029b2,24,「妹思いだねー」,You do.,,
ID00059,00002b33,51,「お前は体が強い方じゃないからな」,You're not exactly the tough type.,,
ID00059,00002d05,36,「そうだね。無理すると、,"That's right. If you overdo it,",,
ID00059,00002d38,30,　すぐ熱出ちゃうし」,you'll get sick fast.,,
ID00059,00002ebf,57,「夜更かしして、パソコンいじってばっか,Late nights on PC.,,
ID00059,00002f07,18,　だからだ」,that's why.,,
ID00059,0000308e,51,「あれあれ？　人のこと言えるの？」,Huh huh? Can you talk about others?,,
ID00059,0000322a,57,「…動画にはまってからは、言えないか」,Can't say it.,,
ID00059,000033d8,33,「似た者兄妹だよねー」,You two are like twins.,,
ID00059,00003427,15,「はは…」,Heh...,,
ID00059,000035ab,36,「う～、ゴミは取れたのに,"Ugh, I got rid of the trash but",,
ID00059,000035de,30,　異物感が残ってる」,Still got a weird feeling.,,
ID00059,0000394f,51,「目が乾燥してても異物感が出るぞ。,Dry eyes can still feel like something's in them.,,
ID00059,00003991,27,　疲れ目なんだよ」,It's just eye strain.,,
ID00059,00003b08,21,「そうかも…」,Maybe...,,
ID00059,00003b4b,57,「もっと目を休めろよ。視力が落ちるぞ」,"Take a break, your vision's gonna suffer.",,
ID00059,00003cf9,57,「眼鏡っ娘になるのは嫌じゃないけどね」,I don't mind becoming glasses-girl though...,,
ID00059,00003d60,30,「んなこと言って…、,You're saying... how bad?,,
ID00059,00003d8d,45,　視力、どれぐらいなんだよ？」,How bad is it?,,
ID00059,00003e64,45,「んー、いくつだったっけなぁ」,"Hmm, how many was it again?",,
ID00059,00003ebf,39,「念のため計ってやるから、,"Just in case, I'll measure you.",,
ID00059,00003ef5,42,　検査表の前に立ってみろよ」,Stand in front of the chart.,,
ID00059,0000415f,12,「ん…」,Hmm...,,
ID00059,00004544,21,「左目からな」,Start with left eye.,,
ID00059,0000492a,15,「魔眼…」,Evil eye...,,
ID00059,00004a95,18,「焦点拡大」,Focus dilation.,,
ID00059,00004c19,15,「キッ！」,Kiss!,,
ID00059,00004c56,42,「これはどっちが開いてる？」,Which one is open?,,
ID00059,00004df2,9,「上」,The top.,,
ID00059,00004e29,18,「これは？」,What's this?,,
ID00059,00004fad,9,「左」,The left.,,
ID00059,00004fe4,39,「やるな、１．２クリアだ」,"Nice, you cleared 1.2.",,
ID00059,0000517d,30,「まだまだ見えるよ」,You can still see clearly.,,
ID00059,000051c9,30,「じゃあ、これは？」,"So, what about this one?",,
ID00059,00005215,9,「右」,Right,,
ID00059,0000524c,18,「これは？」,What's this?,,
ID00059,000053d0,9,「上」,The top.,,
ID00059,00005407,45,「スゲェ！　１．５クリアだ！」,Holy shit! You cleared 1.5!,,
ID00059,00005590,36,「フッフッ、我が魔眼に、,"Huhu, nothing hidden.",,
ID00059,000055c3,33,　見通せぬものはない」,Nothing unseen.,,
ID00059,00005612,30,「よ～し、これは？」,"Alright, how about this one?",,
ID00059,000057a2,9,「下」,Down,,
ID00059,000057d9,21,「これは！？」,What is this?!,,
ID00059,00005960,12,「右ッ」,Right!,,
ID00059,0000599a,60,「な、なにィ…全クリ…視力２．０だと！？,Wh-what... Full clear... Vision 2.0!?,,
ID00059,000059e5,30,　魔眼、恐るべし！」,"Magic eyes, scary!",,
ID00059,00005b5f,30,「フッフッフッフッ」,Huhuhuhuhu,,
ID00059,000064c2,48,「タネ明かしすると、その検査表の,"If I let the cat out of the bag, I memorized",,
ID00059,00006501,63,　ランドルト環の向き、全部覚えちゃってる」,Remembered all rings.,,
ID00059,000066a9,21,「ハアァ！？」,Haaah!?,,
ID00059,0000681a,63,「初等部のころから、ずっと同じだからねー」,It's been like this since elementary school.,,
ID00059,00006887,33,「ったく、人騒がせな」,"Damn, you're troublesome.",,
ID00059,00006a1d,54,「なので、実際にちゃんと見えたのは、,"Anyway, I could actually see clearly up to",,
ID00059,00006a62,33,　１．５までってとこ」,1.5 or so.,,
ID00059,00006d27,45,「それでも、かなりいい方だな」,That's still pretty good though.,,
ID00059,00006ec9,57,「運動神経ない分、視神経はいいみたい。,"My bad eyesight aside, my vision seems okay.",,
ID00059,00006f11,39,　目だけはアスリートだよ」,Eyes are my sport.,,
ID00059,000071dc,18,「はははは」,Hahaha,,
ID00059,00007377,42,「ん？　にい君と話してたら、,Huh? Talking with you made me forget about,,
ID00059,000073b0,54,　目の違和感が、気にならなくなった」,the weird feeling in my eyes.,,
ID00059,00007862,36,「ありがと。教室戻るよ」,Thanks. Back to class.,,
ID00059,000078b4,33,「じゃあ、俺も戻るか」,Guess I'm heading back too.,,
ID00059,00007a31,42,「いいね。途中まで一緒だね」,Sounds good. Walk with me.,,
ID00060,00001d47,57,（はぁ…いきなり雨が降ってくるとは…。,(Phew... unexpected rain.),,
ID00060,00001d8f,39,　これじゃ、帰れねぇなぁ）,Looks like I can't go home now.,,
ID00060,00001de4,45,（雨なんか録っても仕方ねーか）,No point recording it.,,
ID00060,00002423,63,「いつもながら、にい君は傘持ってないねぇ」,"'As usual, you don't have an umbrella.'",,
ID00060,000025cb,45,「あ！　真奈！　いつの間に…。,Oh! Mahiro! When did you get here...,,
ID00060,00002607,51,　そういうお前は持ってるのかよ？」,"You've got one though, right?",,
ID00060,000027f0,48,「ううん、持ってないよ。けど…」,"Nope, I don't. But...",,
ID00060,00002b12,33,「私に傘など不要ッ！」,I don't need a stupid umbrella!,,
ID00060,00002b61,12,「あ？」,Huh?,,
ID00060,00002cfd,63,「マナ＝リア・エターナ・インストラック！」,Mana-ria Eterna Instrack!,,
ID00060,00002ed7,57,「光のエルフよ、アルフヘイムより赴き、,"Light Elf, come from Alfheim and",,
ID00060,00002f1f,48,　闇を払え！　帰宅の途を開け！」,dispel the darkness! Clear a path home!,,
ID00060,00003000,33,「なーにやってんだか。,What are you doing?,,
ID00060,00003030,45,　そんなので雨が止むわけが…」,That's not gonna stop the rain... at all.,,
ID00060,00003a2a,30,「な、なん…だと…」,W-what... did you say...,,
ID00060,00003f20,45,「ま、まさか、お前、マジで…」,"N-no way, seriously, you're actually...",,
ID00060,000040f7,51,「フッフッフッ、『魔法を司る者』に,"Huhu, for one who wields magic,",,
ID00060,00004139,27,　不可能はないよ」,nothing is impossible.,,
ID00060,0000430a,60,「なーんてね。実は、ネットの天気予報に、,Like the forecast said...,,
ID00060,00004355,51,　通り雨だからすぐ止むって出てた」,it'd be a quick shower and it would stop soon.,,
ID00060,0000450a,60,「そ、そうか、そんなキッチリ当たることも,That accurate huh?,,
ID00060,00004555,21,　あるんだな」,Can be that accurate.,,
ID00060,000046df,33,「雨が止んでるうちに、,"While the rain's stopped,",,
ID00060,0000470f,39,　帰った方がいいと思われ」,you should head home now.,,
ID00060,00004892,27,「それじゃあねー」,That's not it.,,
ID00060,000048db,24,「ああ、またな」,Later~,,
ID00060,00004d44,42,（そうだな、さっさと帰るか）,"(Right, I'll go home quick.)",,
ID00061,00002334,48,「そんな気遣わなくていいのにー」,You didn't have to worry about me like that--,,
ID00061,000025c7,27,「ううん、ダメよ。,"No, you can't.",,
ID00061,000025f1,48,　お世話になりっぱなしってわけに,"I mean, I've been such a burden already,",,
ID00061,00002630,24,　いかないから」,so it's not okay.,,
ID00061,00002b23,36,「うんうん、そうですよ。,"Yeah yeah, that's right.",,
ID00061,00002b56,39,　遠慮なく言ってください」,Just say what you want.,,
ID00061,00002ee2,42,「御…渚紗、真奈となにを？」,"Misaki... Nagisa, what with Mana?",,
ID00061,00002f69,42,「御前さん、真奈となにを？」,"Gozen-sama, what are you doing with Mana?",,
ID00061,000031bf,12,「あ…」,...,,
ID00061,000033ba,36,「ごぜん様、真奈ちゃん、,"Gozen-sama, Mana-chan,",,
ID00061,000033ed,39,　向こうで話しませんか？」,Why don't you talk over there?,,
ID00061,000037ad,27,「え？　いいけど」,Huh? Sure.,,
ID00061,00003a91,27,「ほら、早く早く」,"Come on, hurry up.",,
ID00061,00003c21,30,「ちょっ、美由璃？」,"Hey, Miyuri?",,
ID00061,00004350,33,「じゃあねー、にい君」,"See ya, big bro.",,
ID00061,0000439f,24,「ああ…またな」,Yeah... See ya.,,
ID00061,00004723,27,（仕方ないよな…）,Oh well...,,
ID00061,000047eb,45,「２人揃って、真奈となにを？」,You two together with Mana again?,,
ID00061,00004875,57,「御前さんに藍田さん、真奈となにを？」,"Gozen-sama, what with Mana and Aritama-san?",,
ID00061,00004af3,9,「あ」,Ah,,
ID00061,00004d12,20,「@str_000先輩」,Senior @str_000-kun.,,
ID00061,00004f23,15,「にい君」,Big bro,,
ID00061,00005117,54,「真奈ちゃんをお茶会に誘ってたのよ」,I invited Mana-chan to the tea party.,,
ID00061,000052c2,33,「生徒会のサーバーを、,It's for letting me manage,,
ID00061,000052f2,42,　管理して頂いてるお礼です」,the student council server.,,
ID00061,00005497,27,「ああ、なるほど」,"Oh, I see.",,
ID00061,000056ec,36,「いいのに、お礼なんて」,"That's great, no need for thanks.",,
ID00061,00005a95,33,「ううん、あなたの労を,"No, I want to thank you.",,
ID00061,00005ac5,39,　少しでもねぎらいたいの」,I just want to show my appreciation.,,
ID00061,00005e30,60,「そうですよぉ、楽しくお茶しましょう？」,"Of course, let's have some tea and enjoy ourselves?",,
ID00061,00006103,39,「じゃあ…お言葉に甘えて」,Then... I'll take you up on that offer.,,
ID00061,0000656b,30,「フフッ、よかった。,"Hehe, good job.",,
ID00061,00006598,33,　紅茶はミルクがいい？,Do you prefer milk in your tea?,,
ID00061,000065c8,36,　それともストレート？」,Or maybe black?,,
ID00061,00006bd7,33,「んー、ストレートで」,"Hmm, straight then.",,
ID00061,00006f0b,45,「美由璃、ダージリンのいいのが,"Miyuri, we've got some good Darjeeling.",,
ID00061,00006f47,24,　あったよね？」,"We do, right?",,
ID00061,000071d3,51,「はい。厳選された茶葉があります」,Yes. We have carefully selected tea leaves.,,
ID00061,000073c5,33,「お菓子はなにがいい？,What kind of sweets?,,
ID00061,000073f5,60,　生地を冷凍してあるから、クッキーでも、,"The dough is frozen, so we can make cookies or",,
ID00061,00007440,45,　スコーンでもすぐ焼けるよ？」,scones really quickly.,,
ID00061,000078ec,36,「それなら、チートーで」,Then let's go with cheese tarts.,,
ID00061,00007a85,24,「チー…トー？」,Chee...tarts?,,
ID00061,00007ea5,33,「なんですか？　それ」,What are those?,,
ID00061,00008022,33,「チーズトーストの略」,Cheese toast for short.,,
ID00061,000081b8,48,「チーズトースト？　好きなの？」,Cheese toast? You like it?,,
ID00061,00008498,33,「チートーは偉大だよ。,"Chee-toes are great, you know.",,
ID00061,000084c8,54,　食パンにチーズを乗せて焼くだけで、,"Just put cheese on bread and bake it,",,
ID00061,0000850d,27,　極上のおいしさ」,It's amazingly tasty.,,
ID00061,00008a8b,33,「ふうん…、いいけど、,"Hmm... I guess that works,",,
ID00061,00008abb,57,　それだと食事みたいになっちゃうなぁ」,"but then it'd be more like a meal, huh?",,
ID00061,00008fd8,51,「ごぜん様、薄いチーズトーストに、,"Gozen-sama, thin cheese toast with",,
ID00061,0000901a,57,　ハチミツをかけるのはいかがですか？」,How about putting honey on it?,,
ID00061,0000943e,48,「あ、それいい！　それにしよ！」,"Ah, that's great! Let's do that!",,
ID00061,000097d1,30,「うん、おいしそー」,"Yup, sounds yummy",,
ID00061,00009a4f,33,「すぐに準備します！」,I'll get started right away!,,
ID00061,00009f4b,38,「@str_001クンも参加する？」,"@str_001-kun, you wanna join in too?",,
ID00061,0000a1de,35,「@str_000君も参加する？」,"@str_000, you want to join us?",,
ID00061,0000a328,27,「よければ、ぜひ」,"If you'd like, please do.",,
ID00061,0000a4d3,42,「じゃあ、テラスへ行ってて。,"Okay, I'll head out to the terrace then.",,
ID00061,0000a50c,48,　私は美由璃を手伝ってくるから」,I'll go help Miyuri.,,
ID00061,0000a92b,33,「ありがと、御前さん」,"Thanks, Misaki-senpai.",,
ID00061,0000abac,30,「どういたしまして」,You're welcome.,,
ID00061,0000aedc,48,「そういやお前って、休みの日とか,"Oh yeah, you used to make",,
ID00061,0000af1b,57,　よくチーズトースト作って食ってたな」,cheese toast a lot on weekends.,,
ID00061,0000b3a3,54,「そう。これまで、数え切れないぐらい,That's right. I've made and eaten,,
ID00061,0000b3e8,36,　焼いて、食べてきたよ」,so many that I can't even count.,,
ID00061,0000b6d7,45,「けど、ハチミツをかけるという,But putting honey on it,,
ID00061,0000b713,27,　発想はなかった。,never crossed my mind.,,
ID00061,0000b73d,51,　Ｃムービー部のお茶会、恐るべし」,Club C-Movie's tea party is something else.,,
ID00061,0000bb68,18,「はははは」,Hahaha,,
ID00062,0000139c,51,（ん？　家庭科室に誰かいるのか？）,Hm? Is someone in the home economics room?,,
ID00062,00001afc,54,「ブラックホール内部と、我々の宇宙の,Inside a black hole and the event horizon...,,
ID00062,00001b41,48,　境界にあるのが事象の地平面…」,The event horizon is at the boundary...,,
ID00062,00001b9f,39,「一般相対性理論の解には、,The solution includes,,
ID00062,00001bd5,36,　必ず特異点が存在する。,a singularity.,,
ID00062,00001c08,54,　けど、量子重力理論の観点からは…」,From the perspective of quantum gravity...,,
ID00062,00001cd3,33,「な、なんだこの数式」,W-What's this equation?,,
ID00062,00001f92,21,「あ、にい君」,"""Hey, bro.""",,
ID00062,0000218f,39,「最新の宇宙物理学による、,"According to the latest cosmology,",,
ID00062,000021c5,42,　ブラックホールの解析だよ」,It's about black hole research.,,
ID00062,00002358,57,「ははは、そんなもっともらしいことを。,"Heh heh, such a convincing explanation.",,
ID00062,000023a0,48,　適当な数式書いて、中二病気分に,Just writing down random equations and,,
ID00062,000023df,33,　浸ってるだけだろ？」,Getting into your otaku mood?,,
ID00062,00002593,36,「まぁ、否定はしないよ。,"Well, I won't deny it.",,
ID00062,000025c6,51,　光すら戻れないブラックホールは、,"A black hole from which even light can't escape,",,
ID00062,00002608,57,　中心部の観測データが得られないし…」,We can't get data from the center.,,
ID00062,00002962,48,「一生かけても、解が求められない,It's unlikely to find an answer.,,
ID00062,000029a1,42,　可能性の方が、高いからね」,The chances of that are much higher.,,
ID00062,00002fee,63,「けど、求めてる限り、探求してると言える。,"As long as we search, we explore.",,
ID00062,0000303c,42,　心理に近づくのは楽しいよ」,Getting closer to the truth is fun.,,
ID00062,00003445,27,「…マジなのか？」,...Seriously?,,
ID00062,000035d5,33,「私はいつもマジだよ」,I'm always serious.,,
ID00062,0000376b,33,「小さいころ…にい君が,When I was little... Bro-kun,,
ID00062,0000379b,54,　私に言ってくれたことを…信じてる」,I believe what you told me...,,
ID00062,0000396f,42,「私は…宇宙の理を覆すって」,I can overturn the universe...,,
ID00062,00003a1b,54,「えっ？　…それ、なんで知ってんだ？,Huh? How do you know that?,,
ID00062,00003a60,30,　夢だとばっかり…」,It's just a dream...,,
ID00062,00003bda,21,「え？　夢？」,What? A dream?,,
ID00062,00003d85,45,「そっか……あれは、夢…か…」,Oh... That must've been a dream...,,
ID00062,00004119,57,「そうかもしれないね。記憶が曖昧だよ」,Maybe. My memories are hazy.,,
ID00062,000045db,42,「けど、２人で覚えてるなら、,"But if we both remember it,",,
ID00062,00004614,39,　夢じゃないかもしれない」,It might not be a dream.,,
ID00062,000049a2,30,「どっちでもいいよ。,Either way is fine.,,
ID00062,000049cf,42,　夢だろうと、現実だろうと、,"Whether it's a dream or reality,",,
ID00062,00004a08,60,　にい君が私に言ってくれたことだからね」,"you told me that, Bro-kun.",,
ID00062,00004c30,15,「真奈…」,Mina...,,
ID00062,00004cb9,63,「それにしても、家庭科室に似つかわしくない,"By the way, this isn't really",,
ID00062,00004d07,27,　書き込みだなぁ」,Typical home ec stuff.,,
ID00062,00004ee5,60,「あははは、ブラックホールのレシピだね」,"Hahaha, it's a black hole recipe.",,
ID00063,0000114f,45,（外でレコチャンスでも探すか）,Maybe I'll find one outside.,,
ID00063,00001426,51,（あ…靴を履き替えてるのは…真奈）,Oh... It's Mahiro who changed her shoes.,,
ID00063,00001488,25, レコチャンスだ！, Recording chance!,,
ID00063,000014bc,25, 録るまでもないな, Not worth recording,,
ID00063,00001bec,30,（録るまでもないな）,No point recording.,,
ID00064,0000105a,60,（あっ、あそこでジュースを買ってるのは…,"Hey, that's Myouen buying juice over there...",,
ID00064,000010a5,12,　真奈）,Mahiro.,,
ID00064,000010e0,25, レコチャンスだ！, Recording chance!,,
ID00064,00001114,25, 録るまでもないな, Not worth recording,,
ID00064,00001856,30,（録るまでもないな）,No point recording.,,
ID00065,00001463,36,（ん～、誰もいないなぁ）,"Hmm, no one's here.",,
ID00065,000014b5,54,（ま、レコチャンスばっかり追ってても,"Well, if I just keep chasing after Recco-chan",,
ID00065,000014fa,42,　仕方ないし、たまには木陰で,"Oh well, time for some shade.",,
ID00065,00001533,27,　のんびりするか）,Relax a bit.,,
ID00065,000019fc,27,（いい天気だなぁ。,What a nice day.,,
ID00065,00001a26,42,　海から吹く風が気持ちいい）,The breeze from the sea feels so good.,,
ID00065,00001a7e,48,（…やばい、眠くなって…きた…）,"...Shit, I'm getting sleepy...",,
ID00065,00001adc,39,「グーーーッ、グーーーッ」,Zzzzz... Zzzzz...,,
ID00065,00001b99,39,「グーーーッ、グーーーッ」,Zzzzz... Zzzzz...,,
ID00065,00001e87,60,（はっ！　やばっ！　完全に寝入ってた！）,Shit! I'm totally out cold!,,
ID00065,00001ef1,42,（授業始まってるし……あ！）,Class has already started... Oh!,,
ID00065,00001f4a,25, レコチャンスだ！, Recording chance!,,
ID00065,00001f7e,25, 録るまでもないな, Not worth recording,,
ID00065,00002991,33,（まるで揺れない…な）,It's not moving at all...,,
ID00065,000029f3,30,（録るまでもないな）,No point recording.,,
ID00066,0000127e,57,（ついてんなぁ、授業が早く終わったぞ。,"Hey, let's go! Class ended early.",,
ID00066,000012c6,42,　さっそく食堂で昼メシだ！）,Let's head to the cafeteria for lunch!,,
ID00066,0000159a,51,（おっ、家庭科室からいい香りが…。,"Oh, that smells good...",,
ID00066,000015dc,27,　どこのクラスだ？,Which class is it?,,
ID00066,00001606,45,　窓からちょっと覗いて…あ！）,Let's peek through the window... Ah!),,
ID00066,00001662,25, レコチャンスだ！, Recording chance!,,
ID00066,00001696,25, 録るまでもないな, Not worth recording,,
ID00066,00001b65,33,「自然や宇宙の構造は、,Nature's structure.,,
ID00066,00001b95,51,　玉ねぎの階層構造にたとえられる」,is compared to an onion's layered structure.,,
ID00066,00001d24,60,「原子、原子核、陽子、中性子、クォークと,"Atoms, atomic nuclei, protons, neutrons, quarks, and",,
ID00066,00001d6f,51,　皮をむいてきて、もう粒子加速器を,"Peeling back layers,...",,
ID00066,00001db1,42,　使わなければ観測できない」,Can't observe without them.,,
ID00066,00001f37,45,「けど、そこで終わりじゃない。,But that's not the end...,,
ID00066,00001f73,36,　その先はきっとある…」,There must be more beyond this...,,
ID00066,0000222e,57,「それは…神を解き明かすということ？」,Is it... unraveling the mysteries of God?,,
ID00066,000029fe,63,（タマネギ見ながら、そんなこと考えるのは、,"(Thinking about it while looking at an onion,)",,
ID00066,00002a4c,24,　お前ぐらいだ）,Only someone like you.,,
ID00066,00002aa5,30,（録るまでもないな）,No point recording.,,
ID00067,00001654,57,（暑っち～っ。夏も終わりが近いってのに,It's still so hot...,,
ID00067,0000169c,30,　なんだこの暑さは）,Summer's almost over.,,
ID00067,000016e8,33,（風が吹いてくれれば、,"If only there was a breeze,",,
ID00067,00001718,42,　少しは涼しくなんだけど…）,I could feel cooler... but nope...,,
ID00067,000017d2,33,（まさか…この風は…）,Could it be... that wind is...?,,
ID00067,00001822,25, レコチャンスだ！, Recording chance!,,
ID00067,00001856,25, 録るまでもないな, Not worth recording,,
ID00067,0000268c,51,（うおおおおおっ！　神風だあッ！）,Ahhh! It's a divine wind!,,
ID00067,00002721,24,「あっ、にい君」,"Ah, Bro-kun.",,
ID00067,000028bb,18,「よ、よぉ」,Y-yeah,,
ID00067,00002a42,33,「いつから…そこに？」,Since when... were you there?,,
ID00067,00002a91,45,「…ちょ、ちょっと前からだよ」,"W-well, a little while ago.",,
ID00067,00002c33,30,「まさか…録った？」,No way...you recorded it?,,
ID00067,00002de7,42,「い、いや、その…それは…」,"N-no, um... I didn't really...",,
ID00067,00002fce,24,「録ったんだ…」,I did record it...,,
ID00067,000031fc,60,「未来予測プログラムにかけるまでもなく、,"Without checking,",,
ID00067,00003247,54,　盗撮で捕まる確率が５０％にアップ」,Chances up 50%.,,
ID00067,00003521,42,「ぐっ、い、言い返せねぇ…」,"Guh, I can't talk back...",,
ID00067,000036a7,51,「妹相手とはいえ、自重するように」,"Be careful, even with your sister.",,
ID00067,00003708,18,「ごめん…」,Sorry...,,
ID00067,0000388f,24,「それじゃあね」,See ya.,,
ID00067,00003c91,27,（まずったなぁ…）,This is bad...,,
ID00067,000043ae,51,「スッゲェ！　マジでーーーーッ！？,Holy shit! Seriously?!?,,
ID00067,000043f0,39,　妹ちゃんのパンチラ動画、,"Sis's panty shot video,",,
ID00067,00004426,39,　ゲットだぜーーーーッ！」,"Got it, man!",,
ID00067,00004893,36,「ああっ！　堂下部長！」,Aah! Doujou-buchou!,,
ID00067,00004a48,48,「クーッ、お宝生動画のためなら、,"Phew, if it's for a treasure video,",,
ID00067,00004a87,45,　妹さえ容赦しないその姿勢…」,even sis won't be spared...,,
ID00067,00004d7d,54,「パネェ～～ッ！　カッケーーーッ！」,Holy shit! That's awesome!,,
ID00067,00004f51,21,「は、はは…」,*cough* Haha...,,
ID00067,000051a3,36,「ヤベェ…ヤベェって…。,Shit... Shit...,,
ID00067,000051d6,27,　負けてらんねー」,I can't lose,,
ID00067,000056f0,42,「オレもバシバシ狙ってくゼ！,I'll go for the kill too!,,
ID00067,00005729,27,　シクヨローッ！」,Thanks a lot!,,
ID00067,00005c5c,57,（俺、Ｅ動画部に染まってきてないか？）,(Am I getting into the E-Video Club?),,
ID00067,00005cd6,30,（録るまでもないな）,No point recording.,,
ID00068,0000118a,39,（あーくそ、蚊にかまれた。,"Aw, damn it, I got bit by a mosquito.",,
ID00068,000011c0,39,　かゆみ止め、かゆみ止め）,"Scratchy stuff, scratchy stuff",,
ID00068,00001215,48,（あ…ベッドで寝てるのは…真奈）,Ah... the one sleeping in bed is Mahiro...,,
ID00068,00001274,25, レコチャンスだ！, Recording chance!,,
ID00068,000012a8,25, 録るまでもないな, Not worth recording,,
ID00068,00001730,45,「す～～っ、す～～っ、す～っ」,"Suuu, suuu, suu...",,
ID00068,0000178b,51,「に…くん……ダメ……死んじゃ…」,N-Nii...kun... nooo... I'll die...,,
ID00068,000017ec,45,「うぅ……す～～っ、す～～っ」,"Ugh... suuu, suuu...",,
ID00068,00001e98,45,（まさか…真奈もあの夢を…？）,Could it be... Mahiro had that dream too?,,
ID00068,00001f06,30,（録るまでもないな）,No point recording.,,
ID00069,000018f5,48,「あ、真奈。次の授業、水泳か？」,"Hey, Mana. Next class is swimming?",,
ID00069,00001af4,27,「ううん、違うよ」,"Nope, not that.",,
ID00069,00001c78,60,「違う？　じゃあ、なんで水着なんだよ？」,Not swim? Then why are you in a swimsuit?,,
ID00069,00001e29,42,「理由はすぐわかると思われ」,You'll find out soon enough.,,
ID00069,00001e81,12,「ん？」,Hm?,,
ID00069,00002060,42,「まぁちゃん、おっ待たせ～。,"Maa-chan, sorry for the wait~",,
ID00069,00002099,54,　オレンジジュース、買ってきたよ～」,I got some orange juice~,,
ID00069,00002afc,18,「ありがと」,Thanks.,,
ID00069,00002b90,18,「まひろ…」,Mahiro...,,
ID00069,00002d17,42,「まぁちゃん、向こう行こっ」,"Come on, Maa-chan.",,
ID00069,00002e9d,30,「え？　いいけど…」,Huh? Sure...,,
ID00069,00003546,36,「それじゃあね、にい君」,"See ya, bro.",,
ID00069,00003598,21,「あ、ああ…」,"Oh, yeah...",,
ID00069,00003987,45,（２人でなにしてんだろうな…）,Wonder what they're up to together...,,
ID00069,00003a11,15,「まひろ」,Mahiro,,
ID00069,00003c0a,36,「ナツにいも参加する？」,"Wanna join us too, Nat's bro?",,
ID00069,00003c5c,24,「なんにだよ？」,What's up?,,
ID00069,00003e04,15,「題して、,"We call it,",,
ID00069,00003e22,54,　お昼休みにリゾート気分、大作戦！」,"Lunchtime Resort Mood, Operation Big Time!",,
ID00069,00004275,57,「光海学園のプールって、ゴージャスで、,"Mitsumi Academy's pool is so fancy,",,
ID00069,000042bd,51,　ホテルのプールみたいじゃない？」,"it feels like a hotel pool, right?",,
ID00069,000046f4,57,「だから、テーブルにジュースを置いて、,So we'll put juice on the table and,,
ID00069,0000473c,42,　デッキチェアに寝そべって、,lie down in deck chairs to enjoy,,
ID00069,00004775,54,　リゾート気分を満喫しようってわけ」,the resort mood.,,
ID00069,00004cd1,36,「ナツにいも参加する？」,"Wanna join us too, Nat's bro?",,
ID00069,00004e6a,48,「参加条件は水着になることだよ」,The only requirement is wearing a swimsuit.,,
ID00069,0000501c,39,「水泳の授業でもないのに、,"It's not even swimming class,",,
ID00069,00005052,30,　水着になれるかよ」,but you can wear one.,,
ID00069,000051e5,54,「残念。じゃあ、不参加ということで」,Sorry. Guess you're out then.,,
ID00069,00005766,36,「がっかり～、ナツにいも,"Aw, come on, Natsumi...",,
ID00069,00005799,33,　着替えてこようよぉ」,Let's go change together~,,
ID00069,0000593c,21,「無理だって」,I can't do it...,,
ID00069,00005ada,15,「う～っ」,~,,
ID00069,00005ca8,45,「じゃあ、２人で楽しもっか？」,Then how about we have fun together?,,
ID00069,00006048,18,「そうだね」,Yeah.,,
ID00069,00006231,36,「じゃあね～、ナツにい」,"See ya later, Natsumi~",,
ID00069,0000642c,18,「またねー」,Later!,,
ID00069,00006bc4,54,（突拍子もないことを思いつくよなぁ）,(You always come up with the weirdest stuff.),,
ID00070,0000143c,39,（ん？　窓際にいるのは…）,(Hm? The one by the window is...),,
ID00070,00001af1,15,「はぁ…」,...,,
ID00070,00001b2e,48,「なにため息なんか吐いてんだよ」,Why are you sighing like that?,,
ID00070,00001d74,21,「あ、にい君」,"""Hey, bro.""",,
ID00070,00002155,54,「夏の読書感想文を提出したんだけど、,"I turned in my summer reading report, and",,
ID00070,0000219a,42,　先生に思いっきり引かれた」,the teacher was really shocked.,,
ID00070,000023a9,39,「どんなの出したんだよ？」,What did you write about?,,
ID00070,000025cd,48,「『非可換ブラックホールにおける,Dirichlet BCs for non-comm BHs & D-branes.,,
ID00070,0000260c,54,　ディリクレ境界条件とＤブレーン』を,that's what I read.,,
ID00070,00002651,15,　読んで」,I read it.,,
ID00070,00002898,48,「あー、にい君まで引かないでー」,"Aww, come on, don't be a buzzkill too.",,
ID00070,00002ad3,42,「その本、フィクションか？」,Is that book fiction?,,
ID00070,00002cb3,36,「ううん、歴とした論文。,"Nope, it's a legit research paper.",,
ID00070,00002ce6,42,　興味深かったから、感想文を,It was so interesting I wrote a review.,,
ID00070,00002d1f,45,　１００ページに渡って書いた」,I wrote a hundred pages about it.,,
ID00070,00003009,39,「そりゃ、先生も引くって。,No wonder the teacher was freaked out.,,
ID00070,0000303f,51,　お前が書いたのも論文の域だろ？」,"Your write-up's legit too, right?",,
ID00070,000031ce,51,「世に発表できるレベルじゃないよ。,It ain't publishable.,,
ID00070,00003210,54,　想像や願望もいっぱい含まれてるし」,It's full of imagination and wishful thinking too.,,
ID00070,000033fe,63,「にしても、提出先は現代文の先生じゃなく、,"The submission isn't to our lit teacher,",,
ID00070,0000344c,30,　物理？　だったな」,Physics... right?,,
ID00070,000036a2,57,「そうなんだよね…。受け取れないって、,"Yeah, that's it... I can't accept it,",,
ID00070,000036ea,30,　返されちゃった…」,It was rejected...,,
ID00070,00003a35,15,「はぁ…」,...,,
ID00070,00003a72,57,「中二病もこじらすと、ブラックホールを,"When taken too far, it's like black holes.",,
ID00070,00003aba,48,　科学的に分析したくなるのか？」,Do you feel like analyzing it scientifically?,,
ID00070,00003ce7,57,「ブラックホールに限らず、超常現象や、,Not just black holes.,,
ID00070,00003d2f,54,　超古代文明への探求は惜しまないよ」,I'll explore them all.,,
ID00070,0000433c,54,「私が内包する力の根源がなんなのかを,Finding out what the source of my power is,,
ID00070,00004381,45,　探るのは、『魔法を司る者』の,is the mission of those who rule magic.,,
ID00070,000043bd,24,　使命だからね」,That's why.,,
ID00070,00004741,54,「力が発現するメカニズムがわかれば、,"If we understand how my power manifests,",,
ID00070,00004786,33,　制御も可能でしょ？」,"we can control it, right?",,
ID00070,00004b17,36,「時々、怖くなるんだ…。,Sometimes I get scared...,,
ID00070,00004b4a,39,　バンダナじゃ抑えきれず、,"The bandana isn't enough to contain it,",,
ID00070,00004b80,45,　暴走したらどうしようって…」,What if it goes out of control...?,,
ID00070,00004f68,18,「言ってろ」,Tell me if you,,
ID00070,0000510a,57,「まぁ、よく考えると、自分の為の研究を,"Well, thinking back,",,
ID00070,00005152,48,　夏の課題と一緒にしようなんて、,"along with summer assignments, was a good idea,",,
ID00070,00005191,27,　虫がよかったね」,You're lucky to be a bug.,,
ID00070,000055b0,57,「本読むの好きだし、先生が喜びそうな、,"I like reading, so maybe Showa-era stuff.",,
ID00070,000055f8,36,　昭和の文学でも読むよ」,that my teacher would enjoy.,,
ID00070,0000564a,33,「ああ、それがいいぞ」,"Yeah, that's great.",,
ID00070,000057e0,27,「初等部のころは、,"When I was young,",,
ID00070,0000580a,57,　ＵＦＯや錬金術の本の感想を書いても、,"even if I wrote book reports on UFOs or alchemy,",,
ID00070,00005852,42,　怒られなかったんだけどね」,I didn't get scolded for it.,,
ID00070,00005bb6,18,「はははは」,Hahaha,,
ID00070,00005d3d,27,「それじゃあねー」,That's not it.,,
ID00070,00005d86,24,「ああ、またな」,Later~,,
ID00070,00006189,42,（俺より、格段に頭がいいのは,"You're way smarter than me,",,
ID00070,000061c2,33,　間違いないんだよな）,aren't you?,,
ID00071,000019cb,18,「っちは～」,"""Hey~""",,
ID00071,00001bc1,21,「あ、にい君」,"""Hey, bro.""",,
ID00071,00001c04,30,「真奈、来てたのか」,"Mina, you were here?",,
ID00071,00001e65,36,「真奈…場所を変えよう」,Mina... Let's change locations.,,
ID00071,0000205f,27,「ん？　いいけど」,Hm? Sure.,,
ID00071,0000262f,36,「それじゃあね、にい君」,"See ya, bro.",,
ID00071,00002681,24,「ああ…またな」,Yeah... See ya.,,
ID00071,00002a86,27,（仕方ないよな…）,Oh well...,,
ID00071,00002ca3,20,「@str_000先輩」,Senior @str_000-kun.,,
ID00071,00002d39,39,「２人でオカルト談義か？」,Are you two talking about the occult?,,
ID00071,00002ed5,33,「フフフ…そんなとこ」,Heheh... That's right.,,
ID00071,00002f53,63,「っていうか、内魔と知り合いだったのか？」,"Wait, did you know Innerma?",,
ID00071,00003165,42,「ゆーたんとは、超常現象や、,You and Yutan talked about it.,,
ID00071,0000319e,33,　スピリチュアルな話で,about spirituality and stuff,,
ID00071,000031ce,39,　意見交換ができるからね」,"we can exchange opinions, you know",,
ID00071,000033ff,42,「ゆーたん！？　内魔、お前、,"Yutan!? Inner Demon, you're...",,
ID00071,00003438,51,　ゆーたんって呼ばれてんのか！？」,called Yutan!?,,
ID00071,00003657,33,「真奈と…一部だけ…」,I only spoke with her briefly...,,
ID00071,00003754,27,「知らなかった…」,I didn't know that...,,
ID00071,000038e4,63,「フフフ…真奈の精神世界への科学的考察は、,Mana's scientific study of the spirit world is,,
ID00071,00003932,24,　実に興味深い」,really fascinating,,
ID00071,00003c07,54,「要するにオカルト談義ってことか？」,So you're saying it's just occult talk?,,
ID00071,00003c6b,24,「そうとも言う」,You could say that.,,
ID00071,00003e68,39,「ブラッドムーンがもたらす,She was studying the effects,,
ID00071,00003e9e,42,　世界への影響を考察してた」,the Blood Moon has on the world.,,
ID00071,0000432d,48,「月の満ち欠けが、海の満ち引きに,The moon's phases affect the tides...,,
ID00071,0000436c,51,　影響することは広く知られてる…」,"It's common knowledge, right?",,
ID00071,0000458e,33,「月の重力の影響だね」,Due to its gravitational pull.,,
ID00071,00004767,57,「そう…その影響はもちろん人にも及び、,That influence extends to people too...,,
ID00071,000047af,63,　月の満ち欠けと輝きが、狂気を生み出すとも,The moon can drive people mad too.,,
ID00071,000047fd,21,　言われてる」,They say...,,
ID00071,00004987,27,「満月で変身する、,Full moon transformation...,,
ID00071,000049b1,48,　狼男の伝説がわかりやすいよね」,werewolf legends are easy to understand.,,
ID00071,00004c78,51,「ラテン語の“lunacy”は“狂気”って,"Latin 'lunacy' means madness,",,
ID00071,00004cba,54,　意味だし、西洋では月は不吉なものと,"and in the West, the moon is considered unlucky.",,
ID00071,00004cff,18,　されてる」,It's like that.,,
ID00071,00004fc1,42,「日本においても…遙か昔は、,"In Japan too... long ago,",,
ID00071,00004ffa,36,　月は見ると不吉とされ、,Seeing the moon was bad luck.,,
ID00071,0000502d,33,　恐れの対象だった…」,Was a source of fear...,,
ID00071,00005299,42,「月が地球の影に覆われた時、,When the moon is covered by Earth's shadow,,
ID00071,000052d2,30,　月が赤く染まる…」,The moon turns red...,,
ID00071,0000560a,45,「その位置関係が、この世界に、,This alignment affects us.,,
ID00071,00005646,45,　普段と違う影響をもたらすのは,"It's only natural, right?",,
ID00071,00005682,30,　当然といえるよね」,That alone is obvious.,,
ID00071,000059e2,60,「まして、夏は海から霊が帰ってくる季節。,"And in summer, spirits return from the sea.",,
ID00071,00005a2d,54,　霊たちの彷徨う魂が…赤く染まる…」,Their wandering souls... turn red...,,
ID00071,00005e67,24,「フフフフフフ」,Heheheheh,,
ID00071,00005ead,42,「２人で怖ェこと言うなって」,Don't say scary stuff together,,
ID00071,00006124,57,「なんだろう…今度のブラッドムーンは、,What is it... this time's Blood Moon feels...,,
ID00071,0000616c,33,　なにか胸騒ぎがする」,kinda ominous,,
ID00071,00006519,30,「それは……私も…」,It does too...,,
ID00071,00006721,24,「ゆーたんも？」,"Yutan, you too?",,
ID00071,000068ae,51,「真奈…バンダナを外してはダメ…。,Mina... don't take off your bandana...,,
ID00071,000068f0,18,　決して…」,No matter what...,,
ID00071,00006aba,60,「わかった…闇に引き寄せられないように、,"Got it... so I won't get pulled into the darkness,",,
ID00071,00006b05,24,　力を封じるよ」,I'll seal your power.,,
ID00071,00006dda,48,「はいはい、オカルト、オカルト。,"Okay, okay, occult, occult.",,
ID00071,00006e19,21,　俺は行くぞ」,I'm going.,,
ID00071,00007005,33,「気をつけて、にい君」,"Be careful, Bro-kun.",,
ID00071,000071c5,39,「そう…気をつけるべき…」,Right... I should be too...,,
ID00071,000072a2,39,「はいはい、お前たちもな」,"Okay, okay, you guys too.",,
ID00072,0000131b,45,（ん～、ただ図書室を録っても、,"(Hmm~, even if I just record the library...)",,
ID00072,00001357,30,　ピンとこないか…）,it doesn't ring a bell...],,
ID00072,000018d8,18,「あ、真奈」,"Ah, Mana.",,
ID00072,00001ba8,39,「あーあー、録ったものの、,"Ah~ah~, even though I recorded it...",,
ID00072,00001bde,54,　イマイチだなーと思ってるでしょ？」,"You're thinking it's not so great, right?",,
ID00072,00001ee5,42,「まぁな。録ってやろうか？」,"Yeah, I guess. Want me to record it?",,
ID00072,0000211f,33,「ううん、今はいいよ。,"Nope, not right now.",,
ID00072,0000214f,57,　ユイ姉からファッション誌借りたから」,I borrowed a fashion magazine from Yui-nee,,
ID00072,00002445,51,「ファッション誌！？　お前が！？」,A fashion magazine!?! You did that?!?,,
ID00072,000025ed,63,「そう。流行のかわいい服をチェックするよ」,I'll check out cute clothes.,,
ID00072,00002795,42,「どういう風の吹き回しだ？」,What are you thinking?,,
ID00072,00002934,57,「あははー、ちょっと必要に迫られてね」,"Hahaha, well, it was kind of necessary...",,
ID00072,00002c1d,24,「それじゃあね」,See ya.,,
ID00072,00002c63,18,「お、おう」,Y-Yeah.,,
ID00072,00003060,57,（急にかわいい服とか、どういうことだ？,(Suddenly interested in cute clothes...),,
ID00072,000030a8,30,　まさか、彼氏が…）,(Could it be a boyfriend...?),,
ID00072,000030f4,51,（いやいや、あの重度の中二病じゃ、,"Nah, no way she could...",,
ID00072,00003136,36,　そうそう出来ないよな）,Still stuck in middle school.,,
ID00073,00001bd7,51,（うぅ……やばい、猛烈な眠気が…）,"Ugh... This is bad, I'm so sleepy...",,
ID00073,00001c38,42,（不正アクセスだのなんだの、,Someone's hacking in.,,
ID00073,00001c71,63,　真奈が変なこと言うから、疲れてんのか？）,Is Mana saying weird stuff because she's tired?,,
ID00073,00001cde,51,（やばい…宿舎まで帰れそうにない…,This is bad...can't make it.,,
ID00073,00001d20,39,　保健室でちょっと寝よう）,I'll nap there.,,
ID00073,00002031,45,（保健の先生いないな…よし…）,The nurse isn't here...okay then...,,
ID00073,00002308,54,（このまま倒れ込んで、夢の世界へ…）,"Just like this, fall into dreamland...",,
ID00073,00002840,39,「ふがーーっ、ふがーーっ」,"Fuuuugh, fuuuugh",,
ID00073,00002895,45,こうして、保健室で眠り込んだ。,"And so, I fell asleep in the infirmary.",,
ID00073,000028f0,72,寝てる間に、真奈とまひろの気配がした気がするが、,"I sensed Mana and Mahiro, but",,
ID00073,00002947,27,多分気のせいだな。,Probably nothing.,,
ID00073,00002a7f,42,「ナツにい！　どうしたの！？,Natsu! What's wrong?!,,
ID00073,00002ab8,27,　体調悪いの！？」,You're not feeling well!?,,
ID00073,00002b01,15,「あぁ？」,Huh?,,
ID00073,00002fae,48,「まひろか…ただ眠いだけだって」,It's Mahiro... I was just sleepy.,,
ID00073,00003180,60,「眠いだけ？　…居眠りに来たってこと？」,Just sleepy? ...So you came for a nap?,,
ID00073,0000337f,15,「ああ…」,Ah...,,
ID00073,00003503,48,「なぁんだ、ビックリさせないでよ,"Oh, don't scare me like that.",,
ID00073,00003542,30,　心配するじゃない」,Don't worry so much.,,
ID00073,00003804,57,「どうして…ここにいるってわかった？」,How did you... figure out I was here?,,
ID00073,000039b2,27,「え？　それは…」,Huh? That's...,,
ID00073,000045ec,60,「サーバーを更新したので、動作チェック」,"I updated the server, so checking if it works.",,
ID00073,00004656,54,「真奈……あ！　お前のアプリか！？」,"Mahina... Oh! Your app, right!?",,
ID00073,000048cc,12,「そう」,Yeah.,,
ID00073,00004906,57,「俺の位置を検索したら、見たって警告が,There was a warning.,,
ID00073,0000494e,45,　出るんじゃなかったのか！？」,Wasn't that supposed to come up!?,,
ID00073,00004ad7,57,「サーバー更新中にその機能を停止して、,"I turned off that feature while updating the server,",,
ID00073,00004b1f,27,　戻すの忘れてた」,Forgot to turn it back on.,,
ID00073,00004ca3,48,「プライバシーの侵害だあぁぁ！」,It's an invasion of privacy!,,
ID00073,00004ebf,63,「もう、まひろちゃんがすっ飛んでいくから、,"Mihiro-chan flew off the handle, so",,
ID00073,00004f0d,33,　バレちゃったんだよ」,it got found out.,,
ID00073,000053a9,45,「だって、心配だったんだもん」,"I was worried, okay?",,
ID00073,0000554b,30,「ここは素直に謝ろ」,Just apologize honestly.,,
ID00073,00005721,12,「だね」,"Yeah, it is.",,
ID00073,00005904,54,「にい君、ごめん。お騒がせしました」,"Sorry, Bro-kun. I caused trouble.",,
ID00073,00005dca,39,「ゴメンね、ごゆっくり～」,"Sorry, take it easy~",,
ID00073,0000691f,51,（はぁ……騒ぎで目が覚めたっての）,(Haa... I woke up because of all the commotion.),,
ID00074,00001b23,48,「ひゃあ！　ユイ姉、冷たいよー」,"Aah! Yui-nee, you're so cold!",,
ID00074,00001b81,24,「まだまだぁ！」,Not yet!,,
ID00074,00001c35,36,「ぐぬぬ…かくなる上は、,Grr... In that case...,,
ID00074,00001c68,63,　爆裂水車攻撃！　それそれそれそれそれ！」,Waterwheel attack! That's it!,,
ID00074,00001d83,45,「キャッ！　やったわねーっ！」,Yay! I did it!,,
ID00074,00002532,57,「…２人とも、わざわざ水着に着替えて、,Why the swimwear?,,
ID00074,0000257a,33,　なにやってんだよ？」,What are you doing?,,
ID00074,00002859,27,「あ！　ぶろ君！」,Ah! Bro-kun!,,
ID00074,00002f26,60,「無事！？　元気！？　怪我してない！？」,You okay!? You alright!? No injuries!?,,
ID00074,00003238,51,「あ？　ああ、なんともないけど…」,"Ah? Yeah, I'm fine... though...",,
ID00074,000033e0,39,「そっかぁ、よかったぁ～」,"Oh, that's a relief~",,
ID00074,0000397b,45,「にい君の…夢を見たんだって」,I had a dream about you...,,
ID00074,00003b88,15,「夢を？」,A dream?,,
ID00074,00003df0,45,「そう……すごく…怖い夢をね」,Yeah... it was really scary...,,
ID00074,000043ec,39,「その悪夢を晴らすために、,"To make up for that nightmare,",,
ID00074,00004422,45,　一緒にはしゃいでるってわけ」,we're having fun together now.,,
ID00074,000045d1,39,「ユイ姉、夢ってどんな？」,"What kind of dream was it, Yui-nee?",,
ID00074,000048e7,27,「…言いたくない。,...I don't want to.,,
ID00074,00004911,45,　変に気にして欲しくないし…」,Don't worry too much about it...,,
ID00074,00004b4e,54,「あんたが元気なら、それでいいのよ」,"As long as you're fine, that's all I care about.",,
ID00074,00004d06,48,（たぶん、俺が事故に遭う夢だ…）,(Probably a dream where I get in an accident...),,
ID00074,00004dab,45,「真奈、お前もユイ姉と同じ夢を,"Mina, same dream as Yui-nee?",,
ID00074,00004de7,36,　見たんじゃないのか？」,"You remember it too, right?",,
ID00074,00004fde,15,「えっ？」,Huh?,,
ID00074,000052e4,36,「…ううん、見てないよ。,"...No, I didn't see it.",,
ID00074,00005317,60,　どんな夢なのかユイ姉から聞いてないし、,I don't know what her dream was.,,
ID00074,00005362,21,　わかんない」,so I don't know.,,
ID00074,00005948,18,「そっか…」,"Oh, I see.",,
ID00074,00005ea8,63,「もう、あんな夢、まぁちゃんまで見てたら、,"If you had that dream and Manatsu saw it too,",,
ID00074,00005ef6,33,　正夢みたいでイヤよ。,It feels like an omen.,,
ID00074,00005f26,45,　縁起でもないこと言わないで」,Don't say such unlucky things.,,
ID00074,0000639b,45,（真奈のヤツ、心配かけまいと、,"(Manatsu's probably trying not to worry me,)",,
ID00074,000063d7,57,　見たことを隠してるんだな、たぶん…）,Probably... she's hiding what she saw.,,
ID00074,0000649c,45,（俺も見た…とは言わない方が、,It'd be better if I didn't say...,,
ID00074,000064d8,63,　いいんだろうな。なんだってあんな夢を…）,I had that kind of dream...?,,
ID00074,00006545,54,（大切ななにかを…忘れた気がする…）,Like I forgot something important...,,
ID00074,00006737,30,「ぶろ君も着替えて、,"You should change too, bro.",,
ID00074,00006764,39,　一緒にはしゃぎなさいよ」,And have fun with us.,,
ID00074,00006a2f,27,「お、俺はいいよ」,"Nah, I'm good.",,
ID00074,00006bbf,54,「ダ～メ。なんなら、その格好のまま、,"Nope. You can even stay in those clothes,",,
ID00074,00006c04,45,　海に連れ込んでもいいのよ？」,You could even drag me into the ocean?,,
ID00074,00006eee,42,「はぁ…わかった、わかった。,"Phew... Fine, fine.",,
ID00074,00006f27,48,　着替えてくるから、待ってろよ」,"I'll go change, so wait for me.",,
ID00074,000070cc,27,「それでよろしい」,Sounds good to me.,,
ID00074,000072d3,33,「もう夏も終わりだし、,It's almost fall.,,
ID00074,00007303,36,　３人で泳ぎ納めだねー」,Just the three of us.,,
ID00074,000076bf,60,「フフッ、そうね。ちょうどよかったわね」,"Hehe, that works out perfectly then.",,
ID00074,00007ee5,24,「それーーっ！」,There you go!,,
ID00074,00007f2b,18,「あははは」,ahaha,,
ID00074,00007f6b,48,こうして、３人で泳ぎ納めをした。,The three of us finished.,,
ID00075,0000147e,42,（まっすぐ帰るのもなんだし、,I guess I can't just go straight home...,,
ID00075,000014b7,48,　ブックカフェでも寄って行くか）,No point in going straight back.,,
ID00075,000017a3,36,（読んでない雑誌は…と）,Guess I'll check out the magazines.,,
ID00075,00001e51,21,「あ、にい君」,"""Hey, bro.""",,
ID00075,00001fcf,12,「真奈」,Mana.,,
ID00075,00002132,33,「お前も立ち読みか？」,You're just browsing too?,,
ID00075,00002309,33,「ううん、買いに来た。,"No, I'm here to buy one.",,
ID00075,00002339,39,　じっくり読みたいからね」,I wanna read it properly.,,
ID00075,0000261d,39,「なんの本を買う気だよ？」,What are you planning on buying?,,
ID00075,000027b9,27,「『月刊ナスカ』」,'Monthly Nasca',,
ID00075,00002802,36,「オカルト本じゃねーか」,"It's a occult book, isn't it?",,
ID00075,000029f5,60,「んーん、現代科学で解明できないことを、,It's too soon to explain everything.,,
ID00075,00002a40,60,　すべてオカルトで片付けるのは早計だよ」,occult.,,
ID00075,00002e80,42,「もちろん、ねつ造や、誤解も,"Of course, fakes and misunderstandings.",,
ID00075,00002eb9,39,　いっぱいあるだろうけど、,"There are plenty, but",,
ID00075,00002eef,45,　中には本物の神秘もあるはず」,"there should be some real mysteries too""",,
ID00075,0000337f,54,「ピラミッドだって、どう建てたのか、,We don't know how pyramids were built.,,
ID00075,000033c4,51,　よくわかってないくらいだからね」,so there's that.,,
ID00075,00003425,63,「…ＵＦＯが建てたとか言い出さないよな？」,"...don't start saying it was built by UFOs, right?",,
ID00075,000035d9,54,「それは、最もロマンのある答えだね。,That would be the most romantic answer.,,
ID00075,0000361e,42,　けど、その答えに至るには、,"But to get that answer, we'd need to prove",,
ID00075,00003657,51,　ＵＦＯの存在を実証しなきゃダメ」,that UFOs exist first.,,
ID00075,00003947,24,「存在しねーよ」,They don't exist.,,
ID00075,00003b63,30,「ロマンがないねぇ」,No romance there.,,
ID00075,00003bf0,39,「お前がありすぎるんだ！」,You're too full of yourself!,,
ID00075,00003d8c,24,「あともう１冊、,"One more book,",,
ID00075,00003db3,51,　『サイエンスマガジン』も買うよ」,I'll buy 'Science Magazine' too.,,
ID00075,00003f68,36,「それもオカルト本か？」,Another occult book?,,
ID00075,00004142,42,「ううん、真面目な学術雑誌」,"No, it's a serious academic journal.",,
ID00075,0000419a,60,「マジな本とオカルト本を一緒に購入かよ」,Buying both serious books and occult ones?,,
ID00075,000043af,33,「私にとっては等価値。,They're equal to me.,,
ID00075,000043df,42,　どちらも真実を追究してる」,Both are about pursuing the truth.,,
ID00075,00004600,57,「やれやれ、妄想を膨らませすぎるなよ」,"Oh boy, don't let your imagination run wild.",,
ID00075,000047ae,42,「あはー、誰も私の想像の翼を,No one can stop my wings.,,
ID00075,000047e7,27,　止められないよ」,Can't stop 'em.,,
ID00075,00004f98,36,「それじゃ、買ってくる」,Gonna go buy one then.,,
ID00075,00004fea,45,「俺は立ち読みするよ。またな」,I'll just skim it for now. Later.,,
ID00075,00005045,27,「うん、またねー」,See you later.,,
ID00076,000019ef,18,「あ、真奈」,"Ah, Mana.",,
ID00076,00001ba4,15,「にい君」,Big bro,,
ID00076,00001e60,48,「なにやってんだ？　寄り道か？」,What are you doing? Taking a detour?,,
ID00076,0000202f,21,「そんなとこ」,Something like that.,,
ID00076,00002072,30,「どこ行く気だよ？」,Where are you going?,,
ID00076,00002205,21,「海の丘公園」,Seacoast Park,,
ID00076,00002248,54,「あの坂を登るつもりか？　今から？」,You're planning to climb that hill now?,,
ID00076,0000241d,51,「そう、なにかと運動不足だからね。,"Yeah, I'm a bit out of shape.",,
ID00076,0000245f,48,　２週に１度は登ることにしてる」,I decided to climb it once every two weeks.,,
ID00076,0000274c,54,「…お前、健康に気を遣ってたんだな」,...You've been taking care of yourself.,,
ID00076,000028de,42,「のんびり登るだけだけどね。,It's just a leisurely climb.,,
ID00076,00002917,36,　やらないよりマシかと」,"Better than doing nothing, I guess.",,
ID00076,00002c04,36,「にい君も一緒に行く？」,"You wanna come with me, Bro-kun?",,
ID00076,00002c56,12,「え…」,Huh...?,,
ID00076,00002c91,40, そうだな、つき合ってやるよ," Fine, I'll come",,
ID00076,00002cd4,16, 俺はいいよ, I'm good,,
ID00076,00002d10,45,「そうだな、つき合ってやるよ。,"Yeah, I'll go with you.",,
ID00076,00002d4c,33,　俺も運動不足だしな」,I could use the exercise too.,,
ID00076,00002f25,42,「そうそう、そうこなきゃね」,"That's right, that's how it should be.",,
ID00076,000030e4,36,「俺はいいよ、疲れるし」,"Nah, I'm good. I'd just get tired.",,
ID00076,0000327d,39,「まぁまぁ、そう言わずに」,"C'mon, don't say that.",,
ID00076,0000340e,28, いや、俺はいいって," Nah, I'm good",,
ID00076,00003445,43, …仕方ない、つき合ってやるよ," Fine, I'll come along",,
ID00076,0000349c,33,「いや、俺はいいって」,"Nah, I said I'm good.",,
ID00076,00003632,39,「まぁまぁ、そう言わずに」,"C'mon, don't say that.",,
ID00076,000037d7,48,「…仕方ない、つき合ってやるよ」,...Guess I have to then.,,
ID00076,0000397c,51,「あははー、にい君も運動不足だし、,"Haha, you need the exercise too,",,
ID00076,000039be,33,　そうこなくっちゃね」,that's how it should be.,,
ID00076,00004148,30,「はぁ……はぁ……」,Huff... huff...,,
ID00076,00004194,30,「ふぅ……ふぅ……」,Phew... phew...,,
ID00076,000041e0,63,「何度登っても……この坂は……つらいね…」,This hill is tough...,,
ID00076,0000424d,15,「…だな」,...right.,,
ID00076,0000428a,30,「はぁ……ふぅ……」,Huff... Phew...,,
ID00076,000042d6,54,「もうちょっとだ……がんばれ、真奈」,"Just a little more... come on, Mana",,
ID00076,0000433a,12,「ん…」,Hmm...,,
ID00076,00004985,39,「ふあぁ～、着いたあぁ～」,*phew*... We made it *phew*,,
ID00076,00004b5b,33,「ぐはぁ～、効いたぁ」,*gasp*... That was intense,,
ID00076,00004cf1,39,「はぁ……はぁ……ふぅ…」,Huff... huff... phew...,,
ID00076,0000504f,33,「す～～っ、は～～っ」,Suuu~... haa~...,,
ID00076,0000534d,54,「運動した後は、空気がおいしいね～」,"The air tastes good after exercise, huh~",,
ID00076,000054ec,45,「運動ってほどでもないけどな」,It's not much exercise.,,
ID00076,00005675,51,「あははー、それは言いっこなしで」,"Haha, you can't say that!",,
ID00076,00005971,18,「…そうだ」,...Right.,,
ID00076,000059b1,12,「ん？」,Hm?,,
ID00076,00005b32,36,「せっかく登ってきたし、,"Since we climbed up here,",,
ID00076,00005b65,39,　一緒に鐘、鳴らしとく？」,how about ringing the bell together?,,
ID00076,00005e76,24,「鳴らすかぁっ！,Ringing it?,,
ID00076,00005e9d,42,　なんの鐘か知ってんだろ？」,You know what it is?,,
ID00076,00006096,63,「カップルが鳴らすと幸せになるんだよね？」,They say couples ringing it will be happy.,,
ID00076,0000623e,48,「そうだ。なんで妹と鳴らさなきゃ,Why didn't I do it with my sister?,,
ID00076,0000627d,27,　なんねーんだよ」,before?,,
ID00076,0000640d,24,「私が喜ぶから」,It'll make me happy.,,
ID00076,00006581,60,「妹を幸せにするのは、兄の義務と思われ」,I thought it was my duty to make her happy.,,
ID00076,00006726,48,「…彼氏作って、一緒に鳴らせよ」,...Get a boyfriend and ring it together.,,
ID00076,000068cb,63,「ほうほう、にい君は、私に彼氏が出来るのを,"Oh, so you think I can get a boyfriend?",,
ID00076,00006919,18,　推奨…と」,Recommend... huh.,,
ID00076,00006e1a,30,「ホントにいいの？」,"Really, you sure?",,
ID00076,00006e66,60,「…出来るんならな。重度の中二病のお前を,"...If I can, right? Considering your重度の中二病",,
ID00076,00006eb1,60,　相手にするヤツなんて、現れないだろ？」,No one would put up with that.,,
ID00076,00007062,54,「そう思ってるのは、兄ばかりってね」,I guess it's just me thinking that way...,,
ID00076,00007355,27,「おま…まさか…」,Oh my... really?,,
ID00076,000074e5,57,「あははー、大丈夫。その気はないから。,"Haha, don't worry. I'm not serious.",,
ID00076,0000752d,57,　私は、にい君が不幸になるようなことは,"I wouldn't do anything to make you unhappy,",,
ID00076,00007575,24,　しないからね」,I wouldn't.,,
ID00076,0000799e,39,「なんでお前がつき合うと、,Why would dating you make,,
ID00076,000079d4,36,　俺が不幸になるんだっ」,me unhappy?,,
ID00076,00007b6d,33,「あれ？　ならない？」,Huh? It doesn't?,,
ID00076,00007d24,30,「…ならねーだろ？」,...It can't be.,,
ID00076,00007ef8,30,「むむ…切ないねぇ」,"Mm... That's sad, isn't it?",,
ID00076,000082be,39,「はぁ…たまーにあるよね、,Sigh... Sometimes sisters think,,
ID00076,000082f4,39,　妹は損だと思うことって」,They feel like they're losing out.,,
ID00076,000086af,51,「鐘１つ一緒に鳴らせないなんてね」,Can't even ring a bell together.,,
ID00076,00008979,51,「ったく、妹と鐘なんか鳴らしたら、,"Ugh, if I rang a bell with my sister,",,
ID00076,000089bb,42,　とんだシスコンじゃねーか。,You're such a siscon.,,
ID00076,000089f4,27,　さっさと帰るぞ」,Let's get going.,,
ID00076,00008c00,18,「はいはい」,Sure sure.,,
ID00076,00008e0f,48,「一緒にここまで寄り道できたし、,"We got to take a detour together this far,",,
ID00076,00008e4e,27,　よしとしますか」,Let's call it good.,,
ID00076,00009403,33,「たくさん歩いたから、,We walked so much that...,,
ID00076,00009433,57,　きっといつもより晩ご飯、おいしいよ」,Dinner will probably be tastier than usual.,,
ID00076,0000949a,30,「ははは、そうだな」,"Haha, yeah.",,
ID00077,000017e4,42,（まっすぐ帰るのもなんだし、,I guess I can't just go straight home...,,
ID00077,0000181d,45,　駅前モールでも寄って行くか）,Might stop by the station mall.,,
ID00077,00001e9b,17,「@str_000君」,@str_000-kun,,
ID00077,00001eda,51,「阿武壬さん、なにしてるんです？」,"What are you doing here, Abumi-san?",,
ID00077,00002082,42,「シャンプーとか、洗剤とか、,I'm buying shampoo and detergent.,,
ID00077,000020bb,36,　いろいろ買い出しにね」,I need to do some shopping.,,
ID00077,0000210d,42,「あ…じゃあ、手伝いますよ。,Oh... Then I'll help you out.,,
ID00077,00002146,36,　１人じゃ重いでしょ？」,"You can't carry it all, right?",,
ID00077,000022df,36,「本当？　助かっちゃう」,Really? That's a huge help.,,
ID00077,000025f9,41,「優しいのね、@str_000君って」,"You're so kind, @str_000.",,
ID00077,00002650,42,「いや、そんなんじゃなく…」,"Nah, that's not it...",,
ID00077,00002702,42,「姉に鍛えられてますからね。,I've been trained by my sister.,,
ID00077,0000273b,48,　女の子に重い物を持たすなって、,She told me never to let girls.,,
ID00077,0000277a,39,　いつも言われてきたから」,so...,,
ID00077,00002916,45,「フフッ、そうなんだ。大変ね」,"Hehe, I see. That's tough.",,
ID00077,00002c0c,51,「けど、それって正しいと思うわよ。,But I think that's the right thing to do.,,
ID00077,00002c4e,54,　気遣ってもらって、うれしくない子は,There's no girl who wouldn't be happy,,
ID00077,00002c93,21,　いないから」,to look out for her.,,
ID00077,00003005,33,「きっと、モテモテね」,You must be popular.,,
ID00077,0000318f,36,「いや、そんなことは…」,"N-No, that's not it...",,
ID00077,00003328,54,「フフッ、じゃあ、スーパー行こっか」,"Hehe, wanna go to the supermarket?",,
ID00077,00003da6,18,「あ、真奈」,"Ah, Mana.",,
ID00077,00003f3a,48,「ＪＤと一緒に放課後デートとは、,Going on a date with JD after school...,,
ID00077,00003f79,27,　見せつけるねぇ」,You're showing off.,,
ID00077,00004077,54,「なっ、ＪＤって…。阿武壬さんだぞ？,JD... You mean Asumi-san?,,
ID00077,000040bc,39,　買い出しの手伝いだって」,I'm just helping her shop.,,
ID00077,00004258,45,「楽しくないとは…言わせない」,I won't let you say it's not fun.,,
ID00077,00004428,33,「そ、そりゃ、まぁ…」,"W-well, yeah...",,
ID00077,00004477,48,「この夏、急にモテモテなことで」,"This summer, I suddenly became popular...",,
ID00077,00004a14,21,「あ、おい…」,"Hey, wait...",,
ID00077,00004a57,57,（ったく、この間からなんだってんだ？）,"Man, what's with you lately?",,
ID00077,00004abe,41,「@str_000君～、どうしたの？」,@str_000-kun~? What's up?,,
ID00077,00004b15,33,「あ！　今行きます！」,Ah! I'm coming!,,
ID00077,00004fe4,63,こうして、阿武壬さんの買い物につき合った。,So I accompanied Arumi-san.,,
ID00077,00005051,51,「このお徳用の漂白剤も買っていい？,Can I get this big bleach bottle too?,,
ID00077,00005093,18,　持てる？」,Can you carry it?,,
ID00077,000050d3,54,「おおぅ？　も、もちろん！　はは…」,Oh? O-of course! Haha...,,
ID00078,000018ca,18,「あ、真奈」,"Ah, Mana.",,
ID00078,00001a6f,15,「にい君」,Big bro,,
ID00078,00001d02,27,「ここでなにを？」,What are you doing here?,,
ID00078,00001d4b,42,「いや、なにってわけじゃ…」,"Nah, I'm not really doing anything...",,
ID00078,00001ed1,36,「あはは、暇そうだねー」,"Haha, you look bored.",,
ID00078,00002077,45,「お前はどうなんだ？　お前は」,What about you? You're free too?,,
ID00078,00002219,24,「私も暇だよー」,I'm bored too~,,
ID00078,0000238d,45,「兄妹揃って暇なのもなんだし、,It's weird we're both bored.,,
ID00078,000023c9,54,　一緒にアミューズメントスペースでも,let's go to the amusement area together?,,
ID00078,0000240e,15,　行く？」,Wanna come?,,
ID00078,00002586,51,「お、ゲーセンか。いいな、行くか」,"Oh, an arcade? Nice, let's go then.",,
ID00078,00002d4c,39,「さ～て、なにやっかなぁ」,"Well then, what should we do...",,
ID00078,00002ee8,39,「プリントシール撮ろうよ」,Let's take some print photos.,,
ID00078,00002f3d,39,「あぁ？　なんで兄妹で…」,Huh? Why as siblings...,,
ID00078,000030d9,54,「兄妹で撮っちゃいけないワケでも？」,Why can't we take them as siblings?,,
ID00078,0000313d,51,「そうじゃねーけど、撮ったシールを,What do you want us to do with them?,,
ID00078,0000317f,36,　どうしろってんだよ？」,What am I supposed to do with them?,,
ID00078,00003318,30,「スマホに貼れば？」,Put 'em on your phone?,,
ID00078,000034ab,54,「貼らねーって。シスコンじゃねーぞ」,I ain't putting 'em on my phone.,,
ID00078,00003656,33,「家族写真を否定とか、,You don't like family photos?,,
ID00078,00003686,42,　兄にあるまじき発言だねぇ」,That's not what an older brother says.,,
ID00078,000038f8,57,「む…そうか、家族写真と思えば普通か」,"Grr... I see, they’re normal then.",,
ID00078,0000395f,57,「そうそう、普通普通。ほら、撮るよー」,"Yeah yeah, totally normal. Smiling!",,
ID00078,00003dfd,36,「ったく、仕方ねーなぁ」,"Whatever, guess there's no choice.",,
ID00078,000040c2,30,「はい、笑顔、笑顔」,"Smile, smile.",,
ID00078,0000410e,42,「な、なんだよ、顔が近いぞ」,W-What're you doing? Too close!,,
ID00078,00004294,39,「おや？　ドキドキする？」,Oh? You nervous?,,
ID00078,00004424,18,「しねーよ」,I'm not.,,
ID00078,000045e1,24,「むむ…手強い」,Hmm... She's tough.,,
ID00078,0000479c,60,「ほらほら、恋人だと思って、抱き寄せて」,"Come on, act like you're in love and hug me.",,
ID00078,00004941,27,「お前は妹だっ！」,You're my little sister!,,
ID00078,00004ab8,51,「はぁ…ホント、にい君の無効化力は,"Hah... Really, your ability to disarm me is",,
ID00078,00004afa,21,　手強いねぇ」,pretty tough.,,
ID00078,00004c78,57,「…あ、これも、俺が好きになるかどうか,"...Ah, this too, whether I'll fall for you or",,
ID00078,00004cc0,39,　確認するって、あれか？」,"to check, huh?",,
ID00078,00004e86,21,「そんなとこ」,Something like that.,,
ID00078,00004ec9,57,「ったく、おかしなことを始めやがって。,"Man, you're starting weird stuff.",,
ID00078,00004f11,33,　いつまでやる気だ？」,How long till you give up?,,
ID00078,0000508e,24,「納得いくまで」,Until I'm satisfied.,,
ID00078,00005202,27,「ほら、撮るよー」,"Here, I'm taking a pic.",,
ID00078,00005416,33,「にい君の“にぃ～”」,Your 'ni~',,
ID00078,000055cd,15,「にぃ～」,Ni~,,
ID00078,00005fa5,57,「バッチリ、撮れたよ。仲良さそうなの」,Got it perfectly. You two look so close.,,
ID00078,00006160,33,「どうすんだ？　それ」,What do you wanna do with that?,,
ID00078,000062dd,42,「もちろん、スマホに貼るよ」,"Of course, I'll stick it on my phone.",,
ID00078,00006470,51,「兄とのプリントシールを貼るって、,"Sticking a print photo of me and my brother,",,
ID00078,000064b2,27,　どうなんだよ？」,what's up with that?,,
ID00078,00006660,51,「ユイ姉はうらやましがるだろうね。,"Yui-nee's gonna be jealous, right?",,
ID00078,000066a2,36,　あと、まひろちゃんは、,"Mahiro-chan is also,",,
ID00078,000066d5,36,　悔しくて歯ぎしりかな」,She'll grind her teeth.,,
ID00078,00006ad8,18,「はははは」,Hahaha,,
ID00078,00006c5f,57,「私たち姉妹から大人気だね、にい君は」,"You're super popular with us sisters, Bro-kun.",,
ID00078,00006e01,54,「ったく、振り回されてばっかりだよ」,"Man, you've been running around all over the place.",,
ID00078,00006e65,57,「…俺もスマホに貼るから、分けてくれ」,"...I'll put one on my phone too, so give me one.",,
ID00078,00007027,18,「いいの？」,Is that okay?,,
ID00078,000070f8,45,「家族写真だろ？　問題ねーよ」,"It's a family photo, right? No problem.",,
ID00078,000072c4,57,「うんうん、にい君はそうじゃなきゃね」,"Yeah yeah, that's just how you are, Bro-kun.",,
ID00078,0000790e,69,こうして、真奈と一緒にプリントシールを撮った。,"And so, I took a print seal photo with Mana.",,
ID00079,0000140e,42,（まっすぐ帰るのもなんだし、,I guess I can't just go straight home...,,
ID00079,00001447,48,　ブックカフェでも寄って行くか）,No point in going straight back.,,
ID00079,00001721,63,（あ…、あそこでパソコンいじってるのは…）,"H-Hey, that's the PC user...",,
ID00079,00001ba9,21,「むむむぅ…」,Mmm...,,
ID00079,00001bec,48,「難しい顔してなにやってんだ？」,What are you doing with that serious face?,,
ID00079,00001e19,21,「あ、にい君」,"""Hey, bro.""",,
ID00079,000020c5,51,「サーバー攻撃のログを解析してる」,I'm analyzing logs from a server attack.,,
ID00079,00002126,45,「また、小難しそうなことを…。,"Again, you're doing something complicated...",,
ID00079,00002162,60,　オシャレなカフェに似つかわしくないぞ」,You look out of place.,,
ID00079,000022fa,39,「あははー、場所だけでも、,Just wanted to change it up a bit.,,
ID00079,00002330,33,　気分を変えたくてね」,Just the atmosphere...,,
ID00079,000024ba,33,「なにかわかったか？」,Got anything yet?,,
ID00079,00002691,42,「ううん、今んとこ収穫なし」,"Nah, no luck so far.",,
ID00079,000028c1,54,「未知の攻撃を１つ１つ解析するのは、,Analyzing each unknown attack one by one is...,,
ID00079,00002906,24,　至難の業だよ」,a real pain in the ass.,,
ID00079,00002cb2,51,「まるで…触れちゃいけない領域に…,It's like stepping into danger...,,
ID00079,00002cf4,39,　踏み込んでるみたいで…」,or something...,,
ID00079,00003048,54,「深入りしない方がいいんじゃねーか？,Maybe it'd be better not to dig too deep...,,
ID00079,0000308d,48,　どこのどいつかわかんねーけど、,I don't know who we're dealing with.,,
ID00079,000030cc,42,　攻撃してきたのは事実だし」,It's a fact that they attacked us though.,,
ID00079,000032a6,24,「ん…そうだね」,Hmm... Yeah.,,
ID00079,000035bc,48,「けど、『魔法を司る者』として、,"But as someone who wields magic,",,
ID00079,000035fb,30,　放置は出来ないよ。,Can't just ignore it.,,
ID00079,00003628,54,　闇から生まれ出しものは、闇に返す」,Things born from darkness return to it.,,
ID00079,00003b27,30,「それが、私の使命」,Thats my mission.,,
ID00079,00003bcd,51,「はいはい、あんまり無茶するなよ」,"Yeah yeah, don't go overboard.",,
ID00079,00003de6,12,「ん…」,Hmm...,,
ID00079,00003f9d,60,「けど、このログ、ちょっと変なんだよね」,But this log is a bit weird.,,
ID00079,000041a9,18,「なにが？」,What?,,
ID00079,0000435e,33,「既視感がすごくある。,It feels really familiar.,,
ID00079,0000438e,63,　見たことないのに、見たことあるような…」,"I've never seen it, but it feels familiar...",,
ID00079,000048fe,63,「私のプログラムを取り込もうとしたわけだし,Maybe because I tried to incorporate my program,,
ID00079,0000494c,42,　当然なのかもしれないけど」,It might be natural after all.,,
ID00079,00004b80,18,「ふうん…」,Hmm...,,
ID00079,00005160,60,お前にとってパンドラの箱かもしれないぞ。,It could be a Pandora's box for you.,,
ID00079,000051ab,60,と、言いかけてやめた。俺まで中二病かよ。,I stopped myself just in time. Am I going crazy?,,
ID00080,0000207c,18,「あ、真奈」,"Ah, Mana.",,
ID00080,00002221,15,「にい君」,Big bro,,
ID00080,000024c2,30,「どっか寄るとこ？」,You wanna hang out somewhere?,,
ID00080,0000250e,51,「ああ、駅前モールでも行こうかと」,"Yeah, I was thinking of going to the station mall.",,
ID00080,000026b6,57,「いいねー、私も行こうと思ってたとこ」,Sounds good! That's where I wanted to go too.,,
ID00080,0000271d,51,「そっか。じゃあ、一緒に行くか？」,Got it. Wanna go together?,,
ID00080,000028ef,24,「うん、行こー」,"Sure, let's go!",,
ID00080,0000309b,24,「どこ寄る～？」,Where should we stop~?,,
ID00080,000031a6,21,「雑貨屋～？」,The sundries shop~?,,
ID00080,00003268,27,「家電量販店～？」,The electronics store~?,,
ID00080,0000330c,60,「お前はどこへ行くつもりだったんだよ？」,"Where were you planning to go, huh?",,
ID00080,0000354e,39,「私の用は後でいいって～」,I'll do my errands later~,,
ID00080,000036ea,51,「甘味処でかき氷でも食べよっか～？,How about shaved ice?,,
ID00080,0000372c,39,　冷たくておいしいよね～」,It's cold and tasty~,,
ID00080,000038bc,15,「なぁ…」,Hey...,,
ID00080,00003a54,12,「ん？」,Hm?,,
ID00080,00003a8e,48,「お前、なんで赤い顔してんだ？」,Why are your cheeks red?,,
ID00080,00003c33,12,「え？」,What?,,
ID00080,00003db4,60,「そりゃあ、にい君に照れてるからだよぉ」,That's because I'm blushing from seeing you~,,
ID00080,00003f59,33,「ウソをつけ、ウソを」,"You're lying, you liar",,
ID00080,00004031,63,「潤んだ瞳しやがって。お前、熱あるだろ？」,Your eyes are watery.,,
ID00080,000041cc,51,「あは～、バレた？　実は、薬局で、,Did I get caught?,,
ID00080,0000420e,36,　おでこのジェルシートを,"forehead gel sheets at the pharmacy,",,
ID00080,00004241,36,　買おうと思ってたんだ」,you know.,,
ID00080,0000453b,39,「それを早く言え！　早く！,Hurry up and say it! Hurry!,,
ID00080,00004571,39,　さっさと買って帰るぞ！」,I'm going to buy them and head back.,,
ID00080,0000470d,48,「え～、せっかく一緒に来たのに、,"Aw, we came together after all~",,
ID00080,0000474c,30,　もったいないよぉ」,It's a waste.,,
ID00080,0000490a,63,「駅前モールなんて、いつでも来られるだろ？,"The station front mall? You can come anytime, right?",,
ID00080,00004958,42,　今日はゆっくり体を休めろ」,Take it easy today and rest your body.,,
ID00080,00004a35,27,「ん……そうだね。,"Hmm... Yeah, you're right.",,
ID00080,00004a5f,42,　にい君の言うとおりにする」,I'll do as you say.,,
ID00080,00004d19,54,「歩けるか？　おんぶしてやろうか？」,Can you walk? Want me to carry you on my back?,,
ID00080,00004f18,42,「お？　なんと素敵な申し出。,Oh? What a nice offer.,,
ID00080,00004f51,60,　雨の時と違って、不可避な理由があるから,There's an unavoidable reason.,,
ID00080,00004f9c,30,　恥ずかしくないよ」,so I'm not embarrassed.,,
ID00080,000053a5,30,「お言葉に甘えて～」,Thanks for the offer~,,
ID00080,00005567,42,「お？　なんと素敵な申し出。,Oh? What a nice offer.,,
ID00080,000055a0,42,　じゃあ、お言葉に甘えて～」,So I'll take you up on that~,,
ID00080,00005d36,21,「ドサ～～～」,Thud~,,
ID00080,00005d79,48,「おまっ！　ホカホカじゃねーか！,Oh my! You're all warm!,,
ID00080,00005db8,30,　相当熱があるぞ！」,You're burning up!,,
ID00080,00005e04,60,「熱暴走中～。ファンの速度上げなきゃ～」,Running a fever~. Gotta speed up the fan~,,
ID00080,00005e6e,45,「パソコンじゃねーぞ…ったく、,"This ain't no PC... damn,",,
ID00080,00005eaa,27,　無茶しやがって」,You really went overboard,,
ID00080,00005ef3,42,（速攻でジェルシート買って、,I'll buy the gel sheets.,,
ID00080,00005f2c,42,　宿舎へ戻ってやるからな！）,Got it? I'm heading back now.,,
ID00080,000065ef,27,「真奈、着いたぞ。,"Mina, we're here.",,
ID00080,00006619,42,　大丈夫か？　起きてるか？」,You okay in there? Are you awake?,,
ID00080,000067b8,36,「ふが～、起きてるよ～」,"Aww, I'm awake~",,
ID00080,00006e80,48,「真奈ちゃん！　どうしたの！？」,Mina-chan! What's wrong!?,,
ID00080,00007019,45,「熱があって…部屋連れてって、,"Take me to your room,",,
ID00080,00007055,39,　看病してもいいですか？」,and look after me?,,
ID00080,000071f1,60,「も、もちろんよ。私も手助けしようか？」,"Of course, I can help too?",,
ID00080,000073af,45,「いや、俺だけの方がいいから」,"No, it's better if just me.",,
ID00080,00007551,51,「…そうよね。お兄さんだけの方が、,"...Right. It'd be better if only you were there,",,
ID00080,00007593,60,　真奈ちゃんも気を遣わなくていいわよね」,so Mana won't have to worry about us.,,
ID00080,000079d3,33,「じゃあ、よろしくね。,"Then, take care of her.",,
ID00080,00007a03,54,　けど、女子宿舎だし、一晩中ってのは,"But this is a girls' dorm, so",,
ID00080,00007a48,24,　無理だから…」,I can't do it...,,
ID00080,00007d29,60,「真奈ちゃんが寝付いたら、戻ってきてね」,come back when Mana falls asleep.,,
ID00080,00007d93,21,「すみません」,Sorry about that.,,
ID00080,00007f1d,45,「フフッ、いいわね、兄妹って。,"Heh, it's nice being siblings.",,
ID00080,00007f59,30,　私も弟じゃなくて、,I wish I had an older brother,,
ID00080,00007f86,42,　お兄ちゃんが欲しかったな」,instead of a little brother.,,
ID00080,00008432,48,「真奈、カギ、開けられるかぁ？」,"Mana, can you open the door?",,
ID00080,00008490,51,「スカートのポケットに入ってる～」,It's in my skirt pocket~,,
ID00080,000084f1,45,「あぁ？　俺に取れってのか！？,Huh? You want me to get it!?,,
ID00080,0000852d,21,　無茶言うな」,Don't be ridiculous,,
ID00080,00008570,48,「なんで無茶～？　手を離したら、,"Why so reckless? If I let go, it'll just fall~",,
ID00080,000085af,36,　ずり落ちちゃうって～」,It'll slip out of my hands~,,
ID00080,00008601,36,「…そっちの方が無茶か。,...That's even more reckless.,,
ID00080,00008634,30,　ったく、そんなとこ,"Damn, you're such a pain.",,
ID00080,00008661,42,　手を突っ込んだことないぞ」,I've never stuck my hand in there before.,,
ID00080,000086b9,45,「どこだ…ポケットの入口は…」,Where... The pocket opening is...,,
ID00080,00008714,48,「あはは～、くすぐったいって～」,"Ahaha~, it tickles~",,
ID00080,00008772,39,「そっちじゃないよ、左～」,"No, that way, left~",,
ID00080,000087c7,18,「左かよ！」,"Left, huh!",,
ID00080,00008842,60,「あった！　ここから手を突っ込むんだな。,Found it! Stick your hand in here.,,
ID00080,0000888d,18,　ったく…」,Man...,,
ID00080,000088cd,48,「ひゃあ～、くすぐったさ倍増～」,"Ahh~, double the tickle~",,
ID00080,0000892b,27,「ひゃはははぁ～」,Hahaha~,,
ID00080,00008974,33,「これか！　入るぞ！」,This is it! I'm going in!,,
ID00080,000089c3,21,「どぞどぞ～」,Do doo~,,
ID00080,00008f98,30,「ふあ～、着いた～」,"Whew~, made it~",,
ID00080,0000914a,21,「フラフラ～」,Wobbly wobble~,,
ID00080,0000918d,39,「自分で着替えられるか？」,Can you change yourself?,,
ID00080,000092b7,33,「大丈夫～。さすがに、,"I'm fine~. Still,",,
ID00080,000092e7,57,　着替えさせてもらうのは、恥ずかしい」,having you change me would be embarrassing.,,
ID00080,0000981a,39,「お風呂で着替えてくる～」,I'll change in the bath~,,
ID00080,00009888,12,「おう」,Sure thing.,,
ID00080,00009ca5,15,「ふう…」,Phew...,,
ID00080,00009dee,27,（真奈の部屋…か。,Manaka's room...,,
ID00080,00009e18,42,　きれいにしてるじゃないか。,You've kept it clean.,,
ID00080,00009e51,54,　中二病でパソコンマニアとは思えん）,She doesn't seem like that.,,
ID00080,00009eb5,33,（さすが女の子だな…）,As expected of a girl...,,
ID00080,00009f65,21,「着替えた～」,I changed clothes~,,
ID00080,00009fa8,36,「そのままベッドに入れ。,Get in bed like that.,,
ID00080,00009fdb,33,　そばにいてやるから」,I'll stay by your side.,,
ID00080,0000a02a,12,「ん～」,Hmm~,,
ID00080,0000a63c,27,「ん…しょっと…」,...mm...a little...,,
ID00080,0000a685,33,「ジェルシート貼るぞ」,I'm putting on the gel sheet.,,
ID00080,0000a81b,27,「あ…その前に…」,Ah...before that...,,
ID00080,0000ac86,39,「おでこにキス…しとく？」,A forehead kiss... sound good?,,
ID00080,0000b316,48,「するかあっ！　大人しく寝ろ！」,No way! Just go to sleep!,,
ID00080,0000b374,39,「熱が下がると思うのに～」,I thought it'd bring your fever down~,,
ID00080,0000b3c9,60,「下がるかっ！　ジェルシートを喰らえ！」,"Bring it down, will you? Eat this gel sheet!",,
ID00080,0000b85c,36,「ひあぁ～、冷たあぁ～」,"Ah, so cold~",,
ID00080,0000b9dc,42,「気持ちいいよ～、にい君…」,It feels nice~ big bro...,,
ID00080,0000bb62,51,「また…助けてもらっちゃったね…」,You helped me out again...,,
ID00080,0000bed1,39,「ほっぺた…でもいいよ？」,Or would a cheek kiss be okay too?,,
ID00080,0000c69c,51,「するかあっ！　大人しく寝ろっ！」,No way! Go to sleep already!,,
ID00080,0000c6fd,21,「はぁ～～い」,Haaa~ii,,
ID00080,0000c740,39,こうして、真奈を看病した。,This is how I took care of Mana.,,
ID00080,0000c795,63,根詰めてパソコンやりすぎなんだよ、ったく。,You're too obsessed with it.,,
ID00080,0000c7e3,57,まぁ、風邪ってわけじゃないみたいだし、,"Well, no cold or anything,",,
ID00080,0000c82b,30,一晩寝れば治るか…。,Maybe a night's rest helps.,,
ID00081,00001abe,21,「あ、にい君」,"""Hey, bro.""",,
ID00081,00001d0f,12,「真奈」,Mana.,,
ID00081,000020e6,54,「まっすぐ宿舎に帰らず、寄り道とは、,You took a detour instead?,,
ID00081,0000212b,36,　暇を持て余してるねー」,Looks like you're bored.,,
ID00081,0000240c,36,「人のこと言えるのか？」,Who are you to talk?,,
ID00081,0000258c,60,「あははー、暇同士、一緒に駅前モールでも,"Haha, how about the mall?",,
ID00081,000025d7,21,　行っとく？」,Wanna go?,,
ID00081,000028aa,25, そうだな、行くか," Yeah, let's go",,
ID00081,000028de,40, いや、１人でブラブラするよ, I'll wander alone,,
ID00081,00002932,30,「そうだな、行くか」,"""Sounds good, let's do it.""",,
ID00081,00002aef,42,「うんうん、そうこなきゃね」,"Yeah, yeah, that's the spirit.",,
ID00081,00002cae,45,「いや、１人でブラブラするよ」,"Nah, I'll just wander around by myself.",,
ID00081,00002e50,39,「まぁまぁ、そう言わずに。,"Now now, don't say that.",,
ID00081,00002e86,45,　一緒に駅前モールへ行こうよ」,Let's go to the station mall together.,,
ID00081,000032ac,28, いや、俺はいいって," Nah, I'm good",,
ID00081,000032e3,43, …仕方ない、つき合ってやるよ," Fine, I'll come along",,
ID00081,0000333a,33,「いや、俺はいいって」,"Nah, I said I'm good.",,
ID00081,000034d0,39,「まぁまぁ、そう言わずに」,"C'mon, don't say that.",,
ID00081,00003675,48,「…仕方ない、つき合ってやるよ」,...Guess I have to then.,,
ID00081,00003844,42,「うんうん、そう来なきゃね」,"Yeah, yeah, that's the way to do it.",,
ID00081,00004368,54,「ん～、なにすっかなぁ。家電量販店へ,Ugh~ Maybe an electronics store?,,
ID00081,000043ad,48,　行って、最新のデジカムでも…」,...and check out the latest digital cameras...,,
ID00081,000045f7,33,「クンクン…クンクン…,Mmm-mmm... Mmm-mmm...,,
ID00081,00004627,39,　このかぐわしい香りは…」,This delightful scent is...,,
ID00081,00004ad2,42,「ああ、肉屋のコロッケだろ。,"Oh, it's the meat shop's croquettes.",,
ID00081,00004b0b,33,　揚げたての香りだな」,Smells freshly fried.,,
ID00081,00004ca1,60,「いいねー、コロッケ。匂いをかいじゃうと,"Mmm, croquettes. Once you catch a whiff",,
ID00081,00004cec,42,　無性に食べたくなるよねー」,"You just wanna eat 'em, right?",,
ID00081,0000510e,18,「食うか？」,Eat some?,,
ID00081,000052bf,60,「うん。買い食いといえば、寄り道の定番。,"Yeah, gotta try these.",,
ID00081,0000530a,30,　避けて通れないよ」,Can't avoid it.,,
ID00081,00005bc8,45,「おじさん、コロッケ、２つね」,"Hey, old man, two croquettes.",,
ID00081,00005c23,45,「あいよ～っ、揚げたてだから、,"Got it~! They're fresh out of the fryer, so",,
ID00081,00005c5f,33,　気をつけて持ちなよ」,be careful when you carry them.,,
ID00081,00005cae,48,「あれあれ？　にい君のおごり？」,Oh? You're treating me?,,
ID00081,00005d0c,45,「安いしな。ありがたく食えよ」,"It's cheap, so eat it gratefully.",,
ID00081,00005d67,21,「ありがとー」,Thanks a lot.,,
ID00081,000061fa,60,「むふ～っ。ホクホクのジャガイモの核に、,Mufu~. This one's shape...,,
ID00081,00006245,63,　サクサクの衣を外殻としたこのフォルム…」,and the crispy outer shell...,,
ID00081,00006791,57,「これは…まさしく、出来たての小宇宙。,This is... truly a newly formed microcosm.,,
ID00081,000067d9,33,　味のビッグバンだよ」,It's a big bang of flavor.,,
ID00081,00006d07,27,「いただきまーす」,Here goes nothing~,,
ID00081,0000737e,60,「はむっ。はふはふ…モグモグ……んぐっ」,Mmm. Hafu hafu... Mow mow... Nng!,,
ID00081,000073e8,57,「おいしーっ。小宇宙が、胃袋という名の,So good! My stomach...,,
ID00081,00007430,57,　ブラックホールに吸い込まれていくぅ」,of my stomach...,,
ID00081,00007497,30,「もっと普通に喜べ」,Just be happy normally.,,
ID00081,000074e3,57,「すっごくおいしー。ほっぺた落ちるー」,It's super delicious. My cheeks are drooling.,,
ID00081,0000754a,33,「ありがとね、にい君」,"Thanks, big bro.",,
ID00081,00007599,39,「それだけ喜んでくれれば、,I'm glad you're enjoying it so much.,,
ID00081,000075cf,36,　おごった甲斐があるよ」,Buying this was worth it.,,
ID00081,0000765c,60,こうして、真奈と一緒にコロッケを食べた。,I ate croquettes with Mahina like this.,,
ID00082,000017ae,21,「あ、にい君」,"""Hey, bro.""",,
ID00082,000019ff,12,「真奈」,Mana.,,
ID00082,00001dd6,24,「暇そうだねー」,You look bored.,,
ID00082,00001e1c,27,「決めつけるなよ」,Don't jump to conclusions.,,
ID00082,00001fac,33,「じゃあ、忙しいの？」,So you're busy?,,
ID00082,00002136,24,「…いや、暇だ」,"...No, I'm free.",,
ID00082,000022c3,45,「あははー、真奈と一緒だねー」,"Haha, just like Mana.",,
ID00082,00002459,30,「…どっか寄るか？」,...Want to stop somewhere?,,
ID00082,000025ec,30,「おお？　どこへ？」,Oh? Where to?,,
ID00082,0000278c,48,「…暇な時は、ゲーセンに限るな」,"...When I have time, it's the arcade.",,
ID00082,00002931,48,「アミューズメントスペースだね。,"It's the amusement area, right?",,
ID00082,00002970,27,　いいよ、行こー」,"Sure, let's go.",,
ID00082,00003267,51,「なにやる？　格ゲー？　レース？」,What are we playing? Fighter games? Racing games?,,
ID00082,0000353e,57,「もっと体を使うものをたまにはやれよ」,Try something that uses your body for a change.,,
ID00082,000036ec,18,「例えば？」,Like what?,,
ID00082,0000372c,51,「キックターゲットなんてどうだ？」,How about being a kicking target?,,
ID00082,000038fe,42,「ほうほう、スカート姿の妹に,"Hmm, have my skirt-wearing sister kick me",,
ID00082,00003937,27,　ボールを蹴れと」,Have her kick the ball,,
ID00082,00003d56,36,「パンツ録る気満々だね」,You're gonna record my panties.,,
ID00082,00003ee3,48,「なっ…そんなつもりじゃねーよ！,Wh-...I didn't mean that!,,
ID00082,00003f22,57,　お前の運動不足を解消しようとだな…」,I just wanted to help you get some exercise...,,
ID00082,000040fa,54,「はいはい、そういうことにしておいて,Just go with it if you want,,
ID00082,0000413f,18,　あげるよ」,I'll do it.,,
ID00082,00004555,54,「まぁ、変な録り方はしないだろうし、,"Well, I won't film anything weird so",,
ID00082,0000459a,54,　たまにはボール蹴るのもいいかもね」,It might be fun to kick the ball once in a while,,
ID00082,00004b0c,24,「どれを狙う？」,What are you aiming for?,,
ID00082,00004b52,51,「ボールに尋ねた方がよいと思われ」,You should ask the ball itself,,
ID00082,00004bb3,36,「適当に蹴るってことか」,Just kickin' randomly,,
ID00082,00004c05,39,「私がボールを蹴るなんて、,Last person to kick a ball.,,
ID00082,00004c3b,36,　流れ星くらい珍しいよ」,As rare as seein' a shootin' star.,,
ID00082,00004c8d,57,「ん？　流れ星？　…名前は決まったね」,Huh? A shooting star... You've decided on a name?,,
ID00082,00004cf4,15,「名前？」,Name?,,
ID00082,00004d31,21,「いっくよー」,Let's go!,,
ID00082,000052ed,57,「当たれ、ボールよ！　奇跡を乗せて！」,"Hit it, ball! Bring the miracle with you!",,
ID00082,000056f8,33,「流れ星シュートッ！」,Meteor shot!,,
ID00082,0000662a,24,「ぐぬ…届かず。,Guh... didn't make it.,,
ID00082,00006651,60,　流れ星だけに、成層圏で燃え尽きたか…」,Burned up in the stratosphere...,,
ID00082,00006c8b,45,「この距離でショートするとか、,To miss at this distance...,,
ID00082,00006cc7,30,　かえって珍しいぞ」,That's actually pretty rare.,,
ID00082,00006d13,39,「奇跡を起こす、それが私」,I'm the one who makes miracles happen.,,
ID00082,00006d68,33,「まだボールあるから、,"There are still balls left, so",,
ID00082,00006d98,39,　当たるまで蹴ってみろよ」,kick until you hit it.,,
ID00082,00006ded,45,「むむ、奇跡を再び起こせと？」,"Hmm, you want me to create a miracle again?",,
ID00082,00006e48,36,「流れ星シュート２ッ！」,Meteor Shot 2!,,
ID00082,00006e9a,51,「いや、もうそのポーズはいいって。,"No, seriously, stop with the poses already.",,
ID00082,00006edc,24,　普通に蹴れよ」,Just kick it normally.,,
ID00082,00006f22,45,「えー、ポーズは大事なのにー」,"Aw, but the pose is important too~",,
ID00082,00006f7d,75,こうして、真奈と一緒にキックターゲットを楽しんだ。,"And so, we enjoyed kicking the target together.",,
ID00083,0000177e,51,（はぁ…まっすぐ帰るのもなんだし、,"(Sigh... I don't feel like going straight home,",,
ID00083,000017c0,33,　どっか寄りたいなぁ）,maybe I'll stop somewhere.),,
ID00083,0000180f,30,（登るの大変だけど、,It's tough.,,
ID00083,0000183c,54,　海の丘公園で夕焼けの海でも録るか）,but maybe I'll record the sunset at Seaside Park.),,
ID00083,00001d20,48,「はぁ……はぁ……いつもながら、,Phew... Phew...,,
ID00083,00001d5f,24,　きつい坂だ…」,This hill is brutal...,,
ID00083,00002021,39,「ふぅ……やっと着いたよ」,Whew... Finally made it.,,
ID00083,00002076,24,（録画、録画…）,Recording...,,
ID00083,000023b0,39,（綺麗な夕焼けが録れたな）,"Nice sunset, huh?",,
ID00083,00002405,54,「風景を録るなんて、珍しいと思われ」,"Recording scenery is rare, right?",,
ID00083,00002997,57,「あ、真奈。お前も海を見に来たのか？」,"Oh, Mana. You came to see the sea too?",,
ID00083,00002a8d,33,「ううん、私は反対側。,"Nope, I was on the other side.",,
ID00083,00002abd,36,　暮れなずむ街を見てた」,Watching the town as it gets dark.,,
ID00083,00002f4d,51,「久しぶりにここから見るといいね、,"It's nice to see this place again,",,
ID00083,00002f8f,18,　乙谷町は。,Lots of nature.,,
ID00083,00002fb0,51,　自然が多いし、街並みがきれいで」,and its streets are beautiful.,,
ID00083,0000342a,36,「そうだな、いい街だよ」,"Yeah, it's a nice town.",,
ID00083,00003623,45,「もっともっといっぱい録って、,Let's record more and more of this place,,
ID00083,0000365f,39,　この街の良さを残してよ」,and keep its good points around.,,
ID00083,00003a7e,33,「ああ、そのつもりだ」,That's what I'll do.,,
ID00083,00003c98,63,「あ、鐘の音が…。いいねー、この音、好き」,"Oh, the sound of the bell... It's so nice!",,
ID00083,000043a0,45,「私たちも、一緒に鳴らそうよ」,"Let's ring it together, okay?",,
ID00083,00004536,63,「あぁ？　あれは、カップルが鳴らす鐘だ！」,Huh? That's for couples to ring together!,,
ID00083,000046ea,54,「まあまあ、細かいことは気にせずに」,"Come on now, don't worry about details.",,
ID00083,00004889,24,「気にするっ！」,I will worry!,,
ID00083,00004a16,45,「つれないねぇ…掛け替えのない,You're so cold...,,
ID00083,00004a52,24,　妹だってのに」,My own sister.,,
ID00083,00004e55,54,「じゃあ、いつか…にい君の大切な人と,"Then, someday... ring it with your special someone",,
ID00083,00004e9a,57,　一緒に鳴らしてよ。私の幸せを願って」,for my happiness.,,
ID00083,0000541f,42,「ん？　まぁ…それなら、な」,"Huh? Well... if that's the case,",,
ID00083,000055a5,18,「約束だよ」,I promise.,,
ID00083,00005a74,30,「その時が楽しみ…」,I'm looking forward to it...,,
ID00084,0000144e,42,（まっすぐ帰るのもなんだし、,I guess I can't just go straight home...,,
ID00084,00001487,48,　ブックカフェでも寄って行くか）,No point in going straight back.,,
ID00084,00001761,63,（あ…、あそこでパソコンいじってるのは…）,"H-Hey, that person over there...",,
ID00084,00001bdc,21,「むむむぅ…」,Mmm...,,
ID00084,00001c1f,48,「難しい顔してなにやってんだ？」,What are you doing with that serious face?,,
ID00084,00001e4c,21,「あ、にい君」,"""Hey, bro.""",,
ID00084,000020f8,63,「交通事故に気をつけるように言ってるのに、,"You told me to watch out for cars, yet...",,
ID00084,00002146,33,　放課後出歩くとは…。,Walking around after school?,,
ID00084,00002176,39,　妹の心、兄知らずだねぇ」,Your little sister has no clue.,,
ID00084,0000257c,45,「寄り道を控えてられるかって」,Like I'd hold back from taking a detour.,,
ID00084,00002732,39,「はぁ…まぁ、仕方ないか」,"Phew... Well, can't really blame her.",,
ID00084,000028ef,48,「で、お前はなにやってんだよ？」,So what are you up to?,,
ID00084,00002a7b,48,「気分転換にここへ来たんだけど、,I came here for a change of scenery...,,
ID00084,00002aba,51,　つい掲示板のログを見ちゃって…」,but I ended up reading the bulletin board logs...,,
ID00084,00002d84,30,「気分転換の意味が、,My change of scenery failed.,,
ID00084,00002db1,42,　まるでなくなっちゃったよ」,Seems like it didn't work out.,,
ID00084,00002f44,45,「ははは、なーにやってんだか」,"hahaha, what the hell am I doing?",,
ID00084,00002f9f,60,「あれから、怪しい書き込みはないのか？」,No suspicious posts since then?,,
ID00084,0000317a,12,「ん…」,Hmm...,,
ID00084,000031b4,33,「もう、気にするなよ。,Don't worry about it.,,
ID00084,000031e4,36,　ただのイタズラだって。,Just some prankster messing around.,,
ID00084,00003217,51,　一応、車には気をつけてるけどな」,I'm being careful with my car though.,,
ID00084,000033a6,15,「…むぅ」,...Mmph.,,
ID00084,000033e3,33,「なに飲んでるんだ？」,What're you drinking?,,
ID00084,00003560,27,「カフェフラッペ」,Cafe Frappe.,,
ID00084,00003753,15,「あれ？」,Huh?,,
ID00084,0000395f,51,「放っておいたら、すっかり溶けて、,"If I leave it alone, it'll melt completely and",,
ID00084,000039a1,63,　普通のアイスカフェラテになったと思われ」,"turn into regular iced cafe latte, you know?",,
ID00084,00003db2,18,「はははは」,Hahaha,,
ID00084,00003df2,42,「それ、俺が飲んでやるから、,"I'll drink that one for you, so",,
ID00084,00003e2b,57,　もう１つカフェフラッペ買って来いよ」,go buy me another Cafe Frappe.,,
ID00084,00003fc0,36,「え？　悪いからいいよ」,"Huh? No, don't worry about it.",,
ID00084,0000414d,51,「いいから。俺はアイスカフェラテが,"Just do it. I want an iced cafe latte,",,
ID00084,0000418f,51,　飲みたいし、ちょうどいいだろ？」,"and that's perfect, right?",,
ID00084,0000431e,36,「…にい君は、優しいね。,...You're so kind.,,
ID00084,00004351,39,　じゃあ、お言葉に甘えて」,"Then, I'll take you up on that offer.",,
ID00084,00004757,36,「あんまり根詰めんなよ」,Don't overdo it though.,,
ID00084,000048d7,15,「はーい」,Okay!,,
ID00084,00004fef,48,こうして、真奈と一緒にお茶した。,"And with that, we had tea together.",,
ID00085,0000193e,21,「あ、にい君」,"""Hey, bro.""",,
ID00085,00001b8f,12,「真奈」,Mana.,,
ID00085,00001fba,63,「交通事故に気をつけるように言ってるのに、,Yet here you are...,,
ID00085,00002008,48,　またしても放課後出歩くとは…。,"Again, walking around after school...?",,
ID00085,00002047,39,　妹の心、兄知らずだねぇ」,She's clueless.,,
ID00085,00002771,63,「交通事故に気をつけるように言ってるのに、,Yet here you are...,,
ID00085,000027bf,33,　放課後出歩くとは…。,You're out?,,
ID00085,000027ef,39,　妹の心、兄知らずだねぇ」,She's clueless.,,
ID00085,00002c3d,63,（真奈はブラッドムーンでなにがあったのか、,"You don't know what happened to Mana at Bloody Moon,",,
ID00085,00002c8b,30,　知らないからなぁ）,do you?,,
ID00085,00002e1e,63,「せめて一緒に行くよ。どこへ行くつもり？」,I'm coming too. Where?,,
ID00085,0000311a,63,「ん？　そうだな…ゲーセンでも行こうかな」,Hm? Maybe I'll go to an arcade...,,
ID00085,000032ce,33,「いいね、つき合うよ」,"Sounds good, I'll tag along.",,
ID00085,00003ba5,33,「なんのゲームやる？」,What kind of game?,,
ID00085,00003d22,45,「レースゲームなんかどうだ？」,How about a racing game?,,
ID00085,00003ec4,42,「…意地悪だねぇ、にい君は。,"You're so mean, Bro-kun.",,
ID00085,00003efd,60,　私が車に気が気じゃないって知ってて…」,You know I'm not good with cars...,,
ID00085,00004478,60,「ノークラッシュで完走できるならいいよ」,"If you can finish without crashing, that's fine.",,
ID00085,00004636,57,「そりゃ無理だ。ガードレールにぶつけて,That's impossible. Hitting the guardrails and,,
ID00085,0000467e,45,　曲がるのも１つの技だからな」,turning is part of the skill too.,,
ID00085,00004820,42,「じゃあ、ダメ。他のゲーム」,Then nope. Let's pick another game.,,
ID00085,000049b3,36,「なんならいいんだよ？」,What do you want to play then?,,
ID00085,00004b4c,33,「格ゲーなんかどう？」,How about a fighting game?,,
ID00085,00004b9b,51,「お前と対戦か？　勝てっこねーよ。,You wanna fight me? I'll totally crush you.,,
ID00085,00004bdd,54,　メチャクチャ強いじゃねーか、お前」,"Man, you're way too strong.",,
ID00085,00004d6f,36,「まぁ、得意ではあるよ」,"Well, it is my thing.",,
ID00085,00004f15,60,「運動神経も、反射神経もイマイチなのに、,"My reflexes and coordination aren't great though,",,
ID00085,00004f60,54,　なんでゲームはどれもうまいんだ？」,so how come I'm good at all games?,,
ID00085,0000510b,42,「機械も精霊の１種だからね。,It's 'cause machines are a type of spirit.,,
ID00085,00005144,42,　バンダナを解放しなくても、,"I don't even need to take off my bandana,",,
ID00085,0000517d,48,　ある程度の能力は引き出せるよ」,and I can still pull out some power.,,
ID00085,0000546a,54,「…要するに相性がいいってことだな」,"...So basically, we get along well.",,
ID00085,00005615,27,「そうとも言うね」,You could say that.,,
ID00085,0000565e,57,「仕方ない、負け覚悟で相手してやるか」,"Well, I guess I'll have to fight her head-on then.",,
ID00085,00005828,51,「手加減しないのが挑戦者への礼儀」,Not holding back is the courtesy due a challenger.,,
ID00085,00005f99,48,「おおっ！　バンダナちゃんだ！」,Wow! It's Bandana-chan!,,
ID00085,00005ff7,57,「最凶の魔女っ子使い、バンダナちゃんが,"The most vicious magical girl user, Bandana-chan has",,
ID00085,0000603f,21,　現れたぞ！」,appeared!,,
ID00085,00006082,42,「俺だ！　俺が挑戦するッ！」,It's me! I'm challenging you!,,
ID00085,000060da,27,「最近よく現れる、,"You've been around lately,",,
ID00085,00006104,42,　なぞのＪＫと対戦させてぇ」,let's have you fight that mystery JK.,,
ID00085,0000619c,51,「お前、メッチャ有名人じゃねーか」,"You're such a big shot now, huh?",,
ID00085,00006344,27,「修行の賜物だよ」,It's thanks to my training.,,
ID00085,000064d4,60,「さ、やろー。私の編み出した必殺コンボ、,"Okay then. I'll let you taste my special combo,",,
ID00085,0000651f,33,　味わわせてあげるよ」,the one I came up with myself.,,
ID00085,00006951,15,「おう！」,Alright!,,
ID00085,00006e3b,48,「それそれそれそれそれそれそれ」,Yeah yeah yeah yeah yeah yeah.,,
ID00085,00006e99,33,「うおおっ、速ぇっ！」,"Whoa, fast!",,
ID00085,00006ee8,51,こうして、真奈と格ゲーを楽しんだ。,I enjoyed fighting games with Mana.,,
ID00086,00001a3e,36,（もう、夏も終わり…か）,(Another summer's over...),,
ID00086,00001a90,30,（登るの大変だけど、,It's a hassle.,,
ID00086,00001abd,54,　海の丘公園で夕焼けの海でも録るか）,but maybe I'll record the sunset at Seaside Park.),,
ID00086,00001fa1,48,「はぁ……はぁ……いつもながら、,Phew... Phew...,,
ID00086,00001fe0,24,　きつい坂だ…」,This hill is brutal...,,
ID00086,000022a2,36,「ふぅ……やっと着いた」,Phew... Finally here.,,
ID00086,000022f4,24,（録画、録画…）,Recording...,,
ID00086,0000262e,15,（真奈…）,(Mana...),,
ID00086,0000266b,54,「風景を録るなんて、珍しいと思われ」,"Recording scenery is rare, right?",,
ID00086,00002bfd,12,「あ…」,...,,
ID00086,00002d7e,24,「どうかした？」,What's wrong?,,
ID00086,00002dc4,27,「風景を録ったら…,If I recorded...,,
ID00086,00002dee,45,　お前が現れる気がしたんだよ」,"But you didn't, right?",,
ID00086,00002f90,18,「ふうん…」,Hmm...,,
ID00086,00003024,36,「ちょっと前に…ここで、,"A little while ago... we met here,",,
ID00086,00003057,42,　こうして会わなかったか？」,didn't we? Like this...,,
ID00086,000031f6,39,「会ってないよ？　たぶん」,We never did meet. Probably.,,
ID00086,0000339f,42,「そっか…夢だったのかもな」,"Oh, I see... It was just a dream.",,
ID00086,0000353e,48,「…いいね、夢で私と会うなんて」,"That's nice, meeting me in your dreams...",,
ID00086,0000381e,57,「私もどうせなら、ロマンチックな夢で、,I'd rather have a romantic dream and,,
ID00086,00003866,33,　にい君と会いたいよ」,"meet you too, Bro-kun.",,
ID00086,00003b65,45,「一緒に…鐘を鳴らさないか？」,Let's ring the bell together...,,
ID00086,00003d07,24,「え？　私と？」,Huh? With me?,,
ID00086,00003e88,15,「嫌か？」,Don't want to?,,
ID00086,00004066,51,「ううん、どういう風の吹き回し？」,"No way, what wind blew that one in?",,
ID00086,00004349,63,「いつもなら、妹とそんなことやれるかーって,No way with my sis--,,
ID00086,00004397,27,　言いそうなのに」,I guess I can't talk.,,
ID00086,0000466f,33,「お前と鳴らすことを、,I feel like I did promise.,,
ID00086,0000469f,51,　お前と…約束した気がするんだよ」,with you...,,
ID00086,00004847,18,「ふうん…」,Hmm...,,
ID00086,000049ce,48,「いいね、そういう不思議な感覚。,"Sounds good, I like that mysterious feeling.",,
ID00086,00004a0d,30,　喜んでつき合うよ」,I'll happily go along with it.,,
ID00086,0000517e,33,「きれいな音色だねー」,That's such a pretty sound.,,
ID00086,000051cd,54,「一度、にい君と鳴らしたかったから、,"I've always wanted to make noise with you,",,
ID00086,00005212,21,　すごく幸せ」,So happy.,,
ID00086,00005255,39,（届くかな、あの真奈に…）,Will it reach her...? (Mana),,
ID00086,00005327,33,「この夏…俺の動画が…,This summer... my video...,,
ID00086,00005357,54,　なにか奇跡を起こした気がするんだ」,I feel like something miraculous happened.,,
ID00086,00005502,18,「ふうん…」,Hmm...,,
ID00086,00005689,39,「私も…そんな気がするよ」,I do too... I think so.,,
ID00086,00005ca8,45,「奇跡は起きるものじゃなくて、,"A miracle isn't something that happens,",,
ID00086,00005ce4,48,　起こすもの…真奈はそう思うな」,Mana thinks that's how it is.,,
ID00086,00005d42,48,こうして、真奈と一緒に過ごした。,"And now, I've spent time with Mana.",,
ID00087,000009f5,33,「はぁー、疲れたぁー」,"Phew, I'm so tired.",,
ID00087,00000ab9,42,「なにぐったりしてんだよ？」,What's with the slump?,,
ID00087,00000d17,21,「あ、にい君」,"""Hey, bro.""",,
ID00087,00001116,51,「色んなお店をウロウロ回ったとこ」,I've been walking around all kinds of shops.,,
ID00087,000012a5,30,「どこ行ったんだ？」,Where did you go?,,
ID00087,000014d2,45,「まずアニメショップへ行って、,"First to an anime shop,",,
ID00087,0000150e,39,　いろいろグッズを見て…」,looking at all sorts of goods...,,
ID00087,00001744,39,「次に家電量販店へ行って、,"Then to an electronics store,",,
ID00087,0000177a,42,　最新のタブレットを見て…」,checking out the latest tablets...,,
ID00087,000019d8,51,「最後はコンビニで漫画を立ち読み」,"Last, we read manga at a store.",,
ID00087,00001a39,45,「充実したオタクの放課後だな」,What a fulfilling otaku after-school routine.,,
ID00087,00001ae4,27,「楽しかったよー」,I had so much fun!,,
ID00087,00001cb8,54,「けど、歩きすぎて足が疲れちゃった。,But I guess my legs are tired from all the walking.,,
ID00087,00001cfd,33,　そろそろ帰ろうかな」,Maybe it's time to head home?,,
ID00087,00001ebe,27,「一緒に帰るか？」,Want to go home together?,,
ID00087,00001f9a,24,「うん、帰ろー」,"Yeah, let's go back.",,
ID00087,000024bd,45,こうして、一緒に真奈と帰った。,"And with that, we headed home together.",,
ID00087,00002936,36,「攻撃…と。これでよし」,Attack... and that's it.,,
ID00087,00002afd,39,「真奈、なにやってんだ？」,"Mina, what are you doing?",,
ID00087,00002cd0,21,「あ、にい君」,"""Hey, bro.""",,
ID00087,00002fa1,45,「スマホの位置情報を利用した、,It uses our phones' location data.,,
ID00087,00002fdd,45,　オンライン陣取りゲームだよ」,It's an online capture the flag game.,,
ID00087,00003219,51,「そこの駅前モールのモニュメントが,That monument in front of the station mall is,,
ID00087,0000325b,42,　ネット上の拠点になってて、,our base on the net.,,
ID00087,00003294,60,　ユーザーが集団で奪い合ってるってわけ」,Users are competing in groups to capture it.,,
ID00087,000034da,15,「へ～っ」,Wow...,,
ID00087,0000367c,42,「『仮想天使』もそうだけど、,"Like 'Virtual Angel',",,
ID00087,000036b5,48,　現実と仮想が絡み合った世界観が,I like worlds where reality and virtuality mix.,,
ID00087,000036f4,60,　好きだから、結構マメにプレイしてるよ」,So I play it pretty regularly.,,
ID00087,000037e1,21,「なるほどな」,Makes sense.,,
ID00087,00003989,60,「いつか、こんなゲームも作ってみたいね」,"Someday, I'd love to make a game like this too.",,
ID00087,00003b58,42,「じゃあ、駅前ロータリーにも,Then there's one at the station plaza.,,
ID00087,00003b91,48,　拠点があるから、攻撃してくる」,so they'll attack us.,,
ID00087,00003bef,24,「それじゃあな」,See ya.,,
ID00087,00003cc8,27,「うん、またねー」,See you later.,,
ID00094,00000d4e,21,「あ、にい君」,"""Hey, bro.""",,
ID00094,00000d91,45,「お、真奈、なにやってんだ？」,"Yo, Mana, what're you up to?",,
ID00094,00000f51,63,「古本コーナーで、欲しかったレトロゲームの,I found it at the used book corner.,,
ID00094,00000f9f,48,　攻略本があったから買ってきた」,so I bought it.,,
ID00094,00001273,33,「お前、古いゲーム機、,You brought an old gaming console,,
ID00094,000012a3,42,　宿舎に持ち込んでるのか？」,"to the dorms, huh?",,
ID00094,000013da,60,「いやいや、さすがに家に置いてきたって」,"Nah, no way. I left it at home.",,
ID00094,000015ea,51,「プレイするのは、ミツミキャンプが,"I'll play it after Mitsumi Camp is over,",,
ID00094,0000162c,45,　終わってからのお楽しみだね」,that's gonna be fun.,,
ID00094,00001927,54,「昔の攻略本って、漫画とかイラストが,Old guides had lots of manga and art,,
ID00094,0000196c,51,　いっぱい入ってて、読んでるだけで,and it was fun just to read them.,,
ID00094,000019ae,18,　楽しいよ」,It's fun.,,
ID00094,00001a71,30,「マニアックだなぁ」,That's pretty niche.,,
ID00094,00001c9e,24,「なにを今さら」,What's with this now?,,
ID00094,00001e4f,48,「帰るとこなら、一緒に帰ろうよ」,"If you're heading back, let's go together.",,
ID00094,00001ead,42,「俺はこれから、映像の雑誌を,I'm gonna look at movie mags.,,
ID00094,00001ee6,33,　立ち読みするんだよ」,Just flipping through them.,,
ID00094,0000209a,24,「そっか、残念」,"Oh, that's too bad.",,
ID00094,00002245,27,「それじゃあねー」,That's not it.,,
ID00094,0000228e,24,「ああ、またな」,Later~,,
ID00094,00002714,54,（なにか動画の参考になる雑誌は…と）,A mag with vid ref material?,,
ID00094,000027cc,54,（ん？　これは…コスプレの写真集か。,Hm? This is... a cosplay photo book?,,
ID00094,00002811,33,　ちょっと見てみるか）,I'll take a quick look.,,
ID00094,0000288f,54,（ん？　これは…コスプレの写真集か。,Hm? This is... a cosplay photo book?,,
ID00094,000028d4,54,　カメラアングルの参考になるかもな）,Might be useful for camera angles.,,
ID00094,000029ba,9,ペラリ,Flip,,
ID00094,000029f1,60,（おおーっ、ポーズがすごい。真奈っぽい）,"Wow, what amazing poses. They're like Mina's.",,
ID00094,00002aae,9,ペラリ,Flip,,
ID00094,00002ae5,39,（アニメキャラのポーズは、,Anime poses are usually nice,,
ID00094,00002b1b,63,　やっぱ普通のモデルのポーズとは違うなぁ）,Definitely different from regular model poses.,,
ID00094,00002bdb,9,ペラリ,Flip,,
ID00094,00002c12,36,（ハイアングルが多いな。,There are a lot of high angles.,,
ID00094,00002c45,48,　上目遣いはかわいく写るからな）,That's why upturned eyes look cute in photos.,,
ID00094,00002cf6,9,ペラリ,Flip,,
ID00094,00002d2d,63,（む…このコスは露出度高いな…。エロい…）,This cosplay is very revealing.,,
ID00094,00002ded,9,ペラリ,Flip,,
ID00094,00002e24,60,（うおっ、こっちのコスはもっと際どい…）,"Whoa, this cosplay is even more risqué...",,
ID00094,00003555,42,「ほうほう、コスプレ写真集を,That cosplay book.,,
ID00094,0000358e,45,　食い入るように立ち読みとは。,Reading so intently!,,
ID00094,000035ca,57,　にい君もずいぶん鍛えられてきたねぇ」,"You sure have gotten into shape over the years, huh?",,
ID00094,00003834,51,「あっ！　ま、真奈！？　ち、違う！,"Ah! M, Mana!? N-no!",,
ID00094,00003876,30,　これはたまたま…」,It's just a coincidence...,,
ID00094,00003946,60,「またまたー、隠さなくてもいいじゃない」,"Come on, you don't have to hide it",,
ID00094,00003c50,33,「２次元好きが高じて、,You love 2D stuff.,,
ID00094,00003c80,39,　３次元に到達するなんて、,"and now you've reached the real world,",,
ID00094,00003cb6,45,　まさに次元を越えた進化だね」,it's like an evolution beyond dimensions.,,
ID00094,00003e4c,51,「そんなコスプレ好きじゃねーよ！」,I'm not that into cosplay!,,
ID00094,00004066,48,「あれあれ？　マリアさんと一緒に,Hmm? Are you with Mariana?,,
ID00094,000040a5,63,　コスプレしておいて、否定とはこれ如何に？,Costume and denial?,,
ID00094,000040f3,27,　信憑性ないよ？」,Not convincing.,,
ID00094,000042ae,12,「う…」,...,,
ID00094,0000444d,39,「兄が道を深めていくのは、,"On the right path,",,
ID00094,00004483,30,　妹として心強いよ」,as his little sister.,,
ID00094,000044cf,27,「深めてねぇっ！」,You're not deepening it!,,
ID00094,0000467d,18,「まぁまぁ。,Calm down.,,
ID00094,0000469e,51,　女の子はみんな変身願望があるし、,"All girls have a desire to transform,",,
ID00094,000046e0,48,　意外と録る機会があると思われ」,Unexpected chances to record.,,
ID00094,000048d2,60,「そんなに否定しなくてもいいんじゃない？,You don't have to deny it so much.,,
ID00094,0000491d,42,　コスプレなら録画できるし、,"Since you can record cosplays,",,
ID00094,00004956,51,　にい君が興味を持つのは当然だよ」,It's natural for you to be interested in them too.,,
ID00094,00004b60,51,「女の子はみんな変身願望があるし、,"All girls have a desire to transform,",,
ID00094,00004ba2,48,　意外と録る機会があると思われ」,Unexpected chances to record.,,
ID00094,00004c3c,21,「そうか…？」,Huh...?,,
ID00094,00004de4,27,「それじゃあねー」,That's not it.,,
ID00094,000051e7,39,（コスプレを録る機会か…。,If I can record cosplay...,,
ID00094,0000521d,57,　あれば、面白いレコチャンスだけどな）,That would be an interesting recording chance.,,
ID00101,00000b19,48,「真奈、ここでなにやってんだ？」,"~Manaka, what are you doing here?",,
ID00101,00000cec,21,「あ、にい君」,"""Hey, bro.""",,
ID00101,0000101f,54,「仲のいい子たちとこれからカラオケ」,~I'm going to karaoke with my close friends.,,
ID00101,00001083,39,「へ～っ、お前の歌の趣味に,"Oh, someone who'll go with your taste?",,
ID00101,000010b9,51,　つき合ってくれる子がいるのか？」,~Someone who'll put up with your singing?,,
ID00101,0000127f,39,「むしろアニソン縛りだよ。,"More like, it's all anime songs.",,
ID00101,000012b5,45,　同好のよしみの集まりだから」,Since we're all into the same thing anyway.,,
ID00101,00001482,30,「ああ、なるほどな」,"Oh, I see.",,
ID00101,00001633,60,「今日は昭和のアニメ縛りってのもいいね」,I like the idea of only '70s anime songs today.,,
ID00101,000016b6,21,「難易度高っ」,"Damn, that's hard.",,
ID00101,00001884,39,「原作はよく知らないけど、,I don't know much about the original.,,
ID00101,000018ba,57,　歌は盛り上がる曲ってあるんだよねー」,There're some real party tunes out there.,,
ID00101,000019b4,51,「ああ、ロボットアニメの曲とかな」,"Oh yeah, like robot anime theme songs.",,
ID00101,00001ba0,45,「にい君も、初等部のころはよく,You used to sing tokusatsu openings.,,
ID00101,00001bdc,45,　特撮ヒーローのオープニングを,I remember that...,,
ID00101,00001c18,24,　歌ってたよね」,didn't you?,,
ID00101,00001c5e,27,「そうだったな…。,"Yeah, I did.",,
ID00101,00001c88,48,　ユイ姉があきれた顔してたっけ」,Yui-nee had that shocked look on her face too.,,
ID00101,00001e4b,36,「私は楽しかったけどね」,I had fun though.,,
ID00101,00001e9d,45,「盛り上がりすぎて、門限破ると,"We got so hyped up we might break curfew,",,
ID00101,00001ed9,36,　たまさんに怒られるぞ」,and get scolded by Tama-san.,,
ID00101,00002090,57,「うん、気をつけるよ。それじゃあねー」,"Yeah, I'll be careful. See ya.",,
ID00101,000020f7,24,「ああ、またな」,Later~,,
ID00101,0000256b,45,「あ、にい君！　救世主現る！」,Hey! You're my savior!,,
ID00101,00002623,30,「あぁ？　救世主？」,Savior?,,
ID00101,000027d4,48,「ゾンビもののガンシューティング,Zombie shooting game,,
ID00101,00002813,42,　やってるんだけど、１人じゃ,"I'm playing it, can't clear last stage.",,
ID00101,0000284c,51,　ラストステージがクリアできない」,I can't beat the final level alone.,,
ID00101,00002a12,51,「２丁拳銃で奮戦したんだけどねー。,I fought hard with a double-barreled pistol though.,,
ID00101,00002a54,27,　一緒にやってよ」,Play it with me.,,
ID00101,00002c46,45,「ガンシューか…久しぶりだな」,Gun shooting... Haven't done that in a while.,,
ID00101,00002ca1,33,「よし！　任せとけ！」,Alright! Leave it to me!,,
ID00101,00002d40,42,「あははー、背中は預けたよ」,"Hahaha, I've got your back.",,
ID00101,00003267,27,「ウオオーーン！」,Woooooo!,,
ID00101,000032b0,24,「ウガーーー！」,Wooooooh!,,
ID00101,000032f6,18,「うわっ！」,Eek!,,
ID00101,000033c4,33,「にい君、無駄弾ダメ」,"Hey, don't waste ammo.",,
ID00101,00003413,30,「このゾンビ、速っ！,This zombie's fast!,,
ID00101,00003440,39,　死体じゃねーのかよ！？」,It's not even a corpse!?,,
ID00101,00003495,42,「ウイルス汚染タイプだねー。,It's the virus-contaminated type.,,
ID00101,000034ce,48,　運動能力はむしろ向上の方向で」,Its movement skills have actually improved.,,
ID00101,0000352c,24,「難易度高っ！」,This is hard!,,
ID00101,00003572,12,「んっ」,Mmnh,,
ID00101,000035fa,18,「グエッ！」,Guhh!,,
ID00101,0000363a,18,「そこっ！」,There!,,
ID00101,000036c8,18,「ウガッ！」,Ugh!,,
ID00101,00003708,42,「げっ、全部ヘッドショット。,"Gah, all headshots.",,
ID00101,00003741,36,　なんつー正確な射撃…」,What accurate shooting...,,
ID00101,00003793,15,「右っ！」,Right!,,
ID00101,0000381e,18,「ゲベッ！」,Guh!,,
ID00101,0000385e,15,「下っ！」,Down!,,
ID00101,000038e9,18,「グバッ！」,Guh!,,
ID00101,00003929,51,「おーい、俺の獲物も残してくれー」,"Hey, leave some for me too!",,
ID00101,0000398a,51,「ボスまではのんびりしてていいよ。,You can take it easy until you reach the boss.,,
ID00101,000039cc,63,　敵の出現パターンはさっき全部覚えたから」,I memorized all the enemy patterns just now.,,
ID00101,00003a87,18,「グゲッ！」,Guhah!,,
ID00101,00003ac7,42,「その反射神経と運動神経を、,If only you could use that reflex and,,
ID00101,00003b00,36,　現実に活かせればなぁ」,And not just here in the game.,,
ID00101,00003b52,51,「あははー、それは言いっこなしで」,"Haha, you can't say that!",,
ID00101,00003c01,69,こうして、一緒にガンシューティングを楽しんだ。,And so we enjoyed shooting together like this.,,
ID00108,00001cd7,51,（１人で来るここもいいもんだよな）,(It's nice to come here alone too.),,
ID00108,000021b8,39,（フッ、暮れなずむ夕日が、,"Heh, the setting sun.",,
ID00108,000021ee,33,　哀愁を感じさせるゼ）,It feels melancholy.,,
ID00108,0000228f,42,「うわっ！　な、なんだ！？」,Whoa! What's going on!?,,
ID00108,0000231e,30,「だーーれだーーー」,Who the hell is it--,,
ID00108,0000236a,12,「え…」,Huh...?,,
ID00108,00002475,16, 反町だろ？, Sorimachi?,,
ID00108,000024a0,25, 御前さんでしょ？, Misaki-senpai?,,
ID00108,000024d4,19, まひろだろ？, Mahiro?,,
ID00108,00002558,16, 真奈だろ？, Mina?,,
ID00108,00002652,27,「相良さんだろ？」,Sagara-san?,,
ID00108,000026af,33,「マリアさんでしょ？」,"It's Maria, right?",,
ID00108,00002712,21,「反町だろ？」,"Sorimachi, right?",,
ID00108,00002769,30,「御前さんでしょ？」,"Is that you, Misaki-senpai?",,
ID00108,0000281d,21,「凜世だろ？」,"Rinze, right?",,
ID00108,0000288f,21,「妃月だろ？」,"Himeragi, right?",,
ID00108,00002901,27,「藍田さんだろ？」,"Aran-san, right?",,
ID00108,0000295e,21,「内魔だろ？」,Isn't that you?,,
ID00108,00002ea1,33,「おやおや、私以外にも,"Oh, other kids.",,
ID00108,00002ed1,45,　こんなことする子がいるとは、,who'd do something like this besides me.,,
ID00108,00002f0d,30,　モテモテなようで」,You must be popular though.,,
ID00108,00003030,30,「ああっ！　真奈！」,Aah! Mahiro!,,
ID00108,000031e1,33,「１３年間連れ添った、,"13 years together,",,
ID00108,00003211,48,　私の声がわからないなんてねー」,you can't not recognize my voice.,,
ID00108,0000359b,60,「連れ添ったって言うな、連れ添ったって」,"Don't say we've been together, we've been together.",,
ID00108,000037c4,60,「なにがどうあろうと、妹の声を間違えちゃ,I won't mistake her voice,,
ID00108,0000380f,24,　ダメと思われ」,That's how it seems.,,
ID00108,000039c7,24,「…悪かったよ」,...Sorry about that,,
ID00108,00003b72,45,「償いは、宿舎に送ることだね」,The atonement is sending you to the dorms,,
ID00108,00003d08,51,「仕方ねーなぁ。来たばっかだけど、,No help for it. You just got here.,,
ID00108,00003d4a,33,　一緒に帰ってやるよ」,I'll take you back with me,,
ID00108,00003e2c,42,「そうそう、そうこなきゃね」,"That's right, that's how it should be.",,
ID00108,0000432a,45,こうして、真奈と一緒に帰った。,"This way, I went back with Mana",,
ID00108,000043d9,42,（やばいやばい、御前さんって,"(Oh no, oh no, Misaki-senpai)",,
ID00108,00004412,27,　言っちゃったよ。,I really did.,,
ID00108,0000443c,48,　渚紗だったら怒られてるとこだ）,"(If it were Nagisa, I'd be scolded now.)",,
ID00108,00004509,24,「まひろだろ？」,You mean Mahiro?,,
ID00108,00004a07,30,「はーーずれーーー」,Damn it.,,
ID00108,00004a53,27,「あっ！　真奈！」,Ah! Mina!,,
ID00108,00004c01,39,「まひろちゃんと私の声は、,"Mahiro-chan and my voice are,",,
ID00108,00004c37,39,　まるで似てないと思われ」,aren't supposed to sound alike at all.,,
ID00108,00004c8c,42,「だーれだ、なんてやるのは、,Who the hell is it anyway?,,
ID00108,00004cc5,51,　てっきりまひろだと思ったんだよ」,I thought for sure it was Mahiro.,,
ID00108,00004e8b,45,「ぐぬ…先入観に敗れるとは…」,Guh... I lost to my first impression...,,
ID00108,0000504b,33,「私も、もっとにい君に,I should've annoyed you more.,,
ID00108,0000507b,48,　悪ふざけしなきゃってことだね」,like you are.,,
ID00108,000050d9,48,「今でも十分面倒かけてるクセに、,"Even though I'm already such a hassle,",,
ID00108,00005118,27,　なに言ってんだ」,What're you talking about?,,
ID00108,000052c6,45,「取りあえずがっかりしたから、,"I'm just disappointed, so",,
ID00108,00005302,27,　宿舎へ送ってよ」,take me back to the dorm.,,
ID00108,0000534b,36,「ったく、仕方ねぇな…」,"Whatever, guess I have no choice...",,
ID00108,0000581d,45,こうして、真奈と一緒に帰った。,"This way, I went back with Mana",,
ID00108,0000589b,63,「真奈だろ？　わからないと思ってんのか？」,"It's Mana, right? You don't know?",,
ID00108,00005df7,42,「正解ー。さすがにい君だね」,Right answer. You really are @str_000.,,
ID00108,00005e75,60,「お前の声がわからないほどボケてねーよ」,I'm not that out of it I can't recognize your voice.,,
ID00108,00005f72,57,「うんうん、当ててもらってうれしいよ。,"Yeah, yeah, I'm glad you guessed right.",,
ID00108,00005fba,39,　妹ならではの親密さだね」,Only a sister could have it.,,
ID00108,0000630c,48,「ご褒美に一緒に帰ってあげるよ」,"As a reward, I'll walk home with you.",,
ID00108,000063fa,36,「はいはい、ありがとよ。,"Sure, sure, thanks.",,
ID00108,0000642d,60,　来たばっかだけど、一緒に帰ってやるよ」,Just got here but I'll walk back with you.,,
ID00108,000065fc,33,「そうこなくっちゃね」,That's the way to do it.,,
ID00108,00006ada,45,こうして、真奈と一緒に帰った。,"This way, I went back with Mana",,
ID00108,00006b46,54,「ユイ姉だろ？　イタズラはよせって」,"You're Yui's sis, right? Stop messing around.",,
ID00108,00007062,42,「およよ？　まさか、ユイ姉と,Oh my? Did I get mistaken for Yui-nee...?,,
ID00108,0000709b,33,　間違えられるとは…」,for Yu-nee...?,,
ID00108,000070ea,27,「あっ！　真奈！」,Ah! Mina!,,
ID00108,00007298,45,「姉妹とはいえ、ユイ姉と私は、,"Even though we're sisters, Yui-nee and I have",,
ID00108,000072d4,33,　まるで声が違うよ？」,completely different voices?,,
ID00108,00007323,39,「いつもの調子で、ユイ姉が,I thought Yui-nee was messing around.,,
ID00108,00007359,51,　悪ふざけしたのかと思ったんだよ」,I thought she was joking around like always.,,
ID00108,0000751f,63,「むぅ…姉妹の声すら聞き分けられないとは」,Muu... I can't tell sisters apart.,,
ID00108,000076f1,57,「将来、振り込め詐欺の被害に遭わないか,Worried about phone scams...,,
ID00108,00007739,12,　心配」,worried.,,
ID00108,00007773,45,「他人の声とは間違えねぇって！,You don't mistake voices!,,
ID00108,000077af,18,　…ったく」,...Geez,,
ID00108,00007802,30,「心美先生でしょ？」,Isn't it Shinmi-sensei?,,
ID00108,00007d3d,60,「おおっと、超意外な名前、飛び出したー」,"Oh wow, an incredibly unexpected name popped out!",,
ID00108,00007da7,30,「ああっ！　真奈！」,Aah! Mahiro!,,
ID00108,00007f58,33,「にい君と心美先生が、,Bro-kun and Shimemi-sensei are,,
ID00108,00007f88,42,　“だーれだ”する関係とは、,What kind of relationship is that?,,
ID00108,00007fc1,42,　学園に知れたら大騒ぎだね」,"If it got out, there'd be a fuss.",,
ID00108,00008019,60,「そ、そんなことねーよ！　心美先生なら、,N-No way! Shimemi-sensei would just,,
ID00108,00008064,60,　深い意味なく、ふざけてやりそうだろ？」,"be joking around without any deeper meaning, right?",,
ID00108,000082af,48,「む……言われてみればそうかも」,"Hmm... Now that you mention it, maybe.",,
ID00108,000084dc,60,「声も若いし、背もお前と同じぐらいだし、,Your voice is young and height similar.,,
ID00108,00008527,36,　つい間違えたんだって」,so I guess I got confused.,,
ID00108,000086de,63,「たとえそうでも、妹の声がわからないとか、,"Even if so, can't tell sis' voice,",,
ID00108,0000872c,39,　兄としてあるまじき行為」,That's unacceptable for a big bro.,,
ID00108,00008781,48,「…悪かったよ。気をつけるって」,...Sorry. I'll be more careful.,,
ID00108,00008957,57,「お詫びは、宿舎へ一緒に帰ることだね」,The apology's ours.,,
ID00108,000089be,63,「はいはい、来たばっかだけど帰ってやるよ」,"Sure, I'm leaving now.",,
ID00108,00008abe,48,「うんうん、そうこなくっちゃね」,"Yeah, yeah, that's the way.",,
ID00108,00008fc2,45,こうして、真奈と一緒に帰った。,"This way, I went back with Mana",,
ID00108,000094d6,54,「おーーっ、速い速い。かっこいー！」,"Ooh, so fast! So cool!",,
ID00108,0000953a,36,「真奈、なに見てんだ？」,"Mana, what are you looking at?",,
ID00108,0000977c,21,「あ、にい君」,"""Hey, bro.""",,
ID00108,00009ad2,54,「今、海の上をドローンが飛んでった。,"Just now, a drone flew over the sea.",,
ID00108,00009b17,27,　海岸線に沿って、,"Following the coastline,",,
ID00108,00009b41,48,　夕暮れの海を録ってたのかもね」,Maybe it was filming the sunset over the sea.,,
ID00108,00009eef,15,「ふうん」,Hmm.,,
ID00108,0000a14b,33,「にい君は興味ないの？,You're not interested in that?,,
ID00108,0000a17b,51,　変わった映像が録れそうだけど？」,It could've captured some weird footage.,,
ID00108,0000a34e,30,「ん～、風景動画に、,Not a scenery vid fan.,,
ID00108,0000a37b,45,　あんまり興味がないからなぁ」,I don't have much interest in them.,,
ID00108,0000a53b,54,「音楽のプロモーションビデオとかで、,"In music promo videos and stuff,",,
ID00108,0000a580,45,　ヘリコプターの空撮の代わりに,They often use helicopter shots instead.,,
ID00108,0000a5bc,33,　使ったりしてるよ？」,They use that kinda stuff.,,
ID00108,0000a7bf,48,「崖を越えた先にバンドがいたり、,"There's a band beyond the cliff, or",,
ID00108,0000a7fe,33,　空からの定点撮影で、,"From an aerial fixed shot,",,
ID00108,0000a82e,39,　空き地に人文字作ったり」,Making human formations.,,
ID00108,0000ac4d,60,「なるほど！　そういう使い方があるのか」,Oh yeah! That kind of thing exists!,,
ID00108,0000ae1c,51,「ただ、安全には気をつけなきゃね」,But you gotta be careful with safety.,,
ID00108,0000afe2,33,「人の操縦ミスがない、,"When there's no pilot error,",,
ID00108,0000b012,48,　プログラムによる自律飛行でも、,It can fly autonomously via program.,,
ID00108,0000b051,54,　落ちちゃうことがあるみたいだから」,It seems it can still crash sometimes.,,
ID00108,0000b21a,57,「ラジコンのヘリコプターと同じように、,"Just like remote-controlled helicopters,",,
ID00108,0000b262,60,　落ちても大丈夫な場所で飛ばさないとね」,Fly where they land safe.,,
ID00108,0000b2cc,45,「そっか…。けど、金が貯まって,...I see... But by the time I save up,,
ID00108,0000b308,36,　買うころには、あんまり,"enough money to buy one, maybe",,
ID00108,0000b33b,51,　落ちなくなってるんじゃねーか？」,they won't crash that much anymore?,,
ID00108,0000b501,54,「そうかもね。技術は日進月歩だから」,Maybe. Technology advances every day.,,
ID00108,0000b6a0,54,「誰でも空撮できる時代か…スゲぇな」,Anyone can do aerial shots...,,
ID00108,0000b869,45,「これまで録れなかった映像が、,Footage we couldn't get.,,
ID00108,0000b8a5,39,　いっぱい生まれそうだね」,Sounds like it's gonna be pretty cool.,,
ID00108,0000b8fa,51,「秋になったらバイトでもすっかな」,Why don't I take a part-time job this fall?,,
ID00108,0000bac0,60,「…買っても、女子宿舎をのぞいたりしたら,Can't peek in girl's dorm.,,
ID00108,0000bb0b,18,　ダメだよ」,You can't.,,
ID00108,0000bb4b,21,「やるかっ！」,I'm in!,,
ID00115,000009f5,33,「はぁー、疲れたぁー」,"Phew, I'm so tired.",,
ID00115,00000ab9,42,「なにぐったりしてんだよ？」,What's with the slump?,,
ID00115,00000d17,21,「あ、にい君」,"""Hey, bro.""",,
ID00115,00001116,51,「色んなお店をウロウロ回ったとこ」,I've been walking around all kinds of shops.,,
ID00115,000012a5,30,「どこ行ったんだ？」,Where did you go?,,
ID00115,000014d2,45,「まずアニメショップへ行って、,"First to an anime shop,",,
ID00115,0000150e,39,　いろいろグッズを見て…」,looking at all sorts of goods...,,
ID00115,00001744,39,「次に家電量販店へ行って、,"Then to an electronics store,",,
ID00115,0000177a,42,　最新のタブレットを見て…」,checking out the latest tablets...,,
ID00115,000019d8,51,「最後はコンビニで漫画を立ち読み」,"Last, we read manga at a store.",,
ID00115,00001a39,45,「充実したオタクの放課後だな」,What a fulfilling otaku after-school routine.,,
ID00115,00001ae4,27,「楽しかったよー」,I had so much fun!,,
ID00115,00001cb8,54,「けど、歩きすぎて足が疲れちゃった。,But I guess my legs are tired from all the walking.,,
ID00115,00001cfd,33,　そろそろ帰ろうかな」,Maybe it's time to head home?,,
ID00115,00001ebe,27,「一緒に帰るか？」,Want to go home together?,,
ID00115,00001f9a,24,「うん、帰ろー」,"Yeah, let's go back.",,
ID00115,000024bd,45,こうして、一緒に真奈と帰った。,"And with that, we headed home together.",,
ID00115,00002936,36,「攻撃…と。これでよし」,Attack... and that's it.,,
ID00115,00002afd,39,「真奈、なにやってんだ？」,"Mina, what are you doing?",,
ID00115,00002cd0,21,「あ、にい君」,"""Hey, bro.""",,
ID00115,00002fa1,45,「スマホの位置情報を利用した、,It uses our phones' location data.,,
ID00115,00002fdd,45,　オンライン陣取りゲームだよ」,It's an online capture the flag game.,,
ID00115,00003219,51,「そこの駅前モールのモニュメントが,That monument in front of the station mall is,,
ID00115,0000325b,42,　ネット上の拠点になってて、,our base on the net.,,
ID00115,00003294,60,　ユーザーが集団で奪い合ってるってわけ」,Users are competing in groups to capture it.,,
ID00115,000034da,15,「へ～っ」,Wow...,,
ID00115,0000367c,42,「『仮想天使』もそうだけど、,"Like 'Virtual Angel',",,
ID00115,000036b5,48,　現実と仮想が絡み合った世界観が,I like worlds where reality and virtuality mix.,,
ID00115,000036f4,60,　好きだから、結構マメにプレイしてるよ」,So I play it pretty regularly.,,
ID00115,000037e1,21,「なるほどな」,Makes sense.,,
ID00115,00003989,60,「いつか、こんなゲームも作ってみたいね」,"Someday, I'd love to make a game like this too.",,
ID00115,00003b58,42,「じゃあ、駅前ロータリーにも,Then there's one at the station plaza.,,
ID00115,00003b91,48,　拠点があるから、攻撃してくる」,so they'll attack us.,,
ID00115,00003bef,24,「それじゃあな」,See ya.,,
ID00115,00003cc8,27,「うん、またねー」,See you later.,,
ID00122,00000d4e,21,「あ、にい君」,"""Hey, bro.""",,
ID00122,00000d91,45,「お、真奈、なにやってんだ？」,"Yo, Mana, what're you up to?",,
ID00122,00000f51,63,「古本コーナーで、欲しかったレトロゲームの,I found a retro game guide.,,
ID00122,00000f9f,48,　攻略本があったから買ってきた」,so I bought it.,,
ID00122,00001273,33,「お前、古いゲーム機、,You brought an old gaming console,,
ID00122,000012a3,42,　宿舎に持ち込んでるのか？」,"to the dorms, huh?",,
ID00122,000013da,60,「いやいや、さすがに家に置いてきたって」,"Nah, no way. I left it at home.",,
ID00122,000015ea,51,「プレイするのは、ミツミキャンプが,"I'll play it after Mitsumi Camp is over,",,
ID00122,0000162c,45,　終わってからのお楽しみだね」,that's gonna be fun.,,
ID00122,00001927,54,「昔の攻略本って、漫画とかイラストが,"Old guides had manga, art.",,
ID00122,0000196c,51,　いっぱい入ってて、読んでるだけで,and it was fun just to read them.,,
ID00122,000019ae,18,　楽しいよ」,It's fun.,,
ID00122,00001a71,30,「マニアックだなぁ」,That's pretty niche.,,
ID00122,00001c9e,24,「なにを今さら」,What's with this now?,,
ID00122,00001e4f,48,「帰るとこなら、一緒に帰ろうよ」,"If you're heading back, let's go together.",,
ID00122,00001ead,42,「俺はこれから、映像の雑誌を,I'll look at movie mags.,,
ID00122,00001ee6,33,　立ち読みするんだよ」,Just flipping through them.,,
ID00122,0000209a,24,「そっか、残念」,"Oh, that's too bad.",,
ID00122,00002245,27,「それじゃあねー」,That's not it.,,
ID00122,0000228e,24,「ああ、またな」,Later~,,
ID00122,00002714,54,（なにか動画の参考になる雑誌は…と）,A mag with vid ref material?,,
ID00122,000027cc,54,（ん？　これは…コスプレの写真集か。,Hm? This is... a cosplay photo book?,,
ID00122,00002811,33,　ちょっと見てみるか）,I'll take a quick look.,,
ID00122,0000288f,54,（ん？　これは…コスプレの写真集か。,Hm? This is... a cosplay photo book?,,
ID00122,000028d4,54,　カメラアングルの参考になるかもな）,Might be useful for camera angles.,,
ID00122,000029ba,9,ペラリ,Flip,,
ID00122,000029f1,60,（おおーっ、ポーズがすごい。真奈っぽい）,"Wow, what amazing poses. They're like Mina's.",,
ID00122,00002aae,9,ペラリ,Flip,,
ID00122,00002ae5,39,（アニメキャラのポーズは、,Anime poses are cute.,,
ID00122,00002b1b,63,　やっぱ普通のモデルのポーズとは違うなぁ）,Definitely different from regular model poses.,,
ID00122,00002bdb,9,ペラリ,Flip,,
ID00122,00002c12,36,（ハイアングルが多いな。,There are a lot of high angles.,,
ID00122,00002c45,48,　上目遣いはかわいく写るからな）,That's why upturned eyes look cute in photos.,,
ID00122,00002cf6,9,ペラリ,Flip,,
ID00122,00002d2d,63,（む…このコスは露出度高いな…。エロい…）,This cosplay is sexy.,,
ID00122,00002ded,9,ペラリ,Flip,,
ID00122,00002e24,60,（うおっ、こっちのコスはもっと際どい…）,"Whoa, this cosplay is even more risqué...",,
ID00122,00003555,42,「ほうほう、コスプレ写真集を,"Wow, a cosplay book.",,
ID00122,0000358e,45,　食い入るように立ち読みとは。,You're so engrossed.,,
ID00122,000035ca,57,　にい君もずいぶん鍛えられてきたねぇ」,"You sure have gotten into shape over the years, huh?",,
ID00122,00003834,51,「あっ！　ま、真奈！？　ち、違う！,"Ah! M, Mana!? N-no!",,
ID00122,00003876,30,　これはたまたま…」,It's just a coincidence...,,
ID00122,00003946,60,「またまたー、隠さなくてもいいじゃない」,"Come on, you don't have to hide it",,
ID00122,00003c50,33,「２次元好きが高じて、,You love 2D.,,
ID00122,00003c80,39,　３次元に到達するなんて、,"and now you've reached the real world,",,
ID00122,00003cb6,45,　まさに次元を越えた進化だね」,it's like an evolution beyond dimensions.,,
ID00122,00003e4c,51,「そんなコスプレ好きじゃねーよ！」,I'm not that into cosplay!,,
ID00122,00004066,48,「あれあれ？　マリアさんと一緒に,Hmm? Are you with Mariana?,,
ID00122,000040a5,63,　コスプレしておいて、否定とはこれ如何に？,Costume and denial?,,
ID00122,000040f3,27,　信憑性ないよ？」,Not convincing.,,
ID00122,000042ae,12,「う…」,...,,
ID00122,0000444d,39,「兄が道を深めていくのは、,"My brother's on track,",,
ID00122,00004483,30,　妹として心強いよ」,as his little sister.,,
ID00122,000044cf,27,「深めてねぇっ！」,You're not deepening it!,,
ID00122,0000467d,18,「まぁまぁ。,Calm down.,,
ID00122,0000469e,51,　女の子はみんな変身願望があるし、,"All girls have a desire to transform,",,
ID00122,000046e0,48,　意外と録る機会があると思われ」,Unexpected chances to record.,,
ID00122,000048d2,60,「そんなに否定しなくてもいいんじゃない？,You don't have to deny it so much.,,
ID00122,0000491d,42,　コスプレなら録画できるし、,"Since you can record cosplays,",,
ID00122,00004956,51,　にい君が興味を持つのは当然だよ」,It's natural for you to be interested in them too.,,
ID00122,00004b60,51,「女の子はみんな変身願望があるし、,"All girls have a desire to transform,",,
ID00122,00004ba2,48,　意外と録る機会があると思われ」,Unexpected chances to record.,,
ID00122,00004c3c,21,「そうか…？」,Huh...?,,
ID00122,00004de4,27,「それじゃあねー」,That's not it.,,
ID00122,000051e7,39,（コスプレを録る機会か…。,If I can record cosplay...,,
ID00122,0000521d,57,　あれば、面白いレコチャンスだけどな）,That would be an interesting recording chance.,,
ID00129,00000b19,48,「真奈、ここでなにやってんだ？」,"~Manaka, what are you doing here?",,
ID00129,00000cec,21,「あ、にい君」,"""Hey, bro.""",,
ID00129,0000101f,54,「仲のいい子たちとこれからカラオケ」,~I'm going to karaoke with my close friends.,,
ID00129,00001083,39,「へ～っ、お前の歌の趣味に,"Oh, so you like that too?",,
ID00129,000010b9,51,　つき合ってくれる子がいるのか？」,~Someone who'll put up with your singing?,,
ID00129,0000127f,39,「むしろアニソン縛りだよ。,"More like, it's all anime songs.",,
ID00129,000012b5,45,　同好のよしみの集まりだから」,Since we're all into the same thing anyway.,,
ID00129,00001482,30,「ああ、なるほどな」,"Oh, I see.",,
ID00129,00001633,60,「今日は昭和のアニメ縛りってのもいいね」,I like the idea of only '70s anime songs today.,,
ID00129,000016b6,21,「難易度高っ」,"Damn, that's hard.",,
ID00129,00001884,39,「原作はよく知らないけど、,I'm not familiar with it.,,
ID00129,000018ba,57,　歌は盛り上がる曲ってあるんだよねー」,There're upbeat songs.,,
ID00129,000019b4,51,「ああ、ロボットアニメの曲とかな」,"Oh yeah, like robot anime theme songs.",,
ID00129,00001ba0,45,「にい君も、初等部のころはよく,You used to sing tokusatsu openings.,,
ID00129,00001bdc,45,　特撮ヒーローのオープニングを,I remember that...,,
ID00129,00001c18,24,　歌ってたよね」,didn't you?,,
ID00129,00001c5e,27,「そうだったな…。,"Yeah, I did.",,
ID00129,00001c88,48,　ユイ姉があきれた顔してたっけ」,Yui-nee had that shocked look on her face too.,,
ID00129,00001e4b,36,「私は楽しかったけどね」,I had fun though.,,
ID00129,00001e9d,45,「盛り上がりすぎて、門限破ると,"We got so hyped up we might break curfew,",,
ID00129,00001ed9,36,　たまさんに怒られるぞ」,and get scolded by Tama-san.,,
ID00129,00002090,57,「うん、気をつけるよ。それじゃあねー」,"Yeah, I'll be careful. See ya.",,
ID00129,000020f7,24,「ああ、またな」,Later~,,
ID00129,0000256b,45,「あ、にい君！　救世主現る！」,Hey! You're my savior!,,
ID00129,00002623,30,「あぁ？　救世主？」,Savior?,,
ID00129,000027d4,48,「ゾンビもののガンシューティング,Zombie shooting game,,
ID00129,00002813,42,　やってるんだけど、１人じゃ,"I'm playing it, can't clear last stage.",,
ID00129,0000284c,51,　ラストステージがクリアできない」,I can't beat the final level alone.,,
ID00129,00002a12,51,「２丁拳銃で奮戦したんだけどねー。,I fought hard with a double-barreled pistol though.,,
ID00129,00002a54,27,　一緒にやってよ」,Play it with me.,,
ID00129,00002c46,45,「ガンシューか…久しぶりだな」,Gun shooting... Haven't done that in a while.,,
ID00129,00002ca1,33,「よし！　任せとけ！」,Alright! Leave it to me!,,
ID00129,00002d40,42,「あははー、背中は預けたよ」,"Hahaha, I've got your back.",,
ID00129,00003267,27,「ウオオーーン！」,Woooooo!,,
ID00129,000032b0,24,「ウガーーー！」,Wooooooh!,,
ID00129,000032f6,18,「うわっ！」,Eek!,,
ID00129,000033c4,33,「にい君、無駄弾ダメ」,"Hey, don't waste ammo.",,
ID00129,00003413,30,「このゾンビ、速っ！,This zombie's fast!,,
ID00129,00003440,39,　死体じゃねーのかよ！？」,It's not even a corpse!?,,
ID00129,00003495,42,「ウイルス汚染タイプだねー。,It's the virus-contaminated type.,,
ID00129,000034ce,48,　運動能力はむしろ向上の方向で」,Its movement skills have actually improved.,,
ID00129,0000352c,24,「難易度高っ！」,This is hard!,,
ID00129,00003572,12,「んっ」,Mmnh,,
ID00129,000035fa,18,「グエッ！」,Guhh!,,
ID00129,0000363a,18,「そこっ！」,There!,,
ID00129,000036c8,18,「ウガッ！」,Ugh!,,
ID00129,00003708,42,「げっ、全部ヘッドショット。,"Gah, all headshots.",,
ID00129,00003741,36,　なんつー正確な射撃…」,What accurate shooting...,,
ID00129,00003793,15,「右っ！」,Right!,,
ID00129,0000381e,18,「ゲベッ！」,Guh!,,
ID00129,0000385e,15,「下っ！」,Down!,,
ID00129,000038e9,18,「グバッ！」,Guh!,,
ID00129,00003929,51,「おーい、俺の獲物も残してくれー」,"Hey, leave some for me too!",,
ID00129,0000398a,51,「ボスまではのんびりしてていいよ。,You can take it easy until you reach the boss.,,
ID00129,000039cc,63,　敵の出現パターンはさっき全部覚えたから」,I memorized all the enemy patterns just now.,,
ID00129,00003a87,18,「グゲッ！」,Guhah!,,
ID00129,00003ac7,42,「その反射神経と運動神経を、,If only you could use that reflex and,,
ID00129,00003b00,36,　現実に活かせればなぁ」,And not just here in the game.,,
ID00129,00003b52,51,「あははー、それは言いっこなしで」,"Haha, you can't say that!",,
ID00129,00003c01,69,こうして、一緒にガンシューティングを楽しんだ。,And so we enjoyed shooting together like this.,,
ID00136,00001cd7,51,（１人で来るここもいいもんだよな）,(It's nice to come here alone too.),,
ID00136,000021b8,39,（フッ、暮れなずむ夕日が、,"Heh, the setting sun.",,
ID00136,000021ee,33,　哀愁を感じさせるゼ）,It feels melancholy.,,
ID00136,0000228f,42,「うわっ！　な、なんだ！？」,Whoa! What's going on!?,,
ID00136,0000231e,30,「だーーれだーーー」,Who the hell is it--,,
ID00136,0000236a,12,「え…」,Huh...?,,
ID00136,00002475,16, 反町だろ？, Sorimachi?,,
ID00136,000024a0,25, 御前さんでしょ？, Misaki-senpai?,,
ID00136,000024d4,19, まひろだろ？, Mahiro?,,
ID00136,00002558,16, 真奈だろ？, Mina?,,
ID00136,00002652,27,「相良さんだろ？」,Sagara-san?,,
ID00136,000026af,33,「マリアさんでしょ？」,"It's Maria, right?",,
ID00136,00002712,21,「反町だろ？」,"Sorimachi, right?",,
ID00136,00002769,30,「御前さんでしょ？」,"Is that you, Misaki-senpai?",,
ID00136,0000281d,21,「凜世だろ？」,"Rinze, right?",,
ID00136,0000288f,21,「妃月だろ？」,"Himeragi, right?",,
ID00136,00002901,27,「藍田さんだろ？」,"Aran-san, right?",,
ID00136,0000295e,21,「内魔だろ？」,Isn't that you?,,
ID00136,00002ea1,33,「おやおや、私以外にも,"Oh, other kids!",,
ID00136,00002ed1,45,　こんなことする子がいるとは、,who'd do something like this besides me.,,
ID00136,00002f0d,30,　モテモテなようで」,You must be popular though.,,
ID00136,00003030,30,「ああっ！　真奈！」,Aah! Mahiro!,,
ID00136,000031e1,33,「１３年間連れ添った、,"13 years together,",,
ID00136,00003211,48,　私の声がわからないなんてねー」,you can't not recognize my voice.,,
ID00136,0000359b,60,「連れ添ったって言うな、連れ添ったって」,"Don't say we've been together, we've been together.",,
ID00136,000037c4,60,「なにがどうあろうと、妹の声を間違えちゃ,I can't mistake her voice,,
ID00136,0000380f,24,　ダメと思われ」,That's how it seems.,,
ID00136,000039c7,24,「…悪かったよ」,...Sorry about that,,
ID00136,00003b72,45,「償いは、宿舎に送ることだね」,The atonement is sending you to the dorms,,
ID00136,00003d08,51,「仕方ねーなぁ。来たばっかだけど、,No help for it. Just got here.,,
ID00136,00003d4a,33,　一緒に帰ってやるよ」,I'll take you back with me,,
ID00136,00003e2c,42,「そうそう、そうこなきゃね」,"That's right, that's how it should be.",,
ID00136,0000432a,45,こうして、真奈と一緒に帰った。,"This way, I went back with Mana",,
ID00136,000043d9,42,（やばいやばい、御前さんって,"(Oh no, oh no, Misaki-senpai)",,
ID00136,00004412,27,　言っちゃったよ。,I really did.,,
ID00136,0000443c,48,　渚紗だったら怒られてるとこだ）,"(If it were Nagisa, I'd be scolded now.)",,
ID00136,00004509,24,「まひろだろ？」,You mean Mahiro?,,
ID00136,00004a07,30,「はーーずれーーー」,Damn it.,,
ID00136,00004a53,27,「あっ！　真奈！」,Ah! Mina!,,
ID00136,00004c01,39,「まひろちゃんと私の声は、,"Mahiro-chan and my voice are,",,
ID00136,00004c37,39,　まるで似てないと思われ」,aren't supposed to sound alike at all.,,
ID00136,00004c8c,42,「だーれだ、なんてやるのは、,Who the hell is it anyway?,,
ID00136,00004cc5,51,　てっきりまひろだと思ったんだよ」,I thought for sure it was Mahiro.,,
ID00136,00004e8b,45,「ぐぬ…先入観に敗れるとは…」,Guh... I lost to my first impression...,,
ID00136,0000504b,33,「私も、もっとにい君に,Should've been more annoying.,,
ID00136,0000507b,48,　悪ふざけしなきゃってことだね」,like you are.,,
ID00136,000050d9,48,「今でも十分面倒かけてるクセに、,"Even though I'm already such a hassle,",,
ID00136,00005118,27,　なに言ってんだ」,What're you talking about?,,
ID00136,000052c6,45,「取りあえずがっかりしたから、,"I'm just disappointed, so",,
ID00136,00005302,27,　宿舎へ送ってよ」,take me back to the dorm.,,
ID00136,0000534b,36,「ったく、仕方ねぇな…」,"Whatever, guess I have no choice...",,
ID00136,0000581d,45,こうして、真奈と一緒に帰った。,"This way, I went back with Mana",,
ID00136,0000589b,63,「真奈だろ？　わからないと思ってんのか？」,"It's Mana, right? You don't know?",,
ID00136,00005df7,42,「正解ー。さすがにい君だね」,Right answer. You really are @str_000.,,
ID00136,00005e75,60,「お前の声がわからないほどボケてねーよ」,I'm not that out of it I can't recognize your voice.,,
ID00136,00005f72,57,「うんうん、当ててもらってうれしいよ。,"Yeah, yeah, I'm glad you guessed right.",,
ID00136,00005fba,39,　妹ならではの親密さだね」,Only a sister could have.,,
ID00136,0000630c,48,「ご褒美に一緒に帰ってあげるよ」,"As a reward, I'll walk home with you.",,
ID00136,000063fa,36,「はいはい、ありがとよ。,"Sure, sure, thanks.",,
ID00136,0000642d,60,　来たばっかだけど、一緒に帰ってやるよ」,Just got here but I'll walk back with you.,,
ID00136,000065fc,33,「そうこなくっちゃね」,That's the way to do it.,,
ID00136,00006ada,45,こうして、真奈と一緒に帰った。,"This way, I went back with Mana",,
ID00136,00006b46,54,「ユイ姉だろ？　イタズラはよせって」,"You're Yui's sis, right? Stop messing around.",,
ID00136,00007062,42,「およよ？　まさか、ユイ姉と,Oh my? Did I get mistaken for Yui-nee...?,,
ID00136,0000709b,33,　間違えられるとは…」,for Yu-nee...?,,
ID00136,000070ea,27,「あっ！　真奈！」,Ah! Mina!,,
ID00136,00007298,45,「姉妹とはいえ、ユイ姉と私は、,"Even though we're sisters, Yui-nee and I have",,
ID00136,000072d4,33,　まるで声が違うよ？」,completely different voices?,,
ID00136,00007323,39,「いつもの調子で、ユイ姉が,Yui-nee was just messing around.,,
ID00136,00007359,51,　悪ふざけしたのかと思ったんだよ」,I thought she was joking around like always.,,
ID00136,0000751f,63,「むぅ…姉妹の声すら聞き分けられないとは」,Can't tell sisters' voices apart...,,
ID00136,000076f1,57,「将来、振り込め詐欺の被害に遭わないか,Worried about phone scams...,,
ID00136,00007739,12,　心配」,worried.,,
ID00136,00007773,45,「他人の声とは間違えねぇって！,Don't mistake others' voices!,,
ID00136,000077af,18,　…ったく」,...Geez,,
ID00136,00007802,30,「心美先生でしょ？」,Isn't it Shinmi-sensei?,,
ID00136,00007d3d,60,「おおっと、超意外な名前、飛び出したー」,"Oh wow, an incredibly unexpected name popped out!",,
ID00136,00007da7,30,「ああっ！　真奈！」,Aah! Mahiro!,,
ID00136,00007f58,33,「にい君と心美先生が、,Bro-kun and Shimemi-sensei are,,
ID00136,00007f88,42,　“だーれだ”する関係とは、,Where you say 'who’s this'?,,
ID00136,00007fc1,42,　学園に知れたら大騒ぎだね」,"If it got out, chaos.",,
ID00136,00008019,60,「そ、そんなことねーよ！　心美先生なら、,N-No way! Shimemi-sensei would just,,
ID00136,00008064,60,　深い意味なく、ふざけてやりそうだろ？」,"be joking around without any deeper meaning, right?",,
ID00136,000082af,48,「む……言われてみればそうかも」,"Hmm... Now that you mention it, maybe.",,
ID00136,000084dc,60,「声も若いし、背もお前と同じぐらいだし、,Your voice's young.,,
ID00136,00008527,36,　つい間違えたんだって」,so I guess I got confused.,,
ID00136,000086de,63,「たとえそうでも、妹の声がわからないとか、,Not knowing sis' voice.,,
ID00136,0000872c,39,　兄としてあるまじき行為」,Unacceptable as a brother.,,
ID00136,00008781,48,「…悪かったよ。気をつけるって」,...Sorry. I'll be more careful.,,
ID00136,00008957,57,「お詫びは、宿舎へ一緒に帰ることだね」,The apology is spending the night in my dorm.,,
ID00136,000089be,63,「はいはい、来たばっかだけど帰ってやるよ」,"Sure, I’ll head back.",,
ID00136,00008abe,48,「うんうん、そうこなくっちゃね」,"Yeah, yeah, that's the way.",,
ID00136,00008fc2,45,こうして、真奈と一緒に帰った。,"This way, I went back with Mana",,
ID00136,000094d6,54,「おーーっ、速い速い。かっこいー！」,"Ooh, so fast! So cool!",,
ID00136,0000953a,36,「真奈、なに見てんだ？」,"Mana, what are you looking at?",,
ID00136,0000977c,21,「あ、にい君」,"""Hey, bro.""",,
ID00136,00009ad2,54,「今、海の上をドローンが飛んでった。,"Just now, a drone flew over the sea.",,
ID00136,00009b17,27,　海岸線に沿って、,"Following the coastline,",,
ID00136,00009b41,48,　夕暮れの海を録ってたのかもね」,Maybe it was filming the sunset over the sea.,,
ID00136,00009eef,15,「ふうん」,Hmm.,,
ID00136,0000a14b,33,「にい君は興味ないの？,You're not interested in that?,,
ID00136,0000a17b,51,　変わった映像が録れそうだけど？」,It could've captured some weird footage.,,
ID00136,0000a34e,30,「ん～、風景動画に、,Not into scenery videos.,,
ID00136,0000a37b,45,　あんまり興味がないからなぁ」,I don't have much interest in them.,,
ID00136,0000a53b,54,「音楽のプロモーションビデオとかで、,"In music promo videos and stuff,",,
ID00136,0000a580,45,　ヘリコプターの空撮の代わりに,They often use helicopter shots instead.,,
ID00136,0000a5bc,33,　使ったりしてるよ？」,They use that kinda stuff.,,
ID00136,0000a7bf,48,「崖を越えた先にバンドがいたり、,"There's a band beyond the cliff, or",,
ID00136,0000a7fe,33,　空からの定点撮影で、,"From an aerial fixed shot,",,
ID00136,0000a82e,39,　空き地に人文字作ったり」,Making formations in fields.,,
ID00136,0000ac4d,60,「なるほど！　そういう使い方があるのか」,Oh yeah! That kind of thing exists!,,
ID00136,0000ae1c,51,「ただ、安全には気をつけなきゃね」,But you gotta be careful with safety.,,
ID00136,0000afe2,33,「人の操縦ミスがない、,"When there's no pilot error,",,
ID00136,0000b012,48,　プログラムによる自律飛行でも、,It can fly autonomously via program.,,
ID00136,0000b051,54,　落ちちゃうことがあるみたいだから」,It seems it can still crash sometimes.,,
ID00136,0000b21a,57,「ラジコンのヘリコプターと同じように、,"Just like remote-controlled helicopters,",,
ID00136,0000b262,60,　落ちても大丈夫な場所で飛ばさないとね」,Fly them where they're safe.,,
ID00136,0000b2cc,45,「そっか…。けど、金が貯まって,...I see... But by the time I save up,,
ID00136,0000b308,36,　買うころには、あんまり,"enough money to buy one, maybe",,
ID00136,0000b33b,51,　落ちなくなってるんじゃねーか？」,they won't crash that much anymore?,,
ID00136,0000b501,54,「そうかもね。技術は日進月歩だから」,Maybe. Technology advances every day.,,
ID00136,0000b6a0,54,「誰でも空撮できる時代か…スゲぇな」,Anyone can do aerial shots...,,
ID00136,0000b869,45,「これまで録れなかった映像が、,Footage we couldn't get.,,
ID00136,0000b8a5,39,　いっぱい生まれそうだね」,Sounds like it's gonna be pretty cool.,,
ID00136,0000b8fa,51,「秋になったらバイトでもすっかな」,Why don't I take a part-time job this fall?,,
ID00136,0000bac0,60,「…買っても、女子宿舎をのぞいたりしたら,Can’t peek with it.,,
ID00136,0000bb0b,18,　ダメだよ」,You can't.,,
ID00136,0000bb4b,21,「やるかっ！」,I'm in!,,
ID00143,000011cf,18,「あ、真奈」,"Ah, Mana.",,
ID00143,000013d4,15,「にい君」,Big bro,,
ID00143,0000162b,24,「どうかした？」,What's wrong?,,
ID00143,000016ed,57,「いや、その部屋着、見たことないなと」,"No, I've never seen you in that robe before.",,
ID00143,000018b9,60,「新しく買った、よそ行き用の部屋着だよ。,It's a new one I bought for special occasions.,,
ID00143,00001904,48,　いつも着てるのを持ってくるのも,"I mean, bringing my usual robe would be",,
ID00143,00001943,21,　なんだしね」,Kind of pointless.,,
ID00143,00001bfc,42,「部屋着なのによそ行きとは、,You're wearing your robe to an occasion?,,
ID00143,00001c35,27,　矛盾してるなぁ」,That's contradictory.,,
ID00143,00001cce,33,「あはー、ホントだね」,"Ahaha, yeah, you're right.",,
ID00143,00001ea8,57,「こうして、ばったり会うこともあるし、,"We do run into each other like this sometimes,",,
ID00143,00001ef0,39,　見られても恥ずかしくない,I'm not ashamed.,,
ID00143,00001f26,30,　部屋着ってことで」,It's just my loungewear.,,
ID00143,00002212,24,「それじゃあね」,See ya.,,
ID00143,00002258,27,「ああ、おやすみ」,"Ah, good night.",,
ID00143,000022f1,30,「おやすみなさーい」,Good night~,,
ID00144,0000148d,21,「あ、にい君」,"""Hey, bro.""",,
ID00144,000014d0,36,「おっ、風呂上がりか？」,"Oh, you're out of the bath?",,
ID00144,000015b5,51,「うん、広くて気持ちよかったよー」,"Yeah, it was really spacious and relaxing.",,
ID00144,0000163c,36,「いつも大浴場なのか？」,Do you always use the big baths?,,
ID00144,0000184d,51,「ううん、そうでもない。半々かな」,"Nah, not really. Maybe half-half.",,
ID00144,00001a13,36,「プログラムに熱中して、,"When I get absorbed in programming,",,
ID00144,00001a46,39,　夜中になっちゃった時は、,"and stay up all night,",,
ID00144,00001a7c,42,　部屋のシャワーを浴びてる」,I shower in my room instead.,,
ID00144,00001d74,42,「２４時間、大浴場が使えれば,"If only we could use the hot springs 24/7,",,
ID00144,00001dad,27,　いいんだけどね」,"too, but...",,
ID00144,00001df6,60,「光熱費がバカにならないだろうからなぁ」,"It'd be a huge waste of electricity, you know.",,
ID00144,00002041,39,「あ、そっか。宿舎的には、,"Oh, right. From the dorm's perspective,",,
ID00144,00002077,63,　さっさと大浴場に入って、寝てくれるのが、,it'd be best if we all just got into the hot springs,,
ID00144,000020c5,30,　一番効率いいよね」,and went to bed quickly.,,
ID00144,000025d1,45,「じゃあ、経費削減のためにも、,"Well then, for cost-cutting purposes,",,
ID00144,0000260d,39,　今日は早めに寝よっかな」,I guess I'll go to sleep early today.,,
ID00144,00002902,30,「おやすみなさーい」,Good night~,,
ID00144,0000294e,27,「ああ、おやすみ」,"Ah, good night.",,
ID00145,000014c4,45,（あー、エアホッケーやりてー。,"Man, I wanna play air hockey.",,
ID00145,00001500,48,　たまに無性にやりたくなるよな。,Sometimes you just get the urge to do it.,,
ID00145,0000153f,45,　誰か相手してくんねーかなぁ）,Anyone want to be my partner?,,
ID00145,00001aad,42,「あ、真奈！　いいところに！,"Ah, Mana! Perfect timing!",,
ID00145,00001ae6,42,　エアホッケーやんないか？」,Wanna play some air hockey?,,
ID00145,00001ca3,39,「あ、いいねー、やろやろ」,"Oh yeah, let's do it!",,
ID00145,000021b4,45,「よ～し、行くぞ！　オラッ！」,"Alright, here we go! Let's go!",,
ID00145,0000225d,15,「あうっ」,Ow.,,
ID00145,000022e8,18,「ダアッ！」,Daaah!,,
ID00145,00002376,15,「うぐっ」,Ugh...,,
ID00145,00002401,60,「おーい、全然、パックが返ってこないぞ。,"Hey, you're not even returning my pack.",,
ID00145,0000244c,33,　相手になんないなぁ」,You're no match for me.,,
ID00145,0000249b,18,「うぐぐ…」,then.,,
ID00145,000024db,27,「はぁ…仕方ない。,Huh... Guess I have to.,,
ID00145,00002505,57,　対にい君用、必殺スマッシュを打つよ」,I'll hit you with a killer smash.,,
ID00145,0000256c,12,「ん？」,Hm?,,
ID00145,000029a7,63,「優しいにい君が、かわいい妹のスマッシュを,Nice big bro wouldn't,,
ID00145,000029f5,51,　打ち返すわけがないスマーッシュ」,return his cute little sister's smash anyway.,,
ID00145,00003436,39,「やったー、１点返したー」,"Yay, I got one point back!",,
ID00145,0000348b,57,「…きたねーぞ。そんなこと言われたら、,You're not kidding...,,
ID00145,000034d3,39,　打ち返せるわけねーだろ」,No way you'd return it.,,
ID00145,00003528,51,「うんうん、にい君のそういうとこ、,"Yeah yeah, big bro's got a thing for",,
ID00145,0000356a,21,　大好きだよ」,I love that.,,
ID00145,000035ad,27,「そんなわけで…」,"So, in other words...",,
ID00145,000035f6,63,「優しいにい君が、かわいい妹のスマッシュを,Nice big bro wouldn't,,
ID00145,00003644,57,　打ち返すわけがないスマッシュ２ーッ」,There's no way I'd return it either!,,
ID00145,00003719,42,「ぐあっ、ダメだ。返せねぇ」,"Guhh, no good. Can't do it.",,
ID00145,00003771,30,「どんどん行くよー」,Keep going--,,
ID00145,000037f8,54,（ま、妹だし、こういうのもありだな）,"She's my sis, kinda normal.",,
ID00146,00001d35,48,（はぁ…レコチャンスはないかな。,(Man... Any chance to record?),,
ID00146,00001d74,57,　宿舎じゃあんまり録る機会がないから、,"I don't get many chances to record in the dorms,",,
ID00146,00001dbc,30,　なにか録りたい…）,So I wanna record...,,
ID00146,00001e56,24,（ん？　真奈か）,(Hmm? It's Mana?),,
ID00146,00001eea,42,「なんだよ？　こんな時間に」,What's up? It's this late.,,
ID00146,00001f42,57,「にい君、助けてー。すぐ部屋に来てー」,"Hey bro, help me! Come to my room right now!",,
ID00146,00001fa9,48,「どうした！？　なにがあった！」,What's wrong!? What happened!?,,
ID00146,00002007,39,「困ってるのー、お願いー」,"I'm in trouble, please!",,
ID00146,0000205c,42,「わかった！　すぐ行くぞ！」,Got it! I'll be there soon!,,
ID00146,00002102,51,（ちょうど、たまさん席外してるし、,"(Tama's not at her seat right now, so",,
ID00146,00002144,24,　チャンスだ！）,it's our chance!),,
ID00146,000021dc,42,（真奈の部屋番号は、確か…）,(Mana's room number... I think it was...),,
ID00146,000022ac,24,「真奈、入るぞ」,"""Mana, I'm coming in.""",,
ID00146,000022f2,18,「いいよー」,Sure thing.,,
ID00146,000025d9,18,「うわっ！」,Eek!,,
ID00146,00002855,33,「シャンプー取ってー」,Get me some shampoo!,,
ID00146,000029d2,42,「部屋のクローゼットの下に、,There's a stock under your bed.,,
ID00146,00002a0b,36,　買い置きがあるからー」,"so get it for me, okay?",,
ID00146,00003059,51,「おまっ！　その為に呼んだのか！？,What the hell! That's why you called?,,
ID00146,0000309b,45,　ユイ姉に頼め！　ユイ姉に！」,Ask Ui-onee! Ask Ui-onee!,,
ID00146,000030f6,48,「あ、そっか。気づかなかったよ」,"Oh, right. I didn't notice.",,
ID00146,00003154,51,「気づけよ！　なにかあったのかと、,You should've noticed! I was worried.,,
ID00146,00003196,24,　心配しただろ」,I was worried sick.,,
ID00146,000031dc,24,「ごめんごめん」,Sorry sorry,,
ID00146,00003276,57,「歴代妹キャラ、最弱回避ってことでー」,So you're the weakest sister character ever ev-,,
ID00146,0000330c,36,「歴代妹キャラお約束の、,This is the obligatory sister scene.,,
ID00146,0000333f,45,　サービスシーンってことでー」,sister characters ever--,,
ID00146,000033c9,48,「お前は…なにを言ってるんだ？」,What the hell are you talking about?,,
ID00147,000011cf,18,「あ、真奈」,"Ah, Mana.",,
ID00147,000013d4,15,「にい君」,Big bro,,
ID00147,0000162b,24,「どうかした？」,What's wrong?,,
ID00147,000016ed,57,「いや、その部屋着、見たことないなと」,"No, I've never seen you in that robe before.",,
ID00147,000018b9,60,「新しく買った、よそ行き用の部屋着だよ。,It's a new one I bought for special occasions.,,
ID00147,00001904,48,　いつも着てるのを持ってくるのも,"I mean, bringing my usual robe would be",,
ID00147,00001943,21,　なんだしね」,Kind of pointless.,,
ID00147,00001bfc,42,「部屋着なのによそ行きとは、,You're wearing your robe to an occasion?,,
ID00147,00001c35,27,　矛盾してるなぁ」,That's contradictory.,,
ID00147,00001cce,33,「あはー、ホントだね」,"Ahaha, yeah, you're right.",,
ID00147,00001ea8,57,「こうして、ばったり会うこともあるし、,"We do run into each other like this sometimes,",,
ID00147,00001ef0,39,　見られても恥ずかしくない,I'm not ashamed.,,
ID00147,00001f26,30,　部屋着ってことで」,It's just my loungewear.,,
ID00147,00002212,24,「それじゃあね」,See ya.,,
ID00147,00002258,27,「ああ、おやすみ」,"Ah, good night.",,
ID00147,000022f1,30,「おやすみなさーい」,Good night~,,
ID00148,0000148d,21,「あ、にい君」,"""Hey, bro.""",,
ID00148,000014d0,36,「おっ、風呂上がりか？」,"Oh, you're out of the bath?",,
ID00148,000015b5,51,「うん、広くて気持ちよかったよー」,"Yeah, it was really spacious and relaxing.",,
ID00148,0000163c,36,「いつも大浴場なのか？」,Do you always use the big baths?,,
ID00148,0000184d,51,「ううん、そうでもない。半々かな」,"Nah, not really. Maybe half-half.",,
ID00148,00001a13,36,「プログラムに熱中して、,"When I get absorbed in programming,",,
ID00148,00001a46,39,　夜中になっちゃった時は、,"and stay up all night,",,
ID00148,00001a7c,42,　部屋のシャワーを浴びてる」,I shower in my room instead.,,
ID00148,00001d74,42,「２４時間、大浴場が使えれば,"If only we could use the hot springs 24/7,",,
ID00148,00001dad,27,　いいんだけどね」,"too, but...",,
ID00148,00001df6,60,「光熱費がバカにならないだろうからなぁ」,"It'd be a huge waste of electricity, you know.",,
ID00148,00002041,39,「あ、そっか。宿舎的には、,"Oh, right. From the dorm's perspective,",,
ID00148,00002077,63,　さっさと大浴場に入って、寝てくれるのが、,it'd be best if we all just got into the hot springs,,
ID00148,000020c5,30,　一番効率いいよね」,and went to bed quickly.,,
ID00148,000025d1,45,「じゃあ、経費削減のためにも、,"Well then, for cost-cutting purposes,",,
ID00148,0000260d,39,　今日は早めに寝よっかな」,I guess I'll go to sleep early today.,,
ID00148,00002902,30,「おやすみなさーい」,Good night~,,
ID00148,0000294e,27,「ああ、おやすみ」,"Ah, good night.",,
ID00149,000014c4,45,（あー、エアホッケーやりてー。,"Man, I wanna play air hockey.",,
ID00149,00001500,48,　たまに無性にやりたくなるよな。,Sometimes you just get the urge to do it.,,
ID00149,0000153f,45,　誰か相手してくんねーかなぁ）,Anyone want to be my partner?,,
ID00149,00001aad,42,「あ、真奈！　いいところに！,"Ah, Mana! Perfect timing!",,
ID00149,00001ae6,42,　エアホッケーやんないか？」,Wanna play some air hockey?,,
ID00149,00001ca3,39,「あ、いいねー、やろやろ」,"Oh yeah, let's do it!",,
ID00149,000021b4,45,「よ～し、行くぞ！　オラッ！」,"Alright, here we go! Let's go!",,
ID00149,0000225d,15,「あうっ」,Ow.,,
ID00149,000022e8,18,「ダアッ！」,Daaah!,,
ID00149,00002376,15,「うぐっ」,Ugh...,,
ID00149,00002401,60,「おーい、全然、パックが返ってこないぞ。,"Hey, you're not even returning my pack.",,
ID00149,0000244c,33,　相手になんないなぁ」,You're no match for me.,,
ID00149,0000249b,18,「うぐぐ…」,then.,,
ID00149,000024db,27,「はぁ…仕方ない。,Huh... Guess I have to.,,
ID00149,00002505,57,　対にい君用、必殺スマッシュを打つよ」,I'll hit you with a killer smash.,,
ID00149,0000256c,12,「ん？」,Hm?,,
ID00149,000029a7,63,「優しいにい君が、かわいい妹のスマッシュを,Nice big bro wouldn't,,
ID00149,000029f5,51,　打ち返すわけがないスマーッシュ」,return his cute little sister's smash anyway.,,
ID00149,00003436,39,「やったー、１点返したー」,"Yay, I got one point back!",,
ID00149,0000348b,57,「…きたねーぞ。そんなこと言われたら、,You're not kidding...,,
ID00149,000034d3,39,　打ち返せるわけねーだろ」,No way you'd return it.,,
ID00149,00003528,51,「うんうん、にい君のそういうとこ、,"Yeah yeah, big bro's got a thing for",,
ID00149,0000356a,21,　大好きだよ」,I love that.,,
ID00149,000035ad,27,「そんなわけで…」,"So, in other words...",,
ID00149,000035f6,63,「優しいにい君が、かわいい妹のスマッシュを,Nice big bro wouldn't,,
ID00149,00003644,57,　打ち返すわけがないスマッシュ２ーッ」,There's no way I'd return it either!,,
ID00149,00003719,42,「ぐあっ、ダメだ。返せねぇ」,"Guhh, no good. Can't do it.",,
ID00149,00003771,30,「どんどん行くよー」,Keep going--,,
ID00149,000037f8,54,（ま、妹だし、こういうのもありだな）,"Well, she's my sis.",,
ID00150,00001d35,48,（はぁ…レコチャンスはないかな。,(Man... Any chance to record?),,
ID00150,00001d74,57,　宿舎じゃあんまり録る機会がないから、,"I don't get many chances to record in the dorms,",,
ID00150,00001dbc,30,　なにか録りたい…）,So I wanna record...,,
ID00150,00001e56,24,（ん？　真奈か）,(Hmm? It's Mana?),,
ID00150,00001eea,42,「なんだよ？　こんな時間に」,What's up? It's this late.,,
ID00150,00001f42,57,「にい君、助けてー。すぐ部屋に来てー」,"Hey bro, help me! Come to my room right now!",,
ID00150,00001fa9,48,「どうした！？　なにがあった！」,What's wrong!? What happened!?,,
ID00150,00002007,39,「困ってるのー、お願いー」,"I'm in trouble, please!",,
ID00150,0000205c,42,「わかった！　すぐ行くぞ！」,Got it! I'll be there soon!,,
ID00150,00002102,51,（ちょうど、たまさん席外してるし、,"(Tama's not at her seat right now, so",,
ID00150,00002144,24,　チャンスだ！）,it's our chance!),,
ID00150,000021dc,42,（真奈の部屋番号は、確か…）,(Mana's room number... I think it was...),,
ID00150,000022ac,24,「真奈、入るぞ」,"""Mana, I'm coming in.""",,
ID00150,000022f2,18,「いいよー」,Sure thing.,,
ID00150,000025d9,18,「うわっ！」,Eek!,,
ID00150,00002855,33,「シャンプー取ってー」,Get me some shampoo!,,
ID00150,000029d2,42,「部屋のクローゼットの下に、,There's some in your closet.,,
ID00150,00002a0b,36,　買い置きがあるからー」,"so get it for me, okay?",,
ID00150,00003059,51,「おまっ！　その為に呼んだのか！？,What the hell! That's why you called?,,
ID00150,0000309b,45,　ユイ姉に頼め！　ユイ姉に！」,Ask Ui-onee! Ask Ui-onee!,,
ID00150,000030f6,48,「あ、そっか。気づかなかったよ」,"Oh, right. I didn't notice.",,
ID00150,00003154,51,「気づけよ！　なにかあったのかと、,You should've noticed!,,
ID00150,00003196,24,　心配しただろ」,I was worried sick.,,
ID00150,000031dc,24,「ごめんごめん」,Sorry sorry,,
ID00150,00003276,57,「歴代妹キャラ、最弱回避ってことでー」,So you're the weakest sister character ever ev-,,
ID00150,0000330c,36,「歴代妹キャラお約束の、,This is the usual sister scene.,,
ID00150,0000333f,45,　サービスシーンってことでー」,sister characters ever--,,
ID00150,000033c9,48,「お前は…なにを言ってるんだ？」,What the hell are you talking about?,,
ID00151,00001128,18,「あ、真奈」,"Ah, Mana.",,
ID00151,0000132d,15,「にい君」,Big bro,,
ID00151,0000141f,33,（真奈の部屋着姿…か）,(Manatsu in her pajamas... huh?),,
ID00151,000015d3,24,「どうかした？」,What's wrong?,,
ID00151,00001695,42,「い、いや、なんでもねーよ。,"N-No, it's nothing.",,
ID00151,000016ce,24,　それじゃあな」,Later then.,,
ID00151,00001764,30,「おやすみなさーい」,Good night~,,
ID00152,00001789,21,「あ、にい君」,"""Hey, bro.""",,
ID00152,000017cc,33,「おっ、風呂上がりか。,"Oh, you're out of the bath.",,
ID00152,000017fc,48,　風邪ひかないように早く寝ろよ」,Get some sleep early so you don't catch a cold.,,
ID00152,000019bf,30,「おやすみなさーい」,Good night~,,
ID00152,00001a0b,27,「ああ、おやすみ」,"Ah, good night.",,
ID00153,00001128,18,「あ、真奈」,"Ah, Mana.",,
ID00153,0000132d,15,「にい君」,Big bro,,
ID00153,0000141f,33,（真奈の部屋着姿…か）,(Manatsu in her pajamas... huh?),,
ID00153,000015d3,24,「どうかした？」,What's wrong?,,
ID00153,00001695,42,「い、いや、なんでもねーよ。,"N-No, it's nothing.",,
ID00153,000016ce,24,　それじゃあな」,Later then.,,
ID00153,00001764,30,「おやすみなさーい」,Good night~,,
ID00154,00001789,21,「あ、にい君」,"""Hey, bro.""",,
ID00154,000017cc,33,「おっ、風呂上がりか。,"Oh, you're out of the bath.",,
ID00154,000017fc,48,　風邪ひかないように早く寝ろよ」,Get some sleep early so you don't catch a cold.,,
ID00154,000019bf,30,「おやすみなさーい」,Good night~,,
ID00154,00001a0b,27,「ああ、おやすみ」,"Ah, good night.",,
ID00155,000024b0,63,「にい君、学力テスト、合格したみたいだね」,"Hey, you passed the academic test, didn't you?",,
ID00155,00002793,24,「ん？　まあな」,"Huh? Yeah, I guess.",,
ID00155,00002974,48,「これで実力テストも全部終わり。,All that's left is the final exam.,,
ID00155,000029b3,48,　残すは最終日の光海祭だけだね」,Just the Mitsumi Festival on the last day.,,
ID00155,00002b4c,48,「ああ、文化系の部の見せ場だし、,"Yeah, it'll be a big showcase for our club.",,
ID00155,00002b8b,21,　がんばるよ」,I'll do my best!,,
ID00155,00002d3f,39,「うんうん、応援してるよ」,I'm rooting for ya!,,
ID00155,00003199,48,「次の実力テストもがんばってね」,Good luck with your next test too.,,
ID00155,00003332,33,「ああ、それなりにな」,"Yeah, do your best.",,
ID00155,000034f7,27,「それじゃあねー」,That's not it.,,
ID00155,00003b1b,60,「あ、にい君。学力テストで成績上位とは、,"Hey, @str_000. Nice job on the test too.",,
ID00155,00003b66,18,　やるねー」,Nice one!,,
ID00155,00003f70,45,「ん？　ああ、いい点取れたよ」,"Huh? Oh yeah, I got some good scores.",,
ID00155,00004112,45,「まさか、テストで本気出すとは,You actually took the tests seriously?,,
ID00155,0000414e,54,　思ってなかったから、ビックリだよ」,So it was a surprise to me.,,
ID00155,000042ed,18,「はははは」,Hahaha,,
ID00155,000044c8,57,「これで実力テストも全部おしまいだし、,"Now that all the tests are over,",,
ID00155,00004510,42,　有終の美とはこのことだね」,it's time for a proper ending.,,
ID00155,000046a3,57,「ああ、後は光海祭をがんばるだけだよ」,Now all we need is the Mitsumi Festival.,,
ID00155,0000487b,39,「うんうん、期待してるよ」,"Yeah, I'm counting on you.",,
ID00155,00004b9a,42,「このまま、次の学力テストも,"If we keep this up, we'll ace it again.",,
ID00155,00004bd3,27,　本気モードだね」,You're really going for it.,,
ID00155,00004e92,30,「ああ、がんばるよ」,"Yeah, I will.",,
ID00155,00005054,27,「それじゃあねー」,That's not it.,,
ID00155,000056cc,51,「あ、にい君。２連続、学力テストで,"Hey, Bro-kun. Two straight A's...",,
ID00155,0000570e,39,　成績上位とは驚きだねー」,That's pretty impressive.,,
ID00155,00005c5b,42,「いつからそんな優等生に？」,When'd you become a top student?,,
ID00155,00005cb3,36,「ははは、たまたまだよ」,"Haha, just lucky.",,
ID00155,00005e7a,36,「あ、にい君！　３連続、,"Ah, @str_000! Three in a row,",,
ID00155,00005ead,42,　学力テストで成績上位とは、,"getting top scores on the academic tests,",,
ID00155,00005ee6,27,　すごすぎだねー」,that's amazing!,,
ID00155,0000657b,63,「そんな優等生にクラスチェンジするなんて、,"Changing into such a straight-A student,",,
ID00155,000065c9,27,　聞いてないよ？」,I didn't hear anything.,,
ID00155,0000674d,18,「はははは」,Hahaha,,
ID00155,00006956,51,「これで実力テストもおしまいだし、,"Now that this final test is over,",,
ID00155,00006998,33,　見事な有終の美だね」,what a perfect ending.,,
ID00155,00006b22,36,「ああ、後は光海祭だな」,"Yeah, then comes the festival.",,
ID00155,00006ce5,39,「うんうん、がんばってね」,"Yeah yeah, good luck.",,
ID00155,00007003,48,「この夏のにい君はひと味違うね。,"You've been different this summer, @str_000.",,
ID00155,00007042,54,　次の実力テストも期待大じゃない？」,I'm looking forward to your next test too.,,
ID00155,00007335,27,「ああ、任せとけ」,Sure thing.,,
ID00155,000074f3,27,「それじゃあねー」,That's not it.,,
ID00155,00007b17,60,「あ、にい君！　…もとい、勉強の騎士様」,"Ah, @str_000! ...No wait, Knight of Studies.",,
ID00155,000080bb,48,「なんだその恥ずかしい呼び方は」,What's with that embarrassing nickname?,,
ID00155,00008276,60,「４連続、学力テストで成績上位を達成した,Top scores in four tests.,,
ID00155,000082c1,36,　にい君に贈る称号だよ」,"An honor for you, Bro-kun.",,
ID00155,00008595,39,「向かうところ敵なしだね」,There ain't no one to stop us.,,
ID00155,000085ea,48,「いやいや、それほどでもねーよ」,"Nah, I ain't that great.",,
ID00155,000087e3,42,「またまた謙遜しちゃってー」,Don't be so modest.,,
ID00155,00008982,30,「スポーツテストでも,You've also got top scores...,,
ID00155,000089af,60,　３連続成績上位を達成してるわけだし…」,so this is basically a promotion.,,
ID00155,00008c9b,36,「これはもう、究極騎士に,"You're already an Ultimate Knight,",,
ID00155,00008cce,33,　クラスチェンジだね」,right?,,
ID00155,00008e58,18,「はははは」,Hahaha,,
ID00155,0000900e,33,「またまたご謙遜をー。,No need to be so modest--,,
ID00155,0000903e,51,　やっぱりにい君は、自慢の兄だね」,"Yep, you're definitely my pride and joy.",,
ID00155,000094a4,42,「光海祭も楽しみにしてるよ」,I'm looking forward to it!,,
ID00155,000094fc,51,「ああ、文化系の部の祭典だからな。,"Yeah, it's a festival for cultural clubs.",,
ID00155,0000953e,21,　がんばるよ」,I'll do my best!,,
ID00155,000096f2,42,「うんうん、それじゃあねー」,"Nope, that's not true at all.",,
ID00155,00009fb4,33,「にい君、学力テスト、,"Your academic test was bad,",,
ID00155,00009fe4,39,　不合格だったみたいだね」,"didn't you, big bro?",,
ID00155,0000a2af,42,「あ、ああ…調子出なくてな」,Oh... I just wasn't in the mood.,,
ID00155,0000a4a2,18,「そっか…」,"Oh, I see.",,
ID00155,0000a629,63,「最後のテストは残念な結果に終わったけど、,"The final test was disappointing,",,
ID00155,0000a677,54,　光海祭はいい形で迎えたいとこだね」,I want the Mitsumi Festival to go well.,,
ID00155,0000a96a,57,「そうだな、文化系の部の祭典だからな」,"Yeah, it's a festival for cultural clubs.",,
ID00155,0000ab18,36,「それじゃ、がんばって」,Good luck then.,,
ID00155,0000aca5,24,「ああ、またな」,Later~,,
ID00155,0000ae61,63,「夏だからって、ちょっと遊びすぎと思われ」,Don't play too much in summer.,,
ID00155,0000b009,39,「そうだな…気をつけるよ」,Yeah... I'll be careful.,,
ID00155,0000b1a5,24,「それじゃあね」,See ya.,,
ID00155,0000b1eb,27,「ああ、またな…」,"Later, then...",,
ID00155,0000b825,39,「にい君、まさかの２連続、,"Big bro, you got two in a row?",,
ID00155,0000b85b,42,　学力テストで不合格とは…」,You failed the academic test...,,
ID00155,0000bb42,21,「あ！　真奈」,Ah! Mahiro,,
ID00155,0000bccc,63,「動画にかまけて、勉強をおろそかにし過ぎと,You're neglecting your studies.,,
ID00155,0000bd1a,15,　思われ」,I guess,,
ID00155,0000be92,33,「…返す言葉がないよ」,...I don't have anything to say.,,
ID00155,0000c07c,39,「もうちょっと勉強すれば、,"If you'd studied a bit more,",,
ID00155,0000c0b2,30,　晴れやかな気持ちで,you could've enjoyed,,
ID00155,0000c0df,42,　光海祭を迎えられたのにね」,the Mitsumi Festival.,,
ID00155,0000c28b,21,「そうだな…」,Yeah...,,
ID00155,0000c415,24,「それじゃあね」,See ya.,,
ID00155,0000c45b,24,「ああ、またな」,Later~,,
ID00155,0000c617,39,「そろそろ本気出さないと、,"Start taking this seriously,",,
ID00155,0000c64d,54,　授業について行けなくなる恐れあり」,or you'll fall behind in class soon enough.,,
ID00155,0000c7ec,36,「そうだな、がんばるよ」,"Yeah, I'll do my best.",,
ID00155,0000c985,27,「それじゃあねー」,That's not it.,,
ID00155,0000cfd8,51,「はぁ…２度あることは３度あるって,Sigh... Third time’s the charm...,,
ID00155,0000d01a,24,　言うけれど…」,But still...,,
ID00155,0000d2ef,21,「あ、真奈！」,"Oh, Mana!",,
ID00155,0000d479,30,「まさか、３回連続、,Three times in a row...,,
ID00155,0000d4a6,42,　学力テストで不合格とは…」,You failed the academic test...,,
ID00155,0000d774,45,「…どうも調子が出ないんだよ」,...I can't get into it.,,
ID00155,0000d96a,36,「などと言いつつ、結局、,Ended up not trying.,,
ID00155,0000d99d,33,　本気を出さないまま、,"Without trying hard,",,
ID00155,0000d9cd,51,　全てのテストが終わったと思われ」,I thought all the tests were over.,,
ID00155,0000de04,33,「ちゃんと勉強すれば、,"If I don't study properly now,",,
ID00155,0000de34,30,　晴れやかな気持ちで,you could've enjoyed,,
ID00155,0000de61,42,　光海祭を迎えられたのにね」,the Mitsumi Festival.,,
ID00155,0000e286,21,「そうだな…」,Yeah...,,
ID00155,0000e483,24,「それじゃあね」,See ya.,,
ID00155,0000e4c9,24,「ああ、またな」,Later~,,
ID00155,0000e685,33,「そんなこと言って…」,Saying something like that...,,
ID00155,0000e81b,39,「そろそろ本気出さないと、,"You'd better start now,",,
ID00155,0000e851,60,　取り返しのつかないことになると思われ」,I think it'll be too late to make up for it.,,
ID00155,0000e9f6,18,「…だよな」,...Right?,,
ID00155,0000eb7d,33,「最後の学力テストは、,The last academic test is...,,
ID00155,0000ebad,42,　いい点を取りたいとこだね」,"You wanna do well, right?",,
ID00155,0000ed40,30,「ああ、がんばるよ」,"Yeah, I will.",,
ID00155,0000eed3,24,「それじゃあね」,See ya.,,
ID00155,0000f523,30,「あ…驚愕の４連敗。,Ah... four straight losses.,,
ID00155,0000f550,30,　赤点王のにい君だ」,The red-failed king's big bro.,,
ID00155,0000f812,33,「うっ、それを言うな」,"Ugh, don't say that...",,
ID00155,0000f9a8,60,「なかなか本気出さないって知ってたけど、,"I knew you wouldn't take it seriously,",,
ID00155,0000f9f3,48,　まさか最後まで出さないとはね」,but I didn't think you'd slack off till the end.,,
ID00155,0000fe09,57,「せっかくのミツミキャンプだってのに、,"This was supposed to be Mitsumi Camp,",,
ID00155,0000fe51,48,　もったいなかったんじゃない？」,"a waste of a good opportunity, huh?",,
ID00155,0000ffea,21,「…そうだな」,"Yeah, you're right.",,
ID00155,000101c8,51,「スポーツテストも全部不合格だし、,"I failed all the sports tests too,",,
ID00155,0001020a,24,　騎士失格だよ」,I'm a failure.,,
ID00155,00010530,63,「せめて、光海祭はがんばるといいと思われ」,Try your best then.,,
ID00155,000106d8,21,「…そうだな」,"Yeah, you're right.",,
ID00155,00010862,24,「それじゃあね」,See ya.,,
ID00156,00001de8,45,「あ、にい君、スポーツテスト、,"Hey, @str_000, you passed the sports test,",,
ID00156,00001e24,33,　合格したみたいだね」,didn't you?,,
ID00156,0000223d,12,「おう」,Sure thing.,,
ID00156,00002412,42,「長かったミツミキャンプも、,"After the long Mitsumi camp,",,
ID00156,0000244b,63,　あとは最後の学力テストを残すのみだねー」,You just have to pass the final academic test now.,,
ID00156,0000273a,54,「この勢いでがんばるとよいと思われ」,I hope you keep up this good momentum.,,
ID00156,00002914,33,「次のスポーツテストも,"And for next time,",,
ID00156,00002944,39,　がんばるとよいと思われ」,I hope you do well too.,,
ID00156,00002b03,27,「ああ、そうだな」,Sure thing.,,
ID00156,00002c93,27,「それじゃあねー」,That's not it.,,
ID00156,000032b7,60,「あ、にい君。スポーツテストで上位とは、,"Hey, Bro-kun. Top ranks for sports?",,
ID00156,00003302,27,　ビックリしたよ」,You scared me.,,
ID00156,0000376a,18,「あ、真奈」,"Ah, Mana.",,
ID00156,000038f1,42,「この暑いのに全力出すとは、,"Even hot, you gave it your all?",,
ID00156,0000392a,39,　どういう風の吹き回し？」,What's up with that?,,
ID00156,00003bf5,54,「ははは、なんか調子よかったんだよ」,"Haha, I was just in the zone.",,
ID00156,00003df4,54,「これで、長かったミツミキャンプも、,"With this, the long Mitsumi Camp is almost over,",,
ID00156,00003e39,51,　最後の学力テストを残すのみだね」,just one final academic test to go.,,
ID00156,00004257,57,「この勢いで、そっちも成績上位に入ると,"At this rate, you'll be top ranks for that too.",,
ID00156,0000429f,24,　よいと思われ」,I think that's great.,,
ID00156,000046d1,57,「この調子で、次のスポーツテストでも、,"Keep it up, and for the next sports test too,",,
ID00156,00004719,27,　本来の運動能力を,Show true athletic ability,,
ID00156,00004743,42,　見せつけるとよいと思われ」,and I think you'll do well.,,
ID00156,00004b7b,30,「ああ、がんばるよ」,"Yeah, I will.",,
ID00156,00004d0e,27,「それじゃあねー」,That's not it.,,
ID00156,00005319,36,「あ、スポーツテストで、,"Oh, for the sports test,",,
ID00156,0000534c,51,　２回連続全力を出した強者と遭遇」,Ran into someone who went full out twice.,,
ID00156,0000563c,18,「はははは」,Hahaha,,
ID00156,000057c3,51,「すごいねー、連続成績上位なんて」,"Wow, being top ranks two times in a row is amazing.",,
ID00156,0000595f,42,「なんか調子よかったんだよ」,I was just feeling really good.,,
ID00156,00005afe,36,「またまたー、ご謙遜を」,"Again, don't be so modest.",,
ID00156,00005e26,51,「この調子で、最後の学力テストも、,"Keep it up and ace the last test too,",,
ID00156,00005e68,51,　成績上位を目指すとよいと思われ」,I think you should aim for top ranks again.,,
ID00156,000062b5,57,「この調子で、次のスポーツテストでも、,"Keep it up, and for the next sports test too,",,
ID00156,000062fd,57,　成績上位を奪取するのがよいと思われ」,I think you should go for taking first place again.,,
ID00156,00006609,30,「ああ、がんばるよ」,"Yeah, I will.",,
ID00156,0000679c,27,「それじゃあねー」,That's not it.,,
ID00156,00006dc0,39,「あ、運動王様と接近遭遇」,"Oh, close encounter with King Athlete.",,
ID00156,00006f69,48,「なんだその恥ずかしい呼び方は」,What's with that embarrassing nickname?,,
ID00156,0000710e,36,「この暑い中、３回全ての,In all three under this heat.,,
ID00156,00007141,54,　スポーツテストで上位に入るなんて、,sports tests is no small feat.,,
ID00156,00007186,42,　王様以外の何者でもないよ」,Only you could do that.,,
ID00156,000075cd,60,「本気出したにい君の凄さは底知れないね」,You're amazing like this.,,
ID00156,00007637,54,「はっはっはっ、それほどでもねーよ」,"Haha, don't flatter yourself.",,
ID00156,00007858,51,「いやいや、スポーツテストにおける,I'm always behind on sports tests.,,
ID00156,0000789a,39,　補習の常連の身としては、,I can't say that.,,
ID00156,000078d0,33,　尊敬の念を禁じ得ず」,I can't help but respect you.,,
ID00156,00007d1b,51,「この調子で、最後の学力テストも、,Keep up and ace the last test.,,
ID00156,00007d5d,51,　成績上位を目指すとよいと思われ」,I think you should aim for top ranks again.,,
ID00156,00008034,45,「ああ、そうだな。がんばるよ」,"Yeah, right. I'll do my best.",,
ID00156,000081d6,27,「それじゃあねー」,That's not it.,,
ID00156,000087fa,39,「にい君、スポーツテスト、,"Hey, Iori, the sports tests,",,
ID00156,00008830,39,　不合格だったみたいだね」,"didn't you, big bro?",,
ID00156,00008afb,51,「ああ、こう暑いと調子出ないよな」,It's hard to focus when it's so hot.,,
ID00156,00008cf7,30,「まぁ、仕方ないね。,"Well, can't help it.",,
ID00156,00008d24,42,　来週末の最後の学力テストで,Next weekend's final academic test is,,
ID00156,00008d5d,39,　復讐すればいいと思うよ」,"a chance to get back at them, I think.",,
ID00156,0000917c,30,「ああ、がんばるよ」,"Yeah, I will.",,
ID00156,0000930f,24,「それじゃあね」,See ya.,,
ID00156,000094cb,54,「兄妹揃って、運動できないってのは、,"You two can't do sports together, so",,
ID00156,00009510,36,　ちょっと恥ずかしいね」,That's kind of embarrassing.,,
ID00156,000096b6,45,「…そうだな、次はがんばるよ」,"...Yeah, I'll do better next time.",,
ID00156,00009882,30,「うん、がんばれー」,"Yeah, good luck.",,
ID00156,0000a02c,42,「おやおや、にい君、２連続、,"Oh? Iori, two in a row,",,
ID00156,0000a065,45,　スポーツテストで不合格とは」,"Man, failing the sports test again.",,
ID00156,0000a336,54,「あ、ああ…暑くて調子が出なくてな」,"Ah, yeah... It was too hot.",,
ID00156,0000a535,30,「まぁ、仕方ないね。,"Well, can't help it.",,
ID00156,0000a562,57,　私もスポーツテストは補習の常連だし、,"I'm in remedial classes for sports tests too,",,
ID00156,0000a5aa,30,　気持ちはわかるよ」,so I totally understand.,,
ID00156,0000ab07,57,「来週の学力テストはいい点取りたいね」,You wanna do well on next week's test?,,
ID00156,0000aca9,21,「…そうだな」,"Yeah, you're right.",,
ID00156,0000ae62,54,「運動苦手な私が言うのもなんだけど、,"Even though I suck at sports myself,",,
ID00156,0000aea7,51,　３連続スポーツテストで不合格は、,Failing three sports tests is bad.,,
ID00156,0000aee9,39,　避けた方がよいと思われ」,you should avoid that.,,
ID00156,0000b1cd,21,「そうだな…」,Yeah...,,
ID00156,0000b386,27,「それじゃあねー」,That's not it.,,
ID00156,0000ba26,33,「ダメだねぇ、にい君」,"No good, Bro-kun.",,
ID00156,0000bc6a,18,「あ、真奈」,"Ah, Mana.",,
ID00156,0000bdf1,60,「３連続スポーツテストで不合格だなんて、,Failing three consecutive sports tests...,,
ID00156,0000be3c,45,　騎士の風上にも置けないよ？」,is something a knight shouldn't even be near.,,
ID00156,0000bfd2,27,「はは…そうだな」,Heh... you're right.,,
ID00156,0000c162,33,「にい君は、本気出せば,"If you really try, Bro-kun,",,
ID00156,0000c192,42,　もっと運動できると思われ」,you can do more exercise.,,
ID00156,0000c460,36,「…悪い、新学期からは、,"...Sorry, starting the new semester,",,
ID00156,0000c493,42,　心を入れ替えてがんばるよ」,I'll change my ways and work hard.,,
ID00156,0000c632,42,「ん…それでこそにい君だよ」,"Hmm... That's more like you, Bro-kun.",,
ID00156,0000c925,45,「来週末の、最後の学力テストも,Next weekend's final academic test too,,
ID00156,0000c961,21,　がんばって」,Good luck!,,
ID00156,0000cd61,24,「それじゃあね」,See ya.,,
ID00157,000024b0,63,「にい君、学力テスト、合格したみたいだね」,"Hey, you passed the academic test, didn't you?",,
ID00157,00002793,24,「ん？　まあな」,"Huh? Yeah, I guess.",,
ID00157,00002974,48,「これで実力テストも全部終わり。,All that's left is the final exams.,,
ID00157,000029b3,48,　残すは最終日の光海祭だけだね」,Just the Mitsumi Festival on the last day.,,
ID00157,00002b4c,48,「ああ、文化系の部の見せ場だし、,"Yeah, it'll be a big showcase for our club.",,
ID00157,00002b8b,21,　がんばるよ」,I'll do my best!,,
ID00157,00002d3f,39,「うんうん、応援してるよ」,I'm rooting for ya!,,
ID00157,00003199,48,「次の実力テストもがんばってね」,Good luck with your next test too.,,
ID00157,00003332,33,「ああ、それなりにな」,"Yeah, do your best.",,
ID00157,000034f7,27,「それじゃあねー」,That's not it.,,
ID00157,00003b1b,60,「あ、にい君。学力テストで成績上位とは、,"Hey, @str_000. Nice job on the test.",,
ID00157,00003b66,18,　やるねー」,Nice one!,,
ID00157,00003f70,45,「ん？　ああ、いい点取れたよ」,"Huh? Oh yeah, I got some good scores.",,
ID00157,00004112,45,「まさか、テストで本気出すとは,You took the tests seriously?,,
ID00157,0000414e,54,　思ってなかったから、ビックリだよ」,So it was a surprise to me.,,
ID00157,000042ed,18,「はははは」,Hahaha,,
ID00157,000044c8,57,「これで実力テストも全部おしまいだし、,"Now that all the tests are over,",,
ID00157,00004510,42,　有終の美とはこのことだね」,it's time for a proper ending.,,
ID00157,000046a3,57,「ああ、後は光海祭をがんばるだけだよ」,Now all we need is the Mitsumi Festival.,,
ID00157,0000487b,39,「うんうん、期待してるよ」,"Yeah, I'm counting on you.",,
ID00157,00004b9a,42,「このまま、次の学力テストも,We'll ace the next one too.,,
ID00157,00004bd3,27,　本気モードだね」,You're really going for it.,,
ID00157,00004e92,30,「ああ、がんばるよ」,"Yeah, I will.",,
ID00157,00005054,27,「それじゃあねー」,That's not it.,,
ID00157,000056cc,51,「あ、にい君。２連続、学力テストで,"Hey, Bro-kun. Two straight A's...",,
ID00157,0000570e,39,　成績上位とは驚きだねー」,That's pretty impressive.,,
ID00157,00005c5b,42,「いつからそんな優等生に？」,When did you become such a top student?,,
ID00157,00005cb3,36,「ははは、たまたまだよ」,"Haha, just lucky.",,
ID00157,00005e7a,36,「あ、にい君！　３連続、,"Ah, @str_000! Three in a row,",,
ID00157,00005ead,42,　学力テストで成績上位とは、,"getting top scores on the academic tests,",,
ID00157,00005ee6,27,　すごすぎだねー」,that's amazing!,,
ID00157,0000657b,63,「そんな優等生にクラスチェンジするなんて、,"Changing into such a straight-A student,",,
ID00157,000065c9,27,　聞いてないよ？」,I didn't hear anything.,,
ID00157,0000674d,18,「はははは」,Hahaha,,
ID00157,00006956,51,「これで実力テストもおしまいだし、,"Now that this final test is over,",,
ID00157,00006998,33,　見事な有終の美だね」,what a perfect ending.,,
ID00157,00006b22,36,「ああ、後は光海祭だな」,"Yeah, then the Mitsumi Festival.",,
ID00157,00006ce5,39,「うんうん、がんばってね」,"Yeah yeah, good luck.",,
ID00157,00007003,48,「この夏のにい君はひと味違うね。,"You've been different this summer, @str_000.",,
ID00157,00007042,54,　次の実力テストも期待大じゃない？」,I'm looking forward to your next test too.,,
ID00157,00007335,27,「ああ、任せとけ」,Sure thing.,,
ID00157,000074f3,27,「それじゃあねー」,That's not it.,,
ID00157,00007b17,60,「あ、にい君！　…もとい、勉強の騎士様」,"Ah, @str_000! ...No wait, Knight of Studies.",,
ID00157,000080bb,48,「なんだその恥ずかしい呼び方は」,What's with that embarrassing nickname?,,
ID00157,00008276,60,「４連続、学力テストで成績上位を達成した,You got top scores four times in a row.,,
ID00157,000082c1,36,　にい君に贈る称号だよ」,"It's an honor for you, Bro-kun.",,
ID00157,00008595,39,「向かうところ敵なしだね」,There ain't no one to stop us.,,
ID00157,000085ea,48,「いやいや、それほどでもねーよ」,"Nah, I ain't that great.",,
ID00157,000087e3,42,「またまた謙遜しちゃってー」,Don't be so modest.,,
ID00157,00008982,30,「スポーツテストでも,You've also got top scores in,,
ID00157,000089af,60,　３連続成績上位を達成してるわけだし…」,You've earned it.,,
ID00157,00008c9b,36,「これはもう、究極騎士に,"You're already an Ultimate Knight,",,
ID00157,00008cce,33,　クラスチェンジだね」,right?,,
ID00157,00008e58,18,「はははは」,Hahaha,,
ID00157,0000900e,33,「またまたご謙遜をー。,No need to be so modest--,,
ID00157,0000903e,51,　やっぱりにい君は、自慢の兄だね」,"Yep, you're definitely my pride and joy.",,
ID00157,000094a4,42,「光海祭も楽しみにしてるよ」,Looking forward.,,
ID00157,000094fc,51,「ああ、文化系の部の祭典だからな。,"Yeah, it's a festival for cultural clubs.",,
ID00157,0000953e,21,　がんばるよ」,I'll do my best!,,
ID00157,000096f2,42,「うんうん、それじゃあねー」,"Nope, that's not true at all.",,
ID00157,00009fb4,33,「にい君、学力テスト、,You didn't do well.,,
ID00157,00009fe4,39,　不合格だったみたいだね」,"didn't you, big bro?",,
ID00157,0000a2af,42,「あ、ああ…調子出なくてな」,Oh... I just wasn't in the mood.,,
ID00157,0000a4a2,18,「そっか…」,"Oh, I see.",,
ID00157,0000a629,63,「最後のテストは残念な結果に終わったけど、,"The final test was disappointing,...",,
ID00157,0000a677,54,　光海祭はいい形で迎えたいとこだね」,I want the Mitsumi Festival to go well.,,
ID00157,0000a96a,57,「そうだな、文化系の部の祭典だからな」,"Yeah, it's a festival for cultural clubs.",,
ID00157,0000ab18,36,「それじゃ、がんばって」,Good luck then.,,
ID00157,0000aca5,24,「ああ、またな」,Later~,,
ID00157,0000ae61,63,「夏だからって、ちょっと遊びすぎと思われ」,Don't overplay in summer.,,
ID00157,0000b009,39,「そうだな…気をつけるよ」,Yeah... I'll be careful.,,
ID00157,0000b1a5,24,「それじゃあね」,See ya.,,
ID00157,0000b1eb,27,「ああ、またな…」,"Later, then...",,
ID00157,0000b825,39,「にい君、まさかの２連続、,"Big bro, you got two in a row?",,
ID00157,0000b85b,42,　学力テストで不合格とは…」,You failed the academic test...,,
ID00157,0000bb42,21,「あ！　真奈」,Ah! Mahiro,,
ID00157,0000bccc,63,「動画にかまけて、勉強をおろそかにし過ぎと,You're neglecting your studies.,,
ID00157,0000bd1a,15,　思われ」,I guess,,
ID00157,0000be92,33,「…返す言葉がないよ」,...I don't have anything to say.,,
ID00157,0000c07c,39,「もうちょっと勉強すれば、,"If you'd studied a bit more,",,
ID00157,0000c0b2,30,　晴れやかな気持ちで,you could've enjoyed,,
ID00157,0000c0df,42,　光海祭を迎えられたのにね」,the Mitsumi Festival.,,
ID00157,0000c28b,21,「そうだな…」,Yeah...,,
ID00157,0000c415,24,「それじゃあね」,See ya.,,
ID00157,0000c45b,24,「ああ、またな」,Later~,,
ID00157,0000c617,39,「そろそろ本気出さないと、,"Start taking this seriously,",,
ID00157,0000c64d,54,　授業について行けなくなる恐れあり」,or you'll fall behind in class soon enough.,,
ID00157,0000c7ec,36,「そうだな、がんばるよ」,"Yeah, I'll do my best.",,
ID00157,0000c985,27,「それじゃあねー」,That's not it.,,
ID00157,0000cfd8,51,「はぁ…２度あることは３度あるって,Sigh... Third time’s the charm...,,
ID00157,0000d01a,24,　言うけれど…」,But still...,,
ID00157,0000d2ef,21,「あ、真奈！」,"Oh, Mana!",,
ID00157,0000d479,30,「まさか、３回連続、,Three times in a row...,,
ID00157,0000d4a6,42,　学力テストで不合格とは…」,You failed the academic test...,,
ID00157,0000d774,45,「…どうも調子が出ないんだよ」,...I can't get into it.,,
ID00157,0000d96a,36,「などと言いつつ、結局、,Ended up not trying.,,
ID00157,0000d99d,33,　本気を出さないまま、,"Without putting in effort,",,
ID00157,0000d9cd,51,　全てのテストが終わったと思われ」,I thought all the tests were over.,,
ID00157,0000de04,33,「ちゃんと勉強すれば、,"If I don't study properly now,",,
ID00157,0000de34,30,　晴れやかな気持ちで,you could've enjoyed,,
ID00157,0000de61,42,　光海祭を迎えられたのにね」,the Mitsumi Festival.,,
ID00157,0000e286,21,「そうだな…」,Yeah...,,
ID00157,0000e483,24,「それじゃあね」,See ya.,,
ID00157,0000e4c9,24,「ああ、またな」,Later~,,
ID00157,0000e685,33,「そんなこと言って…」,Saying something like that...,,
ID00157,0000e81b,39,「そろそろ本気出さないと、,"You'd better start now,",,
ID00157,0000e851,60,　取り返しのつかないことになると思われ」,I think it'll be too late to make up for it.,,
ID00157,0000e9f6,18,「…だよな」,...Right?,,
ID00157,0000eb7d,33,「最後の学力テストは、,The last academic test is...,,
ID00157,0000ebad,42,　いい点を取りたいとこだね」,"You wanna do well, right?",,
ID00157,0000ed40,30,「ああ、がんばるよ」,"Yeah, I will.",,
ID00157,0000eed3,24,「それじゃあね」,See ya.,,
ID00157,0000f523,30,「あ…驚愕の４連敗。,Ah... four straight losses.,,
ID00157,0000f550,30,　赤点王のにい君だ」,The red-failed king's big bro.,,
ID00157,0000f812,33,「うっ、それを言うな」,"Ugh, don't say that...",,
ID00157,0000f9a8,60,「なかなか本気出さないって知ってたけど、,"I knew you wouldn't take it seriously,",,
ID00157,0000f9f3,48,　まさか最後まで出さないとはね」,but I didn't think you'd slack off till the end.,,
ID00157,0000fe09,57,「せっかくのミツミキャンプだってのに、,"This was supposed to be Mitsumi Camp,",,
ID00157,0000fe51,48,　もったいなかったんじゃない？」,"a waste of a good opportunity, huh?",,
ID00157,0000ffea,21,「…そうだな」,"Yeah, you're right.",,
ID00157,000101c8,51,「スポーツテストも全部不合格だし、,"I failed all the sports tests too,",,
ID00157,0001020a,24,　騎士失格だよ」,I'm a total failure.,,
ID00157,00010530,63,「せめて、光海祭はがんばるといいと思われ」,So try your best.,,
ID00157,000106d8,21,「…そうだな」,"Yeah, you're right.",,
ID00157,00010862,24,「それじゃあね」,See ya.,,
ID00158,00001de8,45,「あ、にい君、スポーツテスト、,"Hey, @str_000, you passed the sports test,",,
ID00158,00001e24,33,　合格したみたいだね」,didn't you?,,
ID00158,0000223d,12,「おう」,Sure thing.,,
ID00158,00002412,42,「長かったミツミキャンプも、,"After the long Mitsumi camp,",,
ID00158,0000244b,63,　あとは最後の学力テストを残すのみだねー」,You just have to pass the final academic test now.,,
ID00158,0000273a,54,「この勢いでがんばるとよいと思われ」,I hope you keep up this good momentum.,,
ID00158,00002914,33,「次のスポーツテストも,"And for next time,",,
ID00158,00002944,39,　がんばるとよいと思われ」,I hope you do well too.,,
ID00158,00002b03,27,「ああ、そうだな」,Sure thing.,,
ID00158,00002c93,27,「それじゃあねー」,That's not it.,,
ID00158,000032b7,60,「あ、にい君。スポーツテストで上位とは、,"Hey, Bro-kun. Top ranks for sports?",,
ID00158,00003302,27,　ビックリしたよ」,You scared me.,,
ID00158,0000376a,18,「あ、真奈」,"Ah, Mana.",,
ID00158,000038f1,42,「この暑いのに全力出すとは、,"Even so hot, you put out your all?",,
ID00158,0000392a,39,　どういう風の吹き回し？」,What's up with that?,,
ID00158,00003bf5,54,「ははは、なんか調子よかったんだよ」,"Haha, I was just in the zone.",,
ID00158,00003df4,54,「これで、長かったミツミキャンプも、,"With this, the long Mitsumi Camp is almost over,",,
ID00158,00003e39,51,　最後の学力テストを残すのみだね」,just one final academic test to go.,,
ID00158,00004257,57,「この勢いで、そっちも成績上位に入ると,"At this rate, you'll be top ranks for that too.",,
ID00158,0000429f,24,　よいと思われ」,I think that's great.,,
ID00158,000046d1,57,「この調子で、次のスポーツテストでも、,"Keep it up, and for the next sports test too,",,
ID00158,00004719,27,　本来の運動能力を,Show true athletic ability,,
ID00158,00004743,42,　見せつけるとよいと思われ」,and I think you'll do well.,,
ID00158,00004b7b,30,「ああ、がんばるよ」,"Yeah, I will.",,
ID00158,00004d0e,27,「それじゃあねー」,That's not it.,,
ID00158,00005319,36,「あ、スポーツテストで、,"Oh, for the sports test,",,
ID00158,0000534c,51,　２回連続全力を出した強者と遭遇」,You met someone who gave it their all twice.,,
ID00158,0000563c,18,「はははは」,Hahaha,,
ID00158,000057c3,51,「すごいねー、連続成績上位なんて」,"Wow, being top ranks two times in a row is amazing.",,
ID00158,0000595f,42,「なんか調子よかったんだよ」,I was just feeling really good.,,
ID00158,00005afe,36,「またまたー、ご謙遜を」,"Again, don't be so modest.",,
ID00158,00005e26,51,「この調子で、最後の学力テストも、,"Keep it up and ace the last test too,",,
ID00158,00005e68,51,　成績上位を目指すとよいと思われ」,I think you should aim for top ranks again.,,
ID00158,000062b5,57,「この調子で、次のスポーツテストでも、,"Keep it up, and for the next sports test too,",,
ID00158,000062fd,57,　成績上位を奪取するのがよいと思われ」,I think you should go for taking first place again.,,
ID00158,00006609,30,「ああ、がんばるよ」,"Yeah, I will.",,
ID00158,0000679c,27,「それじゃあねー」,That's not it.,,
ID00158,00006dc0,39,「あ、運動王様と接近遭遇」,"Oh, close encounter with King Athlete.",,
ID00158,00006f69,48,「なんだその恥ずかしい呼び方は」,What's with that embarrassing nickname?,,
ID00158,0000710e,36,「この暑い中、３回全ての,In all three while so hot.,,
ID00158,00007141,54,　スポーツテストで上位に入るなんて、,sports tests is no small feat.,,
ID00158,00007186,42,　王様以外の何者でもないよ」,Only you could do that.,,
ID00158,000075cd,60,「本気出したにい君の凄さは底知れないね」,You're amazing like this.,,
ID00158,00007637,54,「はっはっはっ、それほどでもねーよ」,"Haha, don't flatter yourself.",,
ID00158,00007858,51,「いやいや、スポーツテストにおける,I'm always behind on sports tests.,,
ID00158,0000789a,39,　補習の常連の身としては、,I can't say that.,,
ID00158,000078d0,33,　尊敬の念を禁じ得ず」,I can't help but respect you.,,
ID00158,00007d1b,51,「この調子で、最後の学力テストも、,Keep up and ace the last test.,,
ID00158,00007d5d,51,　成績上位を目指すとよいと思われ」,I think you should aim for top ranks again.,,
ID00158,00008034,45,「ああ、そうだな。がんばるよ」,"Yeah, right. I'll do my best.",,
ID00158,000081d6,27,「それじゃあねー」,That's not it.,,
ID00158,000087fa,39,「にい君、スポーツテスト、,"Hey, Iori, the sports tests,",,
ID00158,00008830,39,　不合格だったみたいだね」,"didn't you, big bro?",,
ID00158,00008afb,51,「ああ、こう暑いと調子出ないよな」,It's hard to focus when hot.,,
ID00158,00008cf7,30,「まぁ、仕方ないね。,"Well, can't help it.",,
ID00158,00008d24,42,　来週末の最後の学力テストで,Next weekend's final academic test is,,
ID00158,00008d5d,39,　復讐すればいいと思うよ」,"a chance to get back at them, I think.",,
ID00158,0000917c,30,「ああ、がんばるよ」,"Yeah, I will.",,
ID00158,0000930f,24,「それじゃあね」,See ya.,,
ID00158,000094cb,54,「兄妹揃って、運動できないってのは、,"You two can't do sports together, so",,
ID00158,00009510,36,　ちょっと恥ずかしいね」,That's kind of embarrassing.,,
ID00158,000096b6,45,「…そうだな、次はがんばるよ」,"...Yeah, I'll do better next time.",,
ID00158,00009882,30,「うん、がんばれー」,"Yeah, good luck.",,
ID00158,0000a02c,42,「おやおや、にい君、２連続、,"Oh? Iori, two in a row,",,
ID00158,0000a065,45,　スポーツテストで不合格とは」,"Man, failing the sports test again.",,
ID00158,0000a336,54,「あ、ああ…暑くて調子が出なくてな」,"Ah, yeah... It was too hot.",,
ID00158,0000a535,30,「まぁ、仕方ないね。,"Well, can't help it.",,
ID00158,0000a562,57,　私もスポーツテストは補習の常連だし、,"I'm in remedial classes for the sports tests,",,
ID00158,0000a5aa,30,　気持ちはわかるよ」,so I totally understand.,,
ID00158,0000ab07,57,「来週の学力テストはいい点取りたいね」,You wanna do well on next week's test?,,
ID00158,0000aca9,21,「…そうだな」,"Yeah, you're right.",,
ID00158,0000ae62,54,「運動苦手な私が言うのもなんだけど、,"Even though I suck at sports myself,",,
ID00158,0000aea7,51,　３連続スポーツテストで不合格は、,Failing three sports tests is bad.,,
ID00158,0000aee9,39,　避けた方がよいと思われ」,you should avoid that.,,
ID00158,0000b1cd,21,「そうだな…」,Yeah...,,
ID00158,0000b386,27,「それじゃあねー」,That's not it.,,
ID00158,0000ba26,33,「ダメだねぇ、にい君」,"No good, Bro-kun.",,
ID00158,0000bc6a,18,「あ、真奈」,"Ah, Mana.",,
ID00158,0000bdf1,60,「３連続スポーツテストで不合格だなんて、,Failing three consecutive sports tests...,,
ID00158,0000be3c,45,　騎士の風上にも置けないよ？」,is something a knight shouldn't even be near.,,
ID00158,0000bfd2,27,「はは…そうだな」,Heh... you're right.,,
ID00158,0000c162,33,「にい君は、本気出せば,"If you really try, Bro-kun,",,
ID00158,0000c192,42,　もっと運動できると思われ」,you can do more exercise.,,
ID00158,0000c460,36,「…悪い、新学期からは、,"...Sorry, starting the new semester,",,
ID00158,0000c493,42,　心を入れ替えてがんばるよ」,I'll change my ways and work hard.,,
ID00158,0000c632,42,「ん…それでこそにい君だよ」,"Hmm... That's more like you, Bro-kun.",,
ID00158,0000c925,45,「来週末の、最後の学力テストも,Next weekend's final academic test too,,
ID00158,0000c961,21,　がんばって」,Good luck!,,
ID00158,0000cd61,24,「それじゃあね」,See ya.,,
ID00159,0000107a,48,（ん……なんだ、こんな時間に……,"Hmm... What's up, at this hour...",,
ID00159,000010b9,21,　あ、真奈か）,"Oh, it's Mana.",,
ID00159,0000143b,36,「もしもし、どうした？」,Hello? What's up?,,
ID00159,0000148d,51,「あ、にい君、ごめんね、夜遅くに」,"Ah, sorry for calling so late, Bro-kun.",,
ID00159,000014ee,54,「いや、いいけど、どうしたんだよ？」,"Nah, it's fine, but what's going on?",,
ID00159,00001552,27,「それが…日曜日、,It's about Sunday...,,
ID00159,0000157c,45,　行けなくなるかもしれなくて」,I might not be able to go.,,
ID00159,000015d7,36,「えっ？　そうなのか？」,What? Really?,,
ID00159,00001629,36,「うん…同じ趣味の子が、,Yeah... same hobby.,,
ID00159,0000165c,42,　どうしても会いたいって…」,really wants to meet me...,,
ID00159,000016b4,45,「なんか…悩んでるみたいで…」,She seems kinda worried about it...,,
ID00159,0000170f,24,「そ、そっか…」,"S-so, really...",,
ID00159,00001755,60,「けど、会うって決まったわけじゃないの。,But we haven't decided to meet yet.,,
ID00159,000017a0,30,　彼女が立ち直れば、,"If she gets over it,",,
ID00159,000017cd,39,　無理に会うこともないし」,there's no need for us to meet either.,,
ID00159,00001ac1,48,「だから、もし行けなくなったら、,"So if I can't go,",,
ID00159,00001b00,39,　土曜日の夜に電話するよ」,I'll call her Saturday night.,,
ID00159,00001b55,21,「わかった…」,Got it...,,
ID00159,00001b98,51,「それじゃあね、おやすみなさい…」,"See ya, goodnight...",,
ID00159,00001bf9,27,「ああ、おやすみ」,"Ah, good night.",,
ID00159,00001f22,60,（悩んでる友達…か。放っておけないよな）,Can't ignore a friend.,,
ID00159,00001fde,42,（けど、もっと真奈と話して、,but I should talk to Mana more and,,
ID00159,00002017,48,　好感度を上げておくべきだよな。,"raise our relationship a bit,",,
ID00159,00002056,51,　ちょっと無理してでも来るように）,convince her to come even if she's busy,,
ID00160,00000f9a,48,（ん……なんだ、こんな時間に……,"Hmm... What's up, at this hour...",,
ID00160,00000fd9,18,　あ、真奈）,"Ah, Mana.",,
ID00160,00001318,18,「もしもし」,Hello.,,
ID00160,00001358,51,「あ、にい君、ごめんね、夜遅くに」,"Ah, sorry for calling so late, Bro-kun.",,
ID00160,0000140d,30,「まさか、日曜日…」,Are you going out on Sunday?,,
ID00160,00001459,60,「そう……友達と会うことになっちゃった」,It seems I've got plans with a friend.,,
ID00160,000014c3,63,「悩んでるみたいだから、放っておけないよ」,I can't just leave her alone.,,
ID00160,00001530,18,「そっか…」,"Oh, I see.",,
ID00160,0000159f,45,「いいけど、どうしたんだよ？」,"Sure, but what's up?",,
ID00160,000015fa,60,「それが…、明日、行けなくなっちゃって」,But now it looks like I can't go tomorrow.,,
ID00160,00001664,15,「えっ？」,Huh?,,
ID00160,000016a1,48,「同じ趣味の子が…会いたいって」,A kid who wants to meet me.,,
ID00160,000016ff,54,「なんか…すごく悩んでるみたいで…。,She seems really conflicted about it or something...,,
ID00160,00001744,39,　力になってあげなきゃ…」,I gotta help her out...,,
ID00160,00001799,24,「そ、そっか…」,"S-so, really...",,
ID00160,0000180e,18,「ごめんね」,Sorry about that.,,
ID00160,0000184e,24,「いや、いいよ。,"Nah, it's fine.",,
ID00160,00001875,45,　俺とはいつでも行けるからな」,I can go anytime with me.,,
ID00160,000018d0,30,「うん…また誘って」,Yeah... I'll ask again.,,
ID00160,0000191c,51,「それじゃあね…。おやすみなさい」,See ya... Good night.,,
ID00160,0000197d,27,「ああ、おやすみ」,"Ah, good night.",,
ID00160,00001a66,51,（まいったな、もっと真奈と話して、,If only I'd talked more with Mana...,,
ID00160,00001aa8,36,　好感度を上げておけば、,I could've raised our rapport.,,
ID00160,00001adb,54,　無理してでも来たかもしれないよな）,She might've forced herself to come.,,
ID00160,00001b3f,36,（好感度を最大限上げて、,Raise our bond as high as possible.,,
ID00160,00001b72,45,　レコセッションの後、誘おう）,And ask her out after the recital.,,
ID00161,00001aaa,51,（ん……なんだ、こんな時間に……、,"Hmm... What's up, calling me at this hour...",,
ID00161,00001aec,24,　あ！　真奈…）,Ah! Mahiro...),,
ID00161,00001ec5,18,「もしもし」,Hello.,,
ID00161,00001f05,60,「あ、にい君？　ごめんね、こんな遅くに」,"You, Bro-kun? Sorry to call so late.",,
ID00161,00001f6f,45,「いや、いいけど…どうした？」,It's fine... What's up?,,
ID00161,00001fca,33,「それが……その……」,Well... um...,,
ID00161,00002019,39,「にい君と……音声のみの…,About you and me... just voice chat...,,
ID00161,0000204f,54,　情報伝達の可能性を…探りたくて…」,I wanted to explore communication...,,
ID00161,000020b3,15,「あぁ？」,Huh?,,
ID00161,0000257d,63,「見えないからこそ、いいことってあるよね？,Right? There are good things.,,
ID00161,000025cb,51,　想像するからこそ、ドキドキする」,It's imagination that makes you race.,,
ID00161,0000262c,21,「ま、まあな」,Well... yeah.,,
ID00161,0000266f,48,「この電話を…真奈からじゃなく、,That's because you're thinking this call is from,,
ID00161,000026ae,48,　恋人からの電話だと思ってみて」,"someone special, not Mana.",,
ID00161,0000270c,36,「ハァア？　無理だって」,Huh? That's impossible.,,
ID00161,0000275e,21,「どうして？」,Why?,,
ID00161,000027a1,21,「声がお前だ」,It's your voice.,,
ID00161,000027e4,51,「ぐぬ…ほとんど同じ声の子なんて、,Guh... So many kids like yours.,,
ID00161,00002826,45,　この世界にいっぱいいるよ？」,In this world?,,
ID00161,00002881,39,「もっと想像の翼を広げて」,Spread your wings further.,,
ID00161,000028d6,48,「俺は現実に生きる。お前は妹だ」,"Me, reality. You, my sis.",,
ID00161,00002934,33,「うぐぐ……じゃあ…」,Nngh... Then...,,
ID00161,00002983,42,「来世でも、前世でもいい…、,In the next life or a past one...,,
ID00161,000029bc,51,　妹じゃない…違う世界の私からの…,Not my sister... From another world...,,
ID00161,000029fe,33,　電話だと思ってみて」,Think it's a phone call.,,
ID00161,00002a4d,45,「世界を越えた…ホットライン」,A hotline across worlds.,,
ID00161,00002aa8,51,「ったく、そういう妄想をするから、,"Tch, you get these delusions because,",,
ID00161,00002aea,27,　バーチャル空間で,In a virtual space...,,
ID00161,00002b14,39,　危ないことをするんだ！」,You're doing dangerous things!,,
ID00161,00002b69,48,「あははは…あの時はありがとね。,Ahahaha... Thanks for that time.,,
ID00161,00002ba8,24,　危なかったよ」,That was scary.,,
ID00161,00002bee,57,「キスで目覚める…お姫様だったよね？」,"Waking up with a kiss... like a princess, right?",,
ID00161,00002c55,51,「キスって言うな！　緊急措置だ！」,Don't say 'kiss'! It was an emergency measure!,,
ID00161,00002cb6,24,「緊急措置か…」,An emergency measure...,,
ID00161,00002cfc,39,「キスで目覚めるお姫様は、,A princess kissed awake is...,,
ID00161,00002d32,45,　童話の中にいっぱいいるけど、,"There are a lot of them in fairy tales,",,
ID00161,00002d6e,54,　みんな緊急措置みたいなもんだよ？」,"but they're all like emergency measures, right?",,
ID00161,00002dd2,57,「だから…私も、お姫様の仲間入りだね」,So... I guess I'm joining the princess club.,,
ID00161,00002e39,27,「にい君は、騎士」,@str_000 is the knight.,,
ID00161,00002e82,60,「ったく、お姫様でも、騎士でもいいけど、,"Whatever, whether you're a princess or a knight,",,
ID00161,00002ecd,51,　危ない真似はもうさせないからな」,I won't let you do anything dangerous anymore.,,
ID00161,00002f2e,33,「うん、もうしないよ。,"Yeah, I won't do it again.",,
ID00161,00002f5e,57,　まだ…今の私には、早いみたいだから」,It's still too early for me right now.,,
ID00161,00002fc5,42,「私の…魔法では…まだ無理」,My magic... isn't ready yet...,,
ID00161,0000301d,42,「はいはい、中二病、中二病」,"Okay, okay, middle schooler.",,
ID00161,00003075,60,「音声だけでいいから、いろんなにい君や、,"Just voice, all kinds of Bro-kun and",,
ID00161,000030c0,48,　いろんな真奈と、話してみたい」,all kinds of Mahiro.,,
ID00161,0000311e,45,「電話が鳴る度に想像してみて。,Imagine it every time the phone rings.,,
ID00161,0000315a,45,　もしかしたら、違う真奈からの,Maybe a call from Mahiro.,,
ID00161,00003196,24,　電話かもよ？」,It could happen.,,
ID00161,000031dc,36,「ワクワクするでしょ？」,Isn't that exciting?,,
ID00161,0000322e,27,「…なんか怖ェよ」,...Kinda scary though.,,
ID00161,00003277,63,「フフッ、それじゃあね。…おやすみなさい」,"Heh heh, see you later... Good night.",,
ID00161,000032e4,27,「ああ、おやすみ」,"Ah, good night.",,
ID00161,0000361a,54,（ったく、妄想、ここに極まれりだな。,"Man, my imagination's at its peak here.",,
ID00161,0000365f,33,　来世も、前世もない！,No afterlife! No past life!,,
ID00161,0000368f,39,　あるのはこの世のみだ！）,Only this world exists!,,
ID00161,000036e4,27,（さ、寝よ、寝よ）,"Come on, go to sleep...",,
ID00161,0000377b,18,「うおっ！」,Whoa!,,
ID00161,000037bb,57,（な、なんだ！？　し、知らない番号…）,W-What!? It's an unknown number...,,
ID00161,00003870,36,「ゴクリ……もしもし？」,Swallow... Hello?,,
ID00161,000038c2,18,「にい君…」,"Hey, big bro...",,
ID00161,00003902,51,「ま、真奈！？　なんだこの番号！？,M-Mana!? What's this number!?,,
ID00161,00003944,42,　どっからかけてるんだ！？」,Where are you calling from!?,,
ID00161,0000399c,42,「あはははー、ビックリした？,"Hahaha, did I scare you?",,
ID00161,000039d5,33,　宿舎の公衆電話だよ」,It's a public phone in the dorm.,,
ID00161,00003a24,45,「ったく、いたずらしてないで、,"Man, stop fooling around and",,
ID00161,00003a60,27,　さっさと寝ろ！」,get to bed already!,,
ID00161,00003aa9,42,「はぁーい。おやすみなさい」,Okay. Good night.,,
ID00161,00003b6e,60,「あ、にい君？　ごめんね、こんな遅くに」,"You, Bro-kun? Sorry to call so late.",,
ID00161,00003bd8,45,「いや、いいけど…どうした？」,It's fine... What's up?,,
ID00161,00003c33,18,「それが…」,That's...,,
ID00161,00003c73,42,「にい君への想いが募って…。,My feelings for you are building up...,,
ID00161,00003cac,54,　どうしても…声が聞きたくなって…」,I just couldn't help but want to hear your voice...,,
ID00161,00003d10,12,「え…」,Huh...?,,
ID00161,000041d7,39,「どうしたんだろね？　私」,What's wrong with me?,,
ID00161,0000422c,45,「１人の夜が怖い…。寂しい…。,I'm scared and lonely...,,
ID00161,00004268,36,　なかなか…眠れない…」,Can't seem to fall asleep...,,
ID00161,000042ba,15,「真奈…」,Mina...,,
ID00161,000042f7,21,「なんらかの…,Some kind of...,,
ID00161,0000431b,48,　ゆがみが発生してる気がする…。,distortion is happening...,,
ID00161,0000435a,39,　すごく…喪失感がある…」,I feel really lost...,,
ID00161,000043af,57,「喪失感か……実は、俺にもあるんだよ」,"Feeling lost...? Actually, I feel it too.",,
ID00161,00004416,12,「え？」,What?,,
ID00161,00004450,45,「大切なものを失ったような…。,Like losing something important...,,
ID00161,0000448c,63,　忘れちゃいけないことを、忘れたような…」,Like forgetting something I shouldn't have...,,
ID00161,000044f9,54,「お前と…お別れしたみたいな想いが、,There's a feeling like goodbye...,,
ID00161,0000453e,24,　どこかにある」,somewhere inside me...,,
ID00161,00004584,48,「私も……切なくて…胸が痛い…」,I'm hurting... my heart hurts...,,
ID00161,000045e2,42,「観覧車で…なにかあった？」,Did something happen on the Ferris wheel?,,
ID00161,0000463a,12,「え？」,What?,,
ID00161,00004674,36,「にい君…泣いてたから」,"You were crying, Bro-kun.",,
ID00161,000046c6,60,「俺、寝てただけだろ？　なんにもないよ」,"I was just sleeping, okay? Nothing happened.",,
ID00161,00004730,24,「そうだよね…」,"Yeah, that's right...",,
ID00161,00004776,42,「けど、なんか夢を見たんだ。,But I had a dream...,,
ID00161,000047af,51,　それで……なにかを失ったような…,And... like I lost something...,,
ID00161,000047f1,36,　そんな気がするんだよ」,That's what it feels like.,,
ID00161,00004843,18,「ふうん…」,Hmm...,,
ID00161,00004883,48,「夢に……変わった…のかもね？」,Maybe the dream changed it...,,
ID00161,000048e1,12,「え？」,What?,,
ID00161,0000491b,45,「悲しいことが…夢に変わった。,The sad things turned into dreams...,,
ID00161,00004957,57,　人は…そうやって、忘れていくのかも」,People forget that way...,,
ID00161,000049be,39,「小さいころの思い出って、,Childhood memories are...,,
ID00161,000049f4,48,　本当に起こったのか、夢なのか、,"Was it really real, or just a dream?",,
ID00161,00004a33,36,　曖昧なことってない？」,"There's no such thing, right?",,
ID00161,00004a85,51,「すごく美化されたり、怖かったり」,"They get pretty romanticized, or scary",,
ID00161,00004ae6,63,「真奈は…道に迷って、よく魔界へ行ったよ。,Mana got lost and ended up in the demon world a lot.,,
ID00161,00004b34,57,　怖い魔犬や、化け猫がいっぱいいて…」,There were lots of scary dogs and cats there...,,
ID00161,00004b9b,57,「その度に、にい君が助けに来てくれた」,You always came to save me every time.,,
ID00161,00004c02,39,「それは単に迷っただけだ。,I was simply lost that's all.,,
ID00161,00004c38,36,　魔界には行ってねぇ！」,I never went to the demon world!,,
ID00161,00004c8a,33,「そうかもしれないし、,"Maybe I am, or",,
ID00161,00004cba,42,　そうじゃないかもしれない」,maybe I'm not.,,
ID00161,00004d12,39,「この夏は…そんな思いを、,This summer... I've had so many...,,
ID00161,00004d48,39,　いっぱいしてる気がする」,I feel like.,,
ID00161,00004d9d,39,「そうかも…しれないな…」,Maybe that's true...?,,
ID00161,00004df2,45,「あれ？　信じるの？　私の話」,Huh? Do you believe me? My story?,,
ID00161,00004e4d,57,「お前の話を、疑ったことなんてないよ。,I never doubted your words.,,
ID00161,00004e95,42,　表現が中二病っぽいだけで」,It sounds too dramatic.,,
ID00161,00004eed,57,「お前は、お前らしく…夢を語ればいい。,Just be yourself... talk about your dreams.,,
ID00161,00004f35,45,　『魔法を司る者』なんだろ？」,"You're the one who wields magic, right?",,
ID00161,00004f90,45,「そう。我は『魔法を司る者』。,That's right. I am the one who wields magic.,,
ID00161,00004fcc,45,　いつか……宇宙の理さえ覆す」,One day... even the laws of the universe.,,
ID00161,00005027,33,「可能性は、無限だよ」,Your possibilities are infinite.,,
ID00161,00005076,27,「ああ、そうだな」,Sure thing.,,
ID00161,000050bf,51,「ありがと…にい君は、いつだって、,Thanks... you always give me,,
ID00161,00005101,30,　私に勇気をくれる」,the courage to keep going.,,
ID00161,0000514d,45,「なんだか、喪失感が埋まった。,I feel like I've filled a void.,,
ID00161,00005189,24,　もう眠れそう」,I think I can sleep now.,,
ID00161,000051cf,30,「そっか、よかった」,"Got it, good then.",,
ID00161,000054ba,27,「おやすみなさい」,good night,,
ID00161,00005503,27,「ああ、おやすみ」,"Ah, good night.",,
ID00161,0000554c,33,「夢でも…会おうね…」,Maybe... we'll meet in a dream...,,
ID00161,000055e9,21,（夢でも…か）,In a dream...?,,
ID00162,0000107a,48,（ん……なんだ、こんな時間に……,"Hmm... What's up, at this hour...",,
ID00162,000010b9,21,　あ、真奈か）,"Oh, it's Mana.",,
ID00162,0000143b,36,「もしもし、どうした？」,Hello? What's up?,,
ID00162,0000148d,51,「あ、にい君、ごめんね、夜遅くに」,"Ah, sorry for calling so late, Bro-kun.",,
ID00162,000014ee,54,「いや、いいけど、どうしたんだよ？」,"Nah, it's fine, but what's going on?",,
ID00162,00001552,27,「それが…日曜日、,It's about Sunday...,,
ID00162,0000157c,45,　行けなくなるかもしれなくて」,I might not be able to go.,,
ID00162,000015d7,36,「えっ？　そうなのか？」,What? Really?,,
ID00162,00001629,36,「うん…同じ趣味の子が、,Yeah...same hobby.,,
ID00162,0000165c,42,　どうしても会いたいって…」,really wants to meet me...,,
ID00162,000016b4,45,「なんか…悩んでるみたいで…」,She seems kinda worried about it...,,
ID00162,0000170f,24,「そ、そっか…」,"S-so, really...",,
ID00162,00001755,60,「けど、会うって決まったわけじゃないの。,But we haven't decided to meet yet.,,
ID00162,000017a0,30,　彼女が立ち直れば、,"If she gets over it,",,
ID00162,000017cd,39,　無理に会うこともないし」,there's no need for us to meet either.,,
ID00162,00001ac1,48,「だから、もし行けなくなったら、,"So if I can't go,",,
ID00162,00001b00,39,　土曜日の夜に電話するよ」,I'll call her Saturday night.,,
ID00162,00001b55,21,「わかった…」,Got it...,,
ID00162,00001b98,51,「それじゃあね、おやすみなさい…」,"See ya, goodnight...",,
ID00162,00001bf9,27,「ああ、おやすみ」,"Ah, good night.",,
ID00162,00001f22,60,（悩んでる友達…か。放っておけないよな）,(Worried friend...can't ignore her.),,
ID00162,00001fde,42,（けど、もっと真奈と話して、,but I should talk to Mana more and,,
ID00162,00002017,48,　好感度を上げておくべきだよな。,"raise our relationship a bit,",,
ID00162,00002056,51,　ちょっと無理してでも来るように）,convince her to come even if she's busy,,
ID00163,00000f9a,48,（ん……なんだ、こんな時間に……,"Hmm... What's up, at this hour...",,
ID00163,00000fd9,18,　あ、真奈）,"Ah, Mana.",,
ID00163,00001318,18,「もしもし」,Hello.,,
ID00163,00001358,51,「あ、にい君、ごめんね、夜遅くに」,"Ah, sorry for calling so late, Bro-kun.",,
ID00163,0000140d,30,「まさか、日曜日…」,Are you going out on Sunday?,,
ID00163,00001459,60,「そう……友達と会うことになっちゃった」,It seems I've got plans with a friend.,,
ID00163,000014c3,63,「悩んでるみたいだから、放っておけないよ」,I can't just leave her alone.,,
ID00163,00001530,18,「そっか…」,"Oh, I see.",,
ID00163,0000159f,45,「いいけど、どうしたんだよ？」,"Sure, but what's up?",,
ID00163,000015fa,60,「それが…、明日、行けなくなっちゃって」,But now it looks like I can't go tomorrow.,,
ID00163,00001664,15,「えっ？」,Huh?,,
ID00163,000016a1,48,「同じ趣味の子が…会いたいって」,A kid who wants to meet me.,,
ID00163,000016ff,54,「なんか…すごく悩んでるみたいで…。,She seems really conflicted about it or something...,,
ID00163,00001744,39,　力になってあげなきゃ…」,I gotta help her out...,,
ID00163,00001799,24,「そ、そっか…」,"S-so, really...",,
ID00163,0000180e,18,「ごめんね」,Sorry about that.,,
ID00163,0000184e,24,「いや、いいよ。,"Nah, it's fine.",,
ID00163,00001875,45,　俺とはいつでも行けるからな」,I can go anytime with me.,,
ID00163,000018d0,30,「うん…また誘って」,Yeah... I'll ask again.,,
ID00163,0000191c,51,「それじゃあね…。おやすみなさい」,See ya... Good night.,,
ID00163,0000197d,27,「ああ、おやすみ」,"Ah, good night.",,
ID00163,00001a66,51,（まいったな、もっと真奈と話して、,If only I'd talked more with Mana...,,
ID00163,00001aa8,36,　好感度を上げておけば、,Raised our rapport a bit more.,,
ID00163,00001adb,54,　無理してでも来たかもしれないよな）,She might've forced herself to come.,,
ID00163,00001b3f,36,（好感度を最大限上げて、,Raise our bond as high as possible.,,
ID00163,00001b72,45,　レコセッションの後、誘おう）,And ask her out after the recital.,,
ID00164,00001aaa,51,（ん……なんだ、こんな時間に……、,"Hmm... What's up, calling me at this hour...",,
ID00164,00001aec,24,　あ！　真奈…）,Ah! Mahiro...),,
ID00164,00001ec5,18,「もしもし」,Hello.,,
ID00164,00001f05,60,「あ、にい君？　ごめんね、こんな遅くに」,"You, Bro-kun? Sorry to call so late.",,
ID00164,00001f6f,45,「いや、いいけど…どうした？」,It's fine... What's up?,,
ID00164,00001fca,33,「それが……その……」,Well... um...,,
ID00164,00002019,39,「にい君と……音声のみの…,About you and me... just voice chat...,,
ID00164,0000204f,54,　情報伝達の可能性を…探りたくて…」,I wanted to explore communication...,,
ID00164,000020b3,15,「あぁ？」,Huh?,,
ID00164,0000257d,63,「見えないからこそ、いいことってあるよね？,Right? There are good things.,,
ID00164,000025cb,51,　想像するからこそ、ドキドキする」,It's imagination that makes you nervous.,,
ID00164,0000262c,21,「ま、まあな」,Well... yeah.,,
ID00164,0000266f,48,「この電話を…真奈からじゃなく、,That's because you're thinking this call is from,,
ID00164,000026ae,48,　恋人からの電話だと思ってみて」,"someone special, not Mana.",,
ID00164,0000270c,36,「ハァア？　無理だって」,Huh? That's impossible.,,
ID00164,0000275e,21,「どうして？」,Why?,,
ID00164,000027a1,21,「声がお前だ」,It's your voice.,,
ID00164,000027e4,51,「ぐぬ…ほとんど同じ声の子なんて、,Guh... So many kids sound like you.,,
ID00164,00002826,45,　この世界にいっぱいいるよ？」,In this world?,,
ID00164,00002881,39,「もっと想像の翼を広げて」,Spread your wings of imagination.,,
ID00164,000028d6,48,「俺は現実に生きる。お前は妹だ」,I'll live in reality. You’re my sis.,,
ID00164,00002934,33,「うぐぐ……じゃあ…」,Nngh... Then...,,
ID00164,00002983,42,「来世でも、前世でもいい…、,In the next life or a past one...,,
ID00164,000029bc,51,　妹じゃない…違う世界の私からの…,Not my sister... From another world...,,
ID00164,000029fe,33,　電話だと思ってみて」,Think it's a phone call.,,
ID00164,00002a4d,45,「世界を越えた…ホットライン」,A hotline across worlds.,,
ID00164,00002aa8,51,「ったく、そういう妄想をするから、,"Tch, you get these delusions because,",,
ID00164,00002aea,27,　バーチャル空間で,In a virtual space...,,
ID00164,00002b14,39,　危ないことをするんだ！」,You're doing dangerous things!,,
ID00164,00002b69,48,「あははは…あの時はありがとね。,Ahahaha... Thanks for that time.,,
ID00164,00002ba8,24,　危なかったよ」,That was scary.,,
ID00164,00002bee,57,「キスで目覚める…お姫様だったよね？」,"Waking up with a kiss... like a princess, right?",,
ID00164,00002c55,51,「キスって言うな！　緊急措置だ！」,Don't say 'kiss'! It was an emergency measure!,,
ID00164,00002cb6,24,「緊急措置か…」,An emergency measure...,,
ID00164,00002cfc,39,「キスで目覚めるお姫様は、,A princess kissed awake is...,,
ID00164,00002d32,45,　童話の中にいっぱいいるけど、,"There are a lot of them in fairy tales,",,
ID00164,00002d6e,54,　みんな緊急措置みたいなもんだよ？」,"but they're all like emergency measures, right?",,
ID00164,00002dd2,57,「だから…私も、お姫様の仲間入りだね」,So... I guess I'm joining the princess club.,,
ID00164,00002e39,27,「にい君は、騎士」,@str_000 is the knight.,,
ID00164,00002e82,60,「ったく、お姫様でも、騎士でもいいけど、,"Whatever, whether you're a princess or a knight,",,
ID00164,00002ecd,51,　危ない真似はもうさせないからな」,I won't let you do anything dangerous anymore.,,
ID00164,00002f2e,33,「うん、もうしないよ。,"Yeah, I won't do it again.",,
ID00164,00002f5e,57,　まだ…今の私には、早いみたいだから」,It's still too early for me right now.,,
ID00164,00002fc5,42,「私の…魔法では…まだ無理」,My magic... isn't ready yet...,,
ID00164,0000301d,42,「はいはい、中二病、中二病」,"Okay, okay, middle schooler.",,
ID00164,00003075,60,「音声だけでいいから、いろんなにい君や、,"Just voice, all kinds of Bro-kun and",,
ID00164,000030c0,48,　いろんな真奈と、話してみたい」,all kinds of Mahiro.,,
ID00164,0000311e,45,「電話が鳴る度に想像してみて。,Imagine it every time the phone rings.,,
ID00164,0000315a,45,　もしかしたら、違う真奈からの,Maybe a call from a diff Mahiro.,,
ID00164,00003196,24,　電話かもよ？」,"It could happen, yeah?",,
ID00164,000031dc,36,「ワクワクするでしょ？」,Isn't that exciting?,,
ID00164,0000322e,27,「…なんか怖ェよ」,...Kinda scary though.,,
ID00164,00003277,63,「フフッ、それじゃあね。…おやすみなさい」,"Heh heh, see you later... Good night.",,
ID00164,000032e4,27,「ああ、おやすみ」,"Ah, good night.",,
ID00164,0000361a,54,（ったく、妄想、ここに極まれりだな。,"Man, my imagination's at its peak here.",,
ID00164,0000365f,33,　来世も、前世もない！,No afterlife! No past life!,,
ID00164,0000368f,39,　あるのはこの世のみだ！）,Only this world exists!,,
ID00164,000036e4,27,（さ、寝よ、寝よ）,"Come on, go to sleep...",,
ID00164,0000377b,18,「うおっ！」,Whoa!,,
ID00164,000037bb,57,（な、なんだ！？　し、知らない番号…）,W-What!? It's an unknown number...,,
ID00164,00003870,36,「ゴクリ……もしもし？」,Swallow... Hello?,,
ID00164,000038c2,18,「にい君…」,"Hey, big bro...",,
ID00164,00003902,51,「ま、真奈！？　なんだこの番号！？,M-Mana!? What's this number!?,,
ID00164,00003944,42,　どっからかけてるんだ！？」,Where are you calling from!?,,
ID00164,0000399c,42,「あはははー、ビックリした？,"Hahaha, did I scare you?",,
ID00164,000039d5,33,　宿舎の公衆電話だよ」,It's a public phone in the dorm.,,
ID00164,00003a24,45,「ったく、いたずらしてないで、,"Man, stop fooling around and",,
ID00164,00003a60,27,　さっさと寝ろ！」,get to bed already!,,
ID00164,00003aa9,42,「はぁーい。おやすみなさい」,Okay. Good night.,,
ID00164,00003b6e,60,「あ、にい君？　ごめんね、こんな遅くに」,"You, Bro-kun? Sorry to call so late.",,
ID00164,00003bd8,45,「いや、いいけど…どうした？」,It's fine... What's up?,,
ID00164,00003c33,18,「それが…」,That's...,,
ID00164,00003c73,42,「にい君への想いが募って…。,My feelings for you are building up...,,
ID00164,00003cac,54,　どうしても…声が聞きたくなって…」,I just couldn't help but want to hear your voice...,,
ID00164,00003d10,12,「え…」,Huh...?,,
ID00164,000041d7,39,「どうしたんだろね？　私」,What's wrong with me?,,
ID00164,0000422c,45,「１人の夜が怖い…。寂しい…。,I'm scared of being alone...,,
ID00164,00004268,36,　なかなか…眠れない…」,Can't seem to fall asleep...,,
ID00164,000042ba,15,「真奈…」,Mina...,,
ID00164,000042f7,21,「なんらかの…,Some kind of...,,
ID00164,0000431b,48,　ゆがみが発生してる気がする…。,distortion is happening...,,
ID00164,0000435a,39,　すごく…喪失感がある…」,I feel really lost...,,
ID00164,000043af,57,「喪失感か……実は、俺にもあるんだよ」,"Feeling lost...? Actually, I feel it too.",,
ID00164,00004416,12,「え？」,What?,,
ID00164,00004450,45,「大切なものを失ったような…。,Like losing something important...,,
ID00164,0000448c,63,　忘れちゃいけないことを、忘れたような…」,Like forgetting something I shouldn't have...,,
ID00164,000044f9,54,「お前と…お別れしたみたいな想いが、,"There's a farewell-like feeling,",,
ID00164,0000453e,24,　どこかにある」,somewhere inside me...,,
ID00164,00004584,48,「私も……切なくて…胸が痛い…」,I'm hurting... my heart hurts...,,
ID00164,000045e2,42,「観覧車で…なにかあった？」,Did something happen on the Ferris wheel?,,
ID00164,0000463a,12,「え？」,What?,,
ID00164,00004674,36,「にい君…泣いてたから」,"You were crying, Bro-kun.",,
ID00164,000046c6,60,「俺、寝てただけだろ？　なんにもないよ」,"I was just sleeping, okay? Nothing happened.",,
ID00164,00004730,24,「そうだよね…」,"Yeah, that's right...",,
ID00164,00004776,42,「けど、なんか夢を見たんだ。,But I had a dream...,,
ID00164,000047af,51,　それで……なにかを失ったような…,And... like I lost something...,,
ID00164,000047f1,36,　そんな気がするんだよ」,That's what it feels like.,,
ID00164,00004843,18,「ふうん…」,Hmm...,,
ID00164,00004883,48,「夢に……変わった…のかもね？」,Maybe the dream changed it...,,
ID00164,000048e1,12,「え？」,What?,,
ID00164,0000491b,45,「悲しいことが…夢に変わった。,The sad things turned into dreams...,,
ID00164,00004957,57,　人は…そうやって、忘れていくのかも」,People forget that way...,,
ID00164,000049be,39,「小さいころの思い出って、,Childhood memories are...,,
ID00164,000049f4,48,　本当に起こったのか、夢なのか、,"Was it really real, or just a dream?",,
ID00164,00004a33,36,　曖昧なことってない？」,"No vague memories, right?",,
ID00164,00004a85,51,「すごく美化されたり、怖かったり」,"They get pretty romanticized, or scary",,
ID00164,00004ae6,63,「真奈は…道に迷って、よく魔界へ行ったよ。,Mana got lost and ended up in the demon world a lot.,,
ID00164,00004b34,57,　怖い魔犬や、化け猫がいっぱいいて…」,There were lots of scary dogs and cats there...,,
ID00164,00004b9b,57,「その度に、にい君が助けに来てくれた」,You always came to save me every time.,,
ID00164,00004c02,39,「それは単に迷っただけだ。,I was simply lost that's all.,,
ID00164,00004c38,36,　魔界には行ってねぇ！」,I never went to the demon world!,,
ID00164,00004c8a,33,「そうかもしれないし、,"Maybe I am, or",,
ID00164,00004cba,42,　そうじゃないかもしれない」,maybe I'm not.,,
ID00164,00004d12,39,「この夏は…そんな思いを、,This summer...so much...,,
ID00164,00004d48,39,　いっぱいしてる気がする」,I feel like.,,
ID00164,00004d9d,39,「そうかも…しれないな…」,Maybe that's true...?,,
ID00164,00004df2,45,「あれ？　信じるの？　私の話」,Huh? Do you believe me? My story?,,
ID00164,00004e4d,57,「お前の話を、疑ったことなんてないよ。,I never doubted your words.,,
ID00164,00004e95,42,　表現が中二病っぽいだけで」,It's just immature.,,
ID00164,00004eed,57,「お前は、お前らしく…夢を語ればいい。,Just be yourself... talk about your dreams.,,
ID00164,00004f35,45,　『魔法を司る者』なんだろ？」,"You're the one who wields magic, right?",,
ID00164,00004f90,45,「そう。我は『魔法を司る者』。,That's right. I am the one who wields magic.,,
ID00164,00004fcc,45,　いつか……宇宙の理さえ覆す」,One day... even the laws of the universe.,,
ID00164,00005027,33,「可能性は、無限だよ」,Your possibilities are infinite.,,
ID00164,00005076,27,「ああ、そうだな」,Sure thing.,,
ID00164,000050bf,51,「ありがと…にい君は、いつだって、,Thanks... you always give me,,
ID00164,00005101,30,　私に勇気をくれる」,the courage to keep going.,,
ID00164,0000514d,45,「なんだか、喪失感が埋まった。,I feel like I've filled a void.,,
ID00164,00005189,24,　もう眠れそう」,I think I can sleep now.,,
ID00164,000051cf,30,「そっか、よかった」,"Got it, good then.",,
ID00164,000054ba,27,「おやすみなさい」,good night,,
ID00164,00005503,27,「ああ、おやすみ」,"Ah, good night.",,
ID00164,0000554c,33,「夢でも…会おうね…」,Maybe... we'll meet in a dream...,,
ID00164,000055e9,21,（夢でも…か）,In a dream...?,,
ID00165,000030b4,51,（ん？　あそこにいるのは、真奈か）,(Hm? Is that really Mana over there?),,
ID00165,00003116,16, 声をかける, Talk to her,,
ID00165,00003141,19, 声をかけない, Don't talk,,
ID00165,0000316f,19, 動画を見せる, Show the video,,
ID00165,000031c4,39,「真奈、ちょっといいか？」,"Hey, Mana, got a sec?",,
ID00165,00003419,54,「あ、なんだか会うの久しぶりだねー」,"Oh, it's been ages since we last met.",,
ID00165,00003608,33,「ん？　そう…かもな」,Hmm... maybe.,,
ID00165,00003831,21,「あ、にい君」,"""Hey, bro.""",,
ID00165,00003b92,45,「暇なら、なにか話さないか？」,"If you're free, wanna chat for a bit?",,
ID00165,00003de9,27,「うん、いいよー」,"Sure, sounds good.",,
ID00165,00003fc5,51,「それが、ちょっと暇じゃなくてね」,But I'm actually kinda busy right now.,,
ID00165,00004026,15,「そっか」,Oh yeah,,
ID00165,000041c8,27,「それじゃあねー」,That's not it.,,
ID00165,0000424e,54,（真奈と話すのは、また今度でいいな）,I can talk to Mana another time.,,
ID00165,00004314,39,「真奈、ちょっといいか？」,"Hey, Mana, got a sec?",,
ID00165,00004515,33,「あ、にい君、なに？」,"Oh, @str_000, what's up?",,
ID00165,00004861,42,「俺の動画、見てみないか？」,Check out my vid?,,
ID00165,000049e7,39,「あ、いいねー。見せてよ」,"Oh, that looks cool. Show me!",,
ID00165,00004bc2,45,（あ…あそこにいるのは、真奈）,Oh... That's Mana over there.,,
ID00165,00004c1e,16, 声をかける, Talk to her,,
ID00165,00004c49,19, 声をかけない, Don't talk,,
ID00165,00004c77,19, 動画を見せる, Show the video,,
ID00165,00004ccc,39,「真奈、ちょっといいか？」,"Hey, Mana, got a sec?",,
ID00165,00004f21,54,「あ、なんだか会うの久しぶりだねー」,"Oh, it's been ages since we last met.",,
ID00165,00005110,33,「ん？　そう…かもな」,Hmm... maybe.,,
ID00165,00005339,42,「あ、にい君、どうしたの？」,"Hey @str_000, what's going on?",,
ID00165,000056af,48,「暇なら、ちょっと話さないか？」,Wanna chat if you're free?,,
ID00165,000058c6,39,「今？　…ん、まぁいいよ」,"Right now? ...Yeah, sure.",,
ID00165,00005c20,60,「あ、もう着替えなきゃならないから無理」,"Oh, I have to change clothes so it's impossible.",,
ID00165,00005c8a,15,「そっか」,Oh yeah,,
ID00165,00005e2c,27,「それじゃあねー」,That's not it.,,
ID00165,00005ea1,54,（真奈と話すのは、また今度でいいな）,I can talk to Mana another time.,,
ID00165,00005f67,39,「真奈、ちょっといいか？」,"Hey, Mana, got a sec?",,
ID00165,00006131,42,「あ、にい君。どうかした？」,Hey @str_000. What's up?,,
ID00165,00006314,42,「俺の動画、見てみないか？」,Check out my vid?,,
ID00165,000064d1,51,「今？　ん～、そうだね、見せてよ」,"Right now? Hmm, yeah, show me.",,
ID00166,000030b4,48,（ん？　あそこにいるのは真奈…）,Hm? Is that Mana...?,,
ID00166,00003113,16, 声をかける, Talk to her,,
ID00166,0000313e,19, 声をかけない, Don't talk,,
ID00166,0000316c,19, 動画を見せる, Show the video,,
ID00166,000031c1,39,「真奈、ちょっといいか？」,"Hey, Mana, got a sec?",,
ID00166,0000343c,51,「おやおや、久しぶりだね、にい君」,"Oh, oh, it's been a while, Bro-kun.",,
ID00166,0000360f,27,「ん？　そうか？」,Hmm? Really?,,
ID00166,000036d6,33,「あ、にい君、なに？」,"Oh, @str_000, what's up?",,
ID00166,000038fc,33,「暇なら話さないか？」,Wanna chat if you're free?,,
ID00166,00003b47,39,「うん、いいよー。話そー」,"Yeah, sure. Let's talk.",,
ID00166,00003dab,54,「あー、今はちょっとやることあって」,"Ah, I've got something to do right now...",,
ID00166,00003feb,15,「そっか」,Oh yeah,,
ID00166,0000418d,27,「それじゃあねー」,That's not it.,,
ID00166,00004202,54,（真奈と話すのは、また今度でいいな）,I can talk to Mana another time.,,
ID00166,000042c8,39,「真奈、ちょっといいか？」,"Hey, Mana, got a sec?",,
ID00166,000044c9,42,「あ、にい君、どうかした？」,"Hey, Bro-kun, is there something wrong?",,
ID00166,000046ac,36,「俺の動画、見てくれよ」,Check out my video.,,
ID00166,000048a6,39,「うん、いいよ。見せてー」,"Sure, I will~",,
ID00166,0000490f,48,（おっ、あそこにいるのは真奈…）,Oh? Isn't that Mana over there...,,
ID00166,0000496e,16, 声をかける, Talk to her,,
ID00166,00004999,19, 声をかけない, Don't talk,,
ID00166,000049c7,19, 動画を見せる, Show the video,,
ID00166,00004a1c,39,「真奈、ちょっといいか？」,"Hey, Mana, got a sec?",,
ID00166,00004c71,48,「あ…なんだか久しぶりに会うね」,Ah... Long time no see.,,
ID00166,00004e5a,24,「そ、そうか？」,R-Really?,,
ID00166,0000507a,42,「あ、にい君、どうかした？」,"Hey, Bro-kun, is there something wrong?",,
ID00166,000053f0,48,「暇なら、ちょっと話さないか？」,Wanna chat if you're free?,,
ID00166,00005683,36,「んー、まぁいいけどね」,"Hmm, well, okay then.",,
ID00166,00005a7b,60,「無理だよ、もう着替えなきゃならないし」,"No way, I have to change clothes already.",,
ID00166,00005b1c,21,「そ、そっか」,R-Really?,,
ID00166,00005cc4,30,「じゃあ、またねー」,See you later~,,
ID00166,00005d3c,54,（真奈と話すのは、また今度でいいな）,I can talk to Mana another time.,,
ID00166,00005e02,39,「真奈、ちょっといいか？」,"Hey, Mana, got a sec?",,
ID00166,00005fcc,42,「あ、にい君。どうかした？」,Hey @str_000. What's up?,,
ID00166,000061af,48,「俺の動画、ちょっと見てくれよ」,Check out my video for a bit.,,
ID00166,000063ee,42,「んー、そうだね。見せてよ」,"Hmm, sure. Show me.",,
ID00167,00003154,48,（おっ、あそこにいるのは真奈…）,Oh? Isn't that Mana over there...,,
ID00167,000031b3,16, 声をかける, Talk to her,,
ID00167,000031de,19, 声をかけない, Don't talk,,
ID00167,0000320c,19, 動画を見せる, Show the video,,
ID00167,00003261,30,「なにやってんだ？」,What are you up to?,,
ID00167,000034d3,24,「あ、にい君…」,"Hey, Bro-kun...",,
ID00167,000036fa,42,「妹を何日も放っておくのは、,I thought it was bad to ignore,,
ID00167,00003733,27,　ダメだと思われ」,...for days.,,
ID00167,000038fe,12,「え？」,What?,,
ID00167,00003b3e,39,「ここんとこ会ってないよ」,We haven't seen each other in a while.,,
ID00167,00003b93,39,「そ、そっか、悪かったな」,"Oh right, sorry about that.",,
ID00167,00003c66,24,「あ、にい君ー」,"Hey, Bro-kun!",,
ID00167,00003fce,36,「時間あるなら話そうよ」,"If you've got time, let's talk.",,
ID00167,00004020,27,「ああ、そうだな」,Sure thing.,,
ID00167,000041fc,33,「暇なら話さないか？」,Wanna chat if you're free?,,
ID00167,0000442c,24,「あー、それが、,"Um, well...",,
ID00167,00004453,54,　やんなきゃならないことがあって…」,I've got something I have to do...,,
ID00167,000049f6,51,「また、時間がある時に声かけてよ」,Call me again when you've got time.,,
ID00167,00004a57,18,「そっか…」,"Oh, I see.",,
ID00167,00004bfc,27,「それじゃあねー」,That's not it.,,
ID00167,00004c71,57,（真奈と話すのは、また今度でいいな…）,I guess I can talk to Mana another time...,,
ID00167,00004d24,39,「真奈、ちょっといいか？」,"Hey, Mana, got a sec?",,
ID00167,00004f04,33,「あ、にい君、なに？」,"Oh, @str_000, what's up?",,
ID00167,000050de,51,「俺の動画の感想、聞かせてくれよ」,Tell me what you thought of my video.,,
ID00167,000052a4,42,「あ、いいよ。見せてみてー」,"Sure, show me.",,
ID00167,00005393,48,（おっ、あそこにいるのは真奈…）,Oh? Isn't that Mana over there...,,
ID00167,000053f2,16, 声をかける, Talk to her,,
ID00167,0000541d,19, 声をかけない, Don't talk,,
ID00167,0000544b,19, 動画を見せる, Show the video,,
ID00167,000054a0,45,「真奈、ちょっと話さないか？」,"Mana, wanna chat for a bit?",,
ID00167,00005721,21,「あ…にい君」,Ah... big bro,,
ID00167,00005945,57,「このところ、ほったらかしにされてたと,"You've been ignoring me lately,",,
ID00167,0000598d,15,　思われ」,I guess,,
ID00167,00005b3f,12,「え？」,What?,,
ID00167,00005d38,36,「しばらく会ってないよ」,I haven't seen you in a while.,,
ID00167,00005d8a,39,「そ、そっか、悪かったな。,R-Really? Sorry about that.,,
ID00167,00005dc0,33,　暇なら話さないか？」,Wanna chat if you're free?,,
ID00167,00005e8d,21,「あ、にい君」,"""Hey, bro.""",,
ID00167,00006235,33,「いいよー、話そっか」,"Sure, let's talk then!",,
ID00167,00006417,57,「あー、もう着替えなきゃならないから」,"Oh, I gotta change soon.",,
ID00167,0000647e,15,「そっか」,Oh yeah,,
ID00167,00006620,30,「じゃあ、またねー」,See you later~,,
ID00167,00006698,57,（真奈と話すのは、また今度でいいな…）,I guess I can talk to Mana another time...,,
ID00167,00006761,39,「真奈、ちょっといいか？」,"Hey, Mana, got a sec?",,
ID00167,00006988,33,「あ、にい君。なに？」,"Oh, big bro. What is it?",,
ID00167,000069d7,51,「俺の動画の感想、聞かせてくれよ」,Tell me what you thought of my video.,,
ID00167,00006b9d,42,「あ、いいねー。見せてみて」,"Oh, cool! Show me.",,
ID00168,000032ce,45,「あ、にい君、久しぶりだねー」,"Hey, @str_000, it's been a while!",,
ID00168,000034b4,27,「ん？　そうか？」,Hmm? Really?,,
ID00168,000036a5,51,「うん、しばらく会ってなかったよ」,"Yeah, we haven't seen each other in a while.",,
ID00168,000038e0,51,「あ、にい君、なにやってんのー？」,"Oh, @str_000, what are you doing?",,
ID00168,00003acc,18,「あ、真奈」,"Ah, Mana.",,
ID00168,00003c9f,39,「暇なら、なにか話そうよ」,"If you're free, let's chat for a bit.",,
ID00168,00003cf5,10, いいぞ, Sure,,
ID00168,00003d1a,28, 今はダメなんだって, Not right now,,
ID00168,00003d51,19, 動画を見せる, Show the video,,
ID00168,00003d90,15,「いいぞ」,Sure thing.,,
ID00168,00003f75,45,「うんうん、なに話そっかー？」,"Mm-hmm, what should we talk about?",,
ID00168,00003fe3,33,「今はダメなんだって」,I can't right now though,,
ID00168,00004082,45,「あははー、あっさり断られた」,"Haha, you rejected me so easily.",,
ID00168,00004268,27,「それじゃあねー」,That's not it.,,
ID00168,000042c2,24,「話もいいけど、,"It's fun to talk,",,
ID00168,000042e9,45,　俺の動画を見るのはどうだ？」,but how about watching my video?,,
ID00168,000044a9,39,「あ、いいねー。見せてよ」,"Oh, that looks cool. Show me!",,
ID00169,00003317,30,「あ、にい君みっけ」,"Hey, there you are.",,
ID00169,000034ee,18,「あ、真奈」,"Ah, Mana.",,
ID00169,00003693,36,「最近、見かけないねー」,I haven't seen you around lately.,,
ID00169,000036e5,24,「そ、そうか？」,R-Really?,,
ID00169,000038d3,48,「うん、しばらく会ってなかった」,"Yeah, we haven't talked in a while.",,
ID00169,00003a96,42,「暇なら、なにか話そうよ？」,"If you're free, let's chat?",,
ID00169,00003c91,24,「あ、にい君だ」,"Oh, it's you.",,
ID00169,00003ebc,18,「あ、真奈」,"Ah, Mana.",,
ID00169,00004061,36,「暇なら、なにか話そー」,"If you're free, wanna talk?",,
ID00169,000040e2,22, おう、そうだな," Yeah, that's right",,
ID00169,00004113,28, 今はダメなんだって, Not right now,,
ID00169,0000414a,19, 動画を見せる, Show the video,,
ID00169,00004189,27,「おう、そうだな」,"Right, I forgot.",,
ID00169,00004337,48,「じゃあ、盛り上がる話限定でー」,"Alright, let's stick to the fun stuff then.",,
ID00169,000043a8,33,「今はダメなんだって」,I can't right now though,,
ID00169,0000455c,42,「むむ…断るとは想定外な…」,Hmm... Didn't expect that.,,
ID00169,00004719,36,「にい君も案外忙しいね」,"You're pretty busy, huh?",,
ID00169,0000476b,24,「案外は余計だ」,The 'actually' is extra.,,
ID00169,00004801,42,「あははー、それじゃあねー」,"Haha, not really.",,
ID00169,000048b6,24,「ああ、またな」,Later~,,
ID00169,0000490d,24,「話もいいけど、,"It's fun to talk,",,
ID00169,00004934,39,　俺の動画を見てくれよ？」,Check out my video?,,
ID00169,00004aee,42,「あ、いいねー。見る見るー」,"Ah, sure thing! I'll watch it.",,
ID00170,000032e7,45,「あ、妹をほったらかしにしてる,"Hey, I've been ignoring my little sister.",,
ID00170,00003323,18,　にい君だ」,"It's you, big bro.",,
ID00170,0000352f,18,「あ、真奈」,"Ah, Mana.",,
ID00170,000036d4,42,「このところ会ってないよ？」,We haven't seen each other in a while?,,
ID00170,0000372c,33,「そ、そうだったか？」,R-Really?,,
ID00170,000038e0,57,「お詫びは盛り上がるトークってことで」,Let's make up for it with some lively talk.,,
ID00170,00003aea,24,「あ、目標捕捉」,"Ah, target acquired.",,
ID00170,00003e61,12,「ん？」,Hm?,,
ID00170,00004000,36,「今なら、暇してる妹が、,"Right now, sis is free.",,
ID00170,00004033,60,　にい君のトークにつき合ってあげるよ？」,join in on your conversation?,,
ID00170,000040cc,22, じゃあ、話すか, Let's talk then,,
ID00170,000040fd,28, 今はダメなんだって, Not right now,,
ID00170,00004134,19, 動画を見せる, Show the video,,
ID00170,00004173,27,「じゃあ、話すか」,"Alright then, let's talk.",,
ID00170,0000424f,51,「うんうん、そうこなくっちゃねー」,"Yeah yeah, that's the way to do it.",,
ID00170,00004320,33,「今はダメなんだって」,I can't right now though,,
ID00170,000044d4,36,「う…あっさり断られた」,Ugh...she just turned me down.,,
ID00170,0000468b,45,「ブラブラしてるように見えて、,"Looks like you're just hanging out, but",,
ID00170,000046c7,27,　忙しいんだねー」,you're really busy huh?,,
ID00170,00004710,21,「ま、まぁな」,Well... yeah.,,
ID00170,00004ada,27,「…それじゃあね」,...See ya then.,,
ID00170,00004b34,24,「話もいいけど、,"It's fun to talk,",,
ID00170,00004b5b,45,　俺の動画を見るのはどうだ？」,but how about watching my video?,,
ID00170,00004d1b,42,「あ、いいねー。見せてよー」,"Oh, that's cool. Show me!",,
ID00171,00001243,18,「あ、真奈」,"Ah, Mana.",,
ID00171,00001448,42,「あ…にい君…、おふぁよ～」,A... Bro-kun... Good morning~,,
ID00171,000015e2,18,「またね～」,See ya~,,
ID00171,00001988,36,（昨日、夜更かししたな）,You did.,,
ID00171,00001eb4,21,「あ、にい君」,"""Hey, bro.""",,
ID00171,0000219e,18,「おはよー」,Good morning!,,
ID00171,00002221,57,「おはよう。朝から元気そうじゃないか。,Morning. You seem pretty energetic.,,
ID00171,00002269,36,　昨日、早く寝たのか？」,Did you go to bed early yesterday?,,
ID00171,0000247a,36,「ううん、そうでもない。,"Nah, not really.",,
ID00171,000024ad,54,　けど、目覚めがいい朝ってあるよね」,But some mornings are.,,
ID00171,000027e8,27,「それじゃあねー」,That's not it.,,
ID00171,00002bc4,18,「あ、真奈」,"Ah, Mana.",,
ID00171,00002dc9,24,「あ…にい君…」,Ah... Bro-kun...,,
ID00171,000030f4,33,「ふあ～っ、おあよ～」,Phew~ Good morning~,,
ID00171,000033e0,54,「眠そうだなぁ。夜更かししすぎだぞ」,You look so sleepy. You stayed up too late.,,
ID00171,000035dd,42,「授業までには目が覚めるよ」,I'll wake up before class starts.,,
ID00171,00003685,27,「それじゃあね～」,See ya~,,
ID00171,00003c4f,24,「あ…にい君…」,Ah... Bro-kun...,,
ID00171,00003f5a,36,「うぅ…今朝も暑いねぇ」,Ugh... It's hot again today.,,
ID00171,00004072,18,「そうだな」,You're right.,,
ID00171,0000425e,27,「それじゃあね…」,"Well then, bye...",,
ID00171,00004609,27,「真奈、おはよう」,"Mina, good morning.",,
ID00171,00004832,24,「あ…にい君…」,Ah... Bro-kun...,,
ID00171,00004ba6,18,「おはよ…」,Morning...,,
ID00171,00004d7f,42,「今日も暑くなりそうだから、,"It's gonna be hot today, so",,
ID00171,00004db8,27,　夏バテにご用心」,Watch out for heatstroke.,,
ID00171,00004e01,18,「お前がな」,It's you.,,
ID00171,00004e91,30,「あはは…またねー」,Heh heh... Not again.,,
ID00171,0000554d,18,「おはよー」,Good morning!,,
ID00171,0000558d,39,「おっ、真奈か。おはよう」,"Oh, Mina. Good morning.",,
ID00171,00005747,63,「朝からにい君の顔を見ると、ほっとするよ」,I feel relieved seeing your face this early.,,
ID00171,00005837,18,「そうか？」,Is that so?,,
ID00171,000059dc,27,「宿舎暮らしだと、,"Living in the dorms,",,
ID00171,00005a06,45,　夜はなかなか会えないからね」,We rarely meet at night.,,
ID00171,00005bf5,27,「それじゃあねー」,That's not it.,,
ID00171,00005c3e,24,「ああ、またな」,Later~,,
ID00171,000061a0,30,「おはよー、にい君」,"Good morning, big bro~",,
ID00171,000061ec,39,「おっ、真奈か。おはよう」,"Oh, Mina. Good morning.",,
ID00171,000062d4,60,「うんうん、朝から会えたし、いい朝だね」,"Good morning, then.",,
ID00171,000064c9,33,「それじゃ、またねー」,"Well then, see ya later.",,
ID00172,00000499,48,「真奈、動画、録ってもいいか？」,"Mina, can I record the video?",,
ID00172,0000065c,45,「あ、いいよー。録ってみてよ」,"Ah, sure! Go ahead and record it.",,
ID00172,00000742,48,「真奈、動画、録ってもいいか？」,"Mina, can I record the video?",,
ID00172,00000905,60,「およ？　周りに人がいるのに大胆だねー」,Whoa? That's bold with people around!,,
ID00172,00000c0f,30,「まぁ、いいけどね」,"Sure, it's fine.",,
ID00172,00000cdd,48,「真奈、動画、録ってもいいか？」,"Mina, can I record the video?",,
ID00172,00000ee3,48,「うん、いいよー。望むとこだよ」,"Yeah, go for it. I wanted you to anyway.",,
ID00172,00000f6f,48,「真奈、動画、録ってもいいか？」,"Mina, can I record the video?",,
ID00172,00001132,48,「あ、うん。いいよー、録っても」,"Oh, yeah. Sure, feel free to record.",,
ID00172,00001390,48,「真奈、動画、録ってもいいか？」,"Mina, can I record the video?",,
ID00172,00001596,60,「うん、いいよー。妹ゆえに録り放題だね」,Sure thing. You're free to record as my sis.,,
ID00172,0000162e,48,「真奈、動画、録ってもいいか？」,"Mina, can I record the video?",,
ID00172,000017f1,45,「あ、うん。もちろんいいよー」,"Oh, yeah. Of course, go ahead.",,
ID00173,000004a9,48,「真奈、動画、録ってもいいか？」,"Mina, can I record the video?",,
ID00173,0000066c,24,「およ？　今？」,Whoa? Now?,,
ID00173,00000817,33,「まぁ、いいけどねー」,"Well, I guess it's fine.",,
ID00173,00000894,48,「真奈、動画、録ってもいいか？」,"Mina, can I record the video?",,
ID00173,00000a57,27,「おおっと、今？」,"Oh, now?",,
ID00173,00000c05,45,「まぁ、つき合ってあげるよー」,"Sure, I'll go with you.",,
ID00173,00000ce2,48,「真奈、動画、録ってもいいか？」,"Mina, can I record the video?",,
ID00173,00000ea5,42,「およ？　録る？　いいよー」,Whoa? Record it? Sure.,,
ID00173,0000109d,48,「真奈、動画、録ってもいいか？」,"Mina, can I record the video?",,
ID00173,00001260,54,「おっと、今？　まぁ、いいけどねー」,"Oops, now? Well, I guess it's fine.",,
ID00173,000014b8,48,「真奈、動画、録ってもいいか？」,"Mina, can I record the video?",,
ID00173,0000167b,42,「ん？　そうだね、いいよー」,"Huh? Yeah, sure.",,
ID00173,00001873,48,「真奈、動画、録ってもいいか？」,"Mina, can I record the video?",,
ID00173,00001ab2,39,「んー、そうだね、いいよ」,"Hmm, yeah, okay.",,
ID00174,00000629,48,「真奈、動画、録ってもいいか？」,"Mina, can I record the video?",,
ID00174,00000868,48,「あー、ちょっと用事があるから」,"Ah, I've got something to do.",,
ID00174,00000aa2,18,「そっか…」,"Oh, I see.",,
ID00174,00000c47,18,「またねー」,Later!,,
ID00174,00000cb6,48,「真奈、動画、録ってもいいか？」,"Mina, can I record the video?",,
ID00174,00000e79,21,「ん？　今？」,Hm? Now?,,
ID00174,00001021,48,「んー、ちょっと用事があるから」,"Hmm, I've got something to do.",,
ID00174,0000107f,18,「そっか…」,"Oh, I see.",,
ID00174,00001224,18,「またねー」,Later!,,
ID00174,000012e7,48,「真奈、動画、録ってもいいか？」,"Mina, can I record the video?",,
ID00174,00001526,54,「あーそれが、ちょっと用事があって」,"Ah, that's because I have something to do.",,
ID00174,00001766,24,「そうなのか…」,I see...,,
ID00174,00001911,30,「じゃあ、またねー」,See you later~,,
ID00174,0000198c,48,「真奈、動画、録ってもいいか？」,"Mina, can I record the video?",,
ID00174,00001bcb,45,「あ…それが、これからちょっと,Ah... That's because I...,,
ID00174,00001c07,33,　用事があるんだよね」,have something to do.,,
ID00174,00001e32,24,「そうなのか…」,I see...,,
ID00174,00001fdd,30,「じゃあ、またねー」,See you later~,,
ID00174,000020ac,48,「真奈、動画、録ってもいいか？」,"Mina, can I record the video?",,
ID00174,0000226f,33,「あー、困ったことに、,"Ah, unfortunately,",,
ID00174,0000229f,36,　これからやることが…」,what I'm gonna do next...,,
ID00174,000022f1,24,「そうなのか？」,Is that so?,,
ID00174,0000249c,33,「ごめんね。またねー」,Sorry. See ya.,,
ID00174,0000251a,48,「真奈、動画、録ってもいいか？」,"Mina, can I record the video?",,
ID00174,000026dd,42,「あ…困ったことに、これから,Ah... What a dilemma.,,
ID00174,00002716,54,　やらなきゃならないことがあって…」,I gotta do soon...,,
ID00174,0000277a,24,「そうなのか…」,I see...,,
ID00174,00002925,33,「ごめんね。またねー」,Sorry. See ya.,,
ID00175,00000609,48,「真奈、動画、録ってもいいか？」,"Mina, can I record the video?",,
ID00175,000007cc,48,「およ？　今？　もう着替えなきゃ,Whoa? Now? I still need to change...,,
ID00175,0000080b,36,　ならないから、無理ー」,"It's impossible, sorry!",,
ID00175,00000998,21,「そ、そっか」,R-Really?,,
ID00175,00000b40,30,「じゃあ、またねー」,See you later~,,
ID00175,00000bbb,48,「真奈、動画、録ってもいいか？」,"Mina, can I record the video?",,
ID00175,00000d7e,51,「おおっと、今？　もう着替えなきゃ,"Uh-oh, now? I still have to change...",,
ID00175,00000dc0,36,　ならないから、無理ー」,"It's impossible, sorry!",,
ID00175,00000f84,21,「そ、そっか」,R-Really?,,
ID00175,0000112c,30,「じゃあ、またねー」,See you later~,,
ID00175,000011fb,48,「真奈、動画、録ってもいいか？」,"Mina, can I record the video?",,
ID00175,000013be,60,「およ？　もう着替えるから無理だってー」,Whoa? I'm changing clothes so it's impossible!,,
ID00175,00001563,21,「そ、そっか」,R-Really?,,
ID00175,0000170b,27,「それじゃあねー」,That's not it.,,
ID00175,00001783,48,「真奈、動画、録ってもいいか？」,"Mina, can I record the video?",,
ID00175,00001946,54,「おおっと、もう着替えるから無理ー」,"Uh-oh, I'm changing clothes so it's impossible!",,
ID00175,00001ae5,21,「そ、そっか」,R-Really?,,
ID00175,00001c8d,33,「それじゃ、またねー」,"Well then, see ya later.",,
ID00175,00001d5f,48,「真奈、動画、録ってもいいか？」,"Mina, can I record the video?",,
ID00175,00001f22,48,「あー、もう着替えるから無理ー」,"Oh, I'm changing clothes so it's impossible!",,
ID00175,00001f80,18,「そっか…」,"Oh, I see.",,
ID00175,00002125,30,「じゃあ、またねー」,See you later~,,
ID00175,000021a0,48,「真奈、動画、録ってもいいか？」,"Mina, can I record the video?",,
ID00175,00002363,51,「むむ…着替える時間を考慮すると、,Mmm... Considering the time needed to change...,,
ID00175,000023a5,24,　もう無理かと」,Might be too late.,,
ID00175,000023eb,21,「そ、そっか」,R-Really?,,
ID00175,00002593,33,「それじゃ、またねー」,"Well then, see ya later.",,
ID00176,000005da,39,「にい君、そろそろ行くね」,"Hey bro, we should head out.",,
ID00176,0000062f,12,「え？」,What?,,
ID00176,000007ce,21,「じゃあねー」,See ya.,,
ID00176,00000bcb,54,（イマイチ話が弾まなかったからな…）,(The conversation didn't quite flow well...),,
ID00176,00000da7,51,「ごめん、にい君、そろそろ行くよ」,"Sorry, I have to go now, okay?",,
ID00176,00000e08,12,「え？」,What?,,
ID00176,00000fa7,24,「それじゃねー」,No way.,,
ID00176,000013a7,54,（イマイチ話が弾まなかったからな…）,(The conversation didn't quite flow well...),,
ID00176,00001583,57,「ごめん、にい君、そろそろ行かなきゃ」,"Sorry, I really need to leave.",,
ID00176,000015ea,12,「え？」,What?,,
ID00176,00001789,33,「それじゃ、またねー」,"Well then, see ya later.",,
ID00176,00001b92,54,（イマイチ話が弾まなかったからな…）,(The conversation didn't quite flow well...),,
ID00177,0000052a,42,「それじゃ、そろそろ行くね」,"Well, I guess I should be going now.",,
ID00177,00000582,18,「そうか？」,Is that so?,,
ID00177,00000727,48,「すごく楽しかったよ。またねー」,That was so much fun. See you later.,,
ID00177,000008fd,45,「にい君、そろそろ行かなきゃ」,"Well, I guess I should be going now too.",,
ID00177,00000958,18,「そうか？」,Is that so?,,
ID00177,00000b40,42,「うん。すごく楽しかったよ。,"Yeah, it really was a lot of fun.",,
ID00177,00000b79,33,　それじゃ、またねー」,See ya later then.,,
ID00177,00000f2e,24,「はぁ…にい君、,"Huh... Bro-kun,",,
ID00177,00000f55,51,　話が盛り上がったとこなんだけど、,We were just getting into the conversation.,,
ID00177,00000f97,27,　もう行かなきゃ」,Guess I have to go now.,,
ID00177,000011bc,21,「そ、そうか」,T-that's right.,,
ID00177,00001364,60,「すごく楽しかったよ。じゃあ、またねー」,It was really fun. See ya later.,,
ID00177,0000179b,42,（バッチリ盛り上がったけど、,"Even though we had a blast,",,
ID00177,000017d4,42,　心のＲＥＣを押して、動画を,Recording it in my head.,,
ID00177,0000180d,57,　録らせてくれってお願いしないとなぁ）,"I guess I should ask if it's okay to record, huh?",,
ID00178,00000616,27,「ん…もう行くよ」,Hm... I'm leaving now.,,
ID00178,0000083b,24,「そ、そうか？」,R-Really?,,
ID00178,000008b8,18,「それじゃ」,See ya.,,
ID00178,00000cb2,51,（イマイチ盛り上がらなかったな…）,"It didn't really get going, did it...",,
ID00178,00000e8b,39,「にい君、そろそろ行くよ」,"Hey, it's time to go.",,
ID00178,00000ee0,18,「そうか？」,Is that so?,,
ID00178,000010c8,24,「うん、またね」,"Yeah, see ya",,
ID00178,000014c8,51,（イマイチ盛り上がらなかったな…）,"It didn't really get going, did it...",,
ID00178,0000171d,48,「おやおや、そろそろ行かなきゃ」,Oh? It looks like it's time to leave.,,
ID00178,0000198e,27,「ん？　そっか？」,Hmm? Really?,,
ID00178,00001b3c,27,「それじゃあねー」,That's not it.,,
ID00178,00001f3f,51,（イマイチ盛り上がらなかったな…）,"It didn't really get going, did it...",,
ID00179,0000052a,42,「それじゃ、そろそろ行くよ」,"Well then, I'm off too.",,
ID00179,00000582,24,「そ、そうか？」,R-Really?,,
ID00179,0000072d,45,「楽しかったよ。それじゃねー」,Had fun. Later then.,,
ID00179,00000900,39,「にい君、そろそろ行くよ」,"Hey, it's time to go.",,
ID00179,00000955,18,「そうか？」,Is that so?,,
ID00179,00000b3d,45,「うん。楽しかったんだけどね。,"Yeah, I had a good time too.",,
ID00179,00000b79,33,　それじゃ、またねー」,See ya later then.,,
ID00179,00001069,51,「むむ…残念ながらもう行かなきゃ」,"Hmm...unfortunately, I have to go now.",,
ID00179,000012dd,24,「ん？　そっか」,Huh? Oh yeah.,,
ID00179,00001488,51,「楽しかったよ。じゃあ、またねー」,Had fun. See ya later.,,
ID00179,000018b6,45,（それなりに盛り上がったけど、,"It was pretty lively, but",,
ID00179,000018f2,36,　動画を録らせてくれって,Can't ask her to film it.,,
ID00179,00001925,45,　お願いするのは、無理だよな）,is there?,,
ID00180,000003b5,54,「悪い、ちょっと用事があるんだった」,"Sorry, I've got something to do.",,
ID00180,0000057e,48,「え……すごく楽しかったのに…」,Huh... It was so much fun...,,
ID00180,00000741,27,「それじゃあね…」,"Well then, bye...",,
ID00180,0000079d,54,「悪い、ちょっと用事があるんだった」,"Sorry, I've got something to do.",,
ID00180,00000966,57,「あぅ…せっかく盛り上がってたのに…」,Aw... We were just getting into it...,,
ID00180,00000c9b,27,「それじゃあね…」,"Well then, bye...",,
ID00180,00000cf7,63,「真奈、悪い、ちょっと用事があるんだった」,"Mina, sorry, I've got something to do.",,
ID00180,00000ec9,30,「あぅ…そうなんだ。,Aw... Really?,,
ID00180,00000ef6,39,　すごく楽しかったのに…」,It was so much fun...,,
ID00180,000012ae,27,「それじゃあね…」,"Well then, bye...",,
ID00181,00000395,54,「悪い、ちょっと用事があるんだった」,"Sorry, I've got something to do.",,
ID00181,0000055e,54,「あ、そうなんだ。じゃあ、またねー」,"Oh, I see. See you later.",,
ID00181,00000747,54,「悪い、ちょっと用事があるんだった」,"Sorry, I've got something to do.",,
ID00181,00000910,33,「あれ？　そうなんだ」,Huh? Really?,,
ID00181,00000ac4,30,「じゃあ、またねー」,See you later~,,
ID00181,00000b23,63,「真奈、悪い、ちょっと用事があるんだった」,"Mina, sorry, I've got something to do.",,
ID00181,00000cf5,42,「あれ？　そうなんだ、残念」,Huh? Really? Bummer.,,
ID00181,0000110a,30,「じゃあ、またねー」,See you later~,,
ID00182,000003b5,54,「悪い、ちょっと用事があるんだった」,"Sorry, I've got something to do.",,
ID00182,0000057e,57,「え？　そうなんだ。楽しかったのに…」,Huh? Really? It was so much fun...,,
ID00182,000009d9,27,「それじゃあねー」,That's not it.,,
ID00182,00000a35,54,「悪い、ちょっと用事があるんだった」,"Sorry, I've got something to do.",,
ID00182,00000bfe,39,「あれあれ？　そうなんだ。,Huh huh? Really?,,
ID00182,00000c34,30,　楽しかったのに…」,It was so much fun though...,,
ID00182,000011af,27,「それじゃあね…」,"Well then, bye...",,
ID00182,0000120b,63,「真奈、悪い、ちょっと用事があるんだった」,"Mina, sorry, I've got something to do.",,
ID00182,000013dd,36,「あれれ？　そうなんだ。,Huh huh? Really?,,
ID00182,00001410,42,　せっかく楽しかったのに…」,It was so much fun...,,
ID00182,0000185c,27,「それじゃあね…」,"Well then, bye...",,
ID00183,00000578,57,「あうぅ……恥ずかしいことばっかり…」,Auuu... So embarrassing...,,
ID00183,000007e5,21,「ではではー」,Well then--,,
ID00183,000008ca,48,「はうぅ……恥ずかしすぎるぅ…」,Hauu... Too embarrassing...,,
ID00183,00000ba3,30,「妹をからかいすぎ」,Stop teasin' your sis.,,
ID00183,00000c91,54,「はうぅぅ……恥ずかしさ限界突破…」,Hauuu... Embarrassment level maxed out...,,
ID00183,00000f70,30,「にい君のエッチ！」,Big bro's pervert!,,
ID00183,0000136f,51,（う～ん…ちょっと恥ずかしい話や、,"(Hmm... A bit of an embarrassing story,",,
ID00183,000013b1,33,　行動をしすぎたか…）,Did I go too far?,,
ID00184,00001f58,51,「うあー、すごく綺麗な動画だねー」,"Wow, it's such a beautiful video.",,
ID00184,000021bf,36,「この夏始めたばかりで、,You've just started this summer.,,
ID00184,000021f2,39,　もうここまで録れるとは。,and you're already at this level.,,
ID00184,00002228,48,　底知れない才能の片鱗を見たよ」,I can see the tip of your untapped talent.,,
ID00184,00002441,51,「うんうん、なかなかいい動画だね」,"Yeah yeah, it's pretty good.",,
ID00184,00002607,63,「この調子で、たくさん録るといいと思われ」,Keep going like that and make lots more videos.,,
ID00184,000028d8,27,「それじゃあねー」,That's not it.,,
ID00184,00002a9a,60,「ん～、可もなく不可もなくって感じかと」,"Hmm, I guess it's okay but not great.",,
ID00184,00002c69,45,「まだまだ工夫の余地ありだね」,There's still plenty of room for improvement.,,
ID00184,00002e3c,42,「むむ……もう一つと思われ」,Hmm... I guess there's one more.,,
ID00184,00002ff9,45,「もっともっと工夫が必要だね」,You really need to put in even more effort.,,
ID00184,000032b8,27,「それじゃあねー」,That's not it.,,
ID00184,00003539,57,「ほうほう、すごく目を引く動画だねー」,"Wow, that video really caught my eye.",,
ID00184,000037a6,30,「才能が光ってるよ」,Your talent's shining.,,
ID00184,000039ad,54,「うんうん、これはなかなかいい動画」,"Yeah, this is a pretty good video.",,
ID00184,00003b76,54,「この調子でがんばるといいと思われ」,Keep it up like this and you'll do great.,,
ID00184,00003dce,57,「う～ん……いいとも、悪いとも言えない,"Hmm... I can't really say it's good or bad,",,
ID00184,00003e16,18,　動画かと」,it's just a video.,,
ID00184,00004197,54,「もっと、にい君らしさが欲しいねー」,I wish you had more of your usual charm.,,
ID00184,0000445f,27,「それじゃあねー」,That's not it.,,
ID00184,00004621,42,「むむ…いまいちな感じかと」,"Hmm... It's not great, I guess.",,
ID00184,0000485a,45,「にい君なら、もっといい動画が,"If it were you, Bro-kun, a better video",,
ID00184,00004896,39,　録れるんじゃないかなー」,"could have been recorded, couldn't it?",,
ID00184,00004d18,27,「それじゃあねー」,That's not it.,,
ID00184,00004e04,45,「あうぅ…綺麗に録れてるけど、,"Auuu... It looks nice, but...",,
ID00184,00004e40,36,　恥ずかしさもすごいね」,It's really embarrassing too.,,
ID00184,000051f9,42,「ではでは、そんな感じで～」,"Well then, let's leave it at that~",,
ID00184,00005458,36,「うぐ…いい動画だけど、,"Ugh... It's a good video, but",,
ID00184,0000548b,39,　ちょっと恥ずかしいかと」,A bit embarrassing though.,,
ID00184,000057f8,39,「じゃあ、そんな感じで～」,"Well then, let's leave it at that~",,
ID00184,000059fe,48,「む……まぁまぁいい感じだけど、,"Mm... It's pretty good, but...",,
ID00184,00005a3d,42,　恥ずかしいのはちょっと…」,It's a little embarrassing...,,
ID00184,00005f4b,27,「それじゃあね～」,See ya~,,
ID00184,0000611f,39,「むむ……もう一つな上に…,Hmm... And there's one more thing...,,
ID00184,00006155,45,　どことなく恥ずかしいかと…」,I guess it's kind of embarrassing...,,
ID00184,0000642e,27,「それじゃあね…」,"Well then, bye...",,
ID00184,0000651a,51,「あうぅ……恥ずかしさ…限界突破」,Ahh... The embarrassment is reaching its limit...,,
ID00184,000067f6,36,「これは、妹に見せていい,This I can show my sister.,,
ID00184,00006829,36,　動画じゃないと思われ」,"It's not like it's a video, right?",,
ID00184,000069b7,24,「ま、またね～」,See you later~,,
ID00184,00006ac5,48,「うぅ……こんな恥ずかしい動画、,Ugh... Such an embarrassing video...,,
ID00184,00006b04,27,　見せられても…」,I can't even watch it...,,
ID00184,00006ee1,24,「ま、またね～」,See you later~,,
ID00184,000070b1,39,「む……恥ずかしい動画を、,"Mm... An embarrassing video like this,",,
ID00184,000070e7,45,　さりげなく妹に見せるあたり、,Trying to casually show my sister,,
ID00184,00007123,45,　にい君は私を教育しようと？」,"Are you trying to teach me something, bro?",,
ID00184,0000717e,36,「そ、そうじゃねーって」,N-No way!,,
ID00184,00007216,18,「どうだか」,Whatever.,,
ID00184,000073d9,21,「じゃあね～」,See ya~,,
ID00184,000075a6,60,「むむ…そこはかとなく感じる恥ずかしさ」,Hmm... I can feel a bit of embarrassment.,,
ID00184,00007775,30,「妹に見せる動画は、,"Videos to show your sister,",,
ID00184,000077a2,39,　選んだ方がよいと思われ」,should be carefully chosen.,,
ID00184,00007a48,27,「それじゃあね～」,See ya~,,
ID00184,00007e44,45,（ちょっと刺激が強すぎたか…）,Maybe that was too intense...,,
ID00184,00007eb3,42,「“プリベアダック”の動画を,"""Private Duck"" video...",,
ID00184,00007eec,30,　録ったんだけど…」,I recorded it...,,
ID00184,00008339,39,「あ、かわいい動画だねー」,"Aww, what a cute video.",,
ID00184,00008680,63,「また見つけたら見せてよ。それじゃあねー」,Show me if you find another one. See ya~,,
ID00184,00008a33,57,「ふむふむ、ちょいレアな感じでいいね」,"Hmm, pretty rare. Nice.",,
ID00184,00008d32,63,「また見つけたら見せてよ。それじゃあねー」,Show me if you find another one. See ya~,,
ID00184,00009106,27,「おや？　これは、,Oh? This one is...,,
ID00184,00009130,54,　なかなか見つけづらい感じでいいね」,"Quite hard to find, huh?",,
ID00184,000095c1,60,「さすがにい君、また見つけたら見せてよ。,Show me next one.,,
ID00184,0000960c,27,　それじゃあねー」,"Well then, bye.",,
ID00184,00009985,60,「ほほう、こんな高難度のを見つけるとは。,"Wow, found something this difficult, huh?",,
ID00184,000099d0,39,　さすがにい君、やるねー」,"You're amazing, @str_000.",,
ID00184,00009e52,54,「また見つけたら見せてよ。またねー」,Show me the next time you find one. Later~,,
ID00184,0000a07e,57,「う～ん……捉えどころのない動画だね。,Hmm... It's a video that's hard to grasp.,,
ID00184,0000a0c6,36,　妹の私でも困惑するよ」,Even I'm confused.,,
ID00184,0000a4eb,27,「それじゃあねー」,That's not it.,,
ID00184,0000a548,45,「悪い、やっぱ動画を見せるのは,"Sorry, I guess showing you that video",,
ID00184,0000a584,24,　今度にするよ」,We'll do it next time.,,
ID00184,0000a72f,45,「ん？　そうなの？　なんで？」,Huh? Really? Why?,,
ID00184,0000a78a,48,「もっといいのが録れてからだな」,I'll show you after I get a better one.,,
ID00184,0000a990,60,「そっか、向上心を持つのはいいことだね」,That's good. Having ambition is great.,,
ID00184,0000ab5f,33,「それじゃ、またねー」,"Well then, see ya later.",,
ID00185,000030b4,51,（ん？　あそこにいるのは、真奈か）,(Hm? Is that really Mana over there?),,
ID00185,00003116,16, 声をかける, Talk to her,,
ID00185,00003141,19, 声をかけない, Don't talk,,
ID00185,0000316f,19, 動画を見せる, Show the video,,
ID00185,000031c4,39,「真奈、ちょっといいか？」,"Hey, Mana, got a sec?",,
ID00185,00003419,54,「あ、なんだか会うの久しぶりだねー」,"Oh, it's been ages since we last met.",,
ID00185,00003608,33,「ん？　そう…かもな」,Hmm... maybe.,,
ID00185,00003831,21,「あ、にい君」,"""Hey, bro.""",,
ID00185,00003b92,45,「暇なら、なにか話さないか？」,"If you're free, wanna chat for a bit?",,
ID00185,00003de9,27,「うん、いいよー」,"Sure, sounds good.",,
ID00185,00003fc5,51,「それが、ちょっと暇じゃなくてね」,But I'm actually kinda busy right now.,,
ID00185,00004026,15,「そっか」,Oh yeah,,
ID00185,000041c8,27,「それじゃあねー」,That's not it.,,
ID00185,0000424e,54,（真奈と話すのは、また今度でいいな）,I can talk to Mana another time.,,
ID00185,00004314,39,「真奈、ちょっといいか？」,"Hey, Mana, got a sec?",,
ID00185,00004515,33,「あ、にい君、なに？」,"Oh, @str_000, what's up?",,
ID00185,00004861,42,「俺の動画、見てみないか？」,Check out my vid?,,
ID00185,000049e7,39,「あ、いいねー。見せてよ」,"Oh, that looks cool. Show me!",,
ID00185,00004bc2,45,（あ…あそこにいるのは、真奈）,Oh... That's Mana over there.,,
ID00185,00004c1e,16, 声をかける, Talk to her,,
ID00185,00004c49,19, 声をかけない, Don't talk,,
ID00185,00004c77,19, 動画を見せる, Show the video,,
ID00185,00004ccc,39,「真奈、ちょっといいか？」,"Hey, Mana, got a sec?",,
ID00185,00004f21,54,「あ、なんだか会うの久しぶりだねー」,"Oh, it's been ages since we last met.",,
ID00185,00005110,33,「ん？　そう…かもな」,Hmm... maybe.,,
ID00185,00005339,42,「あ、にい君、どうしたの？」,"Hey @str_000, what's going on?",,
ID00185,000056af,48,「暇なら、ちょっと話さないか？」,Wanna chat if you're free?,,
ID00185,000058c6,39,「今？　…ん、まぁいいよ」,"Right now? ...Yeah, sure.",,
ID00185,00005c20,60,「あ、もう着替えなきゃならないから無理」,"Oh, I have to change clothes so it's impossible.",,
ID00185,00005c8a,15,「そっか」,Oh yeah,,
ID00185,00005e2c,27,「それじゃあねー」,That's not it.,,
ID00185,00005ea1,54,（真奈と話すのは、また今度でいいな）,I can talk to Mana another time.,,
ID00185,00005f67,39,「真奈、ちょっといいか？」,"Hey, Mana, got a sec?",,
ID00185,00006131,42,「あ、にい君。どうかした？」,Hey @str_000. What's up?,,
ID00185,00006314,42,「俺の動画、見てみないか？」,Check out my vid?,,
ID00185,000064d1,51,「今？　ん～、そうだね、見せてよ」,"Right now? Hmm, yeah, show me.",,
ID00186,000030b4,48,（ん？　あそこにいるのは真奈…）,Hm? Is that Mana...?,,
ID00186,00003113,16, 声をかける, Talk to her,,
ID00186,0000313e,19, 声をかけない, Don't talk,,
ID00186,0000316c,19, 動画を見せる, Show the video,,
ID00186,000031c1,39,「真奈、ちょっといいか？」,"Hey, Mana, got a sec?",,
ID00186,0000343c,51,「おやおや、久しぶりだね、にい君」,"Oh, oh, it's been a while, Bro-kun.",,
ID00186,0000360f,27,「ん？　そうか？」,Hmm? Really?,,
ID00186,000036d6,33,「あ、にい君、なに？」,"Oh, @str_000, what's up?",,
ID00186,000038fc,33,「暇なら話さないか？」,Wanna chat if you're free?,,
ID00186,00003b47,39,「うん、いいよー。話そー」,"Yeah, sure. Let's talk.",,
ID00186,00003dab,54,「あー、今はちょっとやることあって」,"Ah, I've got something to do right now...",,
ID00186,00003feb,15,「そっか」,Oh yeah,,
ID00186,0000418d,27,「それじゃあねー」,That's not it.,,
ID00186,00004202,54,（真奈と話すのは、また今度でいいな）,I can talk to Mana another time.,,
ID00186,000042c8,39,「真奈、ちょっといいか？」,"Hey, Mana, got a sec?",,
ID00186,000044c9,42,「あ、にい君、どうかした？」,"Hey, Bro-kun, is there something wrong?",,
ID00186,000046ac,36,「俺の動画、見てくれよ」,Check out my video.,,
ID00186,000048a6,39,「うん、いいよ。見せてー」,"Sure, I will~",,
ID00186,0000490f,48,（おっ、あそこにいるのは真奈…）,Oh? Isn't that Mana over there...,,
ID00186,0000496e,16, 声をかける, Talk to her,,
ID00186,00004999,19, 声をかけない, Don't talk,,
ID00186,000049c7,19, 動画を見せる, Show the video,,
ID00186,00004a1c,39,「真奈、ちょっといいか？」,"Hey, Mana, got a sec?",,
ID00186,00004c71,48,「あ…なんだか久しぶりに会うね」,Ah... Long time no see.,,
ID00186,00004e5a,24,「そ、そうか？」,R-Really?,,
ID00186,0000507a,42,「あ、にい君、どうかした？」,"Hey, Bro-kun, is there something wrong?",,
ID00186,000053f0,48,「暇なら、ちょっと話さないか？」,Wanna chat if you're free?,,
ID00186,00005683,36,「んー、まぁいいけどね」,"Hmm, well, okay then.",,
ID00186,00005a7b,60,「無理だよ、もう着替えなきゃならないし」,"No way, I have to change clothes already.",,
ID00186,00005b1c,21,「そ、そっか」,R-Really?,,
ID00186,00005cc4,30,「じゃあ、またねー」,See you later~,,
ID00186,00005d3c,54,（真奈と話すのは、また今度でいいな）,I can talk to Mana another time.,,
ID00186,00005e02,39,「真奈、ちょっといいか？」,"Hey, Mana, got a sec?",,
ID00186,00005fcc,42,「あ、にい君。どうかした？」,Hey @str_000. What's up?,,
ID00186,000061af,48,「俺の動画、ちょっと見てくれよ」,Check out my video for a bit.,,
ID00186,000063ee,42,「んー、そうだね。見せてよ」,"Hmm, sure. Show me.",,
ID00187,00003154,48,（おっ、あそこにいるのは真奈…）,Oh? Isn't that Mana over there...,,
ID00187,000031b3,16, 声をかける, Talk to her,,
ID00187,000031de,19, 声をかけない, Don't talk,,
ID00187,0000320c,19, 動画を見せる, Show the video,,
ID00187,00003261,30,「なにやってんだ？」,What are you up to?,,
ID00187,000034d3,24,「あ、にい君…」,"Hey, Bro-kun...",,
ID00187,000036fa,42,「妹を何日も放っておくのは、,I thought it was bad to ignore,,
ID00187,00003733,27,　ダメだと思われ」,...for days.,,
ID00187,000038fe,12,「え？」,What?,,
ID00187,00003b3e,39,「ここんとこ会ってないよ」,We haven't seen each other in a while.,,
ID00187,00003b93,39,「そ、そっか、悪かったな」,"Oh right, sorry about that.",,
ID00187,00003c66,24,「あ、にい君ー」,"Hey, Bro-kun!",,
ID00187,00003fce,36,「時間あるなら話そうよ」,"If you've got time, let's talk.",,
ID00187,00004020,27,「ああ、そうだな」,Sure thing.,,
ID00187,000041fc,33,「暇なら話さないか？」,Wanna chat if you're free?,,
ID00187,0000442c,24,「あー、それが、,"Um, well...",,
ID00187,00004453,54,　やんなきゃならないことがあって…」,I've got something I have to do...,,
ID00187,000049f6,51,「また、時間がある時に声かけてよ」,Call me again when you've got time.,,
ID00187,00004a57,18,「そっか…」,"Oh, I see.",,
ID00187,00004bfc,27,「それじゃあねー」,That's not it.,,
ID00187,00004c71,57,（真奈と話すのは、また今度でいいな…）,I guess I can talk to Mana another time...,,
ID00187,00004d24,39,「真奈、ちょっといいか？」,"Hey, Mana, got a sec?",,
ID00187,00004f04,33,「あ、にい君、なに？」,"Oh, @str_000, what's up?",,
ID00187,000050de,51,「俺の動画の感想、聞かせてくれよ」,Tell me what you thought of my video.,,
ID00187,000052a4,42,「あ、いいよ。見せてみてー」,"Sure, show me.",,
ID00187,00005393,48,（おっ、あそこにいるのは真奈…）,Oh? Isn't that Mana over there...,,
ID00187,000053f2,16, 声をかける, Talk to her,,
ID00187,0000541d,19, 声をかけない, Don't talk,,
ID00187,0000544b,19, 動画を見せる, Show the video,,
ID00187,000054a0,45,「真奈、ちょっと話さないか？」,"Mana, wanna chat for a bit?",,
ID00187,00005721,21,「あ…にい君」,Ah... big bro,,
ID00187,00005945,57,「このところ、ほったらかしにされてたと,"You've been ignoring me lately,",,
ID00187,0000598d,15,　思われ」,I guess,,
ID00187,00005b3f,12,「え？」,What?,,
ID00187,00005d38,36,「しばらく会ってないよ」,I haven't seen you in a while.,,
ID00187,00005d8a,39,「そ、そっか、悪かったな。,R-Really? Sorry about that.,,
ID00187,00005dc0,33,　暇なら話さないか？」,Wanna chat if you're free?,,
ID00187,00005e8d,21,「あ、にい君」,"""Hey, bro.""",,
ID00187,00006235,33,「いいよー、話そっか」,"Sure, let's talk then!",,
ID00187,00006417,57,「あー、もう着替えなきゃならないから」,"Oh, I gotta change soon.",,
ID00187,0000647e,15,「そっか」,Oh yeah,,
ID00187,00006620,30,「じゃあ、またねー」,See you later~,,
ID00187,00006698,57,（真奈と話すのは、また今度でいいな…）,I guess I can talk to Mana another time...,,
ID00187,00006761,39,「真奈、ちょっといいか？」,"Hey, Mana, got a sec?",,
ID00187,00006988,33,「あ、にい君。なに？」,"Oh, big bro. What is it?",,
ID00187,000069d7,51,「俺の動画の感想、聞かせてくれよ」,Tell me what you thought of my video.,,
ID00187,00006b9d,42,「あ、いいねー。見せてみて」,"Oh, cool! Show me.",,
ID00188,000032ce,45,「あ、にい君、久しぶりだねー」,"Hey, @str_000, it's been a while!",,
ID00188,000034b4,27,「ん？　そうか？」,Hmm? Really?,,
ID00188,000036a5,51,「うん、しばらく会ってなかったよ」,"Yeah, we haven't seen each other in a while.",,
ID00188,000038e0,51,「あ、にい君、なにやってんのー？」,"Oh, @str_000, what are you doing?",,
ID00188,00003acc,18,「あ、真奈」,"Ah, Mana.",,
ID00188,00003c9f,39,「暇なら、なにか話そうよ」,"If you're free, let's chat for a bit.",,
ID00188,00003cf5,10, いいぞ, Sure,,
ID00188,00003d1a,28, 今はダメなんだって, Not right now,,
ID00188,00003d51,19, 動画を見せる, Show the video,,
ID00188,00003d90,15,「いいぞ」,Sure thing.,,
ID00188,00003f75,45,「うんうん、なに話そっかー？」,"Mm-hmm, what should we talk about?",,
ID00188,00003fe3,33,「今はダメなんだって」,I can't right now though,,
ID00188,00004082,45,「あははー、あっさり断られた」,"Haha, you rejected me so easily.",,
ID00188,00004268,27,「それじゃあねー」,That's not it.,,
ID00188,000042c2,24,「話もいいけど、,"It's fun to talk,",,
ID00188,000042e9,45,　俺の動画を見るのはどうだ？」,but how about watching my video?,,
ID00188,000044a9,39,「あ、いいねー。見せてよ」,"Oh, that looks cool. Show me!",,
ID00189,00003317,30,「あ、にい君みっけ」,"Hey, there you are.",,
ID00189,000034ee,18,「あ、真奈」,"Ah, Mana.",,
ID00189,00003693,36,「最近、見かけないねー」,I haven't seen you around lately.,,
ID00189,000036e5,24,「そ、そうか？」,R-Really?,,
ID00189,000038d3,48,「うん、しばらく会ってなかった」,"Yeah, we haven't talked in a while.",,
ID00189,00003a96,42,「暇なら、なにか話そうよ？」,"If you're free, let's chat?",,
ID00189,00003c91,24,「あ、にい君だ」,"Oh, it's you.",,
ID00189,00003ebc,18,「あ、真奈」,"Ah, Mana.",,
ID00189,00004061,36,「暇なら、なにか話そー」,"If you're free, wanna talk?",,
ID00189,000040e2,22, おう、そうだな," Yeah, that's right",,
ID00189,00004113,28, 今はダメなんだって, Not right now,,
ID00189,0000414a,19, 動画を見せる, Show the video,,
ID00189,00004189,27,「おう、そうだな」,"Right, I forgot.",,
ID00189,00004337,48,「じゃあ、盛り上がる話限定でー」,"Alright, let's stick to the fun stuff then.",,
ID00189,000043a8,33,「今はダメなんだって」,I can't right now though,,
ID00189,0000455c,42,「むむ…断るとは想定外な…」,Hmm... Didn't expect that.,,
ID00189,00004719,36,「にい君も案外忙しいね」,"You're pretty busy, huh?",,
ID00189,0000476b,24,「案外は余計だ」,The 'actually' is extra.,,
ID00189,00004801,42,「あははー、それじゃあねー」,"Haha, not really.",,
ID00189,000048b6,24,「ああ、またな」,Later~,,
ID00189,0000490d,24,「話もいいけど、,"It's fun to talk,",,
ID00189,00004934,39,　俺の動画を見てくれよ？」,Check out my video?,,
ID00189,00004aee,42,「あ、いいねー。見る見るー」,"Ah, sure thing! I'll watch it.",,
ID00190,000032e7,45,「あ、妹をほったらかしにしてる,"Hey, I've been ignoring my little sister.",,
ID00190,00003323,18,　にい君だ」,"It's you, big bro.",,
ID00190,0000352f,18,「あ、真奈」,"Ah, Mana.",,
ID00190,000036d4,42,「このところ会ってないよ？」,We haven't seen each other in a while?,,
ID00190,0000372c,33,「そ、そうだったか？」,R-Really?,,
ID00190,000038e0,57,「お詫びは盛り上がるトークってことで」,Let's make up for it with some lively talk.,,
ID00190,00003aea,24,「あ、目標捕捉」,"Ah, target acquired.",,
ID00190,00003e61,12,「ん？」,Hm?,,
ID00190,00004000,36,「今なら、暇してる妹が、,"Right now, my sis is free.",,
ID00190,00004033,60,　にい君のトークにつき合ってあげるよ？」,join in on your conversation?,,
ID00190,000040cc,22, じゃあ、話すか, Let's talk then,,
ID00190,000040fd,28, 今はダメなんだって, Not right now,,
ID00190,00004134,19, 動画を見せる, Show the video,,
ID00190,00004173,27,「じゃあ、話すか」,"Alright then, let's talk.",,
ID00190,0000424f,51,「うんうん、そうこなくっちゃねー」,"Yeah yeah, that's the way to do it.",,
ID00190,00004320,33,「今はダメなんだって」,I can't right now though,,
ID00190,000044d4,36,「う…あっさり断られた」,Ugh...she just turned me down.,,
ID00190,0000468b,45,「ブラブラしてるように見えて、,"Looks like you're just hanging out, but",,
ID00190,000046c7,27,　忙しいんだねー」,you're really busy huh?,,
ID00190,00004710,21,「ま、まぁな」,Well... yeah.,,
ID00190,00004ada,27,「…それじゃあね」,...See ya then.,,
ID00190,00004b34,24,「話もいいけど、,"It's fun to talk,",,
ID00190,00004b5b,45,　俺の動画を見るのはどうだ？」,but how about watching my video?,,
ID00190,00004d1b,42,「あ、いいねー。見せてよー」,"Oh, that's cool. Show me!",,
ID00191,00001243,18,「あ、真奈」,"Ah, Mana.",,
ID00191,00001448,42,「あ…にい君…、おふぁよ～」,A... Bro-kun... Good morning~,,
ID00191,000015e2,18,「またね～」,See ya~,,
ID00191,00001988,36,（昨日、夜更かししたな）,You did.,,
ID00191,00001eb4,21,「あ、にい君」,"""Hey, bro.""",,
ID00191,0000219e,18,「おはよー」,Good morning!,,
ID00191,00002221,57,「おはよう。朝から元気そうじゃないか。,Morning. You seem pretty energetic.,,
ID00191,00002269,36,　昨日、早く寝たのか？」,Did you go to bed early yesterday?,,
ID00191,0000247a,36,「ううん、そうでもない。,"Nah, not really.",,
ID00191,000024ad,54,　けど、目覚めがいい朝ってあるよね」,But some mornings are.,,
ID00191,000027e8,27,「それじゃあねー」,That's not it.,,
ID00191,00002bc4,18,「あ、真奈」,"Ah, Mana.",,
ID00191,00002dc9,24,「あ…にい君…」,Ah... Bro-kun...,,
ID00191,000030f4,33,「ふあ～っ、おあよ～」,Phew~ Good morning~,,
ID00191,000033e0,54,「眠そうだなぁ。夜更かししすぎだぞ」,You look so sleepy. You stayed up too late.,,
ID00191,000035dd,42,「授業までには目が覚めるよ」,I'll wake up before class starts.,,
ID00191,00003685,27,「それじゃあね～」,See ya~,,
ID00191,00003c4f,24,「あ…にい君…」,Ah... Bro-kun...,,
ID00191,00003f5a,36,「うぅ…今朝も暑いねぇ」,Ugh... It's hot again today.,,
ID00191,00004072,18,「そうだな」,You're right.,,
ID00191,0000425e,27,「それじゃあね…」,"Well then, bye...",,
ID00191,00004609,27,「真奈、おはよう」,"Mina, good morning.",,
ID00191,00004832,24,「あ…にい君…」,Ah... Bro-kun...,,
ID00191,00004ba6,18,「おはよ…」,Morning...,,
ID00191,00004d7f,42,「今日も暑くなりそうだから、,"It's gonna be hot today, so",,
ID00191,00004db8,27,　夏バテにご用心」,Watch out for heatstroke.,,
ID00191,00004e01,18,「お前がな」,It's you.,,
ID00191,00004e91,30,「あはは…またねー」,Heh heh... Not again.,,
ID00191,0000554d,18,「おはよー」,Good morning!,,
ID00191,0000558d,39,「おっ、真奈か。おはよう」,"Oh, Mina. Good morning.",,
ID00191,00005747,63,「朝からにい君の顔を見ると、ほっとするよ」,I feel relieved seeing your face this early.,,
ID00191,00005837,18,「そうか？」,Is that so?,,
ID00191,000059dc,27,「宿舎暮らしだと、,"Living in the dorms,",,
ID00191,00005a06,45,　夜はなかなか会えないからね」,We rarely meet at night.,,
ID00191,00005bf5,27,「それじゃあねー」,That's not it.,,
ID00191,00005c3e,24,「ああ、またな」,Later~,,
ID00191,000061a0,30,「おはよー、にい君」,"Good morning, big bro~",,
ID00191,000061ec,39,「おっ、真奈か。おはよう」,"Oh, Mina. Good morning.",,
ID00191,000062d4,60,「うんうん、朝から会えたし、いい朝だね」,"Good morning, we met early.",,
ID00191,000064c9,33,「それじゃ、またねー」,"Well then, see ya later.",,
ID00192,00000499,48,「真奈、動画、録ってもいいか？」,"Mina, can I record the video?",,
ID00192,0000065c,45,「あ、いいよー。録ってみてよ」,"Ah, sure! Go ahead and record it.",,
ID00192,00000742,48,「真奈、動画、録ってもいいか？」,"Mina, can I record the video?",,
ID00192,00000905,60,「およ？　周りに人がいるのに大胆だねー」,Whoa? That's bold with people around!,,
ID00192,00000c0f,30,「まぁ、いいけどね」,"Sure, it's fine.",,
ID00192,00000cdd,48,「真奈、動画、録ってもいいか？」,"Mina, can I record the video?",,
ID00192,00000ee3,48,「うん、いいよー。望むとこだよ」,"Yeah, go for it. I wanted you to anyway.",,
ID00192,00000f6f,48,「真奈、動画、録ってもいいか？」,"Mina, can I record the video?",,
ID00192,00001132,48,「あ、うん。いいよー、録っても」,"Oh, yeah. Sure, feel free to record.",,
ID00192,00001390,48,「真奈、動画、録ってもいいか？」,"Mina, can I record the video?",,
ID00192,00001596,60,「うん、いいよー。妹ゆえに録り放題だね」,Sure thing. You're free to record.,,
ID00192,0000162e,48,「真奈、動画、録ってもいいか？」,"Mina, can I record the video?",,
ID00192,000017f1,45,「あ、うん。もちろんいいよー」,"Oh, yeah. Of course, go ahead.",,
ID00193,000004a9,48,「真奈、動画、録ってもいいか？」,"Mina, can I record the video?",,
ID00193,0000066c,24,「およ？　今？」,Whoa? Now?,,
ID00193,00000817,33,「まぁ、いいけどねー」,"Well, I guess it's fine.",,
ID00193,00000894,48,「真奈、動画、録ってもいいか？」,"Mina, can I record the video?",,
ID00193,00000a57,27,「おおっと、今？」,"Oh, now?",,
ID00193,00000c05,45,「まぁ、つき合ってあげるよー」,"Sure, I'll go with you.",,
ID00193,00000ce2,48,「真奈、動画、録ってもいいか？」,"Mina, can I record the video?",,
ID00193,00000ea5,42,「およ？　録る？　いいよー」,Whoa? Record it? Sure.,,
ID00193,0000109d,48,「真奈、動画、録ってもいいか？」,"Mina, can I record the video?",,
ID00193,00001260,54,「おっと、今？　まぁ、いいけどねー」,"Oops, now? Well, I guess it's fine.",,
ID00193,000014b8,48,「真奈、動画、録ってもいいか？」,"Mina, can I record the video?",,
ID00193,0000167b,42,「ん？　そうだね、いいよー」,"Huh? Yeah, sure.",,
ID00193,00001873,48,「真奈、動画、録ってもいいか？」,"Mina, can I record the video?",,
ID00193,00001ab2,39,「んー、そうだね、いいよ」,"Hmm, yeah, okay.",,
ID00194,00000629,48,「真奈、動画、録ってもいいか？」,"Mina, can I record the video?",,
ID00194,00000868,48,「あー、ちょっと用事があるから」,"Ah, I've got something to do.",,
ID00194,00000aa2,18,「そっか…」,"Oh, I see.",,
ID00194,00000c47,18,「またねー」,Later!,,
ID00194,00000cb6,48,「真奈、動画、録ってもいいか？」,"Mina, can I record the video?",,
ID00194,00000e79,21,「ん？　今？」,Hm? Now?,,
ID00194,00001021,48,「んー、ちょっと用事があるから」,"Hmm, I've got something to do.",,
ID00194,0000107f,18,「そっか…」,"Oh, I see.",,
ID00194,00001224,18,「またねー」,Later!,,
ID00194,000012e7,48,「真奈、動画、録ってもいいか？」,"Mina, can I record the video?",,
ID00194,00001526,54,「あーそれが、ちょっと用事があって」,"Ah, that's because I have something to do.",,
ID00194,00001766,24,「そうなのか…」,I see...,,
ID00194,00001911,30,「じゃあ、またねー」,See you later~,,
ID00194,0000198c,48,「真奈、動画、録ってもいいか？」,"Mina, can I record the video?",,
ID00194,00001bcb,45,「あ…それが、これからちょっと,Ah... That's because I...,,
ID00194,00001c07,33,　用事があるんだよね」,have something to do.,,
ID00194,00001e32,24,「そうなのか…」,I see...,,
ID00194,00001fdd,30,「じゃあ、またねー」,See you later~,,
ID00194,000020ac,48,「真奈、動画、録ってもいいか？」,"Mina, can I record the video?",,
ID00194,0000226f,33,「あー、困ったことに、,"Ah, unfortunately,",,
ID00194,0000229f,36,　これからやることが…」,what I'm gonna do next...,,
ID00194,000022f1,24,「そうなのか？」,Is that so?,,
ID00194,0000249c,33,「ごめんね。またねー」,Sorry. See ya.,,
ID00194,0000251a,48,「真奈、動画、録ってもいいか？」,"Mina, can I record the video?",,
ID00194,000026dd,42,「あ…困ったことに、これから,Ah... What a dilemma.,,
ID00194,00002716,54,　やらなきゃならないことがあって…」,I gotta do soon...,,
ID00194,0000277a,24,「そうなのか…」,I see...,,
ID00194,00002925,33,「ごめんね。またねー」,Sorry. See ya.,,
ID00195,00000609,48,「真奈、動画、録ってもいいか？」,"Mina, can I record the video?",,
ID00195,000007cc,48,「およ？　今？　もう着替えなきゃ,Whoa? Now? I still need to change...,,
ID00195,0000080b,36,　ならないから、無理ー」,"It's impossible, sorry!",,
ID00195,00000998,21,「そ、そっか」,R-Really?,,
ID00195,00000b40,30,「じゃあ、またねー」,See you later~,,
ID00195,00000bbb,48,「真奈、動画、録ってもいいか？」,"Mina, can I record the video?",,
ID00195,00000d7e,51,「おおっと、今？　もう着替えなきゃ,"Uh-oh, now? I still have to change...",,
ID00195,00000dc0,36,　ならないから、無理ー」,"It's impossible, sorry!",,
ID00195,00000f84,21,「そ、そっか」,R-Really?,,
ID00195,0000112c,30,「じゃあ、またねー」,See you later~,,
ID00195,000011fb,48,「真奈、動画、録ってもいいか？」,"Mina, can I record the video?",,
ID00195,000013be,60,「およ？　もう着替えるから無理だってー」,Whoa? I'm changing clothes so it's impossible!,,
ID00195,00001563,21,「そ、そっか」,R-Really?,,
ID00195,0000170b,27,「それじゃあねー」,That's not it.,,
ID00195,00001783,48,「真奈、動画、録ってもいいか？」,"Mina, can I record the video?",,
ID00195,00001946,54,「おおっと、もう着替えるから無理ー」,"Uh-oh, I'm changing clothes so it's impossible!",,
ID00195,00001ae5,21,「そ、そっか」,R-Really?,,
ID00195,00001c8d,33,「それじゃ、またねー」,"Well then, see ya later.",,
ID00195,00001d5f,48,「真奈、動画、録ってもいいか？」,"Mina, can I record the video?",,
ID00195,00001f22,48,「あー、もう着替えるから無理ー」,"Oh, I'm changing clothes so it's impossible!",,
ID00195,00001f80,18,「そっか…」,"Oh, I see.",,
ID00195,00002125,30,「じゃあ、またねー」,See you later~,,
ID00195,000021a0,48,「真奈、動画、録ってもいいか？」,"Mina, can I record the video?",,
ID00195,00002363,51,「むむ…着替える時間を考慮すると、,Mmm... Considering the time needed to change...,,
ID00195,000023a5,24,　もう無理かと」,Might be too late.,,
ID00195,000023eb,21,「そ、そっか」,R-Really?,,
ID00195,00002593,33,「それじゃ、またねー」,"Well then, see ya later.",,
ID00196,000005da,39,「にい君、そろそろ行くね」,"Hey bro, we should head out.",,
ID00196,0000062f,12,「え？」,What?,,
ID00196,000007ce,21,「じゃあねー」,See ya.,,
ID00196,00000bcb,54,（イマイチ話が弾まなかったからな…）,(The conversation didn't quite flow well...),,
ID00196,00000da7,51,「ごめん、にい君、そろそろ行くよ」,"Sorry, I have to go now, okay?",,
ID00196,00000e08,12,「え？」,What?,,
ID00196,00000fa7,24,「それじゃねー」,No way.,,
ID00196,000013a7,54,（イマイチ話が弾まなかったからな…）,(The conversation didn't quite flow well...),,
ID00196,00001583,57,「ごめん、にい君、そろそろ行かなきゃ」,"Sorry, I really need to leave.",,
ID00196,000015ea,12,「え？」,What?,,
ID00196,00001789,33,「それじゃ、またねー」,"Well then, see ya later.",,
ID00196,00001b92,54,（イマイチ話が弾まなかったからな…）,(The conversation didn't quite flow well...),,
ID00197,0000052a,42,「それじゃ、そろそろ行くね」,"Well, I guess I should be going now.",,
ID00197,00000582,18,「そうか？」,Is that so?,,
ID00197,00000727,48,「すごく楽しかったよ。またねー」,That was so much fun. See you later.,,
ID00197,000008fd,45,「にい君、そろそろ行かなきゃ」,"Well, I guess I should be going now too.",,
ID00197,00000958,18,「そうか？」,Is that so?,,
ID00197,00000b40,42,「うん。すごく楽しかったよ。,"Yeah, it really was a lot of fun.",,
ID00197,00000b79,33,　それじゃ、またねー」,See ya later then.,,
ID00197,00000f2e,24,「はぁ…にい君、,"Huh... Bro-kun,",,
ID00197,00000f55,51,　話が盛り上がったとこなんだけど、,We were just getting into the conversation.,,
ID00197,00000f97,27,　もう行かなきゃ」,Guess I have to go now.,,
ID00197,000011bc,21,「そ、そうか」,T-that's right.,,
ID00197,00001364,60,「すごく楽しかったよ。じゃあ、またねー」,It was really fun. See ya later.,,
ID00197,0000179b,42,（バッチリ盛り上がったけど、,"Even though we had a blast,",,
ID00197,000017d4,42,　心のＲＥＣを押して、動画を,Recording it in my head.,,
ID00197,0000180d,57,　録らせてくれってお願いしないとなぁ）,"I guess I should ask if it's okay to record, huh?",,
ID00198,00000616,27,「ん…もう行くよ」,Hm... I'm leaving now.,,
ID00198,0000083b,24,「そ、そうか？」,R-Really?,,
ID00198,000008b8,18,「それじゃ」,See ya.,,
ID00198,00000cb2,51,（イマイチ盛り上がらなかったな…）,"It didn't really get going, did it...",,
ID00198,00000e8b,39,「にい君、そろそろ行くよ」,"Hey, it's time to go.",,
ID00198,00000ee0,18,「そうか？」,Is that so?,,
ID00198,000010c8,24,「うん、またね」,"Yeah, see ya",,
ID00198,000014c8,51,（イマイチ盛り上がらなかったな…）,"It didn't really get going, did it...",,
ID00198,0000171d,48,「おやおや、そろそろ行かなきゃ」,Oh? It looks like it's time to leave.,,
ID00198,0000198e,27,「ん？　そっか？」,Hmm? Really?,,
ID00198,00001b3c,27,「それじゃあねー」,That's not it.,,
ID00198,00001f3f,51,（イマイチ盛り上がらなかったな…）,"It didn't really get going, did it...",,
ID00199,0000052a,42,「それじゃ、そろそろ行くよ」,"Well then, I'm off too.",,
ID00199,00000582,24,「そ、そうか？」,R-Really?,,
ID00199,0000072d,45,「楽しかったよ。それじゃねー」,Had fun. Later then.,,
ID00199,00000900,39,「にい君、そろそろ行くよ」,"Hey, it's time to go.",,
ID00199,00000955,18,「そうか？」,Is that so?,,
ID00199,00000b3d,45,「うん。楽しかったんだけどね。,"Yeah, I had a good time too.",,
ID00199,00000b79,33,　それじゃ、またねー」,See ya later then.,,
ID00199,00001069,51,「むむ…残念ながらもう行かなきゃ」,"Hmm...unfortunately, I have to go now.",,
ID00199,000012dd,24,「ん？　そっか」,Huh? Oh yeah.,,
ID00199,00001488,51,「楽しかったよ。じゃあ、またねー」,Had fun. See ya later.,,
ID00199,000018b6,45,（それなりに盛り上がったけど、,"It was pretty lively, but",,
ID00199,000018f2,36,　動画を録らせてくれって,Can't ask her to film it.,,
ID00199,00001925,45,　お願いするのは、無理だよな）,is there?,,
ID00200,000003b5,54,「悪い、ちょっと用事があるんだった」,"Sorry, I've got something to do.",,
ID00200,0000057e,48,「え……すごく楽しかったのに…」,Huh... It was so much fun...,,
ID00200,00000741,27,「それじゃあね…」,"Well then, bye...",,
ID00200,0000079d,54,「悪い、ちょっと用事があるんだった」,"Sorry, I've got something to do.",,
ID00200,00000966,57,「あぅ…せっかく盛り上がってたのに…」,Aw... We were just getting into it...,,
ID00200,00000c9b,27,「それじゃあね…」,"Well then, bye...",,
ID00200,00000cf7,63,「真奈、悪い、ちょっと用事があるんだった」,"Mina, sorry, I've got something to do.",,
ID00200,00000ec9,30,「あぅ…そうなんだ。,Aw... Really?,,
ID00200,00000ef6,39,　すごく楽しかったのに…」,It was so much fun...,,
ID00200,000012ae,27,「それじゃあね…」,"Well then, bye...",,
ID00201,00000395,54,「悪い、ちょっと用事があるんだった」,"Sorry, I've got something to do.",,
ID00201,0000055e,54,「あ、そうなんだ。じゃあ、またねー」,"Oh, I see. See you later.",,
ID00201,00000747,54,「悪い、ちょっと用事があるんだった」,"Sorry, I've got something to do.",,
ID00201,00000910,33,「あれ？　そうなんだ」,Huh? Really?,,
ID00201,00000ac4,30,「じゃあ、またねー」,See you later~,,
ID00201,00000b23,63,「真奈、悪い、ちょっと用事があるんだった」,"Mina, sorry, I've got something to do.",,
ID00201,00000cf5,42,「あれ？　そうなんだ、残念」,Huh? Really? Bummer.,,
ID00201,0000110a,30,「じゃあ、またねー」,See you later~,,
ID00202,000003b5,54,「悪い、ちょっと用事があるんだった」,"Sorry, I've got something to do.",,
ID00202,0000057e,57,「え？　そうなんだ。楽しかったのに…」,Huh? Really? It was so much fun...,,
ID00202,000009d9,27,「それじゃあねー」,That's not it.,,
ID00202,00000a35,54,「悪い、ちょっと用事があるんだった」,"Sorry, I've got something to do.",,
ID00202,00000bfe,39,「あれあれ？　そうなんだ。,Huh huh? Really?,,
ID00202,00000c34,30,　楽しかったのに…」,It was so much fun though...,,
ID00202,000011af,27,「それじゃあね…」,"Well then, bye...",,
ID00202,0000120b,63,「真奈、悪い、ちょっと用事があるんだった」,"Mina, sorry, I've got something to do.",,
ID00202,000013dd,36,「あれれ？　そうなんだ。,Huh huh? Really?,,
ID00202,00001410,42,　せっかく楽しかったのに…」,It was so much fun...,,
ID00202,0000185c,27,「それじゃあね…」,"Well then, bye...",,
ID00203,00000578,57,「あうぅ……恥ずかしいことばっかり…」,Auuu... So embarrassing...,,
ID00203,000007e5,21,「ではではー」,Well then--,,
ID00203,000008ca,48,「はうぅ……恥ずかしすぎるぅ…」,Hauu... Too embarrassing...,,
ID00203,00000ba3,30,「妹をからかいすぎ」,Stop bullying your sis.,,
ID00203,00000c91,54,「はうぅぅ……恥ずかしさ限界突破…」,Hauuu... Embarrassment level maxed out...,,
ID00203,00000f70,30,「にい君のエッチ！」,Big bro's pervert!,,
ID00203,0000136f,51,（う～ん…ちょっと恥ずかしい話や、,"(Hmm... A bit of an embarrassing story,",,
ID00203,000013b1,33,　行動をしすぎたか…）,Did I go too far?,,
ID00204,00001f58,51,「うあー、すごく綺麗な動画だねー」,"Wow, it's such a beautiful video.",,
ID00204,000021bf,36,「この夏始めたばかりで、,You've just started this summer.,,
ID00204,000021f2,39,　もうここまで録れるとは。,and you're already at this level.,,
ID00204,00002228,48,　底知れない才能の片鱗を見たよ」,I can see the tip of your untapped talent.,,
ID00204,00002441,51,「うんうん、なかなかいい動画だね」,"Yeah yeah, it's pretty good.",,
ID00204,00002607,63,「この調子で、たくさん録るといいと思われ」,Keep going like that and make lots more videos.,,
ID00204,000028d8,27,「それじゃあねー」,That's not it.,,
ID00204,00002a9a,60,「ん～、可もなく不可もなくって感じかと」,"Hmm, I guess it's okay but not great.",,
ID00204,00002c69,45,「まだまだ工夫の余地ありだね」,There's still plenty of room for improvement.,,
ID00204,00002e3c,42,「むむ……もう一つと思われ」,Hmm... I guess there's one more.,,
ID00204,00002ff9,45,「もっともっと工夫が必要だね」,You really need to put in even more effort.,,
ID00204,000032b8,27,「それじゃあねー」,That's not it.,,
ID00204,00003539,57,「ほうほう、すごく目を引く動画だねー」,"Wow, that video really caught my eye.",,
ID00204,000037a6,30,「才能が光ってるよ」,Your talent's shining.,,
ID00204,000039ad,54,「うんうん、これはなかなかいい動画」,"Yeah, this is a pretty good video.",,
ID00204,00003b76,54,「この調子でがんばるといいと思われ」,Keep it up like this and you'll do great.,,
ID00204,00003dce,57,「う～ん……いいとも、悪いとも言えない,"Hmm... I can't really say it's good or bad,",,
ID00204,00003e16,18,　動画かと」,it's just a video.,,
ID00204,00004197,54,「もっと、にい君らしさが欲しいねー」,I wish you had more of your usual charm.,,
ID00204,0000445f,27,「それじゃあねー」,That's not it.,,
ID00204,00004621,42,「むむ…いまいちな感じかと」,"Hmm... It's not great, I guess.",,
ID00204,0000485a,45,「にい君なら、もっといい動画が,"If it were you, Bro-kun, a better video",,
ID00204,00004896,39,　録れるんじゃないかなー」,"could have been recorded, couldn't it?",,
ID00204,00004d18,27,「それじゃあねー」,That's not it.,,
ID00204,00004e04,45,「あうぅ…綺麗に録れてるけど、,"Auuu... It looks nice, but...",,
ID00204,00004e40,36,　恥ずかしさもすごいね」,It's really embarrassing too.,,
ID00204,000051f9,42,「ではでは、そんな感じで～」,"Well then, let's leave it at that~",,
ID00204,00005458,36,「うぐ…いい動画だけど、,"Ugh... It's a good video, but",,
ID00204,0000548b,39,　ちょっと恥ずかしいかと」,A bit embarrassing though.,,
ID00204,000057f8,39,「じゃあ、そんな感じで～」,"Well then, let's leave it at that~",,
ID00204,000059fe,48,「む……まぁまぁいい感じだけど、,"Mm... It's pretty good, but...",,
ID00204,00005a3d,42,　恥ずかしいのはちょっと…」,It's a little embarrassing...,,
ID00204,00005f4b,27,「それじゃあね～」,See ya~,,
ID00204,0000611f,39,「むむ……もう一つな上に…,Hmm... And there's one more thing...,,
ID00204,00006155,45,　どことなく恥ずかしいかと…」,I guess it's kind of embarrassing...,,
ID00204,0000642e,27,「それじゃあね…」,"Well then, bye...",,
ID00204,0000651a,51,「あうぅ……恥ずかしさ…限界突破」,Ahh... The embarrassment is reaching its limit...,,
ID00204,000067f6,36,「これは、妹に見せていい,This I can show my sister.,,
ID00204,00006829,36,　動画じゃないと思われ」,"It's not like it's a video, right?",,
ID00204,000069b7,24,「ま、またね～」,See you later~,,
ID00204,00006ac5,48,「うぅ……こんな恥ずかしい動画、,Ugh... Such an embarrassing video...,,
ID00204,00006b04,27,　見せられても…」,I can't even watch it...,,
ID00204,00006ee1,24,「ま、またね～」,See you later~,,
ID00204,000070b1,39,「む……恥ずかしい動画を、,"Mm... An embarrassing video like this,",,
ID00204,000070e7,45,　さりげなく妹に見せるあたり、,Trying to casually show my sister,,
ID00204,00007123,45,　にい君は私を教育しようと？」,"Are you trying to teach me something, bro?",,
ID00204,0000717e,36,「そ、そうじゃねーって」,N-No way!,,
ID00204,00007216,18,「どうだか」,Whatever.,,
ID00204,000073d9,21,「じゃあね～」,See ya~,,
ID00204,000075a6,60,「むむ…そこはかとなく感じる恥ずかしさ」,Hmm... I can feel a bit of embarrassment.,,
ID00204,00007775,30,「妹に見せる動画は、,"Videos to show your sister,",,
ID00204,000077a2,39,　選んだ方がよいと思われ」,should be carefully chosen.,,
ID00204,00007a48,27,「それじゃあね～」,See ya~,,
ID00204,00007e44,45,（ちょっと刺激が強すぎたか…）,Maybe that was too intense...,,
ID00204,00007eb3,42,「“プリベアダック”の動画を,"""Private Duck"" video...",,
ID00204,00007eec,30,　録ったんだけど…」,I recorded it...,,
ID00204,00008339,39,「あ、かわいい動画だねー」,"Aww, what a cute video.",,
ID00204,00008680,63,「また見つけたら見せてよ。それじゃあねー」,Show me if you find another one. See ya~,,
ID00204,00008a33,57,「ふむふむ、ちょいレアな感じでいいね」,"Hmm, pretty rare. Nice.",,
ID00204,00008d32,63,「また見つけたら見せてよ。それじゃあねー」,Show me if you find another one. See ya~,,
ID00204,00009106,27,「おや？　これは、,Oh? This one is...,,
ID00204,00009130,54,　なかなか見つけづらい感じでいいね」,"Quite hard to find, huh?",,
ID00204,000095c1,60,「さすがにい君、また見つけたら見せてよ。,Show me next time.,,
ID00204,0000960c,27,　それじゃあねー」,"Well then, bye.",,
ID00204,00009985,60,「ほほう、こんな高難度のを見つけるとは。,"Wow, found something this difficult, huh?",,
ID00204,000099d0,39,　さすがにい君、やるねー」,"You're amazing, @str_000.",,
ID00204,00009e52,54,「また見つけたら見せてよ。またねー」,Show me the next time you find one. Later~,,
ID00204,0000a07e,57,「う～ん……捉えどころのない動画だね。,Hmm... It's a video that's hard to grasp.,,
ID00204,0000a0c6,36,　妹の私でも困惑するよ」,Even I'm confused.,,
ID00204,0000a4eb,27,「それじゃあねー」,That's not it.,,
ID00204,0000a548,45,「悪い、やっぱ動画を見せるのは,"Sorry, I guess showing you that video",,
ID00204,0000a584,24,　今度にするよ」,We'll do it next time.,,
ID00204,0000a72f,45,「ん？　そうなの？　なんで？」,Huh? Really? Why?,,
ID00204,0000a78a,48,「もっといいのが録れてからだな」,I'll show you after I get a better one.,,
ID00204,0000a990,60,「そっか、向上心を持つのはいいことだね」,That's good. Having ambition is great.,,
ID00204,0000ab5f,33,「それじゃ、またねー」,"Well then, see ya later.",,
ID00205,0000266f,45,「上弦の月、きれいだったねー」,The full moon was so pretty.,,
ID00205,00002805,18,「そうだな」,You're right.,,
ID00205,000029aa,51,「ブラッドムーンの夜が楽しみだよ」,I can't wait for the Blood Moon night.,,
ID00205,00002bcf,45,「今年の夏は暑くなりそうって、,"They said this summer would be really hot,",,
ID00205,00002c0b,33,　天気予報で言ってた」,in the weather forecast.,,
ID00205,00002d95,39,「すでにこんだけ暑いしな」,It's already this warm.,,
ID00205,00002f4f,48,「あははー、月間予報を見るまでも,"Haha, we didn't even need to check",,
ID00205,00002f8e,21,　なかったか」,the monthly forecast.,,
ID00205,00003284,51,「夏は、スマホの裏が持てないぐらい,"This summer, it'll be too hot to hold my phone.",,
ID00205,000032c6,36,　熱くなる時があるよね」,"It gets really hot sometimes, right?",,
ID00205,0000348a,27,「動画再生とかな」,"When watching vids,",,
ID00205,00003638,60,「ファン付きの冷却カバーが欲しくなるよ」,I want a cooling case with a fan,,
ID00205,00003814,30,「マニアックだなぁ」,That's pretty niche.,,
ID00205,0000391d,42,「はぁ…こう暑い日が続くと、,Ugh... This heat...,,
ID00205,00003956,27,　夏バテしそう…」,I feel so weak...,,
ID00205,00003b00,18,「俺もだ…」,Me too...,,
ID00205,00003ca5,42,「早く涼しくならないかなぁ」,Can't we cool down soon?,,
ID00205,00003fb5,39,「夏は始まったばかりだぞ」,"Summer just started, you know.",,
ID00205,0000405a,15,「だね～」,Yeah.,,
ID00205,0000427c,45,「夏は…すぐ汗が出るから苦手」,"It's... I sweat too much, so I hate it.",,
ID00205,00004373,45,「好きな季節はいつなんだよ？」,What season do you like?,,
ID00205,0000441e,24,「んー、冬かな」,"Hmm, winter maybe",,
ID00205,00004626,45,「ＰＣも私も、熱に対する弱さは,Both me and the PC are weak to heat...,,
ID00205,00004662,27,　折り紙付きだよ」,You know what I mean.,,
ID00205,000047e6,15,「ははは」,Heh heh heh,,
ID00205,00004836,57,「１日で、一番好きな時間っていつだ？」,When is your favorite time of day?,,
ID00205,000049cb,39,「何事も集中できる夜だね」,I can focus on anything at night.,,
ID00205,00004ba6,48,「真夏の昼間は、暑くてつらいよ」,It's so hot during the day in summer...,,
ID00205,00005020,60,「暑い日は、涼しい部屋でネットに限るよ」,Net's best on hot days.,,
ID00205,0000508a,54,「クーラーのかけ過ぎに気をつけろよ」,Don't overdo it with the AC though.,,
ID00205,0000513e,21,「にい君もね」,You too.,,
ID00205,000051fe,24,「暑い日って…」,Hot days are...,,
ID00205,000052d5,48,「うんうん、ムリはよくないよ…」,"Yeah, no pushing it...",,
ID00205,00005512,54,「ブラッドムーン、きれいだったねー」,"The Blood Moon was beautiful, wasn't it?",,
ID00205,000056e8,21,「そうだな…」,Yeah...,,
ID00205,00005762,12,「ん…」,Hmm...,,
ID00205,000058ca,21,「なんだよ？」,What's up?,,
ID00205,00005a72,42,「なんか…隠しごとしてる？」,You're hiding something...?,,
ID00205,00005b22,24,「な、なんで？」,W-Why?,,
ID00205,00005b68,45,「なんとなく、そんな気がする」,I just have a feeling you are...,,
ID00205,00005e63,39,「なんにも隠してないって。,I'm not hiding anything.,,
ID00205,00005e99,54,　きれいだったなー、ブラッドムーン」,The Blood Moon was beautiful...,,
ID00205,00006062,21,「そうだね…」,Yeah...,,
ID00205,000060a5,36,（ったく、鋭いヤツだ…）,"(Damn, she's sharp...)",,
ID00205,0000626f,36,「夏は急に雨が降ったり、,"Summer weather can change suddenly,",,
ID00205,000062a2,39,　天気が変わりやすいから、,"with rain coming out of nowhere,",,
ID00205,000062d8,30,　気をつけないとね」,so be careful.,,
ID00205,0000659a,39,「また急に降ったら、お前に,"If it rains, I'll need you.",,
ID00205,000065d0,42,　雨を払ってもらわないとな」,wipe the rain off me.,,
ID00205,0000678d,27,「むむっ、任せて。,"Mmm, leave it to me.",,
ID00205,000067b7,57,　『魔法を司る者』の本領を発揮するよ」,I'll show you what a master of magic can do.,,
ID00205,00006955,48,「お前の夏の風物詩ってなんだ？」,What's your summer tradition?,,
ID00205,00006b18,51,「んー、“冷やし中華始めました”の,"Hmm, the 'Cold Chinese Cuisine has started' sign",,
ID00205,00006b5a,21,　張り紙だね」,Yeah.,,
ID00205,00006d0f,51,「ああ、夏が来たって感じするよな」,It really feels like summer now.,,
ID00205,00006ed5,48,「数少ない、夏の魅力の１つだよ」,One of the few charms of summer.,,
ID00205,00006f92,63,「暑くて寝苦しい夜って、どうしてるんだ？」,"How do you deal with hot, sleepless nights?",,
ID00205,00007164,45,「容赦なくエアコンをかけるよ」,I blast the AC without mercy.,,
ID00205,000071bf,57,「かけっぱなしで寝ると、風邪引くぞ？」,"If I leave it on all night, I'll catch a cold.",,
ID00205,0000738b,36,「冷えすぎを察知すると、,"When it gets too cold,",,
ID00205,000073be,45,　無意識に消してるから大丈夫。,It's fine.,,
ID00205,000073fa,33,　眠りが浅いんだよね」,I'm a light sleeper anyway.,,
ID00205,00007627,48,「こう暑いと、頭がボーッとして、,"It's so hot my head feels fuzzy,",,
ID00205,00007666,39,　勉強どころじゃないよな」,"Can't really focus on studying, can we?",,
ID00205,00007820,45,「教室のエアコンの設定温度が、,The AC's too high.,,
ID00205,0000785c,51,　もう少し下がるといいんだけどね」,I wish it could be lowered just a bit.,,
ID00205,000079f8,60,「体に悪いとかで、絶対下げないんだよな」,No way.,,
ID00205,00007bc7,57,「暑い方が体によくないと思うけどねー」,I think being hot is worse for you though...,,
ID00205,00007da6,42,「家電量販店で見たんだけど、,I saw them in a store.,,
ID00205,00007ddf,51,　最近の扇風機って、すごく静かで、,Modern fans are super quiet.,,
ID00205,00007e21,39,　高機能なの、知ってる？」,You know what I mean?,,
ID00205,0000825e,36,「けど、お高いんだろ？」,"But they're expensive, right?",,
ID00205,00008415,24,「何万円もする」,They cost tens.,,
ID00205,0000845b,57,「じゃあ、部屋には置いてもらえないな」,Guess I can't have one in my room then.,,
ID00205,0000871e,60,「エアコンより、体に良さそうだけどねー」,Seems better for you than AC though...,,
ID00205,000087c1,42,「温暖化って進んでるのか？」,Global warming's getting worse?,,
ID00205,000089c1,18,「着実にね」,Slowly but surely.,,
ID00205,00008a01,60,「夏が年々暑くなってるのもそのせいか？」,Is that why summers get hotter every year?,,
ID00205,00008bd0,51,「ヒートアイランド現象とか、原因は,"Heat island effect and stuff, the cause is",,
ID00205,00008c12,57,　いろいろあるけど、温室効果ガスによる,There are many reasons.,,
ID00205,00008c5a,57,　温暖化も、大きな一因と言われてるね」,Global warming's also said to be a big cause.,,
ID00205,00009245,45,「来年はもっと暑くなるかもよ」,Next year might be even hotter.,,
ID00205,000092a0,39,「マジか？　きついなぁ…」,Really? That's rough...,,
ID00205,00009308,57,「入道雲を見ると、夏って感じがするよ」,Seeing them feels summery.,,
ID00205,000094d4,39,「それって、積乱雲だから、,"Those are cumulonimbus clouds,",,
ID00205,0000950a,36,　ゲリラ豪雨の元凶だよ」,the cause of surprise downpours.,,
ID00205,00009697,36,「そっか！　のんきなこと,"Oh yeah! You're so carefree,",,
ID00205,000096ca,42,　言ってる場合じゃないのか」,You can't afford to be saying that!,,
ID00205,00009887,48,「遠くから見てるときれいだけど、,"It looks pretty from far away, but",,
ID00205,000098c6,39,　真下は雷を伴う大雨だね」,it's a thunderstorm down below.,,
ID00205,00009bdb,30,「今年の暑さって…」,This year's heat...,,
ID00205,00009d8c,60,「もう覚悟を決めて、耐えるしかないねー」,We have no choice but to brace ourselves.,,
ID00205,0000a04b,54,「空も…海も…私にイマジネーションを,The sky... the sea... they give me imagination.,,
ID00205,0000a090,42,　くれる。見てて飽きないよ」,I never get tired of watching them.,,
ID00205,0000a188,42,「妄想はほどほどにしろよ？」,Don't let your imagination run wild.,,
ID00205,0000a230,33,「あはは、そうだねー。,"Haha, you're right.",,
ID00205,0000a260,48,　心配されない程度にしておくよ」,I won't make you worry.,,
ID00205,0000a4b9,60,「なんで地球に季節があるのか知ってる？」,Do you know why Earth has seasons?,,
ID00205,0000a65e,42,「地球が傾いてるからだろ？」,"It's because the axis is tilted, right?",,
ID00205,0000a81b,42,「そう。地軸の傾きのせいで、,That's right. Because of Earth's tilt.,,
ID00205,0000a854,54,　日照時間が変化して、季節が生じる」,the amount of sunlight changes and creates seasons.,,
ID00205,0000adce,57,「ちなみに水星はほぼ傾きが０度だから、,"By the way, Mercury has almost no axial tilt at all,",,
ID00205,0000ae16,30,　季節がないんだよ」,so it doesn't have seasons.,,
ID00205,0000af9d,33,「へーっ、そうなのか」,"Oh, really?",,
ID00205,0000b151,51,「摂氏４００度の灼熱地獄だけどね」,It's a scorching hell at 400 C.,,
ID00205,0000b472,63,「暑いのと寒いのなら、どっちがいいんだ？」,"Between hot and cold, which do you prefer?",,
ID00205,0000b644,51,「寒い方がマシだね。ＰＣが喜ぶし」,Cold is better. The PC likes it more.,,
ID00205,0000b945,60,「暖房かけ過ぎると、元のもくあみだけど」,"If you overuse the heat, it'll revert.",,
ID00205,0000bc62,51,「にい君は、どの季節が好きなの？」,"Which season do you like best, Bro-kun?",,
ID00205,0000bcc3,51,「う～ん…動画を録るようになって、,"Hmm... Ever since I started recording videos,",,
ID00205,0000bd05,51,　夏がいいって思うようになったな」,I've come to think summer's pretty good.,,
ID00205,0000bd66,48,「ふうん…水着の女子を録るのが、,"Hm... Recording girls in swimsuits,",,
ID00205,0000bda5,21,　大好き…と」,I love it...,,
ID00205,0000bfea,33,「そ、そうじゃなくて、,"N-no, that's not what I meant.",,
ID00205,0000c01a,42,　光海学園らしい季節だろ！」,It's the season for Mitsumi Academy!,,
ID00205,0000c1e0,45,「風が涼しくなってきたよなぁ」,"The wind has gotten cooler, hasn't it?",,
ID00205,0000c3a0,30,「一服の清涼剤だね」,A refreshing break.,,
ID00205,0000c3ff,33,「もうすぐ秋だけど…」,Even though it's almost fall...,,
ID00205,0000c5b3,51,「そうだねー、過ごしやすくなるよ」,"Yeah, it'll be more comfortable.",,
ID00206,000021d6,33,「黒板に書いてた数式、,"The equation on the blackboard,",,
ID00206,00002206,60,　適当じゃないとしたら、大したもんだよ」,"If it wasn't crap, that'd impress me.",,
ID00206,00002270,57,「ほめられたー。もっとがんばろーっと」,You're praising me~ I'll do even better next time~,,
ID00206,000023ca,51,「学期末の成績はどうだったんだ？」,How did you do in your end-of-term grades?,,
ID00206,00002590,27,「安定の中盤だよ。,I'm doing steady so far.,,
ID00206,000025ba,54,　テストでは本気出さない主義だから」,I don't take tests seriously anyway.,,
ID00206,0000270a,30,「ははは、言ってろ」,"Haha, go on then.",,
ID00206,00002769,57,「塾に通おうと思ったことはないのか？」,Have you ever thought about going to a cram school?,,
ID00206,00002935,18,「ないよー」,Nope~,,
ID00206,00002ada,54,「ネット見たり、プログラムしてる方が,I find it way more fun to browse the net or code.,,
ID00206,00002b1f,24,　楽しいからね」,It's more fun this way.,,
ID00206,00002dee,60,「帰ってからどれぐらい勉強してるんだ？」,How much do you study after coming home?,,
ID00206,00002fea,33,「んー、全然やらない」,"Hmm, I don't really study at all.",,
ID00206,0000336a,54,「プログラムとか、好きなことの勉強は,"When it comes to stuff I like, like programming,",,
ID00206,000033af,51,　何時間でもやれちゃうんだけどね」,I could spend hours on it without even noticing.,,
ID00206,000036d0,45,「得意な科目ってなんなんだ？」,What subjects are you good at?,,
ID00206,00003890,57,「数学と物理。勉強してて楽しいからね」,Math and physics. They're fun to study.,,
ID00206,00003a45,45,「苦手な教科ってなんなんだ？」,What subjects do you suck at?,,
ID00206,00003aa0,27,「んー、社会だね」,"Hmm, social studies.",,
ID00206,0000405c,42,「日本と世界の地理と歴史を、,"Learning about geography and history,",,
ID00206,00004095,45,広ーく、浅ーく学ぶ感じだから、,"super broadly but not in depth,",,
ID00206,000040d1,48,あんまり魅力を感じないんだよね」,so I don't really find it interesting.,,
ID00206,000044a4,57,「夏休み返上で授業って、ひでぇよなぁ」,Sacrificing summer for classes sucks.,,
ID00206,0000450b,45,「外の空気が吸えていいけどね」,But it's nice to get some fresh air outside.,,
ID00206,000049bd,39,「ミツミキャンプがないと、,"If there wasn't Mitsumi Camp,",,
ID00206,000049f3,42,　部屋に引きこもりそうで…」,I'd probably end up locked in my room...,,
ID00206,00004bff,63,「はは…まぁ、俺も似たようなもんだけどな」,"Haha... Well, me too, kinda.",,
ID00206,00004c7f,30,「毎日の勉強って…」,Daily studying...,,
ID00206,00004ccb,36,「んー、好きな勉強なら、,"Hmm, if it's something I like,",,
ID00206,00004cfe,48,　いくらでもやれるんだけどね…」,can do as much as I want...,,
ID00206,00005191,42,「夏の課題って終わったか？」,Did you finish your summer homework?,,
ID00206,000051e9,63,「ううん。まだまだ、本気出す時じゃないよ」,Nope. Not there yet.,,
ID00206,00005408,18,「同感だな」,I feel the same.,,
ID00206,0000545b,54,「参考書って、どんなの使ってんだ？」,What kind of reference books are you using?,,
ID00206,000055a0,42,「使ってないよ、教科書のみ」,"I'm not using any, just textbooks.",,
ID00206,0000563b,57,「わかんないとこは、どうしてんだよ？」,Why don't you get it when you don't?,,
ID00206,00005807,51,「興味なければ、そのまま放っとく。,"If I'm not interested, I leave it be.",,
ID00206,00005849,63,　興味あるところは、ネットで調べたりだね」,"When I am, I look stuff up online.",,
ID00206,00005a28,51,「わかんないとこがテストに出たら、,"If the parts you don't get show up on a test,",,
ID00206,00005a6a,21,　困るだろ？」,You'll be in trouble.,,
ID00206,00005b8e,39,「気にしない、気にしない」,"I won't worry about it, I won't.",,
ID00206,00005c26,39,「おま…マイペースだなぁ」,You're... so laid-back.,,
ID00206,00005c8e,42,「好きな教科のテストの点は、,"Your grades in your favorite subjects are,",,
ID00206,00005cc7,33,　どれぐらいなんだ？」,How good is it?,,
ID00206,00005e7b,51,「数学と物理は、９０点ぐらいだよ。,"math and physics, around 90 points.",,
ID00206,00005ebd,33,　解き方は合ってても、,"Even if the methods are right,",,
ID00206,00005eed,39,　計算ミスが多いんだよね」,I make a lot of calculation mistakes.,,
ID00206,000061ef,36,「見直ししないからだぞ」,Because you never check.,,
ID00206,000063a6,42,「解き方が合ってればいいよ」,That's fine if it's right.,,
ID00206,000063fe,48,「人が計算をミスをするのは当然。,People make mistakes.,,
ID00206,0000643d,54,　本来はコンピュータの仕事だからね」,"After all, that's what computers are for.",,
ID00206,00006763,48,「お前、俺より絶対に頭いいのに、,"You're definitely smarter than me, yet",,
ID00206,000067a2,54,　成績が大差ないのはもったいないぞ」,your grades aren't much better. That's a waste.,,
ID00206,0000696b,36,「にい君こそ、本気出せば,If you really put your mind to it...,,
ID00206,0000699e,42,　もっといい成績取れるのに」,you could get even better grades.,,
ID00206,00006b31,24,「お互い様か…」,"...mutual, huh?",,
ID00206,00006ba4,15,「だねー」,Right?,,
ID00206,00006c40,60,「お前って、あんまり字がうまくないよな」,"You're not really good at writing, huh?",,
ID00206,00006e0f,48,「考えてることに、字を書く速さが,Your handwriting can't keep up with,,
ID00206,00006e4e,36,　追いつかないんだよね。,what you're thinking.,,
ID00206,00006e81,45,　だから、つい雑になっちゃう」,So I end up being careless.,,
ID00206,000072ee,54,「ＰＣやってると、漢字を覚えないし、,"When you're on the PC, you don't even learn kanji,",,
ID00206,00007333,24,　ダメダメだね」,There's no point.,,
ID00206,0000765c,39,「美術の授業って好きか？」,Do you like art class?,,
ID00206,00007816,36,「絵を描くのは好きだよ。,I do like drawing.,,
ID00206,00007849,42,　マンガになっちゃうけどね」,But it turns into manga.,,
ID00206,00007b78,48,「普段はペンタブで描いてるから、,"I usually draw on a tablet, so",,
ID00206,00007bb7,57,　画用紙に描くと、懐かしい感じがする」,"when I draw on drawing paper, it feels nostalgic.",,
ID00206,00007ede,30,「この間、授業で…」,In class the other day...,,
ID00206,0000808f,45,「ふむふむ…なかなか真面目に、,You're taking this seriously.,,
ID00206,000080cb,36,　授業を受けてるようで」,Like you're listening.,,
ID00206,000082a2,48,「家庭科室の黒板に書いてた数式、,Did you copy that eq?,,
ID00206,000082e1,36,　ノートに取ったのか？」,into your notebook?,,
ID00206,00008498,33,「スマホで写真撮った」,I took a photo with my phone.,,
ID00206,000084e7,57,「授業の黒板も、写真に撮らせてくれると,"If you let me take photos too,",,
ID00206,0000852f,36,　効率的なんだけどねー」,It'd be more efficient.,,
ID00206,000088fc,48,「ははは、どの先生も怒るからな」,"Haha, every teacher would get mad though.",,
ID00206,00008abf,54,「せめて、タブレットに書き写すのは、,"At least I want to copy them,",,
ID00206,00008b04,33,　認めてもらいたいよ」,if nothing else.,,
ID00206,00008e06,57,「にい君って、光海大学に進学するの？」,Are you going to Mitsumi University?,,
ID00206,00008fe2,27,「たぶんそうだな」,Probably so.,,
ID00206,000091ea,39,「じゃあ、家から通えるね。,Then you can walk to school from home.,,
ID00206,00009220,48,　よかったー、遠くへ行かなくて」,"Good, you don't have to go far.",,
ID00206,0000953e,48,「夏の課題って全部終わったか？」,Did you finish all your summer homework?,,
ID00206,00009744,60,「終わったよ。苦手な教科は適当だけどね」,"I did, but winged the hard ones.",,
ID00206,00009a85,21,「にい君は？」,What about you?,,
ID00206,00009ac8,18,「…聞くな」,...Don't ask,,
ID00206,00009cc7,33,「ちゃんとやらないと、,"If you slack off,",,
ID00206,00009cf7,39,　心美先生に怒られるよ？」,Sensei'll get mad.,,
ID00206,00009e9a,36,「もうすぐ勉強の秋だな」,Soon it'll be studyin' season.,,
ID00206,0000a051,18,「だから？」,So?,,
ID00206,0000a091,39,「いや、そう思っただけだ」,"Nah, I just thought so.",,
ID00206,0000a28e,51,「うんうん、秋の夜長に勉強なんて、,"Yeah yeah, studying on long autumn nights,",,
ID00206,0000a2d0,39,　にい君には似合わないよ」,"Don't really suit ya, do they?",,
ID00206,0000a5d2,45,「くそ～、ちょっとはしてやる」,"Damn it, I'll give you a taste of it",,
ID00206,0000a640,54,「タブレットのおかげで、勉強の仕方も,"Thanks to the tablet, I think my study methods'll",,
ID00206,0000a685,39,　変わっていきそうだよな」,change up a bit too.,,
ID00206,0000a6da,51,「とりあえず、あの重い教科書の山が,"First of all, I'm glad those heavy textbooks will",,
ID00206,0000a71c,42,　電子化されるとうれしいね」,be digitized.,,
ID00206,0000ab4f,39,「早くそうならないかなぁ」,I wish it would happen soon.,,
ID00206,0000aed3,30,「この夏の勉強で…」,About my summer studies...,,
ID00206,0000af1f,33,「うん。為になることも,"Yeah, it was helpful.",,
ID00206,0000af4f,36,　いっぱいあったよねー」,So much.,,
ID00207,0000370b,33,「また食堂のテラスで、,Let's do our hobbies together at,,
ID00207,0000373b,42,　一緒に趣味のことしたいね」,Sounds good.,,
ID00207,00003793,51,「動画のおかげで、居合わせることは,"Thanks to the videos, we'll end up hanging out more",,
ID00207,000037d5,21,　増えるだろ」,right?,,
ID00207,000039c0,45,「そうだね、楽しみにしてるよ」,"Yeah, I'm looking forward to it.",,
ID00207,00003a2e,54,「心美先生だけじゃなく、先生みんなに,"Not just Ms. Shinomiya, but all the teachers if",,
ID00207,00003a73,54,　オフィスソフトの使い方を教えたら、,"I teach them how to use office software,",,
ID00207,00003ab8,30,　感謝されそうだな」,they'll probably thank me.,,
ID00207,00003c69,39,「あははー、全ての先生から,"Heh heh, everyone will praise me.",,
ID00207,00003c9f,48,　事務師匠って崇められちゃうよ」,Everyone'll look up to me.,,
ID00207,00003fe1,18,「はははは」,Hahaha,,
ID00207,00004034,45,「１日の計画表って出したか？」,Did you make a schedule for the day?,,
ID00207,00004237,27,「うん、適当にね」,"Yeah, just wing it",,
ID00207,00004479,45,「計画表の上では、毎日３時間も,I'm supposed to study three hours.,,
ID00207,000044b5,42,　自室で勉強する優等生だよ」,They think I'm a top student.,,
ID00207,0000467f,18,「はははは」,Hahaha,,
ID00207,000046d2,54,「宿舎での暮らしにはもう慣れたか？」,You're used to dorm life now?,,
ID00207,000048c8,30,「んー、慣れたけど、,"Hmm, yeah, but,",,
ID00207,000048f5,54,　パパとママに会えないのは寂しいね」,It's lonely not seeing Dad and Mom.,,
ID00207,00004bb9,48,「夜更かしする私を戒めて欲しい」,I want you to scold me for staying up late,,
ID00207,00004cb2,27,「自立しろ、自立」,Be independent.,,
ID00207,00004eaf,48,「…にい君も夜更かしするくせに」,"...You stay up late too, big bro",,
ID00207,00004f0d,30,「なんか言ったか？」,Did I say something?,,
ID00207,00005240,21,「なんにもー」,Nothing at all~,,
ID00207,000052bc,48,「学校で好きな場所ってどこだ？」,What's your favorite place in school?,,
ID00207,0000547f,36,「図書室だよ。涼しいし、,The library. It's cool there.,,
ID00207,000054b2,36,　本がいっぱいだからね」,There are lots of books.,,
ID00207,000057c4,33,「休み時間や昼休みは、,"During break time or lunchtime,",,
ID00207,000057f4,36,　どんなことしてんだ？」,What do you usually do?,,
ID00207,00005a27,39,「夏の間は、まひろちゃんと,"During summer, Mahiro-chan and",,
ID00207,00005a5d,33,　一緒のことが多いね」,We're together a lot.,,
ID00207,00005e31,54,「遊びやお昼に、よく誘ってくれるよ」,You often invite me to play or lunch.,,
ID00207,00005fe3,51,「なにか委員ってやってないのか？」,Don't you have any committee work?,,
ID00207,00006123,21,「なーんにも」,Not at all.,,
ID00207,0000622e,51,「力を封印された私は、残念ながら、,I'm useless for committees.,,
ID00207,00006270,36,　いたって平凡だからね」,Sorry about that.,,
ID00207,00006477,39,（平凡…ではないと思うぞ）,(Not exactly ordinary...),,
ID00207,000064df,63,「いつも何時ぐらいに、学校に来てるんだ？」,When do you usually get to school?,,
ID00207,000066b1,51,「まちまちだよ。ギリギリだったり、,"It varies. Sometimes barely on time,",,
ID00207,000066f3,33,　ずいぶん早かったり」,other times super early.,,
ID00207,00006a19,45,「前日の夜更かし具合によるね」,Depends how late I stay up the night before.,,
ID00207,00006a87,36,「お前って、どこの部にも,You're not in any clubs?,,
ID00207,00006aba,36,　入ったことないよな？」,Never joined one.,,
ID00207,00006c71,15,「ないよ」,Nope.,,
ID00207,00006cae,30,「入る気ないのか？」,Not interested?,,
ID00207,00006e5f,63,「おおっと、自分が初めて入ったもんだから、,This is my first time.,,
ID00207,00006ead,21,　先輩風を？」,Acting senior-like?,,
ID00207,0000719d,39,「いいもんだぞ？　部活も」,"It's great though, being in a club.",,
ID00207,00007357,63,「んー、集団行動が得意とは言えない私には、,"Hmm, since I'm not really good at group activities,",,
ID00207,000073a5,18,　ムリだね」,it's impossible.,,
ID00207,0000761f,48,「気ままに好きなことをやるのが、,I guess doing what I like is my thing.,,
ID00207,0000765e,27,　性に合ってるよ」,It suits me.,,
ID00207,00007822,42,「うちの学校のいいとこって、,"The best thing about our school is,",,
ID00207,0000785b,27,　どこだと思う？」,What do you think it is?,,
ID00207,00007a85,39,「周りに自然が多いとこー」,Places with lots of nature around,,
ID00207,00007e52,33,「空気がおいしいから、,"The air's so nice,",,
ID00207,00007e82,36,　健康気分が味わえるよ」,you can feel healthy here.,,
ID00207,0000800f,18,「気分…な」,...feeling.,,
ID00207,00008062,60,「真奈の“いきなり学園ランキングー！”」,Mana's 'Sudden School Ranking!',,
ID00207,000085ef,33,「さて、うちの学校で、,"Well, in our school,",,
ID00207,0000861f,54,　一番人気のある先生は誰でしょう？」,who is the most popular teacher?,,
ID00207,000087f5,54,「あ？　校長とか教頭のわけがないし、,"Huh? It can't be the principal or vice-principal,",,
ID00207,0000883a,54,　男の厳しい先生でもないだろうし…」,"and it's not some strict male teacher,...",,
ID00207,0000889e,36,「まさか…心美先生か？」,Could it be... Shinmi-sensei?,,
ID00207,00008a55,39,「当たりー。大学卒業して、,Bingo. She graduated.,,
ID00207,00008a8b,63,　赴任したばかりなのに、男女問わず大人気」,She's popular with all.,,
ID00207,00008da5,33,「むしろ赴任したてで、,"Rather, she just started.",,
ID00207,00008dd5,36,　若いからいいんだろ？」,Right? She's young and cute.,,
ID00207,00008f8c,30,「あたふたしてると、,You look so flustered that,,
ID00207,00008fb9,45,　助けてあげたくなるんだよね」,I feel like helping you out.,,
ID00207,00009199,54,「うちの学校って部活が盛んだよなぁ」,"Our school has a lot of clubs, huh?",,
ID00207,00009362,33,「ずっと帰宅部だった、,You were in the Going Home Club.,,
ID00207,00009392,45,　にい君が入るぐらいだからね」,but even Bro-kun joined one now.,,
ID00207,00009592,27,「俺も驚いてるよ」,I'm surprised too.,,
ID00207,00009753,51,「一貫教育校だと、こうしてにい君と,It's a K-12 school.,,
ID00207,00009795,33,　学校で話せていいね」,Nice to chat here.,,
ID00207,00009972,51,「一貫じゃないと中高は別だったな」,Middle and high would've been separate.,,
ID00207,00009ab2,24,「危ない危ない。,"Careful, careful.",,
ID00207,00009ad9,48,　ユイ姉とにい君が一緒の学校で、,With Yui-nee and Bro-kun in the same school,,
ID00207,00009b18,54,　私だけ１人とか、あり得なかったよ」,I couldn't have been alone,,
ID00207,0000a085,39,「屋上ってよく行く方か？」,Do you often go up on the roof?,,
ID00207,0000a23f,51,「そうだねー、息抜きによく行くよ」,"Yeah, I use it to take breaks",,
ID00207,0000a405,57,「液晶画面のブルーライトで疲れた目を、,Rest your eyes from the screen.,,
ID00207,0000a44d,39,　ブルーの海で癒す感じ？」,like you're healing them in a blue sea?,,
ID00207,0000a579,57,「スマホとパソコンいじりすぎだっての」,You spend too much time on your phone and computer.,,
ID00207,0000a5f3,30,「うちの学校って…」,Our school is...,,
ID00207,0000a7a4,45,「そうだねー、いい学校だよね」,"Yeah, it's a great school, isn't it?",,
ID00207,0000a984,51,「うちの制服って気に入ってるか？」,Do you like our uniforms?,,
ID00207,0000ab8d,30,「うん、もちろんね」,Of course I do.,,
ID00207,0000ae79,57,「特に、襟の形が星みたいでお気に入り」,I especially love how the collar looks like a star.,,
ID00207,0000aef3,54,「学校で一番好きな場所ってどこだ？」,What's your favorite place in school?,,
ID00207,0000b0bc,30,「放課後の家庭科室。,After-school home ec room.,,
ID00207,0000b0e9,51,　誰も来ないから落ち着くんだよね」,It's peaceful because no one comes here.,,
ID00207,0000b469,51,「学校で一番苦手な場所はどこだ？」,What's your least favorite place in school?,,
ID00207,0000b67e,51,「炎天下の校庭。５分で熱暴走だよ」,Playground's scorching. Overheat in five.,,
ID00207,0000b898,18,「はははは」,Hahaha,,
ID00207,0000b8eb,36,「心美先生って、見た目、,Sensei looks like,,
ID00207,0000b91e,39,　お前らと変わんないよな」,"you guys, right?",,
ID00207,0000bb1b,51,「うん。先生だけ、時間が止まってる,Yeah. She just doesn't age.,,
ID00207,0000bb5d,24,　みたいだよね」,It seems that way.,,
ID00207,0000bea3,60,「はっ、もしや、未来から来た時間旅行者」,"Huh, could she be a time traveler from the future?",,
ID00207,0000c1ba,15,「ねーよ」,Nope.,,
ID00207,0000c20a,45,「夏休みがないのはなんだけど、,"Guess it's 'cause no summer break,",,
ID00207,0000c246,48,　いい学校だよな、光海学園って」,"Mitsumi Academy is a great school, right?",,
ID00207,0000c409,63,「ミツミキャンプも、合宿みたいで楽しいよ」,Mitsumi Camp is like a retreat and really fun too.,,
ID00207,0000c5c4,54,「校則だと、学園内の携帯電話の使用を,"The school rules ban cell phone use,",,
ID00207,0000c609,48,　禁じてるのって、知ってるか？」,Do you know what they don't allow?,,
ID00207,0000c795,54,「知ってるよ。まるで守ってないけど」,I know. Even though we don't follow them.,,
ID00207,0000cad0,63,「タブレットもノートＰＣも持ち込んでるし、,"We bring tablets and laptops too, so",,
ID00207,0000cb1e,54,　校則的には、とんでもない不良だね」,"by the rules, we're total delinquents.",,
ID00207,0000ccbd,18,「はははは」,Hahaha,,
ID00207,0000cd10,54,「宿舎暮らしで困ってることがあれば、,"If you have any problems living in the dorms,",,
ID00207,0000cd55,15,　言えよ」,tell me.,,
ID00207,0000cf24,45,「んー、特にないよ、ありがと」,"Nah, nothing's wrong, thanks.",,
ID00207,0000d3eb,51,「地震が起きた時に、にい君の部屋へ,Can't run to your room when quake hits,,
ID00207,0000d42d,60,　逃げ込めないのは、不安ではあるけどね」,if there’s an earthquake though.,,
ID00207,0000d757,48,「宿舎の新聞って、読んでるか？」,"You read the dorm newspaper, right?",,
ID00207,0000d91a,39,「まさか。あんなの読むの、,No way. People only read those...,,
ID00207,0000d950,33,　パパの世代までだよ」,my dad's generation.,,
ID00207,0000dc76,42,「ネットの方が情報が早いし、,"News is faster on the internet anyway,",,
ID00207,0000dcaf,51,　スマホでいつでも見られていいよ」,and you can check your phone anytime.,,
ID00207,0000de5e,57,「宿舎で気に入ってるとこってあるか？」,Is there anything about the dorms you like?,,
ID00207,0000e02a,36,「部屋が広いとこだねー」,"It’s got a spacious room, huh?",,
ID00207,0000e1e1,39,「家から、ゲーム機とＰＣを,Brought my game console and PC.,,
ID00207,0000e217,60,　全部持ち込んで、アキバ仕様にしたいよ」,I want to make it Akihabara-style.,,
ID00207,0000e3f3,57,「ははは、お前が男子ならたまり場だな」,"Haha, if you were a guy.",,
ID00207,0000e5d2,36,「ユイ姉は３年生だから、,"Yui-nee is in her third year, so",,
ID00207,0000e605,51,　来年はもう学校で会えなくなるね」,we won't see each other at school next year.,,
ID00207,0000e7a1,21,「そうだな…」,Yeah...,,
ID00207,0000e949,60,「３人揃う最後の夏だし、大切にしたいね」,This is our last summer together.,,
ID00207,0000ec66,60,「宿舎暮らしだと、学校が近くていいねー。,Living on campus is great.,,
ID00207,0000ecb1,45,　歩くの遅いから大助かりだよ」,It really helps me out.,,
ID00207,0000ee7e,63,「まっすぐ家に帰って、勉強しろって事だぞ」,You should go straight home and study.,,
ID00207,0000ef70,27,「しないけどねー」,"I won't, though.",,
ID00207,0000f026,36,「うちの学校の周りって、,Nature surrounds our school.,,
ID00207,0000f059,48,　ヤシの木がいっぱい植わってて、,"There are lots of palm trees planted here,",,
ID00207,0000f098,30,　まるで南国だよな」,it feels like the tropics.,,
ID00207,0000f249,54,「成長したヤシの木は、意外と寒くても,Grown palm trees can actually withstand,,
ID00207,0000f28e,30,　耐えられるからね」,the cold surprisingly well.,,
ID00207,0000f57a,51,「ほら、東京の有名なテーマパークの,"See, there are even palm trees growing",,
ID00207,0000f5bc,45,　周りにも生えてるじゃない？」,around famous theme parks in Tokyo?,,
ID00207,0000f789,33,「お？　そうなのか？」,Oh? Really?,,
ID00207,0000f93d,33,「あそこのヤシの木が、,"Those palm trees over there,",,
ID00207,0000f96d,42,　自生する日本の最北端だって,are said to be the northernmost place,,
ID00207,0000f9a6,33,　言われてるんだよね」,That's what they say.,,
ID00207,0000fcab,36,「この間、休み時間に…」,The other day during break time...,,
ID00207,0000fe62,48,「ほうほう、いいねー。楽しそう」,"Wow, that's cool. Sounds fun.",,
ID00207,00010045,60,「真奈の“いきなり学園ランキングー！”」,Mana's 'Sudden School Ranking!',,
ID00207,000105d2,60,「生徒の間で、一番人気のデートスポットは,What's the most popular date spot among students?,,
ID00207,0001061d,27,　どこでしょう？」,Where do you think it is?,,
ID00207,000108dc,24,「…遊園地か？」,...Amusement park?,,
ID00207,00010a87,18,「当たりー」,Bingo.,,
ID00207,00010b0b,30,「あそこぐらいしか、,There's hardly anywhere else,,
ID00207,00010b38,39,　娯楽施設がないからなぁ」,No entertainment around.,,
ID00207,00010e57,60,「ちなみに次点は、海の丘公園の夜景だよ。,Second place is the night view at Seaside Park.,,
ID00207,00010ea2,30,　きれいだからねー」,"It's pretty, you see.",,
ID00207,00011073,48,「お前は、意外と海外の学校の方が,You might actually get along better,,
ID00207,000110b2,39,　合うのかもしれないぞ？」,at a school overseas?,,
ID00207,0001126c,18,「なんで？」,Why not?,,
ID00207,000112e6,42,「自由そうだし、ヘンな研究を,Seems free and weird research.,,
ID00207,0001131f,51,　一生やってる人とか多そうだろ？」,"Lots do it their whole lives, right?",,
ID00207,0001153f,45,「ん～、そうかもしれないけど、,"Hmm, maybe so, but",,
ID00207,0001157b,45,　アニメやマンガから遠ざかる」,away from anime and manga,,
ID00207,0001168b,42,「ああ、日本のオタク文化から,"Yeah, away from Japanese otaku culture",,
ID00207,000116c4,27,　離れられないか」,can't you get detached?,,
ID00207,00011872,36,「２次元の表現において、,"In terms of two-dimensional media,",,
ID00207,000118a5,36,　日本は最先端だからね」,"Japan's at the forefront, you know.",,
ID00207,00011a45,42,「屋上の花ってきれいだよな」,The flowers on the roof are pretty.,,
ID00207,00011c02,15,「だねー」,Right?,,
ID00207,00011da4,63,「花の香りは、デジタルじゃ伝えられないし、,"You can't convey the scent of flowers digitally,",,
ID00207,00011df2,36,　その場限りの魅力だね」,It's a one-time-only charm.,,
ID00207,00011fc9,51,「被写体を求めてウロウロしてると、,Wandering for photo subjects...,,
ID00207,0001200b,39,　階段の上り下りが多くて、,Lots of stairs up and down.,,
ID00207,00012041,57,　エスカレーターをつけて欲しくなるよ」,so you start wishing there were escalators.,,
ID00207,0001220d,57,「それならエレベーターをつけてくれれば,"Then just add an elevator,",,
ID00207,00012255,24,　いいと思われ」,That'd be good.,,
ID00207,000123d6,60,「いや、それだとレコチャンス的にだな…」,"No, that would increase the chances of...",,
ID00207,000125f9,48,「にい君が、盗撮でつかまる確率が,Your chances of getting caught filming,,
ID00207,00012638,27,　ジャンプアップ」,would go up.,,
ID00207,00012987,54,「…にい君がＥ動画部に染まっていく」,...you'll get sucked into E-Drama Club.,,
ID00207,00012a5e,54,「ちょ、ちょっと思っただけだって！」,I-I just thought of it!,,
ID00207,00012ad5,45,「ミツミキャンプが終わったら、,Check out my room later.,,
ID00207,00012b11,54,　真っ先にやりたいことってなんだ？」,What's the first thing you want to do?,,
ID00207,00012cda,39,「部屋のレトロゲーム機で、,"Play retro games in my room,",,
ID00207,00012d10,39,　名作ゲームをやり込むよ」,beat some classic titles.,,
ID00207,0001303c,33,「にい君もつき合う？」,You wanna join me?,,
ID00207,0001308b,39,「せめて最新のにしてくれ」,At least let it be a new one.,,
ID00207,00013245,27,「むむ…にい君は、,"Hmm... @str_000,",,
ID00207,0001326f,45,　もっとレトロゲームの良さを、,Recognize retro games' charm more.,,
ID00207,000132ab,42,　認識した方がよいと思われ」,I think it'd be good for you to do that.,,
ID00207,000135c3,33,「部活に入らないなら、,"If you're not joining a club,",,
ID00207,000135f3,48,　自分で作ってみるのはどうだ？」,How about making your own?,,
ID00207,000137b6,24,「なんの部を？」,What club?,,
ID00207,000137fc,33,「お前が楽しめる部だ」,A club that you can enjoy.,,
ID00207,000139b0,36,「じゃあ、ＳＯＭ団だね」,"So, the SOM Club then.",,
ID00207,00013a02,12,「あ？」,Huh?,,
ID00207,00013b6a,51,「世界を大いに楽しむ為の真奈の…」,Mina's for really enjoying the world...,,
ID00207,00013c0f,36,「…お前は、宇宙人だの、,"...you want to gather aliens,",,
ID00207,00013c42,42,　未来人だのを集める気か？」,time travelers and such?,,
ID00207,00013dff,33,「いいねー、楽しそう」,Sounds fun!,,
ID00207,00013f9c,36,「セーラー服とブレザー、,"Sailor uniform and blazer,",,
ID00207,00013fcf,36,　どっちが好きなんだ？」,which one do you like better?,,
ID00207,00014186,27,「セーラー服だよ。,Sailor uniform.,,
ID00207,000141b0,42,　海のそばの学園らしいしね」,"It suits the school by the sea, right?",,
ID00207,000144df,63,「それに、初等部からずっとセーラー服なのに,"And, I've been wearing it since elementary school,",,
ID00207,0001452d,63,　実はブレザーが好きとか、悲しいと思われ」,Secretly liking blazers seems sad.,,
ID00207,00014947,57,「そんな子の為にも、ブレザーが選べると,"I feel like for those kids' sake,",,
ID00207,0001498f,36,　いいと思うんだよなぁ」,it'd be nice to have a choice.,,
ID00207,00014b46,18,「なるほど。,Makes sense.,,
ID00207,00014b67,54,　動画のバリエーションも増えるしね」,There'll be more variety in the videos too.,,
ID00207,00014d3d,18,「…まぁな」,"...Well, yeah.",,
ID00207,00014ef5,51,「この間、パパからメール来たけど、,"I got a mail from Dad recently, saying",,
ID00207,00014f37,39,　階段がギシギシいうから、,the stairs are creaking.,,
ID00207,00014f6d,45,　リフォームを検討してるって」,doing some renovations.,,
ID00207,00015275,15,「あぁ？」,Huh?,,
ID00207,00015417,51,「もしそうなると、ミツミキャンプが,"If that happens, we'll live there.",,
ID00207,00015459,63,　終わった後も、しばらく宿舎暮らしかもね」,for a while even after it ends.,,
ID00207,00015773,24,「なん…だと…」,What...did they...,,
ID00207,000157cc,33,「宿舎の暮らしって…」,Living in the dorms...,,
ID00207,000159c3,51,「うんうん、集団生活は苦手だけど、,"Yeah yeah, I'm not good with group living, but",,
ID00207,00015a05,30,　たまにはいいよね」,it's nice sometimes.,,
ID00208,000024da,51,「ラノベ読んで、恋だの、前世だのが,Reading light novels makes you curious.,,
ID00208,0000251c,63,　気になるとか、影響受けやすいヤツだなぁ」,You're easily influenced by that kinda stuff.,,
ID00208,00002589,45,「１００年足らずの現世だけで、,It's sad to think your life will end soon.,,
ID00208,000025c5,45,　命が終わるのは寂しいからね」,"In this world alone, I mean.",,
ID00208,00002889,57,「前世でも真奈とにい君は出会ってるし、,"Even if you met Mina in your previous life,",,
ID00208,000028d1,42,　来世でもきっと巡り会うよ」,We'll meet again in the next one.,,
ID00208,00002c5a,60,「よくブラックホールの論文とか読めるな」,You read papers on black holes pretty well.,,
ID00208,00002e29,48,「最初はよくわかんなかったけど、,"At first, I didn't really get it...",,
ID00208,00002e68,57,　調べてるうちにわかるようになったよ」,Got it as I kept looking into it.,,
ID00208,000031a6,45,「好きこそものの上手なれだね」,"You gotta love what you do, huh?",,
ID00208,00003214,63,「『月刊ナスカ』だっけ？　あのオカルト本、,"Isn't that 'Monthly Nasca'? That occult book,",,
ID00208,00003262,33,　毎月買ってるのか？」,you buy a new one every month?,,
ID00208,00003416,54,「ほぼね。同好の士のバイブルだから」,Pretty much. It's like the Bible for us nerds.,,
ID00208,00003751,21,「貸そうか？」,Want to borrow it?,,
ID00208,00003794,24,「い、いいって」,S-Sure.,,
ID00208,000037ed,57,「海の丘公園の鐘の音って、きれいだな」,The bell at Ocean Hill Park sounds pretty.,,
ID00208,000039b9,57,「そうだねー。仲が良さそうなカップルが,"Yeah, some couples look close.",,
ID00208,00003a01,30,　鳴らすと、特にね」,Especially when you ring it.,,
ID00208,00003d0d,36,「お前って、どんな音楽を,What kind of music do you like?,,
ID00208,00003d40,33,　よく聞くんだっけ？」,You usually listen to?,,
ID00208,00003ef4,33,「アニソンとか歌謡曲」,Anime songs and pop tunes.,,
ID00208,0000407e,54,「たまーに、ロックっぽいのも聴くよ」,Sometimes I listen to stuff that's kinda rock too.,,
ID00208,000041f8,39,「ロック？　そうなのか？」,Rock? Really?,,
ID00208,0000424d,54,「アニメのバトルシーンのＢＧＭって、,"The BGM for anime battle scenes,",,
ID00208,00004292,60,　ギターがギュンギュンだったりするから、,The guitar riffs are intense.,,
ID00208,000042dd,24,　その影響だね」,It's that influence.,,
ID00208,000048f9,45,「うちの図書室は、もうちょっと,Our library could use a few more books,,
ID00208,00004935,48,　私好みの蔵書を増やしてくれると,that suit my taste.,,
ID00208,00004974,30,　いいんだけどねー」,That'd be nice.,,
ID00208,00004b60,27,「どんな本だよ？」,What kind of books?,,
ID00208,00004d0e,57,「現代では解明しきれない自然科学とか」,Natural sciences we can't explain.,,
ID00208,00004d75,42,「オカルト本ってことだろ？」,You mean occult books?,,
ID00208,00004f32,42,「あははー、そうともいうね」,"Haha, you could say that.",,
ID00208,0000510f,57,「いつもどんなので音楽聴いてるんだ？」,What kind of music do you usually listen to?,,
ID00208,000052db,21,「スマホだね」,On your phone?,,
ID00208,00005483,54,「部屋では、小さなスピーカーがついた,"In my room, I connect it to a dock",,
ID00208,000054c8,42,　ドックに繋いで聴いてるよ」,I listen with little speakers.,,
ID00208,0000580a,36,「聴きたい曲が増えたら、,"When more songs appeal,",,
ID00208,0000583d,57,　定額配信サービスに入りたいなーって」,Wanna sign up for one.,,
ID00208,00005b51,33,「定額配信サービス？」,Subscription streaming service?,,
ID00208,00005d05,54,「知らない？　月々９８０円ぐらいで、,"You don't know? It's like 980 yen a month,",,
ID00208,00005d4a,57,　何千万曲もの音楽が聴き放題になるの」,and you can listen to millions of songs.,,
ID00208,0000605e,48,「ああ、ネットニュースで見たな」,"Oh yeah, I saw it on the internet news.",,
ID00208,00006221,39,「ちょっと料金が高いのと、,The price is kinda high.,,
ID00208,00006257,48,　アニソンが少ないのがネックで、,"there aren't many anime songs, so",,
ID00208,00006296,45,　登録に踏み切れないんだよね」,I haven't signed up yet.,,
ID00208,00006594,48,「月に何冊ぐらい本を買ってる？」,How many books do you buy each month?,,
ID00208,00006757,63,「マンガとラノベを中心に５、６冊ってとこ」,"Mainly manga and light novels, about 5 or 6.",,
ID00208,000067c4,27,「結構買ってるな」,You buy a lot.,,
ID00208,00006972,48,「内容的に、買わざるを得ない本が,"There are some books I have to read,",,
ID00208,000069b1,21,　あるからね」,so...,,
ID00208,00006b42,51,「ファッション誌って読んでるか？」,Do you read fashion magazines?,,
ID00208,00006d08,54,「ユイ姉が出てるのはチェックするよ。,I check out the ones with Yui-nee in them.,,
ID00208,00006d4d,27,　きれいだよねー」,She's so pretty.,,
ID00208,0000706d,30,「まぁ…私が着ても…,Well... If I wore them...,,
ID00208,0000709a,39,　結果はわかってるけどね」,the result would be obvious.,,
ID00208,000073fe,48,「この間、聴いた曲なんだけど…」,By the way... I heard a song recently...,,
ID00208,00007604,54,「ほうほう、それはネットで探さねば」,"Hmm, I'll have to look it up online.",,
ID00208,0000767b,48,「街の図書館って利用してるか？」,Do you use the city library?,,
ID00208,0000788d,33,「んー、そうでもない。,"Hmm, not really.",,
ID00208,000078bd,45,　あんまりいい本がないからね」,There aren't many good books there.,,
ID00208,00007d8d,33,「ラノベと、マンガと、,"Novels and manga,",,
ID00208,00007dbd,36,　超自然科学のコーナーを,It should be better stocked.,,
ID00208,00007df0,36,　もっと充実すべきだよ」,It needs more books.,,
ID00208,0000823d,57,「図書室はクーラーが教室より効いてて、,The library's AC is better.,,
ID00208,00008285,30,　快適なんだよなぁ」,it's really comfy.,,
ID00208,00008399,42,「うんうん、にい君みたいに、,"Yeah, yeah, like you, Bro-kun,",,
ID00208,000083d2,48,　涼むのが目的の生徒も多いよね」,a lot of students come here just to cool off.,,
ID00208,000084ce,36,「俺だって、本読んだり、,"I read books and study too,",,
ID00208,00008501,36,　勉強したりしてるって」,"you know,",,
ID00208,000086b8,21,「たまーにね」,sometimes.,,
ID00208,000086fb,39,「それは…まぁ、そうだな」,Well... yeah.,,
ID00208,00008763,42,「電子書籍って買ってるか？」,You buy e-books?,,
ID00208,00008963,36,「うん。もう売ってない、,"Yeah, they don't sell them anymore,",,
ID00208,00008996,51,　昔のマンガとか買うのにいいよね」,They're great for buying old manga.,,
ID00208,00008bee,63,「音楽と同様、デジタル化は止められないよ」,"Just like music, digitalization is unstoppable.",,
ID00208,00008cc8,54,「イヤフォンってどんなの使ってる？」,What kind of headphones do you use?,,
ID00208,00008ebe,48,「スマホについて来たのだけど？」,The ones that came with your phone?,,
ID00208,00008f1c,36,「こだわりはないのか？」,No particular preference?,,
ID00208,0000912d,51,「あるよー。いつか耳の型を取って、,"I do. Someday I'll get my ears cast,",,
ID00208,0000916f,45,　私専用のカスタムイヤフォンを,A custom-made headphone just for me.,,
ID00208,000091ab,27,　作ってみたいね」,I'd like to try that.,,
ID00208,0000946a,33,「そんなのあるのか？」,Is there something like that?,,
ID00208,0000961e,33,「究極のフィット感で、,It has the ultimate fit.,,
ID00208,0000964e,51,　音漏れもかなり防げるみたいだよ」,and it blocks out sound pretty well too.,,
ID00208,00009824,30,「高いんだろうなぁ」,They must be pricey.,,
ID00208,000099ed,30,「値段は、まぁ…ね」,The price is steep...,,
ID00208,00009c12,48,「コンビニのマンガコーナーって、,"The manga section at the convenience store,",,
ID00208,00009c51,39,　どんどん小さくなるよな」,"gets smaller and smaller, you know.",,
ID00208,00009e0b,51,「マンガは、紙と同時に電子書籍版が,Manga comes out in both formats.,,
ID00208,00009e4d,30,　出ることも多いし、,right?,,
ID00208,00009e7a,51,　そっちに移行してるんじゃない？」,aren't they shifting to ebooks?,,
ID00208,0000a17b,42,「立ち読みできなくなるのは、,You can't browse anymore.,,
ID00208,0000a1b4,27,　寂しいけどねー」,but whatever...right?,,
ID00208,0000a34b,57,「ＣＤって、何枚ぐらい持ってるんだ？」,How many CDs do you have?,,
ID00208,0000a517,24,「１０枚ぐらい」,"""About ten.""",,
ID00208,0000a55d,33,「思ったより少ないな」,Not as many as I thought.,,
ID00208,0000a711,51,「ずいぶん前から、ダウンロード版を,I started buying the download version,,
ID00208,0000a753,48,　買うようになっちゃったからね」,"a while ago, you see.",,
ID00208,0000aa51,54,「リッピングする手間が省けていいよ」,It saves me from having to rip them.,,
ID00208,0000aac8,42,「この間、読んだマンガで…」,"The other day, I read a manga where...",,
ID00208,0000ac85,57,「あ、それなら読んだよ。面白いよねー」,"Oh, I've read that one too. It's pretty good.",,
ID00208,0000ae97,57,「音楽のライブって行ったことあるか？」,Ever been to a live music concert?,,
ID00208,0000b063,57,「ないよー。特に好きなアーティストが、,"Nope. Especially not for any artists I really like,",,
ID00208,0000b0ab,39,　いるわけじゃないからね」,I don't have any I like.,,
ID00208,0000b3a0,51,「特撮ヒーローのライブショーなら、,"But if it's a tokusatsu hero live show,",,
ID00208,0000b3e2,36,　かぶりつきで見るけど」,I'd totally check that out.,,
ID00208,0000b5f6,18,「はははは」,Hahaha,,
ID00208,0000b649,57,「マンガ喫茶って利用したことあるか？」,Have you ever used a manga cafe?,,
ID00208,0000b86f,15,「ううん」,Nope,,
ID00208,0000ba11,45,「のぞいたことはあるんだけど、,"I've peeked inside before, but",,
ID00208,0000ba4d,45,　会員登録が必要で、生徒手帳を,You need to register as a member and,,
ID00208,0000ba89,57,　出さなきゃならないから、やめといた」,"Show your student ID, so I gave up.",,
ID00208,0000bd9d,63,「そっか。俺はそういうの気にしないけどな」,Gotcha. I don't really care about that stuff.,,
ID00208,0000bf6f,33,「個人情報は大切にね」,Keep your info safe.,,
ID00208,0000c10c,60,「テレビの音楽番組のアニソンの扱いって、,TV handles anime songs poorly.,,
ID00208,0000c157,21,　冷たいよな」,Isn't it?,,
ID00208,0000c2ff,57,「それ故に、たまにフィーチャーされると,"That's why when they're featured once in a while,",,
ID00208,0000c347,39,　みんな見ちゃうんだよね」,Everyone ends up watching them.,,
ID00208,0000c612,36,「そっか…思うつぼだな」,Gotcha... That's the spot.,,
ID00208,0000c7fd,15,「だねー」,Right?,,
ID00208,0000c84d,39,「長編マンガと短編マンガ、,"Long-form manga and short-form manga,",,
ID00208,0000c883,36,　どっちが好きなんだ？」,which one do you like better?,,
ID00208,0000ca3a,39,「ん～、人気が出ちゃうと、,"Hmm, once they get popular,",,
ID00208,0000ca70,57,　連載を続けざるを得なくなるからね～」,You can't help but continue the serialization~,,
ID00208,0000cdae,39,「１つ１つのエピソードが、,"Each episode,",,
ID00208,0000cde4,54,　単行本１、２冊ぐらいで完結して…」,...finishes in one or two volumes or so,,
ID00208,0000d0e8,54,「物語全体を、大きな伏線でまとめてる,Weaves it all together.,,
ID00208,0000d12d,30,　感じのがいいかな」,"It feels good, you know?",,
ID00208,0000d2f8,48,「マニアックな意見、ありがとよ」,Thanks for the niche opinion.,,
ID00208,0000d369,36,「これからの音楽って…」,What about music in the future...,,
ID00208,0000d520,54,「そうだね～、どうなるんだろうね？」,"Yeah, I wonder what'll happen?",,
ID00209,000025ba,45,「ネットの動画って見る方か？」,Are you the one who watches videos online?,,
ID00209,0000277a,21,「見てるよー」,I do watch 'em.,,
ID00209,000027bd,36,「どんなの見てるんだ？」,What kind of stuff do you watch?,,
ID00209,00002974,39,「アマチュアからプロまで、,"From amateurs to pros,",,
ID00209,000029aa,51,　なにかを創作してるのが好きだね」,"You like watching people create stuff, huh?",,
ID00209,00002ce2,54,「にい君の動画が、ネットに上がるのを,I look forward to your videos going up online,,
ID00209,00002d27,30,　楽しみにしてるよ」,I'm looking forward to them.,,
ID00209,00002dbf,18,「お、おう」,Y-Yeah.,,
ID00209,00002e12,51,「アニメって週何本ぐらい見てる？」,How many anime do you watch a week?,,
ID00209,00002fd8,27,「今期は２本だね」,Only two this season.,,
ID00209,00003021,33,「思ったより少ないな」,Not as many as I thought.,,
ID00209,00003224,45,「不作なんだよね…この夏は…」,It's a lean year...this summer...,,
ID00209,00003302,24,「そ、そうか…」,R-Right...,,
ID00209,0000335b,63,「アニメ以外だと、どんな番組見てるんだ？」,"Besides anime, what other shows do you watch?",,
ID00209,0000352d,51,「気になる特番はチェックしてるよ」,I check out any special programs that catch my eye.,,
ID00209,000036f3,57,「ピラミッドの調査とか、深海探査とか」,Like pyramid investigations or deep-sea exploration.,,
ID00209,000039fa,39,「見たことのない映像には、,"When I see new footage,",,
ID00209,00003a30,42,　興味を持たざるを得ないね」,I can't help but get interested.,,
ID00209,00003d3b,51,「にい君は、アポロが月へ行ったのを,"You saw when Apollo went to the moon, right?",,
ID00209,00003d7d,42,　信じる派？　信じない派？」,Believer? Non-believer?,,
ID00209,000041ea,51,「行ってないってあり得ないだろ？」,"It's impossible for it not to have happened, right?",,
ID00209,0000440a,39,「論争が起こるってことは、,There's a debate because,,
ID00209,00004440,60,　月面で録った映像に、疑念を感じる人が、,"Some people doubt the moon's footage,",,
ID00209,0000448b,45,　大勢いるってことなんだよね」,There are a lot of people like that.,,
ID00209,0000475c,57,「お前はどっちだって思ってるんだよ？」,Which side do you think I'm on?,,
ID00209,00004928,57,「私は、月に人が降り立ったってロマンを,I want to believe in the romance,,
ID00209,00004970,21,　信じたいよ」,I want to believe.,,
ID00209,00004a12,36,「映画館には行く方か？」,You're going to the movies?,,
ID00209,00004a64,27,「全然行かないよ。,I never go.,,
ID00209,00004a8e,45,　デートする相手もいないしね」,No one to date either.,,
ID00209,00004e59,60,「そっか、映画館は…デートの場所だよな」,"Oh, so movie theaters are... for dates?",,
ID00209,0000506f,57,「にい君的に、行きたい映画があるなら、,"If there's a movie you wanna see, I'll go with you.",,
ID00209,000050b7,33,　つき合ってあげるよ」,I'll go with you.,,
ID00209,000053b3,36,「なにが悲しくて妹と…」,What's sad about going with her?,,
ID00209,00005469,48,「１人で行くより、いいと思われ」,I think it'll be better than going alone.,,
ID00209,000056b9,30,「う…痛いとこを…」,Ow... You hit a sore spot...,,
ID00209,0000588d,45,「つき合ってあげるわけだから、,"I'm the one paying for it, so",,
ID00209,000058c9,48,　チケット代は、にい君持ちでね」,you'll have to cover your own ticket okay?,,
ID00209,00005a99,27,「絶対、行かねー」,I ain't goin',,
ID00209,00005af5,57,「最近は、どんなゲームやってんだよ？」,What kind of games are you playing these days?,,
ID00209,00005cc1,45,「スマホの無料ゲームが多いよ」,A lot of free mobile games.,,
ID00209,00005e81,63,「気軽に立ち上げられて、ちょっと遊べて…。,They're easy to start up and play a bit...,,
ID00209,00005ecf,63,　あの利便性は、家庭用ゲーム機の驚異だね」,That convenience is amazing.,,
ID00209,000061e9,30,「課金してんのか？」,You're paying for it?,,
ID00209,000063bd,39,「ううん。一度課金すると、,"Nope, once you start paying,",,
ID00209,000063f3,63,　歯止めが利かなくなりそうだからしてない」,"it's hard to stop, so I'm not doing that.",,
ID00209,00006700,27,「お小遣いが全部、,All my allowance would go,,
ID00209,0000672a,54,　プリペイドカードに変わっちゃうよ」,into prepaid cards...,,
ID00209,00006900,18,「はははは」,Hahaha,,
ID00209,00006953,51,「動画って、始めたばっかだけど…」,I just started making videos...,,
ID00209,00006b25,48,「うんうん、録りたいのを録るのが,"Yeah yeah, recording what you want is",,
ID00209,00006b64,18,　一番だよ」,the best.,,
ID00209,00006fc9,57,「プリントシール、きれいに撮れたねー」,Nice shot for a print photo.,,
ID00209,000070b3,30,「誰かに見せたか？」,Did you show it to anyone?,,
ID00209,00007264,48,「まだ。ユイ姉やまひろちゃんが、,Still waiting for Yui-nee and Mahiro.,,
ID00209,000072a3,60,　自然に気づいて、悔しがるのを待ってる」,"naturally notice, then feel bad about it.",,
ID00209,00007752,18,「ウプププ」,*giggle*,,
ID00209,000077ab,39,「俺とのプリントシールに、,My print photos aren't much.,,
ID00209,000077e1,36,　そんな価値ねーっての」,you're such a liar.,,
ID00209,00007846,30,「お前、ゲーセンで、,"You were at the arcade,",,
ID00209,00007873,54,　バンダナちゃんって呼ばれてんのな」,"They call you Bandana-chan, huh?",,
ID00209,00007927,45,「あははー、時々行ってるけど、,"Haha, I go there sometimes too, but",,
ID00209,00007963,48,　まだバンダナを外させる猛者とは,haven't met any tough guys yet.,,
ID00209,000079a2,27,　出会ってないよ」,I haven't either.,,
ID00209,00007c82,60,「真奈は、にい君がいつか動画にはまるって,Mina said you'd get hooked on videos someday.,,
ID00209,00007ccd,24,　わかってたよ」,knew it.,,
ID00209,00007e85,18,「なんで？」,Why not?,,
ID00209,0000802a,63,「初等部のころ、パパのデジカムを持ち出して,"When you were little,",,
ID00209,00008078,39,　録ったことあるでしょ？」,Didn't you?,,
ID00209,0000823f,48,「ん？　あったか？　そんなこと」,Huh? You remember that?,,
ID00209,00008402,36,「あれれ、覚えてない？」,"Oh, you don't remember?",,
ID00209,000085b9,48,「私には…大切な思い出だけどね」,It's a precious memory to me...,,
ID00209,000088ca,54,「うちの学校で、一番画になる場所って,The place with the best view in our school is,,
ID00209,0000890f,15,　どこ？」,Where's that?,,
ID00209,00008ac1,57,「それは……やっぱり、海とプールだな」,That'd be...the beach and pool.,,
ID00209,00008ce7,48,「…水着の女子がお好きなようで」,...you seem to like girls in swimsuits.,,
ID00209,00008d45,45,「そ、そうじゃなくて、どっちも,"N-No, I meant both of them.",,
ID00209,00008d81,45,　うちの学校らしい場所だろ！」,This is a typical spot at our school!,,
ID00209,00008def,39,「夏といえば、怪談だよな」,Let's hear ghost stories.,,
ID00209,00008fd6,63,「だねー。ネットの動画がいっぱい増えるし、,"Yeah, there'll be a bunch of new videos online.",,
ID00209,00009024,36,　テレビも特番やるよね」,TV has specials too.,,
ID00209,000094ef,60,「けど、妙に画質が低いのはＣＧのねつ造を,Probably fake CG.,,
ID00209,0000953a,39,　ごまかしてるんだろうし、,...it's just faked anyway.,,
ID00209,00009570,63,　画質がきれいで鮮明なのはウソっぽいし…」,It looks too clear to be true...,,
ID00209,00009932,60,「デジタルは、心霊動画にとって受難だね」,Digital stuff's really tough for ghost videos.,,
ID00209,000099f3,42,「グルメ番組って見てるか？」,You watch cooking shows?,,
ID00209,00009bb0,27,「テーマによるね」,Depends on the theme.,,
ID00209,00009d27,42,「ハンバーガーとかピザなら、,"Like burgers or pizza,",,
ID00209,00009d60,27,　つい見ちゃうよ」,I can't help but watch.,,
ID00209,0000a056,42,「高級ステーキとか寿司は？」,What about fancy steaks or sushi?,,
ID00209,0000a213,48,「もっとカジュアルなのがいいよ。,Something more casual would be better.,,
ID00209,0000a252,51,　パパとママに連れてってもらうには,To get taken by Dad and Mom,,
ID00209,0000a294,36,　ハードルが高いからね」,it's a tall order.,,
ID00209,0000a5a6,45,「テレビドラマって見てるか？」,You watch TV dramas?,,
ID00209,0000a686,42,「んー、興味をそそられるのが,"Hmm, nothing really grabs me",,
ID00209,0000a6bf,27,　ないんだよねー」,I don't know.,,
ID00209,0000aa02,45,「アニメを２本見た方がいいよ」,It's better to watch two anime.,,
ID00209,0000aa70,54,「テレビって、毎年、同じような映画を,TV shows the same movies yearly.,,
ID00209,0000aab5,27,　放送してるよな」,They air them every year.,,
ID00209,0000aafe,54,「みんな、つい見ちゃうからじゃない？,"Everyone ends up watching them, right?",,
ID00209,0000ab43,42,　視聴率がある程度取れるから,They get a decent viewership.,,
ID00209,0000ab7c,33,　放送するんだろうし」,They'll probably air it.,,
ID00209,0000aea2,57,「ＳＮＳで実況したり、見る側が工夫して,People comment on SNS while watching.,,
ID00209,0000aeea,27,　楽しんでるよね」,"You're having fun, right?",,
ID00209,0000b1e6,57,「この間、ネットの動画ですごいのが…」,The other day I saw a really cool video online...,,
ID00209,0000b3b2,57,「むむ…それは、まさにプロの犯行だね」,Hmm... That's definitely the work of a pro.,,
ID00209,0000b567,51,「お前の“踊ってみた”のおかげで、,"Thanks to your 'dance challenge' video,",,
ID00209,0000b5a9,63,　なんとか動画が形になったよ。ありがとな」,I was able to put together this one. Thanks!,,
ID00209,0000b6f7,45,「いやいや、どういたしまして」,"Oh no, it was nothing.",,
ID00209,0000b93d,57,「この夏、にい君が私にしてくれたことに,"This summer, what you did for me,",,
ID00209,0000b985,48,　比べれば、お安いお返しだよー」,it's nothing compared to that.,,
ID00209,0000bccd,45,「８ｍｍで録った動画はどう？」,How about the 8mm video?,,
ID00209,0000bd28,36,「レトロな良さがあるよ。,It has a nice retro feel.,,
ID00209,0000bd5b,60,　今なのに、過去の映像を見てるみたいな」,Feels like I'm seeing footage from the past.,,
ID00209,0000bf2a,63,「今なのに過去…か。いいね、そういう感覚」,Past-like even now? Nice.,,
ID00209,0000c281,45,「にい君って、私を録ってる時、,What were you thinking when you recorded me?,,
ID00209,0000c2bd,30,　なに考えてるの？」,What were you thinking?,,
ID00209,0000c47b,45,「な、なにって…この夏のお前を,What... this summer...,,
ID00209,0000c4b7,27,　記録しようと…」,to keep a record of you...,,
ID00209,0000c500,45,「かわいいなーとか、ないの？」,You didn't think 'she's cute' or anything?,,
ID00209,0000c7f0,63,「む……あくまで妹としてなら、そう思うぞ」,Hm... yeah.,,
ID00209,0000c85d,42,「ほうほう、素直でよろしい」,Oh? You're being honest. That's good.,,
ID00209,0000cc4d,54,「にい君って、写真には興味ないの？」,"Don't you have any interest in photography, Bro-kun?",,
ID00209,0000ccb1,51,「静止画は、動画とは違った難しさが,"Still photos are different from videos,",,
ID00209,0000ccf3,36,　ありそうなんだよな…」,They do...,,
ID00209,0000cd45,51,「写真は、動画に自信が持てるように,Build up video skills first.,,
ID00209,0000cd87,27,　なってからだな」,Think ahead.,,
ID00209,0000cf35,63,「ふーん、ちゃんと先のことを考えてるんだ。,"Hmm, so you actually plan things out.",,
ID00209,0000cf83,18,　やるねー」,Nice one!,,
ID00209,0000d148,45,「テレビ番組って、なんで同時に,Why not both?,,
ID00209,0000d184,51,　ネットで放送しないんだろうな？」,I wonder.,,
ID00209,0000d34a,54,「地方局の経営が厳しくなるからって、,It'd hurt local stations.,,
ID00209,0000d38f,30,　ネットに出てたよ」,It was on the internet.,,
ID00209,0000d516,33,「ああ…なるほどな…」,Oh... I see...,,
ID00209,0000d6ca,63,「ネット配信の流れは止められないだろうし、,"We can't stop the livestream now that it's started,",,
ID00209,0000d718,18,　大変だね」,this is bad.,,
ID00209,0000da42,60,「にい君みたいにいっぱい動画録ってたら、,"If you recorded as many videos as you did,",,
ID00209,0000da8d,48,　ハードディスクがいくらあっても,"No matter how much hard drive space you have,",,
ID00209,0000dacc,36,　足りないんじゃない？」,you're lacking imagination?,,
ID00209,0000ddcb,36,「ああ、整理が大変だよ」,Sorting's gonna be tough.,,
ID00209,0000df82,54,「家に帰ったら、私のサーバーの一部を,I'll set aside some space.,,
ID00209,0000dfc7,63,　にい君用に割り当てるよ。自由に使えば？」,You can use it however you want?,,
ID00209,0000e41c,39,「マジか！　ありがとな！」,Holy shit! Thanks a lot!,,
ID00209,0000e5d6,60,「自動でバックアップもしといてあげるね」,I'll set it up to do automatic backups for you,,
ID00209,0000e7bb,36,「俺にとって動画って…」,"To me, videos are...",,
ID00209,0000e972,33,「いいね、夢があって」,"That's great, you've got dreams",,
ID00210,0000433a,51,「雲を見ながら、世界の真理について,While looking at clouds.,,
ID00210,0000437c,45,　考えるなんて、お前らしいよ」,Thinking about that stuff is so you.,,
ID00210,00004569,15,「そう？」,Really?,,
ID00210,00004765,54,「雲が白いのにも、浮かんでいるのにも,It's because they're white and floating.,,
ID00210,000047aa,33,　理由があるのは当然」,It's obvious there's a reason.,,
ID00210,00004a99,48,「１つ１つの理由を解き明かして、,"By figuring out each and every reason,",,
ID00210,00004ad8,57,　世界の真理に、少しでも近づけたらって,I thought we could get closer to the truth.,,
ID00210,00004b20,15,　思うよ」,right?,,
ID00210,00004d0f,48,「お前って、内魔と仲いいんだな」,"You two are pretty close, huh?",,
ID00210,00004ed2,30,「話が合うからねー」,We just get along well.,,
ID00210,000050d3,51,「ゆーたんのスピリチュアルな話は、,Yutan's spiritual stuff is,,
ID00210,00005115,36,　真に迫ってて楽しいよ」,really engaging and fun.,,
ID00210,0000541a,39,「たまさんとは、よく一緒に,I hang out with Tamasan a lot.,,
ID00210,00005450,30,　買い物へ行くの？」,You go shopping together?,,
ID00210,000055d7,48,「あ？　この間はたまたまだって」,Huh? Last time it was just by chance.,,
ID00210,000057e9,21,「どーだか…」,I dunno...,,
ID00210,000059a1,63,「ったく、阿武壬さんから誘われもしないし、,"Man, I didn't get invited by Atsumi-san either.",,
ID00210,000059ef,36,　誘うこともないっての」,and I wouldn't invite her anyway.,,
ID00210,00005a54,57,「お前って、オタク方面に多趣味だよな」,You're such a nerd with lots of hobbies.,,
ID00210,00005c63,63,「うん。興味があることが尽きないからねー」,"Yeah, there's just so much that interests me.",,
ID00210,00005f0a,48,「お前とまひろって、性格も趣味も,You and Mahiro have different personalities.,,
ID00210,00005f49,45,　まるで違うのに、仲いいよな」,"but you guys are really close, huh?",,
ID00210,00006109,42,「姉妹みたいに育ったからね」,We grew up like sisters.,,
ID00210,000062c6,60,「まひろちゃんは、かわいくて、いい子で、,"Mahiro-chan is cute and a good kid,",,
ID00210,00006311,42,　にい君にはもったいないね」,You're wasting her.,,
ID00210,00006623,42,「なんで俺の話になるんだっ」,Why's it about me all of a sudden?,,
ID00210,0000668e,45,「休みの日ってなにしてんだ？」,What do you usually do on weekends?,,
ID00210,0000684e,39,「家に帰って、パパとママに,"When I get home, to my dad and mom",,
ID00210,00006884,30,　会ったりしてるよ」,I see my parents too.,,
ID00210,00006a6f,33,「へ～っ、そうなのか」,"Wow, I didn't know that.",,
ID00210,00006c7d,36,「にい君も顔出したら？」,Why don't you show your face?,,
ID00210,00006ccf,54,「まぁ…夏が終われば会えるからな…」,Well... we'll be able to meet after summer's over...,,
ID00210,00006d46,57,「お前の苦手なものって、なんだっけ？」,What was it you were bad at again?,,
ID00210,00006f61,15,「運動…」,Sports...,,
ID00210,00007113,33,「そっか、そうだよな」,"Oh yeah, that's right.",,
ID00210,00007321,39,「頭の体操は得意だけどね」,But I'm good at mental exercises.,,
ID00210,00007389,51,「部屋の掃除ってまめにしてるか？」,Do you clean your room often?,,
ID00210,0000754f,57,「してるよ。ほこりはＰＣの大敵だから」,"Yeah, dust is my PC's worst enemy.",,
ID00210,0000781f,51,「粘着テープクリーナーは必須だね」,You definitely need a sticky tape cleaner.,,
ID00210,000079ce,30,「お前とユイ姉って、,You and Yui-nee are both...,,
ID00210,000079fb,39,　姉妹だけど似てないよな」,Sisters but don't look alike.,,
ID00210,00007bb5,60,「あははー、見た目も性格も全然違うよね」,"Haha, so different.",,
ID00210,00007ebf,45,「私からすると、ユイ姉は太陽。,"To me, Yui-nee is like the sun.",,
ID00210,00007efb,39,　世界の中心にいる人だよ」,She's the center of the world.,,
ID00210,000080c2,60,「太陽…か。じゃあ、お前はなんなんだ？」,"The sun... huh? So, what about you?",,
ID00210,00008291,51,「私は、にい君という地球を回る月」,I'm a moon that orbits around Bro-kun.,,
ID00210,00008568,42,「あ？　俺は、お前と一緒に、,Huh? You mean I orbit Ui-nee with you?,,
ID00210,000085a1,57,　ユイ姉の周りを回ってるってことか？」,So you're saying we both orbit Yui-nee?,,
ID00210,0000876d,33,「そんな感じでしょ？」,"That's the vibe, right?",,
ID00210,000087bc,36,「…う～ん…そうかもな」,Hmm... maybe.,,
ID00210,00008821,54,「いつも何時ぐらいに寝てるんだよ？」,What time do you usually go to bed?,,
ID00210,000089ea,54,「１時ぐらいには寝るようにしてるよ。,I try to be in bed by one.,,
ID00210,00008a2f,15,　けど…」,But...,,
ID00210,00008bde,15,「けど？」,But?,,
ID00210,00008d80,51,「プログラムしてて、気づくと３時…,Sometimes I'm coding till 3...,,
ID00210,00008dc2,33,　なんてことも多いね」,It happens a lot.,,
ID00210,00008ee6,45,「もっと早く寝ないと体壊すぞ」,Sleep earlier or your body'll break.,,
ID00210,0000906f,57,「大丈夫。机で寝落ちして、気づくと朝、,I fall asleep at my desk and wake up in the morning.,,
ID00210,000090b7,39,　なーんてこともあるから」,"Stuff like that happens, you know?",,
ID00210,000092a6,42,「余計、体に悪いじゃねーか」,You'll just make it worse.,,
ID00210,0000934e,18,「あははー」,Heheh~,,
ID00210,000093c7,48,「太股にバンダナ巻いてるなんて、,"And tying a bandana around your thighs,",,
ID00210,00009406,27,　お前ぐらいだよ」,You're it.,,
ID00210,000095e9,27,「このバンダナは、,This bandana is,,
ID00210,00009613,45,　我が力を封じるリミッターッ」,"to seal my power, a limiter!!",,
ID00210,000097df,36,「決して、ファッションで,Not for fashion,,
ID00210,00009812,36,　巻いてるのではないッ」,I'm wearing it!!,,
ID00210,000099e3,39,「はいはい、知ってるって」,"Yeah, yeah, I know.",,
ID00210,00009a4b,57,「イヌとネコならどっちが好きなんだ？」,"Dogs or cats, which do you like better?",,
ID00210,00009c17,45,「んー、飼うならネコがいいね」,"Hmm, get a cat if you want.",,
ID00210,00009f12,57,「キータイプとかゲームの邪魔されたい」,I want something that'll distract me from games.,,
ID00210,00009f8c,36,「好きな花ってあるか？」,What's your favorite flower?,,
ID00210,0000a143,24,「タンポポだね」,"Dandelions, huh",,
ID00210,0000a36a,48,「綿毛で種を遠くへ飛ばすなんて、,How they spread so far!,,
ID00210,0000a3a9,42,　合理的ですごいなーと思う」,I think it's really cool and logical.,,
ID00210,0000a7f8,33,「お前って、月の小遣い,You've got a lot.,,
ID00210,0000a828,39,　いくらもらってるんだ？」,How much do you get?,,
ID00210,0000a9e2,51,「にい君が中２の時にもらってた額と,Same as before.,,
ID00210,0000aa24,18,　一緒だよ」,I'll talk to him.,,
ID00210,0000aa64,15,「そっか」,Oh yeah,,
ID00210,0000ac06,45,「にい君が値上げに成功すると、,"If Bro-kun manages to get a raise,",,
ID00210,0000ac42,57,　将来の私も自動的に上がるんだけどね」,mine will automatically go up too.,,
ID00210,0000ade4,54,「よし！　ミツミキャンプが終わったら,"Alright! As soon as Mitsumi Camp ends,",,
ID00210,0000ae29,24,　交渉してやる」,If that's true...,,
ID00210,0000afe0,63,「ほうほう…なら、この夏、いい成績取って、,Get good grades this summer.,,
ID00210,0000b02e,39,　交渉材料にしなきゃだね」,have something to bargain with.,,
ID00210,0000b3a1,12,「う…」,...,,
ID00210,0000b3ee,51,「この街で好きな場所ってどこだ？」,What's your favorite place in this town?,,
ID00210,0000b5b4,42,「アニメショップとゲーセンと,Anime shops and game centers and,,
ID00210,0000b5ed,30,　ブックカフェだね」,"book cafes, right?",,
ID00210,0000b774,33,「正しいオタクだなぁ」,You're a proper otaku.,,
ID00210,0000b7c3,27,「紛うことなきね」,That's for sure.,,
ID00210,0000b8f2,24,「俺って最近…」,I've been lately...,,
ID00210,0000ba9d,48,「そっか、私的にもいいと思うよ」,"Oh, I think it's good for me personally too.",,
ID00210,0000bc80,63,「はぁ…ハッキング騒ぎは大変だったなぁ…」,Phew... That hacking incident was a real hassle...,,
ID00210,0000bd3d,54,「あははー、お騒がせしちゃったねー」,"Haha, sorry about that!",,
ID00210,0000bf2c,39,「真相はまだ闇の中だけど、,"The truth is still unknown, but...",,
ID00210,0000bf62,45,　攻撃されたのは事実だから…」,it's a fact we got attacked...,,
ID00210,0000c0f8,54,「いつか、謎を解き明かしてみせるよ」,I'll solve the mystery someday.,,
ID00210,0000c495,12,「む…」,Ugh...,,
ID00210,0000c4cf,36,「どうした、急に黙って」,What's up? You suddenly quiet.,,
ID00210,0000c6cd,57,「あ、ごめん、思念体のことを考えてた」,"Ah, sorry, I was thinking about the thought body.",,
ID00210,0000c734,42,「ったく、家庭科室にこもって,"Man, always in home ec.",,
ID00210,0000c76d,48,　パソコンばっかいじってるから、,"Playing with your computer all day long, so",,
ID00210,0000c7ac,45,　そんな妄想に囚われるんだ！」,You get sucked into these fantasies!,,
ID00210,0000c96c,63,「妄想かどうかは、これからの解析次第だよ」,It depends on future analysis.,,
ID00210,0000ccc8,51,「どんな可能性も…拒絶はしない…」,I won't reject any possibilities...,,
ID00210,0000cfbf,48,「念のため、車には気をつけてよ」,"Just be careful when you're driving, okay?",,
ID00210,0000d01d,54,「わかってるって。気にしすぎだぞ？」,I know. You worry too much.,,
ID00210,0000d1e6,45,「用心に越したことはないから」,Better safe than sorry.,,
ID00210,0000d241,18,「はいはい」,Sure sure.,,
ID00210,0000d294,36,「いつまで俺の居場所を、,How long you gonna ask?,,
ID00210,0000d2c7,60,　アプリで発信しなきゃならないんだよ？」,You gotta send a message through the app.,,
ID00210,0000d331,54,「んー、書き込みが警告だったとして、,"Hmm, if that post was just a warning,",,
ID00210,0000d376,36,　あんまり間が空いてると,"If you take too long,",,
ID00210,0000d3a9,36,　意味を成さないから…」,it doesn't make sense...,,
ID00210,0000d79b,42,「この夏が終わるまで…かな」,Until the end of this summer... maybe?,,
ID00210,0000dac0,63,「やれやれ、意味なく俺の居場所を探るなよ」,"Man, don't go looking for my location for no reason.",,
ID00210,0000dc92,42,「大丈夫。レンタルビデオ店の,"No worries. Even if I'm there,",,
ID00210,0000dccb,39,　エッチコーナーにいても、,you'll just walk right past me.,,
ID00210,0000dd01,27,　スルーするから」,I won't notice.,,
ID00210,0000df0c,51,「行くかっ！　借りられねーだろ！」,All right! You can't rent them anyway!,,
ID00210,0000e0d2,42,「パッケージの写真だけでも、,Cover photos are fun too.,,
ID00210,0000e10b,27,　楽しめるよね？」,It's still enjoyable.,,
ID00210,0000e20e,51,「…どんだけ持て余してんだよ、俺」,...How much do I have to put up with here...,,
ID00210,0000e282,63,「お前がファッションに興味を持つとはなぁ」,You actually care about fashion now?,,
ID00210,0000e454,63,「ファッション？　…まぁ、気に入らない服は,"Fashion? ...Well, not much.",,
ID00210,0000e4a2,30,　着たくないからね」,I don't wanna wear it.,,
ID00210,0000e673,60,「まひろと一緒に、保健室へ駆け込んできた,Ran into Mahiro rushing to the infirmary,,
ID00210,0000e6be,36,　時は、ビックリしたぞ」,"Man, that surprised me",,
ID00210,0000e760,45,「あははー、お騒がせしました」,"Haha, sorry for the trouble.",,
ID00210,0000e7e1,45,「プライバシーの侵害だっての」,It was an invasion of privacy...,,
ID00210,0000e9a1,30,「あれは事故、事故。,It was an accident.,,
ID00210,0000e9ce,48,　いつもはちゃんと配慮してるよ」,I'm usually careful about these things.,,
ID00210,0000eaf2,21,「本当だな？」,Really?,,
ID00210,0000ec63,30,「ホ、ホントだよ…」,R-Really...!,,
ID00210,0000ee70,33,「なぜ目を逸らす！？」,Why are you looking away!?,,
ID00210,0000eebf,42,「まぁまぁ、妹を信用してよ」,"Calm down, trust your sister.",,
ID00210,0000f018,18,「ったく…」,...Man...,,
ID00210,0000f06b,63,「はぁ…自分で洗濯するのって、面倒だよな」,Phew... It's a hassle.,,
ID00210,0000f23d,60,「いつも洗ってくれてる、ママに感謝だね」,You should thank Mom.,,
ID00210,0000f2a7,42,「お前は面倒じゃないのか？」,Don't you find it troublesome too?,,
ID00210,0000f464,54,「私はいつも、お手伝いで、干したり、,I hang and dry it.,,
ID00210,0000f4a9,45,　畳んだりしてるから、大丈夫」,"I fold it too, so I'm fine.",,
ID00210,0000f7db,36,「真奈はいい子だからね」,Mina's a good girl.,,
ID00210,0000f968,60,「くっ、そんなとこで点数稼ぎやがって…」,"Kuh, scoring points in such places...",,
ID00210,0000fa51,24,「ふあ～～～っ」,Phew~,,
ID00210,0000fae4,24,「眠そうだなぁ」,You look sleepy.,,
ID00210,0000fcab,51,「考えごとばかりで、眠りが浅くて」,I can't sleep well because of all the worrying.,,
ID00210,0000fd86,54,「遅くまでプログラムやってるからだ。,I program late.,,
ID00210,0000fdcb,24,　さっさと寝ろ」,Go to bed already.,,
ID00210,0000fe7d,24,「ふあぁ～～い」,Fuuuuh...,,
ID00210,0000fed6,51,「芸能界に憧れたことはないのか？」,Never been into the entertainment industry?,,
ID00210,0000ff87,42,「あははー、私には無理だよ。,"Hahaha, it's not for me.",,
ID00210,0000ffc0,33,　きれいじゃないしね」,I'm not pretty enough anyway.,,
ID00210,000101a7,36,「いや、そんな悪くは…」,"No, I'm not that bad...",,
ID00210,0001035e,30,「にい君と一緒だよ」,I'm with you on this.,,
ID00210,000104e5,12,「ん？」,Hm?,,
ID00210,00010684,39,「ユイ姉の大変さを見たら、,"Seeing how hard Yui-nee works,",,
ID00210,000106ba,39,　そんな気、起きないって」,It's impossible.,,
ID00210,00010805,24,「…言えてるな」,You really mean it.,,
ID00210,0001085e,60,「自分を動物に例えると、なんだと思う？」,What animal do you think I'd be like?,,
ID00210,00010aa9,30,「出不精なモグラ…」,A mole that never comes out...,,
ID00210,00010c6a,39,「巣にこもってばかりか…」,Stays in its burrow all the time...,,
ID00210,00010d9e,27,「そういうことー」,That's right.,,
ID00210,00010e54,33,「ユイ姉と比べられて、,"Compared to Yui-nee, huh?",,
ID00210,00010e84,39,　困ったことはないのか？」,Don't you have any problems with that?,,
ID00210,0001103e,57,「ないよー。まるでタイプが違うからね」,Nope. We're totally different types.,,
ID00210,00011345,36,「もっと見た目が似てて、,"If we looked more alike,",,
ID00210,00011378,54,　モデルになりたいなんて思ってたら、,"and I wanted to be a model too,",,
ID00210,000113bd,45,　比べられて大変だろうけど…」,...it'd be tough.,,
ID00210,0001182a,27,「私は私だからね」,But I'm me.,,
ID00210,00011873,60,「…お前がマイペースなヤツでよかったよ」,I'm glad you're the laid-back type.,,
ID00210,000118f0,51,「ついやっちゃうクセってあるか？」,Do you have a habit of doing that?,,
ID00210,00011ab6,54,「暇があると、つい物思いしちゃうよ。,"When I have free time, I tend to daydream.",,
ID00210,00011afb,33,　空想は自由だからね」,"Imagination's free, after all.",,
ID00210,00011ccf,54,「１日の予定とか、スマホに入力したり,I put my daily schedule in my phone or something?,,
ID00210,00011d14,24,　してるのか？」,Do you?,,
ID00210,00011f3b,45,「んー、欲しいマンガの発売日を,Release date?,,
ID00210,00011f77,36,　入れたりしてたけど…」,I used to put that in too...,,
ID00210,0001234e,42,「大切なことは忘れないから、,"I won't forget what's important, so",,
ID00210,00012387,33,　結局意味がなくて…」,it doesn't really matter...,,
ID00210,00012561,48,「今じゃ、なーんにも入れてない」,I don't put anything in it now.,,
ID00210,000127b8,63,「にい君って、スマホのＳＮＳやんないの？」,"Don't you use social media on your phone, Bro-kun?",,
ID00210,00012869,63,「何度もユイ姉に誘われてるけど、断ってる。,I keep turning down Yui-nee's invitations.,,
ID00210,000128b7,63,　あれやって、これやってって言われるのは、,"She keeps telling me to do this and that, but",,
ID00210,00012905,27,　メールで十分だ」,Email's enough for me.,,
ID00210,0001299e,36,「あははー、苦労するね」,"Ahaha, you must have a hard time.",,
ID00210,00012a4d,36,「お前はどうなんだよ？」,What about you?,,
ID00210,00012c04,33,「私はユイ姉と楽しく、,"I chat with Yui-nee happily,",,
ID00210,00012c34,42,　絵文字でチャットしてるよ」,using emojis.,,
ID00210,00012eab,27,「うらやましい？」,Jealous?,,
ID00210,00012ef4,15,「ねーよ」,Nope.,,
ID00210,00012f44,48,「日記って、つけたことあるか？」,You ever kept a diary?,,
ID00210,00013081,18,「ないよー」,Nope~,,
ID00210,00013267,63,「自分のログは、ＳＮＳを見ればわかるしね。,"I can see my own log on SNS, right.",,
ID00210,000132b5,27,　それで十分だよ」,That's enough for me.,,
ID00210,000135d7,54,「服って、何着ぐらい持ってるんだ？」,How many clothes do you have?,,
ID00210,000137a0,27,「そんなにないよ。,Not really.,,
ID00210,000137ca,45,　気に入った服しか買わないし」,Only buy clothes I like.,,
ID00210,00013ac5,54,「ユイ姉と趣味が一緒なら、お下がりで,Hand-me-downs.,,
ID00210,00013b0a,48,　一気に衣装持ちなんだけどねー」,and be fully stocked with outfits.,,
ID00210,00013ca3,24,「ははは、だな」,"Haha, yeah.",,
ID00210,00013cfc,63,「お前って、意外と部屋を散らかさないよな」,You don't mess up your room as much as I thought.,,
ID00210,00013ece,54,「物を出したら、ちゃんとしまうように,Put it back.,,
ID00210,00013f13,24,　してるからね」,so that's why.,,
ID00210,000141f9,54,「図書室と一緒だよ。索引がずれたら、,"If the index gets messed up,",,
ID00210,0001423e,45,　見つけられなくなるでしょ？」,"you can't find anything anymore, right?",,
ID00210,000142dd,24,「耳が痛いよ…」,That hurts my ears...,,
ID00210,00014336,60,「いつか、住んでみたい場所ってあるか？」,Is there a place you'd like to live in someday?,,
ID00210,00014505,12,「宇宙」,space,,
ID00210,0001453f,15,「あぁ？」,Huh?,,
ID00210,000146e1,48,「人が気軽に宇宙へ行ける時代が、,Will there ever be a time when,,
ID00210,00014720,33,　早く来るといいねー」,that'd be awesome.,,
ID00210,0001480e,51,「俺らが生きてる間じゃ無理だろ？」,"We won't live long enough for that, right?",,
ID00210,000149d4,39,「クッ、出でよＵＦＯ～！」,"Ku, come out UFO~!",,
ID00210,00014b07,15,「ははは」,Heh heh heh,,
ID00210,00014b57,30,「お前って、実は…」,You're actually...,,
ID00210,00014bf3,63,「あははー、にい君には隠しごとできないね」,"Ahaha, you can't hide anything from big bro",,
ID00210,00014cd0,54,「ハッキング騒ぎがあったと思ったら、,I thought there'd be a hacking scandal...,,
ID00210,00014d15,57,　ヘッドマウントディスプレイで大騒ぎ。,Headset display caused a ruckus.,,
ID00210,00014d5d,54,　大人しくしないとパソコン禁止だ！」,Behave or you'll be banned from using the PC!,,
ID00210,00014f26,57,「うっ…それはまずい。気をつけるよ…」,Oh... That's bad. I'll be careful...,,
ID00210,000150ff,18,「ったく…」,...Man...,,
ID00210,0001526d,33,「心配かけてゴメンね」,I'm sorry for worrying you.,,
ID00210,0001531f,39,「遊園地、楽しかったねー」,The amusement park was so much fun.,,
ID00210,0001538d,60,「ああ、ヒーローショーも、ホラーハウスも,"Yeah, and the hero show, and the haunted house too",,
ID00210,000153d8,27,　盛り上がったな」,It was awesome.,,
ID00210,00015586,63,「いくつになってもいいもんだね、遊園地は」,"No matter how old you get,",,
ID00210,00015606,48,「１つだけ願いがかなうとしたら、,"If there was one wish that could come true,",,
ID00210,00015645,24,　なにを願う？」,what would you wish for?,,
ID00210,000157f0,54,「まひろちゃんを含めて、兄妹４人が、,"For the four of us siblings, including Mahiro-chan,",,
ID00210,00015835,45,　幸せに暮らしますようにって」,to live happily ever after.,,
ID00210,000158ed,51,「いい願いだけど、意外と普通だな」,"That's a nice wish, but it's surprisingly ordinary.",,
ID00210,00015ab3,45,「『魔法を司る者』の使命とは、,'The mission of those who wield magic' and,,
ID00210,00015aef,36,　分けて考えてるからね」,I think about them separately.,,
ID00210,00015c8f,45,「ずっと光海学園の制服だけど、,"I've always worn Mitsumi Academy's uniform,",,
ID00210,00015ccb,39,　他の制服を着てみたいって,I've always wanted to try,,
ID00210,00015d01,39,　思ったことはないのか？」,You've never even considered it?,,
ID00210,00015ebb,63,「まひろちゃんの制服はかわいいって思うよ。,I think Mahiro-chan's uniform is cute.,,
ID00210,00015f09,21,　シンプルで」,It's simple and all.,,
ID00210,000161ec,36,「けど、まひろちゃんは、,"But, Mahiro-chan says",,
ID00210,0001621f,60,　うちの制服がかわいいって言うんだよね」,that our uniform is the cutest.,,
ID00210,000163c4,39,「他山の石はなんとかだな」,That's what they say.,,
ID00210,00016469,27,「あはは、だねー」,"Aha, yeah.",,
ID00210,00016522,57,「外国で行ってみたい場所ってあるか？」,You ever wanna go anywhere abroad?,,
ID00210,000166ee,51,「あ、イースター島に行ってみたい」,"Oh, Easter Island.",,
ID00210,000168c1,39,「モアイ像が見たいのか？」,You want to see the Moai statues?,,
ID00210,00016a87,24,「そう。それに、,Yeah. And apparently,,
ID00210,00016aae,45,　星空がすごくきれいなんだよ」,the night sky is super pretty there.,,
ID00210,00016da7,42,「銀河を見つめるモアイ像は、,"The Moai gazing at the galaxy,",,
ID00210,00016de0,39,　一生記憶に残ると思うな」,I think.,,
ID00210,000170d2,42,「遠い星を想ってるのかもね」,Maybe they're thinking of distant stars.,,
ID00210,0001713d,45,「超能力って、あると思うか？」,Do you believe in psychics?,,
ID00210,00017340,27,「もちろんあるよ」,Of course I do.,,
ID00210,000174ee,45,「にい君だって、私が危ない時、,"Even you, @str_000, when I'm in danger,",,
ID00210,0001752a,42,　虫の知らせがあるでしょ？」,don't you get a feeling something's up?,,
ID00210,00017822,57,「人には、現代科学では解明されていない,I believe that humans have mysterious powers,,
ID00210,0001786a,51,　不思議な力が、絶対あると思うな」,that modern science can't explain.,,
ID00210,00017a19,45,「真奈の将来の夢ってなんだ？」,"What's your dream for the future, Mana?",,
ID00210,00017c55,63,「宇宙を見つめながら、真理を探究したいね」,You wanna gaze at the universe and search for truth.,,
ID00210,00017ddd,42,「今と変わんねーじゃねーか」,"You haven't changed at all, huh?",,
ID00210,00017fa6,36,「そう。このままずっと、,Forever.,,
ID00210,00017fd9,36,　追い求めたいってこと」,I wanna keep chasing it.,,
ID00210,00018179,45,「お前って、いつも素顔だよな」,You always show your true self.,,
ID00210,00018339,54,「失礼な。たまにはリップ塗ってるよ」,Rude. I do wear lipstick sometimes.,,
ID00210,000184d8,45,「それは、唇が荒れた時だろ？」,"That's only when my lips are chapped, right?",,
ID00210,0001854c,30,「あははー、まぁね」,"Hahaha, yeah",,
ID00210,0001875a,60,「いつか、グラビアの中のユイ姉みたいに、,I wanna be like her.,,
ID00210,000187a5,57,　バッチリメイクする日が来るのかなー」,Will I ever get to do a full makeup like that?,,
ID00210,00018a95,48,「大切にしてるものってあるか？」,Do you have anything precious to you?,,
ID00210,00018c58,27,「最初のバンダナ」,My first bandana.,,
ID00210,00018ca1,63,「ああ、初等部のころ、初めて結んだヤツか」,"Ah, that first time...",,
ID00210,00018e73,51,「私に…勇気をくれたアイテムだよ」,It's an item that gave me courage.,,
ID00210,0001904c,51,「来年は、一緒に夏祭りへ行こうよ」,Let's go to the summer festival together next year.,,
ID00210,000190ad,48,「そうだな。今年は、いつの間にか,Yeah. This year we ended up missing it somehow.,,
ID00210,000190ec,33,　行きそびれたからな」,We never made it.,,
ID00210,000192a0,21,「約束だよー」,It's a promise~,,
ID00210,000192f6,39,「お前って、ネットなしじゃ,You're useless without the internet,,
ID00210,0001932c,36,　生きていけないだろ？」,You can't even survive without it.,,
ID00210,0001945f,51,「オフラインは辛いねー、不便だよ」,"Being offline is tough, ain't it? So inconvenient.",,
ID00210,00019503,27,「父さんの時代は、,"Back in my day,",,
ID00210,0001952d,45,　オフラインが当たり前だぞ？」,being offline was the norm.,,
ID00210,000196b6,57,「それを言うなら、もっと昔の会社って、,"If we're talking about that,",,
ID00210,000196fe,48,　そろばんで会計してたんでしょ？,"companies used abacuses for accounting, right?",,
ID00210,0001973d,30,　信じられないよね」,Can't believe it.,,
ID00210,00019a6d,48,「時代の移り変わりってスゲぇな」,"How times change, huh?",,
ID00210,00019c30,54,「きっとこの先は、ＵＦＯがもたらした,I bet the future will bring,,
ID00210,00019c75,27,　未知の技術が…」,Technologies beyond us...,,
ID00210,00019e3d,18,「はいはい」,Sure sure.,,
ID00210,00019e90,48,「価値観って人それぞれだけど…」,Everyone's values are different...,,
ID00210,00019f81,33,「うんうん、兄妹だから,"Yeah yeah, as siblings,",,
ID00210,00019fb1,51,　わかり合えることって、あるよね」,"we understand each other, right?",,
ID00211,000025cc,63,「お前って、パソコンばっか使ってるわりには,You have good eyesight.,,
ID00211,0000261a,24,　目がいいよな」,Your eyes are sharp.,,
ID00211,000027c5,60,「そう！　我が魔眼に見通せぬものなしッ」,Right! My Magic Eye sees everything!,,
ID00211,00002873,18,「はははは」,Hahaha,,
ID00211,00002903,18,「あははー」,Heheh~,,
ID00211,0000297c,54,「わざわざ海の丘公園の坂を登るとか、,Just climbing up that hill at Seaside Park...,,
ID00211,000029c1,51,　意外と健康に気を遣ってたんだな」,You're actually pretty health-conscious.,,
ID00211,00002b87,42,「自分で言うのもなんだけど、,"I know I shouldn't say this, but...",,
ID00211,00002bc0,51,　スマホやＰＣに向かってばかりで、,"I'm always staring at my phone or PC,",,
ID00211,00002c02,27,　不健康だからね」,It's not exactly healthy.,,
ID00211,00003026,39,「あそこは見晴らしいいし、,The view's great from up there.,,
ID00211,0000305c,30,　気分転換にいいよ」,It'll be nice.,,
ID00211,000031f6,63,「身長って、クラスじゃどれぐらいなんだ？」,How tall are you in your class?,,
ID00211,000033c8,33,「ちょっと低い方だね」,"A bit lower down, though.",,
ID00211,0000374d,48,「姉がモデルとは思えないぐらい、,"She's so small, I can't believe she's a model.",,
ID00211,0000378c,33,　こぢんまりしてるよ」,You're pretty compact.,,
ID00211,00003b61,18,「はははは」,Hahaha,,
ID00211,00003bb4,45,「お前って、運動してないくせに,You don't work out at all but,,
ID00211,00003bf0,24,　太らないよな」,you never get fat.,,
ID00211,00003d9b,51,「指先だけは、ＰＣのキータイプで、,My fingers get a workout.,,
ID00211,00003ddd,33,　激しく運動してるよ」,"Seriously, I type like crazy.",,
ID00211,00003fb7,45,「カタカタカタカタカターッて」,Bippity boppity beep beep beep!,,
ID00211,0000406f,33,「自慢にならねーなぁ」,Nothing to brag about there.,,
ID00211,000040d1,39,「宿舎の枕には慣れたか？」,Are you used to the dorms?,,
ID00211,0000428b,36,「私には右腕という名の、,I've got a multi-purpose arm pillow,,
ID00211,000042be,42,　万能腕枕があるから大丈夫」,"called my right arm, so I'm fine.",,
ID00211,000045ed,36,「机でも使えて便利だよ」,It's handy even on desks.,,
ID00211,0000463f,39,「寝落ちしてんじゃねーか。,"You're not falling asleep, are you?",,
ID00211,00004675,36,　ちゃんとベッドで寝ろ」,Sleep properly in bed.,,
ID00211,0000495a,15,「はーい」,Okay!,,
ID00211,00004ae5,54,「健康で気遣ってることってあるか？」,Is there such a thing as being too healthy?,,
ID00211,00004cfd,51,「お風呂上がりに、濡れた髪のままで,You're still wet from the bath.,,
ID00211,00004d3f,39,　ネットを見ないことだね」,"Don't look at the internet, huh?",,
ID00211,000050b2,54,「ちゃんとドライヤーで乾かさないと、,"You have to dry your hair properly with a dryer,",,
ID00211,000050f7,39,　すぐ風邪引いちゃうから」,or you'll catch a cold right away.,,
ID00211,0000529a,54,「ショートへアにすれば、風呂上がりに,"If you had short hair, you could just",,
ID00211,000052df,57,　すぐ乾いて、風邪を引きにくくなるぞ」,"Dry right away, and you won't catch colds as easily.",,
ID00211,000054fa,30,「そうなんだけど…」,Well... I was thinking...,,
ID00211,000056f2,42,「美容師の人曰く、ゴワゴワで,The hair stylist said it's all frizzy and,,
ID00211,0000572b,51,　くせっ毛だから、ショートにすると,"curly, so if you go short,",,
ID00211,0000576d,36,　すごくハネちゃうって」,it'll stick up even more apparently.,,
ID00211,000058fa,48,「ロングの今でもハネてるしなぁ」,It's already sticking up with long hair too.,,
ID00211,000059a8,30,「あははー、だねー」,"Haha, yeah.",,
ID00211,00005aa7,30,「たまには健康的に、,"Sometimes be healthy,",,
ID00211,00005ad4,51,　日に焼けてみるってのはどうだ？」,How 'bout getting a tan for once?,,
ID00211,00005c9a,42,「その言葉、そっくりそのまま,I'm gonna return those words,,
ID00211,00005cd3,27,　にい君に返すよ」,right back at ya.,,
ID00211,00005d1c,39,「う……ガラじゃないことは,Ugh... It's not like me to,,
ID00211,00005d52,30,　しない方がいいな」,do something like that.,,
ID00211,00005f0f,18,「そうそう」,That's right.,,
ID00211,00005f62,33,「不摂生な生活って…」,...to live unhealthy.,,
ID00211,00006038,30,「うー、耳が痛いー」,"Ow, my ears are burning.",,
ID00211,00006179,51,「ジュースの効果はどうだったんだ？,How was the juice's effect?,,
ID00211,000061bb,36,　胸は大きくなったか？」,Did your boobs get bigger?,,
ID00211,00006372,30,「ん～、残念ながら、,"Hmm~, unfortunately,",,
ID00211,0000639f,60,　毎日飲まなきゃ、効果は出ないと思われ」,You have to drink it daily.,,
ID00211,000066e0,51,「少なくとも健康にはいいはずだよ。,At least it's good for your health.,,
ID00211,00006722,39,　栄養がいっぱいだからね」,It's packed with nutrients.,,
ID00211,000068c5,27,「雨に濡れたけど、,"I got wet in the rain,",,
ID00211,000068ef,60,　風邪引かなかったみたいだな。よかった」,but I don't seem to have caught a cold. Good.,,
ID00211,00006abe,57,「にい君が手を引いてくれたおかげだよ」,It's because you held my hand,,
ID00211,00006b75,18,「ありがと」,Thanks.,,
ID00211,00006bee,60,「お前って、ダイエットと無縁っぽいよな」,You don't seem to be into dieting or anything.,,
ID00211,00006dbd,54,「運動しない代わりに、過食もしない。,I don't overeat instead of exercising.,,
ID00211,00006e02,63,　特にストレスもないし、太る要素はないよ」,"No stress, no weight gain.",,
ID00211,00007328,51,「お前って、結構、風呂が短いよな」,"You don't spend much time in the bath, do you?",,
ID00211,000074ee,39,「そうだねー。体を洗って、,"Yeah, I just wash up and",,
ID00211,00007524,54,　ちょっと温もったらすぐ出ちゃうよ」,"as soon as I'm warm enough, I get out.",,
ID00211,000076c3,57,「のんびり入った方が健康にいいんだぞ」,It's healthier to take your time.,,
ID00211,0000788f,42,「暇を持て余すから、無理ー」,"I get bored waiting, so no way.",,
ID00211,00007998,39,「一番仲のいい友達って？」,What's your best friend?,,
ID00211,00007b52,30,「まひろちゃんだよ。,It's Mahiro-chan.,,
ID00211,00007b7f,39,　親友であり、お姉ちゃん」,She's my best friend and big sister.,,
ID00211,00007e74,54,「まひろちゃんがにい君のお相手なら、,"If Mahiro-chan's the one keeping you company,",,
ID00211,00007eb9,42,　真奈も安心なんだけどねー」,"Man, I'd feel a lot better about it.",,
ID00211,000080bd,36,「なんの話だ、なんの！」,What are you talking about? What!?,,
ID00211,00008122,45,「女子って体形を気にするよな」,"Geez, girls always worry about their bodies.",,
ID00211,000082e2,39,「巨乳の私には関係ないね」,It doesn't matter to me.,,
ID00211,00008337,42,「どこが巨乳なんだ、どこが」,"Where are my big boobs, where?",,
ID00211,000083a8,51,「エヘヘ、脳内では相当なもんだよ」,"Heheh, in my head they're huge.",,
ID00211,00008479,51,「夏バテしてないか？　大丈夫か？」,Are you okay?,,
ID00211,0000863f,24,「なんとかね～。,I'll manage.,,
ID00211,00008666,45,　早く涼しくなって欲しいよ～」,I wish it would cool down soon.,,
ID00211,000087c4,54,「お前の性格って、Ｂ型って感じだな」,Your personality seems like Type B.,,
ID00211,0000898d,21,「そうだねー。,Yeah.,,
ID00211,000089b1,48,　マイペースのＢ型っていうしね」,You're definitely a laid-back Type B.,,
ID00211,00008ce6,54,「多趣味なとこもＢ型っぽいと思うよ」,I think your many interests also seem like Type B.,,
ID00211,00008d4a,45,「オタク方面に偏ってるけどな」,Even if you do lean towards being an otaku.,,
ID00211,00008db8,21,「健康って…」,Health...?,,
ID00211,00008f60,54,「んー、わかってはいるんだけどねー」,"Well, I get it, but...",,
ID00211,0000942e,60,「熱が出た時、看病してくれてありがとね」,Thanks for taking care of me when I had a fever.,,
ID00211,00009498,33,「ったく、心配したぞ」,"Man, I was worried about you.",,
ID00211,00009512,60,「エヘヘ～、寝かしつけてくれたおかげで、,"Hehe~, thanks to you putting me to bed,",,
ID00211,0000955d,36,　一晩で熱が下がったよ」,The fever went down overnight.,,
ID00211,000098bf,63,「スマホの万歩計のアプリって、使ってる？」,Do you use the step counter app on your phone?,,
ID00211,0000992c,33,「いや、使ってないな」,"No, I don't.",,
ID00211,00009ae0,51,「毎日の歩数が記録されて面白いよ」,It's fun to see how many steps you take each day.,,
ID00211,00009ca6,48,「学校へ行ってる平日はともかく、,"I can understand during school days,",,
ID00211,00009ce5,48,　私の休日の歩かなさときたら…」,but my lack of movement on weekends...,,
ID00211,00009eb5,33,「そこに気づくために、,That's what the app does.,,
ID00211,00009ee5,39,　そのアプリがあるんだろ？,To notice that?,,
ID00211,00009f1b,24,　もっと歩けよ」,Walk more.,,
ID00211,00009fb1,45,「あははー、ネトゲのキャラは、,"Haha, she goes over fields.",,
ID00211,00009fed,51,　野を越え、山を越えなんだけどね」,you know?,,
ID00211,0000a230,45,「パソコンいじってばかりだと、,"If you're always fiddling with a PC,",,
ID00211,0000a26c,24,　肩凝るだろ？」,Your shoulders hurt?,,
ID00211,0000a45a,36,「うん、根を詰めるとね。,"Yeah, when I'm really focused,",,
ID00211,0000a48d,54,　あんまり痛いときは、湿布貼ってる」,I put on a patch if it hurts too much.,,
ID00211,0000a62c,48,「中２女子の初々しさがないなぁ」,You're not as innocent.,,
ID00211,0000a7ef,36,「先が思いやられるねぇ」,I can imagine it's tough.,,
ID00211,0000a8a8,36,「自分で言うな、自分で」,Don't say that about yourself.,,
ID00211,0000a90d,42,「たまに涼しい夜があるから、,"Sometimes the nights are cool, so",,
ID00211,0000a946,42,　風邪引かないようにしろよ」,Don't catch a cold.,,
ID00211,0000ab03,42,「にい君もね。油断大敵だよ」,you have to be careful too.,,
ID00211,0000abb2,30,「身長って、お前より,You're shorter than me.,,
ID00211,0000abdf,39,　まひろの方が高いよな？」,"Mahiro is taller, right?",,
ID00211,0000ad99,27,「ちょっとだけね」,Just a little.,,
ID00211,0000ade2,30,「体重はどうなんだ？,How about weight?,,
ID00211,0000ae0f,54,　背が低い分、お前の方が軽いよな？」,"Since you're shorter, you must be lighter.",,
ID00211,0000afd8,33,「う……鋭いとこを…」,Y-You got me there...,,
ID00211,0000b18c,48,「まひろちゃんは華奢だからねぇ。,Mahiro-chan is slim after all.,,
ID00211,0000b1cb,18,　それに…」,Besides...,,
ID00211,0000b4fa,30,「髪って…重いから」,Hair...is heavy though.,,
ID00211,0000b546,33,「運動だ、運動をしろ」,Exercise more!,,
ID00211,0000b741,63,「４０Ｋｇ台で文句を言われる筋合いなし！」,No room to complain at 40kg!,,
ID00211,0000b8e9,33,「お、おう、そうだな」,"Y-Yeah, you're right.",,
ID00211,0000b94b,45,「もっと健康に気遣った方が…」,You should care more about your health...,,
ID00211,0000b9f6,24,「にい君もね～」,Even you too~,,
ID00212,00002920,54,「いつか、泳げるようになるといいな」,"Sometime, I hope to be able to swim.",,
ID00212,00002ae9,63,「過度な期待はせず、コツコツ練習してるよ」,Just practicing steadily.,,
ID00212,00002d4f,63,「真の力を秘めなきゃならないのは、辛いね」,"It's tough having to hide your true strength, huh?",,
ID00212,00002e18,15,「ははは」,Heh heh heh,,
ID00212,00002ebc,57,「プールでまひろとなにやってたんだ？」,What were you doing with Mahiro in the pool?,,
ID00212,00003088,63,「あー、ちょっとリゾート気分を満喫してた」,"Ah, we were just enjoying a little resort vibe.",,
ID00212,00003267,15,「へーっ」,Cool!,,
ID00212,00003409,24,「楽しかったよ」,We had fun.,,
ID00212,0000347e,54,「まひろとプールでリゾート気分とか、,"Having a resort feel with Mahiro at the pool,",,
ID00212,000034c3,42,　面白そうなことやってんな」,Sounds like you guys had a fun time.,,
ID00212,00003680,60,「あれは、まひろちゃんのアイディアだよ」,"That was Mahiro's idea, actually.",,
ID00212,0000384f,63,「思いついたら即実行なとこが、すごいよね」,She acts on ideas fast.,,
ID00212,000038bc,33,「仲いいよな、お前ら」,"You two are really close, huh?",,
ID00212,00003a70,24,「あの行動力は、,That kind of drive...,,
ID00212,00003a97,45,　素直にうらやましいと思うよ」,I can't help but envy it.,,
ID00212,00003cb2,51,「一番マシな泳ぎ方って、なんだ？」,What's the best way to swim?,,
ID00212,00003e78,12,「潜水」,Diving.,,
ID00212,00003eb2,30,「沈んでるだけか…」,Just sinking...,,
ID00212,00004063,45,「前進方法はドッグパドルだね」,The way to move forward is the doggy paddle.,,
ID00212,000040be,48,「ドッグ？　…犬かきじゃねーか」,"Dog? ...That's the doggy paddle, right?",,
ID00212,00004281,33,「犬かきと侮るなかれ。,Don't dismiss doggy paddle.,,
ID00212,000042b1,36,　スピードは出ないけど、,"It may not be fast, but",,
ID00212,000042e4,42,　実は理にかなった泳法だよ」,it's actually a logical way to swim.,,
ID00212,000045fc,54,「プールと海、どっちが好きなんだ？」,Do you prefer pools or the sea?,,
ID00212,000047c5,39,「安全という点ではプール、,Pools are safer.,,
ID00212,000047fb,30,　楽しさでは海だね」,"For fun, it's the sea.",,
ID00212,00004b1e,48,「どっちにしても、授業以外なら、,"Either way, outside of class, you're a must.",,
ID00212,00004b5d,30,　にい君が必須だよ」,Iori-kun is required.,,
ID00212,00004d2e,45,「好きな水着ってどんなのだ？」,What kind of swimsuit do you like?,,
ID00212,00004f31,57,「ほうほう、妹に水着の好みを聞くとか、,Asking sis about suits.,,
ID00212,00004f79,45,　にい君もアグレッシブだねぇ」,"you're pretty aggressive, aren't ya?",,
ID00212,00005281,51,「ちょ、ちょっと気になったんだよ」,I just got curious for a sec.,,
ID00212,00005410,36,「好きなのはスク水だよ。,My favorite's the school swimsuit.,,
ID00212,00005443,33,　今しか着られないし」,Only I can wear it now.,,
ID00212,00005604,42,「おま、学校の外で着るなよ」,Don't wear it outside.,,
ID00212,000056ac,51,「あははー、小学生じゃあるまいし、,"Haha, we're not in elementary school anymore.",,
ID00212,000056ee,63,　そんな注目を浴びるようなことしないって」,I won't draw that much attention to myself.,,
ID00212,00005960,60,「泳げないとはいえ、暑い日の水泳の授業は,"Even if I can't swim, water classes on hot days are",,
ID00212,000059ab,27,　うれしいだろ？」,"nice, right?",,
ID00212,00005a44,45,「まぁねー。いい冷却になるよ」,Yeah. It's a good way to cool off.,,
ID00212,00005c3d,36,「毎年、まひろちゃんが、,"Every year, Mahiro-chan wears",,
ID00212,00005c70,54,　私が泳げるようにしようとするけど、,"I try to swim, but",,
ID00212,00005cb5,57,　そろそろあきらめた方がいいと思われ」,I think I should give up soon.,,
ID00212,00005e8e,45,「あいつは泳ぐの好きだからな。,He likes swimming.,,
ID00212,00005eca,36,　一緒に泳ぎたいんだろ」,You want to swim with me?,,
ID00212,0000604a,60,「潜りっこなら、つき合えるんだけどねー」,"If it's a diving contest,",,
ID00212,00006239,54,「うちのプールってゴージャスだよな」,Our pool is pretty fancy.,,
ID00212,00006402,51,「そうだね。自由時間オンリーなら、,"That's true. If it’s just free time,",,
ID00212,00006444,30,　リゾート気分だよ」,It feels like a resort.,,
ID00212,000066b1,33,「暑い日の水泳って…」,Swimming on a hot day...,,
ID00212,000068a8,42,「うんうん、気持ちいいよね」,"Yeah, it feels great.",,
ID00212,00006a4e,45,「スク水にエプロンってのは…、,A swimsuit with an apron...,,
ID00212,00006a8a,42,　さすがに刺激的だったなぁ」,It was pretty exciting.,,
ID00212,00006c47,57,「む、脈あり。思い切った甲斐があるよ」,Y-You're in luck. It paid off.,,
ID00212,00006e20,42,「まぁ、所詮妹なんだけどな」,"Well, she's still my little sister though.",,
ID00212,00006fdd,57,「うぐぐ…想定以上のハードルの高さ…」,...This is way harder than I thought...,,
ID00212,000071c9,60,（スク水のセクシーポーズよかったぞって、,(That sexy swimsuit pose was awesome],,
ID00212,00007214,48,　あらためて言うのもなんだよな。,Saying it again feels redundant.,,
ID00212,00007253,21,　妹だしな…）,She's my sister...,,
ID00212,000073fb,54,「むむ…よからぬことを考えてるね？」,Hmm... You're thinking naughty thoughts?,,
ID00212,000075d1,39,「な、なんでわかんだよ？」,H-How did you know?,,
ID00212,0000778b,30,「目を見ればわかる」,Your eyes give you away.,,
ID00212,0000793c,27,「細部は不明でも、,"Details are unclear,",,
ID00212,00007966,42,　思考の傾向はお見通しだよ」,I can read you well.,,
ID00212,00007b30,33,（くそ、鋭いヤツだ…）,"Crap, she's sharp...",,
ID00212,00007bc3,30,（真奈のスク水姿…）,(Mana in her swimsuit...),,
ID00212,00007e0a,15,「むむ…」,Hmmph...,,
ID00212,00008044,33,「そんなに見られると…,It's kind of embarrassing when...,,
ID00212,00008074,48,　さすがに恥ずかしいと思われ…」,...you stare at me like that.,,
ID00212,0000814e,18,「わ、悪い」,S-Sorry,,
ID00212,000081a1,33,「競泳選手の泳ぎって、,Swimmers are so fast...,,
ID00212,000081d1,36,　メチャクチャ速いよな」,that it's ridiculous.,,
ID00212,00008388,54,「速すぎて、同じ人類とは思えないよ」,They're too quick to be human.,,
ID00212,00008595,45,「真奈の戦闘力が１だとしたら、,"If Mana's power is 1, then...",,
ID00212,000085d1,27,　６千万はあるね」,You're at least 60M.,,
ID00212,00008798,39,「お前は泳げないから０だ」,"You can't swim, so you're a zero.",,
ID00212,00008952,48,「うぐぐ…その攻撃、１万超え…」,Ugh... That attack was over ten thousand...,,
ID00212,00008a46,63,「うちのスク水って、デザイン凝ってるよな」,Our swimsuits have such intricate designs.,,
ID00212,00008c18,45,「そうだねー、個性があるよね」,"Yeah, they really stand out.",,
ID00212,00008caa,21,「私は、普通の,I like the standard,,
ID00212,00008cce,45,　紺色のスク水も好きだけどね」,navy blue ones too.,,
ID00212,00008d88,60,「体操服が学年によって色が違うんだから、,"The colors of our gym uniforms change by grade,",,
ID00212,00008dd3,57,　スク水も色んな色があってもいいよな」,There are so many colors of swimsuits too.,,
ID00212,00008f9f,42,「夏だけしか着ないのに、毎年,We get new ones yearly.,,
ID00212,00008fd8,60,　買い換えるのは、もったいないと思われ」,"It feels like a waste, doesn't it?",,
ID00212,00009123,45,「成長すれば買い換えるだろ？」,You'll need new ones when you grow.,,
ID00212,000092e3,51,「ぐぬぬ…成長しない女子に対して、,Grr... So unforgiving...,,
ID00212,00009325,57,　容赦ない攻撃…。来年こそは反撃を…」,I'll make my comeback next year...,,
ID00212,0000955d,45,「海の家で食べる焼きそばって、,"The grilled noodles at the beach hut,",,
ID00212,00009599,33,　不思議とうまいよな」,strangely delicious.,,
ID00212,00009638,54,「海に来たーって感じがするんだよね」,"It feels like we're at the beach, you know?",,
ID00212,00009827,39,「私はかき氷の方がいいね」,"Personally, I prefer shaved ice.",,
ID00212,0000988f,57,「泳いだあと髪を乾かすの、大変だろ？」,"Drying your hair after swimming's a hassle, right?",,
ID00212,00009a9e,60,「だねー。いくら乾かしてもキリがないよ」,"Yeah, no matter how much you dry it.",,
ID00212,00009dec,51,「まぁ、ちょっとぐらい濡れてても、,"Well, even if my hair gets a little wet,",,
ID00212,00009e2e,51,　昼だし、風邪は引かないかなって」,"It's daytime, so I don't think I'll catch a cold.",,
ID00212,0000a014,30,「水泳の楽しさって」,"The fun of swimming, huh?",,
ID00212,0000a1c5,57,「だねー。泳げないなりに楽しんでるよ」,"Yep. Even though I can't swim, I'm still having fun.",,
ID00212,0000a52b,51,「遊園地のプール、楽しかったねー」,"The amusement park pool was fun, huh?",,
ID00212,0000a5cb,27,「ああ、そうだな」,Sure thing.,,
ID00212,0000a614,57,「けど、浮き輪から抜け出して潜るとか、,But don't try to dive without the float.,,
ID00212,0000a65c,27,　二度とやるなよ」,Got it?,,
ID00212,0000a7d3,36,「にい君がいれば大丈夫。,"With you around, I'm fine.",,
ID00212,0000a806,33,　私の心の浮き輪だよ」,You're my float for my heart.,,
ID00212,0000a8cb,39,「本物の浮き輪もしとけ！」,Get a real float too!,,
ID00212,0000aa85,15,「は～い」,Okay then.,,
ID00212,0000ac3a,60,「３人でやった泳ぎ納め、楽しかったねー」,The last swim with the three of us was fun.,,
ID00212,0000ace3,18,「そうだな」,You're right.,,
ID00212,0000ae88,33,「兄妹ではしゃぐのは、,Playing like siblings is fun.,,
ID00212,0000aeb8,36,　泳げなくても楽しいよ」,It's still fun watching each other.,,
ID00212,0000af4e,30,（真奈のスク水姿…）,(Mana in her swimsuit...),,
ID00212,0000b195,15,「あぅ…」,Ow...,,
ID00212,0000b3aa,27,「にい君だけだよ…,"Only you, Bro-kun...",,
ID00212,0000b3d4,42,　私をそんなにじっと見るの」,Why are you staring at me so intently?,,
ID00212,0000b4a8,18,「わ、悪い」,S-Sorry,,
ID00212,0000b50d,51,「挑戦したいマリンスポーツなんて…,I couldn't do those water sports.,,
ID00212,0000b54f,39,　泳げないし、ないよな？」,"I can't swim, right?",,
ID00212,0000b709,15,「あるよ」,"Yeah, I do.",,
ID00212,0000b746,39,「あるのか！？　なんだよ」,You do? What's that?,,
ID00212,0000b900,33,「深海探査艇に乗って、,I want to ride a deep-sea sub.,,
ID00212,0000b930,39,　未知の生物を探索したい」,and explore unknown creatures.,,
ID00212,0000bac0,57,「…ずいぶん大がかりなスキューバだな」,...That's quite an ambitious scuba diving plan.,,
ID00212,0000bb77,54,「あははー、夢は大きく持たなきゃね」,"Haha, gotta dream big!",,
ID00212,0000bc9b,48,「うちの学校に、スパッツタイプの,What if our school introduced swimsuits,,
ID00212,0000bcda,51,　スク水が導入されたらどうする？」,that are more like spats?,,
ID00212,0000bea0,63,「んー、着慣れないから違和感あるだろうね」,"Hmm, they feel weird on you.",,
ID00212,0000c0b6,60,「にい君的には、録ってみたいかもだけど」,You might wanna record it.,,
ID00212,0000c164,24,「…ま、まぁな」,"Well, yeah",,
ID00212,0000c1bd,45,「ビーチスポーツって好きか？」,Do you like beach sports?,,
ID00212,0000c37d,60,「泳ぐよりいいよね、溺れる心配がなくて」,"It's better than swimming, no risk of drowning.",,
ID00212,0000c522,42,「どんな競技が好きなんだ？」,What kind of sports do you like?,,
ID00212,0000c6df,30,「ビーチトスバレー」,Beach toss volleyball.,,
ID00212,0000c72b,30,「トスオンリーかよ」,"You're only gonna set, huh?",,
ID00212,0000c8dc,48,「ビーチバレー気分は味わえるよ」,You can still get the feel of beach volleyball.,,
ID00212,0000c94d,63,「もうすぐ、今年の水泳の授業も終わりだな」,"Soon, this year's swimming class will be over.",,
ID00212,0000cb62,15,「だねー。,Yeah.,,
ID00212,0000cb80,54,　やっと、命の危険から解放されるよ」,Finally free from the danger of drowning.,,
ID00212,0000ce84,39,「毎年泳ぎを習ってるのに、,"I've been learning to swim every year,",,
ID00212,0000ceba,36,　進歩がまるでないのは、,but no progress.,,
ID00212,0000ceed,48,　我ながらすごいなぁって思うよ」,and that's pretty amazing to me.,,
ID00212,0000d20b,30,「泳ぐ楽しさって…」,The joy of swimming...,,
ID00212,0000d3bc,63,「そうだねー。私もそれなりに楽しかったよ」,"Yeah, I had my fair share of fun too.",,
ID00213,00003c20,60,（体操服のセクシーポーズよかったぞって、,"(Your sexy gymnastics pose was pretty good, huh?",,
ID00213,00003c6b,48,　あらためて言うのもなんだよな。,Saying it again feels redundant.,,
ID00213,00003caa,21,　妹だしな…）,Sister after all...,,
ID00213,00003e7f,42,「どうかした？　ジッと見て」,Is something up? Keep staring at me.,,
ID00213,00003ed7,42,「い、いや、なんでもねーよ」,"N-No, it's nothing.",,
ID00213,000040ee,60,「ふむ…よからぬことを考えてると思われ」,Hmm... I guess you think I'm up to no good.,,
ID00213,00004158,33,（くそ、鋭いヤツだ…）,"Crap, she's sharp...",,
ID00213,0000431f,63,「マリアさんから、お手伝いを頼まれるとは、,It's surprising that Mariana asked for my help.,,
ID00213,0000436d,36,　ずいぶん親しいようで」,You two must be close.,,
ID00213,000044fa,48,「いいように使われてるだけだぞ」,"They're just using you, you know.",,
ID00213,00004686,36,「急にモテ度、確変中～」,Your popularity's rising~,,
ID00213,00004869,42,「ったく、なんだってんだよ」,"Damn it, what's going on?",,
ID00213,000048d4,42,「お前って、持久走遅いよな」,Long-distance running slow.,,
ID00213,00004a91,45,「そんなに急いでどこへ行く？」,Where are you in such a hurry to go?,,
ID00213,00004aec,42,「ゴールに決まってんだろ？」,Obviously to the finish line.,,
ID00213,00004ca9,39,「マイペース、マイペース」,"My own pace, my own pace.",,
ID00213,00004cfe,18,「はいはい」,Sure sure.,,
ID00213,00004d51,51,「バスケのイメトレは役立ったか？」,Did basketball practice help with your training?,,
ID00213,00004f5a,60,「うん。ゲームの盛り上げに貢献できたよ」,I contributed to the game.,,
ID00213,0000513c,48,「にい君のアドバイスのおかげで、,"Thanks to your advice, Bro-kun,",,
ID00213,0000517b,45,　走り幅跳びが楽しくなったよ」,I started enjoying long jump.,,
ID00213,00005215,63,「右足と左足、どっちの距離が伸びてきた？」,Which leg improved more?,,
ID00213,000053e7,45,「いい勝負だよ。右足と左足は、,Good match.,,
ID00213,00005423,39,　終生のライバルだからね」,lifelong rivals.,,
ID00213,000055b3,18,「はははは」,Hahaha,,
ID00213,0000576b,60,「想定以上にキックターゲットが難しくて、,"The kicking target was harder than I expected,",,
ID00213,000057b6,18,　ビックリ」,Wow!,,
ID00213,000057f6,54,「蹴るポーズは決まってたんだけどな」,I had the kick pose down though.,,
ID00213,000059db,39,「いつか、流れ星シュートを,"One day, I'll hit that meteor shot",,
ID00213,00005a11,42,　ど真ん中に当ててみせるよ」,right in the middle.,,
ID00213,00005a7c,45,「夏の体育は暑くて大変だよな」,"Summer PE is really hot and tough, isn't it?",,
ID00213,00005c3c,36,「水分補給は忘れずにね」,Don't forget to drink water.,,
ID00213,00005cdb,63,「それなりに得意なスポーツってあるのか？」,"You're good at some sports, right?",,
ID00213,00005ead,18,「万能だよ」,I'm flexible.,,
ID00213,00005eed,18,「万能！？」,Versatile...?!,,
ID00213,00006092,51,「ｅスポーツなら、どんなジャンルも,"When it comes to e-sports, I’m top in any genre,",,
ID00213,000060d4,42,　学園トップクラスと思われ」,at least that's what they say.,,
ID00213,000062ba,33,「ああ、ゲームの話か」,"Oh, you mean video games.",,
ID00213,0000631c,33,「ゲームやアニメだと、,Schools do.,,
ID00213,0000634c,45,　まだブルマな学校があるよな」,they wear those old-school swimsuits.,,
ID00213,0000650c,63,「まぁ、リアルを追求する必要はないからね」,"Just saying, we don't need to be that realistic.",,
ID00213,000066a7,48,「数年後には、今の形のスク水も、,Future suits.,,
ID00213,000066e6,48,　二次元の中だけになったりして」,only exist in 2D worlds like that.,,
ID00213,000068b6,24,「…ありえるな」,That's totally possible.,,
ID00213,0000690f,39,「お前って、体硬いよなぁ」,You're so stiff.,,
ID00213,00006ac9,54,「失礼な。ちゃんとプニプニしてるよ」,Don't be rude. I'm plenty soft.,,
ID00213,00006cbb,48,「皮下脂肪じゃなく、関節の話な」,"It's about joints, not fat under the skin.",,
ID00213,00006e7e,42,「ああ、そっちは厳しいねー。,"Oh yeah, that is tough.",,
ID00213,00006eb7,54,　難易度の高い決めポーズはムリだよ」,You can't do difficult poses like that.,,
ID00213,0000712a,54,「そもそも、現実じゃムリってポーズも,There are some poses you just can't do in real life.,,
ID00213,0000716f,27,　多いわけだけど」,There are a lot of those.,,
ID00213,0000736e,30,「中二病も大変だな」,Being one's self is hard.,,
ID00213,000073cd,42,「テレビのスポーツ中継って、,"Watching sports on TV,",,
ID00213,00007406,30,　なんか見てるか？」,You ever do that?,,
ID00213,00007611,21,「特にないよ」,Nothing.,,
ID00213,000077b9,54,「野球中継に、深夜アニメの放送時間を,To make room for late-night anime.,,
ID00213,000077fe,45,　ずらされることはあるけどね」,but that's about it.,,
ID00213,00007859,48,「ああ、延長って、鬱陶しいよな」,"Yeah, extra innings are a drag...",,
ID00213,00007a1c,60,「録画が失敗してると、ガックリするよ…」,It really sucks when the recording fails...,,
ID00213,00007c6d,54,「この間、体育でダンスをやったけど、,"We did some dancing in P.E. recently,",,
ID00213,00007cb2,24,　楽しかったよ」,It was fun.,,
ID00213,00007cf8,24,「踊れるのか？」,Can you dance?,,
ID00213,00007ef2,36,「ワンテンポ遅れたって、,"Even if you're a beat late,",,
ID00213,00007f25,42,　楽しければそれでよしだよ」,As long as it's fun.,,
ID00213,0000815e,57,「学年別の体操服で、何色が一番いい？」,What color is best?,,
ID00213,0000832a,60,「んー、濃紺が一番体操服らしいんだけど、,"Hmm, navy blue fits.",,
ID00213,00008375,33,　うちじゃないからね」,"that's not us now, is it?",,
ID00213,000087d6,42,「次点で、高１用の朱色かな」,Second would be red.,,
ID00213,000089b3,54,「うちって、運動部に力入れてるよな」,We focus on sports clubs.,,
ID00213,00008b7c,51,「体育館も、プールも立派だからね」,Our gym and pool are pretty fancy.,,
ID00213,00008c53,36,「運動施設がきれいだと、,"When the gym's nice and clean,",,
ID00213,00008c86,36,　気持ちのノリが違うよ」,it really gets you in the mood.,,
ID00213,00008f78,60,「新しいＰＣにウキウキするのと一緒だね」,You're as excited as getting a new PC.,,
ID00213,0000915a,57,「この間の体育、ソフトボールだったよ」,The other day we played softball.,,
ID00213,00009333,42,「へ～っ、どこ守ったんだ？」,Oh? What position did you play?,,
ID00213,000094b9,36,「言わずと知れたライト」,It goes without saying: right field.,,
ID00213,0000955b,48,「一度もボールが飛んでこなくて、,"Not once did a ball come my way,",,
ID00213,0000959a,60,　ただただ、真夏の日差しを堪能したよ…」,I just enjoyed the summer sun...,,
ID00213,000096d0,15,「ははは」,Heh heh heh,,
ID00213,00009885,51,「まひろちゃんの、にい君を見つける,"Mahiro-chan, you found your big bro",,
ID00213,000098c7,54,　センサーと、ダッシュ力はすごいね」,Your sensors and sprinting are amazing,,
ID00213,0000992b,51,「全力で飛び込まれると痛いんだぞ」,You'll hurt yourself if you jump in full force,,
ID00213,00009af1,60,「それは、にい君が鈍いのが悪いと思われ」,They'll think it's your fault for being slow,,
ID00213,00009bb8,42,「素早くかわせってことかよ？,Aren't you supposed to dodge quickly?,,
ID00213,00009bf1,30,　んなことできるか」,I can't do that shit,,
ID00213,00009ed0,48,「その鈍さじゃないんだけどねー」,It's not because of my slowness though~,,
ID00213,0000a022,33,「そんなに髪が長いと、,"With hair that long,",,
ID00213,0000a052,45,　体育の時、邪魔じゃないか？」,Don't it get in the way?,,
ID00213,0000a212,51,「髪型をスポーティにしたところで、,"Even if I change my hairstyle to be sporty,",,
ID00213,0000a254,21,　中身がね…」,it's still...,,
ID00213,0000a47f,30,「…そりゃそうだな」,...that's true.,,
ID00213,0000a4de,36,「小さいころのお前って、,"When you were little, you used",,
ID00213,0000a511,57,　なんでもないとこでよく転んでたよな」,to trip over nothing.,,
ID00213,0000a6dd,51,「微妙な地面の凹凸に敏感だからね」,Sensitive to ground bumps.,,
ID00213,0000a8b0,48,「最近は、慎重に行動してるので、,"But these days, I'm being more careful.",,
ID00213,0000a8ef,33,　転ぶことも減ったよ」,I don't fall as much these days.,,
ID00213,0000aa8c,51,「このところ体育の授業が大変で…」,"Lately, P.E. class has been a real pain...",,
ID00213,0000ac52,39,「むむ…がんばれ、にい君」,"Hmm... Keep it up, Bro-kun.",,
ID00213,0000af76,54,「自分からエアホッケーを挑んでおいて,You challenged me to air hockey and...,,
ID00213,0000afbb,48,　惨敗とは、口ほどにもないねぇ」,Calling that a loss is an understatement.,,
ID00213,0000b228,48,「はいはい、お前のスマッシュは、,"Yeah yeah, your smash shots are",,
ID00213,0000b267,27,　俺には無敵だよ」,invincible to me.,,
ID00213,0000b415,24,「妹の特権だね」,Little sister perk.,,
ID00213,0000b49f,30,（真奈の体操服姿…）,Mana in her gym clothes...,,
ID00213,0000b6e6,15,「およ？」,Eh?,,
ID00213,0000b8d1,39,「妹の生足に釘付けとは…。,Staring at my sis's legs...,,
ID00213,0000b907,39,　にい君も目覚めてきた？」,"Have you finally woken up too, big bro?",,
ID00213,0000b9d8,42,「ち、ちがっ！　つ、つい…」,N-no! I-I just...,,
ID00213,0000bb95,45,「本能には抗えないって事だね」,Looks like you can't resist your instincts.,,
ID00213,0000be86,36,「うぐぐ…言い返せねぇ」,Ugh...I can't argue back.,,
ID00213,0000beeb,45,「キャンプへ行くなら、海と山、,"If we camp, beach or mountains.",,
ID00213,0000bf27,27,　どっちがいい？」,Which is better?,,
ID00213,0000c0d5,39,「山だね。人里離れた方が、,Away from civilization.,,
ID00213,0000c10b,33,　星がきれいだろうし」,Stars'll be prettier.,,
ID00213,0000c3fa,54,「ただし、現地までは車で移動を希望。,But I hope we can get there by car though.,,
ID00213,0000c43f,54,　天体望遠鏡を持って行きたいからね」,I want to bring my telescope with me.,,
ID00213,0000c5f1,48,「春の体育祭ではなんに出たんだ？,What did you do in the spring sports festival?,,
ID00213,0000c630,39,　全然目立ってなかったぞ」,You weren't noticeable.,,
ID00213,0000c7ea,39,「玉入れとか、綱引きとか。,Ball-throwing and tug-of-war...,,
ID00213,0000c820,36,　集団競技オンリーだね」,"You only did group sports, huh?",,
ID00213,0000cb12,48,「クラスのみんなが、ガチで勝ちに,The whole class was seriously trying to win.,,
ID00213,0000cb51,51,　行ったから、私は基本的に応援係」,I basically just cheered you on.,,
ID00213,0000cd24,30,「で、勝ったのか？」,So did we win?,,
ID00213,0000cef8,36,「ううん、惜しくも２位。,"No, we came in second place.",,
ID00213,0000cf2b,36,　けど、盛り上がったよ」,But it was still super fun.,,
ID00213,0000d267,51,「小さいころ、にい君たちに混じって,"When you were little,",,
ID00213,0000d2a9,48,　野球とか、サッカーやったよね」,Right?,,
ID00213,0000d307,30,「おぉ、懐かしいな」,"Oh, that's nostalgic.",,
ID00213,0000d4b8,27,「男子に混じると、,"When I played with guys,",,
ID00213,0000d4e2,48,　ミスしても許してもらえるから、,"I could get away with mistakes,",,
ID00213,0000d521,24,　楽しかったよ」,It was fun.,,
ID00213,0000d877,51,「ブルマって、履いたことあるか？」,Ever worn a leotard before?,,
ID00213,0000da3d,36,「ないよ。持ってないし」,"""Nope, I don't have one."",",,
ID00213,0000da8f,36,「履いてみたくないか？」,Want to try one on sometime?,,
ID00213,0000dae1,30,「お望みとあればね。,If you insist.,,
ID00213,0000db0e,45,　ただし、買うのはにい君だよ」,But my big bro has to buy it.,,
ID00213,0000de5a,60,「むむ…その通販履歴は残したくないな…」,Hmm...I don't want that history.,,
ID00213,0000e029,45,「妹のブルマ姿を録りたいとか、,Record her in briefs?,,
ID00213,0000e065,57,　にい君もずいぶん踏み込んできたねー」,My big bro sure has some deep thoughts.,,
ID00213,0000e3e0,18,「うぐぐ…」,then.,,
ID00213,0000e433,45,「お前って、運動できるヤツと、,"Which do you prefer, a sporty type or",,
ID00213,0000e46f,57,　勉強できるヤツ、どっちが好みなんだ？,a studious one?,,
ID00213,0000e63b,24,「にい君が好み」,I'm the sporty type.,,
ID00213,0000e681,21,「ハアァ！？」,Haaah!?,,
ID00213,0000e829,39,「ほどほどがいいってこと」,Just right for me.,,
ID00213,0000e891,57,「お前って、武道ってイメージないよな」,I never pegged you as the martial arts type.,,
ID00213,0000ea5d,51,「魔法使いは、後衛タイプだからね」,"You're more of a backline mage type, right?",,
ID00213,0000ed95,54,「身につけたとしても、空気投げかな」,"If you did learn it, maybe just air punches?",,
ID00213,0000edf9,30,「達人じゃねーか！」,You're a pro!,,
ID00213,0000efaa,18,「あははは」,ahaha,,
ID00213,0000effd,60,「お前にはバスケのボールは重すぎだろ？」,"Basketballs are too heavy for you, aren't they?",,
ID00213,0000f1cc,63,「そうだね…。ただパスを受けただけなのに、,"Yeah, that's right... I just caught the pass, but",,
ID00213,0000f21a,48,　重力魔法をくらったみたいだよ」,it felt like I got hit by a gravity spell.,,
ID00213,0000f770,63,「実戦なら、魔法障壁を展開するんだけど…」,"In an actual game, I'd cast a magic barrier...",,
ID00213,0000f7dd,36,「パスを弾いてどうする」,Why deflect it?,,
ID00213,0000f994,63,「む…攻撃をあえて受けなきゃならないとは、,Man... Taking an attack on purpose...,,
ID00213,0000f9e2,21,　試練だね…」,Isn't it?,,
ID00213,0000fd1c,60,「体育館で練習してる体操部の子を見ると、,When I see the gymnasts practice...,,
ID00213,0000fd67,51,　異次元の運動神経だなって思うよ」,I think they've got superhuman reflexes.,,
ID00213,0000ff03,48,「毎日、一生懸命練習してるしな」,"You know, they practice really hard every day.",,
ID00213,000100c6,45,「日々の鍛錬が夢を作るんだね」,Everyday training makes dreams.,,
ID00213,00010134,42,「懸垂って何回できるんだ？」,How many pull-ups can you do?,,
ID00213,000102f1,24,「もちろん０回」,"Of course, zero.",,
ID00213,00010337,48,「…そもそもやる気がないだろ？」,"You don't even have the motivation, right?",,
ID00213,000104fa,60,「出来ないのわかってるし、無駄だからね」,"I know I can't do it anyway, so it's pointless",,
ID00213,000107c3,39,「体育の先生も大変だな…」,The P.E. teacher's busy...,,
ID00213,0001082b,42,「腹筋は何回できるんだよ？」,How many sit-ups can you do?,,
ID00213,000109e8,48,「がんばって、２、３回ってとこ」,"If you try your best, maybe two or three times",,
ID00213,00010c40,57,「けど、その後、腹筋がすごく痛くて…」,But after that my abs hurt like hell...,,
ID00213,00010e1c,30,「体が鈍ってるなぁ」,My body is so out of shape,,
ID00213,00010fcd,63,「小さいころは１回も出来なかったわけだし、,I couldn't even do one when I was little anyway,,
ID00213,0001101b,27,　進歩した方だよ」,You've improved.,,
ID00213,000110d7,54,「お前、体力ないし、ノートパソコンを,You're not athletic;,,
ID00213,0001111c,48,　学校へ持ってくるの大変だろ？」,to school must be tough for you.,,
ID00213,000112df,39,「私にとって、ノートＰＣは,"For me, the notebook PC is",,
ID00213,00011315,36,　必要不可欠なものだし、,"an essential item, and",,
ID00213,00011348,39,　装備重量限界の別枠だよ」,it's in its own weight limit category.,,
ID00213,0001150f,48,「眼鏡とか財布みたいなもんだね」,It's like my glasses or wallet.,,
ID00213,0001156d,27,「重い眼鏡だなぁ」,These are heavy glasses.,,
ID00213,000115c9,30,「適度な運動って…」,Moderate exercise...?,,
ID00213,0001177a,48,「んー、そうは思うんだけどねー」,"Hmm, but that's what I think.",,
ID00213,0001181c,30,（真奈の体操服姿…）,Mana in her gym clothes...,,
ID00213,00011a63,12,「あ…」,...,,
ID00213,00011c14,54,「にい君が…男子の視線になってる…」,You're... turning into a guy's gaze...,,
ID00213,00011d38,57,「な、なってねー！　なってねーって！」,N-no way! Not at all!,,
ID00213,00011f04,51,「我が魔眼に、ごまかしは通じずッ」,Your tricks won't work on my demonic eyes!,,
ID00213,000120d7,15,「くっ…」,Kuh...,,
ID00213,0001228c,48,「ねーねー、小さいころみたいに、,"Nope nope, like when we were little,",,
ID00213,000122cb,57,　にい君と自転車で２人乗りしたいなー」,I want to ride bikes together again.,,
ID00213,000124a4,36,「２人乗りは交通違反だ」,It's illegal to ride double.,,
ID00213,00012624,45,「んー、じゃあ、海の丘公園は？,"Hmm, how about the beach park?",,
ID00213,00012660,39,　あそこは道路じゃないし、,"There aren't any roads there,",,
ID00213,00012696,30,　いいんじゃない？」,Isn't that nice?,,
ID00213,00012854,51,「自転車であの坂を登れってのか？」,You want me to bike up that hill?,,
ID00213,00012a1a,27,「う…大変だよね」,Ugh... That's tough,,
ID00213,00012a63,45,「海岸ぞいの遊歩道ならいいぞ。,The seaside promenade is fine though.,,
ID00213,00012a9f,30,　今度やってやるよ」,I'll do it next time.,,
ID00213,00012c50,36,「ホント？　約束だよー」,Really? You promise~,,
ID00213,00012f8c,45,「ミツミキャンプが終わったら、,Check out my room later.,,
ID00213,00012fc8,48,　一緒にボウリングへ行かない？」,Want to go bowling together?,,
ID00213,0001318e,39,「お、いいな。またあの謎の,"Oh, cool.",,
ID00213,000131c4,39,　両手投法が見られるのか」,two-handed throw again.,,
ID00213,000133a1,57,「あんな重いボール、片手で扱えないよ。,No way I can handle such a heavy ball with one hand.,,
ID00213,000133e9,39,　両手で転がすのが精一杯」,Using both hands is all I can do.,,
ID00213,000136de,24,「目標は５０点。,Our goal's fifty points.,,
ID00213,00013705,48,　ストライクを１回、取りたいね」,I want to get at least one strike.,,
ID00213,0001393b,51,「チェスボクシングって知ってる？」,You know what chess boxing is?,,
ID00213,0001399c,33,「あ？　なんだそれ？」,Huh? What's that?,,
ID00213,00013b50,48,「私もネットで知ったんだけど…」,I found out about it on the internet...,,
ID00213,00013cdc,57,「チェスとボクシングで交互に勝負する、,"It's a turn-based chess and boxing competition,",,
ID00213,00013d24,48,　いたって真面目な競技らしいよ。,"and apparently, it's taken pretty seriously.",,
ID00213,00013d63,39,　世界選手権もあるみたい」,There's even a world championship.,,
ID00213,00013f2a,39,「世界選手権？　マジか？」,A world championship? Really?,,
ID00213,000140f0,9,「ん」,Hmm?,,
ID00213,00014255,42,「チェスが強いだけじゃダメ、,"Just being good at chess isn't enough,",,
ID00213,0001428e,48,　ボクシングが強いだけでもダメ」,Just being good at boxing isn't enough either.,,
ID00213,00014451,39,「まさに知力と体力を競う、,"A contest of both mind and body,",,
ID00213,00014487,39,　究極の格闘技なんだって」,An ultimate fighting sport they say.,,
ID00213,00014644,63,「…そう言われると、そんな気がしてくるな」,...I can see what you mean.,,
ID00213,00014870,60,「元ネタはフランスの漫画らしいんだけど、,"It seems the original idea came from a French manga,",,
ID00213,000148bb,39,　面白いこと考えるよねー」,You're so creative.,,
ID00213,00014c3f,42,「涼しくなってくれるだけで、,Being cooler makes PE better~,,
ID00213,00014c78,33,　体育が楽になるよ～」,I can relax already~,,
ID00213,00014fde,42,「もうすぐ夏が終わるからな」,"Summer's almost over, you know.",,
ID00213,0001519b,27,「あと一歩だね～」,Just one more step~,,
ID00213,000151f7,39,「ウインタースポーツなら、,What about winter sports?,,
ID00213,0001522d,33,　なにが好きなんだ？」,What do you like?,,
ID00213,000153e1,45,「むむ…ウインタースポーツは、,"Hmm... winter sports are,",,
ID00213,0001541d,57,　バランス感覚を要求するものが多いから,"require a lot of balance,",,
ID00213,00015465,30,　危険がいっぱい…」,it's dangerous...,,
ID00213,00015692,21,「ソリ…だね」,Sledding... right?,,
ID00213,00015857,54,「ソリもスピードが出ると危ないぞ？」,"Sledding's dangerous when you go fast, huh?",,
ID00213,00015a6f,45,「そっか…。なだらかなとこを、,Oh... I'll have to be careful and,,
ID00213,00015aab,36,　そっと滑るようにする」,slide gently on the flatter parts.,,
ID00213,00016015,48,「秋になったら、ユイ姉を誘って、,"When fall comes, I'll invite Yui-nee too,",,
ID00213,00016054,39,　ハイキングへ行きたいね」,I wanna go hiking too.,,
ID00213,000160a9,24,「おっ、いいな。,"Oh, that's cool.",,
ID00213,000160d0,45,　普段と違う動画が録れそうだ」,Seems we'll get some different footage.,,
ID00213,00016290,36,「紅葉が映えそうだねー」,The leaves should look great.,,
ID00213,000162f5,45,「ミツミキャンプが終わったら、,Check out my room later.,,
ID00213,00016331,36,　ジャージに衣替えだな」,Changing to tracksuit.,,
ID00213,000164e8,39,「いいよね、ジャージって。,"Nice, right? Tracksuits are cool.",,
ID00213,0001651e,39,　転んでも怪我しにくくて」,You don't get hurt if you fall down,,
ID00213,000166d8,63,「野暮ったいジャージも、バンダナを巻けば、,A bandana can make tracksuits look cool,,
ID00213,00016726,51,　かっこいいウエアに早変わりだし」,and turn into stylish wear in an instant,,
ID00213,00016a34,27,「んなことねーよ」,That's not true,,
ID00213,00016a90,21,「運動って…」,Sports and stuff...,,
ID00213,00016c38,48,「まぁまぁ、運動の秋に期待だね」,"Well, let's hope for the best this sports season",,
ID00214,000027a1,60,「駅前モールのお肉屋さんのコロッケって、,"Those croquettes from the station meat shop,",,
ID00214,000027ec,27,　おいしいよねー」,They're so good.,,
ID00214,000028f3,36,「ああ、揚げたてだしな」,"Yeah, they're freshly fried.",,
ID00214,00002aaa,45,「あの味は、まさに小宇宙だよ」,That flavor is like a little universe.,,
ID00214,00002b18,63,「お前の好きな飲みものって、なんだっけ？」,What was your favorite drink again?,,
ID00214,00002cea,36,「カフェラテが好きだよ。,I like cafe latte.,,
ID00214,00002d1d,36,　眠気覚ましにいいしね」,It's great for waking up sleepy.,,
ID00214,00002ebd,57,「缶コーヒーなら、どんなのが好きだ？」,Which kind of canned coffee do you like?,,
ID00214,00003089,57,「昔から売ってる、オリジナルなタイプが,"The original type that's been around forever,",,
ID00214,000030d1,18,　好きだよ」,I love 'em.,,
ID00214,000033b1,51,「甘ーいミルクコーヒーって感じの」,It's like a sweet milk coffee kind of thing.,,
ID00214,00003471,54,「カフェラテとはいえコーヒーだから、,"Even if it's called cafe latte, it's still coffee,",,
ID00214,000034b6,45,　飲み過ぎると体によくないぞ」,Drinking too much isn't good for you.,,
ID00214,00003676,57,「そうだね…。この胃の痛みはストレス？,Yeah... Is this stomachache from stress?,,
ID00214,000036be,39,　と思ったら、カフェラテの,I thought it was the cafe latte,,
ID00214,000036f4,51,　飲み過ぎだったってことがあるよ」,that I drank too much of.,,
ID00214,00003e4b,63,「半分はミルクとはいえ、気をつけないとね」,"Half of it might be milk, but you gotta be careful.",,
ID00214,00003ecb,45,「好きなジュースってなんだ？」,What's your favorite juice?,,
ID00214,0000408b,51,「ソーダ類なら、なんでも好きだよ。,I like all sodas.,,
ID00214,000040cd,42,　コーラから、変わり種まで」,From Coke to weird variants.,,
ID00214,000043fc,54,「季節限定フレーバーは、マズそうでも,"Even seasonal flavors that look bad,",,
ID00214,00004441,36,　試してみたくなるよね」,you wanna try 'em anyway.,,
ID00214,000044a6,30,「小腹が空いた時に、,"When hungry between meals,",,
ID00214,000044d3,45,　よく食べるものってなんだ？」,What do you usually eat?,,
ID00214,00004693,45,「ヌガーチョコをよく食べるよ」,I often eat nougat chocolate.,,
ID00214,000046ee,63,「キャラメルとナッツが詰まってるヤツか？」,"That's the one stuffed with caramel and nuts, right?",,
ID00214,000048cc,27,「そう、そんなの」,"Yeah, exactly.",,
ID00214,00004a7a,51,「１本でお腹いっぱいになるからね」,You can get full from just one bar.,,
ID00214,00004aee,42,「好きなパンって、なんだ？」,What kind of bread do you like?,,
ID00214,00004cab,33,「コンビニで買うのと、,It's different buying it from,,
ID00214,00004cdb,48,　パン屋さんで買うのとで違うよ」,when I buy it from a bakery.,,
ID00214,00004e74,18,「なんで？」,Why not?,,
ID00214,00005019,63,「コンビニだと、柔らかそうなクリームパンが,"soft cream buns there,",,
ID00214,00005067,48,　おいしそうに見えるんだけど…」,It looks really good...,,
ID00214,0000522a,36,「パン屋さんだと、断然、,"But at a bakery, it's definitely the",,
ID00214,0000525d,36,　揚げたてのカレーパン。,freshly fried curry buns.,,
ID00214,00005290,33,　あれには抗えないよ」,I can't resist that.,,
ID00214,00005451,45,「ははは、つい買っちゃうよな」,"Haha, I end up buying them too.",,
ID00214,000054bf,42,「この間、食ったんだけど…」,I ate it a while ago...,,
ID00214,0000567c,51,「あ、いいねー。私も食べてみよー」,"Oh, nice! I'll try one.",,
ID00214,00005773,39,「チートー、うまかったぞ。,"Cheeto, it was good.",,
ID00214,000057a9,30,　また作ってくれよ」,Make it again sometime.,,
ID00214,0000599d,27,「うん、いいよー。,"Yeah, sure thing.",,
ID00214,000059c7,48,　トッピングも色々考えておくよ」,I'll think of lots of toppings too.,,
ID00214,00005d8d,42,「放課後、渚…御前さんたちと,Nagisa...senpai and...,,
ID00214,00005dc6,36,　なにを話してたんだ？」,What were you talking about?,,
ID00214,00005e47,36,「放課後、御前さんたちと,"After school, Misaki-senpai and...",,
ID00214,00005e7a,36,　なにを話してたんだ？」,What were you talking about?,,
ID00214,00006060,63,「あー、お茶会に誘われて、一緒にお茶した」,"Oh yeah, they invited me to a tea party.",,
ID00214,0000636d,24,「楽しかったよ」,We had fun.,,
ID00214,000063b3,39,「へーっ、そうだったのか」,"Wow, really?",,
ID00214,0000659c,51,「御前さん、美由璃さんとのお茶会、,"Misaki, you and Miyuri's tea party,",,
ID00214,000065de,27,　楽しかったねー」,That was fun~,,
ID00214,00006799,27,「ああ、そうだな」,Sure thing.,,
ID00214,00006947,36,「ハチミツをかけるとは、,"putting honey on it was a cheat,",,
ID00214,0000697a,57,　チートーの新たな可能性を見出したよ」,but I've discovered a new possibility for Chito.,,
ID00214,00006b1c,15,「ははは」,Heh heh heh,,
ID00214,00006d00,42,「ブックカフェで、氷の溶けた,"at the book cafe, you drank a melting",,
ID00214,00006d39,48,　カフェフラッペを飲んでくれて、,"iced coffee frappe for me,",,
ID00214,00006d78,21,　ありがとね」,Thanks a lot.,,
ID00214,00006f2d,48,「いいって。俺を心配してくれてた,"'It's fine. You were worried about me,",,
ID00214,00006f6c,21,　わけだしな」,That's why.,,
ID00214,00007114,27,「おいしかったよ、,"It was delicious,",,
ID00214,0000713e,42,　出来たてのカフェフラッペ」,freshly made cafe frappes.,,
ID00214,0000730e,54,「カフェオレとカフェラテの違いって、,"The difference between café au lait and latte is,",,
ID00214,00007353,21,　知ってる？」,Have you heard of it?,,
ID00214,00007558,39,「呼び方が違うだけだろ？」,"just the names, right?",,
ID00214,00007735,48,「ううん、カフェオレのコーヒーは,"No, café au lait uses",,
ID00214,00007774,42,　普通のドリップコーヒーで、,"regular drip coffee,",,
ID00214,000077ad,42,　カフェラテはエスプレッソ」,café latte uses espresso.,,
ID00214,00007977,27,「そうなのか！？」,Is that so!?,,
ID00214,00007aee,51,「エスプレッソの方が味が濃いけど、,"Espresso has a stronger taste, but",,
ID00214,00007b30,57,　カフェインはむしろ少ないんだよねー」,"there's actually less caffeine, you know?",,
ID00214,00007d09,15,「へ～っ」,Wow...,,
ID00214,00007d59,45,「コンビニのサンドイッチなら、,"If it's convenience store sandwiches,",,
ID00214,00007d95,24,　何が好きだ？」,What do you like?,,
ID00214,00007fbc,36,「んー、ツナサンドかな」,"Hmm, tuna sandwich maybe",,
ID00214,000083a2,36,「ツナを使った料理って、,Food with tuna in it is,,
ID00214,000083d5,33,　どれもおいしいよね」,all so tasty,,
ID00214,00008437,48,「ポテチなら何味が好きなんだ？」,What flavor of potato chips do you like?,,
ID00214,000085fa,57,「チーズ味だね。まったりとした塩味が、,"Cheesy, creamy.",,
ID00214,00008642,21,　後を引くよ」,It's hard to forget.,,
ID00214,00008884,42,「この間、ユイ姉に誘われて、,"The other day, I was invited by Yui-nee,",,
ID00214,000088bd,48,　カフェでパンケーキを食べたよ」,I had pancakes at a cafe.,,
ID00214,00008c22,39,「へ～っ、うまかったか？」,"Oh, were they good?",,
ID00214,00008e1f,27,「うん、すごくね」,"Yeah, really tasty",,
ID00214,00008fcd,39,「ふわふわのパンケーキと、,The fluffy pancakes and,,
ID00214,00009003,60,　チョコとバナナの取り合わせが絶品で…」,Chocolate and banana...,,
ID00214,0000924c,57,「さすが、ユイ姉の行きつけのお店だね」,"As expected from your usual spot, Yui-nee.",,
ID00214,000092c6,45,「コンビニのホットスナックで、,"Compared to convenience-store hot snacks,",,
ID00214,00009302,36,　好きなのってなんだ？」,What's your favorite?,,
ID00214,00009535,45,「んー、アメリカンドッグだね」,"Hmm, it's a corn dog.",,
ID00214,00009940,48,「ソーセージの塩味と、衣の甘味の,The salty sausage and the sweet batter,,
ID00214,0000997f,39,　取り合わせがおいしいよ」,are really tasty together.,,
ID00214,00009b22,57,「ポテチを食いながら、スマホいじると、,"Eating chips while fiddling with your phone,",,
ID00214,00009b6a,42,　画面がベトベトになるよな」,Your screen gets all greasy.,,
ID00214,00009d27,42,「むむ…スマホがかわいそう」,Mmm... Poor phone...,,
ID00214,0000a01f,60,「スナック菓子は、ちゃんとお箸で食べて」,You should eat snacks with chopsticks properly.,,
ID00214,0000a09c,54,「コンビニで、見かけたジュースが…」,I saw a juice at the convenience store...,,
ID00214,0000a265,57,「むむ…それはノーチェックだったよ…。,Mmm... I didn't check that one out...,,
ID00214,0000a2ad,27,　試してみなきゃ」,You gotta try it.,,
ID00214,0000a63d,54,「コンパイルが通った後のコーラって、,Coke after compiling is amazing.,,
ID00214,0000a682,57,　格別なんだよねー。ぷはーって感じで」,"It's like, 'puff'.",,
ID00214,0000aa84,27,「まるで祝杯だな」,It's like a celebration.,,
ID00214,0000ac3e,39,「そう。自分にご褒美だね。,That's right. It's a treat for myself.,,
ID00214,0000ac74,60,　シャンパンって、きっとあんな感じだよ」,Champagne must be like that.,,
ID00214,0000afab,60,「コーラに某ソフトキャンディを入れると、,"Did you know if you put a certain candy in Coke,",,
ID00214,0000aff6,48,　泡がすごい勢いで吹き出すよな」,The bubbles come out with such force.,,
ID00214,0000b1b9,54,「あ、いっぱい動画が上がってるねー」,"Oh, there are a lot of videos up.",,
ID00214,0000b34b,57,「一気に何メートルも吹き出すあの威力を,That power to shoot out several meters at once,,
ID00214,0000b393,30,　推進力に活かせば、,Could be used as propulsion.,,
ID00214,0000b3c0,48,　コーラロケットが作れそうだよ」,We could make a Coke rocket.,,
ID00214,0000b6de,63,「日本の自販機の数って、世界一なんだよな」,Japan has the most.,,
ID00214,0000b8b0,30,「数だけじゃなくて、,"It's not just the number,",,
ID00214,0000b8dd,48,　変わったのもいっぱいあるよね」,but there are also lots of weird ones.,,
ID00214,0000bbdb,48,「おでんとか、ハンバーガーとか」,Like oden and hamburgers.,,
ID00214,0000bc39,60,「ハンバーガーって、レトロな感じのだろ？,"Hamburgers have that retro feel, right?",,
ID00214,0000bc84,45,　あんなの食う気にならねーよ」,I don't feel like eating something like that.,,
ID00214,0000be44,39,「私は…一度食べてみたい」,I... want to try it once.,,
ID00214,0000c00b,48,「マジか？　度胸あるな、お前…」,Really? You've got some guts...,,
ID00214,0000c07c,54,「肉まんの具で好きなのってなんだ？」,What do you like in your meat buns?,,
ID00214,0000c245,63,「ピザまんだねー。できれば、チーズ入りで」,"Pizza man? If possible, with cheese.",,
ID00214,0000c589,48,「肉まんなのにピザの味だなんて、,"Even though it's a meat bun, it tastes like",,
ID00214,0000c5c8,42,　発想がジャンクで面白いよ」,Your idea is junky and fun.,,
ID00214,0000c8a9,45,「ファミレスのドリンクバーで、,"At the family rest. drink bar,",,
ID00214,0000c8e5,39,　何時間粘ったことある？」,how long have you ever waited?,,
ID00214,0000ca9f,27,「４時間ってとこ」,It was about four hours.,,
ID00214,0000cae8,21,「粘ったなぁ」,You waited a while.,,
ID00214,0000cb2b,33,「プログラムしてたら、,"I was programming, so",,
ID00214,0000cb5b,48,　いつの間にか経ってたんだよね」,"before I knew it, time flew by.",,
ID00214,0000ce59,51,「夕食のお客さんが増えて来なきゃ、,"If the dinner crowd hadn't come in,",,
ID00214,0000ce9b,54,　気づかずに、もう２、３時間いたよ」,I've been here 2-3 hrs.,,
ID00214,0000d188,21,「間食って…」,...Snack...,,
ID00214,0000d373,57,「そうそう、つい食べちゃうんだよねー」,"Yeah, I end up eating them too.",,
ID00215,00002032,60,「お前の好きなスイーツってなんだっけ？」,What's your favorite dessert again?,,
ID00215,00002201,51,「コンビニのプチシューが好きだよ」,I love mini cream puffs from the convienence store.,,
ID00215,00002502,48,「スマホとかＰＣをいじりながら、,It's good to eat them while messing with,,
ID00215,00002541,36,　食べるのにいいからね」,your phone or PC.,,
ID00215,000025a6,51,「ケーキなら、なにが好きなんだ？」,What kind of cake do you like?,,
ID00215,0000276c,39,「おっきなシュークリーム」,Big cream puffs.,,
ID00215,000027c1,45,「なんだ、プチシューに限らず、,"So it's not just mini cream puffs,",,
ID00215,000027fd,57,　シュークリームが好きなんじゃないか」,you like all kinds of cream puffs?,,
ID00215,000029c9,30,「そうとも言うねー」,"Yeah, you could say that.",,
ID00215,00002b63,42,「シュークリームの中身って、,The filling in cream puffs is usually,,
ID00215,00002b9c,39,　生クリームとカスタード、,either whipped cream or custard.,,
ID00215,00002bd2,36,　どっちが好きなんだ？」,which one do you like better?,,
ID00215,00002d89,63,「シュークリームは生クリームがベストだよ」,Whipped cream makes the best cream puff.,,
ID00215,000030e9,45,「カスタードは、チョコレートと,"Custard goes well with chocolate,",,
ID00215,00003125,54,　相性がいいから、エクレア向きだね」,so it's better for eclairs.,,
ID00215,00003189,39,「結構、こだわってんだな」,You're pretty particular about it.,,
ID00215,00003343,42,「たまに食べる、カスタードの,"Sometimes I eat custard-filled ones, too,",,
ID00215,0000337c,51,　シュークリームもおいしいけどね」,"Shokupan's good too, you know.",,
ID00215,00003545,39,「なんだよ、結局、そんなに,"Whaddya mean, in the end, you're not",,
ID00215,0000357b,33,　こだわってねーのか」,that particular?,,
ID00215,000035ca,36,「おいしければよしだよ」,As long as it tastes good.,,
ID00215,000037a1,36,「スイーツなら、洋と和、,I like both kinds of desserts.,,
ID00215,000037d4,36,　どっちが好きなんだ？」,which one do you like better?,,
ID00215,0000398b,60,「どっちも好きだよ。食べやすさ重視だね」,It's all about how easy they are to eat.,,
ID00215,00003b7a,54,「和スイーツで好きなのってなんだ？」,What Japanese sweets do you like?,,
ID00215,00003d43,18,「どら焼き」,Dorayaki,,
ID00215,00003d83,30,「それって、例の…」,That's the one...,,
ID00215,00003efd,45,「肝心なとこでドジで間抜けで、,"At crucial moments, you're clumsy and stupid,",,
ID00215,00003f39,57,　科学の粋を集めた小道具を活かせない、,"can't even use this gadget,",,
ID00215,00003f81,51,　ネコ型ロボットの影響じゃないよ」,"it's not because of that cat robot,",,
ID00215,000042b9,57,「あくまで、食べやすくておいしいから」,Just because they're easy to eat and tasty,,
ID00215,0000446e,63,「こう暑いと、ついアイスを食っちゃうよな」,"When it's this hot, you end up eating ice cream",,
ID00215,00004683,63,「うんうん、私もソーダバーをよく食べるよ」,"Yeah yeah, I eat soda bars a lot too.",,
ID00215,000046f0,33,「何味が好きなんだ？」,What flavor do you like?,,
ID00215,000048a4,57,「コーラだね。ちょっと気の抜けた感じの,"Coke, huh? It's got a slightly flat taste.",,
ID00215,000048ec,42,　甘さが、ジャンクでいいよ」,The sweetness is just right for junk food.,,
ID00215,00004a92,27,「甘いものって…」,Sugar...,,
ID00215,00004c83,51,「そうそう、自分へのご褒美だよね」,"That's right, it's a treat for myself.",,
ID00215,00004cf7,51,「コンビニのレジ横のスイーツとか、,"I always end up buying sweets by the checkout,",,
ID00215,00004d39,51,　お菓子って、つい買っちゃうよな」,don't I?,,
ID00215,00004e2d,39,「うんうん、わかるわかる」,"Yeah yeah, totally get it.",,
ID00215,0000501a,33,「どら焼きが半額だと、,"Whenever dorayaki are half price,",,
ID00215,0000504a,36,　買わない理由がないね」,There's no reason not to buy them.,,
ID00215,000051ea,51,「ドーナツで好きなのってなんだ？」,What kind of doughnut do you like?,,
ID00215,000053b0,54,「ココナツチョコは絶対に外せないよ」,Coconut chocolate is a must-have.,,
ID00215,00005579,57,「ココナツがポロポロこぼれちゃうのが、,"It's so easy for the coconut to fall off,",,
ID00215,000055c1,30,　困りものだけどね」,"That's a pain, but yeah.",,
ID00215,000058cd,54,「アメリカのチェーンのドーナツって、,It's weird how American chain donuts are...,,
ID00215,00005912,27,　甘すぎないか？」,Aren't they too sweet?,,
ID00215,00005ac0,51,「そこがいいんだよ、本場っぽくて」,"That's the point, they feel authentic.",,
ID00215,00005dc1,33,「アメリカのお菓子は、,American sweets are,,
ID00215,00005df1,63,　どれも歯が溶けそうなぐらい甘いからねー」,"super duper sweet, you know?",,
ID00215,000060e7,60,「コンビニ限定アイスって、結構あるよな」,There are so many limited-edition ice creams...,,
ID00215,00006332,57,「あれは…ちょっと買うのをためらうね」,I kinda hesitate to buy them sometimes.,,
ID00215,0000651b,18,「なんで？」,Why not?,,
ID00215,000066e3,48,「ちょっと高くて、おいしいから」,They're a bit pricey but really tasty.,,
ID00215,00006a18,60,「あれに慣れると元に戻れなくなりそう…」,Once you get used to those...,,
ID00215,00006bbd,42,「グルメになったって事だな」,You've become quite the gourmet.,,
ID00215,00006ea8,42,「プチグルメの危険な罠だね」,It's dangerous to fall into that trap.,,
ID00215,00006f13,57,「お前の好きな果物って、なんだっけ？」,What's your favorite fruit again?,,
ID00215,000070df,21,「みかんだよ」,Oranges.,,
ID00215,00007287,42,「冬は、こたつと、ミカンと、,"In winter, with a kotatsu and oranges,",,
ID00215,000072c0,33,　タブレットがあれば、,"and a tablet,",,
ID00215,000072f0,45,　一日中、そこにいられる感じ」,I could stay there all day long.,,
ID00215,00007598,27,「外へ出ろ、外へ」,You gotta go outside!,,
ID00215,00007746,27,「春が来ればね～」,When spring comes~,,
ID00215,000077a2,45,「どら焼きなら、何個食える？」,How many dorayaki can you eat?,,
ID00215,00007962,63,「コンビニで売ってる大きさなら、２つだね」,"If they're the size sold at convenience stores, two.",,
ID00215,00007cc2,54,「ネコ型ロボットぐらい食べられると、,I wish I could eat like that.,,
ID00215,00007d07,48,　幸せなんだけどなーって思うよ」,but that's just me...,,
ID00215,00007f7a,36,「体型まで一緒になるぞ」,You'll end up looking like one too.,,
ID00215,00008131,51,「あう…それはまずい。ただでさえ、,"Ah... That's bad. As it is,",,
ID00215,00008173,51,　部屋からあんまり出ないとことか、,I don't leave my room much and,,
ID00215,000081b5,21,　似てるのに」,We look alike.,,
ID00215,0000836a,18,「はははは」,Hahaha,,
ID00215,000083bd,39,「夏のスイーツといえば…」,When it comes to summer sweets...,,
ID00215,00008577,57,「食べ過ぎて、お腹冷やさないようにね」,Don't eat too much and don't get a cold stomach.,,
ID00215,0000872c,51,「団子なら、何団子が好きなんだ？」,What kind of dango do you like?,,
ID00215,000088f2,33,「あん団子が好きだよ。,I love anko dango.,,
ID00215,00008922,42,　よもぎ餅なら、モアベター」,"If it's yomogi mochi, more the better.",,
ID00215,00008c51,36,「コンビニで見かけると、,When I see them...,,
ID00215,00008c84,51,　つい買いたくなっちゃうんだよね」,I can't help but want to buy them.,,
ID00215,00008e60,54,「コンビニのスイーツって小さいよな」,"Convenience store sweets are small, right?",,
ID00215,00009029,57,「女子にはあれぐらいでちょうどいいよ」,That size is just right for girls.,,
ID00215,00009271,48,「つい…２つ買っちゃったりして」,I end up buying two...,,
ID00215,00009444,36,「小さい意味がないぞー」,There's no point if they're small!,,
ID00215,000094a9,60,「ガムって、年々売上が落ちてるらしいな」,"Gum sales have been dropping year by year, right?",,
ID00215,00009678,48,「タブレットの方が、フレーバーが,Tablets come in more flavors.,,
ID00215,000096b7,36,　長く続いていいからね」,So they should last a while.,,
ID00215,0000986e,36,「あごが疲れちゃうのも、,Having your jaw get tired is,,
ID00215,000098a1,36,　マイナスポイントだよ」,a downside too.,,
ID00215,00009aa9,39,「けど、焼き肉屋さんの後、,"But after eating barbecue,",,
ID00215,00009adf,39,　家族みんなで噛むガムは、,Family gum-chewing is fun.,,
ID00215,00009b15,42,　なんか楽しくて好きだなぁ」,I really like it.,,
ID00215,00009e2d,39,「秋のスイーツといえば？」,What's your favorite fall dessert?,,
ID00215,00009fe7,42,「スイートポテトが好きだよ。,I love sweet potatoes.,,
ID00215,0000a020,30,　しっとりと甘くて」,They're so soft and sweet.,,
ID00215,0000a1f7,51,「クリームの香りとさつまいもって、,"The cream scent with sweet potato,",,
ID00215,0000a239,21,　合うよねー」,it's a great combo.,,
ID00215,0000a3f7,36,「最近のスイーツって…」,"These days, desserts...",,
ID00215,0000a5ae,48,「あははー、私やユイ姉の影響で、,"ahaha~, because of my and Onee-chan's influence,",,
ID00215,0000a5ed,51,　にい君もスイーツに詳しいよねー」,You know sweets.,,
ID00216,00003738,45,「お前、冷やし中華、好きだな」,"You like cold Chinese food, don't you?",,
ID00216,000038f8,27,「食堂のは特にね」,Especially the cafeteria's.,,
ID00216,00003a6f,63,「あれだけは別腹で、何杯でも食べられそう」,"I could eat that all day long, no problem.",,
ID00216,00003c4e,21,「知ってるよ」,"Yeah, I know.",,
ID00216,00003ca4,51,「晩メシで好きなのって、なんだ？」,What do you usually like for dinner?,,
ID00216,00003e6a,57,「季節外れだけど、グラタンが好きだよ」,"Even though it's out of season, I love gratin.",,
ID00216,00004043,57,「ああ、母さんのグラタン、うまいよな」,"Yeah, mom's gratin is really good.",,
ID00216,0000421b,63,「うん。熱々のホワイトソースとマカロニに、,"Yeah. The piping hot white sauce and macaroni,",,
ID00216,00004269,57,　焦げたチーズが絡まって、絶品だよね」,Burnt cheese's awesome.,,
ID00216,000046cb,51,「食堂でよく食べるのってなんだ？」,What do you often eat at the cafeteria?,,
ID00216,00004891,45,「１年を通してよく食べるのは、,What do you eat a lot?,,
ID00216,000048cd,51,　レギュラーメニューのカレーだね」,It's the regular menu curry.,,
ID00216,00004d09,39,「なにを食べるか悩んだり、,When I'm unsure what to eat or,,
ID00216,00004d3f,48,　出遅れた時はいつもそうだから、,"I always end up late, so...",,
ID00216,00004d7e,36,　週に１食は食べてるよ」,I eat it once a week.,,
ID00216,000051ab,42,「奇をてらわない普通の味で、,"Its plain taste isn't showy, but",,
ID00216,000051e4,30,　食べ飽きないよね」,You don't get sick of it.,,
ID00216,00005243,54,「カレーのトッピングで好きなのって、,What's your favorite topping for curry?,,
ID00216,00005288,18,　なんだ？」,What's that?,,
ID00216,0000542d,36,「とろけるチーズだねー。,It's melted cheese.,,
ID00216,00005460,48,　オーブンで焦げ目がついてると、,"When it gets a bit crispy in the oven,",,
ID00216,0000549f,21,　なおベスト」,it's even better.,,
ID00216,000057a2,42,「好きな肉料理ってなんだ？」,What's your favorite meat dish?,,
ID00216,0000595f,33,「滅多に食べないけど、,"I don't eat it often, but",,
ID00216,0000598f,42,　グルメバーガーが好きだよ」,I love gourmet burgers.,,
ID00216,00005ba9,51,「ああ、１つ千円ぐらいするヤツな」,"Yeah, the ones that cost about a thousand yen each.",,
ID00216,00005c4d,48,「うん。分厚さもおいしさだって、,"Yep. Thickness is part of the taste too,",,
ID00216,00005c8c,27,　教えてくれるよ」,I'll tell you that much.,,
ID00216,00005e91,60,「ハンバーガーとコーラの取り合わせって、,Hamburgers and Coke pair well.,,
ID00216,00005edc,60,　なんであんなにおいしいんだろうねー？」,isn't it? I wonder why?,,
ID00216,000060b8,48,「ん？　そうだな、後を引くよな」,"Hmm? Yeah, it's addictive, isn't it?",,
ID00216,00006244,60,「脂っこいものと、さっぱりした飲みものの,Fatty foods and refreshing drinks,,
ID00216,0000628f,60,　取り合わせだけとは思えない、あの相性。,They really go great together.,,
ID00216,000062da,60,　いつかきっと、この謎を解いてみせるよ」,"One day, I'll definitely solve this mystery.",,
ID00216,0000655f,45,「お前って、回転寿司へ行くと、,"You always go for new stuff, don't you?",,
ID00216,0000659b,42,　よく変わりネタを取るよな」,You're always picking up new stuff.,,
ID00216,00006758,48,「１皿１００円の味覚チャレンジ。,A taste challenge for just 100 yen per plate.,,
ID00216,00006797,33,　その挑戦は受けねば」,I can't turn down that challenge.,,
ID00216,00006958,36,「うまいのはあったか？」,Did you find anything good?,,
ID00216,00006b0f,48,「味たま軍艦が意外とおいしいよ。,The tamago warship is surprisingly tasty.,,
ID00216,00006b4e,54,　半熟卵と、マヨネーズと、しょう油の,"The half-boiled egg, mayo, and soy sauce go great.",,
ID00216,00006b93,30,　取り合わせが絶妙」,The combo is perfect.,,
ID00216,00006d51,54,「見た目がラーメンのトッピングみたい,It looks like a ramen topping or something,,
ID00216,00006d96,24,　なんだよなぁ」,you know?,,
ID00216,00006f41,57,「そのインパクトを乗り越えた者だけが、,Only those who overcome it can reach that.,,
ID00216,00006f89,54,　あのおいしさにたどり着けるのだよ、,you know?,,
ID00216,00006fce,15,　にい君」,nil-chan.,,
ID00216,00007159,54,「学食で、増やして欲しいメニューって,"What menu do you want added in the cafeteria,",,
ID00216,0000719e,18,　あるか？」,Is there anything?,,
ID00216,00007343,51,「ピザだね。違う味のを２切れとか」,"Pizza, maybe two slices of a different flavor.",,
ID00216,00007516,39,「またジャンクなものを…」,Another junk food item...,,
ID00216,000076c6,60,「そうでもないよ？　イタリアの学校じゃ、,"That's not so bad? In Italian schools,",,
ID00216,00007711,33,　普通にあるだろうし」,"It should be common, right?",,
ID00216,00007a5a,45,「非常食用にテイクアウトして、,"I'd like to take some out for emergencies,",,
ID00216,00007a96,33,　冷凍しておきたいね」,and freeze it.,,
ID00216,00007c20,36,「それが目的じゃねーか」,That's the whole point.,,
ID00216,00007c85,48,「苦手な食い物って、あったか？」,"You don't like some foods, huh?",,
ID00216,00007e48,30,「インゲンが苦手ー」,I hate green beans.,,
ID00216,00007e94,33,「ああ、そうだったな」,"Oh yeah, that's right.",,
ID00216,00008048,54,「味はともかく、あのキュッキュッって,"The taste aside, the crunchiness...",,
ID00216,0000808d,21,　食感がね…」,What I can't stand...,,
ID00216,000080d0,54,「ごまダレがかかってるとうまいぞ？」,It tastes good with sesame sauce though?,,
ID00216,0000816b,48,「だから、味は問題ないんだって」,So it's not really about the flavor then.,,
ID00216,00008304,21,「そ、そっか」,R-Really?,,
ID00216,0000835a,42,「これまで食った高級料理で、,"Of all the fancy dishes I've eaten,",,
ID00216,00008393,45,　一番うまかったのはなんだ？」,Which one was the best?,,
ID00216,00008553,60,「んー、何年か前、パパが気まぐれで作った,"Hmm, a few years ago, Dad made something on a whim,",,
ID00216,0000859e,30,　生ハムメロンだね」,ham melon.,,
ID00216,00008a09,63,「あれか！？　あれがナンバー１なのか！？」,That's it!? That's number one!?!,,
ID00216,00008be7,57,「ん。高級メロンの甘さと、塩味の効いた,"Hmm, fancy melon sweetness and saltiness,",,
ID00216,00008c2f,63,　プロシュートの味わい…。思い出の味だよ」,The taste of prosciutto... It's a memory.,,
ID00216,00008f75,57,「またクリスマスにでも作ってもらえよ」,Make it again for Christmas sometime.,,
ID00216,00009141,33,「いいねー、そうする」,"Sounds good, I'll do that.",,
ID00216,00009315,36,「ピザのトッピングなら、,"For pizza toppings,",,
ID00216,00009348,39,　なにが一番好きなんだ？」,you like best?,,
ID00216,00009502,60,「チーズたっぷりなら、なんでも好きだよ」,I like anything with lots of cheese.,,
ID00216,00009843,30,「生地は薄手のより、,I prefer thin crusts to,,
ID00216,00009870,51,　パンタイプの分厚い方がいいねー」,thick bread-like ones though.,,
ID00216,000098e4,54,「お前って、料理の腕はどうなんだ？」,How's your cooking skill?,,
ID00216,00009b29,36,「発展途上ってとこかと」,Still in development I guess.,,
ID00216,00009d57,33,「イマイチってことか」,You suck at it then?,,
ID00216,00009f0b,48,「フッフッフッ、真奈の料理創世は,"Heh heh heh, just beginning!",,
ID00216,00009f4a,33,　始まったばかりだよ」,It's still in its infancy.,,
ID00216,0000a033,42,「好きなハンバーガーって？」,You like hamburgers?,,
ID00216,0000a1f0,42,「シンプルなチーズバーガー。,A simple cheeseburger.,,
ID00216,0000a229,33,　ケチャップは多めで」,With lots of ketchup.,,
ID00216,0000a3c6,30,「うちの学食って…」,Our cafeteria...,,
ID00216,0000a5a4,48,「そうだねー。どれもおいしくて、,Yeah. Everything tastes great and...,,
ID00216,0000a5e3,24,　目移りするよ」,I can't decide.,,
ID00216,0000a63c,60,「真奈の“いきなり学園ランキングー！”」,Mana's 'Sudden School Ranking!',,
ID00216,0000abc9,54,「食堂で一番人気なメニューはなに？」,What's the most popular menu item in the cafeteria?,,
ID00216,0000ad68,30,「…ハンバーグか？」,Is it the hamburger?,,
ID00216,0000ae04,45,「当たりー。男女問わず大人気。,You got it! It's a hit with everyone.,,
ID00216,0000ae40,36,　上に乗った目玉焼きと、,The fried egg on top and,,
ID00216,0000ae73,54,　デミグラスソースがいいんだよねー」,the demi-glace sauce are just perfect.,,
ID00216,0000b30f,36,「ちなみに、夏限定だと、,"By the way, during summer,",,
ID00216,0000b342,54,　私も大好きな冷やし中華が１位だよ」,my favorite cold chuka soba is number one.,,
ID00216,0000b3b9,54,「うどんのトッピングで好きなのって、,What toppings do you like on your udon?,,
ID00216,0000b3fe,18,　なんだ？」,What's that?,,
ID00216,0000b5a3,24,「ちくわ天だね」,"Fried chikuwa, right?",,
ID00216,0000b74e,51,「そのまま食べてもおいしいちくわを,The fact that you fry up the tasty chikuwa,,
ID00216,0000b790,54,　あえて天ぷらにするところがいいよ」,even though it's already delicious is what I like.,,
ID00216,0000b838,51,「お出汁がよく染みこむんだよね～」,It really soaks up the broth nicely~,,
ID00216,0000b8ee,57,「Ｂ級グルメで好きなのって、なんだ？」,What B-grade gourmet foods do you like?,,
ID00216,0000baba,63,「ご当地ハンバーガーを色々食べてみたいね」,I'd love to try all sorts of local burgers.,,
ID00216,0000bb27,33,「ああ、色々あるよな。,"Yeah, there are a lot.",,
ID00216,0000bb57,39,　特に食ってみたいのは？」,Which one in particular?,,
ID00216,0000bd11,36,「密かに増殖しつつある、,"Secretly multiplying,",,
ID00216,0000bd44,36,　ラーメンバーガーだね。,Ramen burgers.,,
ID00216,0000bd77,48,　ニューヨークにもあるらしいよ」,They say there are some in New York too.,,
ID00216,0000bf47,42,「ニューヨーク？　なんで？」,New York? Why that one?,,
ID00216,0000c0cd,57,「ほら、アメリカはラーメンブームだし、,"You know, America's got a ramen boom going on,",,
ID00216,0000c115,39,　ハンバーガー好きだから」,and they love hamburgers.,,
ID00216,0000c1e0,18,「なるほど」,I see.,,
ID00216,0000c233,60,「お前がよくファミレスで頼むメニューって,The menu you always order...,,
ID00216,0000c27e,24,　なんだっけ？」,What was it again?,,
ID00216,0000c429,45,「メインディッシュは数あれど、,"There are many main dishes,",,
ID00216,0000c465,57,　必ず頼むのは、コーンクリームスープ」,but the one you always order is corn cream soup.,,
ID00216,0000c63e,51,「ああ、そういやいつも飲んでるな」,"Oh yeah, I do drink that all the time.",,
ID00216,0000c7cd,57,「どんな料理とも合うし、おいしいよね」,It goes well with any dish and it's delicious too.,,
ID00216,0000c847,51,「焼肉行ったら、必ず食べたいのって,"When we go to a barbecue restaurant,",,
ID00216,0000c889,21,　なんだよ？」,What do you want?,,
ID00216,0000ca31,21,「ライスだね」,"Rice, of course.",,
ID00216,0000ca74,48,「ああ、ご飯と合うよな、焼肉は」,"Yeah, rice really goes well with grilled meat.",,
ID00216,0000cc37,48,「塩味より、たれの方が合うから、,"Sauce goes better than salt, so",,
ID00216,0000cc76,45,　みんながタン塩食べてる間は、,"while everyone's eating beef tongue,",,
ID00216,0000ccb2,27,　お預け状態だよ」,I'm stuck waiting.,,
ID00216,0000d10d,36,「ははは、そうだったな」,"Hehe, that's right.",,
ID00216,0000d172,57,「スパゲッティで好きなのってなんだ？」,What kind of pasta do you like?,,
ID00216,0000d33e,39,「カルボナーラが好きだよ。,It's carbonara.,,
ID00216,0000d374,30,　まったりと濃厚で」,It's creamy and rich.,,
ID00216,0000d660,51,「粉チーズを容赦なくふりかけると、,"If you sprinkle on the grated cheese without mercy,",,
ID00216,0000d6a2,30,　さらにおいしいよ」,It's even more delicious.,,
ID00216,0000d83c,45,「すき焼きとしゃぶしゃぶなら、,"If it's sukiyaki or shabu-shabu,",,
ID00216,0000d878,36,　どっちが好きなんだ？」,which one do you like better?,,
ID00216,0000da2f,24,「すき焼きだね」,"Like sukiyaki, right?",,
ID00216,0000dbda,39,「ただし、食べ過ぎに注意。,But be careful not to overeat.,,
ID00216,0000dc10,63,　ご飯と一緒に食べた上に、締めにうどんとか,You eat it with rice and finish with udon.,,
ID00216,0000dc5e,36,　大食の罪を犯してるよ」,That's a sin of gluttony.,,
ID00216,0000df26,51,「ははは、つい食っちゃうんだよな」,"Hehe, I can't help but pig out.",,
ID00216,0000df9a,60,「冷やし中華は、しょう油だれとゴマだれ、,Cold ramen: soy or sesame?,,
ID00216,0000dfe5,36,　どっちが好きなんだ？」,which one do you like better?,,
ID00216,0000e19c,33,「断然、醤油だれだよ」,Definitely soy sauce.,,
ID00216,0000e48b,48,「あの他ではなかなか味わえない、,"That unique cold ramen taste,",,
ID00216,0000e4ca,54,　甘酸っぱさあっての冷やし中華だね」,you can't get anywhere else.,,
ID00216,0000e67c,51,「ラーメンなら何味が好きなんだ？」,What kind of ramen do you like?,,
ID00216,0000e842,33,「ジャージに着替えて、,"Change into a jersey,",,
ID00216,0000e872,36,　とんこつラーメンだね」,it'll be tonkotsu ramen.,,
ID00216,0000e9ff,39,「なんで着替えるんだよ？」,"Why do you have to change clothes?""",,
ID00216,0000ebb9,45,「本格的なとんこつラーメンは、,"Real tonkotsu ramen is,",,
ID00216,0000ebf5,30,　匂いがすごいから。,The smell is crazy.,,
ID00216,0000ec22,39,　髪も制服もベトベトだよ」,My hair and uniform are all sticky.,,
ID00216,0000f052,57,「帰ったらそのまま、お風呂に直行だね」,Straight to the bath when home.,,
ID00216,0000f207,60,「寿司で一番好きなネタはなんなんだよ？」,What's your favorite sushi topping?,,
ID00216,0000f3d6,45,「高いお寿司屋さんなら卵だね。,It would be egg at an expensive sushi place.,,
ID00216,0000f412,60,　回転寿司じゃ味わえないおいしさだから」,You can't taste that at conveyor belt sushi.,,
ID00216,0000f4b6,42,「回転寿司ならなんなんだ？」,Then what about conveyor belt sushi?,,
ID00216,0000f673,63,「エビ天巻きだよ。逆に高いお寿司屋さんには,I like ebi tamagowaki rolls.,,
ID00216,0000f6c1,36,　あんまりないでしょ？」,are they?,,
ID00216,0000f861,57,「夏のメニューで好きなのってなんだ？」,What's your favorite summer dish?,,
ID00216,0000fa2d,48,「小さいころ、山の茶屋で食べた、,"When I was little, I ate soba noodles",,
ID00216,0000fa6c,48,　流しそうめんが忘れられないよ」,were unforgettable,,
ID00216,0000faca,33,「ああ、楽しかったな」,"Yeah, it was fun",,
ID00216,0000fc7e,48,「冷たい井戸水と一緒に流れてくる,The soba noodles that came with cold well water,,
ID00216,0000fcbd,57,　そうめんが、楽しいし、おいしいし…」,were so much fun and delicious...,,
ID00216,00010059,30,「また行きたいねー」,I want to go again,,
ID00216,000100a5,18,「そうだな」,You're right.,,
ID00216,000100f8,45,「お前って、食べるの遅いよな」,You're slow when you eat.,,
ID00216,000102b8,36,「ご飯は逃げないからね」,The food's not gonna run away.,,
ID00216,0001030a,63,「麺類は伸びるとあんまりうまくないだろ？」,"Noodles don't taste good when they get mushy, right?",,
ID00216,000104dc,57,「歯ごたえは落ちるけど、味は一緒だよ。,The texture's worse but flavor stays same.,,
ID00216,00010524,60,　むしろよく噛んだ方が太らないと思われ」,I think chewing well helps you not get fat.,,
ID00216,0001082e,48,「にい君も、もっとよく噛みなよ」,You should chew more too.,,
ID00216,0001088c,30,「む…気をつけるよ」,Will do...,,
ID00216,000108eb,42,「この間、食ったんだけど…」,I ate it a while ago...,,
ID00216,00010aa8,42,「あー、いいね。おいしそー」,"Mmm, sounds good.",,
ID00216,00010c85,51,「作ってみたい料理ってないのか？」,You don't have any dishes you wanna make?,,
ID00216,00010e4b,45,「シカゴピザを作ってみたいよ」,I want to try making Chicago pizza.,,
ID00216,00010ea6,24,「シカゴピザ？」,Chicago pizza?,,
ID00216,00011051,54,「知らない？　アメリカのシカゴ名物の,"You don't know? It's a famous dish from Chicago,",,
ID00216,00011096,51,　１０センチくらいある分厚いピザ」,"It's a thick pizza, about ten centimeters high.",,
ID00216,000113a4,57,「何層にもなってて、まるでピザで出来た,It has multiple layers and looks like a cake made of,,
ID00216,000113ec,36,　ケーキみたいなんだよ」,pizza.,,
ID00216,0001143e,15,「へ～っ」,Wow...,,
ID00216,000115e0,54,「ユイ姉と、クリスマスケーキ代わりに,Yui-nee and I ate it as our Christmas cake once.,,
ID00216,00011625,42,　作ってみるのもいいかもね」,Maybe I should try making one too.,,
ID00216,0001167d,39,「ピザのケーキか…むむ…」,A cake pizza... hmm...,,
ID00216,000116e5,45,「アメリカのグルメバーガーが、,American gourmet burgers are,,
ID00216,00011721,48,　続々日本に上陸してきてるよな」,coming to Japan one after another.,,
ID00216,00011927,48,「うんうん、食べてみたいよねー」,"Yeah, yeah, I'd love to try them!",,
ID00216,00011aea,39,「向こうのハンバーガーは、,Burgers over there have,,
ID00216,00011b20,48,　意外と野菜がたくさん入ってて、,"a surprising amount of veggies,",,
ID00216,00011b5f,48,　パティとバランスいいんだよね」,and they balance well with the patty.,,
ID00216,00011e5d,42,「地方出店が待ち遠しいよー」,Can't wait for the local vendors.,,
ID00216,00011ec8,57,「中華料理で一番好きなのってなんだ？」,What's your favorite Chinese dish?,,
ID00216,00012094,27,「シュウマイだね」,"Shumai, right?",,
ID00216,000120dd,57,「ああ、そういえば、家族で中華を食いに,"Oh yeah, we ate Chinese food once.",,
ID00216,00012125,39,　行くと、必ず頼んでるな」,You always order it when we go.,,
ID00216,000122df,24,「蒸したお肉の、,"Steamed meat,",,
ID00216,00012306,48,　ふわふわな感じがいいんだよー」,It's so fluffy and nice.,,
ID00216,000123fe,63,「カップ焼きそばって、クセになる味だよな」,"Cup ramen is addictive, isn't it?",,
ID00216,00012613,60,「うん。麺のおいしさを純粋に楽しむなら、,"Yeah, if you want to enjoy the noodles purely,",,
ID00216,0001265e,45,　カップラーメンより上だよね」,cup ramen's better than instant.,,
ID00216,00012862,36,「湯気と一緒に立ち上る、,"Aroma rising with the steam,",,
ID00216,00012895,45,　ソースの香りがたまらないよ」,is just irresistible.,,
ID00216,00012903,36,「目玉焼きにかけるのは、,Do you put soy sauce on your eggs?,,
ID00216,00012936,45,　しょう油とソースどっちだ？」,Soy sauce or ketchup?,,
ID00216,00012af6,30,「ん～、ソースだね」,"Mmm, it’s the sauce.",,
ID00216,00012de2,60,「しょう油だとしょっぱくなっちゃうから」,"If it’s soy sauce, it gets too salty.",,
ID00216,00012e5f,45,「外食する時、ネットの評価って,"When I eat out, do you care about",,
ID00216,00012e9b,24,　気になるか？」,online reviews?,,
ID00216,00013073,27,「それなりにねー」,"Sort of, yeah.",,
ID00216,00013221,63,「すごくほめてるのから、けなしてるのまで、,There are all kinds of reviews.,,
ID00216,0001326f,45,　いっぱいレビューがあるから、,so,,
ID00216,000132ab,42,　鵜呑みには出来ないけどね」,can't take them at face value.,,
ID00216,000134b8,54,「から揚げにはレモンをかける派か？」,You're the type who puts lemon on fried chicken?,,
ID00216,000136db,33,「ううん、かけないよ」,"Nope, I don't.",,
ID00216,0001388f,48,「せっかくカラッと揚がった衣が、,The crispy coating gets all soggy and sour.,,
ID00216,000138ce,30,　ジトッとした上に、,"Gets all sticky, you know?",,
ID00216,000138fb,42,　酸っぱくなっちゃうからね」,That's why I don't put it on.,,
ID00216,00013bdc,42,「秋といえば、サンマだよな」,What about mackerel in the fall?,,
ID00216,00013d99,48,「脂がのってて、おいしいよねー」,"It's so fatty and tasty, isn't it?",,
ID00216,00013f5c,48,「焼き魚じゃ、一番おいしいんじゃ,Maybe grilled fish is the best,,
ID00216,00013f9b,21,　ないかなぁ」,I wonder...,,
ID00216,00013fde,24,「そうかもな～」,"Yeah, maybe.",,
ID00216,00014037,60,「食い合わせが悪い食べものってあるよな」,"There are foods that don't go well together, right?",,
ID00216,00014206,54,「迷信なのと、本当なのがあるけどね」,Some are superstitions and some are real.,,
ID00216,0001426a,24,「そうなのか？」,Is that so?,,
ID00216,000142f3,60,「うん。よく言われる、ウナギと梅干しは、,"Yeah. The eel and umeboshi combo,",,
ID00216,0001433e,57,　実は消化を助けるいい組み合わせだよ」,actually helps digestion.,,
ID00216,00014517,15,「へ～っ」,Wow...,,
ID00216,000146af,54,「本当に悪い組み合わせは、せっかくの,Really bad combinations can destroy vitamins,,
ID00216,000146f4,60,　ビタミンを壊したり、中毒を起こすものも,and cause poisoning.,,
ID00216,0001473f,36,　あるから、気をつけて」,So be careful.,,
ID00216,00014a1a,57,「料理上手な女の子って、魅力あるよな」,Girls who cook well are pretty attractive.,,
ID00216,00014be6,51,「む…私にも将来性はあると思われ」,Mm... I guess there's hope for me.,,
ID00216,00014de6,60,「少なくとも、料理が嫌いではないからね」,"At least, I'm not averse to cooking.",,
ID00216,00014ff8,36,「自分で作る料理って…」,Cooking your own food...,,
ID00216,000151f2,51,「うんうん、好みの味に出来るとこが,"Yeah, you can customize the flavor.",,
ID00216,00015234,27,　メリットだよね」,It's the best part.,,
ID00217,00002062,54,「お前って、いつもマイペースだよな」,You're always so laid-back.,,
ID00217,0000222b,36,「それって、ほめてる？」,Is that a compliment?,,
ID00217,000023b8,27,「まぁ…そうだな」,Well... yeah.,,
ID00217,00002566,54,「ふむ、ほめられたなら、それでよし」,"Hmm, that's good enough for me.",,
ID00217,0000288a,45,「お前のアプリいじってるけど、,"I'm messing around with your app,",,
ID00217,000028c6,27,　よく出来てるよ」,it's pretty well done.,,
ID00217,00002a74,51,「それはそれは、役立ってなにより」,Functionality first.,,
ID00217,00002d75,39,「いい夏になるといいねー」,I hope you have a nice summer.,,
ID00217,00002ddd,57,「お前はユイ姉と違って、小さいころから,You're different from Yui-nee.,,
ID00217,00002e25,45,　手間のかからないヤツだよな」,You haven't caused any trouble.,,
ID00217,00002fe5,45,「あははー、ユイ姉は、にい君に,Yui-nee's always annoying Bro-kun.,,
ID00217,00003021,36,　わがまま放題だからね」,She's totally spoiled by him.,,
ID00217,00003485,57,「それだけ頼りにされてるってことだよ」,It just means she trusts you that much.,,
ID00217,000034ff,63,「マンガやアニメにしろ、プログラムにしろ、,"Whether it's manga or anime, or programming,",,
ID00217,0000354d,60,　趣味に熱中できるのは、素直にすげーって,That's pretty cool.,,
ID00217,00003598,15,　思うよ」,right?,,
ID00217,0000373a,33,「あははー、ありがと」,"Ahaha, thanks.",,
ID00217,00003a60,27,「にい君も、動画で,"You can too, @str_000.",,
ID00217,00003a8a,51,　趣味の世界の住人の仲間入りだね」,"Welcome to the world of hobbies, @str_000.",,
ID00217,00003c70,54,「太股のバンダナを欠かさないのって、,"You never miss your thigh bandana, right?",,
ID00217,00003cb5,27,　実は大変だろ？」,It's tough.,,
ID00217,00003e63,51,「こうして自らの力を封印しないと、,If you don't seal away your power like this,,
ID00217,00003ea5,45,　世界が崩壊しかねないからね」,"the world might collapse, you know.",,
ID00217,000040b4,54,「そう思うと、苦でもなんでもないよ」,That's why I don't mind any pain or anything.,,
ID00217,0000429a,18,「はいはい」,Sure sure.,,
ID00217,000042ed,36,「お前って、色白だよな」,You're pale.,,
ID00217,000044a4,57,「外で紫外線をあんまり浴びないからね」,That's 'cause you don't get much UV out in the sun.,,
ID00217,00004670,48,「ネトゲで市街戦はよくやるけど」,I do a lot of city battles in net games though.,,
ID00217,000046ce,18,「はははは」,Hahaha,,
ID00217,00004721,36,「お前のいいとこって…」,Your good points are...,,
ID00217,000048d8,54,「さすがにい君、よくわかってるねー」,"You really know your stuff, @str_000.",,
ID00217,00004ac1,42,「プログラムできるＪＣって、,Rare J-Cute coder?,,
ID00217,00004afa,42,　実は貴重なんじゃないか？」,"I mean, you're one of a kind, @str_000.",,
ID00217,00004cb7,48,「そのせいか、コンピュータ部から,Club recruit.,,
ID00217,00004cf6,39,　勧誘を受けたことあるよ」,Invited before.,,
ID00217,00004e86,27,「そうなのか！？」,Is that so!?,,
ID00217,00005034,63,「部活に興味がないから入らなかったけどね」,I ain't interested.,,
ID00217,00005354,60,「こうして、にい君と話してると楽しいよ」,"Talking to you like this is fun, Bro-kun.",,
ID00217,000053be,18,「そうか？」,Is that so?,,
ID00217,0000556f,27,「うん。にい君は、,Yeah. You're...,,
ID00217,00005599,42,　私の最大の理解者だからね」,my biggest supporter.,,
ID00217,0000589e,57,「ちゃんと理解してるとも思えねーが…」,Though I don't think you really get me...,,
ID00217,00005a6a,54,「そこは理解してるって言っとこうよ」,But let's just say you do understand me.,,
ID00217,00005ace,24,「はは…だよな」,はは...,,
ID00217,00005b27,45,「兄の俺が言うのもなんだけど、,It's odd for me to say...,,
ID00217,00005b63,45,　見た目そんな悪くないんだし、,"You're not that bad-looking, so",,
ID00217,00005b9f,57,　趣味がまともなら、モテると思うぞ？」,"if your hobbies are normal, you'll be popular.",,
ID00217,00005d6b,39,「私はいいよ、今のままで。,I'm fine as I am.,,
ID00217,00005da1,54,　にい君からモテればそれでいいから」,It's enough for me if you like me.,,
ID00217,000060b2,54,「俺からモテることはないっ。妹だぞ」,There's no way I'd be liked. You're my sister.,,
ID00217,00006244,36,「けど、仲はいいよね？」,"But we get along well, right?",,
ID00217,00006408,18,「…まぁな」,"...Well, yeah.",,
ID00217,000065ad,30,「なら、それで十分」,That's good enough for me.,,
ID00217,0000665c,39,「お前の目って、でっかくて,"You've got big eyes,",,
ID00217,00006692,30,　ネコみたいだよな」,Like a cat's.,,
ID00217,00006843,42,「あははー、吊り目だからね」,"Hehe, because I've got slanted eyes.",,
ID00217,00006b72,36,「暗視機能がついてたら、,"If my night vision was on,",,
ID00217,00006ba5,48,　まさにネコだったんだけどねー」,I'd be just like a cat.,,
ID00217,00006e79,18,「はははは」,Hahaha,,
ID00217,00006ecc,57,「お前って、俺にも親にも反発しないし、,"You never rebel against me or your parents,",,
ID00217,00006f14,30,　反抗期がないよな」,You're not rebelling.,,
ID00217,000070c5,42,「特に怒ることがないからね。,There's nothing to get mad at really.,,
ID00217,000070fe,63,　ストレスフリーなのが、真奈のいいところ」,That's what makes Mina great.,,
ID00217,000073e1,45,「マイペースだからな、お前は」,"You're chill, after all.",,
ID00217,0000744f,54,「お前って、実は前向きなヤツだよな」,"Actually, you're pretty optimistic.",,
ID00217,00007667,30,「んー、そうかもね」,"Hmm, maybe so.",,
ID00217,0000799a,57,「がんばれば、どんな夢も実現できるって,"If you work hard, any dream can come true.",,
ID00217,000079e2,24,　思ってるから」,'cause I really do.,,
ID00217,00007b8d,45,「その辺りは、ユイ姉譲りだね」,That's just like your sister.,,
ID00217,00007e9b,39,「にい君のいいとこって…」,Your good points...,,
ID00217,00007ef0,36,「はいはい、ありがとよ」,"Sure thing, thanks a lot.",,
ID00217,000081d5,36,「む…スルーされたか…」,Mm... She ignored me...,,
ID00217,0000823a,39,「お前のおかげで、ユイ姉に,"Thanks to you, I didn't forget",,
ID00217,00008270,57,　デビューのお祝いを忘れずにすんだよ」,to celebrate my debut.,,
ID00217,0000843c,60,「真奈は、よく気がつくいい子だからねー」,Mana's a good girl who notices things.,,
ID00217,0000860e,36,「そうだな、ありがとよ」,"Yeah, thanks a lot.",,
ID00217,00008673,48,「この際だから、お前はこのまま、,"Since we're at it, I hope you grow up",,
ID00217,000086b2,60,　らしさを失わずに大きくなって欲しいよ」,without losing your personality.,,
ID00217,00008881,54,「心配しなくても、変わりようがないと,Don't worry; she won't change.,,
ID00217,000088c6,15,　思われ」,I guess,,
ID00217,00008a68,51,「たとえこの体が滅ぶ時が来ようと、,"Even if this body meets its end,",,
ID00217,00008aaa,57,　時空を越えて、にい君に会いに来るよ」,I'll come to see you beyond time and space.,,
ID00217,00008da9,57,「お前みたいなちょっと変わったヤツが、,"You're a bit of an oddball like me,",,
ID00217,00008df1,60,　とんでもない発明をしちゃうのかもなぁ」,Maybe you'll make one too.,,
ID00217,00008fc0,57,「いいねー。世界がひっくり返るような、,That'd be huge!,,
ID00217,00009008,45,　世紀の大発明をしてみたいね」,I wanna make a world-changing invention too.,,
ID00217,00009475,45,「『魔法を司る者』である私に、,I'm a mage.,,
ID00217,000094b1,30,　不可能はないッ！」,There's nothin' I can't do!,,
ID00217,0000967c,18,「はははは」,Hahaha,,
ID00217,00009834,57,「にい君、この夏、いろいろありがとね」,"Thanks for everything this summer, @str_000.",,
ID00217,00009a61,48,「俺はお前の兄だぞ、気にすんな」,"I'm your big bro, don't worry about it.",,
ID00217,00009b02,27,「うん…ありがと」,Yeah... thanks.,,
ID00217,00009b7a,39,「俺はなんにもしてねーよ」,I didn't do anything special.,,
ID00217,00009d8e,48,「ううん、いっぱいしてくれたよ。,"No, you did a lot for me.",,
ID00217,00009dcd,21,　…ありがと」,...thanks.,,
ID00217,0000a0ff,27,「お前って実は…」,You know... actually...,,
ID00217,0000a2f0,45,「うんうん、そこに気づくとは、,"Yeah yeah, I knew that.",,
ID00217,0000a32c,33,　さすがにい君だねー」,You really are something.,,
ID00218,0000280e,54,「うちの制服って、胸元開いてるよな」,"Our uniforms have the top buttons undone, right?",,
ID00218,000029d7,51,「ほうほう、妹の胸元に大注目とは、,Oh? You like her chest?,,
ID00218,00002a19,36,　にい君も業が深いねぇ」,"You sure are a pervert, bro.",,
ID00218,00002d18,33,「なんで妹限定なんだ！,Why is it just for my sister?!,,
ID00218,00002d48,57,　うちの女子全般を見て感じたことだ！」,That's what I've noticed!,,
ID00218,00002dff,45,「なるほどなるほど、にい君は、,"I see, so you're really into",,
ID00218,00002e3b,57,　うちの女子すべての胸元に大注目、と」,all of our schoolgirls' chests.,,
ID00218,00003003,57,「…妹限定の方が、マシな気がしてきた」,"Actually, it might be better.",,
ID00218,000031cf,36,「どっちもどっちだって」,It's all the same either way.,,
ID00218,00003234,39,「お前って、凹凸ないよな」,You don't have any curves.,,
ID00218,000032d9,36,「実は着痩せするタイプ」,I look good in clothes.,,
ID00218,00003344,18,「はははは」,Hahaha,,
ID00218,00003397,63,「実は…兄として、お前のスカートの短さは、,"Actually... your skirt is short,",,
ID00218,000033e5,51,　ちょっとけしからんと思ってんだ」,I think it's a bit inappropriate.,,
ID00218,000035ab,57,「みんな短いのに、妹にはうるさいねぇ」,"Everyone does, but you're picky.",,
ID00218,00003612,54,「うるさいって言うな、心配なんだよ」,"Don't call me picky, I'm worried.",,
ID00218,000037db,36,「普段の服もそうだけど、,"Your everyday clothes are the same,",,
ID00218,0000380e,42,　短いスカートが好きだから、,"I just love short skirts,",,
ID00218,00003847,33,　どうしようもないね」,There's nothing to do about it.,,
ID00218,000038cf,30,「ネトゲやってると、,"When I'm playing online games,",,
ID00218,000038fc,45,　セクハラされたりしないか？」,Don't you get harassed or anything?,,
ID00218,00003b16,54,「ないよー。むしろ、背中を預けられる,"Nope. Actually, people trust me more",,
ID00218,00003b5b,27,　頼りになる存在」,as a backup.,,
ID00218,00003e44,48,「女子だって思われてないからね」,They don't think of me as a girl anyway.,,
ID00218,00003f12,42,「満員電車には気をつけろよ。,Be careful in crowded trains.,,
ID00218,00003f4b,39,　いつ痴漢が狙ってるか…」,When the perverts are on the lookout...,,
ID00218,0000415f,54,「ユイ姉じゃあるまいし、大丈夫だよ」,"I'm not Yui-nee, so I'll be fine.",,
ID00218,00004202,60,「いや、大人しそうなヤツが狙われるんだ」,"No, it's usually the quiet ones they go for.",,
ID00218,000043d1,60,「ほうほう、痴漢の心理にお詳しいようで」,You're familiar with it?,,
ID00218,00004576,42,「俺はお前を心配してだな…」,"I'm worried about you, you know...",,
ID00218,00004698,39,「うんうん、気をつけるよ。,"Yeah yeah, I'll be careful.",,
ID00218,000046ce,39,　真奈もお年ごろだからね」,Mana's at an age where it matters too.,,
ID00218,000048eb,48,「中学生になっても、父親と一緒に,She still does.,,
ID00218,0000492a,63,　お風呂に入ってる子って、たまにいるよな」,"You see kids in the bath sometimes, right?",,
ID00218,00004afc,51,「んー、ちょっと考えられないよね」,"Hmm, it's hard to imagine.",,
ID00218,00004e41,30,「兄とならまだしも」,Better with a brother...,,
ID00218,00004e8d,48,「ぐふぉっ！　余計、ダメだろ！」,Guhoh! That makes it even worse!,,
ID00218,00005050,51,「アニメやゲームなら、よくある話」,"In anime and games, that happens all the time.",,
ID00218,000050b1,27,「一緒にすんな！」,Don't do that together!,,
ID00218,0000510d,39,「恥ずかしい話なんだが…」,This is kind of embarrassing...,,
ID00218,000052d9,60,「むむ…妹を恥ずかしがらせて楽しむとか、,Mmm... enjoying making your sister embarrassed...,,
ID00218,00005324,21,　上級者だね」,You're a pro.,,
ID00218,00005651,57,「胸を押しつけられてるのにスルーとか、,"ignoring me like this,",,
ID00218,00005699,39,　にい君、無効化力高すぎ」,You're too strong.,,
ID00218,00005829,30,「妹の胸じゃなぁ…」,It's your sister's chest...,,
ID00218,000059f6,54,「ぐぬぬ…想定以上のハンデを実感…」,Gah... This handicap sucks.,,
ID00218,00005bd2,63,「堂々とテーブルの下のスカートを覗くのは、,It's wrong to peek under her skirt.,,
ID00218,00005c20,42,　やめたほうがいいと思われ」,I think you should stop doing that...,,
ID00218,00005c78,60,「あ、あれはそうじゃなく確かめようと…」,"Ah, no, I was just checking.",,
ID00218,00005e47,18,「なにを？」,What?,,
ID00218,00005e87,36,「…いや、なんでもない」,"Nothing, forget it.",,
ID00218,0000603e,18,「ふうん…」,Hmm...,,
ID00218,000061f6,51,「家庭科室でやったセクシーポーズを,That's the sexy pose we did in the home ec room...,,
ID00218,00006238,39,　無効化するとは…手強い」,Disabling it... That's tough.,,
ID00218,0000632d,24,「妹じゃなぁ…」,You ain't my sis.,,
ID00218,000064d8,48,「うぐぐ…それは言いっこなしで」,Ugh... You can't take that back now.,,
ID00218,00006820,42,「体育倉庫で迫ったってのに、,After I cornered you...,,
ID00218,00006859,60,　スルーだなんて…。にい君は手強いねぇ」,"To just ignore me like this... You're tough, bro.",,
ID00218,00006b70,54,「妹と密室で２人っきりになったから、,We were alone in a closed room with your sister...,,
ID00218,00006bb5,36,　なんだって言うんだ？」,So what?,,
ID00218,00006d6c,42,「ぐぬぬ…恐るべき無効化力」,Guh... That damn invalidating power...,,
ID00218,00006f62,54,「はぁ…妹と一緒に雨に降られた後は、,Hah... After raining...,,
ID00218,00006fa7,54,　一緒にお風呂と相場が決まっていると,take a bath together or something...,,
ID00218,00006fec,21,　いうのに…」,...but...,,
ID00218,00007186,42,「このままでは、歴代最弱…」,I'm doomed...,,
ID00218,0000723a,60,「なにをブツブツ言ってるんだ？　お前は」,What are you mumbling about? You there...,,
ID00218,000072b7,42,「ネットを見てると、意図せず,"When I'm on the internet, unintentionally",,
ID00218,000072f0,54,　エッチなサイトへ行っちゃうことって,"I end up going to porn sites, you know?",,
ID00218,00007335,18,　あるよな」,Yeah.,,
ID00218,000074da,57,「ん～、女子にはわからない悩みだねぇ」,"Hmm, a problem girls can't understand.",,
ID00218,000076cc,42,「スマホにもウイルスあるし、,"There are viruses on smartphones too,",,
ID00218,00007705,27,　気をつけないと、,so be careful.,,
ID00218,0000772f,45,　大変なことになっちゃうよ？」,It could get really bad.,,
ID00218,00007a3d,42,「にい君って、恥ずかしい本は,"You don't read embarrassing books, do you?",,
ID00218,00007a76,33,　どこに隠してるの？」,Where do you hide them?,,
ID00218,00007c00,39,「なっ、いきなりなんだよ！,What the...!,,
ID00218,00007c36,27,　持ってねーよ！」,I don't have any!,,
ID00218,00007de4,39,「あー、デジタル派なんだ。,"Oh, you're a digital guy.",,
ID00218,00007e1a,63,　恥ずかしいＵＳＢメモリーは一体どこに？」,Where's that embarrassing USB drive?,,
ID00218,00008134,57,「…俺が悪かった。追求しないでくれ…」,...It's my fault. Don't grill me...,,
ID00218,00008313,18,「にい君…」,"Hey, big bro...",,
ID00218,00008353,21,「なんだよ？」,What's up?,,
ID00218,000084fb,48,「コンビニに、ちょっと恥ずかしい,Embarrassing at store.,,
ID00218,0000853a,54,　グラビアが表紙の雑誌があるとして、,If there were magazines with,,
ID00218,0000857f,27,　堂々と買える？」,Could I buy them?,,
ID00218,00008703,42,「あぁ？　なんだ、その質問」,Huh? What question is that?,,
ID00218,000088c0,51,「店員はアルバイトのかわいいＪＫ」,The clerk's a cute part-time JK.,,
ID00218,00008921,36,「買えるわけねーだろ！」,You can't buy them!,,
ID00218,00008ad8,45,「じゃあ、ネットで買う派だ？」,So you'd rather buy online?,,
ID00218,00008b33,33,「ネットも無理だって。,Buying online is impossible too.,,
ID00218,00008b63,54,　届いたとこをユイ姉に見つかったら、,"If Yui-nee finds out when they arrive,",,
ID00218,00008ba8,45,　一生いたぶられるじゃねーか」,"you'll be bullied forever, right?",,
ID00218,00008d68,45,「じゃあ、どうやって買うの？」,Then how are you gonna buy them?,,
ID00218,00008dc3,30,「…我慢するんだよ」,I'll bear it.,,
ID00218,00008f74,42,「思いの外、強い意志だねぇ」,You've got a surprisingly strong will.,,
ID00218,0000911a,54,「夏服の背中って…ブラが透けるよな」,"Summer uniforms... the bra shows through, right?",,
ID00218,000092e3,48,「私は髪で隠れて見えないけどね」,I can't be seen since my hair's covering it.,,
ID00218,00009341,48,「おっ、いいブロックの仕方だな」,"Oh, nice blocking technique.",,
ID00218,00009504,57,「制服に限らず、白は透けやすいからね。,White shows through.,,
ID00218,0000954c,27,　対策は必須だよ」,You need to.,,
ID00218,000096e3,54,「風呂で最初に洗うのはどこなんだ？」,Which part do you wash first in the shower?,,
ID00218,000098ac,15,「髪だよ」,Your hair.,,
ID00218,00009a4e,60,「長い髪をゴシゴシするのは重労働だから、,"Washing long hair vigorously is hard work, so",,
ID00218,00009a99,30,　真っ先に洗ってる」,I wash it first.,,
ID00218,00009c20,45,「最後に洗うのはどこなんだ？」,Which part do you wash last?,,
ID00218,00009de0,54,「足の裏だね。上から順番に洗う感じ」,It's the soles. Wash them up.,,
ID00218,00009f92,30,「男の妄想力って…」,Men's imagination...,,
ID00218,0000a143,48,「あははー、そっち方面の妄想は、,"Hahahaha, you win.",,
ID00218,0000a182,30,　まるで敵わないよ」,can I?,,
ID00218,0000a562,42,「体育倉庫で息を潜めるとか、,"If I hide my breath in the gym shed,",,
ID00218,0000a59b,45,　もうしない方がいいと思われ」,I think you shouldn't do that anymore.,,
ID00218,0000a5f6,33,「わ、わかってるって。,"I-I know, okay.",,
ID00218,0000a626,39,　あれは…魔が差したんだ」,That was... a moment of weakness.,,
ID00218,0000a7a9,42,「一時とはいえ、闇という名の,"For now, it's still the darkness called",,
ID00218,0000a7e2,57,　欲望に負けるとは……ダメダメだねぇ」,"Giving in to desire... That's bad, bad.",,
ID00218,0000aa5b,60,「今度から、シャンプーがなくなった時は、,"Next time the shampoo runs out,",,
ID00218,0000aaa6,39,　ちゃんとユイ姉を呼べよ」,Call Yui-nee properly next time.,,
ID00218,0000ac60,60,「おやおや、わざわざ念を押すってことは、,"Oh my, you're going out of your way to stress this.",,
ID00218,0000acab,39,　もう一度呼べってこと？」,You want me to call her again?,,
ID00218,0000afe4,60,「ちがっ！　マジで焦るから、よせって！」,"No! I'm serious, it's making me nervous, stop it!",,
ID00218,0000b1b3,24,「実は、そろそろ,It’s time.,,
ID00218,0000b1da,54,　コンディショナーがなくなるころ…」,my conditioner is about to run out...,,
ID00218,0000b23e,60,「わかってんなら、今のうちにバスルームへ,"If you get it, go.",,
ID00218,0000b289,39,　買い置きを入れとけって」,Put some aside now.,,
ID00218,0000b32e,27,「あはは、はーい」,"Oh ha ha, okay~",,
ID00218,0000b3b0,45,「自分のこと、エッチだなぁって,"You're such a pervert about yourself,",,
ID00218,0000b3ec,30,　思うことあるか？」,do you ever think that?,,
ID00218,0000b5ec,60,「んー、にい君に、ぎゅっとしてもらいたい,"Hmm, I do want Bro-kun to hug me tight",,
ID00218,0000b637,36,　って思うことはあるよ」,I do have those thoughts.,,
ID00218,0000b97d,30,「なんで俺なんだ！」,Why me!,,
ID00218,0000bb2e,36,「妹のささやかな夢だね」,"""Sis's little dream.""",,
ID00218,0000bb93,39,「なんでアニメキャラって、,"Why are anime characters,",,
ID00218,0000bbc9,45,　縞パン履いてるんだろうな？」,Probably wearing striped panties.,,
ID00218,0000bd89,39,「萌え要素の１つだからね。,It's one of the cute elements.,,
ID00218,0000bdbf,48,　たくさん女の子が出る作品なら、,"If there are a lot of girls in the work,",,
ID00218,0000bdfe,36,　１キャラは縞パンだよ」,one character wears striped panties.,,
ID00218,0000c0fd,30,「にい君の周りにも、,There's gotta be one.,,
ID00218,0000c12a,57,　縞パンの子が１人はいるんじゃない？」,"wearing them around you too, right?",,
ID00218,0000c47b,36,「小さいころ、２人でよく,"When we were little,",,
ID00218,0000c4ae,42,　お医者さんごっこしたねー」,Remember?,,
ID00218,0000c506,24,「やってないっ！,We never did that!,,
ID00218,0000c52d,54,　よくやったのはヒーローごっこだ！」,What we played most was hero games!,,
ID00218,0000c6f6,60,「上着をたくし上げて、聴診器をあてたり、,"Pulling up my jacket, putting on a stethoscope,",,
ID00218,0000c741,24,　触診したり…」,palpating...,,
ID00218,0000c787,27,「やってないっ！」,We never did that!,,
ID00218,0000c935,33,「むむ…騙されないか。,Hmm... Don't try to fool me.,,
ID00218,0000c965,48,　過去を改変しようと思ったのに」,I was trying to change the past after all.,,
ID00218,0000cca7,36,「されてたまるかぁっ！」,You can't get away with it!,,
ID00218,0000cd0c,51,「自分で思う、セクシーポイントって,The sexy points I thought of myself are,,
ID00218,0000cd4e,18,　どこだ？」,Where?,,
ID00218,0000cef3,57,「んー、お風呂に入って鏡を見ながら…」,"Hmm, in the bath...",,
ID00218,0000d095,27,「み、見ながら？」,W-While looking?,,
ID00218,0000d243,48,「濡れた髪で胸を隠すと、我ながら,"I cover my chest,",,
ID00218,0000d282,33,　ちょっとエッチだよ」,It's kind of dirty.,,
ID00218,0000d493,24,「録ってみる？」,Should we record it?,,
ID00218,0000d4f2,45,「録るかあっ！　捕まるだろ！」,Record it?! We'll get caught!,,
ID00218,0000d560,36,「男って、実はみんな…」,Men are actually all...,,
ID00218,0000d729,60,「むむ…私にはまだ、不要な知識と思われ」,Mm... not yet.,,
ID00219,00003a31,42,「御前さんって、綺麗だよね」,"Misaki-san is pretty, isn't she?",,
ID00219,00003c1d,57,「御前さんと美由璃さんって綺麗だよね」,Misaki and Miyuri are both pretty.,,
ID00219,00003cb3,27,「ん？　そうだな」,"Huh? Yeah, I guess so.",,
ID00219,00003e61,57,「素敵な女子に囲まれて、幸せなことで」,Surrounded by beautiful girls... must be nice.,,
ID00219,000041c7,54,「部活の先輩と後輩だぞ？　ったく…」,You're seniors and juniors in your club. Ugh...,,
ID00219,000043a3,60,「クラスのきれいどころと一緒にお昼とか、,"Eating lunch with the prettiest girls in class,",,
ID00219,000043ee,30,　モテモテなことで」,must be a real charmer.,,
ID00219,00004739,60,「なに言ってんだ、たまたまだ、たまたま」,What are you talking about? It's just coincidence.,,
ID00219,00004908,54,「たまたまも頻発すれば、常々ってね」,"If it happens often, it becomes regular.",,
ID00219,00004ade,45,「そんなモテキャラかよ、俺が」,You're saying I'm that kind of popular guy?,,
ID00219,00004b4c,51,「ネットの恋占いとか、見てるか？」,Do you look at online love fortunes?,,
ID00219,00004d12,48,「恋に限らず、運勢は気になるよ」,"Fortunes interest me, not just love.",,
ID00219,00004ed5,63,「古の政は、祈祷や占いで行われてたわけだし,Politics were decided by prayers.,,
ID00219,00004f23,60,　当たる人は、不思議な力を持ってるんだと,Right people have a power.,,
ID00219,00004f6e,24,　思うんだよね」,That's what I believe.,,
ID00219,00005102,60,「街で男に声かけられたことってあるか？」,Have you ever been hit on by guys in town?,,
ID00219,000052d1,57,「家電量販店へ行くと、よく店員さんに、,Staff hits on me there.,,
ID00219,00005319,27,　声かけられるよ」,I get hit on too.,,
ID00219,00005362,36,「そりゃあ仕事だからな」,That's because it's part of the job.,,
ID00219,00005519,51,「ＰＣも、スマホも、タブレットも、,"PCs, smartphones, tablets...",,
ID00219,0000555b,30,　私の方が詳しくて、,"I know more than them,",,
ID00219,00005588,36,　ビックリされるけどね」,They get surprised by that.,,
ID00219,000058b2,39,「お前って、つき合うなら、,Which do you prefer when dating?,,
ID00219,000058e8,51,　年上と年下、どっちがいいんだ？」,older guys or younger ones?,,
ID00219,00005aae,60,「どっちでもいいよ。運命を感じるならね」,"Either's fine, if it feels like fate.",,
ID00219,00005def,54,「今は年上でも、前世は年下だったかも,I might've dated someone younger in a past life.,,
ID00219,00005e34,21,　しれないし」,Who knows?,,
ID00219,00005e77,33,「またおかしなことを」,You're saying weird things again.,,
ID00219,00005ed9,48,「父さんと母さんが恋をしたから、,Because my parents fell in love...,,
ID00219,00005f18,45,　俺たちが生まれたんだよなぁ」,we were born.,,
ID00219,0000611b,45,「うんうん、そこは感謝だねー」,"Yeah yeah, we should be grateful.",,
ID00219,000063df,63,「時々ケンカするけど、今でも仲がいいしね」,We fight sometimes but we get along great.,,
ID00219,000065d1,39,「お前の好みのタイプって、,What's your type?,,
ID00219,00006607,33,　どんなヤツなんだ？」,What kind of guy is he?,,
ID00219,000067bb,45,「前衛を任せられるタイプだね」,Someone you can trust up front.,,
ID00219,00006816,15,「あぁ？」,Huh?,,
ID00219,000069b8,39,「ゲームに限らず、何事も、,"Not just games, but anything,",,
ID00219,000069ee,63,　にい君を盾にして、真奈は安全に努めるよ」,I'll use Bro-kun as a shield and keep Mana safe.,,
ID00219,00006a9a,36,「兄に依存しすぎだぞ！」,You're too reliant on him!,,
ID00219,00006aff,57,「兄として、お前が普通の恋が出来るのか,I'm worried if you can date.,,
ID00219,00006b47,21,　心配だよ…」,I'm worried...,,
ID00219,00006d49,60,「あーあー、心配しなくても大丈夫だって」,"Aww, don't worry so much.",,
ID00219,0000708a,48,「いい兄と姉に恵まれてるからね。,You've got great big bro and sis.,,
ID00219,000070c9,36,　いい未来が待ってるよ」,Your future's gonna be awesome.,,
ID00219,00007405,30,「これからにい君が、,Who you'll become.,,
ID00219,00007432,60,　どんな人を好きになるのか、楽しみだよ」,you'll fall for in the future.,,
ID00219,000075d7,45,「すげぇ、美人かもしれねーぞ」,She might end up being a real looker.,,
ID00219,00007682,54,「高望みだねー。真奈ぐらいのレベルで,Don't aim too high.,,
ID00219,000076c7,27,　満足しときなよ」,and settle for that.,,
ID00219,0000776d,48,「何事も理想は高く持たないとな」,You gotta set your sights high in everything.,,
ID00219,00007875,48,「やれやれ、ユイ姉みたいな美人が,"Phew, having a beauty like Ui-onee around",,
ID00219,000078b4,27,　そばにいるから、,makes it,,
ID00219,000078de,48,　理想が高くなっちゃうのかもね」,Your standards might get even higher.,,
ID00219,00007ab0,42,「少女マンガの恋の表現って、,The way shoujo manga portrays love is,,
ID00219,00007ae9,27,　結構過激だよな」,That's intense.,,
ID00219,00007c97,30,「物語を語る上では、,"When telling a story,",,
ID00219,00007cc4,42,　インパクトも大事だからね」,impact is important too.,,
ID00219,00007fbc,54,「表現は過激だけど、どのヒロインも、,They aren't that bad.,,
ID00219,00008001,42,　想いは純情なことが多いよ」,have pure feelings.,,
ID00219,0000830c,51,「ラッキースケベに遭うキャンディが,"If you ran into a lucky pervert like Candy,",,
ID00219,0000834e,36,　あったら、どうする？」,what would you do?,,
ID00219,000084db,63,「そんな女難キャンディ、踏みつぶしてやる」,I'd stomp that girl trouble Candy into the ground.,,
ID00219,00008598,39,「あははー、喜ばないんだ。,"Ahaha, don't be happy.",,
ID00219,000085ce,57,　私やユイ姉に苦労させられてるもんね」,You've given us trouble.,,
ID00219,00008804,42,「わかってんなら、自重しろ」,"If you know that, then keep it in check.",,
ID00219,0000886f,33,「男子から、好きだって,If a guy says he likes you,,
ID00219,0000889f,39,　言われたことないのか？」,You've never had a guy say that to you?,,
ID00219,00008a59,60,「夢の中で、にい君に言われたことあるよ」,I've had you say that to me in my dreams.,,
ID00219,00008b02,51,「ハァア！？　お前の夢の中の俺は、,"Hah!? In your dream, I'm...",,
ID00219,00008b44,42,　どんだけ倒錯してんだ！？」,How messed up are you!?,,
ID00219,00008d01,18,「正夢だね」,It's real!,,
ID00219,00008e7c,21,「逆夢だっ！」,Nightmare!,,
ID00219,00008ed2,45,「お前の初恋っていつなんだ？」,When was your first love?,,
ID00219,00009092,51,「んー、にい君以外ではまだないね」,"Hmm, not counting Bro-kun.",,
ID00219,00009169,42,「俺を加えるな！　兄だぞ！」,Don't count me in! I'm your big bro!,,
ID00219,00009211,48,「まーまー、こだわらない方向で」,"Well, well, let's drop it then.",,
ID00219,00009295,24,「こだわるよ！」,I won't drop it!,,
ID00219,000092ee,63,「飲ませると絶対に惚れるクスリがあったら、,"If there was such a drug,",,
ID00219,0000933c,21,　どうする？」,What do we do then?,,
ID00219,000094e4,48,「本物かどうか、にい君で試すよ」,I'd test it out on Bro-kun to see if it works.,,
ID00219,00009542,60,「試すなっ！　本物だったらどうすんだ！」,Don't try it!,,
ID00219,00009711,60,「解除薬の調合には１００年かかる見込み」,Antidote will take 100 years.,,
ID00219,0000977b,48,「遅っ！　死んでんじゃねーか！」,You're late! You could've died!,,
ID00219,0000993e,36,「真奈とにい君は、生涯、,Mina and Bro-kun lived happily.,,
ID00219,00009971,39,　幸せに暮らしましたとさ」,and they lived happily ever after.,,
ID00219,00009a4d,24,「完結すんな！」,Don't wrap it up!,,
ID00219,00009aa6,30,「恋って、たぶん…」,Love... I guess...,,
ID00219,00009c57,60,「ほうほう、妹相手に恋バナとは興味深い」,"Hmm, love talk with your sis?",,
ID00219,00009e0f,48,「俺が、お前のことを好きになるか,I wonder if I could ever like you,,
ID00219,00009e4e,45,　確認するって、本気なのか？」,"You're serious about checking, huh?",,
ID00219,0000a051,39,「当然。全力で誘惑するよ」,Of course. Full seduction mode.,,
ID00219,0000a20e,36,「誘惑って、お前なぁ…」,Seduction... You...,,
ID00219,0000a41f,42,「にい君に拒否権はないから」,There's no way for you to refuse me.,,
ID00219,0000a48a,48,「告白されるなら、直接とメール、,In person or by text.,,
ID00219,0000a4c9,33,　どっちがいいんだ？」,Which one do you prefer?,,
ID00219,0000a67d,42,「んー、手段は問わないから、,"Hmm, whatever works, but",,
ID00219,0000a6b6,42,　１日に１回は、好きだよって,I want you to say 'I like you'.,,
ID00219,0000a6ef,27,　伝えて欲しいよ」,I want you to tell me that.,,
ID00219,0000ab4a,21,「よろしくー」,Take care~,,
ID00219,0000acbb,36,「なんで俺に頼むんだっ」,Why are you asking me?,,
ID00219,0000ad20,45,「女の子って、デートするなら、,"When girls go on dates,",,
ID00219,0000ad5c,36,　どこへ行きたいんだ？」,Where do you wanna go?,,
ID00219,0000af13,45,「ん？　一般論を私に聞いても、,Huh? Asking me general stuff won't work.,,
ID00219,0000af4f,30,　ダメだと思うよ？」,That's not a good idea...,,
ID00219,0000b0d6,33,「一応、参考にだな…」,Just for reference...,,
ID00219,0000b28a,12,「んー」,Hmm.,,
ID00219,0000b429,54,「私なら、クリスマスとか、初詣とか、,Christmas or New Year's prayers.,,
ID00219,0000b46e,54,　自然に誘ってもらえる日に出かけて、,I'd go on a day I could be invited naturally.,,
ID00219,0000b4b3,42,　ファミレスで長話したいね」,And long talks at a family restaurant.,,
ID00219,0000b557,27,「意外と普通だな」,"Not bad, actually.",,
ID00219,0000b5d7,63,「趣味の話が合えば、仲良くなれるでしょ？」,"If we share hobbies, we can be friends.",,
ID00219,0000b644,51,（お前と趣味の合うヤツがいるのか…,You actually know someone with similar interests...,,
ID00219,0000b686,27,　そこが心配だ…）,That's what worries me...,,
ID00219,0000b6e2,51,「男って、女の子がそばにいた方が、,Guys tend to work harder,,
ID00219,0000b724,63,　いいとこ見せたくて、がんばるんだよなぁ」,"To show off their best side, right?",,
ID00219,0000b8f6,63,「真奈がそばにいても、にい君はがんばる？」,Will you still work hard if Mana's around?,,
ID00219,0000bacb,36,「…まぁ、頼りない兄とは,"...Well, I don't want to be seen as",,
ID00219,0000bafe,33,　思われたくないしな」,a weak older brother.,,
ID00219,0000bbf7,60,「あははー、いいね。女の子扱いされるのは,"Haha, nice. Being treated like a girl is",,
ID00219,0000bc42,21,　うれしいよ」,I'm happy,,
ID00219,0000bcf5,54,「恋を擬音で表現するとどんなのだ？」,What does love sound like?,,
ID00219,0000bda9,12,「んー」,Hmm.,,
ID00219,0000be33,36,「ポワポワーーン…かな」,Pwah pwah ooon... maybe?,,
ID00219,0000bfc0,30,「浮かんでんのか？」,You're floating?,,
ID00219,0000c171,24,「夢心地だねー」,It feels like a dream,,
ID00219,0000c240,30,「ねーねー、にい君、,"Nuh-uh, big bro,",,
ID00219,0000c26d,54,　ユイ姉に恋人が出来たらショック？」,Would you be shocked if Yui-nee got a boyfriend?,,
ID00219,0000c432,30,「んなわけねーだろ？,No way!,,
ID00219,0000c45f,36,　むしろ彼氏に感謝だよ、,"I'd actually thank him,",,
ID00219,0000c492,57,　わがままなユイ姉を引き受けてくれて」,for putting up with my spoiled Yui-nee,,
ID00219,0000c65e,51,「またまたー、そんなこと言ってー。,"Again, again--don't say stuff like that.",,
ID00219,0000c6a0,42,　わがままを受け止める相手が,Someone who has to put up with me,,
ID00219,0000c6d9,60,　自分じゃなくなると、きっと寂しいよ？」,"it'll probably be lonely if it's not you, right?",,
ID00219,0000c8f4,57,「はぁ…早くその寂しさを味わいてーよ」,Sigh... I hope you feel that loneliness soon.,,
ID00219,0000cad3,60,「にい君と真奈の相性って、どのサイトも、,All the sites say Bro-kun and Mana match.,,
ID00219,0000cb1e,45,　雑誌も、バッチリなんだよね」,don't they?,,
ID00219,0000ccf3,60,「俺とお前がバッチリでも仕方ないだろ？」,So what if we're a perfect match? It doesn't matter.,,
ID00219,0000cec2,45,「まぁまぁ、そう照れなくても」,"Calm down, don't be so embarrassed.",,
ID00219,0000cf1d,24,「照れてねぇ！」,You're not blushing!,,
ID00219,0000d0c8,51,「ちなみに、ユイ姉とにい君の相性も,"By the way, Yu-onee-chan and Bro-kun match.",,
ID00219,0000d10a,45,　すごくいいよ。モテモテだね」,They really get along well.,,
ID00219,0000d303,48,「ズバリ、にい君って、巨乳好き？,"So, Bro-kun... do you like big boobs?",,
ID00219,0000d342,21,　それとも…」,Or is it...,,
ID00219,0000d4c0,36,「それとも…なんだよ？」,Or what?,,
ID00219,0000d6d8,24,「微乳…好き？」,Small ones...?,,
ID00219,0000d8c4,36,「ものは言いようだなぁ」,"Words are powerful, huh?",,
ID00219,0000da7b,21,「どっちっ？」,Which one?,,
ID00219,0000dabe,36,「それは、姉がいいのか、,That's your sis?,,
ID00219,0000daf1,54,　妹がいいのかってことだからなぁ…。,"the younger one, right...?",,
ID00219,0000db36,39,　どっちかは選べないって」,You can't choose between them.,,
ID00219,0000dcf0,51,「うぐ、私を微乳の代表みたいに…」,"Mmm, like I'm supposed to represent small ones...",,
ID00219,0000de8c,21,「真奈の胸は、,Mana's boobs are full,,
ID00219,0000deb0,54,　夢が詰まってるからそれでいいだろ」,it's fine like that.,,
ID00219,0000e079,51,「うわー、にい君がいいこと言った」,"Oh wow, big bro just said something good!",,
ID00219,0000e0da,48,（妄想が詰まってると言えない…）,I can't say they're stuffed with fantasies...,,
ID00219,0000e2b0,36,「家族愛と、男女の愛の、,"Family and romantic love,",,
ID00219,0000e2e3,51,　一番大きな違いはなんだと思う？」,what do you think is the biggest difference?,,
ID00219,0000e344,39,「そりゃ…決まってるだろ」,You know... it's obvious.,,
ID00219,0000e4fe,15,「なに？」,What?,,
ID00219,0000e53b,24,「…夜だよ、夜」,It's nighttime.,,
ID00219,0000e5d1,39,「あー、ラブシーン的な？」,Something like a love scene?,,
ID00219,0000e82f,18,「お、おう」,Y-Yeah.,,
ID00219,0000ea19,39,「男女の愛で、そういうのを,"When it comes to romance,",,
ID00219,0000ea4f,63,　真っ先に連想とは…にい君も男の子だねぇ」,"You're really a boy at heart too, huh?",,
ID00219,0000edd3,21,「放っとけ！」,Leave me alone!,,
ID00219,0000ee29,63,「中２だと、クラスでつき合ってるヤツとか、,"There are some in my grade who're dating,",,
ID00219,0000ee77,33,　いるんじゃないか？」,"There probably are, yeah.",,
ID00219,0000f02b,51,「いるよー。いつも一緒にいるから、,I'm always with them so it's easy to tell.,,
ID00219,0000f06d,24,　すぐわかるよ」,Spot 'em quick.,,
ID00219,0000f353,48,「まるで、純愛ものの少女マンガを,"It's like watching a pure love shoujo manga,",,
ID00219,0000f392,27,　見てるみたいで、,kinda makes me blush.,,
ID00219,0000f3bc,45,　ちょっと照れちゃうんだよね」,You know?,,
ID00219,0000f450,45,「恋の色って、何色だと思う？」,What color do you think love is?,,
ID00219,0000f63d,39,「んー、ほっぺたの色だね」,"Hmm, it's the color of your cheeks.",,
ID00219,0000f99e,45,「どんなに想いを秘めていても、,"No matter how much you hide your feelings,",,
ID00219,0000f9da,63,　赤く染まるから、恋の色は隠せないんだよ」,"they'll turn red, so love can't be hidden.",,
ID00219,0000fcbd,15,「むむ…」,Hmmph...,,
ID00219,0000fd0d,30,「恋って、きっと…」,Love is definitely...,,
ID00219,0000febe,48,「そうだねー、なにより大切だよ」,"Yeah, that's right, it's really important.",,
ID00219,0000ff2f,45,「なにか欲しいものないのか？」,Don't you want anything?,,
ID00219,000100ef,18,「なんで？」,Why not?,,
ID00219,0001012f,30,「ちょっと早いけど、,"A bit early, but",,
ID00219,0001015c,48,　誕生日のプレゼントの参考にな」,it could help with a birthday present.,,
ID00219,0001031f,30,「買ってくれるの？」,You'll buy it for me?,,
ID00219,0001036b,33,「好きなものを言えよ」,Tell me what you like.,,
ID00219,0001051f,30,「じゃあ、腕時計！」,"Then, a watch!",,
ID00219,0001056b,51,「スマートウォッチか？　高けーよ」,A smartwatch? That's expensive.,,
ID00219,00010774,39,「そうじゃなくて、普通の。,"No, just an ordinary one.",,
ID00219,000107aa,60,　あえて時を刻むことしか出来ない時計を、,"One that can only tell time,",,
ID00219,000107f5,36,　身につけたいんだよね」,I want to wear something like that.,,
ID00219,00010c2f,63,「ふうん……じゃあ、安くていいのがないか、,"Hmm... Then maybe there's
something cheap but good.",,
ID00219,00010c7d,30,　探しといてやるよ」,I'll look for something.,,
ID00219,00010d19,45,「やったー。２月２日が楽しみ」,Yay! I can't wait for February 2nd.,,
ID00219,00010de4,63,「結婚するならいつまで…とか、あるのか？」,Is there a 'how long before marriage...' thing?,,
ID00219,00010fb6,42,「真奈はね、結婚という形には,Mina doesn't really care about,,
ID00219,00010fef,27,　こだわらないよ」,the formality of marriage.,,
ID00219,000110ae,45,「好きな人のそばにいられれば、,"As long as she's with the one she loves,",,
ID00219,000110ea,39,　それだけで幸せだからね」,that's all that matters to her.,,
ID00219,000113f2,48,「クリスマスは、ユイ姉も誘って、,"I'll invite Yui-nee too for Christmas,",,
ID00219,00011431,39,　３人でなにかしたいねー」,Let's do something together.,,
ID00219,00011486,21,「お、いいな」,"Ooh, nice.",,
ID00219,0001162e,36,「ユイ姉は来年卒業だし、,"Yui-nee graduates next year,",,
ID00219,00011661,42,　３人揃ってのクリスマスは、,so this might be our last Christmas,,
ID00219,0001169a,39,　少なくなるだろうからね」,together as a trio.,,
ID00219,00011add,36,「真奈はね…にい君の妹で,"Mina is... your sister,",,
ID00219,00011b10,33,　よかったって思うよ」,and I'm glad about that.,,
ID00219,00011f10,18,「なんで？」,Why not?,,
ID00219,000120b5,48,「真奈のこと…信じてくれるから」,I can trust you with Mina.,,
ID00219,0001224e,39,「妹だぞ。当たり前だろ？」,She's my sister. Isn't that obvious?,,
ID00219,0001244b,57,「うん。そういうとこ…いいって思うよ」,Yeah. I think it's good that you're like that.,,
ID00219,0001273b,36,「マンガの恋愛ものって、,Manga love stories often have,,
ID00219,0001276e,33,　三角関係が多いよな」,love triangles.,,
ID00219,00012922,33,「相思相愛だと、物語が,"If it's mutual love, the story",,
ID00219,00012952,39,　すぐ終わっちゃうからね」,"ends too quickly, you know?",,
ID00219,00012c47,30,「恋敵とトラブルは、,Rivalry and trouble are,,
ID00219,00012c74,48,　恋愛マンガの外せないキーだよ」,inseparable keys for a romance manga.,,
ID00219,00012f85,51,「兄妹って、わざわざ言わなくても、,"Siblings don't need to spell it out, right?",,
ID00219,00012fc7,42,　考えてることがわかるよね」,'Cause you know what the other's thinking.,,
ID00219,0001315a,63,「それは…そうだな。中二病ネタ以外ならな」,That's... right. Unless it's otaku stuff.,,
ID00219,0001332c,48,「それって、すごいことだよねー」,"Wow, that's amazing!",,
ID00219,00013502,36,「小さいころの真奈って、,"When you were little, Mahiro...",,
ID00219,00013535,33,　どんな印象だった？」,what was she like?,,
ID00219,00013584,60,「一日中、部屋にこもってお絵かきしたり、,All day in your room drawing or,,
ID00219,000135cf,45,　ボーッとなにか考えてたり…、,just staring off into space...,,
ID00219,0001360b,30,　今と変わんねーよ」,You haven't changed.,,
ID00219,000136a7,51,「あははー、三つ子の魂百までだね」,"Haha, three-year-olds are set in their ways.",,
ID00219,00013765,42,「心配する母さんに言われて、,"When my mom told me to get out more,",,
ID00219,0001379e,48,　よく外へ連れ出して遊んだっけ」,I'd drag you outside and play with you.,,
ID00219,00013961,24,「懐かしいねー」,Long time...,,
ID00219,000139ba,63,「お前は、もっと女子力あげた方がいいぞ？」,Maybe you should work on your girly skills?,,
ID00219,00013b8c,30,「まぁまぁ、そのうち,"Don't worry, eventually",,
ID00219,00013bb9,51,　上位職にジョブチェンジするから」,I'll change jobs to an upper position.,,
ID00219,00013ef1,48,「すっごい美少女になるかもよ？」,You might turn into a super cute girl too?,,
ID00219,00013f4f,39,「はいはい、楽しみ楽しみ」,"Sure, sure, I'm looking forward to it",,
ID00219,00013fb7,57,「恋と…愛の違いって、なんだろうな？」,What's the difference between love and... romance?,,
ID00219,00014183,12,「んー」,Hmm.,,
ID00219,00014322,63,「相手を想って…瞳がうるうるするのが恋で、,"Thinking of them, tears.",,
ID00219,00014370,48,　涙をこぼすのが愛…じゃない？」,"And crying is for true love, right?",,
ID00219,000148f1,45,「おっ、なかなかいい表現だな」,"Hey, nice expression.",,
ID00219,00014a7a,36,「実感こもってるでしょ」,It's heartfelt.,,
ID00219,00014c44,57,「いつまでも…仲良しでいてね、にい君」,"Stay close friends forever, big bro.",,
ID00219,00014f21,45,「あ？　そんなの当たり前だろ」,Huh? That's a given.,,
ID00219,000150ed,30,「うん、妹だもんね」,"Yeah, I'm your little sister.",,
ID00219,000152be,42,「恋の形って色々あるけど…」,Love takes many forms.,,
ID00219,000154be,60,「うん。ままならないのが、恋だからねー」,Yeah. Love is never perfect.,,
ID00220,000011d8,15,「真奈…」,Mina...,,
ID00220,000013fb,36,じーーーーーーーーーーっ,*Stares blankly*,,
ID00220,000015f1,12,「ん？」,Hm?,,
ID00220,000017b3,45,「にい君が私を見つめるなんて、,"It's so rare for you to look at me like that,",,
ID00220,000017ef,39,　どういう風の吹き回し？」,What's up with that?,,
ID00220,000019b6,48,「な、なんとなくだ、なんとなく」,"Um, I guess...I guess...",,
ID00220,00001b79,18,「ふーん…」,Hmm...?,,
ID00220,00001c47,15,「真奈…」,Mina...,,
ID00220,00001e6a,36,じーーーーーーーーーーっ,*Stares blankly*,,
ID00220,00002021,15,「むむ？」,Hmm?,,
ID00220,000021c3,36,「トイレなら、我慢せずに,Go if you need to.,,
ID00220,000021f6,39,　行った方がよいと思われ」,I think that would be better.,,
ID00220,0000224b,30,「ちっ、違げーよ！」,"Tch, no way!",,
ID00220,00002325,15,「真奈…」,Mina...,,
ID00220,00002548,36,じーーーーーーーーーーっ,*Stares blankly*,,
ID00220,00002723,18,「あうぅ…」,Ugh...,,
ID00220,000027c7,39,「ハートをつらぬく熱視線。,Piercing my heart with a hot gaze.,,
ID00220,000027fd,33,　これは…恋の予感？」,This is...a premonition of love?,,
ID00220,00002ad5,51,「ちょ、ちょっと見つめただけだ！」,"Hey, I just looked at her for a second!",,
ID00220,00002bc4,15,「真奈…」,Mina...,,
ID00220,00002de7,36,じーーーーーーーーーーっ,*Stares blankly*,,
ID00220,00002fcb,15,「むむ？」,Hmm?,,
ID00220,000031c7,39,「にらまれるようなことは、,"Getting stared down like that,",,
ID00220,000031fd,42,　なにもしてないと思われ…」,I didn't do anything...,,
ID00220,00003255,51,（う…そんな鋭い目をしてたか、俺）,(Ugh... You were staring so hard.),,
ID00220,00003344,15,「真奈…」,Mina...,,
ID00220,00003567,36,じーーーーーーーーーーっ,*Stares blankly*,,
ID00220,00003742,12,「あ…」,...,,
ID00220,00003924,30,「うん…そうだね…」,Yeah... I guess so...,,
ID00220,000039fe,15,「真奈…」,Mina...,,
ID00220,00003c21,36,じーーーーーーーーーーっ,*Stares blankly*,,
ID00220,00003dea,12,「あ…」,...,,
ID00220,00003f89,63,「そうやって…恥ずかしがらせようとして…」,You're trying to make me embarrassed like this...,,
ID00221,000011a8,33,（思い切って、手を…）,"Go for it, and put your hand...",,
ID00221,00001327,9,ぎゅっ,Squeeze,,
ID00221,00001647,15,「あぅ…」,Ow...,,
ID00221,000017b2,63,「妹の手を取るなんて……にい君、積極的…」,Taking your sister's hand... You're being bold.,,
ID00221,00001b55,54,「な、なんとなくだ！　なんとなく！」,"W-well, kind of! Kind of!",,
ID00221,00001bcc,33,（思い切って、手を…）,"Go for it, and put your hand...",,
ID00221,00001d4b,9,ぎゅっ,Squeeze,,
ID00221,00002022,60,「ん？　特に転びそうな場所でもないよ？」,Huh? Nothing here to trip on.,,
ID00221,00002282,36,「お、おう、そうだよな」,"Y-yeah, right.",,
ID00221,000022e7,33,（思い切って、手を…）,"Go for it, and put your hand...",,
ID00221,00002466,9,ぎゅっ,Squeeze,,
ID00221,0000274f,12,「あ…」,...,,
ID00221,000028ee,48,「いいもんだねー、手を繋ぐって」,"It feels good to hold hands, doesn't it?",,
ID00221,000029d6,33,（思い切って、手を…）,"Go for it, and put your hand...",,
ID00221,00002b55,9,ぎゅっ,Squeeze,,
ID00221,00002e2c,15,「あぐっ」,Aghh,,
ID00221,00002ffb,27,「にい君…痛い…」,Ow... Bro-kun...,,
ID00221,000031f6,18,「わ、悪い」,S-Sorry,,
ID00221,00003249,33,（思い切って、手を…）,"Go for it, and put your hand...",,
ID00221,000033c8,9,ぎゅっ,Squeeze,,
ID00221,000036b1,12,「あ…」,...,,
ID00221,0000388f,48,「恋人同士みたいだねー、にい君」,"It's like we're a couple, Bro-kun.",,
ID00221,00003c70,15,「うぐっ」,Ugh...,,
ID00221,00003cc0,33,（思い切って、手を…）,"Go for it, and put your hand...",,
ID00221,00003e3f,9,ぎゅっ,Squeeze,,
ID00221,00004143,36,「にい君、手を繋ぐのは、,"Bro-kun, holding hands is...",,
ID00221,00004176,45,　タイミングが重要だと思われ」,"Timing's important, I guess.",,
ID00221,0000454f,48,「くっ、お前に教えられるとは…」,"Hmph, you're telling me...",,
ID00222,00002651,36,「およ？　どうかした？」,Whoa? What's up?,,
ID00222,000026e7,45,「なんか、ほこりがついてたぞ」,There was some dust on you.,,
ID00222,000028a7,42,「あ、取ってくれてありがと」,"Oh, thanks for getting it off.",,
ID00222,00002c0e,15,「むぐ…」,Mmmph...,,
ID00222,00002c4b,33,「なんでほっぺたを？」,Why my cheek though?,,
ID00222,00002c9a,36,「なんかついてたんだよ」,It had something stuck to it.,,
ID00222,00002e51,42,「あ、取ってくれてありがと」,"Oh, thanks for getting it off.",,
ID00222,000031b8,18,「むぎゅ…」,...Squish...,,
ID00222,0000335d,24,「な、なんで？」,W-Why?,,
ID00222,000033a3,36,「なんかついてたんだよ」,It had something stuck to it.,,
ID00222,0000355a,54,「およよ？　ありがと、取ってくれて」,"Whoooa, thanks for getting that.",,
ID00222,00003928,15,「んぐ…」,...Nngh...,,
ID00222,00003a93,30,「ど、どうかした？」,Wh-what's up?,,
ID00222,00003adf,48,「口を押さえると、お前の中二病が,"If I pressed your mouth shut,",,
ID00222,00003b1e,27,　治らないかなと」,Might make you feel better.,,
ID00222,00003cde,51,「むむ…たとえ口を封じられようと、,"Hmm... Even if my mouth is sealed,",,
ID00222,00003d20,60,　我が魔法はプログラムにて詠唱可能ッ！」,my magic can still be chanted through a program!,,
ID00222,00004176,21,「はぅあっ！」,Hahhh!,,
ID00222,0000431e,39,「く、くすぐったいってー」,"S-s-stop it, it tickles!",,
ID00222,00004373,48,「わ、悪い、なんかついてたから」,"S-sorry, there was something stuck",,
ID00222,00004664,48,「むむ…いきなりは驚くと思われ」,Hmm... sudden things surprise.,,
ID00222,000047fd,18,「だよな…」,Right...,,
ID00222,00004a8d,24,「ん？　なに？」,Hmm? What's up?,,
ID00222,00004caf,57,「ほこりがついてたから、取ったんだよ」,"There was dust, so I wiped it.",,
ID00222,00004e44,57,「そっか、ありがと。にい君は優しいね」,"Oh, thanks. You're really nice, Bro-kun.",,
ID00222,00005114,15,「んあっ」,Nngh!,,
ID00222,0000527f,57,「ま、まさか…兄妹の壁を越えようと…」,Y-You wouldn't dare...,,
ID00222,000052e6,63,「ち、ちがっ！　手が滑ったんだ！　悪い！」,"N-No, it's not that! I just slipped... Sorry!",,
ID00222,0000553a,12,「む…」,Ugh...,,
ID00222,000056d9,36,「にい君、髪が乱れるよ」,"Hey, your hair's getting messy.",,
ID00222,0000572b,30,「お、おう、悪い…」,"O-Oh, sorry...",,
ID00222,0000594b,15,「むぐ…」,Mmmph...,,
ID00222,00005aed,42,「兄とはいえ、気安く触るのは,"Even though we're siblings, I don't think",,
ID00222,00005b26,33,　よくないと思うよ？」,It's fine to be casual.,,
ID00222,00005b75,18,「わ、悪い」,S-Sorry,,
ID00222,00005d89,30,「んぐ…っくしっ！」,Ng... Ksssh!,,
ID00222,000060d9,39,「もう、いきなり触るから」,You always go for the sudden touches.,,
ID00222,00006269,18,「わ、悪い」,S-Sorry,,
ID00222,0000647d,15,「んぐ…」,...Nngh...,,
ID00222,0000661f,30,「むむ…兄とはいえ、,Even if siblings...,,
ID00222,0000664c,42,　気安く妹の唇に触れるのは、,Don't casually...,,
ID00222,00006685,30,　よくないと思われ」,is it?,,
ID00222,00006839,21,「わ、悪い…」,S-Sorry...,,
ID00222,00006a62,15,「はうっ」,Ahh!,,
ID00222,00006c04,45,「首への攻撃は禁止の方向で！」,"No neck attacks, that's the rule!",,
ID00222,00006e33,33,「ん？　どうかした？」,Hm? What's up?,,
ID00222,00006fea,33,「まぁ…なんとなく…」,Well... I guess...,,
ID00222,0000719e,36,「ふむ…意味不明だねぇ」,Hmm... That makes no sense.,,
ID00222,000073d6,27,「ひゃあああっ！」,Hiiiii!,,
ID00222,00007600,39,「い、妹の胸を…にい君…」,My brother's hands...,,
ID00222,000077d7,48,「わ、悪い！　手が滑ったんだ！」,S-Sorry! My hand slipped!,,
ID00222,00007a71,36,「うんうん、お兄ちゃんに,"Yeah yeah, having my big bro",,
ID00222,00007aa4,57,　頭をなでてもらうのは、妹の特権だよ」,pet my head is a little sister's privilege.,,
ID00222,0000800f,15,「およ？」,Eh?,,
ID00222,000081b1,39,「ほっぺたをフニフニとは、,"Pinching my cheeks like that,",,
ID00222,000081e7,36,　にい君も妹で遊ぶねぇ」,You're playing with me.,,
ID00222,0000855a,15,「むぐ…」,Mmmph...,,
ID00222,000086fc,60,「鼻をウリウリとは…もう恋人の領域だね」,Rubbing noses...,,
ID00222,000088d8,33,「な、なんとなくだ！」,Just... feels right!,,
ID00222,00008b0d,12,「ん…」,Hmm...,,
ID00222,00008cca,42,「うんうん。仲のいい兄妹に、,"Yeah, yeah. When siblings get along,",,
ID00222,00008d03,33,　言葉はいらないよね」,words aren't necessary.,,
ID00222,00008f7c,18,「あうぅ…」,Ugh...,,
ID00222,000090fc,42,「くすぐったいよぉ、にい君」,"You're tickling me, big bro.",,
ID00222,00009154,18,「わ、悪い」,S-Sorry,,
ID00222,0000937a,54,「…そのまま、抱き寄せてもいいよ？」,...Can I hug you like this?,,
ID00222,00009418,24,「やるかあっ！」,You gonna do it??,,
ID00222,00009644,18,「あうぅ…」,Ugh...,,
ID00222,000097b2,51,「まさか…揉んで大きくしようと？」,Are you trying to make them bigger??,,
ID00222,00009813,36,「そ、そうじゃねーって！,N-no way!,,
ID00222,00009846,39,　手が滑ったんだ、悪い！」,"It was just a slip-up, sorry!",,
ID00222,00009a82,15,「むむ…」,Hmmph...,,
ID00222,00009af6,60,「にい君、もっと優しくなでてくれなきゃ、,"Hey you, if you don't pet me more gently,",,
ID00222,00009b41,21,　ダメだって」,it's not gonna work.,,
ID00222,00009b84,24,「そ、そうか？」,R-Really?,,
ID00222,00009d9e,15,「むぐ…」,Mmmph...,,
ID00222,00009f40,45,「いきなり触れるのは、なしで」,No sudden touches okay?,,
ID00222,00009f9b,18,「わ、悪い」,S-Sorry,,
ID00222,0000a1af,15,「んぐ…」,...Nngh...,,
ID00222,0000a223,39,「もっと…そっと触れてよ」,Be gentler... please.,,
ID00222,0000a2b2,24,「そ、そうか？」,R-Really?,,
ID00222,0000a4cc,15,「んぐ…」,...Nngh...,,
ID00222,0000a637,30,「にい君、大胆すぎ」,"You're being too bold, Ni-kun.",,
ID00222,0000a7eb,21,「わ、悪い…」,S-Sorry...,,
ID00222,0000aa14,15,「はうっ」,Ahh!,,
ID00222,0000abac,45,「首への攻撃は禁止だってー！」,Attacking the neck is off-limits!,,
ID00222,0000ae08,15,「およ？」,Eh?,,
ID00222,0000afcd,39,「別に転びかけてないよ？」,I'm not about to fall over or anything.,,
ID00222,0000b022,30,「そ、そうだよな…」,"Y-Yeah, I guess...",,
ID00222,0000b254,24,「ひゃああっ！」,Eeek!!,,
ID00222,0000b42c,36,「む、胸はダメだって！」,M-My boobs are off-limits!,,
ID00222,0000b47e,48,「わ、悪い！　手が滑ったんだ！」,S-Sorry! My hand slipped!,,
ID00222,0000b706,57,「うんうん、なでなでは気持ちいいねー」,"Yeah, yeah, petting feels so good~",,
ID00222,0000b953,15,「んぐ…」,...Nngh...,,
ID00222,0000b990,57,「そんなとこ触るの、にい君ぐらいだよ」,Only you'd touch me there...,,
ID00222,0000bd4f,15,「むぐ…」,Mmmph...,,
ID00222,0000bef1,36,「気の置けない仲だねー」,"We're really close, huh?",,
ID00222,0000c129,12,「んっ」,Mmnh,,
ID00222,0000c1c7,27,「キス…しとく？」,Kiss...me?,,
ID00222,0000c51c,24,「するかあっ！」,You think so?,,
ID00222,0000c775,18,「はうぅ…」,Haa...,,
ID00222,0000c7c7,36,「恥ずかしいよ…にい君」,I'm embarrassed... big bro,,
ID00222,0000c9ff,12,「あ…」,...,,
ID00222,0000ca66,27,「押し倒されるー」,Got pushed down--,,
ID00222,0000caaf,24,「するかあっ！」,You think so?,,
ID00222,0000cbc6,18,「はうぅ…」,Haa...,,
ID00222,0000cc1f,54,「ダメだよ、にい君…。感じちゃう…」,"No, big bro... I'm gonna feel it...",,
ID00222,0000ce1f,51,「わ、悪い！　手が滑ったんだっ！」,S-Sorry! My hand slipped!,,
ID00222,0000d067,15,「ぐぬ…」,Gnur...,,
ID00222,0000d209,57,「なでなでなら、もっと優しくしてよー」,"If you're gonna pet me, be gentler~",,
ID00222,0000d270,21,「わ、悪い…」,S-Sorry...,,
ID00222,0000d639,15,「むぐ…」,Mmmph...,,
ID00222,0000d7f6,18,「ふぐぐ…」,Fgh...,,
ID00222,0000d9b6,51,「嫌じゃないけど、いきなりはねー」,"I don't mind, but not all of a sudden like this",,
ID00222,0000dd5d,15,「んぐ…」,...Nngh...,,
ID00222,0000deff,57,「兄とはいえ、いきなり唇に触れるのは、,"Too sudden, even.",,
ID00222,0000df47,30,　よくないと思われ」,is it?,,
ID00222,0000df93,15,「悪い…」,Sorry...,,
ID00222,0000e1a4,18,「はうぅっ」,Ahh!,,
ID00222,0000e33f,45,「首はくすぐったいから無理ー」,"My neck is ticklish, so no way!",,
ID00222,0000e56e,24,「あ、あぶっ！」,Ow!,,
ID00222,0000e746,51,「急に押したら、転んじゃうってー」,"If you push me suddenly, I'll fall!",,
ID00222,0000e7a7,18,「わ、悪い」,S-Sorry,,
ID00222,0000e9cd,24,「ひゃああっ！」,Eeek!!,,
ID00222,0000eb41,42,「触れるなら、優しくーっ！」,"If you're gonna touch, do it gently!",,
ID00222,0000ecd4,30,「そ、そうじゃない！,N-No! It's not like that!,,
ID00222,0000ed01,36,　手が滑ったんだーっ！」,I just slipped up!,,
ID00223,0000114c,48,「うんうん、どれもいい話だねー」,"Yeah, yeah, they're all great stories.",,
ID00223,00001382,45,「あはっ、どの話も楽しいねー」,"Haha, every story's so fun!",,
ID00223,000017ce,36,「なるほどー。にい君は、,"Oh, I see.",,
ID00223,00001801,36,　いろいろ知ってるよね」,"You know a lot of things, don't you?",,
ID00223,00001ca6,33,「あははー、面白ーい」,"Hehe, this is awesome.",,
ID00223,00001e96,51,「いい感じに盛り上がってきたねー」,We're getting into it nicely.,,
ID00223,000021ad,51,「どれも、なかなか深い話と思われ」,"They're all pretty deep, huh?",,
ID00223,000024e9,36,「あははー、面白すぎー」,"Haha, way too funny.",,
ID00223,000026dc,45,「いいねー、すっごく楽しいー」,"Cool, so much fun.",,
ID00223,000029ed,60,「話してるだけで、ワクワクしてくるよー」,Just talking about it gets me excited.,,
ID00224,00000dc0,39,「おやおや、その手の話は、,"Oh ho, not again.",,
ID00224,00000df6,36,　さっきもしたと思われ」,"Just now too, right?",,
ID00224,00001370,54,「むむ…似たような話が多いような…」,Hmm... Similar talks recently...,,
ID00224,000017f8,51,「むぅ…同じような話ばかりなのは、,Muu... I wonder if it's just the same old story...,,
ID00224,0000183a,27,　どうかと思われ」,all over again.,,
ID00225,00000cd8,48,「はぁ……同じ傾向の話ばかりで、,Phew... I'm sick of it.,,
ID00225,00000d17,30,　さすがに飽きたよ」,"Can't help it, I'm bored now.",,
ID00225,000011aa,51,「にい君、その手の話に執着しすぎ」,"Hey bro, you're too obsessed.",,
ID00225,000013df,42,「もう、その手の話はＮＧで」,"Seriously, no more.",,
ID00226,00000d89,54,「黙ってると会話にならないと思われ」,Silence ain't talking.,,
ID00226,00001211,63,「兄妹で会話がないってのも、困りもんだね」,Siblings not talking sucks.,,
ID00226,000014f9,45,「考えごとなら、１人でした方が,"If you wanna think about something,",,
ID00226,00001535,27,　いいと思うよ？」,it might be better alone?,,
ID00227,0000266f,45,「上弦の月、きれいだったねー」,The full moon was so pretty.,,
ID00227,00002805,18,「そうだな」,You're right.,,
ID00227,000029aa,51,「ブラッドムーンの夜が楽しみだよ」,I can't wait for the Blood Moon night.,,
ID00227,00002bcf,45,「今年の夏は暑くなりそうって、,"They said this summer would be really hot,",,
ID00227,00002c0b,33,　天気予報で言ってた」,in the weather forecast.,,
ID00227,00002d95,39,「すでにこんだけ暑いしな」,It's already this warm.,,
ID00227,00002f4f,48,「あははー、月間予報を見るまでも,"Haha, we didn't even need to check",,
ID00227,00002f8e,21,　なかったか」,the monthly forecast.,,
ID00227,00003284,51,「夏は、スマホの裏が持てないぐらい,"This summer, it'll be too hot to hold my phone.",,
ID00227,000032c6,36,　熱くなる時があるよね」,"It gets really hot sometimes, right?",,
ID00227,0000348a,27,「動画再生とかな」,"When watching vids,",,
ID00227,00003638,60,「ファン付きの冷却カバーが欲しくなるよ」,I want a cooling case with a fan,,
ID00227,00003814,30,「マニアックだなぁ」,That's pretty niche.,,
ID00227,0000391d,42,「はぁ…こう暑い日が続くと、,Ugh... This heat's endless...,,
ID00227,00003956,27,　夏バテしそう…」,I'm gonna burn out...,,
ID00227,00003b00,18,「俺もだ…」,Me too...,,
ID00227,00003ca5,42,「早く涼しくならないかなぁ」,Can't we cool down soon?,,
ID00227,00003fb5,39,「夏は始まったばかりだぞ」,"Summer just started, you know.",,
ID00227,0000405a,15,「だね～」,Yeah.,,
ID00227,0000427c,45,「夏は…すぐ汗が出るから苦手」,"It's... I sweat too much, so I hate it.",,
ID00227,00004373,45,「好きな季節はいつなんだよ？」,What season do you like?,,
ID00227,0000441e,24,「んー、冬かな」,"Hmm, winter maybe",,
ID00227,00004626,45,「ＰＣも私も、熱に対する弱さは,Both me and the PC are weak to heat...,,
ID00227,00004662,27,　折り紙付きだよ」,You know what I mean.,,
ID00227,000047e6,15,「ははは」,Heh heh heh,,
ID00227,00004836,57,「１日で、一番好きな時間っていつだ？」,When is your favorite time of day?,,
ID00227,000049cb,39,「何事も集中できる夜だね」,I can focus on anything at night.,,
ID00227,00004ba6,48,「真夏の昼間は、暑くてつらいよ」,It's so hot during the day in summer...,,
ID00227,00005020,60,「暑い日は、涼しい部屋でネットに限るよ」,A cool room and net rule.,,
ID00227,0000508a,54,「クーラーのかけ過ぎに気をつけろよ」,Don't overdo it with the AC though.,,
ID00227,0000513e,21,「にい君もね」,You too.,,
ID00227,000051fe,24,「暑い日って…」,Hot days are...,,
ID00227,000052d5,48,「うんうん、ムリはよくないよ…」,"Yeah yeah, don't overdo it...",,
ID00227,00005512,54,「ブラッドムーン、きれいだったねー」,"The Blood Moon was beautiful, wasn't it?",,
ID00227,000056e8,21,「そうだな…」,Yeah...,,
ID00227,00005762,12,「ん…」,Hmm...,,
ID00227,000058ca,21,「なんだよ？」,What's up?,,
ID00227,00005a72,42,「なんか…隠しごとしてる？」,You're hiding something...?,,
ID00227,00005b22,24,「な、なんで？」,W-Why?,,
ID00227,00005b68,45,「なんとなく、そんな気がする」,I just have a feeling you are...,,
ID00227,00005e63,39,「なんにも隠してないって。,I'm not hiding anything.,,
ID00227,00005e99,54,　きれいだったなー、ブラッドムーン」,The Blood Moon was beautiful...,,
ID00227,00006062,21,「そうだね…」,Yeah...,,
ID00227,000060a5,36,（ったく、鋭いヤツだ…）,"(Damn, she's sharp...)",,
ID00227,0000626f,36,「夏は急に雨が降ったり、,"Summer weather can change suddenly,",,
ID00227,000062a2,39,　天気が変わりやすいから、,"with rain coming out of nowhere,",,
ID00227,000062d8,30,　気をつけないとね」,so be careful.,,
ID00227,0000659a,39,「また急に降ったら、お前に,"If it rains again, I'll need you to",,
ID00227,000065d0,42,　雨を払ってもらわないとな」,wipe the rain off me.,,
ID00227,0000678d,27,「むむっ、任せて。,"Mmm, leave it to me.",,
ID00227,000067b7,57,　『魔法を司る者』の本領を発揮するよ」,I'll show you what a master of magic can do.,,
ID00227,00006955,48,「お前の夏の風物詩ってなんだ？」,What's your summer tradition?,,
ID00227,00006b18,51,「んー、“冷やし中華始めました”の,"Hmm, the 'Cold Chinese Cuisine has started' sign",,
ID00227,00006b5a,21,　張り紙だね」,Yeah.,,
ID00227,00006d0f,51,「ああ、夏が来たって感じするよな」,It really feels like summer now.,,
ID00227,00006ed5,48,「数少ない、夏の魅力の１つだよ」,One of the few charms of summer.,,
ID00227,00006f92,63,「暑くて寝苦しい夜って、どうしてるんだ？」,"How do you deal with hot, sleepless nights?",,
ID00227,00007164,45,「容赦なくエアコンをかけるよ」,I blast the AC without mercy.,,
ID00227,000071bf,57,「かけっぱなしで寝ると、風邪引くぞ？」,"If I leave it on all night, I'll catch a cold.",,
ID00227,0000738b,36,「冷えすぎを察知すると、,"When it gets too cold,",,
ID00227,000073be,45,　無意識に消してるから大丈夫。,My body takes care of it.,,
ID00227,000073fa,33,　眠りが浅いんだよね」,I'm a light sleeper anyway.,,
ID00227,00007627,48,「こう暑いと、頭がボーッとして、,"It's so hot my head feels fuzzy,",,
ID00227,00007666,39,　勉強どころじゃないよな」,"Can't really focus on studying, can we?",,
ID00227,00007820,45,「教室のエアコンの設定温度が、,The classroom AC's too warm,,
ID00227,0000785c,51,　もう少し下がるといいんだけどね」,I wish it could be lowered just a bit.,,
ID00227,000079f8,60,「体に悪いとかで、絶対下げないんだよな」,They never lower it.,,
ID00227,00007bc7,57,「暑い方が体によくないと思うけどねー」,I think being hot is worse for you though...,,
ID00227,00007da6,42,「家電量販店で見たんだけど、,Saw them at an electronics store.,,
ID00227,00007ddf,51,　最近の扇風機って、すごく静かで、,Modern fans are super quiet.,,
ID00227,00007e21,39,　高機能なの、知ってる？」,You know what I mean?,,
ID00227,0000825e,36,「けど、お高いんだろ？」,"But they're expensive, right?",,
ID00227,00008415,24,「何万円もする」,They cost tens.,,
ID00227,0000845b,57,「じゃあ、部屋には置いてもらえないな」,Guess I can't have one in my room then.,,
ID00227,0000871e,60,「エアコンより、体に良さそうだけどねー」,Seems better for you than AC though...,,
ID00227,000087c1,42,「温暖化って進んでるのか？」,Global warming's getting worse?,,
ID00227,000089c1,18,「着実にね」,Slowly but surely.,,
ID00227,00008a01,60,「夏が年々暑くなってるのもそのせいか？」,Is that why summers get hotter every year?,,
ID00227,00008bd0,51,「ヒートアイランド現象とか、原因は,"Heat island effect and stuff, the cause is",,
ID00227,00008c12,57,　いろいろあるけど、温室効果ガスによる,There are many reasons.,,
ID00227,00008c5a,57,　温暖化も、大きな一因と言われてるね」,Global warming's also said to be a big cause.,,
ID00227,00009245,45,「来年はもっと暑くなるかもよ」,Next year might be even hotter.,,
ID00227,000092a0,39,「マジか？　きついなぁ…」,Really? That's rough...,,
ID00227,00009308,57,「入道雲を見ると、夏って感じがするよ」,Seeing them feels summery.,,
ID00227,000094d4,39,「それって、積乱雲だから、,"Those are cumulonimbus clouds,",,
ID00227,0000950a,36,　ゲリラ豪雨の元凶だよ」,the cause of surprise downpours.,,
ID00227,00009697,36,「そっか！　のんきなこと,"Oh yeah! You're so carefree,",,
ID00227,000096ca,42,　言ってる場合じゃないのか」,You can't afford to be saying that!,,
ID00227,00009887,48,「遠くから見てるときれいだけど、,"It looks pretty from far away, but",,
ID00227,000098c6,39,　真下は雷を伴う大雨だね」,it's a thunderstorm down below.,,
ID00227,00009bdb,30,「今年の暑さって…」,This year's heat...,,
ID00227,00009d8c,60,「もう覚悟を決めて、耐えるしかないねー」,We have no choice but to brace ourselves.,,
ID00227,0000a04b,54,「空も…海も…私にイマジネーションを,The sky... the sea... they give me imagination.,,
ID00227,0000a090,42,　くれる。見てて飽きないよ」,I never get tired of watching them.,,
ID00227,0000a188,42,「妄想はほどほどにしろよ？」,Don't let your imagination run wild.,,
ID00227,0000a230,33,「あはは、そうだねー。,"Haha, you're right.",,
ID00227,0000a260,48,　心配されない程度にしておくよ」,I won't make you worry.,,
ID00227,0000a4b9,60,「なんで地球に季節があるのか知ってる？」,Do you know why Earth has seasons?,,
ID00227,0000a65e,42,「地球が傾いてるからだろ？」,"It's because the axis is tilted, right?",,
ID00227,0000a81b,42,「そう。地軸の傾きのせいで、,That's right. Because of Earth's tilt.,,
ID00227,0000a854,54,　日照時間が変化して、季節が生じる」,the amount of sunlight changes and creates seasons.,,
ID00227,0000adce,57,「ちなみに水星はほぼ傾きが０度だから、,"By the way, Mercury has almost no axial tilt at all,",,
ID00227,0000ae16,30,　季節がないんだよ」,so it doesn't have seasons.,,
ID00227,0000af9d,33,「へーっ、そうなのか」,"Oh, really?",,
ID00227,0000b151,51,「摂氏４００度の灼熱地獄だけどね」,It's a scorching hell at 400 C.,,
ID00227,0000b472,63,「暑いのと寒いのなら、どっちがいいんだ？」,"Between hot and cold, which do you prefer?",,
ID00227,0000b644,51,「寒い方がマシだね。ＰＣが喜ぶし」,Cold is better. The PC likes it more.,,
ID00227,0000b945,60,「暖房かけ過ぎると、元のもくあみだけど」,"If you overuse the heat, it'll revert.",,
ID00227,0000bc62,51,「にい君は、どの季節が好きなの？」,"Which season do you like best, Bro-kun?",,
ID00227,0000bcc3,51,「う～ん…動画を録るようになって、,"Hmm... Ever since I started recording videos,",,
ID00227,0000bd05,51,　夏がいいって思うようになったな」,I've come to think summer's pretty good.,,
ID00227,0000bd66,48,「ふうん…水着の女子を録るのが、,"Hm... Recording girls in swimsuits,",,
ID00227,0000bda5,21,　大好き…と」,I love it...,,
ID00227,0000bfea,33,「そ、そうじゃなくて、,"N-no, that's not what I meant.",,
ID00227,0000c01a,42,　光海学園らしい季節だろ！」,It's the season for Mitsumi Academy!,,
ID00227,0000c1e0,45,「風が涼しくなってきたよなぁ」,"The wind has gotten cooler, hasn't it?",,
ID00227,0000c3a0,30,「一服の清涼剤だね」,A refreshing break.,,
ID00227,0000c3ff,33,「もうすぐ秋だけど…」,Even though it's almost fall...,,
ID00227,0000c5b3,51,「そうだねー、過ごしやすくなるよ」,"Yeah, it'll be more comfortable.",,
ID00228,000021d6,33,「黒板に書いてた数式、,"The equation on the blackboard,",,
ID00228,00002206,60,　適当じゃないとしたら、大したもんだよ」,"If it wasn't random, that'd be cool.",,
ID00228,00002270,57,「ほめられたー。もっとがんばろーっと」,You're praising me~ I'll do even better next time~,,
ID00228,000023ca,51,「学期末の成績はどうだったんだ？」,How did you do in your end-of-term grades?,,
ID00228,00002590,27,「安定の中盤だよ。,I'm doing steady so far.,,
ID00228,000025ba,54,　テストでは本気出さない主義だから」,I don't take tests seriously anyway.,,
ID00228,0000270a,30,「ははは、言ってろ」,"Haha, go on then.",,
ID00228,00002769,57,「塾に通おうと思ったことはないのか？」,Have you ever thought about going to a cram school?,,
ID00228,00002935,18,「ないよー」,Nope~,,
ID00228,00002ada,54,「ネット見たり、プログラムしてる方が,I find it way more fun to browse the net or code.,,
ID00228,00002b1f,24,　楽しいからね」,It's more fun this way.,,
ID00228,00002dee,60,「帰ってからどれぐらい勉強してるんだ？」,How much do you study after coming home?,,
ID00228,00002fea,33,「んー、全然やらない」,"Hmm, I don't really study at all.",,
ID00228,0000336a,54,「プログラムとか、好きなことの勉強は,"When it comes to stuff I like, like programming,",,
ID00228,000033af,51,　何時間でもやれちゃうんだけどね」,I could spend hours on it without even noticing.,,
ID00228,000036d0,45,「得意な科目ってなんなんだ？」,What subjects are you good at?,,
ID00228,00003890,57,「数学と物理。勉強してて楽しいからね」,Math and physics. They're fun to study.,,
ID00228,00003a45,45,「苦手な教科ってなんなんだ？」,What subjects do you suck at?,,
ID00228,00003aa0,27,「んー、社会だね」,"Hmm, social studies.",,
ID00228,0000405c,42,「日本と世界の地理と歴史を、,"Learning about geography and history,",,
ID00228,00004095,45,広ーく、浅ーく学ぶ感じだから、,"super broadly but not in depth,",,
ID00228,000040d1,48,あんまり魅力を感じないんだよね」,so I don't really find it interesting.,,
ID00228,000044a4,57,「夏休み返上で授業って、ひでぇよなぁ」,Sacrificing summer for classes sucks.,,
ID00228,0000450b,45,「外の空気が吸えていいけどね」,But it's nice to get some fresh air outside.,,
ID00228,000049bd,39,「ミツミキャンプがないと、,"If there wasn't Mitsumi Camp,",,
ID00228,000049f3,42,　部屋に引きこもりそうで…」,I'd probably end up locked in my room...,,
ID00228,00004bff,63,「はは…まぁ、俺も似たようなもんだけどな」,"Haha... Well, me too, kinda.",,
ID00228,00004c7f,30,「毎日の勉強って…」,Daily studying...,,
ID00228,00004ccb,36,「んー、好きな勉強なら、,"Hmm, if it's something I like,",,
ID00228,00004cfe,48,　いくらでもやれるんだけどね…」,can do as much as I want...,,
ID00228,00005191,42,「夏の課題って終わったか？」,Did you finish your summer homework?,,
ID00228,000051e9,63,「ううん。まだまだ、本気出す時じゃないよ」,Nope. Not there yet.,,
ID00228,00005408,18,「同感だな」,I feel the same.,,
ID00228,0000545b,54,「参考書って、どんなの使ってんだ？」,What kind of reference books are you using?,,
ID00228,000055a0,42,「使ってないよ、教科書のみ」,"I'm not using any, just textbooks.",,
ID00228,0000563b,57,「わかんないとこは、どうしてんだよ？」,Why don't you get it when you don't?,,
ID00228,00005807,51,「興味なければ、そのまま放っとく。,"If I'm not interested, I leave it be.",,
ID00228,00005849,63,　興味あるところは、ネットで調べたりだね」,"When I am, I look stuff up online.",,
ID00228,00005a28,51,「わかんないとこがテストに出たら、,"If the parts you don't get show up on a test,",,
ID00228,00005a6a,21,　困るだろ？」,You'll be in trouble.,,
ID00228,00005b8e,39,「気にしない、気にしない」,"I won't worry about it, I won't.",,
ID00228,00005c26,39,「おま…マイペースだなぁ」,You're... so laid-back.,,
ID00228,00005c8e,42,「好きな教科のテストの点は、,"Your grades in your favorite subjects are,",,
ID00228,00005cc7,33,　どれぐらいなんだ？」,How good is it?,,
ID00228,00005e7b,51,「数学と物理は、９０点ぐらいだよ。,"math and physics, around 90 points.",,
ID00228,00005ebd,33,　解き方は合ってても、,"Even if the methods are right,",,
ID00228,00005eed,39,　計算ミスが多いんだよね」,I make a lot of calculation mistakes.,,
ID00228,000061ef,36,「見直ししないからだぞ」,Because you never check.,,
ID00228,000063a6,42,「解き方が合ってればいいよ」,That's fine if it's right.,,
ID00228,000063fe,48,「人が計算をミスをするのは当然。,People make mistakes.,,
ID00228,0000643d,54,　本来はコンピュータの仕事だからね」,"After all, that's what computers are for.",,
ID00228,00006763,48,「お前、俺より絶対に頭いいのに、,"You're definitely smarter than me, yet",,
ID00228,000067a2,54,　成績が大差ないのはもったいないぞ」,your grades aren't much better. That's a waste.,,
ID00228,0000696b,36,「にい君こそ、本気出せば,If you really put your mind to it...,,
ID00228,0000699e,42,　もっといい成績取れるのに」,you could get even better grades.,,
ID00228,00006b31,24,「お互い様か…」,...same for me.,,
ID00228,00006ba4,15,「だねー」,Right?,,
ID00228,00006c40,60,「お前って、あんまり字がうまくないよな」,"You're not really good at writing, huh?",,
ID00228,00006e0f,48,「考えてることに、字を書く速さが,Your handwriting can't keep up with,,
ID00228,00006e4e,36,　追いつかないんだよね。,what you're thinking.,,
ID00228,00006e81,45,　だから、つい雑になっちゃう」,So I end up being careless.,,
ID00228,000072ee,54,「ＰＣやってると、漢字を覚えないし、,"When you're on the PC, you don't even learn kanji,",,
ID00228,00007333,24,　ダメダメだね」,There's no point.,,
ID00228,0000765c,39,「美術の授業って好きか？」,Do you like art class?,,
ID00228,00007816,36,「絵を描くのは好きだよ。,I do like drawing.,,
ID00228,00007849,42,　マンガになっちゃうけどね」,But it turns into manga.,,
ID00228,00007b78,48,「普段はペンタブで描いてるから、,"I usually draw on a tablet, so",,
ID00228,00007bb7,57,　画用紙に描くと、懐かしい感じがする」,"when I draw on drawing paper, it feels nostalgic.",,
ID00228,00007ede,30,「この間、授業で…」,In class the other day...,,
ID00228,0000808f,45,「ふむふむ…なかなか真面目に、,You're taking it seriously.,,
ID00228,000080cb,36,　授業を受けてるようで」,Paying attention?,,
ID00228,000082a2,48,「家庭科室の黒板に書いてた数式、,Equation from home ec?,,
ID00228,000082e1,36,　ノートに取ったのか？」,into your notebook?,,
ID00228,00008498,33,「スマホで写真撮った」,I took a photo with my phone.,,
ID00228,000084e7,57,「授業の黒板も、写真に撮らせてくれると,"If you let me take photos too,",,
ID00228,0000852f,36,　効率的なんだけどねー」,It'd be more efficient.,,
ID00228,000088fc,48,「ははは、どの先生も怒るからな」,"Haha, every teacher would get mad though.",,
ID00228,00008abf,54,「せめて、タブレットに書き写すのは、,"At least I want to copy them onto my tablet,",,
ID00228,00008b04,33,　認めてもらいたいよ」,if nothing else.,,
ID00228,00008e06,57,「にい君って、光海大学に進学するの？」,Are you going to Mitsumi University?,,
ID00228,00008fe2,27,「たぶんそうだな」,Probably so.,,
ID00228,000091ea,39,「じゃあ、家から通えるね。,Then you can walk to school from home.,,
ID00228,00009220,48,　よかったー、遠くへ行かなくて」,"Good, you don't have to go far.",,
ID00228,0000953e,48,「夏の課題って全部終わったか？」,Did you finish all your summer homework?,,
ID00228,00009744,60,「終わったよ。苦手な教科は適当だけどね」,"I did, but I just winged it.",,
ID00228,00009a85,21,「にい君は？」,What about you?,,
ID00228,00009ac8,18,「…聞くな」,...Don't ask,,
ID00228,00009cc7,33,「ちゃんとやらないと、,"If you slack off,",,
ID00228,00009cf7,39,　心美先生に怒られるよ？」,Sensei'll get mad.,,
ID00228,00009e9a,36,「もうすぐ勉強の秋だな」,Soon it'll be studyin' season.,,
ID00228,0000a051,18,「だから？」,So?,,
ID00228,0000a091,39,「いや、そう思っただけだ」,"Nah, I just thought so.",,
ID00228,0000a28e,51,「うんうん、秋の夜長に勉強なんて、,"Yeah yeah, studying on long autumn nights,",,
ID00228,0000a2d0,39,　にい君には似合わないよ」,"Don't really suit ya, do they?",,
ID00228,0000a5d2,45,「くそ～、ちょっとはしてやる」,"Damn it, I'll give you a taste of it",,
ID00228,0000a640,54,「タブレットのおかげで、勉強の仕方も,"Thanks to the tablet, I think my study methods'll",,
ID00228,0000a685,39,　変わっていきそうだよな」,change up a bit too.,,
ID00228,0000a6da,51,「とりあえず、あの重い教科書の山が,"First of all, I'm glad those heavy textbooks will",,
ID00228,0000a71c,42,　電子化されるとうれしいね」,be digitized.,,
ID00228,0000ab4f,39,「早くそうならないかなぁ」,I wish it would happen soon.,,
ID00228,0000aed3,30,「この夏の勉強で…」,About this summer's studies...,,
ID00228,0000af1f,33,「うん。為になることも,"Yeah, there were a few.",,
ID00228,0000af4f,36,　いっぱいあったよねー」,So much.,,
ID00229,0000370b,33,「また食堂のテラスで、,Let's do our hobbies together at,,
ID00229,0000373b,42,　一緒に趣味のことしたいね」,Sounds good.,,
ID00229,00003793,51,「動画のおかげで、居合わせることは,"Thanks to the videos, we'll end up hanging out more",,
ID00229,000037d5,21,　増えるだろ」,right?,,
ID00229,000039c0,45,「そうだね、楽しみにしてるよ」,"Yeah, I'm looking forward to it.",,
ID00229,00003a2e,54,「心美先生だけじゃなく、先生みんなに,"Not just Ms. Shinomiya, but all the teachers if",,
ID00229,00003a73,54,　オフィスソフトの使い方を教えたら、,"I teach them how to use office software,",,
ID00229,00003ab8,30,　感謝されそうだな」,they'll probably thank me.,,
ID00229,00003c69,39,「あははー、全ての先生から,"Heh heh, everyone will praise me.",,
ID00229,00003c9f,48,　事務師匠って崇められちゃうよ」,Everyone respects me.,,
ID00229,00003fe1,18,「はははは」,Hahaha,,
ID00229,00004034,45,「１日の計画表って出したか？」,Did you make a schedule for the day?,,
ID00229,00004237,27,「うん、適当にね」,"Yeah, just wing it",,
ID00229,00004479,45,「計画表の上では、毎日３時間も,I'm supposed to study three hours.,,
ID00229,000044b5,42,　自室で勉強する優等生だよ」,They think I'm an overachiever.,,
ID00229,0000467f,18,「はははは」,Hahaha,,
ID00229,000046d2,54,「宿舎での暮らしにはもう慣れたか？」,You're used to dorm life now?,,
ID00229,000048c8,30,「んー、慣れたけど、,"Hmm, yeah, but,",,
ID00229,000048f5,54,　パパとママに会えないのは寂しいね」,It's lonely not seeing Dad and Mom.,,
ID00229,00004bb9,48,「夜更かしする私を戒めて欲しい」,I want you to scold me for staying up late,,
ID00229,00004cb2,27,「自立しろ、自立」,Be independent.,,
ID00229,00004eaf,48,「…にい君も夜更かしするくせに」,"...You stay up late too, big bro",,
ID00229,00004f0d,30,「なんか言ったか？」,Did I say something?,,
ID00229,00005240,21,「なんにもー」,Nothing at all~,,
ID00229,000052bc,48,「学校で好きな場所ってどこだ？」,What's your favorite place in school?,,
ID00229,0000547f,36,「図書室だよ。涼しいし、,The library. It's cool there.,,
ID00229,000054b2,36,　本がいっぱいだからね」,There are lots of books.,,
ID00229,000057c4,33,「休み時間や昼休みは、,"During break time or lunchtime,",,
ID00229,000057f4,36,　どんなことしてんだ？」,What do you usually do?,,
ID00229,00005a27,39,「夏の間は、まひろちゃんと,"During summer, Mahiro-chan and",,
ID00229,00005a5d,33,　一緒のことが多いね」,We're together a lot.,,
ID00229,00005e31,54,「遊びやお昼に、よく誘ってくれるよ」,You often invite me to play or lunch.,,
ID00229,00005fe3,51,「なにか委員ってやってないのか？」,Don't you have any committee work?,,
ID00229,00006123,21,「なーんにも」,Not at all.,,
ID00229,0000622e,51,「力を封印された私は、残念ながら、,I'm kinda useless.,,
ID00229,00006270,36,　いたって平凡だからね」,Sorry about that.,,
ID00229,00006477,39,（平凡…ではないと思うぞ）,(Not exactly ordinary...),,
ID00229,000064df,63,「いつも何時ぐらいに、学校に来てるんだ？」,When do you usually get to school?,,
ID00229,000066b1,51,「まちまちだよ。ギリギリだったり、,"It varies. Sometimes barely on time,",,
ID00229,000066f3,33,　ずいぶん早かったり」,other times super early.,,
ID00229,00006a19,45,「前日の夜更かし具合によるね」,Depends how late I stay up the night before.,,
ID00229,00006a87,36,「お前って、どこの部にも,You're not in any clubs?,,
ID00229,00006aba,36,　入ったことないよな？」,Never joined one.,,
ID00229,00006c71,15,「ないよ」,Nope.,,
ID00229,00006cae,30,「入る気ないのか？」,Not interested?,,
ID00229,00006e5f,63,「おおっと、自分が初めて入ったもんだから、,"Oh, it's my first time.",,
ID00229,00006ead,21,　先輩風を？」,Acting senior-like?,,
ID00229,0000719d,39,「いいもんだぞ？　部活も」,"It's great though, being in a club.",,
ID00229,00007357,63,「んー、集団行動が得意とは言えない私には、,"Hmm, since I'm not really good at group activities,",,
ID00229,000073a5,18,　ムリだね」,it's impossible.,,
ID00229,0000761f,48,「気ままに好きなことをやるのが、,I guess doing what I like is my thing.,,
ID00229,0000765e,27,　性に合ってるよ」,It suits me.,,
ID00229,00007822,42,「うちの学校のいいとこって、,"The best thing about our school is,",,
ID00229,0000785b,27,　どこだと思う？」,What do you think it is?,,
ID00229,00007a85,39,「周りに自然が多いとこー」,Places with lots of nature around,,
ID00229,00007e52,33,「空気がおいしいから、,"The air's so nice,",,
ID00229,00007e82,36,　健康気分が味わえるよ」,you can feel healthy here.,,
ID00229,0000800f,18,「気分…な」,...feeling.,,
ID00229,00008062,60,「真奈の“いきなり学園ランキングー！”」,Mana's 'Sudden School Ranking!',,
ID00229,000085ef,33,「さて、うちの学校で、,"Well, in our school,",,
ID00229,0000861f,54,　一番人気のある先生は誰でしょう？」,who is the most popular teacher?,,
ID00229,000087f5,54,「あ？　校長とか教頭のわけがないし、,"Huh? It can't be the principal or vice-principal,",,
ID00229,0000883a,54,　男の厳しい先生でもないだろうし…」,"and it's not some strict male teacher,...",,
ID00229,0000889e,36,「まさか…心美先生か？」,Could it be... Shinmi-sensei?,,
ID00229,00008a55,39,「当たりー。大学卒業して、,Bingo. She graduated.,,
ID00229,00008a8b,63,　赴任したばかりなのに、男女問わず大人気」,She’s popular with all.,,
ID00229,00008da5,33,「むしろ赴任したてで、,"Rather, she just started.",,
ID00229,00008dd5,36,　若いからいいんだろ？」,Right? She's young and cute.,,
ID00229,00008f8c,30,「あたふたしてると、,You look so flustered that,,
ID00229,00008fb9,45,　助けてあげたくなるんだよね」,I feel like helping you out.,,
ID00229,00009199,54,「うちの学校って部活が盛んだよなぁ」,"Our school has a lot of clubs, huh?",,
ID00229,00009362,33,「ずっと帰宅部だった、,You were in the Going Home Club.,,
ID00229,00009392,45,　にい君が入るぐらいだからね」,but even Bro-kun joined one now.,,
ID00229,00009592,27,「俺も驚いてるよ」,I'm surprised too.,,
ID00229,00009753,51,「一貫教育校だと、こうしてにい君と,It's a K-12 school.,,
ID00229,00009795,33,　学校で話せていいね」,Nice to chat here.,,
ID00229,00009972,51,「一貫じゃないと中高は別だったな」,Middle and high would've been separate.,,
ID00229,00009ab2,24,「危ない危ない。,"Careful, careful.",,
ID00229,00009ad9,48,　ユイ姉とにい君が一緒の学校で、,With Yui-nee and Bro-kun in the same school,,
ID00229,00009b18,54,　私だけ１人とか、あり得なかったよ」,I couldn't have been alone,,
ID00229,0000a085,39,「屋上ってよく行く方か？」,Do you often go up on the roof?,,
ID00229,0000a23f,51,「そうだねー、息抜きによく行くよ」,"Yeah, I use it to take breaks",,
ID00229,0000a405,57,「液晶画面のブルーライトで疲れた目を、,Rest your eyes from the screen.,,
ID00229,0000a44d,39,　ブルーの海で癒す感じ？」,like you're healing them in a blue sea?,,
ID00229,0000a579,57,「スマホとパソコンいじりすぎだっての」,You spend too much time on your phone and computer.,,
ID00229,0000a5f3,30,「うちの学校って…」,Our school is...,,
ID00229,0000a7a4,45,「そうだねー、いい学校だよね」,"Yeah, it's a great school, isn't it?",,
ID00229,0000a984,51,「うちの制服って気に入ってるか？」,Do you like our uniforms?,,
ID00229,0000ab8d,30,「うん、もちろんね」,Of course I do.,,
ID00229,0000ae79,57,「特に、襟の形が星みたいでお気に入り」,I especially love how the collar looks like a star.,,
ID00229,0000aef3,54,「学校で一番好きな場所ってどこだ？」,What's your favorite place in school?,,
ID00229,0000b0bc,30,「放課後の家庭科室。,After-school home ec room.,,
ID00229,0000b0e9,51,　誰も来ないから落ち着くんだよね」,It's peaceful because no one comes here.,,
ID00229,0000b469,51,「学校で一番苦手な場所はどこだ？」,What's your least favorite place in school?,,
ID00229,0000b67e,51,「炎天下の校庭。５分で熱暴走だよ」,I overheat in five minutes.,,
ID00229,0000b898,18,「はははは」,Hahaha,,
ID00229,0000b8eb,36,「心美先生って、見た目、,Sensei looks like,,
ID00229,0000b91e,39,　お前らと変わんないよな」,"you guys, right?",,
ID00229,0000bb1b,51,「うん。先生だけ、時間が止まってる,Yeah. She just doesn't age.,,
ID00229,0000bb5d,24,　みたいだよね」,It seems that way.,,
ID00229,0000bea3,60,「はっ、もしや、未来から来た時間旅行者」,"Huh, could she be a time traveler from the future?",,
ID00229,0000c1ba,15,「ねーよ」,Nope.,,
ID00229,0000c20a,45,「夏休みがないのはなんだけど、,"There are no summer breaks,",,
ID00229,0000c246,48,　いい学校だよな、光海学園って」,"Mitsumi Academy is a great school, right?",,
ID00229,0000c409,63,「ミツミキャンプも、合宿みたいで楽しいよ」,Mitsumi Camp is like a retreat and really fun too.,,
ID00229,0000c5c4,54,「校則だと、学園内の携帯電話の使用を,"The school rules ban cell phone use,",,
ID00229,0000c609,48,　禁じてるのって、知ってるか？」,Do you know what they don't allow?,,
ID00229,0000c795,54,「知ってるよ。まるで守ってないけど」,I know. Even though we don't follow them.,,
ID00229,0000cad0,63,「タブレットもノートＰＣも持ち込んでるし、,"We bring tablets and laptops too, so",,
ID00229,0000cb1e,54,　校則的には、とんでもない不良だね」,"by the rules, we're total delinquents.",,
ID00229,0000ccbd,18,「はははは」,Hahaha,,
ID00229,0000cd10,54,「宿舎暮らしで困ってることがあれば、,"If you have any problems living in the dorms,",,
ID00229,0000cd55,15,　言えよ」,tell me.,,
ID00229,0000cf24,45,「んー、特にないよ、ありがと」,"Nah, nothing's wrong, thanks.",,
ID00229,0000d3eb,51,「地震が起きた時に、にい君の部屋へ,Can't run to your room,,
ID00229,0000d42d,60,　逃げ込めないのは、不安ではあるけどね」,if there’s an earthquake though.,,
ID00229,0000d757,48,「宿舎の新聞って、読んでるか？」,"You read the dorm newspaper, right?",,
ID00229,0000d91a,39,「まさか。あんなの読むの、,No one reads those.,,
ID00229,0000d950,33,　パパの世代までだよ」,my dad's generation.,,
ID00229,0000dc76,42,「ネットの方が情報が早いし、,"News is faster on the internet anyway,",,
ID00229,0000dcaf,51,　スマホでいつでも見られていいよ」,and you can check your phone anytime.,,
ID00229,0000de5e,57,「宿舎で気に入ってるとこってあるか？」,Is there anything about the dorms you like?,,
ID00229,0000e02a,36,「部屋が広いとこだねー」,"It’s got a spacious room, huh?",,
ID00229,0000e1e1,39,「家から、ゲーム機とＰＣを,Brought game console & PC.,,
ID00229,0000e217,60,　全部持ち込んで、アキバ仕様にしたいよ」,I want to make it Akihabara-style.,,
ID00229,0000e3f3,57,「ははは、お前が男子ならたまり場だな」,"Haha, if you were a guy.",,
ID00229,0000e5d2,36,「ユイ姉は３年生だから、,"Yui-nee is in her third year, so",,
ID00229,0000e605,51,　来年はもう学校で会えなくなるね」,we won't see each other at school next year.,,
ID00229,0000e7a1,21,「そうだな…」,Yeah...,,
ID00229,0000e949,60,「３人揃う最後の夏だし、大切にしたいね」,This is our last summer together.,,
ID00229,0000ec66,60,「宿舎暮らしだと、学校が近くていいねー。,Living on campus is great.,,
ID00229,0000ecb1,45,　歩くの遅いから大助かりだよ」,It really helps me out.,,
ID00229,0000ee7e,63,「まっすぐ家に帰って、勉強しろって事だぞ」,You should go straight home and study.,,
ID00229,0000ef70,27,「しないけどねー」,"I won't, though.",,
ID00229,0000f026,36,「うちの学校の周りって、,Nature surrounds our school.,,
ID00229,0000f059,48,　ヤシの木がいっぱい植わってて、,"There are lots of palm trees planted here,",,
ID00229,0000f098,30,　まるで南国だよな」,it feels like the tropics.,,
ID00229,0000f249,54,「成長したヤシの木は、意外と寒くても,Grown palm trees can actually withstand,,
ID00229,0000f28e,30,　耐えられるからね」,the cold surprisingly well.,,
ID00229,0000f57a,51,「ほら、東京の有名なテーマパークの,"See, there are even palm trees growing",,
ID00229,0000f5bc,45,　周りにも生えてるじゃない？」,around famous theme parks in Tokyo?,,
ID00229,0000f789,33,「お？　そうなのか？」,Oh? Really?,,
ID00229,0000f93d,33,「あそこのヤシの木が、,"Those palm trees over there,",,
ID00229,0000f96d,42,　自生する日本の最北端だって,are said to be the northernmost place,,
ID00229,0000f9a6,33,　言われてるんだよね」,That's what they say.,,
ID00229,0000fcab,36,「この間、休み時間に…」,The other day during break time...,,
ID00229,0000fe62,48,「ほうほう、いいねー。楽しそう」,"Wow, that's cool. Sounds fun.",,
ID00229,00010045,60,「真奈の“いきなり学園ランキングー！”」,Mana's 'Sudden School Ranking!',,
ID00229,000105d2,60,「生徒の間で、一番人気のデートスポットは,What's the most popular date spot among students?,,
ID00229,0001061d,27,　どこでしょう？」,Where do you think it is?,,
ID00229,000108dc,24,「…遊園地か？」,...Amusement park?,,
ID00229,00010a87,18,「当たりー」,Bingo.,,
ID00229,00010b0b,30,「あそこぐらいしか、,There's hardly anywhere else,,
ID00229,00010b38,39,　娯楽施設がないからなぁ」,no entertainment.,,
ID00229,00010e57,60,「ちなみに次点は、海の丘公園の夜景だよ。,second place is there.,,
ID00229,00010ea2,30,　きれいだからねー」,"It's pretty, you see.",,
ID00229,00011073,48,「お前は、意外と海外の学校の方が,You might actually get along better,,
ID00229,000110b2,39,　合うのかもしれないぞ？」,at a school overseas?,,
ID00229,0001126c,18,「なんで？」,Why not?,,
ID00229,000112e6,42,「自由そうだし、ヘンな研究を,seems free-spirited.,,
ID00229,0001131f,51,　一生やってる人とか多そうだろ？」,many do it forever.,,
ID00229,0001153f,45,「ん～、そうかもしれないけど、,"Hmm, maybe so, but",,
ID00229,0001157b,45,　アニメやマンガから遠ざかる」,away from anime and manga,,
ID00229,0001168b,42,「ああ、日本のオタク文化から,"Yeah, away from Japanese otaku culture",,
ID00229,000116c4,27,　離れられないか」,can't you get detached?,,
ID00229,00011872,36,「２次元の表現において、,"In terms of two-dimensional media,",,
ID00229,000118a5,36,　日本は最先端だからね」,"Japan's at the forefront, you know.",,
ID00229,00011a45,42,「屋上の花ってきれいだよな」,The flowers on the roof are pretty.,,
ID00229,00011c02,15,「だねー」,Right?,,
ID00229,00011da4,63,「花の香りは、デジタルじゃ伝えられないし、,"You can't convey the scent of flowers digitally,",,
ID00229,00011df2,36,　その場限りの魅力だね」,It's a one-time-only charm.,,
ID00229,00011fc9,51,「被写体を求めてウロウロしてると、,Wandering for photo subjects...,,
ID00229,0001200b,39,　階段の上り下りが多くて、,Lots of stairs up and down.,,
ID00229,00012041,57,　エスカレーターをつけて欲しくなるよ」,so you start wishing there were escalators.,,
ID00229,0001220d,57,「それならエレベーターをつけてくれれば,"Then just add an elevator,",,
ID00229,00012255,24,　いいと思われ」,That'd be good.,,
ID00229,000123d6,60,「いや、それだとレコチャンス的にだな…」,"No, that would increase the chances of...",,
ID00229,000125f9,48,「にい君が、盗撮でつかまる確率が,Your chances of getting caught filming,,
ID00229,00012638,27,　ジャンプアップ」,would go up.,,
ID00229,00012987,54,「…にい君がＥ動画部に染まっていく」,...you'll get sucked into E-Drama Club.,,
ID00229,00012a5e,54,「ちょ、ちょっと思っただけだって！」,I-I just thought of it!,,
ID00229,00012ad5,45,「ミツミキャンプが終わったら、,Check out my room later.,,
ID00229,00012b11,54,　真っ先にやりたいことってなんだ？」,What's the first thing you want to do?,,
ID00229,00012cda,39,「部屋のレトロゲーム機で、,"Play retro games in my room,",,
ID00229,00012d10,39,　名作ゲームをやり込むよ」,beat some classic titles.,,
ID00229,0001303c,33,「にい君もつき合う？」,You wanna join me?,,
ID00229,0001308b,39,「せめて最新のにしてくれ」,At least let it be a new one.,,
ID00229,00013245,27,「むむ…にい君は、,"Hmm... @str_000,",,
ID00229,0001326f,45,　もっとレトロゲームの良さを、,appreciate retro games more.,,
ID00229,000132ab,42,　認識した方がよいと思われ」,I think it'd be good for you to do that.,,
ID00229,000135c3,33,「部活に入らないなら、,"If you're not joining a club,",,
ID00229,000135f3,48,　自分で作ってみるのはどうだ？」,How about making your own?,,
ID00229,000137b6,24,「なんの部を？」,What club?,,
ID00229,000137fc,33,「お前が楽しめる部だ」,A club that you can enjoy.,,
ID00229,000139b0,36,「じゃあ、ＳＯＭ団だね」,"So, the SOM Club then.",,
ID00229,00013a02,12,「あ？」,Huh?,,
ID00229,00013b6a,51,「世界を大いに楽しむ為の真奈の…」,Mina's for really enjoying the world...,,
ID00229,00013c0f,36,「…お前は、宇宙人だの、,"...you want to gather aliens,",,
ID00229,00013c42,42,　未来人だのを集める気か？」,time travelers and such?,,
ID00229,00013dff,33,「いいねー、楽しそう」,Sounds fun!,,
ID00229,00013f9c,36,「セーラー服とブレザー、,"Sailor uniform and blazer,",,
ID00229,00013fcf,36,　どっちが好きなんだ？」,which one do you like better?,,
ID00229,00014186,27,「セーラー服だよ。,Sailor uniform.,,
ID00229,000141b0,42,　海のそばの学園らしいしね」,"It suits the school by the sea, right?",,
ID00229,000144df,63,「それに、初等部からずっとセーラー服なのに,"And, I've been wearing it since elementary school,",,
ID00229,0001452d,63,　実はブレザーが好きとか、悲しいと思われ」,it's sad to like blazers.,,
ID00229,00014947,57,「そんな子の為にも、ブレザーが選べると,"I feel like for those kids' sake,",,
ID00229,0001498f,36,　いいと思うんだよなぁ」,it'd be nice to have a choice.,,
ID00229,00014b46,18,「なるほど。,Makes sense.,,
ID00229,00014b67,54,　動画のバリエーションも増えるしね」,There'll be more variety in the videos too.,,
ID00229,00014d3d,18,「…まぁな」,"...Well, yeah.",,
ID00229,00014ef5,51,「この間、パパからメール来たけど、,"I got a mail from Dad recently, saying",,
ID00229,00014f37,39,　階段がギシギシいうから、,The stairs are creaking.,,
ID00229,00014f6d,45,　リフォームを検討してるって」,doing some renovations.,,
ID00229,00015275,15,「あぁ？」,Huh?,,
ID00229,00015417,51,「もしそうなると、ミツミキャンプが,"If that happens, we'll live there.",,
ID00229,00015459,63,　終わった後も、しばらく宿舎暮らしかもね」,for a while even after it ends.,,
ID00229,00015773,24,「なん…だと…」,What...did they...,,
ID00229,000157cc,33,「宿舎の暮らしって…」,Living in the dorms...,,
ID00229,000159c3,51,「うんうん、集団生活は苦手だけど、,"Yeah yeah, I'm not good with group living, but",,
ID00229,00015a05,30,　たまにはいいよね」,It's nice sometimes.,,
ID00230,000024da,51,「ラノベ読んで、恋だの、前世だのが,Reading light novels makes you curious.,,
ID00230,0000251c,63,　気になるとか、影響受けやすいヤツだなぁ」,You're easily influenced by that kinda stuff.,,
ID00230,00002589,45,「１００年足らずの現世だけで、,It's sad to think your life will end soon.,,
ID00230,000025c5,45,　命が終わるのは寂しいからね」,"In this world alone, I mean.",,
ID00230,00002889,57,「前世でも真奈とにい君は出会ってるし、,"Even if you met Mina in your previous life,",,
ID00230,000028d1,42,　来世でもきっと巡り会うよ」,We'll meet again in the next one.,,
ID00230,00002c5a,60,「よくブラックホールの論文とか読めるな」,You read papers on black holes pretty well.,,
ID00230,00002e29,48,「最初はよくわかんなかったけど、,"At first, I didn't really get it...",,
ID00230,00002e68,57,　調べてるうちにわかるようになったよ」,Got it as I kept looking into it.,,
ID00230,000031a6,45,「好きこそものの上手なれだね」,"You gotta love what you do, huh?",,
ID00230,00003214,63,「『月刊ナスカ』だっけ？　あのオカルト本、,"Isn't that 'Monthly Nasca'? That occult book,",,
ID00230,00003262,33,　毎月買ってるのか？」,you buy a new one every month?,,
ID00230,00003416,54,「ほぼね。同好の士のバイブルだから」,Pretty much. It's like the Bible for us nerds.,,
ID00230,00003751,21,「貸そうか？」,Want to borrow it?,,
ID00230,00003794,24,「い、いいって」,S-Sure.,,
ID00230,000037ed,57,「海の丘公園の鐘の音って、きれいだな」,The bell at Ocean Hill Park sounds pretty.,,
ID00230,000039b9,57,「そうだねー。仲が良さそうなカップルが,"Yeah, some couples look close.",,
ID00230,00003a01,30,　鳴らすと、特にね」,Especially when you ring it.,,
ID00230,00003d0d,36,「お前って、どんな音楽を,What kind of music do you like?,,
ID00230,00003d40,33,　よく聞くんだっけ？」,You usually listen to?,,
ID00230,00003ef4,33,「アニソンとか歌謡曲」,Anime songs and pop tunes.,,
ID00230,0000407e,54,「たまーに、ロックっぽいのも聴くよ」,Sometimes I listen to stuff that's kinda rock too.,,
ID00230,000041f8,39,「ロック？　そうなのか？」,Rock? Really?,,
ID00230,0000424d,54,「アニメのバトルシーンのＢＧＭって、,"The BGM for anime battle scenes,",,
ID00230,00004292,60,　ギターがギュンギュンだったりするから、,The guitar riffs are intense.,,
ID00230,000042dd,24,　その影響だね」,It's that influence.,,
ID00230,000048f9,45,「うちの図書室は、もうちょっと,Our library could use a few more books,,
ID00230,00004935,48,　私好みの蔵書を増やしてくれると,that suit my taste.,,
ID00230,00004974,30,　いいんだけどねー」,That'd be nice.,,
ID00230,00004b60,27,「どんな本だよ？」,What kind of books?,,
ID00230,00004d0e,57,「現代では解明しきれない自然科学とか」,Natural sciences we can't explain.,,
ID00230,00004d75,42,「オカルト本ってことだろ？」,You mean occult books?,,
ID00230,00004f32,42,「あははー、そうともいうね」,"Haha, you could say that.",,
ID00230,0000510f,57,「いつもどんなので音楽聴いてるんだ？」,What kind of music do you usually listen to?,,
ID00230,000052db,21,「スマホだね」,On your phone?,,
ID00230,00005483,54,「部屋では、小さなスピーカーがついた,"In my room, I connect it to a dock",,
ID00230,000054c8,42,　ドックに繋いで聴いてるよ」,I listen with little speakers.,,
ID00230,0000580a,36,「聴きたい曲が増えたら、,"When more songs appeal,",,
ID00230,0000583d,57,　定額配信サービスに入りたいなーって」,Wanna sign up for one.,,
ID00230,00005b51,33,「定額配信サービス？」,Subscription streaming service?,,
ID00230,00005d05,54,「知らない？　月々９８０円ぐらいで、,"You don't know? It's like 980 yen a month,",,
ID00230,00005d4a,57,　何千万曲もの音楽が聴き放題になるの」,and you can listen to millions of songs.,,
ID00230,0000605e,48,「ああ、ネットニュースで見たな」,"Oh yeah, I saw it on the internet news.",,
ID00230,00006221,39,「ちょっと料金が高いのと、,The price's kinda high.,,
ID00230,00006257,48,　アニソンが少ないのがネックで、,"there aren't many anime songs, so",,
ID00230,00006296,45,　登録に踏み切れないんだよね」,I haven't signed up yet.,,
ID00230,00006594,48,「月に何冊ぐらい本を買ってる？」,How many books do you buy each month?,,
ID00230,00006757,63,「マンガとラノベを中心に５、６冊ってとこ」,"Mainly manga and light novels, about 5 or 6.",,
ID00230,000067c4,27,「結構買ってるな」,You buy a lot.,,
ID00230,00006972,48,「内容的に、買わざるを得ない本が,"There are some books I have to read,",,
ID00230,000069b1,21,　あるからね」,so...,,
ID00230,00006b42,51,「ファッション誌って読んでるか？」,Do you read fashion magazines?,,
ID00230,00006d08,54,「ユイ姉が出てるのはチェックするよ。,I check out the ones with Yui-nee in them.,,
ID00230,00006d4d,27,　きれいだよねー」,She's so pretty.,,
ID00230,0000706d,30,「まぁ…私が着ても…,Well... If I wore them...,,
ID00230,0000709a,39,　結果はわかってるけどね」,the result would be obvious.,,
ID00230,000073fe,48,「この間、聴いた曲なんだけど…」,By the way... I heard a song recently...,,
ID00230,00007604,54,「ほうほう、それはネットで探さねば」,"Hmm, I'll have to look it up online.",,
ID00230,0000767b,48,「街の図書館って利用してるか？」,Do you use the city library?,,
ID00230,0000788d,33,「んー、そうでもない。,"Hmm, not really.",,
ID00230,000078bd,45,　あんまりいい本がないからね」,There aren't many good books there.,,
ID00230,00007d8d,33,「ラノベと、マンガと、,"Novels and manga,",,
ID00230,00007dbd,36,　超自然科学のコーナーを,It should have more stuff.,,
ID00230,00007df0,36,　もっと充実すべきだよ」,It needs more books.,,
ID00230,0000823d,57,「図書室はクーラーが教室より効いてて、,The lib's AC's better.,,
ID00230,00008285,30,　快適なんだよなぁ」,it's really comfy.,,
ID00230,00008399,42,「うんうん、にい君みたいに、,"Yeah, yeah, like you, Bro-kun,",,
ID00230,000083d2,48,　涼むのが目的の生徒も多いよね」,a lot of students come here just to cool off.,,
ID00230,000084ce,36,「俺だって、本読んだり、,"I read books and study too,",,
ID00230,00008501,36,　勉強したりしてるって」,"you know,",,
ID00230,000086b8,21,「たまーにね」,sometimes.,,
ID00230,000086fb,39,「それは…まぁ、そうだな」,Well... yeah.,,
ID00230,00008763,42,「電子書籍って買ってるか？」,You buy e-books?,,
ID00230,00008963,36,「うん。もう売ってない、,"Yeah, they don't sell them anymore,",,
ID00230,00008996,51,　昔のマンガとか買うのにいいよね」,They're great for buying old manga.,,
ID00230,00008bee,63,「音楽と同様、デジタル化は止められないよ」,"Just like music, digitalization is unstoppable.",,
ID00230,00008cc8,54,「イヤフォンってどんなの使ってる？」,What kind of headphones do you use?,,
ID00230,00008ebe,48,「スマホについて来たのだけど？」,The ones that came with your phone?,,
ID00230,00008f1c,36,「こだわりはないのか？」,No particular preference?,,
ID00230,0000912d,51,「あるよー。いつか耳の型を取って、,"I do. Someday I'll get my ears cast,",,
ID00230,0000916f,45,　私専用のカスタムイヤフォンを,A custom-made headphone just for me.,,
ID00230,000091ab,27,　作ってみたいね」,I'd like to try it.,,
ID00230,0000946a,33,「そんなのあるのか？」,Is there?,,
ID00230,0000961e,33,「究極のフィット感で、,It fits great.,,
ID00230,0000964e,51,　音漏れもかなり防げるみたいだよ」,and it blocks out sound pretty well too.,,
ID00230,00009824,30,「高いんだろうなぁ」,They must be pricey.,,
ID00230,000099ed,30,「値段は、まぁ…ね」,The price's steep...,,
ID00230,00009c12,48,「コンビニのマンガコーナーって、,"The manga section at the convenience store,",,
ID00230,00009c51,39,　どんどん小さくなるよな」,"gets smaller and smaller, you know.",,
ID00230,00009e0b,51,「マンガは、紙と同時に電子書籍版が,Manga comes out in both formats.,,
ID00230,00009e4d,30,　出ることも多いし、,right?,,
ID00230,00009e7a,51,　そっちに移行してるんじゃない？」,aren't they shifting to ebooks?,,
ID00230,0000a17b,42,「立ち読みできなくなるのは、,You can't browse anymore.,,
ID00230,0000a1b4,27,　寂しいけどねー」,but whatever...right?,,
ID00230,0000a34b,57,「ＣＤって、何枚ぐらい持ってるんだ？」,How many CDs do you have?,,
ID00230,0000a517,24,「１０枚ぐらい」,"""About ten.""",,
ID00230,0000a55d,33,「思ったより少ないな」,Not as many as I thought.,,
ID00230,0000a711,51,「ずいぶん前から、ダウンロード版を,I started buying the download version,,
ID00230,0000a753,48,　買うようになっちゃったからね」,"a while ago, you see.",,
ID00230,0000aa51,54,「リッピングする手間が省けていいよ」,It saves me from having to rip them.,,
ID00230,0000aac8,42,「この間、読んだマンガで…」,"The other day, I read a manga where...",,
ID00230,0000ac85,57,「あ、それなら読んだよ。面白いよねー」,"Oh, I've read that one too. It's pretty good.",,
ID00230,0000ae97,57,「音楽のライブって行ったことあるか？」,Ever been to a live music concert?,,
ID00230,0000b063,57,「ないよー。特に好きなアーティストが、,"Nope. Especially not for any artists I really like,",,
ID00230,0000b0ab,39,　いるわけじゃないからね」,I don't have any I like.,,
ID00230,0000b3a0,51,「特撮ヒーローのライブショーなら、,"But if it's a tokusatsu hero live show,",,
ID00230,0000b3e2,36,　かぶりつきで見るけど」,I'd totally check that out.,,
ID00230,0000b5f6,18,「はははは」,Hahaha,,
ID00230,0000b649,57,「マンガ喫茶って利用したことあるか？」,Have you ever used a manga cafe?,,
ID00230,0000b86f,15,「ううん」,Nope,,
ID00230,0000ba11,45,「のぞいたことはあるんだけど、,"I've peeked inside before, but",,
ID00230,0000ba4d,45,　会員登録が必要で、生徒手帳を,You need to register as a member and,,
ID00230,0000ba89,57,　出さなきゃならないから、やめといた」,"Show your student ID, so I gave up.",,
ID00230,0000bd9d,63,「そっか。俺はそういうの気にしないけどな」,Gotcha. I don't really care about that stuff.,,
ID00230,0000bf6f,33,「個人情報は大切にね」,Keep your info safe.,,
ID00230,0000c10c,60,「テレビの音楽番組のアニソンの扱いって、,TV treats anime songs badly.,,
ID00230,0000c157,21,　冷たいよな」,Isn't it?,,
ID00230,0000c2ff,57,「それ故に、たまにフィーチャーされると,"That's why when they're featured once in a while,",,
ID00230,0000c347,39,　みんな見ちゃうんだよね」,Everyone ends up watching them.,,
ID00230,0000c612,36,「そっか…思うつぼだな」,Gotcha... That's the spot.,,
ID00230,0000c7fd,15,「だねー」,Right?,,
ID00230,0000c84d,39,「長編マンガと短編マンガ、,"Long-form manga and short-form manga,",,
ID00230,0000c883,36,　どっちが好きなんだ？」,which one do you like better?,,
ID00230,0000ca3a,39,「ん～、人気が出ちゃうと、,"Hmm, once they get popular,",,
ID00230,0000ca70,57,　連載を続けざるを得なくなるからね～」,You can't help but continue the serialization~,,
ID00230,0000cdae,39,「１つ１つのエピソードが、,"Each episode,",,
ID00230,0000cde4,54,　単行本１、２冊ぐらいで完結して…」,...finishes in one or two volumes or so,,
ID00230,0000d0e8,54,「物語全体を、大きな伏線でまとめてる,Weaves it all together.,,
ID00230,0000d12d,30,　感じのがいいかな」,"It feels good, you know?",,
ID00230,0000d2f8,48,「マニアックな意見、ありがとよ」,Thanks for the niche opinion.,,
ID00230,0000d369,36,「これからの音楽って…」,What about music in the future...,,
ID00230,0000d520,54,「そうだね～、どうなるんだろうね？」,"Yeah, I wonder what'll happen?",,
ID00231,000025ba,45,「ネットの動画って見る方か？」,Are you the one who watches videos online?,,
ID00231,0000277a,21,「見てるよー」,I do watch 'em.,,
ID00231,000027bd,36,「どんなの見てるんだ？」,What kind of stuff do you watch?,,
ID00231,00002974,39,「アマチュアからプロまで、,"From amateurs to pros,",,
ID00231,000029aa,51,　なにかを創作してるのが好きだね」,"You like watching people create stuff, huh?",,
ID00231,00002ce2,54,「にい君の動画が、ネットに上がるのを,I look forward to your videos going up online,,
ID00231,00002d27,30,　楽しみにしてるよ」,I'm looking forward to them.,,
ID00231,00002dbf,18,「お、おう」,Y-Yeah.,,
ID00231,00002e12,51,「アニメって週何本ぐらい見てる？」,How many anime do you watch a week?,,
ID00231,00002fd8,27,「今期は２本だね」,Only two this season.,,
ID00231,00003021,33,「思ったより少ないな」,Not as many as I thought.,,
ID00231,00003224,45,「不作なんだよね…この夏は…」,It's a lean year...this summer...,,
ID00231,00003302,24,「そ、そうか…」,R-Right...,,
ID00231,0000335b,63,「アニメ以外だと、どんな番組見てるんだ？」,"Besides anime, what other shows do you watch?",,
ID00231,0000352d,51,「気になる特番はチェックしてるよ」,I check out any special programs that catch my eye.,,
ID00231,000036f3,57,「ピラミッドの調査とか、深海探査とか」,Like pyramid investigations or deep-sea exploration.,,
ID00231,000039fa,39,「見たことのない映像には、,"When I see new footage,",,
ID00231,00003a30,42,　興味を持たざるを得ないね」,I can't help but get interested.,,
ID00231,00003d3b,51,「にい君は、アポロが月へ行ったのを,"You saw when Apollo went to the moon, right?",,
ID00231,00003d7d,42,　信じる派？　信じない派？」,Believer? Non-believer?,,
ID00231,000041ea,51,「行ってないってあり得ないだろ？」,"It's impossible for it not to have happened, right?",,
ID00231,0000440a,39,「論争が起こるってことは、,There's a debate because,,
ID00231,00004440,60,　月面で録った映像に、疑念を感じる人が、,Some people doubt the moon's,,
ID00231,0000448b,45,　大勢いるってことなんだよね」,There are a lot of people like that.,,
ID00231,0000475c,57,「お前はどっちだって思ってるんだよ？」,Which side do you think I'm on?,,
ID00231,00004928,57,「私は、月に人が降り立ったってロマンを,I want to believe in the romance,,
ID00231,00004970,21,　信じたいよ」,I want to believe.,,
ID00231,00004a12,36,「映画館には行く方か？」,You're going to the movies?,,
ID00231,00004a64,27,「全然行かないよ。,I never go.,,
ID00231,00004a8e,45,　デートする相手もいないしね」,No one to date either.,,
ID00231,00004e59,60,「そっか、映画館は…デートの場所だよな」,"Oh, so movie theaters are... for dates?",,
ID00231,0000506f,57,「にい君的に、行きたい映画があるなら、,"If there's a movie you wanna see, I'll go with you.",,
ID00231,000050b7,33,　つき合ってあげるよ」,I'll go with you.,,
ID00231,000053b3,36,「なにが悲しくて妹と…」,What's sad about going with...,,
ID00231,00005469,48,「１人で行くより、いいと思われ」,I think it'll be better than going alone.,,
ID00231,000056b9,30,「う…痛いとこを…」,Ow... You hit a sore spot...,,
ID00231,0000588d,45,「つき合ってあげるわけだから、,"I'm the one paying for it, so",,
ID00231,000058c9,48,　チケット代は、にい君持ちでね」,you'll have to cover your own ticket okay?,,
ID00231,00005a99,27,「絶対、行かねー」,I ain't goin',,
ID00231,00005af5,57,「最近は、どんなゲームやってんだよ？」,What kind of games are you playing these days?,,
ID00231,00005cc1,45,「スマホの無料ゲームが多いよ」,A lot of free mobile games.,,
ID00231,00005e81,63,「気軽に立ち上げられて、ちょっと遊べて…。,They're easy to start up and play a bit...,,
ID00231,00005ecf,63,　あの利便性は、家庭用ゲーム機の驚異だね」,That convenience is amazing.,,
ID00231,000061e9,30,「課金してんのか？」,You're paying for it?,,
ID00231,000063bd,39,「ううん。一度課金すると、,"Nope, once you start paying,",,
ID00231,000063f3,63,　歯止めが利かなくなりそうだからしてない」,"it's hard to stop, so I'm not doing that.",,
ID00231,00006700,27,「お小遣いが全部、,All my allowance would go,,
ID00231,0000672a,54,　プリペイドカードに変わっちゃうよ」,into prepaid cards...,,
ID00231,00006900,18,「はははは」,Hahaha,,
ID00231,00006953,51,「動画って、始めたばっかだけど…」,I just started making videos...,,
ID00231,00006b25,48,「うんうん、録りたいのを録るのが,"Yeah yeah, recording what you want is",,
ID00231,00006b64,18,　一番だよ」,the best.,,
ID00231,00006fc9,57,「プリントシール、きれいに撮れたねー」,Nice shot for a print photo.,,
ID00231,000070b3,30,「誰かに見せたか？」,Did you show it to anyone?,,
ID00231,00007264,48,「まだ。ユイ姉やまひろちゃんが、,"Not yet, still waiting for",,
ID00231,000072a3,60,　自然に気づいて、悔しがるのを待ってる」,"naturally notice, then feel bad about it.",,
ID00231,00007752,18,「ウプププ」,*giggle*,,
ID00231,000077ab,39,「俺とのプリントシールに、,My print photos aren't much.,,
ID00231,000077e1,36,　そんな価値ねーっての」,you're such a liar.,,
ID00231,00007846,30,「お前、ゲーセンで、,"You were at the arcade,",,
ID00231,00007873,54,　バンダナちゃんって呼ばれてんのな」,"They call you Bandana-chan, huh?",,
ID00231,00007927,45,「あははー、時々行ってるけど、,"Haha, I go there sometimes too, but",,
ID00231,00007963,48,　まだバンダナを外させる猛者とは,haven't met any tough ones.,,
ID00231,000079a2,27,　出会ってないよ」,I haven't either.,,
ID00231,00007c82,60,「真奈は、にい君がいつか動画にはまるって,Mina said you'd get hooked on videos someday.,,
ID00231,00007ccd,24,　わかってたよ」,knew it.,,
ID00231,00007e85,18,「なんで？」,Why not?,,
ID00231,0000802a,63,「初等部のころ、パパのデジカムを持ち出して,"When you were young,",,
ID00231,00008078,39,　録ったことあるでしょ？」,Didn't you?,,
ID00231,0000823f,48,「ん？　あったか？　そんなこと」,Huh? You remember that?,,
ID00231,00008402,36,「あれれ、覚えてない？」,"Oh, you don't remember?",,
ID00231,000085b9,48,「私には…大切な思い出だけどね」,It's a precious memory to me...,,
ID00231,000088ca,54,「うちの学校で、一番画になる場所って,The place with the best view in our school is,,
ID00231,0000890f,15,　どこ？」,Where's that?,,
ID00231,00008ac1,57,「それは……やっぱり、海とプールだな」,That'd be...the beach and pool.,,
ID00231,00008ce7,48,「…水着の女子がお好きなようで」,...you seem to like girls in swimsuits.,,
ID00231,00008d45,45,「そ、そうじゃなくて、どっちも,"N-No, I meant both of them.",,
ID00231,00008d81,45,　うちの学校らしい場所だろ！」,This is a typical spot at our school!,,
ID00231,00008def,39,「夏といえば、怪談だよな」,Let's hear some ghost stories.,,
ID00231,00008fd6,63,「だねー。ネットの動画がいっぱい増えるし、,"Yeah, there'll be a bunch of new videos online.",,
ID00231,00009024,36,　テレビも特番やるよね」,TV has specials too.,,
ID00231,000094ef,60,「けど、妙に画質が低いのはＣＧのねつ造を,The low quality's fake CG.,,
ID00231,0000953a,39,　ごまかしてるんだろうし、,...it's just faked anyway.,,
ID00231,00009570,63,　画質がきれいで鮮明なのはウソっぽいし…」,It looks too clear to be true...,,
ID00231,00009932,60,「デジタルは、心霊動画にとって受難だね」,Digital stuff's really tough for ghost videos.,,
ID00231,000099f3,42,「グルメ番組って見てるか？」,You watch cooking shows?,,
ID00231,00009bb0,27,「テーマによるね」,Depends on the theme.,,
ID00231,00009d27,42,「ハンバーガーとかピザなら、,"Like burgers or pizza,",,
ID00231,00009d60,27,　つい見ちゃうよ」,I can't help but watch.,,
ID00231,0000a056,42,「高級ステーキとか寿司は？」,What about fancy steaks or sushi?,,
ID00231,0000a213,48,「もっとカジュアルなのがいいよ。,Something more casual would be better.,,
ID00231,0000a252,51,　パパとママに連れてってもらうには,To get taken by Dad and Mom,,
ID00231,0000a294,36,　ハードルが高いからね」,it's a tall order.,,
ID00231,0000a5a6,45,「テレビドラマって見てるか？」,You watch TV dramas?,,
ID00231,0000a686,42,「んー、興味をそそられるのが,"Hmm, nothing really grabs me",,
ID00231,0000a6bf,27,　ないんだよねー」,I don't know.,,
ID00231,0000aa02,45,「アニメを２本見た方がいいよ」,It's better to watch two anime.,,
ID00231,0000aa70,54,「テレビって、毎年、同じような映画を,TV shows same movies yearly.,,
ID00231,0000aab5,27,　放送してるよな」,They air them every year.,,
ID00231,0000aafe,54,「みんな、つい見ちゃうからじゃない？,"Everyone ends up watching them, right?",,
ID00231,0000ab43,42,　視聴率がある程度取れるから,They get a decent viewership.,,
ID00231,0000ab7c,33,　放送するんだろうし」,They'll probably air it.,,
ID00231,0000aea2,57,「ＳＮＳで実況したり、見る側が工夫して,People comment on SNS.,,
ID00231,0000aeea,27,　楽しんでるよね」,You're having fun watching?,,
ID00231,0000b1e6,57,「この間、ネットの動画ですごいのが…」,The other day I saw a really cool video online...,,
ID00231,0000b3b2,57,「むむ…それは、まさにプロの犯行だね」,Hmm... That's definitely the work of a pro.,,
ID00231,0000b567,51,「お前の“踊ってみた”のおかげで、,"Thanks to your 'dance challenge' video,",,
ID00231,0000b5a9,63,　なんとか動画が形になったよ。ありがとな」,I was able to put together this one. Thanks!,,
ID00231,0000b6f7,45,「いやいや、どういたしまして」,"Oh no, it was nothing.",,
ID00231,0000b93d,57,「この夏、にい君が私にしてくれたことに,"This summer, what you did for me,",,
ID00231,0000b985,48,　比べれば、お安いお返しだよー」,it's nothing compared to that.,,
ID00231,0000bccd,45,「８ｍｍで録った動画はどう？」,How about the 8mm video?,,
ID00231,0000bd28,36,「レトロな良さがあるよ。,It has a nice retro feel.,,
ID00231,0000bd5b,60,　今なのに、過去の映像を見てるみたいな」,Feels like I'm seeing old footage.,,
ID00231,0000bf2a,63,「今なのに過去…か。いいね、そういう感覚」,Past-like even though it's now.,,
ID00231,0000c281,45,「にい君って、私を録ってる時、,What were you thinking when you recorded me?,,
ID00231,0000c2bd,30,　なに考えてるの？」,What were you thinking?,,
ID00231,0000c47b,45,「な、なにって…この夏のお前を,What... this summer...,,
ID00231,0000c4b7,27,　記録しようと…」,to keep a record of you...,,
ID00231,0000c500,45,「かわいいなーとか、ないの？」,You didn't think 'she's cute' or anything?,,
ID00231,0000c7f0,63,「む……あくまで妹としてなら、そう思うぞ」,"Hm... as sisters, yeah.",,
ID00231,0000c85d,42,「ほうほう、素直でよろしい」,Oh? You're being honest. That's good.,,
ID00231,0000cc4d,54,「にい君って、写真には興味ないの？」,"Don't you have any interest in photography, Bro-kun?",,
ID00231,0000ccb1,51,「静止画は、動画とは違った難しさが,"Still photos are different from videos,",,
ID00231,0000ccf3,36,　ありそうなんだよな…」,They do...,,
ID00231,0000cd45,51,「写真は、動画に自信が持てるように,Build confidence first.,,
ID00231,0000cd87,27,　なってからだな」,Think ahead.,,
ID00231,0000cf35,63,「ふーん、ちゃんと先のことを考えてるんだ。,"Hmm, so you actually plan things out.",,
ID00231,0000cf83,18,　やるねー」,Nice one!,,
ID00231,0000d148,45,「テレビ番組って、なんで同時に,Why not both?,,
ID00231,0000d184,51,　ネットで放送しないんだろうな？」,I wonder.,,
ID00231,0000d34a,54,「地方局の経営が厳しくなるからって、,It'd hurt local stations.,,
ID00231,0000d38f,30,　ネットに出てたよ」,It was on the internet.,,
ID00231,0000d516,33,「ああ…なるほどな…」,Oh... I see...,,
ID00231,0000d6ca,63,「ネット配信の流れは止められないだろうし、,"We can't stop the livestream now that it's started,",,
ID00231,0000d718,18,　大変だね」,this is bad.,,
ID00231,0000da42,60,「にい君みたいにいっぱい動画録ってたら、,"If you recorded as many videos as you did,",,
ID00231,0000da8d,48,　ハードディスクがいくらあっても,"No matter how much hard drive space you have,",,
ID00231,0000dacc,36,　足りないんじゃない？」,you're lacking imagination?,,
ID00231,0000ddcb,36,「ああ、整理が大変だよ」,A pain to sort.,,
ID00231,0000df82,54,「家に帰ったら、私のサーバーの一部を,I'll share some space.,,
ID00231,0000dfc7,63,　にい君用に割り当てるよ。自由に使えば？」,You can use it however you want?,,
ID00231,0000e41c,39,「マジか！　ありがとな！」,Holy shit! Thanks a lot!,,
ID00231,0000e5d6,60,「自動でバックアップもしといてあげるね」,I'll set it up to do automatic backups for you,,
ID00231,0000e7bb,36,「俺にとって動画って…」,"To me, videos are...",,
ID00231,0000e972,33,「いいね、夢があって」,"That's great, you've got dreams",,
ID00232,0000433a,51,「雲を見ながら、世界の真理について,While looking at the clouds.,,
ID00232,0000437c,45,　考えるなんて、お前らしいよ」,Thinking about that stuff is so you.,,
ID00232,00004569,15,「そう？」,Really?,,
ID00232,00004765,54,「雲が白いのにも、浮かんでいるのにも,It's because they're white and floating.,,
ID00232,000047aa,33,　理由があるのは当然」,It's obvious there's a reason.,,
ID00232,00004a99,48,「１つ１つの理由を解き明かして、,"By figuring out each and every reason,",,
ID00232,00004ad8,57,　世界の真理に、少しでも近づけたらって,I thought we could get closer to it.,,
ID00232,00004b20,15,　思うよ」,right?,,
ID00232,00004d0f,48,「お前って、内魔と仲いいんだな」,"You two are pretty close, huh?",,
ID00232,00004ed2,30,「話が合うからねー」,We just get along well.,,
ID00232,000050d3,51,「ゆーたんのスピリチュアルな話は、,Yutan's spiritual stuff is,,
ID00232,00005115,36,　真に迫ってて楽しいよ」,really engaging and fun.,,
ID00232,0000541a,39,「たまさんとは、よく一緒に,I hang out with Tamasan a lot.,,
ID00232,00005450,30,　買い物へ行くの？」,You go shopping together?,,
ID00232,000055d7,48,「あ？　この間はたまたまだって」,Huh? Last time it was just by chance.,,
ID00232,000057e9,21,「どーだか…」,I dunno...,,
ID00232,000059a1,63,「ったく、阿武壬さんから誘われもしないし、,"Man, I didn't get invited by Atsumi-san either.",,
ID00232,000059ef,36,　誘うこともないっての」,and I wouldn't invite her anyway.,,
ID00232,00005a54,57,「お前って、オタク方面に多趣味だよな」,You're such a nerd with lots of hobbies.,,
ID00232,00005c63,63,「うん。興味があることが尽きないからねー」,"Yeah, there's just so much that interests me.",,
ID00232,00005f0a,48,「お前とまひろって、性格も趣味も,You and Mahiro have different personalities.,,
ID00232,00005f49,45,　まるで違うのに、仲いいよな」,"but you guys are really close, huh?",,
ID00232,00006109,42,「姉妹みたいに育ったからね」,We grew up like sisters.,,
ID00232,000062c6,60,「まひろちゃんは、かわいくて、いい子で、,"Mahiro-chan is cute and a good kid,",,
ID00232,00006311,42,　にい君にはもったいないね」,You're wasting her.,,
ID00232,00006623,42,「なんで俺の話になるんだっ」,Why's it about me all of a sudden?,,
ID00232,0000668e,45,「休みの日ってなにしてんだ？」,What do you usually do on weekends?,,
ID00232,0000684e,39,「家に帰って、パパとママに,"When I get home, to my dad and mom",,
ID00232,00006884,30,　会ったりしてるよ」,I see my parents too.,,
ID00232,00006a6f,33,「へ～っ、そうなのか」,"Wow, I didn't know that.",,
ID00232,00006c7d,36,「にい君も顔出したら？」,Why don't you show your face?,,
ID00232,00006ccf,54,「まぁ…夏が終われば会えるからな…」,Well... we'll be able to meet after summer's over...,,
ID00232,00006d46,57,「お前の苦手なものって、なんだっけ？」,What was it you were bad at again?,,
ID00232,00006f61,15,「運動…」,Sports...,,
ID00232,00007113,33,「そっか、そうだよな」,"Oh yeah, that's right.",,
ID00232,00007321,39,「頭の体操は得意だけどね」,But I'm good at mental exercises.,,
ID00232,00007389,51,「部屋の掃除ってまめにしてるか？」,Do you clean your room often?,,
ID00232,0000754f,57,「してるよ。ほこりはＰＣの大敵だから」,"Yeah, dust is my PC's worst enemy.",,
ID00232,0000781f,51,「粘着テープクリーナーは必須だね」,You definitely need a sticky tape cleaner.,,
ID00232,000079ce,30,「お前とユイ姉って、,You and Yui-nee are both...,,
ID00232,000079fb,39,　姉妹だけど似てないよな」,Sisters but don't look alike.,,
ID00232,00007bb5,60,「あははー、見た目も性格も全然違うよね」,"Haha, so different.",,
ID00232,00007ebf,45,「私からすると、ユイ姉は太陽。,"To me, Yui-nee is like the sun.",,
ID00232,00007efb,39,　世界の中心にいる人だよ」,She's the center of the world.,,
ID00232,000080c2,60,「太陽…か。じゃあ、お前はなんなんだ？」,"The sun... huh? So, what about you?",,
ID00232,00008291,51,「私は、にい君という地球を回る月」,I'm a moon that orbits around Bro-kun.,,
ID00232,00008568,42,「あ？　俺は、お前と一緒に、,Huh? You mean I orbit Ui-nee with you?,,
ID00232,000085a1,57,　ユイ姉の周りを回ってるってことか？」,So you're saying we both orbit Yui-nee?,,
ID00232,0000876d,33,「そんな感じでしょ？」,"That's the vibe, right?",,
ID00232,000087bc,36,「…う～ん…そうかもな」,Hmm... maybe.,,
ID00232,00008821,54,「いつも何時ぐらいに寝てるんだよ？」,What time do you usually go to bed?,,
ID00232,000089ea,54,「１時ぐらいには寝るようにしてるよ。,I try to be in bed by one.,,
ID00232,00008a2f,15,　けど…」,But...,,
ID00232,00008bde,15,「けど？」,But?,,
ID00232,00008d80,51,「プログラムしてて、気づくと３時…,It's three...,,
ID00232,00008dc2,33,　なんてことも多いね」,It happens a lot.,,
ID00232,00008ee6,45,「もっと早く寝ないと体壊すぞ」,Sleep earlier or your body'll break down,,
ID00232,0000906f,57,「大丈夫。机で寝落ちして、気づくと朝、,I fall asleep at my desk and wake up in the morning.,,
ID00232,000090b7,39,　なーんてこともあるから」,"Stuff like that happens, you know?",,
ID00232,000092a6,42,「余計、体に悪いじゃねーか」,You'll make it worse for yourself.,,
ID00232,0000934e,18,「あははー」,Heheh~,,
ID00232,000093c7,48,「太股にバンダナ巻いてるなんて、,"And tying a bandana around your thighs,",,
ID00232,00009406,27,　お前ぐらいだよ」,You're it.,,
ID00232,000095e9,27,「このバンダナは、,This bandana is,,
ID00232,00009613,45,　我が力を封じるリミッターッ」,"to seal my power, a limiter!!",,
ID00232,000097df,36,「決して、ファッションで,Not for fashion,,
ID00232,00009812,36,　巻いてるのではないッ」,I'm wearing it!!,,
ID00232,000099e3,39,「はいはい、知ってるって」,"Yeah, yeah, I know.",,
ID00232,00009a4b,57,「イヌとネコならどっちが好きなんだ？」,"Dogs or cats, which do you like better?",,
ID00232,00009c17,45,「んー、飼うならネコがいいね」,"Hmm, cats are better.",,
ID00232,00009f12,57,「キータイプとかゲームの邪魔されたい」,I want something that'll distract me from games.,,
ID00232,00009f8c,36,「好きな花ってあるか？」,What's your favorite flower?,,
ID00232,0000a143,24,「タンポポだね」,"Dandelions, huh",,
ID00232,0000a36a,48,「綿毛で種を遠くへ飛ばすなんて、,How they spread so far!,,
ID00232,0000a3a9,42,　合理的ですごいなーと思う」,I think it's really cool and logical.,,
ID00232,0000a7f8,33,「お前って、月の小遣い,You've got a lot.,,
ID00232,0000a828,39,　いくらもらってるんだ？」,How much do you get?,,
ID00232,0000a9e2,51,「にい君が中２の時にもらってた額と,Same as before.,,
ID00232,0000aa24,18,　一緒だよ」,I'll talk to him.,,
ID00232,0000aa64,15,「そっか」,Oh yeah,,
ID00232,0000ac06,45,「にい君が値上げに成功すると、,"If Bro-kun manages to get a raise,",,
ID00232,0000ac42,57,　将来の私も自動的に上がるんだけどね」,mine will automatically go up too.,,
ID00232,0000ade4,54,「よし！　ミツミキャンプが終わったら,"Alright! As soon as Mitsumi Camp ends,",,
ID00232,0000ae29,24,　交渉してやる」,If that's true...,,
ID00232,0000afe0,63,「ほうほう…なら、この夏、いい成績取って、,Get good grades this summer.,,
ID00232,0000b02e,39,　交渉材料にしなきゃだね」,have something to bargain with.,,
ID00232,0000b3a1,12,「う…」,...,,
ID00232,0000b3ee,51,「この街で好きな場所ってどこだ？」,What's your favorite place in this town?,,
ID00232,0000b5b4,42,「アニメショップとゲーセンと,Anime shops and game centers and,,
ID00232,0000b5ed,30,　ブックカフェだね」,"book cafes, right?",,
ID00232,0000b774,33,「正しいオタクだなぁ」,You're a proper otaku.,,
ID00232,0000b7c3,27,「紛うことなきね」,That's for sure.,,
ID00232,0000b8f2,24,「俺って最近…」,I've been lately...,,
ID00232,0000ba9d,48,「そっか、私的にもいいと思うよ」,"Oh, I think it's good for me personally too.",,
ID00232,0000bc80,63,「はぁ…ハッキング騒ぎは大変だったなぁ…」,Phew... That hacking incident was a real hassle...,,
ID00232,0000bd3d,54,「あははー、お騒がせしちゃったねー」,"Haha, sorry about that!",,
ID00232,0000bf2c,39,「真相はまだ闇の中だけど、,"The truth is still unknown, but...",,
ID00232,0000bf62,45,　攻撃されたのは事実だから…」,it's a fact we got attacked...,,
ID00232,0000c0f8,54,「いつか、謎を解き明かしてみせるよ」,I'll solve the mystery someday.,,
ID00232,0000c495,12,「む…」,Ugh...,,
ID00232,0000c4cf,36,「どうした、急に黙って」,What's up? You suddenly quiet.,,
ID00232,0000c6cd,57,「あ、ごめん、思念体のことを考えてた」,"Ah, sorry, I was thinking about the thought body.",,
ID00232,0000c734,42,「ったく、家庭科室にこもって,"Man, always in home ec.",,
ID00232,0000c76d,48,　パソコンばっかいじってるから、,"Playing with your computer all day long, so",,
ID00232,0000c7ac,45,　そんな妄想に囚われるんだ！」,You get sucked into these fantasies!,,
ID00232,0000c96c,63,「妄想かどうかは、これからの解析次第だよ」,Future analysis will tell.,,
ID00232,0000ccc8,51,「どんな可能性も…拒絶はしない…」,I won't reject any possibilities...,,
ID00232,0000cfbf,48,「念のため、車には気をつけてよ」,"Just be careful when you're driving, okay?",,
ID00232,0000d01d,54,「わかってるって。気にしすぎだぞ？」,I know. You worry too much.,,
ID00232,0000d1e6,45,「用心に越したことはないから」,Better safe than sorry.,,
ID00232,0000d241,18,「はいはい」,Sure sure.,,
ID00232,0000d294,36,「いつまで俺の居場所を、,How long till you stop?,,
ID00232,0000d2c7,60,　アプリで発信しなきゃならないんだよ？」,You gotta send a message through the app.,,
ID00232,0000d331,54,「んー、書き込みが警告だったとして、,"Hmm, if that post was just a warning,",,
ID00232,0000d376,36,　あんまり間が空いてると,"If you take too long,",,
ID00232,0000d3a9,36,　意味を成さないから…」,it doesn't make sense...,,
ID00232,0000d79b,42,「この夏が終わるまで…かな」,Until the end of this summer... maybe?,,
ID00232,0000dac0,63,「やれやれ、意味なく俺の居場所を探るなよ」,"Man, don't go looking for my location for no reason.",,
ID00232,0000dc92,42,「大丈夫。レンタルビデオ店の,No worries if I'm there.,,
ID00232,0000dccb,39,　エッチコーナーにいても、,you'll just walk right past me.,,
ID00232,0000dd01,27,　スルーするから」,I won't even notice.,,
ID00232,0000df0c,51,「行くかっ！　借りられねーだろ！」,All right! You can't rent them anyway!,,
ID00232,0000e0d2,42,「パッケージの写真だけでも、,Cover photos are fun.,,
ID00232,0000e10b,27,　楽しめるよね？」,It's still enjoyable.,,
ID00232,0000e20e,51,「…どんだけ持て余してんだよ、俺」,...How much do I have to put up with here...,,
ID00232,0000e282,63,「お前がファッションに興味を持つとはなぁ」,You actually care about fashion now?,,
ID00232,0000e454,63,「ファッション？　…まぁ、気に入らない服は,"Fashion? ...Well, not much.",,
ID00232,0000e4a2,30,　着たくないからね」,I don't wanna wear it.,,
ID00232,0000e673,60,「まひろと一緒に、保健室へ駆け込んできた,Ran into Mahiro rushing to the infirmary,,
ID00232,0000e6be,36,　時は、ビックリしたぞ」,"Man, that surprised me",,
ID00232,0000e760,45,「あははー、お騒がせしました」,"Haha, sorry for the trouble.",,
ID00232,0000e7e1,45,「プライバシーの侵害だっての」,It was an invasion of privacy...,,
ID00232,0000e9a1,30,「あれは事故、事故。,It was an accident.,,
ID00232,0000e9ce,48,　いつもはちゃんと配慮してるよ」,I'm usually careful about these things.,,
ID00232,0000eaf2,21,「本当だな？」,Really?,,
ID00232,0000ec63,30,「ホ、ホントだよ…」,R-Really...!,,
ID00232,0000ee70,33,「なぜ目を逸らす！？」,Why are you looking away!?,,
ID00232,0000eebf,42,「まぁまぁ、妹を信用してよ」,"Calm down, trust your sister.",,
ID00232,0000f018,18,「ったく…」,...Man...,,
ID00232,0000f06b,63,「はぁ…自分で洗濯するのって、面倒だよな」,Phew... It's a hassle.,,
ID00232,0000f23d,60,「いつも洗ってくれてる、ママに感謝だね」,You should thank Mom.,,
ID00232,0000f2a7,42,「お前は面倒じゃないのか？」,Don't you find it troublesome too?,,
ID00232,0000f464,54,「私はいつも、お手伝いで、干したり、,I hang and dry it.,,
ID00232,0000f4a9,45,　畳んだりしてるから、大丈夫」,"I fold it too, so I'm fine.",,
ID00232,0000f7db,36,「真奈はいい子だからね」,Mina's a good girl.,,
ID00232,0000f968,60,「くっ、そんなとこで点数稼ぎやがって…」,"Kuh, scoring points in such places...",,
ID00232,0000fa51,24,「ふあ～～～っ」,Phew~,,
ID00232,0000fae4,24,「眠そうだなぁ」,You look sleepy.,,
ID00232,0000fcab,51,「考えごとばかりで、眠りが浅くて」,I can't sleep well because of all the worrying.,,
ID00232,0000fd86,54,「遅くまでプログラムやってるからだ。,I program late.,,
ID00232,0000fdcb,24,　さっさと寝ろ」,Go to bed already.,,
ID00232,0000fe7d,24,「ふあぁ～～い」,Fuuuuh...,,
ID00232,0000fed6,51,「芸能界に憧れたことはないのか？」,Never been into the entertainment industry?,,
ID00232,0000ff87,42,「あははー、私には無理だよ。,"Hahaha, it's not for me.",,
ID00232,0000ffc0,33,　きれいじゃないしね」,I'm not pretty enough anyway.,,
ID00232,000101a7,36,「いや、そんな悪くは…」,"No, I'm not that bad...",,
ID00232,0001035e,30,「にい君と一緒だよ」,I'm with you on this.,,
ID00232,000104e5,12,「ん？」,Hm?,,
ID00232,00010684,39,「ユイ姉の大変さを見たら、,"Seeing how hard Yui-nee works,",,
ID00232,000106ba,39,　そんな気、起きないって」,It's impossible.,,
ID00232,00010805,24,「…言えてるな」,You really mean it.,,
ID00232,0001085e,60,「自分を動物に例えると、なんだと思う？」,What animal do you think I'd be like?,,
ID00232,00010aa9,30,「出不精なモグラ…」,A mole that never comes out...,,
ID00232,00010c6a,39,「巣にこもってばかりか…」,Stays in its burrow all the time...,,
ID00232,00010d9e,27,「そういうことー」,That's right.,,
ID00232,00010e54,33,「ユイ姉と比べられて、,"Compared to Yui-nee, huh?",,
ID00232,00010e84,39,　困ったことはないのか？」,Don't you have any problems with that?,,
ID00232,0001103e,57,「ないよー。まるでタイプが違うからね」,Nope. We're totally different types.,,
ID00232,00011345,36,「もっと見た目が似てて、,"If we looked more alike,",,
ID00232,00011378,54,　モデルになりたいなんて思ってたら、,"and I wanted to be a model too,",,
ID00232,000113bd,45,　比べられて大変だろうけど…」,...it'd be tough.,,
ID00232,0001182a,27,「私は私だからね」,But I'm me.,,
ID00232,00011873,60,「…お前がマイペースなヤツでよかったよ」,I'm glad you're the laid-back type.,,
ID00232,000118f0,51,「ついやっちゃうクセってあるか？」,Do you have a habit of doing that?,,
ID00232,00011ab6,54,「暇があると、つい物思いしちゃうよ。,"When I have free time, I tend to daydream.",,
ID00232,00011afb,33,　空想は自由だからね」,"Imagination's free, after all.",,
ID00232,00011ccf,54,「１日の予定とか、スマホに入力したり,I put my daily schedule in my phone or something?,,
ID00232,00011d14,24,　してるのか？」,Do you?,,
ID00232,00011f3b,45,「んー、欲しいマンガの発売日を,Release date?,,
ID00232,00011f77,36,　入れたりしてたけど…」,I used to put that in too...,,
ID00232,0001234e,42,「大切なことは忘れないから、,"I won't forget what's important, so",,
ID00232,00012387,33,　結局意味がなくて…」,it doesn't really matter...,,
ID00232,00012561,48,「今じゃ、なーんにも入れてない」,I don't put anything in it now.,,
ID00232,000127b8,63,「にい君って、スマホのＳＮＳやんないの？」,"Don't you use social media on your phone, Bro-kun?",,
ID00232,00012869,63,「何度もユイ姉に誘われてるけど、断ってる。,I keep turning down Yui-nee's invitations.,,
ID00232,000128b7,63,　あれやって、これやってって言われるのは、,"She keeps telling me to do this and that, but",,
ID00232,00012905,27,　メールで十分だ」,Email's enough for me.,,
ID00232,0001299e,36,「あははー、苦労するね」,"Ahaha, you must have a hard time.",,
ID00232,00012a4d,36,「お前はどうなんだよ？」,What about you?,,
ID00232,00012c04,33,「私はユイ姉と楽しく、,"I chat with Yui-nee happily,",,
ID00232,00012c34,42,　絵文字でチャットしてるよ」,using emojis.,,
ID00232,00012eab,27,「うらやましい？」,Jealous?,,
ID00232,00012ef4,15,「ねーよ」,Nope.,,
ID00232,00012f44,48,「日記って、つけたことあるか？」,You ever kept a diary?,,
ID00232,00013081,18,「ないよー」,Nope~,,
ID00232,00013267,63,「自分のログは、ＳＮＳを見ればわかるしね。,"I can see my own log on SNS, right.",,
ID00232,000132b5,27,　それで十分だよ」,That's enough for me.,,
ID00232,000135d7,54,「服って、何着ぐらい持ってるんだ？」,How many clothes do you have?,,
ID00232,000137a0,27,「そんなにないよ。,Not really.,,
ID00232,000137ca,45,　気に入った服しか買わないし」,Only buy clothes I like.,,
ID00232,00013ac5,54,「ユイ姉と趣味が一緒なら、お下がりで,Hand-me-downs.,,
ID00232,00013b0a,48,　一気に衣装持ちなんだけどねー」,and be fully stocked with outfits.,,
ID00232,00013ca3,24,「ははは、だな」,"Haha, yeah.",,
ID00232,00013cfc,63,「お前って、意外と部屋を散らかさないよな」,You don't mess up your room as much as I thought.,,
ID00232,00013ece,54,「物を出したら、ちゃんとしまうように,Put it back.,,
ID00232,00013f13,24,　してるからね」,so that's why.,,
ID00232,000141f9,54,「図書室と一緒だよ。索引がずれたら、,"If the index gets messed up,",,
ID00232,0001423e,45,　見つけられなくなるでしょ？」,"you can't find anything anymore, right?",,
ID00232,000142dd,24,「耳が痛いよ…」,That hurts my ears...,,
ID00232,00014336,60,「いつか、住んでみたい場所ってあるか？」,Is there a place you'd like to live in someday?,,
ID00232,00014505,12,「宇宙」,space,,
ID00232,0001453f,15,「あぁ？」,Huh?,,
ID00232,000146e1,48,「人が気軽に宇宙へ行ける時代が、,Will there ever be a time when,,
ID00232,00014720,33,　早く来るといいねー」,that'd be awesome.,,
ID00232,0001480e,51,「俺らが生きてる間じゃ無理だろ？」,"We won't live long enough for that, right?",,
ID00232,000149d4,39,「クッ、出でよＵＦＯ～！」,"Ku, come out UFO~!",,
ID00232,00014b07,15,「ははは」,Heh heh heh,,
ID00232,00014b57,30,「お前って、実は…」,You're actually...,,
ID00232,00014bf3,63,「あははー、にい君には隠しごとできないね」,"Ahaha, you can't hide anything from big bro",,
ID00232,00014cd0,54,「ハッキング騒ぎがあったと思ったら、,I thought there'd be a hacking scandal...,,
ID00232,00014d15,57,　ヘッドマウントディスプレイで大騒ぎ。,Headset display caused a ruckus.,,
ID00232,00014d5d,54,　大人しくしないとパソコン禁止だ！」,Behave or you'll be banned from using the PC!,,
ID00232,00014f26,57,「うっ…それはまずい。気をつけるよ…」,Oh... That's bad. I'll be careful...,,
ID00232,000150ff,18,「ったく…」,...Man...,,
ID00232,0001526d,33,「心配かけてゴメンね」,I'm sorry for worrying you.,,
ID00232,0001531f,39,「遊園地、楽しかったねー」,The amusement park was so much fun.,,
ID00232,0001538d,60,「ああ、ヒーローショーも、ホラーハウスも,"Yeah, and the hero show, and the haunted house too",,
ID00232,000153d8,27,　盛り上がったな」,It was awesome.,,
ID00232,00015586,63,「いくつになってもいいもんだね、遊園地は」,"No matter how old you get,",,
ID00232,00015606,48,「１つだけ願いがかなうとしたら、,"If there was one wish that could come true,",,
ID00232,00015645,24,　なにを願う？」,what would you wish for?,,
ID00232,000157f0,54,「まひろちゃんを含めて、兄妹４人が、,"For the four of us siblings, including Mahiro-chan,",,
ID00232,00015835,45,　幸せに暮らしますようにって」,to live happily ever after.,,
ID00232,000158ed,51,「いい願いだけど、意外と普通だな」,"That's a nice wish, but it's surprisingly ordinary.",,
ID00232,00015ab3,45,「『魔法を司る者』の使命とは、,'The mission of those who wield magic' and,,
ID00232,00015aef,36,　分けて考えてるからね」,I think about them separately.,,
ID00232,00015c8f,45,「ずっと光海学園の制服だけど、,"I've always worn Mitsumi Academy's uniform,",,
ID00232,00015ccb,39,　他の制服を着てみたいって,I've always wanted to try,,
ID00232,00015d01,39,　思ったことはないのか？」,You've never even considered it?,,
ID00232,00015ebb,63,「まひろちゃんの制服はかわいいって思うよ。,I think Mahiro-chan's uniform is cute.,,
ID00232,00015f09,21,　シンプルで」,It's simple and all.,,
ID00232,000161ec,36,「けど、まひろちゃんは、,"But, Mahiro-chan says",,
ID00232,0001621f,60,　うちの制服がかわいいって言うんだよね」,that our uniform is the cutest.,,
ID00232,000163c4,39,「他山の石はなんとかだな」,That's what they say.,,
ID00232,00016469,27,「あはは、だねー」,"Aha, yeah.",,
ID00232,00016522,57,「外国で行ってみたい場所ってあるか？」,You ever wanna go anywhere abroad?,,
ID00232,000166ee,51,「あ、イースター島に行ってみたい」,"Oh, Easter Island.",,
ID00232,000168c1,39,「モアイ像が見たいのか？」,You want to see the Moai statues?,,
ID00232,00016a87,24,「そう。それに、,Yeah. And apparently,,
ID00232,00016aae,45,　星空がすごくきれいなんだよ」,the night sky is super pretty there.,,
ID00232,00016da7,42,「銀河を見つめるモアイ像は、,"The Moai gazing at the galaxy,",,
ID00232,00016de0,39,　一生記憶に残ると思うな」,I think.,,
ID00232,000170d2,42,「遠い星を想ってるのかもね」,Maybe they're thinking of distant stars.,,
ID00232,0001713d,45,「超能力って、あると思うか？」,Do you believe in psychics?,,
ID00232,00017340,27,「もちろんあるよ」,Of course I do.,,
ID00232,000174ee,45,「にい君だって、私が危ない時、,"Even you, @str_000, when I'm in danger,",,
ID00232,0001752a,42,　虫の知らせがあるでしょ？」,don't you get a feeling something's up?,,
ID00232,00017822,57,「人には、現代科学では解明されていない,I believe that humans have mysterious powers,,
ID00232,0001786a,51,　不思議な力が、絶対あると思うな」,that modern science can't explain.,,
ID00232,00017a19,45,「真奈の将来の夢ってなんだ？」,"What's your dream for the future, Mana?",,
ID00232,00017c55,63,「宇宙を見つめながら、真理を探究したいね」,You wanna gaze at the universe and search for truth.,,
ID00232,00017ddd,42,「今と変わんねーじゃねーか」,"You haven't changed at all, huh?",,
ID00232,00017fa6,36,「そう。このままずっと、,Forever.,,
ID00232,00017fd9,36,　追い求めたいってこと」,I wanna keep chasing it.,,
ID00232,00018179,45,「お前って、いつも素顔だよな」,You always show your true self.,,
ID00232,00018339,54,「失礼な。たまにはリップ塗ってるよ」,Rude. I do wear lipstick sometimes.,,
ID00232,000184d8,45,「それは、唇が荒れた時だろ？」,"That's only when my lips are chapped, right?",,
ID00232,0001854c,30,「あははー、まぁね」,"Hahaha, yeah",,
ID00232,0001875a,60,「いつか、グラビアの中のユイ姉みたいに、,I wanna be like her.,,
ID00232,000187a5,57,　バッチリメイクする日が来るのかなー」,Will I ever get to do a full makeup like that?,,
ID00232,00018a95,48,「大切にしてるものってあるか？」,Do you have anything precious to you?,,
ID00232,00018c58,27,「最初のバンダナ」,My first bandana.,,
ID00232,00018ca1,63,「ああ、初等部のころ、初めて結んだヤツか」,"Ah, that first time...",,
ID00232,00018e73,51,「私に…勇気をくれたアイテムだよ」,It's an item that gave me courage.,,
ID00232,0001904c,51,「来年は、一緒に夏祭りへ行こうよ」,Let's go to the summer festival together next year.,,
ID00232,000190ad,48,「そうだな。今年は、いつの間にか,Yeah. This year we ended up missing it somehow.,,
ID00232,000190ec,33,　行きそびれたからな」,We never made it.,,
ID00232,000192a0,21,「約束だよー」,It's a promise~,,
ID00232,000192f6,39,「お前って、ネットなしじゃ,You're useless without the internet,,
ID00232,0001932c,36,　生きていけないだろ？」,You can't even survive without it.,,
ID00232,0001945f,51,「オフラインは辛いねー、不便だよ」,"Being offline is tough, ain't it? So inconvenient.",,
ID00232,00019503,27,「父さんの時代は、,"Back in my day,",,
ID00232,0001952d,45,　オフラインが当たり前だぞ？」,being offline was the norm.,,
ID00232,000196b6,57,「それを言うなら、もっと昔の会社って、,"If we're talking about that,",,
ID00232,000196fe,48,　そろばんで会計してたんでしょ？,"companies used abacuses for accounting, right?",,
ID00232,0001973d,30,　信じられないよね」,Can't believe it.,,
ID00232,00019a6d,48,「時代の移り変わりってスゲぇな」,"How times change, huh?",,
ID00232,00019c30,54,「きっとこの先は、ＵＦＯがもたらした,I bet the future will bring,,
ID00232,00019c75,27,　未知の技術が…」,Technologies beyond us...,,
ID00232,00019e3d,18,「はいはい」,Sure sure.,,
ID00232,00019e90,48,「価値観って人それぞれだけど…」,Everyone's values are different...,,
ID00232,00019f81,33,「うんうん、兄妹だから,"Yeah yeah, as siblings,",,
ID00232,00019fb1,51,　わかり合えることって、あるよね」,"we understand each other, right?",,
ID00233,000025cc,63,「お前って、パソコンばっか使ってるわりには,Good eyes for a computer geek.,,
ID00233,0000261a,24,　目がいいよな」,Your eyes are sharp.,,
ID00233,000027c5,60,「そう！　我が魔眼に見通せぬものなしッ」,Right! My Magic Eye sees everything!,,
ID00233,00002873,18,「はははは」,Hahaha,,
ID00233,00002903,18,「あははー」,Heheh~,,
ID00233,0000297c,54,「わざわざ海の丘公園の坂を登るとか、,Just climbing up that hill at Seaside Park...,,
ID00233,000029c1,51,　意外と健康に気を遣ってたんだな」,You're actually pretty health-conscious.,,
ID00233,00002b87,42,「自分で言うのもなんだけど、,"I know I shouldn't say this, but...",,
ID00233,00002bc0,51,　スマホやＰＣに向かってばかりで、,"I'm always staring at my phone or PC,",,
ID00233,00002c02,27,　不健康だからね」,It's not exactly healthy.,,
ID00233,00003026,39,「あそこは見晴らしいいし、,The view's great from up there.,,
ID00233,0000305c,30,　気分転換にいいよ」,It'll be nice.,,
ID00233,000031f6,63,「身長って、クラスじゃどれぐらいなんだ？」,How tall are you in your class?,,
ID00233,000033c8,33,「ちょっと低い方だね」,"A bit lower down, though.",,
ID00233,0000374d,48,「姉がモデルとは思えないぐらい、,"She's so small, I can't believe she's a model.",,
ID00233,0000378c,33,　こぢんまりしてるよ」,You're pretty compact.,,
ID00233,00003b61,18,「はははは」,Hahaha,,
ID00233,00003bb4,45,「お前って、運動してないくせに,You don't work out at all but,,
ID00233,00003bf0,24,　太らないよな」,you never get fat.,,
ID00233,00003d9b,51,「指先だけは、ＰＣのキータイプで、,Fingertips get a workout.,,
ID00233,00003ddd,33,　激しく運動してるよ」,"Seriously, I type like crazy.",,
ID00233,00003fb7,45,「カタカタカタカタカターッて」,Bippity boppity beep beep beep!,,
ID00233,0000406f,33,「自慢にならねーなぁ」,Nothing to brag about there.,,
ID00233,000040d1,39,「宿舎の枕には慣れたか？」,Used to sleeping in the dorms?,,
ID00233,0000428b,36,「私には右腕という名の、,I've got a multi-purpose arm pillow,,
ID00233,000042be,42,　万能腕枕があるから大丈夫」,"called my right arm, so I'm fine.",,
ID00233,000045ed,36,「机でも使えて便利だよ」,It's handy even on desks.,,
ID00233,0000463f,39,「寝落ちしてんじゃねーか。,"You're not falling asleep, are you?",,
ID00233,00004675,36,　ちゃんとベッドで寝ろ」,Sleep properly in bed.,,
ID00233,0000495a,15,「はーい」,Okay!,,
ID00233,00004ae5,54,「健康で気遣ってることってあるか？」,Is there such a thing as being too healthy?,,
ID00233,00004cfd,51,「お風呂上がりに、濡れた髪のままで,Hair's still wet after bath.,,
ID00233,00004d3f,39,　ネットを見ないことだね」,"Don't look at the internet, huh?",,
ID00233,000050b2,54,「ちゃんとドライヤーで乾かさないと、,"You have to dry your hair properly with a dryer,",,
ID00233,000050f7,39,　すぐ風邪引いちゃうから」,or you'll catch a cold right away.,,
ID00233,0000529a,54,「ショートへアにすれば、風呂上がりに,"If you had short hair, you could just",,
ID00233,000052df,57,　すぐ乾いて、風邪を引きにくくなるぞ」,"Dry right away, and you won't catch colds as easily.",,
ID00233,000054fa,30,「そうなんだけど…」,Well... I was thinking...,,
ID00233,000056f2,42,「美容師の人曰く、ゴワゴワで,The hair stylist said it's all frizzy and,,
ID00233,0000572b,51,　くせっ毛だから、ショートにすると,"curly, so if you go short,",,
ID00233,0000576d,36,　すごくハネちゃうって」,it'll stick up even more apparently.,,
ID00233,000058fa,48,「ロングの今でもハネてるしなぁ」,It's already sticking up with long hair too.,,
ID00233,000059a8,30,「あははー、だねー」,"Haha, yeah.",,
ID00233,00005aa7,30,「たまには健康的に、,"Sometimes be healthy,",,
ID00233,00005ad4,51,　日に焼けてみるってのはどうだ？」,How 'bout getting a tan for once?,,
ID00233,00005c9a,42,「その言葉、そっくりそのまま,I'm gonna return those words,,
ID00233,00005cd3,27,　にい君に返すよ」,right back at ya.,,
ID00233,00005d1c,39,「う……ガラじゃないことは,Ugh... It's not like me to,,
ID00233,00005d52,30,　しない方がいいな」,do something like that.,,
ID00233,00005f0f,18,「そうそう」,That's right.,,
ID00233,00005f62,33,「不摂生な生活って…」,...to live unhealthy.,,
ID00233,00006038,30,「うー、耳が痛いー」,"Ow, my ears are burning.",,
ID00233,00006179,51,「ジュースの効果はどうだったんだ？,How was the juice's effect?,,
ID00233,000061bb,36,　胸は大きくなったか？」,Did your boobs get bigger?,,
ID00233,00006372,30,「ん～、残念ながら、,"Hmm~, unfortunately,",,
ID00233,0000639f,60,　毎日飲まなきゃ、効果は出ないと思われ」,You have to drink it daily.,,
ID00233,000066e0,51,「少なくとも健康にはいいはずだよ。,At least it's good for your health.,,
ID00233,00006722,39,　栄養がいっぱいだからね」,It's packed with nutrients.,,
ID00233,000068c5,27,「雨に濡れたけど、,"I got wet in the rain,",,
ID00233,000068ef,60,　風邪引かなかったみたいだな。よかった」,but I don't seem to have caught a cold. Good.,,
ID00233,00006abe,57,「にい君が手を引いてくれたおかげだよ」,It's because you held my hand,,
ID00233,00006b75,18,「ありがと」,Thanks.,,
ID00233,00006bee,60,「お前って、ダイエットと無縁っぽいよな」,You don't seem to be into dieting or anything.,,
ID00233,00006dbd,54,「運動しない代わりに、過食もしない。,I don't overeat instead of exercising.,,
ID00233,00006e02,63,　特にストレスもないし、太る要素はないよ」,"No stress, no weight gain.",,
ID00233,00007328,51,「お前って、結構、風呂が短いよな」,"You don't spend much time in the bath, do you?",,
ID00233,000074ee,39,「そうだねー。体を洗って、,"Yeah, I just wash up and",,
ID00233,00007524,54,　ちょっと温もったらすぐ出ちゃうよ」,"as soon as I'm warm enough, I get out.",,
ID00233,000076c3,57,「のんびり入った方が健康にいいんだぞ」,It's healthier to take your time.,,
ID00233,0000788f,42,「暇を持て余すから、無理ー」,"I get bored waiting, so no way.",,
ID00233,00007998,39,「一番仲のいい友達って？」,What's your best friend?,,
ID00233,00007b52,30,「まひろちゃんだよ。,It's Mahiro-chan.,,
ID00233,00007b7f,39,　親友であり、お姉ちゃん」,She's my best friend and big sister.,,
ID00233,00007e74,54,「まひろちゃんがにい君のお相手なら、,"If Mahiro-chan's the one keeping you company,",,
ID00233,00007eb9,42,　真奈も安心なんだけどねー」,"Man, I'd feel a lot better about it.",,
ID00233,000080bd,36,「なんの話だ、なんの！」,What are you talking about? What!?,,
ID00233,00008122,45,「女子って体形を気にするよな」,"Geez, girls always worry about their bodies.",,
ID00233,000082e2,39,「巨乳の私には関係ないね」,It doesn't matter to me.,,
ID00233,00008337,42,「どこが巨乳なんだ、どこが」,"Where are my big boobs, where?",,
ID00233,000083a8,51,「エヘヘ、脳内では相当なもんだよ」,"Heheh, in my head they're huge.",,
ID00233,00008479,51,「夏バテしてないか？　大丈夫か？」,Are you okay?,,
ID00233,0000863f,24,「なんとかね～。,I'll manage.,,
ID00233,00008666,45,　早く涼しくなって欲しいよ～」,I wish it would cool down soon.,,
ID00233,000087c4,54,「お前の性格って、Ｂ型って感じだな」,Your personality seems like Type B.,,
ID00233,0000898d,21,「そうだねー。,Yeah.,,
ID00233,000089b1,48,　マイペースのＢ型っていうしね」,You're definitely a laid-back Type B.,,
ID00233,00008ce6,54,「多趣味なとこもＢ型っぽいと思うよ」,I think your many interests also seem like Type B.,,
ID00233,00008d4a,45,「オタク方面に偏ってるけどな」,Even if you do lean towards being an otaku.,,
ID00233,00008db8,21,「健康って…」,Health...?,,
ID00233,00008f60,54,「んー、わかってはいるんだけどねー」,"Well, I get it, but...",,
ID00233,0000942e,60,「熱が出た時、看病してくれてありがとね」,Thanks for taking care of me when I had a fever.,,
ID00233,00009498,33,「ったく、心配したぞ」,"Man, I was worried about you.",,
ID00233,00009512,60,「エヘヘ～、寝かしつけてくれたおかげで、,"Hehe~, thanks to you putting me to bed,",,
ID00233,0000955d,36,　一晩で熱が下がったよ」,The fever went down overnight.,,
ID00233,000098bf,63,「スマホの万歩計のアプリって、使ってる？」,Do you use the step counter app on your phone?,,
ID00233,0000992c,33,「いや、使ってないな」,"No, I don't.",,
ID00233,00009ae0,51,「毎日の歩数が記録されて面白いよ」,It's fun to see how many steps you take each day.,,
ID00233,00009ca6,48,「学校へ行ってる平日はともかく、,"I can understand during school days,",,
ID00233,00009ce5,48,　私の休日の歩かなさときたら…」,but my lack of movement on weekends...,,
ID00233,00009eb5,33,「そこに気づくために、,That's what the app does.,,
ID00233,00009ee5,39,　そのアプリがあるんだろ？,To notice that?,,
ID00233,00009f1b,24,　もっと歩けよ」,Walk more.,,
ID00233,00009fb1,45,「あははー、ネトゲのキャラは、,"Haha, she goes over fields.",,
ID00233,00009fed,51,　野を越え、山を越えなんだけどね」,you know?,,
ID00233,0000a230,45,「パソコンいじってばかりだと、,"If you're always fiddling with a PC,",,
ID00233,0000a26c,24,　肩凝るだろ？」,Your shoulders hurt?,,
ID00233,0000a45a,36,「うん、根を詰めるとね。,"Yeah, when I'm really focused,",,
ID00233,0000a48d,54,　あんまり痛いときは、湿布貼ってる」,I put on a patch if it hurts too much.,,
ID00233,0000a62c,48,「中２女子の初々しさがないなぁ」,You're not as innocent.,,
ID00233,0000a7ef,36,「先が思いやられるねぇ」,I can imagine it's tough.,,
ID00233,0000a8a8,36,「自分で言うな、自分で」,Don't say that about yourself.,,
ID00233,0000a90d,42,「たまに涼しい夜があるから、,"Sometimes the nights are cool, so",,
ID00233,0000a946,42,　風邪引かないようにしろよ」,Don't catch a cold.,,
ID00233,0000ab03,42,「にい君もね。油断大敵だよ」,you have to be careful too.,,
ID00233,0000abb2,30,「身長って、お前より,You're shorter than me.,,
ID00233,0000abdf,39,　まひろの方が高いよな？」,"Mahiro is taller, right?",,
ID00233,0000ad99,27,「ちょっとだけね」,Just a little.,,
ID00233,0000ade2,30,「体重はどうなんだ？,How about weight?,,
ID00233,0000ae0f,54,　背が低い分、お前の方が軽いよな？」,"Since you're shorter, you must be lighter.",,
ID00233,0000afd8,33,「う……鋭いとこを…」,Y-You got me there...,,
ID00233,0000b18c,48,「まひろちゃんは華奢だからねぇ。,Mahiro-chan is slim after all.,,
ID00233,0000b1cb,18,　それに…」,Besides...,,
ID00233,0000b4fa,30,「髪って…重いから」,Hair...is heavy though.,,
ID00233,0000b546,33,「運動だ、運動をしろ」,Exercise more!,,
ID00233,0000b741,63,「４０Ｋｇ台で文句を言われる筋合いなし！」,No room to complain at 40kg!,,
ID00233,0000b8e9,33,「お、おう、そうだな」,"Y-Yeah, you're right.",,
ID00233,0000b94b,45,「もっと健康に気遣った方が…」,You should care more about your health...,,
ID00233,0000b9f6,24,「にい君もね～」,Even you too~,,
ID00234,00002920,54,「いつか、泳げるようになるといいな」,"Sometime, I hope to be able to swim.",,
ID00234,00002ae9,63,「過度な期待はせず、コツコツ練習してるよ」,Just practicing steadily.,,
ID00234,00002d4f,63,「真の力を秘めなきゃならないのは、辛いね」,"It's tough having to hide your true strength, huh?",,
ID00234,00002e18,15,「ははは」,Heh heh heh,,
ID00234,00002ebc,57,「プールでまひろとなにやってたんだ？」,What were you doing with Mahiro in the pool?,,
ID00234,00003088,63,「あー、ちょっとリゾート気分を満喫してた」,"Ah, we were just enjoying a little resort vibe.",,
ID00234,00003267,15,「へーっ」,Cool!,,
ID00234,00003409,24,「楽しかったよ」,We had fun.,,
ID00234,0000347e,54,「まひろとプールでリゾート気分とか、,"Having a resort feel with Mahiro at the pool,",,
ID00234,000034c3,42,　面白そうなことやってんな」,Sounds like you guys had a fun time.,,
ID00234,00003680,60,「あれは、まひろちゃんのアイディアだよ」,"That was Mahiro's idea, actually.",,
ID00234,0000384f,63,「思いついたら即実行なとこが、すごいよね」,She acts on ideas fast.,,
ID00234,000038bc,33,「仲いいよな、お前ら」,"You two are really close, huh?",,
ID00234,00003a70,24,「あの行動力は、,That kind of drive...,,
ID00234,00003a97,45,　素直にうらやましいと思うよ」,I can't help but envy it.,,
ID00234,00003cb2,51,「一番マシな泳ぎ方って、なんだ？」,What's the best way to swim?,,
ID00234,00003e78,12,「潜水」,Diving.,,
ID00234,00003eb2,30,「沈んでるだけか…」,Just sinking...,,
ID00234,00004063,45,「前進方法はドッグパドルだね」,The way to move forward is the doggy paddle.,,
ID00234,000040be,48,「ドッグ？　…犬かきじゃねーか」,"Dog? ...That's the doggy paddle, right?",,
ID00234,00004281,33,「犬かきと侮るなかれ。,Don't dismiss doggy paddle.,,
ID00234,000042b1,36,　スピードは出ないけど、,"It may not be fast, but",,
ID00234,000042e4,42,　実は理にかなった泳法だよ」,it's actually a logical way to swim.,,
ID00234,000045fc,54,「プールと海、どっちが好きなんだ？」,Do you prefer pools or the sea?,,
ID00234,000047c5,39,「安全という点ではプール、,Pools are safer.,,
ID00234,000047fb,30,　楽しさでは海だね」,"For fun, it's the sea.",,
ID00234,00004b1e,48,「どっちにしても、授業以外なら、,"Either way, outside of class, you're a must.",,
ID00234,00004b5d,30,　にい君が必須だよ」,Iori-kun is required.,,
ID00234,00004d2e,45,「好きな水着ってどんなのだ？」,What kind of swimsuit do you like?,,
ID00234,00004f31,57,「ほうほう、妹に水着の好みを聞くとか、,Asking my sis...,,
ID00234,00004f79,45,　にい君もアグレッシブだねぇ」,"you're pretty aggressive, aren't ya?",,
ID00234,00005281,51,「ちょ、ちょっと気になったんだよ」,I just got curious for a sec.,,
ID00234,00005410,36,「好きなのはスク水だよ。,My favorite's the school swimsuit.,,
ID00234,00005443,33,　今しか着られないし」,Only I can wear it now.,,
ID00234,00005604,42,「おま、学校の外で着るなよ」,Don't wear it outside.,,
ID00234,000056ac,51,「あははー、小学生じゃあるまいし、,"Haha, we're not in elementary school anymore.",,
ID00234,000056ee,63,　そんな注目を浴びるようなことしないって」,I won't draw that much attention to myself.,,
ID00234,00005960,60,「泳げないとはいえ、暑い日の水泳の授業は,"Even if I can't swim, water classes on hot days are",,
ID00234,000059ab,27,　うれしいだろ？」,"nice, right?",,
ID00234,00005a44,45,「まぁねー。いい冷却になるよ」,Yeah. It's a good way to cool off.,,
ID00234,00005c3d,36,「毎年、まひろちゃんが、,"Every year, Mahiro-chan wears",,
ID00234,00005c70,54,　私が泳げるようにしようとするけど、,"I try to swim, but",,
ID00234,00005cb5,57,　そろそろあきらめた方がいいと思われ」,I think I should give up soon.,,
ID00234,00005e8e,45,「あいつは泳ぐの好きだからな。,He likes swimming.,,
ID00234,00005eca,36,　一緒に泳ぎたいんだろ」,You want to swim with me?,,
ID00234,0000604a,60,「潜りっこなら、つき合えるんだけどねー」,"If it's a diving contest,",,
ID00234,00006239,54,「うちのプールってゴージャスだよな」,Our pool is pretty fancy.,,
ID00234,00006402,51,「そうだね。自由時間オンリーなら、,"That's true. If it’s just free time,",,
ID00234,00006444,30,　リゾート気分だよ」,It feels like a resort.,,
ID00234,000066b1,33,「暑い日の水泳って…」,Swimming on a hot day...,,
ID00234,000068a8,42,「うんうん、気持ちいいよね」,"Yeah, it feels great.",,
ID00234,00006a4e,45,「スク水にエプロンってのは…、,A swimsuit with an apron...,,
ID00234,00006a8a,42,　さすがに刺激的だったなぁ」,It was pretty exciting.,,
ID00234,00006c47,57,「む、脈あり。思い切った甲斐があるよ」,Y-You're in luck. It paid off.,,
ID00234,00006e20,42,「まぁ、所詮妹なんだけどな」,"Well, she's still my little sister though.",,
ID00234,00006fdd,57,「うぐぐ…想定以上のハードルの高さ…」,...This is way harder than I thought...,,
ID00234,000071c9,60,（スク水のセクシーポーズよかったぞって、,(That sexy swimsuit pose was awesome],,
ID00234,00007214,48,　あらためて言うのもなんだよな。,Saying it again feels redundant.,,
ID00234,00007253,21,　妹だしな…）,She's my sister...,,
ID00234,000073fb,54,「むむ…よからぬことを考えてるね？」,Hmm... You're thinking naughty thoughts?,,
ID00234,000075d1,39,「な、なんでわかんだよ？」,H-How did you know?,,
ID00234,0000778b,30,「目を見ればわかる」,Your eyes give you away.,,
ID00234,0000793c,27,「細部は不明でも、,"Details unclear,",,
ID00234,00007966,42,　思考の傾向はお見通しだよ」,I know what you think.,,
ID00234,00007b30,33,（くそ、鋭いヤツだ…）,"Crap, she's sharp...",,
ID00234,00007bc3,30,（真奈のスク水姿…）,(Mana in her swimsuit...),,
ID00234,00007e0a,15,「むむ…」,Hmmph...,,
ID00234,00008044,33,「そんなに見られると…,It's kind of embarrassing when...,,
ID00234,00008074,48,　さすがに恥ずかしいと思われ…」,...you stare at me like that.,,
ID00234,0000814e,18,「わ、悪い」,S-Sorry,,
ID00234,000081a1,33,「競泳選手の泳ぎって、,Swimmers are so fast...,,
ID00234,000081d1,36,　メチャクチャ速いよな」,that it's ridiculous.,,
ID00234,00008388,54,「速すぎて、同じ人類とは思えないよ」,They're too quick to be human.,,
ID00234,00008595,45,「真奈の戦闘力が１だとしたら、,"If Mana's power is 1, then...",,
ID00234,000085d1,27,　６千万はあるね」,You're sixty mil.,,
ID00234,00008798,39,「お前は泳げないから０だ」,"You can't swim, so you're a zero.",,
ID00234,00008952,48,「うぐぐ…その攻撃、１万超え…」,Ugh... That attack was over ten thousand...,,
ID00234,00008a46,63,「うちのスク水って、デザイン凝ってるよな」,Our swimsuits have such intricate designs.,,
ID00234,00008c18,45,「そうだねー、個性があるよね」,"Yeah, they really stand out.",,
ID00234,00008caa,21,「私は、普通の,I like the standard,,
ID00234,00008cce,45,　紺色のスク水も好きだけどね」,navy blue ones too.,,
ID00234,00008d88,60,「体操服が学年によって色が違うんだから、,"The colors of our gym uniforms change by grade,",,
ID00234,00008dd3,57,　スク水も色んな色があってもいいよな」,There are so many colors of swimsuits too.,,
ID00234,00008f9f,42,「夏だけしか着ないのに、毎年,New ones yearly.,,
ID00234,00008fd8,60,　買い換えるのは、もったいないと思われ」,"It feels like a waste, doesn't it?",,
ID00234,00009123,45,「成長すれば買い換えるだろ？」,You'll need new ones when you grow.,,
ID00234,000092e3,51,「ぐぬぬ…成長しない女子に対して、,Grr... So unforgiving...,,
ID00234,00009325,57,　容赦ない攻撃…。来年こそは反撃を…」,I'll make my comeback next year...,,
ID00234,0000955d,45,「海の家で食べる焼きそばって、,The grilled noodles at the beach hut are,,
ID00234,00009599,33,　不思議とうまいよな」,strangely delicious.,,
ID00234,00009638,54,「海に来たーって感じがするんだよね」,"It feels like we're at the beach, you know?",,
ID00234,00009827,39,「私はかき氷の方がいいね」,"Personally, I prefer shaved ice.",,
ID00234,0000988f,57,「泳いだあと髪を乾かすの、大変だろ？」,"Drying your hair after swimming is a hassle, right?",,
ID00234,00009a9e,60,「だねー。いくら乾かしてもキリがないよ」,"Yeah, no matter how much you dry it...",,
ID00234,00009dec,51,「まぁ、ちょっとぐらい濡れてても、,"Well, even if my hair gets a little wet,",,
ID00234,00009e2e,51,　昼だし、風邪は引かないかなって」,"It's daytime, so I don't think I'll catch a cold.",,
ID00234,0000a014,30,「水泳の楽しさって」,"The fun of swimming, huh?",,
ID00234,0000a1c5,57,「だねー。泳げないなりに楽しんでるよ」,"Yep. Even though I can't swim, I'm still having fun.",,
ID00234,0000a52b,51,「遊園地のプール、楽しかったねー」,"The amusement park pool was fun, huh?",,
ID00234,0000a5cb,27,「ああ、そうだな」,Sure thing.,,
ID00234,0000a614,57,「けど、浮き輪から抜け出して潜るとか、,But don't dive in without the float.,,
ID00234,0000a65c,27,　二度とやるなよ」,Got it?,,
ID00234,0000a7d3,36,「にい君がいれば大丈夫。,"With you around, I'm fine.",,
ID00234,0000a806,33,　私の心の浮き輪だよ」,You're my float for my heart.,,
ID00234,0000a8cb,39,「本物の浮き輪もしとけ！」,Get a real float too!,,
ID00234,0000aa85,15,「は～い」,Okay then.,,
ID00234,0000ac3a,60,「３人でやった泳ぎ納め、楽しかったねー」,The last swim with the three of us was fun.,,
ID00234,0000ace3,18,「そうだな」,You're right.,,
ID00234,0000ae88,33,「兄妹ではしゃぐのは、,Playing like siblings is fun.,,
ID00234,0000aeb8,36,　泳げなくても楽しいよ」,It's still fun watching each other.,,
ID00234,0000af4e,30,（真奈のスク水姿…）,(Mana in her swimsuit...),,
ID00234,0000b195,15,「あぅ…」,Ow...,,
ID00234,0000b3aa,27,「にい君だけだよ…,"Only you, Bro-kun...",,
ID00234,0000b3d4,42,　私をそんなにじっと見るの」,Why are you staring at me so intently?,,
ID00234,0000b4a8,18,「わ、悪い」,S-Sorry,,
ID00234,0000b50d,51,「挑戦したいマリンスポーツなんて…,I can't do any of those water sports.,,
ID00234,0000b54f,39,　泳げないし、ないよな？」,"I can't swim, right?",,
ID00234,0000b709,15,「あるよ」,"Yeah, I do.",,
ID00234,0000b746,39,「あるのか！？　なんだよ」,You do? What's that?,,
ID00234,0000b900,33,「深海探査艇に乗って、,I want to ride a deep-sea sub.,,
ID00234,0000b930,39,　未知の生物を探索したい」,and explore unknown creatures.,,
ID00234,0000bac0,57,「…ずいぶん大がかりなスキューバだな」,...That's quite an ambitious scuba diving plan.,,
ID00234,0000bb77,54,「あははー、夢は大きく持たなきゃね」,"Haha, gotta dream big!",,
ID00234,0000bc9b,48,「うちの学校に、スパッツタイプの,What if our school introduced swimsuits,,
ID00234,0000bcda,51,　スク水が導入されたらどうする？」,that are more like spats?,,
ID00234,0000bea0,63,「んー、着慣れないから違和感あるだろうね」,"Hmm, they feel weird on you.",,
ID00234,0000c0b6,60,「にい君的には、録ってみたいかもだけど」,You'd probably wanna record it.,,
ID00234,0000c164,24,「…ま、まぁな」,"Well, yeah",,
ID00234,0000c1bd,45,「ビーチスポーツって好きか？」,Do you like beach sports?,,
ID00234,0000c37d,60,「泳ぐよりいいよね、溺れる心配がなくて」,"It's better than swimming, no risk of drowning.",,
ID00234,0000c522,42,「どんな競技が好きなんだ？」,What kind of sports do you like?,,
ID00234,0000c6df,30,「ビーチトスバレー」,Beach toss volleyball.,,
ID00234,0000c72b,30,「トスオンリーかよ」,"You're only gonna set, huh?",,
ID00234,0000c8dc,48,「ビーチバレー気分は味わえるよ」,You can still get the feel of beach volleyball.,,
ID00234,0000c94d,63,「もうすぐ、今年の水泳の授業も終わりだな」,"Soon, this year's swimming class will be over.",,
ID00234,0000cb62,15,「だねー。,Yeah.,,
ID00234,0000cb80,54,　やっと、命の危険から解放されるよ」,Finally free from the danger of drowning.,,
ID00234,0000ce84,39,「毎年泳ぎを習ってるのに、,"I've been learning to swim every year,",,
ID00234,0000ceba,36,　進歩がまるでないのは、,but no progress.,,
ID00234,0000ceed,48,　我ながらすごいなぁって思うよ」,and that's pretty amazing to me.,,
ID00234,0000d20b,30,「泳ぐ楽しさって…」,The joy of swimming...,,
ID00234,0000d3bc,63,「そうだねー。私もそれなりに楽しかったよ」,"Yeah, I had my fair share of fun too.",,
ID00235,00003c20,60,（体操服のセクシーポーズよかったぞって、,"(Your sexy gymnastics pose was pretty good, huh?",,
ID00235,00003c6b,48,　あらためて言うのもなんだよな。,Saying it again feels redundant.,,
ID00235,00003caa,21,　妹だしな…）,Sis after all...,,
ID00235,00003e7f,42,「どうかした？　ジッと見て」,Is something up? Keep staring at me.,,
ID00235,00003ed7,42,「い、いや、なんでもねーよ」,"N-No, it's nothing.",,
ID00235,000040ee,60,「ふむ…よからぬことを考えてると思われ」,Hmm... I guess you think I'm up to no good.,,
ID00235,00004158,33,（くそ、鋭いヤツだ…）,"Crap, she's sharp...",,
ID00235,0000431f,63,「マリアさんから、お手伝いを頼まれるとは、,It's surprising that Mariana asked for my help.,,
ID00235,0000436d,36,　ずいぶん親しいようで」,You must be close.,,
ID00235,000044fa,48,「いいように使われてるだけだぞ」,"They're just using you, you know.",,
ID00235,00004686,36,「急にモテ度、確変中～」,Your popularity's rising~,,
ID00235,00004869,42,「ったく、なんだってんだよ」,"Damn it, what's going on?",,
ID00235,000048d4,42,「お前って、持久走遅いよな」,Long runs aren't your thing.,,
ID00235,00004a91,45,「そんなに急いでどこへ行く？」,Where are you in such a hurry to go?,,
ID00235,00004aec,42,「ゴールに決まってんだろ？」,Obviously to the finish line.,,
ID00235,00004ca9,39,「マイペース、マイペース」,"My own pace, my own pace.",,
ID00235,00004cfe,18,「はいはい」,Sure sure.,,
ID00235,00004d51,51,「バスケのイメトレは役立ったか？」,Did basketball practice help with your training?,,
ID00235,00004f5a,60,「うん。ゲームの盛り上げに貢献できたよ」,I helped make it exciting.,,
ID00235,0000513c,48,「にい君のアドバイスのおかげで、,"Thanks to your advice, Bro-kun,",,
ID00235,0000517b,45,　走り幅跳びが楽しくなったよ」,I started enjoying long jump.,,
ID00235,00005215,63,「右足と左足、どっちの距離が伸びてきた？」,Which leg improved more?,,
ID00235,000053e7,45,「いい勝負だよ。右足と左足は、,It's a good match.,,
ID00235,00005423,39,　終生のライバルだからね」,lifelong rivals.,,
ID00235,000055b3,18,「はははは」,Hahaha,,
ID00235,0000576b,60,「想定以上にキックターゲットが難しくて、,"The kicking target was harder than I expected,",,
ID00235,000057b6,18,　ビックリ」,Wow!,,
ID00235,000057f6,54,「蹴るポーズは決まってたんだけどな」,I had the kick pose down though.,,
ID00235,000059db,39,「いつか、流れ星シュートを,"One day, I'll hit that meteor shot",,
ID00235,00005a11,42,　ど真ん中に当ててみせるよ」,right in the middle.,,
ID00235,00005a7c,45,「夏の体育は暑くて大変だよな」,"Summer PE is really hot and tough, isn't it?",,
ID00235,00005c3c,36,「水分補給は忘れずにね」,Don't forget to drink water.,,
ID00235,00005cdb,63,「それなりに得意なスポーツってあるのか？」,"You're good at some sports, right?",,
ID00235,00005ead,18,「万能だよ」,I'm flexible.,,
ID00235,00005eed,18,「万能！？」,Versatile...?!,,
ID00235,00006092,51,「ｅスポーツなら、どんなジャンルも,"When it comes to e-sports, I’m top in any genre,",,
ID00235,000060d4,42,　学園トップクラスと思われ」,at least that's what they say.,,
ID00235,000062ba,33,「ああ、ゲームの話か」,"Oh, you mean video games.",,
ID00235,0000631c,33,「ゲームやアニメだと、,"Schools exist,",,
ID00235,0000634c,45,　まだブルマな学校があるよな」,they wear those old-school swimsuits.,,
ID00235,0000650c,63,「まぁ、リアルを追求する必要はないからね」,"Just saying, we don't need to be that realistic.",,
ID00235,000066a7,48,「数年後には、今の形のスク水も、,Future swimsuits.,,
ID00235,000066e6,48,　二次元の中だけになったりして」,only exist in 2D worlds like that.,,
ID00235,000068b6,24,「…ありえるな」,That's totally possible.,,
ID00235,0000690f,39,「お前って、体硬いよなぁ」,You're so stiff.,,
ID00235,00006ac9,54,「失礼な。ちゃんとプニプニしてるよ」,Don't be rude. I'm plenty soft.,,
ID00235,00006cbb,48,「皮下脂肪じゃなく、関節の話な」,"It's about joints, not fat under the skin.",,
ID00235,00006e7e,42,「ああ、そっちは厳しいねー。,"Oh yeah, that is tough.",,
ID00235,00006eb7,54,　難易度の高い決めポーズはムリだよ」,You can't do difficult poses like that.,,
ID00235,0000712a,54,「そもそも、現実じゃムリってポーズも,There are some poses you just can't do in real life.,,
ID00235,0000716f,27,　多いわけだけど」,There are a lot of those.,,
ID00235,0000736e,30,「中二病も大変だな」,Being an otaku's rough.,,
ID00235,000073cd,42,「テレビのスポーツ中継って、,"Watching sports on TV,",,
ID00235,00007406,30,　なんか見てるか？」,You ever do that?,,
ID00235,00007611,21,「特にないよ」,Nothing much.,,
ID00235,000077b9,54,「野球中継に、深夜アニメの放送時間を,To make room for late-night anime.,,
ID00235,000077fe,45,　ずらされることはあるけどね」,but that's about it.,,
ID00235,00007859,48,「ああ、延長って、鬱陶しいよな」,"Yeah, extra innings are a drag...",,
ID00235,00007a1c,60,「録画が失敗してると、ガックリするよ…」,It really sucks when the recording fails...,,
ID00235,00007c6d,54,「この間、体育でダンスをやったけど、,"We did some dancing in P.E. recently,",,
ID00235,00007cb2,24,　楽しかったよ」,It was fun.,,
ID00235,00007cf8,24,「踊れるのか？」,Can you dance?,,
ID00235,00007ef2,36,「ワンテンポ遅れたって、,"Even if you're a beat late,",,
ID00235,00007f25,42,　楽しければそれでよしだよ」,As long as it's fun.,,
ID00235,0000815e,57,「学年別の体操服で、何色が一番いい？」,What color is best?,,
ID00235,0000832a,60,「んー、濃紺が一番体操服らしいんだけど、,"Hmm, navy blue fits.",,
ID00235,00008375,33,　うちじゃないからね」,"that's not us now, is it?",,
ID00235,000087d6,42,「次点で、高１用の朱色かな」,Maybe red for first years.,,
ID00235,000089b3,54,「うちって、運動部に力入れてるよな」,We focus on sports clubs.,,
ID00235,00008b7c,51,「体育館も、プールも立派だからね」,Our gym and pool are pretty fancy.,,
ID00235,00008c53,36,「運動施設がきれいだと、,"When the gym's nice and clean,",,
ID00235,00008c86,36,　気持ちのノリが違うよ」,it really gets you in the mood.,,
ID00235,00008f78,60,「新しいＰＣにウキウキするのと一緒だね」,You're as excited as getting a new PC.,,
ID00235,0000915a,57,「この間の体育、ソフトボールだったよ」,The other day we played softball.,,
ID00235,00009333,42,「へ～っ、どこ守ったんだ？」,Oh? What position did you play?,,
ID00235,000094b9,36,「言わずと知れたライト」,It goes without saying: right field.,,
ID00235,0000955b,48,「一度もボールが飛んでこなくて、,"Not once did a ball come my way,",,
ID00235,0000959a,60,　ただただ、真夏の日差しを堪能したよ…」,I just enjoyed the summer sun...,,
ID00235,000096d0,15,「ははは」,Heh heh heh,,
ID00235,00009885,51,「まひろちゃんの、にい君を見つける,"Mahiro-chan, you found your big bro",,
ID00235,000098c7,54,　センサーと、ダッシュ力はすごいね」,Your sensors and sprinting are amazing,,
ID00235,0000992b,51,「全力で飛び込まれると痛いんだぞ」,You'll hurt yourself if you jump in full force,,
ID00235,00009af1,60,「それは、にい君が鈍いのが悪いと思われ」,They'll think it's your fault for being slow,,
ID00235,00009bb8,42,「素早くかわせってことかよ？,Aren't you supposed to dodge quickly?,,
ID00235,00009bf1,30,　んなことできるか」,I can't do that shit,,
ID00235,00009ed0,48,「その鈍さじゃないんだけどねー」,It's not because of my slowness though~,,
ID00235,0000a022,33,「そんなに髪が長いと、,"With hair that long,",,
ID00235,0000a052,45,　体育の時、邪魔じゃないか？」,Don't it get in the way?,,
ID00235,0000a212,51,「髪型をスポーティにしたところで、,"Even if I change my hairstyle to be sporty,",,
ID00235,0000a254,21,　中身がね…」,it's still...,,
ID00235,0000a47f,30,「…そりゃそうだな」,...that's true.,,
ID00235,0000a4de,36,「小さいころのお前って、,"When you were little, you used",,
ID00235,0000a511,57,　なんでもないとこでよく転んでたよな」,to trip over nothing.,,
ID00235,0000a6dd,51,「微妙な地面の凹凸に敏感だからね」,Sensitive to ground bumps.,,
ID00235,0000a8b0,48,「最近は、慎重に行動してるので、,"But these days, I'm being more careful.",,
ID00235,0000a8ef,33,　転ぶことも減ったよ」,I don't fall as much these days.,,
ID00235,0000aa8c,51,「このところ体育の授業が大変で…」,"Lately, P.E. class has been a real pain...",,
ID00235,0000ac52,39,「むむ…がんばれ、にい君」,"Hmm... Keep it up, Bro-kun.",,
ID00235,0000af76,54,「自分からエアホッケーを挑んでおいて,You challenged me to air hockey and...,,
ID00235,0000afbb,48,　惨敗とは、口ほどにもないねぇ」,Calling that a loss is an understatement.,,
ID00235,0000b228,48,「はいはい、お前のスマッシュは、,"Yeah yeah, your smash shots are",,
ID00235,0000b267,27,　俺には無敵だよ」,invincible to me.,,
ID00235,0000b415,24,「妹の特権だね」,Little sister perk.,,
ID00235,0000b49f,30,（真奈の体操服姿…）,Mana in her gym clothes...,,
ID00235,0000b6e6,15,「およ？」,Eh?,,
ID00235,0000b8d1,39,「妹の生足に釘付けとは…。,Staring at my sis's legs...,,
ID00235,0000b907,39,　にい君も目覚めてきた？」,"Have you finally woken up too, big bro?",,
ID00235,0000b9d8,42,「ち、ちがっ！　つ、つい…」,N-no! I-I just...,,
ID00235,0000bb95,45,「本能には抗えないって事だね」,Looks like you can't resist your instincts.,,
ID00235,0000be86,36,「うぐぐ…言い返せねぇ」,Ugh...I can't argue back.,,
ID00235,0000beeb,45,「キャンプへ行くなら、海と山、,"If we camp, beach or mountains.",,
ID00235,0000bf27,27,　どっちがいい？」,Which is better?,,
ID00235,0000c0d5,39,「山だね。人里離れた方が、,Away from civilization.,,
ID00235,0000c10b,33,　星がきれいだろうし」,Stars'll be prettier.,,
ID00235,0000c3fa,54,「ただし、現地までは車で移動を希望。,But I hope we can get there by car though.,,
ID00235,0000c43f,54,　天体望遠鏡を持って行きたいからね」,I want to bring my telescope with me.,,
ID00235,0000c5f1,48,「春の体育祭ではなんに出たんだ？,What did you do in the spring sports festival?,,
ID00235,0000c630,39,　全然目立ってなかったぞ」,You weren't noticeable.,,
ID00235,0000c7ea,39,「玉入れとか、綱引きとか。,Ball-throwing and tug-of-war.,,
ID00235,0000c820,36,　集団競技オンリーだね」,"You only did group sports, huh?",,
ID00235,0000cb12,48,「クラスのみんなが、ガチで勝ちに,The whole class was seriously trying to win.,,
ID00235,0000cb51,51,　行ったから、私は基本的に応援係」,I basically just cheered you on.,,
ID00235,0000cd24,30,「で、勝ったのか？」,So did we win?,,
ID00235,0000cef8,36,「ううん、惜しくも２位。,"No, we came in second place.",,
ID00235,0000cf2b,36,　けど、盛り上がったよ」,But it was still super fun.,,
ID00235,0000d267,51,「小さいころ、にい君たちに混じって,"When you were little,",,
ID00235,0000d2a9,48,　野球とか、サッカーやったよね」,Right?,,
ID00235,0000d307,30,「おぉ、懐かしいな」,"Oh, that's nostalgic.",,
ID00235,0000d4b8,27,「男子に混じると、,"When I played with guys,",,
ID00235,0000d4e2,48,　ミスしても許してもらえるから、,"I could get away with mistakes,",,
ID00235,0000d521,24,　楽しかったよ」,It was fun.,,
ID00235,0000d877,51,「ブルマって、履いたことあるか？」,Ever worn a leotard before?,,
ID00235,0000da3d,36,「ないよ。持ってないし」,"""Nope, I don't have one."",",,
ID00235,0000da8f,36,「履いてみたくないか？」,Want to try one on sometime?,,
ID00235,0000dae1,30,「お望みとあればね。,If you insist.,,
ID00235,0000db0e,45,　ただし、買うのはにい君だよ」,But my big bro has to buy it.,,
ID00235,0000de5a,60,「むむ…その通販履歴は残したくないな…」,Hmm...I don't want that...,,
ID00235,0000e029,45,「妹のブルマ姿を録りたいとか、,Record her in briefs?,,
ID00235,0000e065,57,　にい君もずいぶん踏み込んできたねー」,My big bro sure has some deep thoughts.,,
ID00235,0000e3e0,18,「うぐぐ…」,then.,,
ID00235,0000e433,45,「お前って、運動できるヤツと、,"Which do you prefer, a sporty type or",,
ID00235,0000e46f,57,　勉強できるヤツ、どっちが好みなんだ？,a studious one?,,
ID00235,0000e63b,24,「にい君が好み」,I'm the sporty type.,,
ID00235,0000e681,21,「ハアァ！？」,Haaah!?,,
ID00235,0000e829,39,「ほどほどがいいってこと」,Just right for me.,,
ID00235,0000e891,57,「お前って、武道ってイメージないよな」,I never pegged you as the martial arts type.,,
ID00235,0000ea5d,51,「魔法使いは、後衛タイプだからね」,"You're more of a backline mage type, right?",,
ID00235,0000ed95,54,「身につけたとしても、空気投げかな」,"If you did learn it, maybe just air punches?",,
ID00235,0000edf9,30,「達人じゃねーか！」,You're a pro!,,
ID00235,0000efaa,18,「あははは」,ahaha,,
ID00235,0000effd,60,「お前にはバスケのボールは重すぎだろ？」,"Basketballs are too heavy for you, aren't they?",,
ID00235,0000f1cc,63,「そうだね…。ただパスを受けただけなのに、,"Yeah, that's right... I just caught the pass, but",,
ID00235,0000f21a,48,　重力魔法をくらったみたいだよ」,it felt like I got hit by a gravity spell.,,
ID00235,0000f770,63,「実戦なら、魔法障壁を展開するんだけど…」,"In an actual game, I'd cast a magic barrier...",,
ID00235,0000f7dd,36,「パスを弾いてどうする」,Why bother deflecting it?,,
ID00235,0000f994,63,「む…攻撃をあえて受けなきゃならないとは、,Having to take the attack on purpose...,,
ID00235,0000f9e2,21,　試練だね…」,Isn't it?,,
ID00235,0000fd1c,60,「体育館で練習してる体操部の子を見ると、,When I see gymnastics club kids practicing...,,
ID00235,0000fd67,51,　異次元の運動神経だなって思うよ」,I think they've got superhuman reflexes.,,
ID00235,0000ff03,48,「毎日、一生懸命練習してるしな」,"You know, they practice really hard every day.",,
ID00235,000100c6,45,「日々の鍛錬が夢を作るんだね」,Everyday training makes dreams come true.,,
ID00235,00010134,42,「懸垂って何回できるんだ？」,How many pull-ups can you do?,,
ID00235,000102f1,24,「もちろん０回」,"Of course, zero.",,
ID00235,00010337,48,「…そもそもやる気がないだろ？」,"You don't even have the motivation, right?",,
ID00235,000104fa,60,「出来ないのわかってるし、無駄だからね」,"I know I can't do it anyway, so it's pointless",,
ID00235,000107c3,39,「体育の先生も大変だな…」,The P.E. teacher must be tough...,,
ID00235,0001082b,42,「腹筋は何回できるんだよ？」,How many sit-ups can you do?,,
ID00235,000109e8,48,「がんばって、２、３回ってとこ」,"If you try your best, maybe two or three times",,
ID00235,00010c40,57,「けど、その後、腹筋がすごく痛くて…」,But after that my abs hurt like hell...,,
ID00235,00010e1c,30,「体が鈍ってるなぁ」,My body is so out of shape,,
ID00235,00010fcd,63,「小さいころは１回も出来なかったわけだし、,I couldn't even do one when I was little anyway,,
ID00235,0001101b,27,　進歩した方だよ」,You've improved.,,
ID00235,000110d7,54,「お前、体力ないし、ノートパソコンを,"You're not athletic, so carrying a notebook PC...",,
ID00235,0001111c,48,　学校へ持ってくるの大変だろ？」,to school must be tough for you.,,
ID00235,000112df,39,「私にとって、ノートＰＣは,"For me, the notebook PC is",,
ID00235,00011315,36,　必要不可欠なものだし、,"an essential item, and",,
ID00235,00011348,39,　装備重量限界の別枠だよ」,it's in its own weight limit category.,,
ID00235,0001150f,48,「眼鏡とか財布みたいなもんだね」,It's like my glasses or wallet.,,
ID00235,0001156d,27,「重い眼鏡だなぁ」,These are heavy glasses.,,
ID00235,000115c9,30,「適度な運動って…」,Moderate exercise...?,,
ID00235,0001177a,48,「んー、そうは思うんだけどねー」,"Hmm, but that's what I think.",,
ID00235,0001181c,30,（真奈の体操服姿…）,Mana in her gym clothes...,,
ID00235,00011a63,12,「あ…」,...,,
ID00235,00011c14,54,「にい君が…男子の視線になってる…」,You're... turning into a guy's gaze...,,
ID00235,00011d38,57,「な、なってねー！　なってねーって！」,N-no way! Not at all!,,
ID00235,00011f04,51,「我が魔眼に、ごまかしは通じずッ」,Your tricks won't work on my demonic eyes!,,
ID00235,000120d7,15,「くっ…」,Kuh...,,
ID00235,0001228c,48,「ねーねー、小さいころみたいに、,"Nope nope, like when we were little,",,
ID00235,000122cb,57,　にい君と自転車で２人乗りしたいなー」,I want to ride bikes together again.,,
ID00235,000124a4,36,「２人乗りは交通違反だ」,It's illegal to ride double.,,
ID00235,00012624,45,「んー、じゃあ、海の丘公園は？,"Hmm, how about the beach park?",,
ID00235,00012660,39,　あそこは道路じゃないし、,"There aren't any roads there,",,
ID00235,00012696,30,　いいんじゃない？」,Isn't that nice?,,
ID00235,00012854,51,「自転車であの坂を登れってのか？」,You want me to bike up that hill?,,
ID00235,00012a1a,27,「う…大変だよね」,Ugh... That's tough,,
ID00235,00012a63,45,「海岸ぞいの遊歩道ならいいぞ。,The seaside promenade is fine though.,,
ID00235,00012a9f,30,　今度やってやるよ」,I'll do it next time.,,
ID00235,00012c50,36,「ホント？　約束だよー」,Really? You promise~,,
ID00235,00012f8c,45,「ミツミキャンプが終わったら、,Check out my room later.,,
ID00235,00012fc8,48,　一緒にボウリングへ行かない？」,Want to go bowling together?,,
ID00235,0001318e,39,「お、いいな。またあの謎の,"Oh, cool.",,
ID00235,000131c4,39,　両手投法が見られるのか」,two-handed throw again.,,
ID00235,000133a1,57,「あんな重いボール、片手で扱えないよ。,No way I can handle such a heavy ball with one hand.,,
ID00235,000133e9,39,　両手で転がすのが精一杯」,Using both hands is all I can do.,,
ID00235,000136de,24,「目標は５０点。,Our goal's fifty points.,,
ID00235,00013705,48,　ストライクを１回、取りたいね」,I want to get at least one strike.,,
ID00235,0001393b,51,「チェスボクシングって知ってる？」,You know what chess boxing is?,,
ID00235,0001399c,33,「あ？　なんだそれ？」,Huh? What's that?,,
ID00235,00013b50,48,「私もネットで知ったんだけど…」,I found out about it on the internet...,,
ID00235,00013cdc,57,「チェスとボクシングで交互に勝負する、,It's a turn-based chess and boxing competition.,,
ID00235,00013d24,48,　いたって真面目な競技らしいよ。,"and apparently, it's taken pretty seriously.",,
ID00235,00013d63,39,　世界選手権もあるみたい」,There's even a world championship.,,
ID00235,00013f2a,39,「世界選手権？　マジか？」,A world championship? Really?,,
ID00235,000140f0,9,「ん」,Hmm?,,
ID00235,00014255,42,「チェスが強いだけじゃダメ、,"Just being good at chess isn't enough,",,
ID00235,0001428e,48,　ボクシングが強いだけでもダメ」,Just being good at boxing isn't enough either.,,
ID00235,00014451,39,「まさに知力と体力を競う、,A contest of mind and body,,
ID00235,00014487,39,　究極の格闘技なんだって」,a true ultimate fighting sport.,,
ID00235,00014644,63,「…そう言われると、そんな気がしてくるな」,...I can see what you mean.,,
ID00235,00014870,60,「元ネタはフランスの漫画らしいんだけど、,"It seems the original idea came from a French manga,",,
ID00235,000148bb,39,　面白いこと考えるよねー」,You're so creative.,,
ID00235,00014c3f,42,「涼しくなってくれるだけで、,Just being cooler makes PE better~,,
ID00235,00014c78,33,　体育が楽になるよ～」,I can relax already~,,
ID00235,00014fde,42,「もうすぐ夏が終わるからな」,"Summer's almost over, you know.",,
ID00235,0001519b,27,「あと一歩だね～」,Just one more step~,,
ID00235,000151f7,39,「ウインタースポーツなら、,What about winter sports?,,
ID00235,0001522d,33,　なにが好きなんだ？」,What do you like?,,
ID00235,000153e1,45,「むむ…ウインタースポーツは、,"Hmm... winter sports are,",,
ID00235,0001541d,57,　バランス感覚を要求するものが多いから,"require a lot of balance,",,
ID00235,00015465,30,　危険がいっぱい…」,it's dangerous...,,
ID00235,00015692,21,「ソリ…だね」,Sledding... right?,,
ID00235,00015857,54,「ソリもスピードが出ると危ないぞ？」,"Sledding's dangerous when you go fast, huh?",,
ID00235,00015a6f,45,「そっか…。なだらかなとこを、,Oh... I'll have to be careful and,,
ID00235,00015aab,36,　そっと滑るようにする」,slide gently on the flatter parts.,,
ID00235,00016015,48,「秋になったら、ユイ姉を誘って、,"When fall comes, I'll invite Yui-nee too,",,
ID00235,00016054,39,　ハイキングへ行きたいね」,I wanna go hiking too.,,
ID00235,000160a9,24,「おっ、いいな。,"Oh, that's cool.",,
ID00235,000160d0,45,　普段と違う動画が録れそうだ」,Seems we'll get some different footage.,,
ID00235,00016290,36,「紅葉が映えそうだねー」,The leaves should look great.,,
ID00235,000162f5,45,「ミツミキャンプが終わったら、,Check out my room later.,,
ID00235,00016331,36,　ジャージに衣替えだな」,Changing to tracksuit.,,
ID00235,000164e8,39,「いいよね、ジャージって。,"Nice, right? Tracksuits are cool.",,
ID00235,0001651e,39,　転んでも怪我しにくくて」,You don't get hurt if you fall down,,
ID00235,000166d8,63,「野暮ったいジャージも、バンダナを巻けば、,Even baggy tracksuits look cool with a bandana.,,
ID00235,00016726,51,　かっこいいウエアに早変わりだし」,and turn into stylish wear in an instant,,
ID00235,00016a34,27,「んなことねーよ」,That's not true,,
ID00235,00016a90,21,「運動って…」,Sports and stuff...,,
ID00235,00016c38,48,「まぁまぁ、運動の秋に期待だね」,"Well, let's hope for the best this sports season",,
ID00236,000027a1,60,「駅前モールのお肉屋さんのコロッケって、,"Those croquettes from the station meat shop,",,
ID00236,000027ec,27,　おいしいよねー」,They're so good.,,
ID00236,000028f3,36,「ああ、揚げたてだしな」,"Yeah, they're freshly fried.",,
ID00236,00002aaa,45,「あの味は、まさに小宇宙だよ」,That flavor is like a little universe.,,
ID00236,00002b18,63,「お前の好きな飲みものって、なんだっけ？」,What was your favorite drink again?,,
ID00236,00002cea,36,「カフェラテが好きだよ。,I like cafe latte.,,
ID00236,00002d1d,36,　眠気覚ましにいいしね」,It's great for waking up sleepy.,,
ID00236,00002ebd,57,「缶コーヒーなら、どんなのが好きだ？」,Which kind of canned coffee do you like?,,
ID00236,00003089,57,「昔から売ってる、オリジナルなタイプが,"The original type that's been around forever,",,
ID00236,000030d1,18,　好きだよ」,I love 'em.,,
ID00236,000033b1,51,「甘ーいミルクコーヒーって感じの」,It's like a sweet milk coffee kind of thing.,,
ID00236,00003471,54,「カフェラテとはいえコーヒーだから、,"Even if it's called cafe latte, it's still coffee,",,
ID00236,000034b6,45,　飲み過ぎると体によくないぞ」,Drinking too much isn't good for you.,,
ID00236,00003676,57,「そうだね…。この胃の痛みはストレス？,Yeah... Is this stomachache from stress?,,
ID00236,000036be,39,　と思ったら、カフェラテの,I thought it was the cafe latte,,
ID00236,000036f4,51,　飲み過ぎだったってことがあるよ」,that I drank too much of.,,
ID00236,00003e4b,63,「半分はミルクとはいえ、気をつけないとね」,"Half of it might be milk, but you gotta be careful.",,
ID00236,00003ecb,45,「好きなジュースってなんだ？」,What's your favorite juice?,,
ID00236,0000408b,51,「ソーダ類なら、なんでも好きだよ。,I like all sodas.,,
ID00236,000040cd,42,　コーラから、変わり種まで」,From Coke to weird variants.,,
ID00236,000043fc,54,「季節限定フレーバーは、マズそうでも,"Even seasonal flavors that look bad,",,
ID00236,00004441,36,　試してみたくなるよね」,you wanna try 'em anyway.,,
ID00236,000044a6,30,「小腹が空いた時に、,"When hungry between meals,",,
ID00236,000044d3,45,　よく食べるものってなんだ？」,What do you usually eat?,,
ID00236,00004693,45,「ヌガーチョコをよく食べるよ」,I often eat nougat chocolate.,,
ID00236,000046ee,63,「キャラメルとナッツが詰まってるヤツか？」,"That's the one stuffed with caramel and nuts, right?",,
ID00236,000048cc,27,「そう、そんなの」,"Yeah, exactly.",,
ID00236,00004a7a,51,「１本でお腹いっぱいになるからね」,You can get full from just one bar.,,
ID00236,00004aee,42,「好きなパンって、なんだ？」,What kind of bread do you like?,,
ID00236,00004cab,33,「コンビニで買うのと、,It's different when I buy it from,,
ID00236,00004cdb,48,　パン屋さんで買うのとで違うよ」,when I buy it from a bakery.,,
ID00236,00004e74,18,「なんで？」,Why not?,,
ID00236,00005019,63,「コンビニだと、柔らかそうなクリームパンが,"soft-looking cream buns at the store,",,
ID00236,00005067,48,　おいしそうに見えるんだけど…」,It looks really good...,,
ID00236,0000522a,36,「パン屋さんだと、断然、,"But at a bakery, it's definitely the",,
ID00236,0000525d,36,　揚げたてのカレーパン。,freshly fried curry buns.,,
ID00236,00005290,33,　あれには抗えないよ」,I can't resist that.,,
ID00236,00005451,45,「ははは、つい買っちゃうよな」,"Haha, I end up buying them too.",,
ID00236,000054bf,42,「この間、食ったんだけど…」,I ate it a while ago...,,
ID00236,0000567c,51,「あ、いいねー。私も食べてみよー」,"Oh, nice! I'll try one.",,
ID00236,00005773,39,「チートー、うまかったぞ。,"Cheeto, it was good.",,
ID00236,000057a9,30,　また作ってくれよ」,Make it again sometime.,,
ID00236,0000599d,27,「うん、いいよー。,"Yeah, sure thing.",,
ID00236,000059c7,48,　トッピングも色々考えておくよ」,I'll think of lots of toppings too.,,
ID00236,00005d8d,42,「放課後、渚…御前さんたちと,Nagisa...Misaki-senpai and...,,
ID00236,00005dc6,36,　なにを話してたんだ？」,What were you talking about?,,
ID00236,00005e47,36,「放課後、御前さんたちと,"After school, Misaki-senpai and...",,
ID00236,00005e7a,36,　なにを話してたんだ？」,What were you talking about?,,
ID00236,00006060,63,「あー、お茶会に誘われて、一緒にお茶した」,"Oh yeah, they invited me to a tea party.",,
ID00236,0000636d,24,「楽しかったよ」,We had fun.,,
ID00236,000063b3,39,「へーっ、そうだったのか」,"Wow, really?",,
ID00236,0000659c,51,「御前さん、美由璃さんとのお茶会、,"Misaki, you and Miyuri's tea party,",,
ID00236,000065de,27,　楽しかったねー」,That was fun~,,
ID00236,00006799,27,「ああ、そうだな」,Sure thing.,,
ID00236,00006947,36,「ハチミツをかけるとは、,"putting honey on it was a cheat,",,
ID00236,0000697a,57,　チートーの新たな可能性を見出したよ」,but I've discovered a new possibility for Chito.,,
ID00236,00006b1c,15,「ははは」,Heh heh heh,,
ID00236,00006d00,42,「ブックカフェで、氷の溶けた,"at the book cafe, you drank a melting",,
ID00236,00006d39,48,　カフェフラッペを飲んでくれて、,"iced coffee frappe for me,",,
ID00236,00006d78,21,　ありがとね」,Thanks a lot.,,
ID00236,00006f2d,48,「いいって。俺を心配してくれてた,"'It's fine. You were worried about me,",,
ID00236,00006f6c,21,　わけだしな」,That's why.,,
ID00236,00007114,27,「おいしかったよ、,"It was delicious,",,
ID00236,0000713e,42,　出来たてのカフェフラッペ」,freshly made cafe frappes.,,
ID00236,0000730e,54,「カフェオレとカフェラテの違いって、,"The difference between café au lait and latte is,",,
ID00236,00007353,21,　知ってる？」,Have you heard of it?,,
ID00236,00007558,39,「呼び方が違うだけだろ？」,"just the names, right?",,
ID00236,00007735,48,「ううん、カフェオレのコーヒーは,"No, café au lait uses",,
ID00236,00007774,42,　普通のドリップコーヒーで、,"regular drip coffee,",,
ID00236,000077ad,42,　カフェラテはエスプレッソ」,café latte uses espresso.,,
ID00236,00007977,27,「そうなのか！？」,Is that so!?,,
ID00236,00007aee,51,「エスプレッソの方が味が濃いけど、,"Espresso has a stronger taste, but",,
ID00236,00007b30,57,　カフェインはむしろ少ないんだよねー」,"there's actually less caffeine, you know?",,
ID00236,00007d09,15,「へ～っ」,Wow...,,
ID00236,00007d59,45,「コンビニのサンドイッチなら、,"If it's convenience store sandwiches,",,
ID00236,00007d95,24,　何が好きだ？」,What do you like?,,
ID00236,00007fbc,36,「んー、ツナサンドかな」,"Hmm, tuna sandwich maybe",,
ID00236,000083a2,36,「ツナを使った料理って、,Food with tuna in it is,,
ID00236,000083d5,33,　どれもおいしいよね」,all so tasty,,
ID00236,00008437,48,「ポテチなら何味が好きなんだ？」,What flavor of potato chips do you like?,,
ID00236,000085fa,57,「チーズ味だね。まったりとした塩味が、,You like cheese.,,
ID00236,00008642,21,　後を引くよ」,It's hard to forget.,,
ID00236,00008884,42,「この間、ユイ姉に誘われて、,"The other day, I was invited by Yui-nee,",,
ID00236,000088bd,48,　カフェでパンケーキを食べたよ」,I had pancakes at a cafe.,,
ID00236,00008c22,39,「へ～っ、うまかったか？」,"Oh, were they good?",,
ID00236,00008e1f,27,「うん、すごくね」,"Yeah, really tasty",,
ID00236,00008fcd,39,「ふわふわのパンケーキと、,The fluffy pancakes and,,
ID00236,00009003,60,　チョコとバナナの取り合わせが絶品で…」,Chocolate and banana...,,
ID00236,0000924c,57,「さすが、ユイ姉の行きつけのお店だね」,"As expected from your usual spot, Yui-nee.",,
ID00236,000092c6,45,「コンビニのホットスナックで、,"Compared to convenience-store hot snacks,",,
ID00236,00009302,36,　好きなのってなんだ？」,What's your favorite?,,
ID00236,00009535,45,「んー、アメリカンドッグだね」,"Hmm, it's a corn dog.",,
ID00236,00009940,48,「ソーセージの塩味と、衣の甘味の,The salty sausage and the sweet batter,,
ID00236,0000997f,39,　取り合わせがおいしいよ」,are really tasty together.,,
ID00236,00009b22,57,「ポテチを食いながら、スマホいじると、,"Eating chips while fiddling with your phone,",,
ID00236,00009b6a,42,　画面がベトベトになるよな」,Your screen gets all greasy.,,
ID00236,00009d27,42,「むむ…スマホがかわいそう」,Mmm... Poor phone...,,
ID00236,0000a01f,60,「スナック菓子は、ちゃんとお箸で食べて」,You should eat snacks with chopsticks properly.,,
ID00236,0000a09c,54,「コンビニで、見かけたジュースが…」,I saw a juice at the convenience store...,,
ID00236,0000a265,57,「むむ…それはノーチェックだったよ…。,Mmm... I didn't check that one out...,,
ID00236,0000a2ad,27,　試してみなきゃ」,You gotta try it.,,
ID00236,0000a63d,54,「コンパイルが通った後のコーラって、,Coke after compiling is amazing.,,
ID00236,0000a682,57,　格別なんだよねー。ぷはーって感じで」,"It's like, 'puff'.",,
ID00236,0000aa84,27,「まるで祝杯だな」,It's like a celebration.,,
ID00236,0000ac3e,39,「そう。自分にご褒美だね。,That's right. It's a treat for myself.,,
ID00236,0000ac74,60,　シャンパンって、きっとあんな感じだよ」,Champagne must be like that.,,
ID00236,0000afab,60,「コーラに某ソフトキャンディを入れると、,"Did you know if you put a certain candy in Coke,",,
ID00236,0000aff6,48,　泡がすごい勢いで吹き出すよな」,The bubbles come out with such force.,,
ID00236,0000b1b9,54,「あ、いっぱい動画が上がってるねー」,"Oh, there are a lot of videos up.",,
ID00236,0000b34b,57,「一気に何メートルも吹き出すあの威力を,That power to shoot out several meters at once,,
ID00236,0000b393,30,　推進力に活かせば、,Could be used as propulsion.,,
ID00236,0000b3c0,48,　コーラロケットが作れそうだよ」,We could make a Coke rocket.,,
ID00236,0000b6de,63,「日本の自販機の数って、世界一なんだよな」,Japan has tons.,,
ID00236,0000b8b0,30,「数だけじゃなくて、,"It's not just the number,",,
ID00236,0000b8dd,48,　変わったのもいっぱいあるよね」,but there are also lots of weird ones.,,
ID00236,0000bbdb,48,「おでんとか、ハンバーガーとか」,Like oden and hamburgers.,,
ID00236,0000bc39,60,「ハンバーガーって、レトロな感じのだろ？,"Hamburgers have that retro feel, right?",,
ID00236,0000bc84,45,　あんなの食う気にならねーよ」,I don't feel like eating something like that.,,
ID00236,0000be44,39,「私は…一度食べてみたい」,I... want to try it once.,,
ID00236,0000c00b,48,「マジか？　度胸あるな、お前…」,Really? You've got some guts...,,
ID00236,0000c07c,54,「肉まんの具で好きなのってなんだ？」,What do you like in your meat buns?,,
ID00236,0000c245,63,「ピザまんだねー。できれば、チーズ入りで」,"Pizza man? If possible, with cheese.",,
ID00236,0000c589,48,「肉まんなのにピザの味だなんて、,"Even though it's a meat bun, it tastes like",,
ID00236,0000c5c8,42,　発想がジャンクで面白いよ」,Your idea is junky and fun.,,
ID00236,0000c8a9,45,「ファミレスのドリンクバーで、,"At the cafe's drink bar,",,
ID00236,0000c8e5,39,　何時間粘ったことある？」,how long have you ever waited?,,
ID00236,0000ca9f,27,「４時間ってとこ」,It was about four hours.,,
ID00236,0000cae8,21,「粘ったなぁ」,You waited a while.,,
ID00236,0000cb2b,33,「プログラムしてたら、,"I was programming, so",,
ID00236,0000cb5b,48,　いつの間にか経ってたんだよね」,"before I knew it, time flew by.",,
ID00236,0000ce59,51,「夕食のお客さんが増えて来なきゃ、,"If the dinner crowd hadn't come in,",,
ID00236,0000ce9b,54,　気づかずに、もう２、３時間いたよ」,I've been here 2-3 hours.,,
ID00236,0000d188,21,「間食って…」,...Snack...,,
ID00236,0000d373,57,「そうそう、つい食べちゃうんだよねー」,"Yeah, I end up eating them too.",,
ID00237,00002032,60,「お前の好きなスイーツってなんだっけ？」,What's your favorite dessert again?,,
ID00237,00002201,51,「コンビニのプチシューが好きだよ」,I love mini cream puffs from the conbini.,,
ID00237,00002502,48,「スマホとかＰＣをいじりながら、,It's good to eat them while messing with,,
ID00237,00002541,36,　食べるのにいいからね」,your phone or PC.,,
ID00237,000025a6,51,「ケーキなら、なにが好きなんだ？」,What kind of cake do you like?,,
ID00237,0000276c,39,「おっきなシュークリーム」,Big cream puffs.,,
ID00237,000027c1,45,「なんだ、プチシューに限らず、,"So it's not just mini cream puffs,",,
ID00237,000027fd,57,　シュークリームが好きなんじゃないか」,you like all kinds of cream puffs?,,
ID00237,000029c9,30,「そうとも言うねー」,"Yeah, you could say that.",,
ID00237,00002b63,42,「シュークリームの中身って、,The filling in cream puffs is usually,,
ID00237,00002b9c,39,　生クリームとカスタード、,either whipped cream or custard.,,
ID00237,00002bd2,36,　どっちが好きなんだ？」,which one do you like better?,,
ID00237,00002d89,63,「シュークリームは生クリームがベストだよ」,Whipped cream makes the best cream puff.,,
ID00237,000030e9,45,「カスタードは、チョコレートと,"Custard goes well with chocolate,",,
ID00237,00003125,54,　相性がいいから、エクレア向きだね」,so it's better for eclairs.,,
ID00237,00003189,39,「結構、こだわってんだな」,You're pretty particular about it.,,
ID00237,00003343,42,「たまに食べる、カスタードの,"Sometimes I eat custard-filled ones, too,",,
ID00237,0000337c,51,　シュークリームもおいしいけどね」,"Shokupan's good too, you know.",,
ID00237,00003545,39,「なんだよ、結局、そんなに,"Whaddya mean, in the end, you're not",,
ID00237,0000357b,33,　こだわってねーのか」,that particular?,,
ID00237,000035ca,36,「おいしければよしだよ」,As long as it tastes good.,,
ID00237,000037a1,36,「スイーツなら、洋と和、,Both Western and Japanese desserts.,,
ID00237,000037d4,36,　どっちが好きなんだ？」,which one do you like better?,,
ID00237,0000398b,60,「どっちも好きだよ。食べやすさ重視だね」,It's all about how easy they are to eat.,,
ID00237,00003b7a,54,「和スイーツで好きなのってなんだ？」,What Japanese sweets do you like?,,
ID00237,00003d43,18,「どら焼き」,Dorayaki,,
ID00237,00003d83,30,「それって、例の…」,That's the one...,,
ID00237,00003efd,45,「肝心なとこでドジで間抜けで、,"At crucial moments, you're clumsy and stupid,",,
ID00237,00003f39,57,　科学の粋を集めた小道具を活かせない、,"can't even use a gadget that tops science,",,
ID00237,00003f81,51,　ネコ型ロボットの影響じゃないよ」,"it's not because of the cat robot's influence,",,
ID00237,000042b9,57,「あくまで、食べやすくておいしいから」,Just because they're easy to eat and tasty,,
ID00237,0000446e,63,「こう暑いと、ついアイスを食っちゃうよな」,"When it's this hot, you end up eating ice cream",,
ID00237,00004683,63,「うんうん、私もソーダバーをよく食べるよ」,"Yeah yeah, I eat soda bars a lot too.",,
ID00237,000046f0,33,「何味が好きなんだ？」,What flavor do you like?,,
ID00237,000048a4,57,「コーラだね。ちょっと気の抜けた感じの,"Coke, huh? It's got a slightly flat taste.",,
ID00237,000048ec,42,　甘さが、ジャンクでいいよ」,The sweetness is just right for junk food.,,
ID00237,00004a92,27,「甘いものって…」,Sugar...,,
ID00237,00004c83,51,「そうそう、自分へのご褒美だよね」,"That's right, it's a treat for myself.",,
ID00237,00004cf7,51,「コンビニのレジ横のスイーツとか、,"I always end up buying sweets by the checkout,",,
ID00237,00004d39,51,　お菓子って、つい買っちゃうよな」,don't I?,,
ID00237,00004e2d,39,「うんうん、わかるわかる」,"Yeah yeah, totally get it.",,
ID00237,0000501a,33,「どら焼きが半額だと、,"Whenever dorayaki are half price,",,
ID00237,0000504a,36,　買わない理由がないね」,There's no reason not to buy them.,,
ID00237,000051ea,51,「ドーナツで好きなのってなんだ？」,What kind of doughnut do you like?,,
ID00237,000053b0,54,「ココナツチョコは絶対に外せないよ」,Coconut chocolate is a must-have.,,
ID00237,00005579,57,「ココナツがポロポロこぼれちゃうのが、,"It's so easy for the coconut to fall off,",,
ID00237,000055c1,30,　困りものだけどね」,"That's a pain, but yeah.",,
ID00237,000058cd,54,「アメリカのチェーンのドーナツって、,It's weird how American chain donuts are...,,
ID00237,00005912,27,　甘すぎないか？」,Aren't they too sweet?,,
ID00237,00005ac0,51,「そこがいいんだよ、本場っぽくて」,"That's the point, they feel authentic.",,
ID00237,00005dc1,33,「アメリカのお菓子は、,American sweets are,,
ID00237,00005df1,63,　どれも歯が溶けそうなぐらい甘いからねー」,"super duper sweet, you know?",,
ID00237,000060e7,60,「コンビニ限定アイスって、結構あるよな」,There are so many limited-edition ice creams...,,
ID00237,00006332,57,「あれは…ちょっと買うのをためらうね」,I kinda hesitate to buy them sometimes.,,
ID00237,0000651b,18,「なんで？」,Why not?,,
ID00237,000066e3,48,「ちょっと高くて、おいしいから」,They're a bit pricey but really tasty.,,
ID00237,00006a18,60,「あれに慣れると元に戻れなくなりそう…」,"Once you get used to them, it's hard to go back...",,
ID00237,00006bbd,42,「グルメになったって事だな」,You're quite the gourmet.,,
ID00237,00006ea8,42,「プチグルメの危険な罠だね」,It's dangerous to fall into that trap.,,
ID00237,00006f13,57,「お前の好きな果物って、なんだっけ？」,What's your favorite fruit again?,,
ID00237,000070df,21,「みかんだよ」,Oranges.,,
ID00237,00007287,42,「冬は、こたつと、ミカンと、,"In winter, with a kotatsu,",,
ID00237,000072c0,33,　タブレットがあれば、,"and a tablet,",,
ID00237,000072f0,45,　一日中、そこにいられる感じ」,I could stay there all day long.,,
ID00237,00007598,27,「外へ出ろ、外へ」,You gotta go outside!,,
ID00237,00007746,27,「春が来ればね～」,When spring comes~,,
ID00237,000077a2,45,「どら焼きなら、何個食える？」,How many dorayaki can you eat?,,
ID00237,00007962,63,「コンビニで売ってる大きさなら、２つだね」,"If they're the size sold at convenience stores, two.",,
ID00237,00007cc2,54,「ネコ型ロボットぐらい食べられると、,I wish I could eat like that.,,
ID00237,00007d07,48,　幸せなんだけどなーって思うよ」,but that's just me...,,
ID00237,00007f7a,36,「体型まで一緒になるぞ」,You'll end up looking like one too.,,
ID00237,00008131,51,「あう…それはまずい。ただでさえ、,"Ah... That's bad. As it is,",,
ID00237,00008173,51,　部屋からあんまり出ないとことか、,I don't leave my room much and,,
ID00237,000081b5,21,　似てるのに」,We look alike.,,
ID00237,0000836a,18,「はははは」,Hahaha,,
ID00237,000083bd,39,「夏のスイーツといえば…」,When it comes to summer sweets...,,
ID00237,00008577,57,「食べ過ぎて、お腹冷やさないようにね」,Don't eat too much and don't get a cold stomach.,,
ID00237,0000872c,51,「団子なら、何団子が好きなんだ？」,What kind of dango do you like?,,
ID00237,000088f2,33,「あん団子が好きだよ。,I love anko dango.,,
ID00237,00008922,42,　よもぎ餅なら、モアベター」,"If it's yomogi mochi, more the better.",,
ID00237,00008c51,36,「コンビニで見かけると、,When I see them...,,
ID00237,00008c84,51,　つい買いたくなっちゃうんだよね」,I can't help but want to buy them.,,
ID00237,00008e60,54,「コンビニのスイーツって小さいよな」,"Convenience store sweets are small, right?",,
ID00237,00009029,57,「女子にはあれぐらいでちょうどいいよ」,That size is just right for girls.,,
ID00237,00009271,48,「つい…２つ買っちゃったりして」,I end up buying two...,,
ID00237,00009444,36,「小さい意味がないぞー」,There's no point if they're small!,,
ID00237,000094a9,60,「ガムって、年々売上が落ちてるらしいな」,"Gum sales have been dropping year by year, right?",,
ID00237,00009678,48,「タブレットの方が、フレーバーが,Tablets come in more flavors.,,
ID00237,000096b7,36,　長く続いていいからね」,So they should last a while.,,
ID00237,0000986e,36,「あごが疲れちゃうのも、,Having your jaw get tired is,,
ID00237,000098a1,36,　マイナスポイントだよ」,a downside too.,,
ID00237,00009aa9,39,「けど、焼き肉屋さんの後、,"But after eating barbecue,",,
ID00237,00009adf,39,　家族みんなで噛むガムは、,Family gum-chewing is fun.,,
ID00237,00009b15,42,　なんか楽しくて好きだなぁ」,I really like it.,,
ID00237,00009e2d,39,「秋のスイーツといえば？」,What's your favorite fall dessert?,,
ID00237,00009fe7,42,「スイートポテトが好きだよ。,I love sweet potatoes.,,
ID00237,0000a020,30,　しっとりと甘くて」,They're so soft and sweet.,,
ID00237,0000a1f7,51,「クリームの香りとさつまいもって、,"The cream scent with sweet potato,",,
ID00237,0000a239,21,　合うよねー」,it's a great combo.,,
ID00237,0000a3f7,36,「最近のスイーツって…」,"These days, desserts...",,
ID00237,0000a5ae,48,「あははー、私やユイ姉の影響で、,"ahaha~, because of my and Onee-chan's influence,",,
ID00237,0000a5ed,51,　にい君もスイーツに詳しいよねー」,You know sweets.,,
ID00238,00003738,45,「お前、冷やし中華、好きだな」,"You like cold Chinese food, don't you?",,
ID00238,000038f8,27,「食堂のは特にね」,Especially the cafeteria's.,,
ID00238,00003a6f,63,「あれだけは別腹で、何杯でも食べられそう」,"I could eat that all day long, no problem.",,
ID00238,00003c4e,21,「知ってるよ」,"Yeah, I know.",,
ID00238,00003ca4,51,「晩メシで好きなのって、なんだ？」,What do you usually like for dinner?,,
ID00238,00003e6a,57,「季節外れだけど、グラタンが好きだよ」,"Even though it's out of season, I love gratin.",,
ID00238,00004043,57,「ああ、母さんのグラタン、うまいよな」,"Yeah, mom's gratin is really good.",,
ID00238,0000421b,63,「うん。熱々のホワイトソースとマカロニに、,"Yeah. The piping hot white sauce and macaroni,",,
ID00238,00004269,57,　焦げたチーズが絡まって、絶品だよね」,Burnt cheese's great.,,
ID00238,000046cb,51,「食堂でよく食べるのってなんだ？」,What do you often eat at the cafeteria?,,
ID00238,00004891,45,「１年を通してよく食べるのは、,What do you eat often?,,
ID00238,000048cd,51,　レギュラーメニューのカレーだね」,It's the regular menu curry.,,
ID00238,00004d09,39,「なにを食べるか悩んだり、,When I'm unsure what to eat or,,
ID00238,00004d3f,48,　出遅れた時はいつもそうだから、,"I always end up late, so...",,
ID00238,00004d7e,36,　週に１食は食べてるよ」,I eat it once a week.,,
ID00238,000051ab,42,「奇をてらわない普通の味で、,"Its plain taste isn't showy, but",,
ID00238,000051e4,30,　食べ飽きないよね」,You don't get sick of it.,,
ID00238,00005243,54,「カレーのトッピングで好きなのって、,What's your favorite topping for curry?,,
ID00238,00005288,18,　なんだ？」,What's that?,,
ID00238,0000542d,36,「とろけるチーズだねー。,It's melted cheese.,,
ID00238,00005460,48,　オーブンで焦げ目がついてると、,"When it gets a bit crispy in the oven,",,
ID00238,0000549f,21,　なおベスト」,it's even better.,,
ID00238,000057a2,42,「好きな肉料理ってなんだ？」,What's your favorite meat dish?,,
ID00238,0000595f,33,「滅多に食べないけど、,"I don't eat it often, but",,
ID00238,0000598f,42,　グルメバーガーが好きだよ」,I love gourmet burgers.,,
ID00238,00005ba9,51,「ああ、１つ千円ぐらいするヤツな」,"Yeah, the ones that cost about a thousand yen each.",,
ID00238,00005c4d,48,「うん。分厚さもおいしさだって、,"Yep. Thickness is part of the taste too,",,
ID00238,00005c8c,27,　教えてくれるよ」,I'll tell you that much.,,
ID00238,00005e91,60,「ハンバーガーとコーラの取り合わせって、,Hamburgers and Coke go well together.,,
ID00238,00005edc,60,　なんであんなにおいしいんだろうねー？」,isn't it? I wonder why?,,
ID00238,000060b8,48,「ん？　そうだな、後を引くよな」,"Hmm? Yeah, it's addictive, isn't it?",,
ID00238,00006244,60,「脂っこいものと、さっぱりした飲みものの,Fatty foods and refreshing drinks,,
ID00238,0000628f,60,　取り合わせだけとは思えない、あの相性。,They're made for each other.,,
ID00238,000062da,60,　いつかきっと、この謎を解いてみせるよ」,"One day, I'll definitely solve this mystery.",,
ID00238,0000655f,45,「お前って、回転寿司へ行くと、,"You always go for new stuff, don't you?",,
ID00238,0000659b,42,　よく変わりネタを取るよな」,You're always picking up new stuff.,,
ID00238,00006758,48,「１皿１００円の味覚チャレンジ。,A taste challenge for just 100 yen per plate.,,
ID00238,00006797,33,　その挑戦は受けねば」,I can't turn down that challenge.,,
ID00238,00006958,36,「うまいのはあったか？」,Did you find anything good?,,
ID00238,00006b0f,48,「味たま軍艦が意外とおいしいよ。,The tamago warship is surprisingly tasty.,,
ID00238,00006b4e,54,　半熟卵と、マヨネーズと、しょう油の,"The half-boiled egg, mayo, and soy sauce go great.",,
ID00238,00006b93,30,　取り合わせが絶妙」,The combo is perfect.,,
ID00238,00006d51,54,「見た目がラーメンのトッピングみたい,It looks like a ramen topping or something,,
ID00238,00006d96,24,　なんだよなぁ」,you know?,,
ID00238,00006f41,57,「そのインパクトを乗り越えた者だけが、,Only those who overcome it can reach that.,,
ID00238,00006f89,54,　あのおいしさにたどり着けるのだよ、,you know?,,
ID00238,00006fce,15,　にい君」,nil-chan.,,
ID00238,00007159,54,「学食で、増やして欲しいメニューって,"What menu do you want added in the cafeteria,",,
ID00238,0000719e,18,　あるか？」,Is there anything?,,
ID00238,00007343,51,「ピザだね。違う味のを２切れとか」,"Pizza, maybe two slices of a different flavor.",,
ID00238,00007516,39,「またジャンクなものを…」,Another junk food item...,,
ID00238,000076c6,60,「そうでもないよ？　イタリアの学校じゃ、,"That's not so bad? In Italian schools,",,
ID00238,00007711,33,　普通にあるだろうし」,"It should be common, right?",,
ID00238,00007a5a,45,「非常食用にテイクアウトして、,"I'd like to take some out for emergencies,",,
ID00238,00007a96,33,　冷凍しておきたいね」,and freeze it.,,
ID00238,00007c20,36,「それが目的じゃねーか」,That's the whole point.,,
ID00238,00007c85,48,「苦手な食い物って、あったか？」,"You don't like some foods, huh?",,
ID00238,00007e48,30,「インゲンが苦手ー」,I hate green beans.,,
ID00238,00007e94,33,「ああ、そうだったな」,"Oh yeah, that's right.",,
ID00238,00008048,54,「味はともかく、あのキュッキュッって,"The taste aside, the crunchiness...",,
ID00238,0000808d,21,　食感がね…」,That's what I hate...,,
ID00238,000080d0,54,「ごまダレがかかってるとうまいぞ？」,It tastes good with sesame sauce though?,,
ID00238,0000816b,48,「だから、味は問題ないんだって」,So it's not really about the flavor then.,,
ID00238,00008304,21,「そ、そっか」,R-Really?,,
ID00238,0000835a,42,「これまで食った高級料理で、,"Of all the fancy dishes I've eaten,",,
ID00238,00008393,45,　一番うまかったのはなんだ？」,Which one was the best?,,
ID00238,00008553,60,「んー、何年か前、パパが気まぐれで作った,"Hmm, a few years ago, Dad made something on a whim,",,
ID00238,0000859e,30,　生ハムメロンだね」,ham melon.,,
ID00238,00008a09,63,「あれか！？　あれがナンバー１なのか！？」,That's it!? That's number one!?!,,
ID00238,00008be7,57,「ん。高級メロンの甘さと、塩味の効いた,"Hmm, fancy melon sweetness and saltiness,",,
ID00238,00008c2f,63,　プロシュートの味わい…。思い出の味だよ」,The taste of prosciutto... It’s from my memories.,,
ID00238,00008f75,57,「またクリスマスにでも作ってもらえよ」,Make it again for Christmas sometime.,,
ID00238,00009141,33,「いいねー、そうする」,"Sounds good, I'll do that.",,
ID00238,00009315,36,「ピザのトッピングなら、,"For pizza toppings,",,
ID00238,00009348,39,　なにが一番好きなんだ？」,you like best?,,
ID00238,00009502,60,「チーズたっぷりなら、なんでも好きだよ」,I like anything with lots of cheese.,,
ID00238,00009843,30,「生地は薄手のより、,I prefer thin crusts to,,
ID00238,00009870,51,　パンタイプの分厚い方がいいねー」,thick bread-like ones though.,,
ID00238,000098e4,54,「お前って、料理の腕はどうなんだ？」,How's your cooking skill?,,
ID00238,00009b29,36,「発展途上ってとこかと」,Still in development I guess.,,
ID00238,00009d57,33,「イマイチってことか」,You suck at it then?,,
ID00238,00009f0b,48,「フッフッフッ、真奈の料理創世は,"Heh heh, Mana's cooking just starts here.",,
ID00238,00009f4a,33,　始まったばかりだよ」,It's still in its infancy.,,
ID00238,0000a033,42,「好きなハンバーガーって？」,You like hamburgers?,,
ID00238,0000a1f0,42,「シンプルなチーズバーガー。,A simple cheeseburger.,,
ID00238,0000a229,33,　ケチャップは多めで」,With lots of ketchup.,,
ID00238,0000a3c6,30,「うちの学食って…」,Our cafeteria...,,
ID00238,0000a5a4,48,「そうだねー。どれもおいしくて、,Yeah. Everything tastes great and...,,
ID00238,0000a5e3,24,　目移りするよ」,I can't decide.,,
ID00238,0000a63c,60,「真奈の“いきなり学園ランキングー！”」,Mana's 'Sudden School Ranking!',,
ID00238,0000abc9,54,「食堂で一番人気なメニューはなに？」,What's the most popular menu item in the cafeteria?,,
ID00238,0000ad68,30,「…ハンバーグか？」,Is it the hamburger?,,
ID00238,0000ae04,45,「当たりー。男女問わず大人気。,You got it! It's a hit with everyone.,,
ID00238,0000ae40,36,　上に乗った目玉焼きと、,The fried egg on top and,,
ID00238,0000ae73,54,　デミグラスソースがいいんだよねー」,the demi-glace sauce are just perfect.,,
ID00238,0000b30f,36,「ちなみに、夏限定だと、,"By the way, during summer,",,
ID00238,0000b342,54,　私も大好きな冷やし中華が１位だよ」,my favorite cold chuka soba is number one.,,
ID00238,0000b3b9,54,「うどんのトッピングで好きなのって、,What toppings do you like on your udon?,,
ID00238,0000b3fe,18,　なんだ？」,What's that?,,
ID00238,0000b5a3,24,「ちくわ天だね」,"Fried chikuwa, right?",,
ID00238,0000b74e,51,「そのまま食べてもおいしいちくわを,The fact that you fry up the tasty chikuwa,,
ID00238,0000b790,54,　あえて天ぷらにするところがいいよ」,even though it's already delicious is what I like.,,
ID00238,0000b838,51,「お出汁がよく染みこむんだよね～」,It really soaks up the broth nicely~,,
ID00238,0000b8ee,57,「Ｂ級グルメで好きなのって、なんだ？」,What B-grade gourmet foods do you like?,,
ID00238,0000baba,63,「ご当地ハンバーガーを色々食べてみたいね」,I'd love to try all sorts of local burgers.,,
ID00238,0000bb27,33,「ああ、色々あるよな。,"Yeah, there are a lot.",,
ID00238,0000bb57,39,　特に食ってみたいのは？」,Which one in particular?,,
ID00238,0000bd11,36,「密かに増殖しつつある、,"Secretly multiplying,",,
ID00238,0000bd44,36,　ラーメンバーガーだね。,Ramen burgers.,,
ID00238,0000bd77,48,　ニューヨークにもあるらしいよ」,They say there are some in New York too.,,
ID00238,0000bf47,42,「ニューヨーク？　なんで？」,New York? Why that one?,,
ID00238,0000c0cd,57,「ほら、アメリカはラーメンブームだし、,"You know, America's got a ramen boom going on,",,
ID00238,0000c115,39,　ハンバーガー好きだから」,and they love hamburgers.,,
ID00238,0000c1e0,18,「なるほど」,I see.,,
ID00238,0000c233,60,「お前がよくファミレスで頼むメニューって,The menu you always order...,,
ID00238,0000c27e,24,　なんだっけ？」,What was it again?,,
ID00238,0000c429,45,「メインディッシュは数あれど、,"There are many main dishes,",,
ID00238,0000c465,57,　必ず頼むのは、コーンクリームスープ」,but the one you always order is corn cream soup.,,
ID00238,0000c63e,51,「ああ、そういやいつも飲んでるな」,"Oh yeah, I do drink that all the time.",,
ID00238,0000c7cd,57,「どんな料理とも合うし、おいしいよね」,It goes well with any dish and it's delicious too.,,
ID00238,0000c847,51,「焼肉行ったら、必ず食べたいのって,"When we go to a barbecue restaurant,",,
ID00238,0000c889,21,　なんだよ？」,What do you want?,,
ID00238,0000ca31,21,「ライスだね」,"Rice, of course.",,
ID00238,0000ca74,48,「ああ、ご飯と合うよな、焼肉は」,"Yeah, rice really goes well with grilled meat.",,
ID00238,0000cc37,48,「塩味より、たれの方が合うから、,"Sauce goes better than salt, so",,
ID00238,0000cc76,45,　みんながタン塩食べてる間は、,"while everyone's eating beef tongue,",,
ID00238,0000ccb2,27,　お預け状態だよ」,I'm stuck waiting.,,
ID00238,0000d10d,36,「ははは、そうだったな」,"Hehe, that's right.",,
ID00238,0000d172,57,「スパゲッティで好きなのってなんだ？」,What kind of pasta do you like?,,
ID00238,0000d33e,39,「カルボナーラが好きだよ。,It's carbonara.,,
ID00238,0000d374,30,　まったりと濃厚で」,It's creamy and rich.,,
ID00238,0000d660,51,「粉チーズを容赦なくふりかけると、,"If you sprinkle on the grated cheese without mercy,",,
ID00238,0000d6a2,30,　さらにおいしいよ」,It's even more delicious.,,
ID00238,0000d83c,45,「すき焼きとしゃぶしゃぶなら、,"If it's sukiyaki or shabu-shabu,",,
ID00238,0000d878,36,　どっちが好きなんだ？」,which one do you like better?,,
ID00238,0000da2f,24,「すき焼きだね」,"Like sukiyaki, right?",,
ID00238,0000dbda,39,「ただし、食べ過ぎに注意。,But be careful not to overeat.,,
ID00238,0000dc10,63,　ご飯と一緒に食べた上に、締めにうどんとか,You eat it with rice and finish with udon.,,
ID00238,0000dc5e,36,　大食の罪を犯してるよ」,That's a sin of gluttony.,,
ID00238,0000df26,51,「ははは、つい食っちゃうんだよな」,"Hehe, I can't help but pig out.",,
ID00238,0000df9a,60,「冷やし中華は、しょう油だれとゴマだれ、,Cold ramen: soy or sesame?,,
ID00238,0000dfe5,36,　どっちが好きなんだ？」,which one do you like better?,,
ID00238,0000e19c,33,「断然、醤油だれだよ」,Definitely soy sauce.,,
ID00238,0000e48b,48,「あの他ではなかなか味わえない、,"That unique cold ramen taste,",,
ID00238,0000e4ca,54,　甘酸っぱさあっての冷やし中華だね」,you can't get anywhere else.,,
ID00238,0000e67c,51,「ラーメンなら何味が好きなんだ？」,What kind of ramen do you like?,,
ID00238,0000e842,33,「ジャージに着替えて、,"Change into a jersey,",,
ID00238,0000e872,36,　とんこつラーメンだね」,it'll be tonkotsu ramen.,,
ID00238,0000e9ff,39,「なんで着替えるんだよ？」,"Why do you have to change clothes?""",,
ID00238,0000ebb9,45,「本格的なとんこつラーメンは、,"Real tonkotsu ramen is,",,
ID00238,0000ebf5,30,　匂いがすごいから。,The smell is crazy.,,
ID00238,0000ec22,39,　髪も制服もベトベトだよ」,My hair and uniform are all sticky.,,
ID00238,0000f052,57,「帰ったらそのまま、お風呂に直行だね」,Straight to the bath when home.,,
ID00238,0000f207,60,「寿司で一番好きなネタはなんなんだよ？」,What's your favorite sushi topping?,,
ID00238,0000f3d6,45,「高いお寿司屋さんなら卵だね。,It would be egg at an expensive sushi place.,,
ID00238,0000f412,60,　回転寿司じゃ味わえないおいしさだから」,You can't taste that at conveyor belt sushi.,,
ID00238,0000f4b6,42,「回転寿司ならなんなんだ？」,Then what about conveyor belt sushi?,,
ID00238,0000f673,63,「エビ天巻きだよ。逆に高いお寿司屋さんには,I like ebi tamagowaki rolls.,,
ID00238,0000f6c1,36,　あんまりないでしょ？」,are they?,,
ID00238,0000f861,57,「夏のメニューで好きなのってなんだ？」,What's your favorite summer dish?,,
ID00238,0000fa2d,48,「小さいころ、山の茶屋で食べた、,"When I was little, at a mountain teahouse,",,
ID00238,0000fa6c,48,　流しそうめんが忘れられないよ」,were unforgettable,,
ID00238,0000faca,33,「ああ、楽しかったな」,"Yeah, it was fun",,
ID00238,0000fc7e,48,「冷たい井戸水と一緒に流れてくる,The soba noodles that came with cold well water,,
ID00238,0000fcbd,57,　そうめんが、楽しいし、おいしいし…」,were so much fun and delicious...,,
ID00238,00010059,30,「また行きたいねー」,I want to go again,,
ID00238,000100a5,18,「そうだな」,You're right.,,
ID00238,000100f8,45,「お前って、食べるの遅いよな」,You're slow when you eat.,,
ID00238,000102b8,36,「ご飯は逃げないからね」,The food's not gonna run away.,,
ID00238,0001030a,63,「麺類は伸びるとあんまりうまくないだろ？」,"Noodles don't taste good when they get mushy, right?",,
ID00238,000104dc,57,「歯ごたえは落ちるけど、味は一緒だよ。,The texture's worse but flavor stays same.,,
ID00238,00010524,60,　むしろよく噛んだ方が太らないと思われ」,I think chewing well helps you not get fat.,,
ID00238,0001082e,48,「にい君も、もっとよく噛みなよ」,You should chew more too.,,
ID00238,0001088c,30,「む…気をつけるよ」,Will do...,,
ID00238,000108eb,42,「この間、食ったんだけど…」,I ate it a while ago...,,
ID00238,00010aa8,42,「あー、いいね。おいしそー」,"Mmm, sounds good.",,
ID00238,00010c85,51,「作ってみたい料理ってないのか？」,You don't have any dishes you wanna make?,,
ID00238,00010e4b,45,「シカゴピザを作ってみたいよ」,I want to try making Chicago pizza.,,
ID00238,00010ea6,24,「シカゴピザ？」,Chicago pizza?,,
ID00238,00011051,54,「知らない？　アメリカのシカゴ名物の,"You don't know? It's a famous dish from Chicago,",,
ID00238,00011096,51,　１０センチくらいある分厚いピザ」,"It's a thick pizza, about ten centimeters high.",,
ID00238,000113a4,57,「何層にもなってて、まるでピザで出来た,It has multiple layers and looks like a cake made of,,
ID00238,000113ec,36,　ケーキみたいなんだよ」,pizza.,,
ID00238,0001143e,15,「へ～っ」,Wow...,,
ID00238,000115e0,54,「ユイ姉と、クリスマスケーキ代わりに,Yui-nee and I ate it as our Christmas cake once.,,
ID00238,00011625,42,　作ってみるのもいいかもね」,Maybe I should try making one too.,,
ID00238,0001167d,39,「ピザのケーキか…むむ…」,A cake pizza... hmm...,,
ID00238,000116e5,45,「アメリカのグルメバーガーが、,American gourmet burgers are,,
ID00238,00011721,48,　続々日本に上陸してきてるよな」,coming to Japan one after another.,,
ID00238,00011927,48,「うんうん、食べてみたいよねー」,"Yeah, yeah, I'd love to try them!",,
ID00238,00011aea,39,「向こうのハンバーガーは、,Burgers over there have,,
ID00238,00011b20,48,　意外と野菜がたくさん入ってて、,"a surprising amount of veggies,",,
ID00238,00011b5f,48,　パティとバランスいいんだよね」,and they balance well with the patty.,,
ID00238,00011e5d,42,「地方出店が待ち遠しいよー」,Can't wait for the local vendors.,,
ID00238,00011ec8,57,「中華料理で一番好きなのってなんだ？」,What's your favorite Chinese dish?,,
ID00238,00012094,27,「シュウマイだね」,"Shumai, right?",,
ID00238,000120dd,57,「ああ、そういえば、家族で中華を食いに,"Oh yeah, we ate Chinese food once.",,
ID00238,00012125,39,　行くと、必ず頼んでるな」,You always order it when we go.,,
ID00238,000122df,24,「蒸したお肉の、,"Steamed meat,",,
ID00238,00012306,48,　ふわふわな感じがいいんだよー」,It's so fluffy and nice.,,
ID00238,000123fe,63,「カップ焼きそばって、クセになる味だよな」,"Cup ramen is addictive, isn't it?",,
ID00238,00012613,60,「うん。麺のおいしさを純粋に楽しむなら、,"Yeah, if you want to enjoy the noodles purely,",,
ID00238,0001265e,45,　カップラーメンより上だよね」,cup ramen's better than instant.,,
ID00238,00012862,36,「湯気と一緒に立ち上る、,"Aroma rising with the steam,",,
ID00238,00012895,45,　ソースの香りがたまらないよ」,is just irresistible.,,
ID00238,00012903,36,「目玉焼きにかけるのは、,Do you put soy sauce on your eggs?,,
ID00238,00012936,45,　しょう油とソースどっちだ？」,Soy sauce or ketchup?,,
ID00238,00012af6,30,「ん～、ソースだね」,"Mmm, it’s the sauce.",,
ID00238,00012de2,60,「しょう油だとしょっぱくなっちゃうから」,"If it’s soy sauce, it gets too salty.",,
ID00238,00012e5f,45,「外食する時、ネットの評価って,"When I eat out, do you care about",,
ID00238,00012e9b,24,　気になるか？」,online reviews?,,
ID00238,00013073,27,「それなりにねー」,"Sort of, yeah.",,
ID00238,00013221,63,「すごくほめてるのから、けなしてるのまで、,"From those that praise it to those that trash it,",,
ID00238,0001326f,45,　いっぱいレビューがあるから、,so,,
ID00238,000132ab,42,　鵜呑みには出来ないけどね」,Can't take them at face value.,,
ID00238,000134b8,54,「から揚げにはレモンをかける派か？」,You're the type who puts lemon on fried chicken?,,
ID00238,000136db,33,「ううん、かけないよ」,"Nope, I don't.",,
ID00238,0001388f,48,「せっかくカラッと揚がった衣が、,The crispy coating gets all soggy and sour.,,
ID00238,000138ce,30,　ジトッとした上に、,"Gets all sticky, you know?",,
ID00238,000138fb,42,　酸っぱくなっちゃうからね」,That's why I don't put it on.,,
ID00238,00013bdc,42,「秋といえば、サンマだよな」,What about mackerel in the fall?,,
ID00238,00013d99,48,「脂がのってて、おいしいよねー」,"It's so fatty and tasty, isn't it?",,
ID00238,00013f5c,48,「焼き魚じゃ、一番おいしいんじゃ,Maybe grilled fish is the best,,
ID00238,00013f9b,21,　ないかなぁ」,I wonder...,,
ID00238,00013fde,24,「そうかもな～」,"Yeah, maybe.",,
ID00238,00014037,60,「食い合わせが悪い食べものってあるよな」,"There are foods that don't go well together, right?",,
ID00238,00014206,54,「迷信なのと、本当なのがあるけどね」,Some are superstitions and some are real.,,
ID00238,0001426a,24,「そうなのか？」,Is that so?,,
ID00238,000142f3,60,「うん。よく言われる、ウナギと梅干しは、,"The eel and umeboshi combo,",,
ID00238,0001433e,57,　実は消化を助けるいい組み合わせだよ」,actually helps digestion.,,
ID00238,00014517,15,「へ～っ」,Wow...,,
ID00238,000146af,54,「本当に悪い組み合わせは、せっかくの,Really bad combinations can destroy vitamins,,
ID00238,000146f4,60,　ビタミンを壊したり、中毒を起こすものも,and cause poisoning.,,
ID00238,0001473f,36,　あるから、気をつけて」,So be careful.,,
ID00238,00014a1a,57,「料理上手な女の子って、魅力あるよな」,Girls who cook well are pretty attractive.,,
ID00238,00014be6,51,「む…私にも将来性はあると思われ」,Mm... I guess there's hope for me.,,
ID00238,00014de6,60,「少なくとも、料理が嫌いではないからね」,"At least, I'm not averse to cooking.",,
ID00238,00014ff8,36,「自分で作る料理って…」,Cooking your own food...,,
ID00238,000151f2,51,「うんうん、好みの味に出来るとこが,You can make it to your taste.,,
ID00238,00015234,27,　メリットだよね」,It's the best part.,,
ID00239,00002062,54,「お前って、いつもマイペースだよな」,You're always so laid-back.,,
ID00239,0000222b,36,「それって、ほめてる？」,Is that a compliment?,,
ID00239,000023b8,27,「まぁ…そうだな」,Well... yeah.,,
ID00239,00002566,54,「ふむ、ほめられたなら、それでよし」,"Hmm, that's good enough for me.",,
ID00239,0000288a,45,「お前のアプリいじってるけど、,"I'm messing around with your app,",,
ID00239,000028c6,27,　よく出来てるよ」,it's pretty well done.,,
ID00239,00002a74,51,「それはそれは、役立ってなにより」,"That's great, functionality first.",,
ID00239,00002d75,39,「いい夏になるといいねー」,I hope you have a nice summer.,,
ID00239,00002ddd,57,「お前はユイ姉と違って、小さいころから,You're different from Yui-nee.,,
ID00239,00002e25,45,　手間のかからないヤツだよな」,You haven't caused any trouble.,,
ID00239,00002fe5,45,「あははー、ユイ姉は、にい君に,"Ahaha, Yui-nee's always annoying Bro-kun.",,
ID00239,00003021,36,　わがまま放題だからね」,She's totally spoiled by him.,,
ID00239,00003485,57,「それだけ頼りにされてるってことだよ」,It just means she trusts you that much.,,
ID00239,000034ff,63,「マンガやアニメにしろ、プログラムにしろ、,"Whether it's manga or anime, or programming,",,
ID00239,0000354d,60,　趣味に熱中できるのは、素直にすげーって,Being able to dive into your hobbies is cool.,,
ID00239,00003598,15,　思うよ」,right?,,
ID00239,0000373a,33,「あははー、ありがと」,"Ahaha, thanks.",,
ID00239,00003a60,27,「にい君も、動画で,You can too.,,
ID00239,00003a8a,51,　趣味の世界の住人の仲間入りだね」,"Welcome to the world of hobbies, @str_000.",,
ID00239,00003c70,54,「太股のバンダナを欠かさないのって、,"You never miss your thigh bandana, right?",,
ID00239,00003cb5,27,　実は大変だろ？」,It is tough.,,
ID00239,00003e63,51,「こうして自らの力を封印しないと、,If you don't seal away your power like this,,
ID00239,00003ea5,45,　世界が崩壊しかねないからね」,"the world might collapse, you know.",,
ID00239,000040b4,54,「そう思うと、苦でもなんでもないよ」,That's why I don't mind any pain or anything.,,
ID00239,0000429a,18,「はいはい」,Sure sure.,,
ID00239,000042ed,36,「お前って、色白だよな」,You're pale.,,
ID00239,000044a4,57,「外で紫外線をあんまり浴びないからね」,That's 'cause you don't get much UV out in the sun.,,
ID00239,00004670,48,「ネトゲで市街戦はよくやるけど」,I do a lot of city battles in net games though.,,
ID00239,000046ce,18,「はははは」,Hahaha,,
ID00239,00004721,36,「お前のいいとこって…」,Your good points are...,,
ID00239,000048d8,54,「さすがにい君、よくわかってるねー」,"You really know your stuff, @str_000.",,
ID00239,00004ac1,42,「プログラムできるＪＣって、,Rare J-Cutes.,,
ID00239,00004afa,42,　実は貴重なんじゃないか？」,"I mean, you're one of a kind, @str_000.",,
ID00239,00004cb7,48,「そのせいか、コンピュータ部から,Club recruit.,,
ID00239,00004cf6,39,　勧誘を受けたことあるよ」,Invited once.,,
ID00239,00004e86,27,「そうなのか！？」,Is that so!?,,
ID00239,00005034,63,「部活に興味がないから入らなかったけどね」,I ain't into clubs.,,
ID00239,00005354,60,「こうして、にい君と話してると楽しいよ」,"Talking to you like this is fun, Bro-kun.",,
ID00239,000053be,18,「そうか？」,Is that so?,,
ID00239,0000556f,27,「うん。にい君は、,Yeah. You're...,,
ID00239,00005599,42,　私の最大の理解者だからね」,my biggest supporter.,,
ID00239,0000589e,57,「ちゃんと理解してるとも思えねーが…」,Though I don't think you really get me...,,
ID00239,00005a6a,54,「そこは理解してるって言っとこうよ」,But let's just say you do understand me.,,
ID00239,00005ace,24,「はは…だよな」,はは...,,
ID00239,00005b27,45,「兄の俺が言うのもなんだけど、,It's odd for me to say...,,
ID00239,00005b63,45,　見た目そんな悪くないんだし、,"You're not that bad-looking, so",,
ID00239,00005b9f,57,　趣味がまともなら、モテると思うぞ？」,"if your hobbies are normal, you'll be popular.",,
ID00239,00005d6b,39,「私はいいよ、今のままで。,I'm fine as I am.,,
ID00239,00005da1,54,　にい君からモテればそれでいいから」,It's enough for me if you like me.,,
ID00239,000060b2,54,「俺からモテることはないっ。妹だぞ」,There's no way I'd be liked. You're my sister.,,
ID00239,00006244,36,「けど、仲はいいよね？」,"But we get along well, right?",,
ID00239,00006408,18,「…まぁな」,"...Well, yeah.",,
ID00239,000065ad,30,「なら、それで十分」,That's good enough for me.,,
ID00239,0000665c,39,「お前の目って、でっかくて,"You've got big eyes,",,
ID00239,00006692,30,　ネコみたいだよな」,Like a cat's.,,
ID00239,00006843,42,「あははー、吊り目だからね」,"Hehe, because I've got slanted eyes.",,
ID00239,00006b72,36,「暗視機能がついてたら、,"If my night vision was on,",,
ID00239,00006ba5,48,　まさにネコだったんだけどねー」,I'd be just like a cat.,,
ID00239,00006e79,18,「はははは」,Hahaha,,
ID00239,00006ecc,57,「お前って、俺にも親にも反発しないし、,"You never rebel against me or your parents,",,
ID00239,00006f14,30,　反抗期がないよな」,You're not rebelling.,,
ID00239,000070c5,42,「特に怒ることがないからね。,There's nothing to get mad at really.,,
ID00239,000070fe,63,　ストレスフリーなのが、真奈のいいところ」,That's what makes Mina great.,,
ID00239,000073e1,45,「マイペースだからな、お前は」,"You're chill, after all.",,
ID00239,0000744f,54,「お前って、実は前向きなヤツだよな」,"Actually, you're pretty optimistic.",,
ID00239,00007667,30,「んー、そうかもね」,"Hmm, maybe so.",,
ID00239,0000799a,57,「がんばれば、どんな夢も実現できるって,"If you work hard, any dream can come true.",,
ID00239,000079e2,24,　思ってるから」,'cause I really do.,,
ID00239,00007b8d,45,「その辺りは、ユイ姉譲りだね」,That's just like your sister.,,
ID00239,00007e9b,39,「にい君のいいとこって…」,Your good points...,,
ID00239,00007ef0,36,「はいはい、ありがとよ」,"Sure thing, thanks a lot.",,
ID00239,000081d5,36,「む…スルーされたか…」,Mm... She ignored me...,,
ID00239,0000823a,39,「お前のおかげで、ユイ姉に,"Thanks to you, I didn't forget",,
ID00239,00008270,57,　デビューのお祝いを忘れずにすんだよ」,to celebrate my debut.,,
ID00239,0000843c,60,「真奈は、よく気がつくいい子だからねー」,Mana's a good girl who notices things.,,
ID00239,0000860e,36,「そうだな、ありがとよ」,"Yeah, thanks a lot.",,
ID00239,00008673,48,「この際だから、お前はこのまま、,"Since we're at it, I hope you grow up",,
ID00239,000086b2,60,　らしさを失わずに大きくなって欲しいよ」,without losing your personality.,,
ID00239,00008881,54,「心配しなくても、変わりようがないと,Don't worry; she won't change.,,
ID00239,000088c6,15,　思われ」,I guess,,
ID00239,00008a68,51,「たとえこの体が滅ぶ時が来ようと、,"Even if this body meets its end,",,
ID00239,00008aaa,57,　時空を越えて、にい君に会いに来るよ」,I'll come to see you beyond time and space.,,
ID00239,00008da9,57,「お前みたいなちょっと変わったヤツが、,"You're a bit of an oddball like me,",,
ID00239,00008df1,60,　とんでもない発明をしちゃうのかもなぁ」,Maybe you'll make a crazy invention.,,
ID00239,00008fc0,57,「いいねー。世界がひっくり返るような、,That'd be awesome!,,
ID00239,00009008,45,　世紀の大発明をしてみたいね」,I wanna make a world-changing invention too.,,
ID00239,00009475,45,「『魔法を司る者』である私に、,There's nothing I can't do.,,
ID00239,000094b1,30,　不可能はないッ！」,There's nothin' I can't do!,,
ID00239,0000967c,18,「はははは」,Hahaha,,
ID00239,00009834,57,「にい君、この夏、いろいろありがとね」,"Thanks for everything this summer, @str_000.",,
ID00239,00009a61,48,「俺はお前の兄だぞ、気にすんな」,"I'm your big bro, don't worry about it.",,
ID00239,00009b02,27,「うん…ありがと」,Yeah... thanks.,,
ID00239,00009b7a,39,「俺はなんにもしてねーよ」,I didn't do anything special.,,
ID00239,00009d8e,48,「ううん、いっぱいしてくれたよ。,"No, you did a lot for me.",,
ID00239,00009dcd,21,　…ありがと」,...thanks.,,
ID00239,0000a0ff,27,「お前って実は…」,You know... actually...,,
ID00239,0000a2f0,45,「うんうん、そこに気づくとは、,"Yeah yeah, I knew that.",,
ID00239,0000a32c,33,　さすがにい君だねー」,You really are something.,,
ID00240,0000280e,54,「うちの制服って、胸元開いてるよな」,"Our uniforms have the top buttons undone, right?",,
ID00240,000029d7,51,「ほうほう、妹の胸元に大注目とは、,Oh? You like her chest.,,
ID00240,00002a19,36,　にい君も業が深いねぇ」,"You sure are a pervert, bro.",,
ID00240,00002d18,33,「なんで妹限定なんだ！,Why is it just for my sister?!,,
ID00240,00002d48,57,　うちの女子全般を見て感じたことだ！」,That's what I noticed!,,
ID00240,00002dff,45,「なるほどなるほど、にい君は、,"I see, so you're really into",,
ID00240,00002e3b,57,　うちの女子すべての胸元に大注目、と」,all of our schoolgirls' chests.,,
ID00240,00003003,57,「…妹限定の方が、マシな気がしてきた」,"Actually, it might be better.",,
ID00240,000031cf,36,「どっちもどっちだって」,It's all the same either way.,,
ID00240,00003234,39,「お前って、凹凸ないよな」,You don't have any curves.,,
ID00240,000032d9,36,「実は着痩せするタイプ」,I look good in clothes.,,
ID00240,00003344,18,「はははは」,Hahaha,,
ID00240,00003397,63,「実は…兄として、お前のスカートの短さは、,"Your skirt is pretty short,",,
ID00240,000033e5,51,　ちょっとけしからんと思ってんだ」,I think it's a bit inappropriate.,,
ID00240,000035ab,57,「みんな短いのに、妹にはうるさいねぇ」,You're so picky about her.,,
ID00240,00003612,54,「うるさいって言うな、心配なんだよ」,"Don't call me picky, I'm worried.",,
ID00240,000037db,36,「普段の服もそうだけど、,"Your everyday clothes are the same,",,
ID00240,0000380e,42,　短いスカートが好きだから、,"I just love short skirts,",,
ID00240,00003847,33,　どうしようもないね」,There's nothing to do about it.,,
ID00240,000038cf,30,「ネトゲやってると、,"When I'm playing online games,",,
ID00240,000038fc,45,　セクハラされたりしないか？」,Don't you get harassed or anything?,,
ID00240,00003b16,54,「ないよー。むしろ、背中を預けられる,"Nope. Actually, people trust me more",,
ID00240,00003b5b,27,　頼りになる存在」,as a backup.,,
ID00240,00003e44,48,「女子だって思われてないからね」,They don't think of me as a girl anyway.,,
ID00240,00003f12,42,「満員電車には気をつけろよ。,Be careful in crowded trains.,,
ID00240,00003f4b,39,　いつ痴漢が狙ってるか…」,When the perverts are on the lookout...,,
ID00240,0000415f,54,「ユイ姉じゃあるまいし、大丈夫だよ」,"I'm not Yui-nee, so I'll be fine.",,
ID00240,00004202,60,「いや、大人しそうなヤツが狙われるんだ」,"No, it's usually the quiet ones they go for.",,
ID00240,000043d1,60,「ほうほう、痴漢の心理にお詳しいようで」,You're familiar with it?,,
ID00240,00004576,42,「俺はお前を心配してだな…」,"I'm worried about you, you know...",,
ID00240,00004698,39,「うんうん、気をつけるよ。,"Yeah yeah, I'll be careful.",,
ID00240,000046ce,39,　真奈もお年ごろだからね」,Mana's at an age where it matters too.,,
ID00240,000048eb,48,「中学生になっても、父親と一緒に,She still does.,,
ID00240,0000492a,63,　お風呂に入ってる子って、たまにいるよな」,"You see kids in the bath sometimes, right?",,
ID00240,00004afc,51,「んー、ちょっと考えられないよね」,"Hmm, it's hard to imagine.",,
ID00240,00004e41,30,「兄とならまだしも」,Better with a brother...,,
ID00240,00004e8d,48,「ぐふぉっ！　余計、ダメだろ！」,Guhoh! That makes it even worse!,,
ID00240,00005050,51,「アニメやゲームなら、よくある話」,"In anime and games, that happens all the time.",,
ID00240,000050b1,27,「一緒にすんな！」,Don't do that together!,,
ID00240,0000510d,39,「恥ずかしい話なんだが…」,This is kind of embarrassing...,,
ID00240,000052d9,60,「むむ…妹を恥ずかしがらせて楽しむとか、,Mmm... enjoying making your sister embarrassed...,,
ID00240,00005324,21,　上級者だね」,You're a pro.,,
ID00240,00005651,57,「胸を押しつけられてるのにスルーとか、,"ignoring me like this,",,
ID00240,00005699,39,　にい君、無効化力高すぎ」,You're too strong.,,
ID00240,00005829,30,「妹の胸じゃなぁ…」,It's your sister's chest...,,
ID00240,000059f6,54,「ぐぬぬ…想定以上のハンデを実感…」,Gah... This handicap sucks.,,
ID00240,00005bd2,63,「堂々とテーブルの下のスカートを覗くのは、,It's bad to peek under her skirt.,,
ID00240,00005c20,42,　やめたほうがいいと思われ」,I think you should stop doing that...,,
ID00240,00005c78,60,「あ、あれはそうじゃなく確かめようと…」,"Ah, no, I was checking.",,
ID00240,00005e47,18,「なにを？」,What?,,
ID00240,00005e87,36,「…いや、なんでもない」,"Nothing, forget it.",,
ID00240,0000603e,18,「ふうん…」,Hmm...,,
ID00240,000061f6,51,「家庭科室でやったセクシーポーズを,That's the sexy pose we did in the home ec room...,,
ID00240,00006238,39,　無効化するとは…手強い」,Disabling it... That's tough.,,
ID00240,0000632d,24,「妹じゃなぁ…」,You ain't my sis.,,
ID00240,000064d8,48,「うぐぐ…それは言いっこなしで」,Ugh... You can't take that back now.,,
ID00240,00006820,42,「体育倉庫で迫ったってのに、,After I cornered you...,,
ID00240,00006859,60,　スルーだなんて…。にい君は手強いねぇ」,"To just ignore me like this... You're tough, bro.",,
ID00240,00006b70,54,「妹と密室で２人っきりになったから、,We were alone in a closed room with your sister...,,
ID00240,00006bb5,36,　なんだって言うんだ？」,So what?,,
ID00240,00006d6c,42,「ぐぬぬ…恐るべき無効化力」,Guh... That damn invalidating power...,,
ID00240,00006f62,54,「はぁ…妹と一緒に雨に降られた後は、,Hah... After rain...,,
ID00240,00006fa7,54,　一緒にお風呂と相場が決まっていると,take a bath together or something...,,
ID00240,00006fec,21,　いうのに…」,...but...,,
ID00240,00007186,42,「このままでは、歴代最弱…」,I'm doomed...,,
ID00240,0000723a,60,「なにをブツブツ言ってるんだ？　お前は」,What are you mumbling about? You there...,,
ID00240,000072b7,42,「ネットを見てると、意図せず,"When I'm on the internet, unintentionally",,
ID00240,000072f0,54,　エッチなサイトへ行っちゃうことって,"I end up going to porn sites, you know?",,
ID00240,00007335,18,　あるよな」,Yeah.,,
ID00240,000074da,57,「ん～、女子にはわからない悩みだねぇ」,"Hmm, a problem girls can't understand.",,
ID00240,000076cc,42,「スマホにもウイルスあるし、,"There are viruses on smartphones too,",,
ID00240,00007705,27,　気をつけないと、,so be careful.,,
ID00240,0000772f,45,　大変なことになっちゃうよ？」,It could get really bad.,,
ID00240,00007a3d,42,「にい君って、恥ずかしい本は,"You don't read embarrassing books, do you?",,
ID00240,00007a76,33,　どこに隠してるの？」,Where do you hide them?,,
ID00240,00007c00,39,「なっ、いきなりなんだよ！,What the heck?!,,
ID00240,00007c36,27,　持ってねーよ！」,I don't have any!,,
ID00240,00007de4,39,「あー、デジタル派なんだ。,"Oh, you're a digital guy.",,
ID00240,00007e1a,63,　恥ずかしいＵＳＢメモリーは一体どこに？」,Where's that embarrassing USB drive?,,
ID00240,00008134,57,「…俺が悪かった。追求しないでくれ…」,...It's my fault. Don't grill me...,,
ID00240,00008313,18,「にい君…」,"Hey, big bro...",,
ID00240,00008353,21,「なんだよ？」,What's up?,,
ID00240,000084fb,48,「コンビニに、ちょっと恥ずかしい,"At the store, embarrassing.",,
ID00240,0000853a,54,　グラビアが表紙の雑誌があるとして、,If there were magazines with,,
ID00240,0000857f,27,　堂々と買える？」,Could I buy them?,,
ID00240,00008703,42,「あぁ？　なんだ、その質問」,Huh? What question is that?,,
ID00240,000088c0,51,「店員はアルバイトのかわいいＪＫ」,The clerk's a cute part-time JK.,,
ID00240,00008921,36,「買えるわけねーだろ！」,You can't buy them!,,
ID00240,00008ad8,45,「じゃあ、ネットで買う派だ？」,So you'd rather buy online?,,
ID00240,00008b33,33,「ネットも無理だって。,Buying online is impossible too.,,
ID00240,00008b63,54,　届いたとこをユイ姉に見つかったら、,"If Yui-nee finds out when they arrive,",,
ID00240,00008ba8,45,　一生いたぶられるじゃねーか」,"you'll be bullied forever, right?",,
ID00240,00008d68,45,「じゃあ、どうやって買うの？」,Then how are you gonna buy them?,,
ID00240,00008dc3,30,「…我慢するんだよ」,I'll just endure.,,
ID00240,00008f74,42,「思いの外、強い意志だねぇ」,You've got a surprisingly strong will.,,
ID00240,0000911a,54,「夏服の背中って…ブラが透けるよな」,"Summer uniforms... the bra shows through, right?",,
ID00240,000092e3,48,「私は髪で隠れて見えないけどね」,I can't be seen since my hair's covering it.,,
ID00240,00009341,48,「おっ、いいブロックの仕方だな」,"Oh, nice blocking technique.",,
ID00240,00009504,57,「制服に限らず、白は透けやすいからね。,White shows through.,,
ID00240,0000954c,27,　対策は必須だよ」,You gotta take precautions.,,
ID00240,000096e3,54,「風呂で最初に洗うのはどこなんだ？」,Which part do you wash first in the shower?,,
ID00240,000098ac,15,「髪だよ」,Your hair.,,
ID00240,00009a4e,60,「長い髪をゴシゴシするのは重労働だから、,"Washing long hair vigorously is hard work, so",,
ID00240,00009a99,30,　真っ先に洗ってる」,I wash it first.,,
ID00240,00009c20,45,「最後に洗うのはどこなんだ？」,Which part do you wash last?,,
ID00240,00009de0,54,「足の裏だね。上から順番に洗う感じ」,It's the soles. Wash from top.,,
ID00240,00009f92,30,「男の妄想力って…」,Men's imagination...,,
ID00240,0000a143,48,「あははー、そっち方面の妄想は、,"Hahaha, I can't keep up.",,
ID00240,0000a182,30,　まるで敵わないよ」,can I?,,
ID00240,0000a562,42,「体育倉庫で息を潜めるとか、,"If I hide my breath in the gym shed,",,
ID00240,0000a59b,45,　もうしない方がいいと思われ」,I think you shouldn't do that anymore.,,
ID00240,0000a5f6,33,「わ、わかってるって。,"I-I know, okay.",,
ID00240,0000a626,39,　あれは…魔が差したんだ」,That was... a moment of weakness.,,
ID00240,0000a7a9,42,「一時とはいえ、闇という名の,"For now, it's still the darkness called",,
ID00240,0000a7e2,57,　欲望に負けるとは……ダメダメだねぇ」,"Giving in to desire... That's bad, bad.",,
ID00240,0000aa5b,60,「今度から、シャンプーがなくなった時は、,"Next time the shampoo runs out,",,
ID00240,0000aaa6,39,　ちゃんとユイ姉を呼べよ」,Call Yui-nee properly next time.,,
ID00240,0000ac60,60,「おやおや、わざわざ念を押すってことは、,"Oh my, you're going out of your way to stress this.",,
ID00240,0000acab,39,　もう一度呼べってこと？」,You want me to call her again?,,
ID00240,0000afe4,60,「ちがっ！　マジで焦るから、よせって！」,"No! I'm serious, it's making me nervous, stop it!",,
ID00240,0000b1b3,24,「実は、そろそろ,"Actually, it’s time",,
ID00240,0000b1da,54,　コンディショナーがなくなるころ…」,my conditioner is about to run out...,,
ID00240,0000b23e,60,「わかってんなら、今のうちにバスルームへ,"If you get it, go to the bathroom.",,
ID00240,0000b289,39,　買い置きを入れとけって」,Put some aside now.,,
ID00240,0000b32e,27,「あはは、はーい」,"Oh ha ha, okay~",,
ID00240,0000b3b0,45,「自分のこと、エッチだなぁって,"You're such a pervert about yourself,",,
ID00240,0000b3ec,30,　思うことあるか？」,do you ever think that?,,
ID00240,0000b5ec,60,「んー、にい君に、ぎゅっとしてもらいたい,"Hmm, I do want Bro-kun to hug me tight",,
ID00240,0000b637,36,　って思うことはあるよ」,I do have those thoughts.,,
ID00240,0000b97d,30,「なんで俺なんだ！」,Why me!,,
ID00240,0000bb2e,36,「妹のささやかな夢だね」,That's my sis's dream.,,
ID00240,0000bb93,39,「なんでアニメキャラって、,"Why are anime characters,",,
ID00240,0000bbc9,45,　縞パン履いてるんだろうな？」,Probably wearing striped panties.,,
ID00240,0000bd89,39,「萌え要素の１つだからね。,It's one of the cute elements.,,
ID00240,0000bdbf,48,　たくさん女の子が出る作品なら、,"If there are a lot of girls in the work,",,
ID00240,0000bdfe,36,　１キャラは縞パンだよ」,one character wears striped panties.,,
ID00240,0000c0fd,30,「にい君の周りにも、,There's gotta be one.,,
ID00240,0000c12a,57,　縞パンの子が１人はいるんじゃない？」,"wearing them around you too, right?",,
ID00240,0000c47b,36,「小さいころ、２人でよく,"When we were little,",,
ID00240,0000c4ae,42,　お医者さんごっこしたねー」,Remember?,,
ID00240,0000c506,24,「やってないっ！,We never did that!,,
ID00240,0000c52d,54,　よくやったのはヒーローごっこだ！」,What we played most was hero games!,,
ID00240,0000c6f6,60,「上着をたくし上げて、聴診器をあてたり、,"Pulling up my jacket, putting on a stethoscope,",,
ID00240,0000c741,24,　触診したり…」,palpating...,,
ID00240,0000c787,27,「やってないっ！」,We never did that!,,
ID00240,0000c935,33,「むむ…騙されないか。,Hmm... Don't try to fool me.,,
ID00240,0000c965,48,　過去を改変しようと思ったのに」,I was trying to change the past after all.,,
ID00240,0000cca7,36,「されてたまるかぁっ！」,You can't get away with it!,,
ID00240,0000cd0c,51,「自分で思う、セクシーポイントって,The sexy points I thought of myself are,,
ID00240,0000cd4e,18,　どこだ？」,Where?,,
ID00240,0000cef3,57,「んー、お風呂に入って鏡を見ながら…」,"Hmm, in the bath...",,
ID00240,0000d095,27,「み、見ながら？」,W-While looking?,,
ID00240,0000d243,48,「濡れた髪で胸を隠すと、我ながら,"I cover my chest,",,
ID00240,0000d282,33,　ちょっとエッチだよ」,It's kind of dirty.,,
ID00240,0000d493,24,「録ってみる？」,Should we record it?,,
ID00240,0000d4f2,45,「録るかあっ！　捕まるだろ！」,Record it?! We'll get caught!,,
ID00240,0000d560,36,「男って、実はみんな…」,Men are actually all...,,
ID00240,0000d729,60,「むむ…私にはまだ、不要な知識と思われ」,Mm... not yet.,,
ID00241,00003a31,42,「御前さんって、綺麗だよね」,"Misaki-san is pretty, isn't she?",,
ID00241,00003c1d,57,「御前さんと美由璃さんって綺麗だよね」,Misaki and Miyuri are both pretty.,,
ID00241,00003cb3,27,「ん？　そうだな」,"Huh? Yeah, I guess so.",,
ID00241,00003e61,57,「素敵な女子に囲まれて、幸せなことで」,Surrounded by beautiful girls... must be nice.,,
ID00241,000041c7,54,「部活の先輩と後輩だぞ？　ったく…」,You're seniors and juniors in your club. Ugh...,,
ID00241,000043a3,60,「クラスのきれいどころと一緒にお昼とか、,"Eating lunch with the prettiest girls in class,",,
ID00241,000043ee,30,　モテモテなことで」,must be a real charmer.,,
ID00241,00004739,60,「なに言ってんだ、たまたまだ、たまたま」,What are you talking about? It's just coincidence.,,
ID00241,00004908,54,「たまたまも頻発すれば、常々ってね」,"If it happens often, it becomes regular.",,
ID00241,00004ade,45,「そんなモテキャラかよ、俺が」,You're saying I'm that kind of popular guy?,,
ID00241,00004b4c,51,「ネットの恋占いとか、見てるか？」,Do you look at online love fortunes?,,
ID00241,00004d12,48,「恋に限らず、運勢は気になるよ」,"Fortunes interest me, not just love.",,
ID00241,00004ed5,63,「古の政は、祈祷や占いで行われてたわけだし,Politics used prayers and divinations.,,
ID00241,00004f23,60,　当たる人は、不思議な力を持ってるんだと,Right people have a mysterious power.,,
ID00241,00004f6e,24,　思うんだよね」,That's what I believe.,,
ID00241,00005102,60,「街で男に声かけられたことってあるか？」,Have you ever been hit on by guys in town?,,
ID00241,000052d1,57,「家電量販店へ行くと、よく店員さんに、,Staff hits on me at electronics store.,,
ID00241,00005319,27,　声かけられるよ」,I get hit on too.,,
ID00241,00005362,36,「そりゃあ仕事だからな」,That's because it's part of the job.,,
ID00241,00005519,51,「ＰＣも、スマホも、タブレットも、,"PCs, smartphones, tablets...",,
ID00241,0000555b,30,　私の方が詳しくて、,"I know more than them,",,
ID00241,00005588,36,　ビックリされるけどね」,They get surprised by that.,,
ID00241,000058b2,39,「お前って、つき合うなら、,Which do you prefer when dating?,,
ID00241,000058e8,51,　年上と年下、どっちがいいんだ？」,older guys or younger ones?,,
ID00241,00005aae,60,「どっちでもいいよ。運命を感じるならね」,"Either's fine, if it feels like fate.",,
ID00241,00005def,54,「今は年上でも、前世は年下だったかも,I might've dated someone younger in a past life.,,
ID00241,00005e34,21,　しれないし」,Who knows?,,
ID00241,00005e77,33,「またおかしなことを」,You're saying weird things again.,,
ID00241,00005ed9,48,「父さんと母さんが恋をしたから、,Because my parents fell in love...,,
ID00241,00005f18,45,　俺たちが生まれたんだよなぁ」,we were born.,,
ID00241,0000611b,45,「うんうん、そこは感謝だねー」,"Yeah yeah, we should be grateful.",,
ID00241,000063df,63,「時々ケンカするけど、今でも仲がいいしね」,We fight sometimes but we get along great.,,
ID00241,000065d1,39,「お前の好みのタイプって、,What's your type?,,
ID00241,00006607,33,　どんなヤツなんだ？」,What kind of guy is he?,,
ID00241,000067bb,45,「前衛を任せられるタイプだね」,Someone you can trust up front.,,
ID00241,00006816,15,「あぁ？」,Huh?,,
ID00241,000069b8,39,「ゲームに限らず、何事も、,"Not just games, but anything,",,
ID00241,000069ee,63,　にい君を盾にして、真奈は安全に努めるよ」,I'll use Bro-kun as a shield and keep Mana safe.,,
ID00241,00006a9a,36,「兄に依存しすぎだぞ！」,You're too reliant on him!,,
ID00241,00006aff,57,「兄として、お前が普通の恋が出来るのか,I'm worried if you can date...,,
ID00241,00006b47,21,　心配だよ…」,I'm worried...,,
ID00241,00006d49,60,「あーあー、心配しなくても大丈夫だって」,"Aww, don't worry so much.",,
ID00241,0000708a,48,「いい兄と姉に恵まれてるからね。,You've got great big bro and sis.,,
ID00241,000070c9,36,　いい未来が待ってるよ」,Your future's gonna be awesome.,,
ID00241,00007405,30,「これからにい君が、,Who you'll become.,,
ID00241,00007432,60,　どんな人を好きになるのか、楽しみだよ」,you'll fall for in the future.,,
ID00241,000075d7,45,「すげぇ、美人かもしれねーぞ」,She might end up being a real looker.,,
ID00241,00007682,54,「高望みだねー。真奈ぐらいのレベルで,Don't aim so high.,,
ID00241,000076c7,27,　満足しときなよ」,and settle for that.,,
ID00241,0000776d,48,「何事も理想は高く持たないとな」,You gotta set your sights high in everything.,,
ID00241,00007875,48,「やれやれ、ユイ姉みたいな美人が,"Phew, having a beauty like Ui-onee around",,
ID00241,000078b4,27,　そばにいるから、,makes it,,
ID00241,000078de,48,　理想が高くなっちゃうのかもね」,Your standards might get even higher.,,
ID00241,00007ab0,42,「少女マンガの恋の表現って、,The way shoujo manga portrays love is,,
ID00241,00007ae9,27,　結構過激だよな」,That's intense.,,
ID00241,00007c97,30,「物語を語る上では、,"When telling a story,",,
ID00241,00007cc4,42,　インパクトも大事だからね」,impact is important too.,,
ID00241,00007fbc,54,「表現は過激だけど、どのヒロインも、,They're all pretty wild.,,
ID00241,00008001,42,　想いは純情なことが多いよ」,have pure feelings.,,
ID00241,0000830c,51,「ラッキースケベに遭うキャンディが,"If you ran into a lucky pervert like Candy,",,
ID00241,0000834e,36,　あったら、どうする？」,what would you do?,,
ID00241,000084db,63,「そんな女難キャンディ、踏みつぶしてやる」,I'd stomp that girl trouble Candy into the ground.,,
ID00241,00008598,39,「あははー、喜ばないんだ。,"Ahaha, don't be happy.",,
ID00241,000085ce,57,　私やユイ姉に苦労させられてるもんね」,You've given us trouble.,,
ID00241,00008804,42,「わかってんなら、自重しろ」,"If you know that, then keep it in check.",,
ID00241,0000886f,33,「男子から、好きだって,If a guy says he likes you,,
ID00241,0000889f,39,　言われたことないのか？」,You've never had a guy say that to you?,,
ID00241,00008a59,60,「夢の中で、にい君に言われたことあるよ」,I've had you say that to me in my dreams.,,
ID00241,00008b02,51,「ハァア！？　お前の夢の中の俺は、,"Hah!? In your dream, I'm...",,
ID00241,00008b44,42,　どんだけ倒錯してんだ！？」,How messed up are you!?,,
ID00241,00008d01,18,「正夢だね」,It's real!,,
ID00241,00008e7c,21,「逆夢だっ！」,Nightmare!,,
ID00241,00008ed2,45,「お前の初恋っていつなんだ？」,When was your first love?,,
ID00241,00009092,51,「んー、にい君以外ではまだないね」,"Hmm, not counting Bro-kun.",,
ID00241,00009169,42,「俺を加えるな！　兄だぞ！」,Don't count me in! I'm your big bro!,,
ID00241,00009211,48,「まーまー、こだわらない方向で」,"Well, well, let's drop it then.",,
ID00241,00009295,24,「こだわるよ！」,I won't drop it!,,
ID00241,000092ee,63,「飲ませると絶対に惚れるクスリがあったら、,If there was...,,
ID00241,0000933c,21,　どうする？」,What do we do then?,,
ID00241,000094e4,48,「本物かどうか、にい君で試すよ」,I'd test it out on Bro-kun to see if it works.,,
ID00241,00009542,60,「試すなっ！　本物だったらどうすんだ！」,Don't! What then?,,
ID00241,00009711,60,「解除薬の調合には１００年かかる見込み」,Antidote takes 100yrs.,,
ID00241,0000977b,48,「遅っ！　死んでんじゃねーか！」,You're late! You could've died!,,
ID00241,0000993e,36,「真奈とにい君は、生涯、,Mina and Bro-kun lived happily.,,
ID00241,00009971,39,　幸せに暮らしましたとさ」,and they lived happily ever after.,,
ID00241,00009a4d,24,「完結すんな！」,Don't wrap it up!,,
ID00241,00009aa6,30,「恋って、たぶん…」,Love... I guess...,,
ID00241,00009c57,60,「ほうほう、妹相手に恋バナとは興味深い」,"Hmm, love talk with sis is interesting.",,
ID00241,00009e0f,48,「俺が、お前のことを好きになるか,I wonder if I could ever like you,,
ID00241,00009e4e,45,　確認するって、本気なのか？」,"You're serious about checking, huh?",,
ID00241,0000a051,39,「当然。全力で誘惑するよ」,Of course. Full seduction ahead.,,
ID00241,0000a20e,36,「誘惑って、お前なぁ…」,Seduction... You...,,
ID00241,0000a41f,42,「にい君に拒否権はないから」,There's no way for you to refuse me.,,
ID00241,0000a48a,48,「告白されるなら、直接とメール、,In person or by text.,,
ID00241,0000a4c9,33,　どっちがいいんだ？」,Which one do you prefer?,,
ID00241,0000a67d,42,「んー、手段は問わないから、,"Hmm, whatever works, but",,
ID00241,0000a6b6,42,　１日に１回は、好きだよって,I want you to say 'I like you' daily.,,
ID00241,0000a6ef,27,　伝えて欲しいよ」,I want you to tell me that.,,
ID00241,0000ab4a,21,「よろしくー」,Take care~,,
ID00241,0000acbb,36,「なんで俺に頼むんだっ」,Why are you asking me?,,
ID00241,0000ad20,45,「女の子って、デートするなら、,"When girls go on dates,",,
ID00241,0000ad5c,36,　どこへ行きたいんだ？」,Where do you wanna go?,,
ID00241,0000af13,45,「ん？　一般論を私に聞いても、,Huh? Asking me general stuff won't work.,,
ID00241,0000af4f,30,　ダメだと思うよ？」,That's not a good idea...,,
ID00241,0000b0d6,33,「一応、参考にだな…」,Just for reference...,,
ID00241,0000b28a,12,「んー」,Hmm.,,
ID00241,0000b429,54,「私なら、クリスマスとか、初詣とか、,Christmas or New Year's prayers.,,
ID00241,0000b46e,54,　自然に誘ってもらえる日に出かけて、,I'd go on a day I could be invited naturally.,,
ID00241,0000b4b3,42,　ファミレスで長話したいね」,And long talks at a family restaurant.,,
ID00241,0000b557,27,「意外と普通だな」,"Not bad, actually.",,
ID00241,0000b5d7,63,「趣味の話が合えば、仲良くなれるでしょ？」,"If we share hobbies, we can be friends.",,
ID00241,0000b644,51,（お前と趣味の合うヤツがいるのか…,You actually know someone with similar interests...,,
ID00241,0000b686,27,　そこが心配だ…）,That's what worries me...,,
ID00241,0000b6e2,51,「男って、女の子がそばにいた方が、,Guys tend to work harder,,
ID00241,0000b724,63,　いいとこ見せたくて、がんばるんだよなぁ」,"To show off their best side, right?",,
ID00241,0000b8f6,63,「真奈がそばにいても、にい君はがんばる？」,Will you still work hard if Mana's around?,,
ID00241,0000bacb,36,「…まぁ、頼りない兄とは,"...Well, I don't want to be seen as",,
ID00241,0000bafe,33,　思われたくないしな」,a weak older brother.,,
ID00241,0000bbf7,60,「あははー、いいね。女の子扱いされるのは,"Haha, nice. Being treated like a girl is",,
ID00241,0000bc42,21,　うれしいよ」,I'm happy,,
ID00241,0000bcf5,54,「恋を擬音で表現するとどんなのだ？」,What does love sound like?,,
ID00241,0000bda9,12,「んー」,Hmm.,,
ID00241,0000be33,36,「ポワポワーーン…かな」,Pwah pwah ooon... maybe?,,
ID00241,0000bfc0,30,「浮かんでんのか？」,You're floating?,,
ID00241,0000c171,24,「夢心地だねー」,It feels like a dream,,
ID00241,0000c240,30,「ねーねー、にい君、,"Nuh-uh, big bro,",,
ID00241,0000c26d,54,　ユイ姉に恋人が出来たらショック？」,Would you be shocked if Yui-nee got a boyfriend?,,
ID00241,0000c432,30,「んなわけねーだろ？,No way!,,
ID00241,0000c45f,36,　むしろ彼氏に感謝だよ、,"I'd actually thank him,",,
ID00241,0000c492,57,　わがままなユイ姉を引き受けてくれて」,for putting up with my spoiled Yui-nee,,
ID00241,0000c65e,51,「またまたー、そんなこと言ってー。,"Again, again--don't say stuff like that.",,
ID00241,0000c6a0,42,　わがままを受け止める相手が,Someone who has to put up with me...,,
ID00241,0000c6d9,60,　自分じゃなくなると、きっと寂しいよ？」,"it'll probably be lonely if it's not you, right?",,
ID00241,0000c8f4,57,「はぁ…早くその寂しさを味わいてーよ」,Sigh... I hope you feel that loneliness soon.,,
ID00241,0000cad3,60,「にい君と真奈の相性って、どのサイトも、,All the sites say Bro-kun and Mana match.,,
ID00241,0000cb1e,45,　雑誌も、バッチリなんだよね」,don't they?,,
ID00241,0000ccf3,60,「俺とお前がバッチリでも仕方ないだろ？」,So what if we're a perfect match? It doesn't matter.,,
ID00241,0000cec2,45,「まぁまぁ、そう照れなくても」,"Calm down, don't be so embarrassed.",,
ID00241,0000cf1d,24,「照れてねぇ！」,You're not blushing!,,
ID00241,0000d0c8,51,「ちなみに、ユイ姉とにい君の相性も,"By the way, Yu-onee-chan and Bro-kun match.",,
ID00241,0000d10a,45,　すごくいいよ。モテモテだね」,They really get along well.,,
ID00241,0000d303,48,「ズバリ、にい君って、巨乳好き？,"So, Bro-kun... do you like big boobs?",,
ID00241,0000d342,21,　それとも…」,Or is it...,,
ID00241,0000d4c0,36,「それとも…なんだよ？」,Or what?,,
ID00241,0000d6d8,24,「微乳…好き？」,Small ones...?,,
ID00241,0000d8c4,36,「ものは言いようだなぁ」,"Words are powerful, huh?",,
ID00241,0000da7b,21,「どっちっ？」,Which one?,,
ID00241,0000dabe,36,「それは、姉がいいのか、,That's her?,,
ID00241,0000daf1,54,　妹がいいのかってことだからなぁ…。,"the younger one, right...?",,
ID00241,0000db36,39,　どっちかは選べないって」,You can't choose between them.,,
ID00241,0000dcf0,51,「うぐ、私を微乳の代表みたいに…」,"Mmm, like I'm supposed to represent small ones...",,
ID00241,0000de8c,21,「真奈の胸は、,Mana's boobs are full,,
ID00241,0000deb0,54,　夢が詰まってるからそれでいいだろ」,it's fine like that.,,
ID00241,0000e079,51,「うわー、にい君がいいこと言った」,"Oh wow, big bro just said something good!",,
ID00241,0000e0da,48,（妄想が詰まってると言えない…）,I can't say they're stuffed with fantasies...,,
ID00241,0000e2b0,36,「家族愛と、男女の愛の、,"Family and romantic love,",,
ID00241,0000e2e3,51,　一番大きな違いはなんだと思う？」,what do you think is the biggest difference?,,
ID00241,0000e344,39,「そりゃ…決まってるだろ」,You know... it's obvious.,,
ID00241,0000e4fe,15,「なに？」,What?,,
ID00241,0000e53b,24,「…夜だよ、夜」,It's nighttime.,,
ID00241,0000e5d1,39,「あー、ラブシーン的な？」,Something like a love scene?,,
ID00241,0000e82f,18,「お、おう」,Y-Yeah.,,
ID00241,0000ea19,39,「男女の愛で、そういうのを,"When it comes to love,",,
ID00241,0000ea4f,63,　真っ先に連想とは…にい君も男の子だねぇ」,"You're really a boy at heart too, huh?",,
ID00241,0000edd3,21,「放っとけ！」,Leave me alone!,,
ID00241,0000ee29,63,「中２だと、クラスでつき合ってるヤツとか、,"There are some in my grade who're dating,",,
ID00241,0000ee77,33,　いるんじゃないか？」,"There probably are, yeah.",,
ID00241,0000f02b,51,「いるよー。いつも一緒にいるから、,I'm always with them so it's easy to tell.,,
ID00241,0000f06d,24,　すぐわかるよ」,Spot 'em right away.,,
ID00241,0000f353,48,「まるで、純愛ものの少女マンガを,"It's like watching a pure love shoujo manga,",,
ID00241,0000f392,27,　見てるみたいで、,kinda makes me blush.,,
ID00241,0000f3bc,45,　ちょっと照れちゃうんだよね」,You know?,,
ID00241,0000f450,45,「恋の色って、何色だと思う？」,What color do you think love is?,,
ID00241,0000f63d,39,「んー、ほっぺたの色だね」,"Hmm, it's the color of your cheeks.",,
ID00241,0000f99e,45,「どんなに想いを秘めていても、,"No matter how much you hide your feelings,",,
ID00241,0000f9da,63,　赤く染まるから、恋の色は隠せないんだよ」,"they'll turn red, so love can't be hidden.",,
ID00241,0000fcbd,15,「むむ…」,Hmmph...,,
ID00241,0000fd0d,30,「恋って、きっと…」,Love is definitely...,,
ID00241,0000febe,48,「そうだねー、なにより大切だよ」,"Yeah, that's right, it's really important.",,
ID00241,0000ff2f,45,「なにか欲しいものないのか？」,Don't you want anything?,,
ID00241,000100ef,18,「なんで？」,Why not?,,
ID00241,0001012f,30,「ちょっと早いけど、,"A bit early, but",,
ID00241,0001015c,48,　誕生日のプレゼントの参考にな」,it could help with a birthday present.,,
ID00241,0001031f,30,「買ってくれるの？」,You'll buy it for me?,,
ID00241,0001036b,33,「好きなものを言えよ」,Tell me what you like.,,
ID00241,0001051f,30,「じゃあ、腕時計！」,"Then, a watch!",,
ID00241,0001056b,51,「スマートウォッチか？　高けーよ」,A smartwatch? That's expensive.,,
ID00241,00010774,39,「そうじゃなくて、普通の。,"No, just an ordinary one.",,
ID00241,000107aa,60,　あえて時を刻むことしか出来ない時計を、,"One that can only tell time,",,
ID00241,000107f5,36,　身につけたいんだよね」,I want to wear something like that.,,
ID00241,00010c2f,63,「ふうん……じゃあ、安くていいのがないか、,"Hmm... Then maybe there's
something cheap but good.",,
ID00241,00010c7d,30,　探しといてやるよ」,I'll look for something.,,
ID00241,00010d19,45,「やったー。２月２日が楽しみ」,Yay! I can't wait for February 2nd.,,
ID00241,00010de4,63,「結婚するならいつまで…とか、あるのか？」,Is there a 'how long before marriage...' thing?,,
ID00241,00010fb6,42,「真奈はね、結婚という形には,Mina doesn't really care about,,
ID00241,00010fef,27,　こだわらないよ」,the formality of marriage.,,
ID00241,000110ae,45,「好きな人のそばにいられれば、,"As long as she's with the one she loves,",,
ID00241,000110ea,39,　それだけで幸せだからね」,that's all that matters to her.,,
ID00241,000113f2,48,「クリスマスは、ユイ姉も誘って、,"I'll invite Yui-nee too for Christmas,",,
ID00241,00011431,39,　３人でなにかしたいねー」,Let's do something together.,,
ID00241,00011486,21,「お、いいな」,"Ooh, nice.",,
ID00241,0001162e,36,「ユイ姉は来年卒業だし、,"Yui-nee will be graduating,",,
ID00241,00011661,42,　３人揃ってのクリスマスは、,so this might be our last Christmas,,
ID00241,0001169a,39,　少なくなるだろうからね」,together as a trio.,,
ID00241,00011add,36,「真奈はね…にい君の妹で,"Mina is... your sister,",,
ID00241,00011b10,33,　よかったって思うよ」,and I'm glad about that.,,
ID00241,00011f10,18,「なんで？」,Why not?,,
ID00241,000120b5,48,「真奈のこと…信じてくれるから」,I can trust you with Mina.,,
ID00241,0001224e,39,「妹だぞ。当たり前だろ？」,She's my sister. Isn't that obvious?,,
ID00241,0001244b,57,「うん。そういうとこ…いいって思うよ」,Yeah. I think it's good that you're like that.,,
ID00241,0001273b,36,「マンガの恋愛ものって、,Manga love stories often have,,
ID00241,0001276e,33,　三角関係が多いよな」,love triangles.,,
ID00241,00012922,33,「相思相愛だと、物語が,"If it's mutual love, the story",,
ID00241,00012952,39,　すぐ終わっちゃうからね」,"ends too quickly, you know?",,
ID00241,00012c47,30,「恋敵とトラブルは、,A rival in love and trouble,,
ID00241,00012c74,48,　恋愛マンガの外せないキーだよ」,inseparable keys for a romance manga.,,
ID00241,00012f85,51,「兄妹って、わざわざ言わなくても、,"Siblings don't need to spell it out, right?",,
ID00241,00012fc7,42,　考えてることがわかるよね」,'Cause you know what the other's thinking.,,
ID00241,0001315a,63,「それは…そうだな。中二病ネタ以外ならな」,That's... right. Unless it's otaku stuff.,,
ID00241,0001332c,48,「それって、すごいことだよねー」,"Wow, that's amazing!",,
ID00241,00013502,36,「小さいころの真奈って、,"When you were little, Mahiro...",,
ID00241,00013535,33,　どんな印象だった？」,what was she like?,,
ID00241,00013584,60,「一日中、部屋にこもってお絵かきしたり、,All day in your room drawing or,,
ID00241,000135cf,45,　ボーッとなにか考えてたり…、,just staring off into space...,,
ID00241,0001360b,30,　今と変わんねーよ」,You haven't changed.,,
ID00241,000136a7,51,「あははー、三つ子の魂百までだね」,"Haha, three-year-olds are set in their ways.",,
ID00241,00013765,42,「心配する母さんに言われて、,"When my mom told me to get out more,",,
ID00241,0001379e,48,　よく外へ連れ出して遊んだっけ」,I'd drag you outside and play with you.,,
ID00241,00013961,24,「懐かしいねー」,That was a while ago...,,
ID00241,000139ba,63,「お前は、もっと女子力あげた方がいいぞ？」,Maybe you should work on your girly skills?,,
ID00241,00013b8c,30,「まぁまぁ、そのうち,"Don't worry, eventually",,
ID00241,00013bb9,51,　上位職にジョブチェンジするから」,I'll change jobs to an upper position.,,
ID00241,00013ef1,48,「すっごい美少女になるかもよ？」,You might turn into a super cute girl too?,,
ID00241,00013f4f,39,「はいはい、楽しみ楽しみ」,"Sure, sure, I'm looking forward to it",,
ID00241,00013fb7,57,「恋と…愛の違いって、なんだろうな？」,What's the difference between love and... romance?,,
ID00241,00014183,12,「んー」,Hmm.,,
ID00241,00014322,63,「相手を想って…瞳がうるうるするのが恋で、,"Thinking of you, my eyes water.",,
ID00241,00014370,48,　涙をこぼすのが愛…じゃない？」,"And crying is for true love, right?",,
ID00241,000148f1,45,「おっ、なかなかいい表現だな」,"Hey, nice expression.",,
ID00241,00014a7a,36,「実感こもってるでしょ」,It's heartfelt.,,
ID00241,00014c44,57,「いつまでも…仲良しでいてね、にい君」,"Stay close friends forever, big bro.",,
ID00241,00014f21,45,「あ？　そんなの当たり前だろ」,Huh? That's a given.,,
ID00241,000150ed,30,「うん、妹だもんね」,"Yeah, I'm your little sister.",,
ID00241,000152be,42,「恋の形って色々あるけど…」,Love shows up in many ways.,,
ID00241,000154be,60,「うん。ままならないのが、恋だからねー」,Yeah. Love is never perfect.,,
ID00242,000011d8,15,「真奈…」,Mina...,,
ID00242,000013fb,36,じーーーーーーーーーーっ,*Stares blankly*,,
ID00242,000015f1,12,「ん？」,Hm?,,
ID00242,000017b3,45,「にい君が私を見つめるなんて、,"It's so rare for you to look at me like that,",,
ID00242,000017ef,39,　どういう風の吹き回し？」,What's up with that?,,
ID00242,000019b6,48,「な、なんとなくだ、なんとなく」,"Um, I guess...I guess...",,
ID00242,00001b79,18,「ふーん…」,Hmm...?,,
ID00242,00001c47,15,「真奈…」,Mina...,,
ID00242,00001e6a,36,じーーーーーーーーーーっ,*Stares blankly*,,
ID00242,00002021,15,「むむ？」,Hmm?,,
ID00242,000021c3,36,「トイレなら、我慢せずに,"If it's the bathroom, just go.",,
ID00242,000021f6,39,　行った方がよいと思われ」,I think that would be better.,,
ID00242,0000224b,30,「ちっ、違げーよ！」,"Tch, no way!",,
ID00242,00002325,15,「真奈…」,Mina...,,
ID00242,00002548,36,じーーーーーーーーーーっ,*Stares blankly*,,
ID00242,00002723,18,「あうぅ…」,Ugh...,,
ID00242,000027c7,39,「ハートをつらぬく熱視線。,Piercing my heart with a hot gaze.,,
ID00242,000027fd,33,　これは…恋の予感？」,This is...a premonition of love?,,
ID00242,00002ad5,51,「ちょ、ちょっと見つめただけだ！」,"Hey, I just looked at her for a second!",,
ID00242,00002bc4,15,「真奈…」,Mina...,,
ID00242,00002de7,36,じーーーーーーーーーーっ,*Stares blankly*,,
ID00242,00002fcb,15,「むむ？」,Hmm?,,
ID00242,000031c7,39,「にらまれるようなことは、,"Getting stared down like that,",,
ID00242,000031fd,42,　なにもしてないと思われ…」,I didn't do anything...,,
ID00242,00003255,51,（う…そんな鋭い目をしてたか、俺）,Ugh... You looked at me so intently.,,
ID00242,00003344,15,「真奈…」,Mina...,,
ID00242,00003567,36,じーーーーーーーーーーっ,*Stares blankly*,,
ID00242,00003742,12,「あ…」,...,,
ID00242,00003924,30,「うん…そうだね…」,Yeah... I guess so...,,
ID00242,000039fe,15,「真奈…」,Mina...,,
ID00242,00003c21,36,じーーーーーーーーーーっ,*Stares blankly*,,
ID00242,00003dea,12,「あ…」,...,,
ID00242,00003f89,63,「そうやって…恥ずかしがらせようとして…」,You're trying to make me embarrassed like this...,,
ID00243,000011a8,33,（思い切って、手を…）,"Go for it, and put your hand...",,
ID00243,00001327,9,ぎゅっ,Squeeze,,
ID00243,00001647,15,「あぅ…」,Ow...,,
ID00243,000017b2,63,「妹の手を取るなんて……にい君、積極的…」,Taking your sister's hand... You're being bold.,,
ID00243,00001b55,54,「な、なんとなくだ！　なんとなく！」,"W-well, kind of! Kind of!",,
ID00243,00001bcc,33,（思い切って、手を…）,"Go for it, and put your hand...",,
ID00243,00001d4b,9,ぎゅっ,Squeeze,,
ID00243,00002022,60,「ん？　特に転びそうな場所でもないよ？」,Huh? Nothing here to trip on.,,
ID00243,00002282,36,「お、おう、そうだよな」,"Y-yeah, right.",,
ID00243,000022e7,33,（思い切って、手を…）,"Go for it, and put your hand...",,
ID00243,00002466,9,ぎゅっ,Squeeze,,
ID00243,0000274f,12,「あ…」,...,,
ID00243,000028ee,48,「いいもんだねー、手を繋ぐって」,"It feels good to hold hands, doesn't it?",,
ID00243,000029d6,33,（思い切って、手を…）,"Go for it, and put your hand...",,
ID00243,00002b55,9,ぎゅっ,Squeeze,,
ID00243,00002e2c,15,「あぐっ」,Aghh,,
ID00243,00002ffb,27,「にい君…痛い…」,Ow... Bro-kun...,,
ID00243,000031f6,18,「わ、悪い」,S-Sorry,,
ID00243,00003249,33,（思い切って、手を…）,"Go for it, and put your hand...",,
ID00243,000033c8,9,ぎゅっ,Squeeze,,
ID00243,000036b1,12,「あ…」,...,,
ID00243,0000388f,48,「恋人同士みたいだねー、にい君」,"It's like we're a couple, Bro-kun.",,
ID00243,00003c70,15,「うぐっ」,Ugh...,,
ID00243,00003cc0,33,（思い切って、手を…）,"Go for it, and put your hand...",,
ID00243,00003e3f,9,ぎゅっ,Squeeze,,
ID00243,00004143,36,「にい君、手を繋ぐのは、,"Bro-kun, holding hands is...",,
ID00243,00004176,45,　タイミングが重要だと思われ」,"Timing's important, I guess.",,
ID00243,0000454f,48,「くっ、お前に教えられるとは…」,"Hmph, you're telling me...",,
ID00244,00002651,36,「およ？　どうかした？」,Whoa? What's up?,,
ID00244,000026e7,45,「なんか、ほこりがついてたぞ」,There was some dust on you.,,
ID00244,000028a7,42,「あ、取ってくれてありがと」,"Oh, thanks for getting it off.",,
ID00244,00002c0e,15,「むぐ…」,Mmmph...,,
ID00244,00002c4b,33,「なんでほっぺたを？」,Why my cheek though?,,
ID00244,00002c9a,36,「なんかついてたんだよ」,It had something stuck to it.,,
ID00244,00002e51,42,「あ、取ってくれてありがと」,"Oh, thanks for getting it off.",,
ID00244,000031b8,18,「むぎゅ…」,...Squish...,,
ID00244,0000335d,24,「な、なんで？」,W-Why?,,
ID00244,000033a3,36,「なんかついてたんだよ」,It had something stuck to it.,,
ID00244,0000355a,54,「およよ？　ありがと、取ってくれて」,"Whoooa, thanks for getting that.",,
ID00244,00003928,15,「んぐ…」,...Nngh...,,
ID00244,00003a93,30,「ど、どうかした？」,Wh-what's up?,,
ID00244,00003adf,48,「口を押さえると、お前の中二病が,"If I shut you up,",,
ID00244,00003b1e,27,　治らないかなと」,Maybe it'll go away.,,
ID00244,00003cde,51,「むむ…たとえ口を封じられようと、,"Hmm... Even if my mouth is sealed,",,
ID00244,00003d20,60,　我が魔法はプログラムにて詠唱可能ッ！」,my magic can still be chanted through a program!,,
ID00244,00004176,21,「はぅあっ！」,Hahhh!,,
ID00244,0000431e,39,「く、くすぐったいってー」,"S-s-stop it, it tickles!",,
ID00244,00004373,48,「わ、悪い、なんかついてたから」,"S-sorry, there was something stuck",,
ID00244,00004664,48,「むむ…いきなりは驚くと思われ」,Hmm... You'd be surprised,,
ID00244,000047fd,18,「だよな…」,Right...,,
ID00244,00004a8d,24,「ん？　なに？」,Hmm? What's up?,,
ID00244,00004caf,57,「ほこりがついてたから、取ったんだよ」,Your neck was dusty.,,
ID00244,00004e44,57,「そっか、ありがと。にい君は優しいね」,"Oh, thanks. You're really nice, Bro-kun.",,
ID00244,00005114,15,「んあっ」,Nngh!,,
ID00244,0000527f,57,「ま、まさか…兄妹の壁を越えようと…」,You wouldn't dare...,,
ID00244,000052e6,63,「ち、ちがっ！　手が滑ったんだ！　悪い！」,"N-No, it's not that! I just slipped... Sorry!",,
ID00244,0000553a,12,「む…」,Ugh...,,
ID00244,000056d9,36,「にい君、髪が乱れるよ」,"Hey, your hair's getting messy.",,
ID00244,0000572b,30,「お、おう、悪い…」,"O-Oh, sorry...",,
ID00244,0000594b,15,「むぐ…」,Mmmph...,,
ID00244,00005aed,42,「兄とはいえ、気安く触るのは,"Even though we're siblings, I don't think",,
ID00244,00005b26,33,　よくないと思うよ？」,It's not okay.,,
ID00244,00005b75,18,「わ、悪い」,S-Sorry,,
ID00244,00005d89,30,「んぐ…っくしっ！」,Ng... Ksssh!,,
ID00244,000060d9,39,「もう、いきなり触るから」,You always go for the sudden touches.,,
ID00244,00006269,18,「わ、悪い」,S-Sorry,,
ID00244,0000647d,15,「んぐ…」,...Nngh...,,
ID00244,0000661f,30,「むむ…兄とはいえ、,Even if siblings...,,
ID00244,0000664c,42,　気安く妹の唇に触れるのは、,Not right to...,,
ID00244,00006685,30,　よくないと思われ」,is it?,,
ID00244,00006839,21,「わ、悪い…」,S-Sorry...,,
ID00244,00006a62,15,「はうっ」,Ahh!,,
ID00244,00006c04,45,「首への攻撃は禁止の方向で！」,"No neck attacks, that's the rule!",,
ID00244,00006e33,33,「ん？　どうかした？」,Hm? What's up?,,
ID00244,00006fea,33,「まぁ…なんとなく…」,Well... I guess...,,
ID00244,0000719e,36,「ふむ…意味不明だねぇ」,Hmm... That makes no sense.,,
ID00244,000073d6,27,「ひゃあああっ！」,Hiiiii!,,
ID00244,00007600,39,「い、妹の胸を…にい君…」,My brother's hands...,,
ID00244,000077d7,48,「わ、悪い！　手が滑ったんだ！」,S-Sorry! My hand slipped!,,
ID00244,00007a71,36,「うんうん、お兄ちゃんに,"Yeah yeah, having my big bro",,
ID00244,00007aa4,57,　頭をなでてもらうのは、妹の特権だよ」,pet my head is a little sister's privilege.,,
ID00244,0000800f,15,「およ？」,Eh?,,
ID00244,000081b1,39,「ほっぺたをフニフニとは、,"Pinching my cheeks like that,",,
ID00244,000081e7,36,　にい君も妹で遊ぶねぇ」,You're playing with me.,,
ID00244,0000855a,15,「むぐ…」,Mmmph...,,
ID00244,000086fc,60,「鼻をウリウリとは…もう恋人の領域だね」,Rubbing noses...,,
ID00244,000088d8,33,「な、なんとなくだ！」,Just... feels right!,,
ID00244,00008b0d,12,「ん…」,Hmm...,,
ID00244,00008cca,42,「うんうん。仲のいい兄妹に、,"Yeah, yeah. When siblings get along,",,
ID00244,00008d03,33,　言葉はいらないよね」,words aren't necessary.,,
ID00244,00008f7c,18,「あうぅ…」,Ugh...,,
ID00244,000090fc,42,「くすぐったいよぉ、にい君」,"You're tickling me, big bro.",,
ID00244,00009154,18,「わ、悪い」,S-Sorry,,
ID00244,0000937a,54,「…そのまま、抱き寄せてもいいよ？」,...Can I hug you like this?,,
ID00244,00009418,24,「やるかあっ！」,You gonna do it??,,
ID00244,00009644,18,「あうぅ…」,Ugh...,,
ID00244,000097b2,51,「まさか…揉んで大きくしようと？」,Are you trying to make them bigger??,,
ID00244,00009813,36,「そ、そうじゃねーって！,N-no way!,,
ID00244,00009846,39,　手が滑ったんだ、悪い！」,"It was just a slip-up, sorry!",,
ID00244,00009a82,15,「むむ…」,Hmmph...,,
ID00244,00009af6,60,「にい君、もっと優しくなでてくれなきゃ、,"Hey you, if you don't pet me more gently,",,
ID00244,00009b41,21,　ダメだって」,it's not gonna work.,,
ID00244,00009b84,24,「そ、そうか？」,R-Really?,,
ID00244,00009d9e,15,「むぐ…」,Mmmph...,,
ID00244,00009f40,45,「いきなり触れるのは、なしで」,No sudden touches okay?,,
ID00244,00009f9b,18,「わ、悪い」,S-Sorry,,
ID00244,0000a1af,15,「んぐ…」,...Nngh...,,
ID00244,0000a223,39,「もっと…そっと触れてよ」,Be gentler... please.,,
ID00244,0000a2b2,24,「そ、そうか？」,R-Really?,,
ID00244,0000a4cc,15,「んぐ…」,...Nngh...,,
ID00244,0000a637,30,「にい君、大胆すぎ」,"You're being too bold, Ni-kun.",,
ID00244,0000a7eb,21,「わ、悪い…」,S-Sorry...,,
ID00244,0000aa14,15,「はうっ」,Ahh!,,
ID00244,0000abac,45,「首への攻撃は禁止だってー！」,Attacking the neck is off-limits!,,
ID00244,0000ae08,15,「およ？」,Eh?,,
ID00244,0000afcd,39,「別に転びかけてないよ？」,I'm not about to fall over or anything.,,
ID00244,0000b022,30,「そ、そうだよな…」,"Y-Yeah, I guess...",,
ID00244,0000b254,24,「ひゃああっ！」,Eeek!!,,
ID00244,0000b42c,36,「む、胸はダメだって！」,M-My boobs are off-limits!,,
ID00244,0000b47e,48,「わ、悪い！　手が滑ったんだ！」,S-Sorry! My hand slipped!,,
ID00244,0000b706,57,「うんうん、なでなでは気持ちいいねー」,"Yeah, yeah, petting feels so good~",,
ID00244,0000b953,15,「んぐ…」,...Nngh...,,
ID00244,0000b990,57,「そんなとこ触るの、にい君ぐらいだよ」,Only you'd touch me there...,,
ID00244,0000bd4f,15,「むぐ…」,Mmmph...,,
ID00244,0000bef1,36,「気の置けない仲だねー」,"We're really close, huh?",,
ID00244,0000c129,12,「んっ」,Mmnh,,
ID00244,0000c1c7,27,「キス…しとく？」,Kiss...me?,,
ID00244,0000c51c,24,「するかあっ！」,You think so?,,
ID00244,0000c775,18,「はうぅ…」,Haa...,,
ID00244,0000c7c7,36,「恥ずかしいよ…にい君」,I'm embarrassed... big bro,,
ID00244,0000c9ff,12,「あ…」,...,,
ID00244,0000ca66,27,「押し倒されるー」,Got pushed down--,,
ID00244,0000caaf,24,「するかあっ！」,You think so?,,
ID00244,0000cbc6,18,「はうぅ…」,Haa...,,
ID00244,0000cc1f,54,「ダメだよ、にい君…。感じちゃう…」,"No, big bro... I'm gonna feel it...",,
ID00244,0000ce1f,51,「わ、悪い！　手が滑ったんだっ！」,S-Sorry! My hand slipped!,,
ID00244,0000d067,15,「ぐぬ…」,Gnur...,,
ID00244,0000d209,57,「なでなでなら、もっと優しくしてよー」,"If you're gonna pet me, be gentler~",,
ID00244,0000d270,21,「わ、悪い…」,S-Sorry...,,
ID00244,0000d639,15,「むぐ…」,Mmmph...,,
ID00244,0000d7f6,18,「ふぐぐ…」,Fgh...,,
ID00244,0000d9b6,51,「嫌じゃないけど、いきなりはねー」,"I don't mind, but not all of a sudden like this",,
ID00244,0000dd5d,15,「んぐ…」,...Nngh...,,
ID00244,0000deff,57,「兄とはいえ、いきなり唇に触れるのは、,Too sudden to kiss.,,
ID00244,0000df47,30,　よくないと思われ」,is it?,,
ID00244,0000df93,15,「悪い…」,Sorry...,,
ID00244,0000e1a4,18,「はうぅっ」,Ahh!,,
ID00244,0000e33f,45,「首はくすぐったいから無理ー」,"My neck is ticklish, so no way!",,
ID00244,0000e56e,24,「あ、あぶっ！」,Ow!,,
ID00244,0000e746,51,「急に押したら、転んじゃうってー」,"If you push me suddenly, I'll fall!",,
ID00244,0000e7a7,18,「わ、悪い」,S-Sorry,,
ID00244,0000e9cd,24,「ひゃああっ！」,Eeek!!,,
ID00244,0000eb41,42,「触れるなら、優しくーっ！」,"If you're gonna touch, do it gently!",,
ID00244,0000ecd4,30,「そ、そうじゃない！,N-No! It's not like that!,,
ID00244,0000ed01,36,　手が滑ったんだーっ！」,I just slipped up!,,
ID00245,0000114c,48,「うんうん、どれもいい話だねー」,"Yeah, yeah, they're all great stories.",,
ID00245,00001382,45,「あはっ、どの話も楽しいねー」,"Haha, every story's so fun!",,
ID00245,000017ce,36,「なるほどー。にい君は、,"Oh, I see.",,
ID00245,00001801,36,　いろいろ知ってるよね」,"You know a lot of things, don't you?",,
ID00245,00001ca6,33,「あははー、面白ーい」,"Hehe, this is awesome.",,
ID00245,00001e96,51,「いい感じに盛り上がってきたねー」,We're getting into it nicely.,,
ID00245,000021ad,51,「どれも、なかなか深い話と思われ」,"They're all pretty deep, huh?",,
ID00245,000024e9,36,「あははー、面白すぎー」,"Haha, way too funny.",,
ID00245,000026dc,45,「いいねー、すっごく楽しいー」,"Cool, so much fun.",,
ID00245,000029ed,60,「話してるだけで、ワクワクしてくるよー」,Just talking about it gets me excited.,,
ID00246,00000dc0,39,「おやおや、その手の話は、,"Oh ho, not again.",,
ID00246,00000df6,36,　さっきもしたと思われ」,"Just now too, right?",,
ID00246,00001370,54,「むむ…似たような話が多いような…」,Hmm... Similar talks lately...,,
ID00246,000017f8,51,「むぅ…同じような話ばかりなのは、,Muu... I wonder if it's just the same old story...,,
ID00246,0000183a,27,　どうかと思われ」,all over again.,,
ID00247,00000cd8,48,「はぁ……同じ傾向の話ばかりで、,Phew... same old stuff.,,
ID00247,00000d17,30,　さすがに飽きたよ」,"Can't help it, I'm bored now.",,
ID00247,000011aa,51,「にい君、その手の話に執着しすぎ」,"Hey bro, you're too obsessed.",,
ID00247,000013df,42,「もう、その手の話はＮＧで」,"Seriously, no more of that.",,
ID00248,00000d89,54,「黙ってると会話にならないと思われ」,Silent treatment ain't a chat.,,
ID00248,00001211,63,「兄妹で会話がないってのも、困りもんだね」,Siblings not talking sucks.,,
ID00248,000014f9,45,「考えごとなら、１人でした方が,"If you wanna think about something,",,
ID00248,00001535,27,　いいと思うよ？」,it might be better alone?,,
