file_id,offset_hex,byte_length,jp_text,en_text,ru_text,de_text
ID00001,00001585,30,「ぶろ君、決めたよ」,"Bro-kun, I've decided!",,
ID00001,000015d1,12,「え？」,What?,,
ID00001,00002095,45,「私、プロのモデルになるっ！」,I'm gonna be a pro model!,,
ID00001,0000238e,39,「ほら、この間、タウン誌に,My pic's in the town mag.,,
ID00001,000023c4,42,　私の写真が載ったじゃない？,"a while back, right?",,
ID00001,000023fd,51,　それを見て、スカウトが来たのよ」,A scout saw it and came to me.,,
ID00001,00002aaa,48,「５０００年に１人の逸材だって。,They said I'm one in 5000.,,
ID00001,00002ae9,36,　おだてるの上手よね～」,"Smooth talkers, huh~",,
ID00001,00002dd6,60,「ま、スタイルバツグンだし、仕方ないか」,"Well, my style's top-notch, I guess.",,
ID00001,00003284,63,「どう？　弟ながら見とれちゃう？　フフッ」,Can't help staring?,,
ID00001,0000387e,60,「甘い言葉に乗せられるわけじゃないけど、,"I'm not easily swayed by sweet talk, but...",,
ID00001,000038c9,36,　チャレンジしてみたい」,I wanna give it a shot.,,
ID00001,00003bb6,51,「どうせ目指すならトップモデルよ！,"If I'm gonna aim, it's for top model!",,
ID00001,00003bf8,48,　世界中のファッション誌の表紙を,"Well, I'll grace the covers of fashion magazines",,
ID00001,00003c37,24,　飾ってやる！」,all around the world!,,
ID00001,0000406f,54,「ぶろ君を私の付き人にしてあげるね。,I'll make you my personal assistant.,,
ID00001,000040b4,42,　芸能人にいっぱい会えるし、,"You'll get to meet a bunch of celebs,",,
ID00001,000040ed,36,　世界中を旅できるわよ」,And travel all over the world too.,,
ID00001,00004650,63,「その代わり、私のこといろいろ助けてよね。,"In exchange, you gotta help me out in lots of ways.",,
ID00001,0000469e,27,　これから、きっと,"From now on, tough.",,
ID00001,000046c8,45,　すっごく大変になるんだから」,So you have to support me.,,
ID00001,00004d6f,63,「やるぞ～～っ！　天下取ってやる～～っ！」,I'm gonna do it~! I'll take over the world~!,,
ID00001,00004fa2,45,「も～っ、なにやってんのよっ！,"Mou~, what are you doing?!",,
ID00001,00004fde,33,　起きろ～～～～っ！」,Wake up~~~!,,
ID00001,0000502d,15,「うぅ…」,Ugh...,,
ID00001,0000580a,39,「起・き・な・さ～～い！」,Wake up~~~!,,
ID00001,0000589f,39,「はっ！　俺、寝てた！？」,Huh! I was sleeping!?,,
ID00001,00005a48,51,「…気持ちよさそうにぐっすりとね」,You were sleeping so soundly...,,
ID00001,00005bfd,48,（夢…か。懐かしい夢だったな…）,(It was a dream... A nostalgic one...),,
ID00001,00005da2,63,「私の宿題が、ちっとも進んでないじゃない。,My homework isn't getting done at all.,,
ID00001,00005df0,39,　さっさと終わらせてよね」,Finish it already.,,
ID00001,00005f99,45,「無茶言うなよ。初等部のころは,When I was in elementary.,,
ID00001,00005fd5,57,　なんとかなったけど、高３の問題なんか,I managed somehow...,,
ID00001,0000601d,21,　わかるかよ」,You don't get it.,,
ID00001,000061c3,48,「予習よ、予習。うれしいでしょ？,"It's a preview, a preview. Aren't you happy?",,
ID00001,00006202,36,　来年の勉強が今できて」,Getting next year's work done now?,,
ID00001,0000661e,60,「うれしくねぇって。予習には早すぎだろ」,Not really. It's too early for previews.,,
ID00001,000067cf,51,「私は今、写真集の撮影で忙しいの」,I'm busy with photo shoots right now.,,
ID00001,00006ab2,49,「『End of Summer』ってタイトルでね、,The title is 'End of Summer'.,,
ID00001,00006af2,63,　私の高校最後の夏を、実際に通ってる学校で,Capturing my last summer at school.,,
ID00001,00006b40,30,　撮ろうって企画よ」,Let's do a project.,,
ID00001,00006f56,36,「へ～っ、面白そうだな」,"Huh, sounds cool",,
ID00001,000070ef,42,「でしょう？　私のこれまでの,Right? I want to put together,,
ID00001,00007128,36,　集大成にするつもりよ」,Everything I've done so far.,,
ID00001,000072ce,42,「そっか…じゃあ、宿題なんて,I see... So no time for homework then?,,
ID00001,00007307,27,　やる暇ないよな」,"Nope, not enough time.",,
ID00001,000074c9,24,「そういうこと」,That's it.,,
ID00001,00007656,51,「いつものように、参考書よく見て、,"Like always, look over your textbooks,",,
ID00001,00007698,48,　適当に答えを書き込んどいてよ」,Just write down some answers随便地。,,
ID00001,00007991,24,「よろしくね～」,Take care of yourself~,,
ID00001,00007d86,51,（やれやれ…ユイ姉をサポートして、,"(Sigh... Supporting Onee-chan all this time,)",,
ID00001,00007dc8,39,　もう…１、２……９年か）,It's already... nine years.,,
ID00001,00007e1d,54,（小さいころの俺って、ユイ姉の夢が、,"(When I was little, it was Onee-chan’s dream.)",,
ID00001,00007e62,36,　自分の夢だったんだな）,"Back then, it was my dream too.",,
ID00002,000019d6,57,「もーっ、大丈夫？　きれいに録ってよ」,"Come on, are you okay? Record it cleanly.",,
ID00002,00002030,45,「この間、教えてもらったこと、,"What I learned the other day,",,
ID00002,0000206c,54,　ちゃんと出来てるか、モデルの先生に,so make sure you're doing it right.,,
ID00002,000020b1,45,　送って、見てもらうんだから」,She'll check it for me.,,
ID00002,0000261d,48,「え？　なんでブルマなんだって？,Huh? Why are you wearing a bikini briefs?,,
ID00002,0000265c,60,　買ったのよ、体操服と同じ色のを探して」,I bought them same color.,,
ID00002,00002bd7,48,「ブルマで撮影って多いんだって。,They say it's common to shoot in bikini briefs.,,
ID00002,00002c16,60,　恥ずかしいなんて言ってらんないでしょ？,You can't be saying it's embarrassing!,,
ID00002,00002c61,27,　慣れとかなきゃ」,You gotta get used to it.,,
ID00002,0000330f,30,「さ、録ってみてよ」,"S-so, let's record",,
ID00002,000035c4,24,「使い方わかる？,Do you know how?,,
ID00002,000035eb,45,　パパのビデオ、壊さないでよ。,Don't break dad's camera.,,
ID00002,00003627,39,　手ブレとか嫌だからね！」,I hate shaky hands!,,
ID00002,00003a87,30,「じゃあ、やるわよ」,"Okay then, I'll do it.",,
ID00002,000054de,24,（懐かしいな…）,(It feels familiar...),,
ID00002,00005524,45,「な～に、ニヤニヤしてんだか」,What are you grinning about?,,
ID00002,00005a9f,63,「あ、ユイ姉。ちょっと思い出してたんだよ」,"Hey, Onee-chan. I was just reminiscing.",,
ID00002,00005c53,18,「なにを？」,What?,,
ID00002,00005c93,57,「ユイ姉がモデルになったばかりのころ。,Back when you first became a model.,,
ID00002,00005cdb,51,　ここでウォーキングを録ったよな」,"We recorded your walk here, right?",,
ID00002,00005e83,54,「ああ！　あったわね～、そんなこと」,Oh yeah! You're right.,,
ID00002,000062a4,30,「フフッ懐かしい～」,"Hehe, it feels so familiar...",,
ID00002,00006598,48,「思えば、あのころからぶろ君は、,"Thinking back on it, since that time...",,
ID00002,000065d7,36,　動画と縁があったのね」,You've always been into videos.,,
ID00002,0000689f,39,「あれは、ユイ姉に無理矢理,That time when Ui-onee forced me,,
ID00002,000068d5,36,　録らされただけだって」,was just made to record it.,,
ID00002,00006a6e,33,「手ぶれもなかったし、,It wasn't even shaky.,,
ID00002,00006a9e,36,　きれいに録れてたわよ」,It came out really clean.,,
ID00002,00006c2b,48,「また録らない？　ウォーキング」,Want to record again? Walking.,,
ID00002,00006db7,51,「あ…私の成長を見たいってわけ？」,Y-You want to see me grow?,,
ID00002,00006fa8,36,「そう。録らせてくれよ」,"Sure, let's do it.",,
ID00002,00007141,30,「フフッ、いいわよ」,"Hehe, sure.",,
ID00002,00007455,21,「行くわよ～」,Let's do it~,,
ID00002,00007498,21,「オッケー！」,Okay!,,
ID00002,00008db9,24,「どうだった？」,How was it?,,
ID00002,00008dff,57,「さすがだよ。ファッションショーみたい,"Impressive, like a fashion show.",,
ID00002,00008e47,15,　だった」,indeed,,
ID00002,00008fcb,36,「そりゃあ、プロだもの。,"Of course, I'm a pro.",,
ID00002,00008ffe,36,　体操服でも魅せるわよ」,Even gym clothes.,,
ID00002,0000941a,18,「はははは」,Hahaha,,
ID00002,0000945a,48,（小さいころとは全然違ったな…。,You've grown so much.,,
ID00002,00009499,36,　プロとして働いてきて、,"As a professional, I've",,
ID00002,000094cc,42,　ものすごく成長してるんだ）,grown so much.,,
ID00002,00009524,54,（俺も、ユイ姉ぐらい打ち込めるものが,I wish I had a passion like hers.,,
ID00002,00009569,33,　あれば…。動画は…）,Videos are...,,
ID00002,000096ff,48,「そろそろチャイムが鳴るころよ。,The bell's about to ring.,,
ID00002,0000973e,39,　教室戻らなくていいの？」,Do we have to go back to class?,,
ID00002,000098e7,45,「そ、そっか！　じゃあ、また」,S-Sure! See ya later.,,
ID00002,00009a89,18,「またね～」,See ya~,,
ID00003,0000228c,27,（ん？　ユイ姉か）,(Hmm? Yu-sis?),,
ID00003,00002337,54,「ぶろくぅ～ん、もうお昼食べたぁ？」,"Brockuuun, did you already eat lunch?",,
ID00003,0000239b,54,（う…甘い声。面倒なことを頼む気か）,...I just ate.,,
ID00003,000023ff,33,「…食ったとこだけど」,Ugh... Such a sweet voice.,,
ID00003,0000244e,36,「じゃあ、ちょっといぃ？,"So, can I ask you something?",,
ID00003,00002481,30,　付き人やってよぉ」,"Be my assistant, okay?",,
ID00003,000024cd,39,「どうせ断れないんだろ？」,You're gonna say no way right?,,
ID00003,00002522,45,「フフッ、わかってるじゃない。,"Hehe, like you could say no.",,
ID00003,0000255e,54,　ビーチで撮影してるから、すぐにね。,I'll be done with the shoot at the beach soon.,,
ID00003,000025a3,24,　それじゃね～」,See ya~,,
ID00003,00002637,15,「ったく」,Ugh.,,
ID00003,00002b05,60,（ユイ姉の仕事を手伝うの、久しぶりだな。,It's been ages since I helped Yui-nee.,,
ID00003,00002b50,33,　…まぁ、宿題やるのも,"Well, doing homework counts too.",,
ID00003,00002b80,42,　手伝いみたいなもんだけど）,I guess you could say it's like that.,,
ID00003,000032c5,57,「あ、来た来た。さっそく日傘持ってよ」,"Ah, here she comes. Bring an umbrella right away.",,
ID00003,000035bb,18,「はいはい」,Sure sure.,,
ID00003,00003a08,45,「ほら！　脚に日が当たってる！,Look! The sun's hitting your legs!,,
ID00003,00003a44,39,　日焼けしちゃうでしょ！」,"You'll get a tan, right?",,
ID00003,00003d0f,18,「お、おう」,Y-Yeah.,,
ID00003,00003f78,45,「うん、そんな感じ。ありがと」,"Yeah, looks like it. Thanks.",,
ID00003,000043b1,51,「どしたの？　なんで笑ってんの？」,What's up? Why are you smiling?,,
ID00003,0000454d,33,「いや、小さいころも、,"Well, when I was little too...",,
ID00003,0000457d,42,　こうして怒られたなぁって」,I got scolded this way.,,
ID00003,00004703,12,「あ…」,...,,
ID00003,0000511b,54,「もーっ、ちゃんと差してくれなきゃ、,"Geez, if you don't put on sunscreen properly,",,
ID00003,00005160,39,　日に焼けちゃうでしょ！」,you'll get sunburned!,,
ID00003,00005559,42,「肌はモデルの命なんだから！,Your skin is your model's life!,,
ID00003,00005592,42,　細心の注意を払ってよね！」,You have to be super cautious!,,
ID00003,00005dee,42,「変わらないなぁ、ユイ姉は」,"You haven't changed at all, Yui-nee.",,
ID00003,00005f74,57,「そう？　ずいぶん成長したと思うけど」,Really? I think you've grown a lot.,,
ID00003,0000636e,39,「そういう意味じゃなく！」,I didn't mean that kind of growth!,,
ID00003,000064f1,18,「アハハハ」,HAHAHA,,
ID00003,0000666c,57,「ユイナさーん！　お願いしまーーす！」,Yuin-saaaan! Please dooo it for meee!,,
ID00003,0000687d,27,「あ、ハーーイ！」,"Ah, hiiiii!",,
ID00003,00006bd0,36,「ありがと。それじゃね」,Thanks a lot. See ya.,,
ID00003,00006d5d,24,「がんばってな」,Good luck,,
ID00003,00006ed1,30,「ええ、もちろんよ」,Of course I will.,,
ID00003,00007525,39,（思えば…小さいころから、,"Ever since she was little,",,
ID00003,0000755b,51,　ユイ姉はプロ意識が高かったんだ。,Yuin-nee has had such high professional standards.,,
ID00003,0000759d,15,　俺は…）,I...,,
ID00003,000075da,51,（なにか…録りたいものがあれば…）,If there's anything... you want to record...,,
ID00004,00001219,27,（誰もいない…か。,No one's here... huh.,,
ID00004,00001243,48,　もう部活、終わったみたいだな）,Looks like practice is over already.,,
ID00004,000012a1,51,（ん？　こんなところにボールが…）,Huh? There's a ball here...,,
ID00004,000013ee,57,（バスケ部がしまい忘れたな。ったく…）,The basketball team must've forgotten it... Man...,,
ID00004,000016e4,45,（ここに来ると…思い出すな…）,When I come here... I remember things...,,
ID00004,00001a27,48,「ユイ姉、こんなとこにいたのか」,"Yui-nee, you were here?",,
ID00004,00001be2,42,「ぐすっ…よくわかったわね」,Sniff... You really figured it out,,
ID00004,00001ef7,42,「家のパソコンで見たんだよ」,I saw it on my home PC,,
ID00004,0000207d,48,「そっか…防犯ブザーのＧＰＳね」,"Oh, so it's the GPS from the security alarm.",,
ID00004,00002265,36,「何時だと思ってんだよ？,What time do you think it is?,,
ID00004,00002298,36,　みんな心配してんだぞ」,Everyone's worried about you.,,
ID00004,00002303,36,「みんな…気づかない…」,They... don't notice...,,
ID00004,00002490,51,「気づいてるって。迎えに来ただろ」,They noticed. That's why they came to pick me up.,,
ID00004,0000266c,30,「そうじゃなくて！」,That's not it!,,
ID00004,000029bd,51,「クラスのみんなが……気づかない。,None of my classmates... noticed.,,
ID00004,000029ff,48,　私がいなくても……気にしない」,Even when I'm not there... they don't care.,,
ID00004,00002f49,15,「え…？」,Eh..?,,
ID00004,000030b4,63,「仕事で休んだり、早く帰ることが多いから、,"I'm often absent or go home early because of work,",,
ID00004,00003102,54,　姿が見えなくても…気にとめない…」,So even if I'm not around... don't worry about it...,,
ID00004,00003645,54,「友達がいない…。みんな離れてく…。,I have no friends... everyone's leaving...,,
ID00004,0000368a,24,　そんなつもりで,That's not what I meant.,,
ID00004,000036b1,51,　モデルになったんじゃないのに…」,I didn't become a model to end up like this...,,
ID00004,00003d59,24,「私…１人だ…」,I'm... alone...,,
ID00004,00003f00,18,「ユイ姉…」,Onee-san Yui...,,
ID00004,0000406e,18,「ぐすっ…」,Sniffle...,,
ID00004,00004324,60,「なに言ってんだよ、俺や真奈がいるだろ？,"What are you saying? I'm here, and Mana is too.",,
ID00004,0000436f,48,　応援してんだぞ、ユイ姉のこと。,"I'm cheering for you, Onee-san Yui.",,
ID00004,000043ae,54,　雑誌やＣＭに出て、自慢の姉なんだ」,"She’s in magazines and commercials, my big sis.",,
ID00004,000044cc,48,「天下取るんじゃなかったのかよ？,Aren't you supposed to conquer the world?,,
ID00004,0000450b,57,　世界中を旅するんだろ？　付き人の俺を,Traveling the world? Take me with you?,,
ID00004,00004553,60,　連れてってくれるって言ったじゃないか」,Didn't you say you'd take me with you?,,
ID00004,00004725,42,「元気出せよ。らしくないぞ」,Cheer up. That's not like you.,,
ID00004,000048fa,60,「いつもお仕事で、お休みも全然なくて…」,"You're always working, and you never get any rest...",,
ID00004,00004bcd,54,「一生懸命がんばれば、がんばるほど、,"You try your hardest... the harder you work,",,
ID00004,00004c12,30,　１人になってく…」,the more alone you become...,,
ID00004,000050c9,36,「寂しいよぉ…ぶろ君…」,I miss you so much... Bro-kun...,,
ID00004,00005256,36,「そんなこと言うなよ…」,Don't say stuff like that...,,
ID00004,000052a8,42,「寂しいときは俺を呼べって！,"When you feel lonely, call me!",,
ID00004,000052e1,27,　遊んでやるから」,I'll come play with you.,,
ID00004,000054a5,24,「……ホント？」,...Really?,,
ID00004,00005626,39,「おう！　付き人なんだろ？,"Yeah! You're my assistant, right?",,
ID00004,0000565c,42,　どこだって行ってやるよ！」,I'll take you anywhere!,,
ID00004,000057e2,33,「…世界の果てでも？」,...Even to the ends of the earth?,,
ID00004,0000596c,33,「…場所がわかればな。,...If I know where it is.,,
ID00004,0000599c,36,　防犯ブザー持ってろよ」,Bring your panic button.,,
ID00004,00005b1c,33,「ＧＰＳか…便利よね」,GPS... It's so handy.,,
ID00004,00005e0c,63,「絶対来てよ～っ。来なかったらヒドいわよ」,"You have to come~. If not, I'll be pissed.",,
ID00004,0000622a,27,「わかってるって」,I know that.,,
ID00004,000063a1,33,「じゃあ…帰ろっかな」,Guess I'll head back then.,,
ID00004,00006906,39,「パパとママに謝らなきゃ。,I have to apologize to my parents too.,,
ID00004,0000693c,39,　心配かけてごめんねって」,Sorry for making you worry.,,
ID00004,00006c07,27,「俺と真奈には？」,What about Mina and me?,,
ID00004,00006d7e,33,「…ごめんね、ぶろ君」,"...Sorry, Bro-kun.",,
ID00004,00007036,48,「まぁちゃんには、あとで謝るね」,I'll make it up to Mahiro later.,,
ID00004,000071cf,33,「ん…じゃあ、帰るぞ」,"Alright, let's go.",,
ID00004,0000721e,15,「…うん」,...Yeah,,
ID00004,00007e12,24,（あ…ユイ姉…）,Ah... Onee-Ui...,,
ID00004,00007eba,48,「ぶろくぅ～ん、撮影手伝ってぇ。,"Bluh, help me take pictures.",,
ID00004,00007ef9,27,　日傘差して～っ」,Hold my umbrella~,,
ID00004,00007f42,33,「はいはい、今行くよ」,"Okay okay, I'm coming.",,
ID00004,00007f91,45,「すぐによぉ、待ってるからぁ」,"I'll be right there, wait for me.",,
ID00004,0000803a,48,（後にも先にも、あの時だけだな、,It's only ever happened once before...,,
ID00004,00008079,54,　あんなにユイ姉が落ち込んだのは…）,Onee-Ui was so down like that...,,
ID00005,00001ca5,39,（ん～と…なに飲むかなぁ）,Hmm... what should I drink?,,
ID00005,00001cfa,18,「コーラ！」,Coke!,,
ID00005,00003733,33,「お、俺の金なのに…」,"Hey, this is my money...",,
ID00005,000038c9,42,「欲しいの？　心配しなくても,You want some? Don't worry about it,,
ID00005,00003902,27,　一口あげるわよ」,"Here, have a sip.",,
ID00005,00003d15,33,「ちがっ！　金返せ！」,No way! Give me my money back!,,
ID00005,00003f0e,60,「はぁ…細かいわねぇ。大きな仕事を終えた,Phew... You're so petty.,,
ID00005,00003f59,51,　姉に、ねぎらいの言葉もないの？」,you don't have any words of appreciation for me?,,
ID00005,0000443e,12,「え？」,What?,,
ID00005,000045bf,58,「終わったのよ、『End of Summer』の撮影が」,The 'End of Summer' shoot is over.,,
ID00005,000048a9,60,「要求が厳しいカメラマンさんだったから、,"That photographer was really demanding, so...",,
ID00005,000048f4,27,　つっかれたぁ～」,I'm exhausted~,,
ID00005,00004c01,36,「そっか！　お疲れ様！」,Oh! Good job!,,
ID00005,00004d9a,30,「ラストショットは、,The last shot was...,,
ID00005,00004dc7,42,　スク水と決めてたんだって。,in a swimsuit.,,
ID00005,00004e00,30,　マニアックよね～」,That's pretty niche~,,
ID00005,000050db,45,「ははは、それでスク水なんだ」,"Haha, so that's why it was a swimsuit.",,
ID00005,00005299,12,「そっ」,Yeah.,,
ID00005,000052d3,45,「学校らしいからな、スク水は」,"It's a school swimsuit, after all.",,
ID00005,000054f1,54,「そうね。学校以外じゃ着ないものね」,That's right. You don't wear it outside of school.,,
ID00005,000056a9,63,「ん……そっか。もう…この夏が終わったら、,Hmm... I see. Once this summer ends...,,
ID00005,000056f7,36,　着ることもないのか…」,You won't be wearing it anymore...,,
ID00005,00005d64,51,「そう思うと、ちょっと寂しいわね」,Thinking about that makes me feel a bit sad.,,
ID00005,00005f00,63,「この夏、思いっきり着ればいいじゃないか」,Then just wear it as much as you can this summer!,,
ID00005,000060b4,30,「そう！　それよ！」,Exactly! That's the spirit!,,
ID00005,00006254,12,「ん？」,Hm?,,
ID00005,000063d5,63,「高校生活最後の夏だもの、スク水に限らず、,"It's our last summer of high school,",,
ID00005,00006423,60,　なにもかも思いっきり楽しまなきゃね！」,We've gotta have fun with everything!,,
ID00005,000069ba,39,「事務所にわがまま言って、,"Complain to the office about it,",,
ID00005,000069f0,54,　この夏はもう全休にしてもらったの」,I've already asked for the whole summer off.,,
ID00005,00006e11,42,「小４でモデルになって以来、,"Ever since I became a model,",,
ID00005,00006e4a,48,　全然夏休みを取れなかったから、,I never got to take summer break before.,,
ID00005,00006e89,51,　９年分を一気に取り戻すつもりよ」,"I'm gonna make up for nine years,",,
ID00005,000073fb,24,「一緒に来て！」,Come with me!,,
ID00005,00007441,18,「どこへ？」,Where to?,,
ID00005,000075c8,21,「いいから！」,Just do it!,,
ID00005,00007a9c,48,「お、おい、どこ行くんだって？」,"Hey, where're you going?",,
ID00005,00007afa,57,「来ればわかるって！　こっちこっち！」,"You'll see if you come! This way, this way!",,
ID00005,00007b61,24,「こっちって…」,This way...,,
ID00005,00007ba7,24,「ほら、早く！」,"Come on, hurry up!",,
ID00005,00007bed,18,「ったく…」,...Man...,,
ID00005,0000817e,12,「あ…」,...,,
ID00005,0000838c,48,「ほら、見て！　掘っ立て小屋が！,"Hey, look! There's a lean-to!",,
ID00005,000083cb,36,　撮影してて気づいたの」,I noticed it while taking pictures.,,
ID00005,00008880,63,「へ～っ、ビーチの裏の林にこんなとこが…」,"Wow, there's a place like this,",,
ID00005,00008ab0,57,「もうずっと誰も使ってないみたいだし、,"It looks like no one has used it for ages,",,
ID00005,00008af8,30,　好都合じゃない？」,"so it's perfect, right?",,
ID00005,00008d20,33,「好都合？　なんの？」,Perfect? For what?,,
ID00005,00008eb6,33,「もちろん、秘密基地に,"Of course, our secret hideout.",,
ID00005,00008ee6,36,　決まってるじゃない！」,of course!,,
ID00005,0000908c,27,「秘密基地ィ！？」,Secret hideout!?,,
ID00005,00009238,15,「そっ！」,Tch!,,
ID00005,000094f7,57,「さっき、９年分の夏休みを取り戻すって,"Just now, you said we'd make up for nine years.",,
ID00005,0000953f,60,　言ったでしょ？　子供のころ出来なかった,Right? The games we couldn't play when we were kids,,
ID00005,0000958a,33,　遊びを今やるのよ！」,We're gonna do them now!,,
ID00005,00009868,21,「マジで！？」,Really!?!,,
ID00005,000099f2,21,「マ・ジ・で」,For real,,
ID00005,00009df2,39,「掘っ立て小屋を片付けて、,"Let's clean up the makeshift hut,",,
ID00005,00009e28,36,　いろいろ持ち込んで…」,We brought a lot of stuff in...,,
ID00005,0000a000,45,「ほら、この大きな木を見てよ。,Look at this big tree.,,
ID00005,0000a03c,60,　ハシゴをかけて上に見張り台を作って…」,Put up ladders and build a lookout on top...,,
ID00005,0000a660,36,「太い枝の下にブランコ！,A swing under the thick branches!,,
ID00005,0000a693,42,　ハンモックも欲しいわね！」,I want a hammock too!,,
ID00005,0000ab97,63,「まぁちゃんも巻き込んで、３人で楽しも！」,"Let's all have fun together, Maa-chan included!",,
ID00005,0000aec0,48,「ほらほら、ポカーンとしない！」,"Hey hey, don't just gape!",,
ID00005,0000b1a0,39,「これまで、ずっと仕事で…,"Until now, I've been so busy...",,
ID00005,0000b1d6,45,　私だけ、お祭りにも、遠足にも,I haven't even gone to the festival or trip.,,
ID00005,0000b212,48,　ろくに行けなかったんだから…」,...I couldn't go anywhere...,,
ID00005,0000b90c,24,「つき合ってよ」,Hang out with me,,
ID00005,0000b952,12,「あ…」,...,,
ID00005,0000bde5,60,「いつもお仕事で、お休みも全然なくて…」,"You're always working, and you never get any rest...",,
ID00005,0000c0b8,54,「一生懸命がんばれば、がんばるほど、,"You try your hardest... the harder you work,",,
ID00005,0000c0fd,30,　１人になってく…」,the more alone you become...,,
ID00005,0000c5b4,36,「寂しいよぉ…ぶろ君…」,I miss you so much... Bro-kun...,,
ID00005,0000d263,48,「ユイ姉の…初めての夏休み…か」,Iori's...first summer vacation...,,
ID00005,0000d424,57,「そっ。高校卒業を前に、童心に帰るの」,Got it. Let's be kids before graduation.,,
ID00005,0000d71a,18,「そっか…」,"Oh, I see.",,
ID00005,0000d75a,36,「わかった、つき合うよ」,"Okay, I'll hang out with you.",,
ID00005,0000d8f3,36,「ホント！？　ありがと！,Really!? Thanks!,,
ID00005,0000d926,36,　そうこなくっちゃね！」,That's the way to do it!,,
ID00005,0000de89,63,「じゃあ、まずは、小屋の掃除からお願いね。,"Okay, let's start with cleaning the cabin.",,
ID00005,0000ded7,45,　ほうきは持ってきてあるから」,I've already brought a broom.,,
ID00005,0000e1c1,42,「あぁ！？　いきなり掃除！？,Wh-What!? Cleaning right away!?!,,
ID00005,0000e1fa,39,　ユイ姉はどうすんだよ？」,What about Yu-sis?,,
ID00005,0000e396,36,「私は着替えてこなきゃ。,I need to change clothes.,,
ID00005,0000e3c9,42,　こんな格好でずっといたら、,"If I stay like this, I'll",,
ID00005,0000e402,33,　風邪引いちゃうもの」,get a cold.,,
ID00005,0000e6e0,51,「着替えたら、手伝うんだろうな？」,"You'll help me after you change, right?",,
ID00005,0000e888,60,「あーー、たまった宿題やらなくっちゃ～」,Ah~ I've gotta do that homework.,,
ID00005,0000ecdc,54,「のど渇いたら、さっき買ったコーラ、,"If you're thirsty, have my Coke.",,
ID00005,0000ed21,30,　飲んでいいからね」,It's fine.,,
ID00005,0000f035,27,「それじゃあね～」,See ya~,,
ID00005,0000f41c,21,「お、おい！」,"Hey, hey!",,
ID00005,0000f45f,48,（…あれは、絶対戻ってこないな。,...She definitely won't come back.,,
ID00005,0000f49e,36,　全部俺にやらせる気だ。,She wants me to do it all.,,
ID00005,0000f4d1,39,　コーラだって俺の金だぞ）,It's even my money for the Coke.),,
ID00005,0000f526,33,（はぁ…。ま、いっか。,"Haa... Well, whatever.",,
ID00005,0000f556,42,　ちょっとワクワクするしな）,I'm kinda excited about it too.),,
ID00005,0000fa41,57,「うおっ、すげぇほこりだ！　ゴホゴホ！,"""Whoa, this is some serious dust! *cough*!",,
ID00005,0000fa89,21,　やれやれ…」,...Man...,,
ID00006,00002c96,36,「誰だ…こんな時間に…」,Who is it... at this hour...?,,
ID00006,00002f53,21,「もしもし…」,Hello?,,
ID00006,00002f96,57,「おっはよ～～っ！　起っきろ～～っ！」,Good morning~! Wake up~!,,
ID00006,00002ffd,42,「ユイ姉……今何時……って、,"Yui-nee... what time is it now...? Oh,",,
ID00006,00003036,42,　まだ…６時前じゃないか…」,it's still before six...,,
ID00006,0000308e,21,「おやすみ…」,Goodnight.,,
ID00006,000030d1,45,「あーっ！　ちょっとちょっと！,Ah! Wait a minute! We're trying to make,,
ID00006,0000310d,45,　９年分の夏休みを取り戻すって,up for nine years of summer vacation...,,
ID00006,00003149,27,　言ったでしょ！」,Didn't I say that?!,,
ID00006,00003192,36,「やるわよ！　今から！」,I'll do it! Starting now!,,
ID00006,000031e4,30,「ふあぁ…なにを？」,Phew... What's up?,,
ID00006,00003230,24,「朝の体操よ！」,Morning exercises!,,
ID00006,00003276,15,「はぁ？」,Huh?,,
ID00006,00003a12,42,「ふわぁ～。おはよ…にい君」,Fuuwaah~ Good morning... big bro,,
ID00006,00003d25,36,「お前も起こされたのか」,You got woken up too?,,
ID00006,00003ed4,21,「朝は苦手…」,I hate mornings...,,
ID00006,000044a9,48,「さぁ、やるわよ！　まずは大きく,Alright! Let's start big!,,
ID00006,000044e8,33,　背伸びの運動から！」,Let's stretch our backs!,,
ID00006,00005002,39,「背筋をよーく伸ばして～」,Stretch your back really well~,,
ID00006,0000513f,60,「かかとの上下運動～、ちゃんとやらないと,Heels up and down~,,
ID00006,0000518a,18,　ダメよ～」,You know~,,
ID00006,000051ca,33,「膝もよく曲げてね～」,Bend your knees well too~,,
ID00006,00005219,36,「腕をしっかり回して～」,Rotate your arms firmly~,,
ID00006,0000526b,18,「外回り！」,Outside circles!,,
ID00006,000052ab,24,「うちまわひ…」,Inside circles...,,
ID00006,00005f9f,57,「あ～、スッキリした。気持ちいい～っ」,"Ahh, feels so good. So refreshing~",,
ID00006,000063c3,39,「朝の運動っていいわね～」,Morning exercises are great~,,
ID00006,00006743,39,「私もすっかり目が覚めた」,I'm wide awake now.,,
ID00006,00006ac3,63,「まぁちゃんは、夜更かししがちなんだから、,"Well, you tend to stay up late, Maa-chan, so",,
ID00006,00006b11,54,　これを機に生活リズムを戻しなって」,use this as an opportunity to get back on track.,,
ID00006,000070c9,12,「ん…」,Hmm...,,
ID00006,0000727f,48,「ん～っ、夏休みの朝の体操って、,~Summer break morning calisthenics,,
ID00006,000072be,54,　こんな感じだったのね。満足、満足」,"Like this, huh? Satisfying, satisfying.",,
ID00006,00007b8f,60,「この調子で、これまでやれなかったことを,Keep it up and do all the things we couldn't before,,
ID00006,00007bda,57,　３人でどんどんやっていくわよーっ！」,Let's keep going together with three people!,,
ID00006,00007ed0,54,「秘密基地だけじゃなかったのかよ…」,Not just a secret base...,,
ID00006,000083d9,21,「秘密基地？」,Secret base?,,
ID00006,00008715,33,「あとで教えてあげる。,I'll tell you later.,,
ID00006,00008745,57,　ぶろ君と楽しいことやってるんだから」,We're having fun with Bro-kun.,,
ID00006,00008ea4,33,「…ユイ姉、楽しそう」,"...Yui-nee, you look happy.",,
ID00006,0000903a,15,「そう？」,Really?,,
ID00006,000091a5,45,「私もうれしい。ユイ姉、ずっと,I'm happy too. You've been working hard.,,
ID00006,000091e1,51,　がんばってきたから、羽伸ばして」,so take a break.,,
ID00006,00009788,54,「ありがと。まぁちゃんは優しいなぁ。,Thanks. Maa-chan is so kind~,,
ID00006,000097cd,24,　自慢の妹だよ」,You're my pride and joy.,,
ID00006,00009c5f,57,「いえいえ、ユイ姉こそ自慢の姉だから」,"No no, you're the one I'm proud of.",,
ID00006,00009f48,51,「フフッ、出来のいい姉妹を持って、,"Hehe, having such great sisters,",,
ID00006,00009f8a,30,　ぶろ君は幸せね～」,Bro-kun must be happy~,,
ID00006,0000a5c3,36,「はいはい、どうせ俺は、,"Yeah, yeah, just your brother.",,
ID00006,0000a5f6,42,　特徴のない普通の弟ですよ」,Nothing special about me at all.,,
ID00006,0000aa75,48,「さ、みんなで朝ご飯食べに戻ろ。,"All right, let's head back for breakfast.",,
ID00006,0000aab4,36,　きっとおいしいわよ～」,It'll be delicious~,,
ID00006,0000b081,45,「私はミルクコーヒーだけで…」,I'll just have milk coffee...,,
ID00006,0000b223,45,「ダメよ、ちゃんと食べなきゃ。,"No, eat your breakfast.",,
ID00006,0000b25f,54,　私みたいに大きくならないんだから」,You won't grow as big as me anyway.,,
ID00006,0000b6d1,30,「…身長はともかく、,"...Anyway, height aside,",,
ID00006,0000b6fe,51,　胸は、持って行かれたと思ってる」,I guess she thinks I stole her boobs.,,
ID00006,0000ba49,51,「私だってそんなに大きくないわよ。,I'm not that big either.,,
ID00006,0000ba8b,24,　似た者姉妹ね」,You two are like twins.,,
ID00006,0000bdb6,48,「見た目も、性格も、足して割ると,"If you add up our looks and personalities,",,
ID00006,0000bdf5,33,　普通になると思うよ」,You'd probably end up normal.,,
ID00006,0000c0c6,48,「よかったね、普通にならなくて」,"Good for you, you don't have to be normal.",,
ID00006,0000c25f,51,「はいはい、どうせ俺は普通ですよ。,"Yeah yeah, I'm totally average.",,
ID00006,0000c2a1,48,　ほら、話すなら宿舎でいいだろ？,"Come on, let's talk in the dorm instead.",,
ID00006,0000c2e0,27,　時間なくなるぞ」,Time's running out.,,
ID00006,0000c7da,15,「は～い」,Okay then.,,
ID00006,0000c95e,15,「はーい」,Okay!,,
ID00007,00002d3a,45,「うぅ…誰だ…こんな時間に…」,Ugh... Who is it... at this hour...,,
ID00007,00003014,51,「ぶろくぅ～ん、もう寝てたぁ～？」,"Brockuuun, were you already asleep?",,
ID00007,00003075,51,「寝てたよ。何時だと思ってんだ？」,I was sleeping. What time do you think it is?,,
ID00007,000030d6,54,「９年分の夏休みを取り戻すわよ～っ」,I'm getting back 9 years' summer!,,
ID00007,0000313a,39,「はぁ！？　これから！？」,Huh?! Starting now?!,,
ID00007,0000318f,30,「ビーチに集合ね！」,Meet me at the beach!,,
ID00007,000031db,39,「もう玄関閉まってるって」,The front door's already locked.,,
ID00007,00003230,42,「こっそり抜け出しなさいよ。,Sneak out quietly.,,
ID00007,00003269,27,　それじゃあね～」,See ya~,,
ID00007,000032f3,60,（門限破りを勧める姉って、どうなんだ？）,What kind of sister does that?,,
ID00007,000038f6,27,「ふわあ～～～っ」,Fwahhh~,,
ID00007,0000393f,33,「にい君、眠そうだね」,"You look sleepy, bro.",,
ID00007,00003eae,39,「お前も起こされたのか？」,Did someone wake you up too?,,
ID00007,000040c0,36,「ううん、まだ起きてた」,"Nope, I was still awake.",,
ID00007,00004266,30,「こんな遅くまで…。,It's this late...,,
ID00007,00004293,45,　ま～た、プログラムとかだろ？,"More programming, right?",,
ID00007,000042cf,36,　早く寝ないと体壊すぞ」,You'll ruin your body.,,
ID00007,00004468,45,「集中してると、あっという間に,"When you're focused, time flies by.",,
ID00007,000044a4,39,　時間が過ぎる。仕方ない」,There's nothing to be done about it.,,
ID00007,00004788,45,「その集中力を勉強に活かせよ」,Put that focus into studying.,,
ID00007,000049a2,18,「はいはい」,Sure sure.,,
ID00007,00004b33,33,「気のない返事だなぁ」,What a lazy response.,,
ID00007,00004fe6,30,「おっまたせ～っ！」,Sorry for keeping you up~!,,
ID00007,00005344,63,「こんな時間になにやるつもりだよ、ユイ姉」,"What do you plan on doing at this hour, Yui-nee?",,
ID00007,000056b4,63,「もっちろん、花火に決まってるじゃない！」,Of course we're going to watch fireworks!,,
ID00007,000059b0,36,「花火！？　今から！？」,Fireworks!?! Starting now?!?,,
ID00007,00005bbc,48,「噴きだし花火に、打ち上げ花火、,"There's skyrocket fireworks, bottle rockets,",,
ID00007,00005bfb,51,　線香花火に、昇り竜ナントカまで、,"sparklers, and even some dragon ones,",,
ID00007,00005c3d,33,　いっぱいあるわよ！」,We've got plenty!,,
ID00007,00006411,48,「そんな山盛り…大人買いだなぁ」,That's a lot... You went all out.,,
ID00007,000066e4,39,「９年分だもん、これぐらい,It's been 9 years.,,
ID00007,0000671a,30,　やらなくっちゃね」,so we have to do this much.,,
ID00007,00006b66,48,「ふむふむ…じゃあ、派手なのから,Hmm hmm... Then let's start with the flashy ones,,
ID00007,00006ba5,27,　やってみますか」,Let's give it a shot.,,
ID00007,00007308,36,「フフッやって、やって」,"Hehe, do it, do it!",,
ID00007,0000876f,45,「うわ～っ、打ち上げ花火って、,"Wow~ fireworks are so cool,",,
ID00007,000087ab,45,　お祭りに来た気分になるね～」,it feels like we're at the festival~,,
ID00007,00008c53,57,「一緒に行ったことないもんね、お祭り」,We've never gone to one together before.,,
ID00007,00009120,63,「そう！　毎年、３人で行くって約束しても、,We promised to go yearly.,,
ID00007,0000916e,51,　結局仕事が入って、行けなくて…」,Can't make it 'cause work...,,
ID00007,000096e0,51,「お祭りは、日付変更できないから」,The date for a festival can't be changed.,,
ID00007,000099c3,42,「仕事も待ってくれないしね」,Work doesn't wait for us either.,,
ID00007,00009b49,42,「さあ！　どんどん行くわよ！,Come on! Let's get going!,,
ID00007,00009b82,45,　今日は３人だけのお祭りよ！」,Just a fest for us three!,,
ID00007,0000a47b,24,「アハハハハハ」,Ahahahaha,,
ID00007,0000a4c1,15,「きれー」,So cute.,,
ID00007,0000aa25,51,（いいもんだな、童心に帰るユイ姉を,"Good for her, getting back to being a kid.",,
ID00007,0000aa67,45,　録るのも。真奈も楽しそうだ）,Misaki looks like she's having fun too.,,
ID00007,0000aac2,33,（ユイ姉の夏休み…か。,Iori's summer vacation...,,
ID00007,0000aaf2,39,　そっか…あるじゃないか！,Oh yeah... I do have something!,,
ID00007,0000ab28,36,　身近に録りたいものが）,Something close I wanna record.,,
ID00008,0000174c,45,（さ～て、ユイ姉を呼び出すか）,"~, shall I call Yui-nee?",,
ID00008,0000180e,39,「ぶろ君？　どうしたの？」,Bro-kun? What's up?,,
ID00008,00001863,54,「今すぐ秘密基地に来てくれないか？」,Can you come to the secret base right now?,,
ID00008,000018c7,57,「えっ！？　もしかして完成したの！？」,Wha!? Did it finally get done!?,,
ID00008,0000192e,51,「まさか…。暇を見て作ってるけど、,No way... I've been working on it.,,
ID00008,00001970,45,　完成までには、まだかかるよ」,It'll still take a while.,,
ID00008,000019cb,42,「なぁんだ…じゃあ、なに？」,"Oh, so what is it then?",,
ID00008,00001a23,27,「俺の挑戦…かな」,My challenge... maybe,,
ID00008,00001a6c,15,「挑戦？」,Challenge?,,
ID00008,00001aa9,54,「今日、確か水泳の授業あったよな？」,"We had swimming class today, right?",,
ID00008,00001b0d,24,「あったけど？」,"Yeah, we did.",,
ID00008,00001b53,45,「じゃあ、スク水持ってるだろ？,Then you must have your swimsuit.,,
ID00008,00001b8f,33,　着替えて来てくれよ」,Bring it and change into it.,,
ID00008,00001bde,45,「はぁ！？　なんでスク水！？」,Huh?! Why a swimsuit?!,,
ID00008,00001c39,42,「来ればわかるよ。それじゃ」,You'll see when you come. See ya.,,
ID00008,00001cd2,51,（さ～て、こっちも準備しないとな）,"(Alright, I should get ready too.)",,
ID00008,00002de7,63,「も～っ、いきなりなによ？　来たわよ～っ」,"Mou~, why so suddenly? I'm here~!",,
ID00008,000030e3,45,「おっ、タイミングバッチリ！」,"Oh, perfect timing!",,
ID00008,000033a6,48,「なにこれ？　ビニールプール？」,What's this? A vinyl pool?,,
ID00008,00003404,21,「覚えてない？,You don't remember?,,
ID00008,00003428,54,　小さいころ使ってたヤツなんだけど。,It's the one I used when I was little.,,
ID00008,0000346d,54,　父さんが、大事に取っておいたんだ」,My dad kept it all this time.,,
ID00008,000034d1,54,「ああ、あれ？　覚えてる、覚えてる。,"Oh right, I remember, I remember.",,
ID00008,00003516,21,　懐かしい～」,Feels so nostalgic~,,
ID00008,00003559,51,「３人でよく、はしゃぎ回ったっけ」,We used to have so much fun together.,,
ID00008,000040d1,42,「で、これがどうかしたの？」,"So, what's up with this?",,
ID00008,000042f0,39,「夏休みを取り戻すんだろ？,You're trying to get back your summer?,,
ID00008,00004326,57,　もっと童心に帰った方がいいと思って」,right? I think you should act more like a kid.,,
ID00008,0000439a,45,「小学生に戻った気分になって、,"Feel like you're in elementary school again,",,
ID00008,000043d6,48,　このプールで遊んでるところを、,and let me record you playing in the pool.,,
ID00008,00004415,27,　録らせてくれよ」,Let me record it.,,
ID00008,000045a5,18,「ハァ！？」,Huh!?,,
ID00008,000045f6,36,「題して『Summer Memories』」,Titled 'Summer Memories'.,,
ID00008,0000478f,54,「俺なんかど素人だし、プロのユイ姉を,"I'm just a beginner, and Yui-nee's a pro...",,
ID00008,000047d4,48,　前にして、おこがましいけど…」,"It's presumptuous, but...",,
ID00008,00004832,45,「ユイ姉の高校最後の夏休みを…,I want to capture Yui-nee's last summer...,,
ID00008,0000486e,60,　９年分の夏休みをちゃんと残したいんだ」,Nine years' worth of summer vacations...,,
ID00008,000048d8,36,「素人の動画作品だけど、,"This is an amateur video production,",,
ID00008,0000490b,57,　プロのモデルのユイ姉に…挑戦したい」,I wanna challenge Yui-nee...,,
ID00008,00004ab9,18,「ぶろ君…」,Bro-kun...,,
ID00008,00004af9,21,「…ダメか？」,...no good?,,
ID00008,00004c6a,18,「…ううん」,...Nope.,,
ID00008,000050ea,36,「そんなこと言われたら、,"When you put it that way,",,
ID00008,0000511d,45,　受けて立つしかないじゃない」,I have no choice but to accept,,
ID00008,000052cc,27,「やってくれる？」,You'll do it?,,
ID00008,0000545c,54,「もちろん！　無茶な要求に応えるのが,Of course! It's what pros are for.,,
ID00008,000054a1,27,　プロってもんよ」,To fulfill unreasonables.,,
ID00008,00005d33,15,「クスッ」,Heh.,,
ID00008,00005e9e,30,「プールが小さ～い」,The pool's so tiny~,,
ID00008,0000678c,27,「やっ！　やっ！」,Stop! Stop!,,
ID00008,00006a3e,18,「アハハハ」,HAHAHA,,
ID00008,00006ce7,24,「バキューン！」,Whoosh!,,
ID00008,000074a1,15,「フフッ」,Heh heh.,,
ID00008,0000760c,51,「幼いころの自分が……愛おしい…」,~My childhood self... was so cute...,,
ID00008,00007e3f,63,「オッケー！　バッチリ！　カットーーッ！」,Okay! Perfect! Cutttt!,,
ID00008,00007eac,21,こうして俺は、,And so I recorded.,,
ID00008,00007ed0,57,ユイ姉の９年分の夏を録ることになった。,Yui-nee's summers over nine years.,,
ID00009,00003597,45,（さ～て、ユイ姉を呼び出すか）,"~, shall I call Yui-nee?",,
ID00009,00003659,27,「なに？　ぶろ君」,"What's up, bro?",,
ID00009,000036a2,33,「もうお昼、食べた？」,You had lunch yet?,,
ID00009,000036f1,24,「食べたけど？」,I already did...,,
ID00009,00003737,33,「デザートはまだだろ？,Still got dessert right?,,
ID00009,00003767,33,　一緒に食わないか？」,Want to eat it together?,,
ID00009,000037b6,36,「どうしたのよ？　突然」,What's with you all of a sudden?,,
ID00009,00003808,33,「たまにはいいだろ？」,"C'mon, just this once?",,
ID00009,00003857,57,「…そうね。どこにいるの？　テラス？」,Okay then. Where are you? On the terrace?,,
ID00009,000038be,57,「いや、ビーチ。海を見ながら食おうぜ」,"Nah, the beach. Let's eat while looking at the sea.",,
ID00009,00003925,33,「海を？　いいけど…、,The sea? Sure... but,,
ID00009,00003955,60,　ずいぶんロマンチックなこと考えるわね」,You're thinking pretty romantically there.,,
ID00009,000039bf,57,「動画を始めたからかな？　待ってるよ」,Maybe 'cause I started filming? I'll wait for you.,,
ID00009,00003a39,57,「フッフッフッ、真奈、準備はいいか？」,"Heh heh heh, Mina, are you ready?",,
ID00009,00004228,15,「任せて」,Leave it to me.,,
ID00009,00004ec9,36,「来たわよ～、お待たせ。,Here I am~.,,
ID00009,00004efc,39,　あれ？　まぁちゃんも？」,Huh? And Mahiro too?,,
ID00009,00004f51,27,「ユイ姉、こっち」,"Yo, Yui-nee, this way.",,
ID00009,00004f9a,33,「ど、どこ行くのよ？」,W-whe...where are we going?,,
ID00009,00004fe9,36,「更衣室。着替えるから」,Changing room.,,
ID00009,0000503b,36,「着替える？　なんで！？,Change clothes? Why!?,,
ID00009,0000506e,30,　ちょ、ちょっと…」,H-Hold on a sec...,,
ID00009,00005669,57,（真奈を味方に付けたのは正解だったな）,(I was right to get Mana on my side.),,
ID00009,000056d0,24,「な……な……」,...N-Na...,,
ID00009,00005716,39,「おっ、着替え終わったか」,"Oh, you're done changing.",,
ID00009,00005e0d,39,「なんでまたスク水なのよ！,Why again!,,
ID00009,00005e43,30,　しかも名札付き！」,And with a name tag too!,,
ID00009,0000669f,21,「私が付けた。,I put it on.,,
ID00009,000066c3,51,　どうせなら、とことんやらないと」,"If we're gonna do this, let's go all out.",,
ID00009,00006cc5,39,「うちの学校は、初等部でも,Our school doesn't even use name tags,,
ID00009,00006cfb,42,　名札なんか付けないって！」,even in elementary school!,,
ID00009,00007034,51,「まぁまぁ、童心に帰るってことで」,"Hey, hey, just having some fun.",,
ID00009,00007330,45,「はぁ…なんでまぁちゃんまで、,"Phew... You too, Maa-chan?",,
ID00009,0000736c,39,　そんなにノリがいいのよ」,"You're really into this, huh?",,
ID00009,0000765c,42,「ユイ姉の９年分の夏休みと、,Nine years for Yu-onee-chan and,,
ID00009,00007695,45,　にい君の録りたい動画が一致。,your brother's video to record match up.,,
ID00009,000076d1,45,　妹としては、協力しないとね」,"As a sister, I can't help but cooperate.",,
ID00009,00007d7b,33,「もう…まぁちゃんは、,Ugh... Maa-chan is...,,
ID00009,00007dab,39,　姉思い、兄思いだもんね」,"of her siblings, isn't she?",,
ID00009,00008235,30,「ん…２人とも大切」,You both mean a lot.,,
ID00009,0000852d,33,「わかったわよ。…で、,"Got it. So,",,
ID00009,0000855d,51,　この格好で、なにすればいいの？」,What should I do in this outfit?,,
ID00009,00008938,45,「夏の浜辺といえば？　恒例…」,"Summer beach, tradition...",,
ID00009,00008ae9,30,「スイカ割り大会ー」,Watermelon smashing contest!,,
ID00009,00008c7c,27,「スイカ割り！？」,Watermelon smashing!?,,
ID00009,00009145,24,「はい、目隠し」,Put on blindfold.,,
ID00009,0000918b,33,「うわ、用意周到ねぇ」,"Wow, you're really prepared.",,
ID00009,000091da,27,「回って、回って」,"Spin, spin.",,
ID00009,00009223,42,「ちょっ、そんな勢いよく…」,"Hey, not so fast...",,
ID00009,0000927b,24,「はい、バット」,"Here, the bat.",,
ID00009,000092c1,21,「はうぅぅ…」,Hauuuu...,,
ID00009,00009304,15,「きゃっ」,Ack,,
ID00009,00009341,12,「あ…」,...,,
ID00009,00009829,21,「はうぅぅ…」,Hauuuu...,,
ID00009,00009a11,30,「大丈夫？　ユイ姉」,You okay? Onee-san Yui?,,
ID00009,00009b98,42,「大丈夫～。まぁちゃんは？」,"I'm fine~. What about you, Maa-chan?",,
ID00009,00009d1e,33,「平気。下が砂だから」,I'm good. The ground's just sand.,,
ID00009,0000a0c8,12,「あ…」,...,,
ID00009,0000a102,27,「む…この感触は」,Mm... This feeling.,,
ID00009,0000a14b,33,「アハハ、かわゆ～い」,"Ahaha, so cute.",,
ID00009,0000a2c8,54,「あぅ…誰にも揉まれたことないのに」,Agh... No one's ever touched me like this before.,,
ID00009,0000a4e3,42,「やった～、私が初めてだ～」,"Yay, I'm your first!",,
ID00009,0000aece,39,「仕切り直して、もう一度」,Let's start over and do it again.,,
ID00009,0000af23,42,「もっとゆっくり回してよぉ」,Go a little slower...,,
ID00009,0000af7b,45,「それじゃゲームにならないよ」,This isn't fun if you rush it.,,
ID00009,0000b025,21,「あうぅうぅ」,Ahooooo,,
ID00009,0000b068,36,「９……１０。スタート」,Nine... Ten. Go!,,
ID00009,0000b0ba,42,「のぉ～し、ぶったたくろぉ」,Now~ let's really go at it.,,
ID00009,0000b112,33,「ユイ姉、もっと右！」,"Yoii, more to the right!",,
ID00009,0000b161,15,「左、左」,"Left, left",,
ID00009,0000b19e,33,「もぉ、ろっちよぉ！」,"Mooore, Rotty!",,
ID00009,0000b1ed,27,「そこ！　そこ！」,There! There!,,
ID00009,0000b568,18,「ここぉ？」,Here?,,
ID00009,0000b6e3,51,「そう。そのまま振り下ろしてー！」,That's it. Keep going down!,,
ID00009,0000b872,18,「よーーし」,Yesss,,
ID00009,0000b9e0,27,「えーーーーい！」,Eeeeeeigh!,,
ID00009,0000c413,33,「痛ったああああい！」,Owwwww!,,
ID00009,0000d005,12,「残念」,Bummer.,,
ID00009,0000d186,45,「う～っ、手がジンジンするぅ」,"Ugh, my hand is tingling...",,
ID00009,0000d71f,30,「案外難しいのねぇ」,It's actually pretty hard.,,
ID00009,0000d8b2,27,「惜しかったねー。,You were close.,,
ID00009,0000d8dc,42,　ほんのちょっとずれてたよ」,Just a little off.,,
ID00009,0000dbcf,27,「フフッ、当たれば,"Hehe, if it had hit",,
ID00009,0000dbf9,42,　真っ二つだったんだけどね」,it would've split in half.,,
ID00009,0000e089,33,「じゃあ、次は私の番」,"Then, it's my turn.",,
ID00009,0000e39d,54,「よ～し、ぐるぐる回しちゃうわよぉ」,"Okay, I'm gonna spin it around...",,
ID00009,0000eb10,30,「い～ち、に～い…」,"I~chi, ni~i...",,
ID00009,0000eb5c,21,「はわわわ…」,Hawwahh...,,
ID00009,0000eb9f,54,「きゅ～う、じゅっ！　じゅ～いち…」,"Kyuuu~, juu! Ju~ichii...",,
ID00009,0000ec03,27,「はえ？　まだ？」,Wha? Still?,,
ID00009,0000ec4c,36,「じゅ～よん、じゅうご！,"Ju~yon, jyuu-go!",,
ID00009,0000ec7f,30,　はい、オッケー！」,"Okay, done!",,
ID00009,0000eccb,45,「はわあぁわぁあうぇおあぇ…」,Wha... wa... ahh...,,
ID00009,0000ed26,51,「がんばれ、真奈！　もっと右だ！」,"Come on, Mahiro! More to the right!",,
ID00009,0000ed87,21,「しっかり！」,Stay focused!,,
ID00009,0000edca,51,「はふぁうあぁぁ…世界が…回る…」,Hah... The world's... spinning...,,
ID00009,0000ee2b,30,「そこだ！　真奈！」,There it is! Mahiro!,,
ID00009,0000f1a9,33,「あうぅぅ…ここぉ？」,Ahhh... Is this it?,,
ID00009,0000f1f8,45,「バッチリ！　振り下ろして！」,Perfect! Swing down!,,
ID00009,0000f253,18,「うぐぐ…」,then.,,
ID00009,0000f293,24,「たーーーー！」,Take that--!,,
ID00009,00010553,36,「当たったのに…割れず」,"It hit, but didn't break...",,
ID00009,00010854,45,「アハハハハ、かっわいい～！」,"Ahahahaha, so cuuute~!",,
ID00009,00010d15,42,「ホント、足して２で割れば、,Just add and divide by two.,,
ID00009,00010d4e,33,　ちょうどいいのにね」,it'd be perfect.,,
ID00009,0001115a,54,「私が当てて、ユイ姉が割る感じだね」,"I'll hit it, and Yui-nee will split it.",,
ID00009,00011312,63,「ここは唯一の男の俺が、叩き割ってやるよ」,"As the only guy here, I'll smash it to pieces.",,
ID00009,00011817,36,「がんばれー、ぶろ君！」,"Go get 'em, bro!",,
ID00009,00011aeb,33,「にい君、がんばれー」,"Good luck, bro!",,
ID00009,000120f5,36,「おりゃーーーーーっ！」,Yaaah!,,
ID00009,00012195,21,「やったぁ！」,Yatta!,,
ID00009,000121d8,24,「面目躍如だね」,You're really shining.,,
ID00009,000129a9,18,「んぐんぐ」,Nnghnngh,,
ID00009,00012c95,27,「ん～、おいし～。,Mmm~ it's so good~,,
ID00009,00012cbf,42,　まさに夏休みって感じね！」,It feels just like summer vacation!,,
ID00009,0001315f,63,「初等部なら、絵日記のいいネタになりそう」,This would make great elem. school diary.,,
ID00009,00013614,18,「そうね～」,"Yeah, you're",,
ID00009,000137fe,57,「困ったからなぁ、絵日記になに書くか。,What to draw?,,
ID00009,00013846,54,　いつも仕事だったから、真っ白で…」,"Since I was always working, it's all blank...",,
ID00009,00013d89,15,「大丈夫。,It'll be fine.,,
ID00009,00013da7,57,　ユイ姉は、未来の絵が描ける人だから」,"You can draw pictures of the future, after all.",,
ID00009,0001411b,60,「フフッ、いいこと言ってくれちゃって～、,"Hehe, that's a good thing to say~",,
ID00009,00014166,15,　もう～」,Oh well~,,
ID00009,00014547,63,「デジタルなことなら、私でも助けられるよ」,"If it's something digital, I can help you too.",,
ID00009,0001481d,57,「ありがと。まぁちゃんも私を頼ってね」,Thanks. You can always count on Maa-chan too.,,
ID00009,00014b30,12,「ん…」,Hmm...,,
ID00009,00015091,48,こうして、夏の１シーンを録った。,"And so, we recorded one scene of summer.",,
ID00010,00002243,45,（さ～て、ユイ姉を呼び出すか）,"~, shall I call Yui-nee?",,
ID00010,00002305,30,「なぁに？　ぶろ君」,What's up? Bro-kun?,,
ID00010,00002351,54,「今すぐ秘密基地に来てくれないか？」,Can you come to the secret base right now?,,
ID00010,000023b5,51,「ま～た名札付きのスク水で撮影？」,"Again, ID-tagged swimsuit pics?",,
ID00010,00002416,27,「そうじゃないよ。,"No, it's not that.",,
ID00010,00002440,45,　ほぼ出来たんだ、秘密基地が」,I'm almost done with our secret hideout.,,
ID00010,0000249b,57,「ホント！？　行く行く！　すぐ行く！」,Really!? Let's go! I'm coming right now!,,
ID00010,00002515,57,（夏の終わりに、間に合ってよかったな）,I'm glad we managed to finish it before summer ends.,,
ID00010,00002d2a,57,「すっごーーい！　よく出来てるーっ！」,"Wow, this is amazing! You did such a great job!",,
ID00010,000030ee,42,「ブランコに、ハンモックに、,"On the swing, on the hammock,",,
ID00010,00003127,30,　見張り台もーっ！」,Even the lookout tower!,,
ID00010,000034e1,48,「作って欲しいって言われたのは、,I was asked to make all of them.,,
ID00010,00003520,24,　全部作ったよ」,I made everything.,,
ID00010,00003767,48,「あと、どこが完成してないの？」,Where's still not done?,,
ID00010,000037c5,36,「いや、作るのは終わり。,"Actually, I'm done making stuff.",,
ID00010,000037f8,57,　残ってるのは、出たゴミの片付けだけ。,Only the cleanup of trash is left.,,
ID00010,00003840,36,　手伝ってくれるだろ？」,"You'll help out, right?",,
ID00010,000039d9,15,「あー…」,Oh...,,
ID00010,00003da9,57,「さっそくブランコしちゃおーーっと！」,Let's go on the swings right away!,,
ID00010,00004273,36,「お、おい！　…ったく」,"Hey, wait! ...Man",,
ID00010,00004667,21,「アハハハ！」,Ahahahaha!,,
ID00010,000046c3,27,「それーーーっ！」,That's it--!!,,
ID00010,00004975,33,「気持ちいいーーっ！」,This feels so good!,,
ID00010,0000544a,54,「フフッ、トムソーヤーになった気分」,"Hehe, I feel like Tom Sawyer.",,
ID00010,00005602,48,「よかったよ、気に入ってくれて」,I'm glad you liked it.,,
ID00010,000057a7,48,「気に入らないわけないじゃない！,Of course I like it!,,
ID00010,000057e6,18,　最高よ！」,It's the best!,,
ID00010,00005b3b,63,「この週末は、ＹＵＩＮＡＧＩＳＡのライブが,This weekend's YUINAGISA concert.,,
ID00010,00005b89,42,　あるから、そのあとの週末、,There's something else then.,,
ID00010,00005bc2,54,　まぁちゃんも呼んで、１日中遊ぼ！」,Let's invite Maa-chan too and play all day!,,
ID00010,0000600c,24,「いいな、それ」,That sounds great,,
ID00010,00006199,63,「でしょ～っ。ライブが終わったら誘ってよ」,See? Invite her when the concert ends.,,
ID00010,0000635a,18,「わかった」,Got it.,,
ID00010,00006529,51,「今度の週末、まぁちゃんも呼んで、,"Next weekend, let's invite Maa-chan too,",,
ID00010,0000656b,24,　１日中遊ぼ！」,Let's play all day!,,
ID00010,00006740,36,「あ…悪い、俺も真奈も、,"Oh... sorry, both Mana and I have...",,
ID00010,00006773,54,　この週末はちょっと用事があって…」,something to do this weekend...,,
ID00010,0000691e,21,「そうなの？」,Really?,,
ID00010,00006961,51,「なんか中二病をこじらせてるから、,I kinda got carried away.,,
ID00010,000069a3,33,　相手してやろうかと」,and thought I'd indulge them.,,
ID00010,00006b20,27,「ふ～ん、そっか」,"Hmm, okay then.",,
ID00010,00006e04,45,「じゃあ、来週以降に誘ってよ」,"Well, invite her next week instead.",,
ID00010,00006e5f,18,「わかった」,Got it.,,
ID00010,00006e9f,48,（ユイ姉の好感度を最大限上げて、,"Max out my sister's affection,",,
ID00010,00006ede,57,　レコセッションが終わった後に誘おう）,try to invite her after the rec session.),,
ID00010,00006f71,45,「いいな、それ。連絡しとくよ」,Sounds good. I'll let her know.,,
ID00010,0000718f,33,「遠足も、林間学校も、,"Field trips and school camps,",,
ID00010,000071bf,48,　ほとんど行けなかった私だけど、,"I couldn't go to most of them,",,
ID00010,000071fe,54,　忘れられない夏の思い出が出来そう」,But it sounds like a summer memory I won't forget.,,
ID00010,000075dc,30,「いい動画になるよ」,It'll be good footage.,,
ID00010,0000776f,51,「そうね、絵日記の代わりに動画ね」,"Right, instead of drawing it, I'll film it.",,
ID00010,00007ab5,48,「さ～て、なにを捨てればいいの？,"Alright, what should I throw out?",,
ID00010,00007af4,21,　手伝うわよ」,I'll help you.,,
ID00010,00007e67,30,「マジで？　珍しい」,Really? That's rare.,,
ID00010,00007ffa,57,「重い物を持つのはイヤよ。軽～い物ね」,I don't like carrying heavy stuff. Light things.,,
ID00010,000081b5,18,「はいはい」,Sure sure.,,
ID00010,00008675,57,こうして、ユイ姉とデートの約束をした。,I made a date with Onee-chan like this.,,
ID00011,0000201d,45,（ヤバい、動画に集中しすぎた。,"Shit, I was too focused on the video.",,
ID00011,00002059,45,　急いで帰らないと、門限が…）,Better hurry up and get back before curfew...,,
ID00011,000025ca,42,（ふぅ…なんとか間に合った。,*Phew...* Made it in time.,,
ID00011,00002603,36,　風景いろいろ録れたし、,"I got a lot of scenery footage,",,
ID00011,00002636,57,　さっそくユイ姉の動画に差し込んで…）,So I'll add it to Yui-nee's video right away...,,
ID00011,000026de,24,（ん？　真奈？）,Hmm? Mahiro?,,
ID00011,00002772,21,「どうした？」,What's up?,,
ID00011,000027b5,48,「にい君…ユイ姉が帰ってこない」,Bro-kun... Yui-nee hasn't come home.,,
ID00011,00002813,15,「あぁ？」,Huh?,,
ID00011,00002850,45,「晩ご飯一緒に食べようと思って,"I was waiting to eat dinner together,",,
ID00011,0000288c,48,　待ってたんだけど、もう門限…」,but it's past curfew now...,,
ID00011,000028ea,51,「どっかで遊んでるんじゃないか？」,Maybe she's out playing somewhere?,,
ID00011,0000294b,63,「遅くなるときは、いつも私にメールが来る。,"When she's late, she texts.",,
ID00011,00002999,21,　今日はない」,But not today.,,
ID00011,000029dc,33,「…それは、心配だな」,That's kind of worrying...,,
ID00011,00002a2b,48,「防犯ブザーのＧＰＳサイトに入る,Check the GPS site for the security buzzer.,,
ID00011,00002a6a,39,　パスワード、知らない？」,You don't know the password?,,
ID00011,00002abf,21,「防犯ブザー？,Security buzzer?,,
ID00011,00002ae3,45,　ユイ姉、まだ持ってたのか？」,"Yui-nee, you still had that?",,
ID00011,00002b3e,51,「にい君との約束だって言ってたよ」,She said it was a promise with Bro-kun.,,
ID00011,00002b9f,12,「あ…」,...,,
ID00011,00002f60,39,「おう！　付き人なんだろ？,"Yeah! You're my assistant, right?",,
ID00011,00002f96,42,　どこだって行ってやるよ！」,I'll take you anywhere!,,
ID00011,0000311c,33,「…世界の果てでも？」,...Even to the ends of the earth?,,
ID00011,000032a6,33,「…場所がわかればな。,...If I know where it is.,,
ID00011,000032d6,36,　防犯ブザー持ってろよ」,Bring your panic button.,,
ID00011,00003456,33,「ＧＰＳか…便利よね」,GPS... It's so handy.,,
ID00011,00003746,63,「絶対来てよ～っ。来なかったらヒドいわよ」,"You have to come~. If not, I'll be pissed.",,
ID00011,000040f7,42,「ＧＰＳで調べるまでもない、,"No need to check GPS,",,
ID00011,00004130,39,　どこにいるかわかったよ。,I already know where she is.,,
ID00011,00004166,30,　迎えに行ってくる」,I'll go pick her up.,,
ID00011,000041b2,30,「ん…待ってるから」,Mm... I'll wait.,,
ID00011,000041fe,12,「ああ」,Yeah.,,
ID00011,00004286,54,（なんだよ？　また落ち込んでんのか？,What's up? You're bummed out again?,,
ID00011,000042cb,48,　この間、３人で楽しく過ごして、,"We were just having fun together the other day,",,
ID00011,0000430a,39,　夢を語ったばかりなのに）,talking about our dreams.,,
ID00011,00004a5c,36,「ユイ姉、いるんだろ？」,"Are you here, Yu-onee-chan?",,
ID00011,00004c42,48,「あ、来た来た！　遅いじゃない！,Ah! Here she is! You're late!,,
ID00011,00004c81,27,　待ってたわよ！」,I've been waiting!,,
ID00011,00005094,48,「なんだよ、元気そうじゃないか」,"Hey, you look fine to me.",,
ID00011,00005239,42,「もちろん元気よ。なんで？」,Of course I'm fine. Why?,,
ID00011,000053cc,57,「いきなり姿を消したら、あの時みたいに,"You suddenly disappeared, just like last time",,
ID00011,00005414,45,　落ち込んでるのかと思って…」,I thought you were depressed or something...,,
ID00011,0000559d,33,「あー、ごめんごめん。,"Ah, sorry sorry.",,
ID00011,000055cd,39,　来てくれるの待ってたの。,I was waiting for you to come.,,
ID00011,00005603,39,　話したいことがあってね」,I have something I want to talk about.,,
ID00011,00005be6,45,「なんだよ？　話たいことって」,What? Something you wanna talk about?,,
ID00011,00005e11,48,「その…ね……あの時から、私…」,"Well... um... ever since that time, I...",,
ID00011,0000657a,51,「ずっと…あなたに支えられてたの」,I've been relying on you this whole time.,,
ID00011,00006716,15,「…ん？」,...Hm?,,
ID00011,000068cf,42,「つらいことも、悲しいことも,There were tough times...,,
ID00011,00006908,54,　いっぱいあったけど、いざとなったら,"but when it came down to it,",,
ID00011,0000694d,42,　来てくれるって、信じてた」,I believed you'd come to my aid.,,
ID00011,00006f07,36,「だから、弱音を吐かずに,"That's why I didn't give up,",,
ID00011,00006f3a,30,　ここまで来れた…」,and made it this far...,,
ID00011,00007343,60,「今の私があるのは、あなたのおかげなの」,It's all thanks to you.,,
ID00011,0000762f,33,「ありがとね、ぶろ君」,"Thanks, bro.",,
ID00011,000077df,18,「ユイ姉…」,Onee-san Yui...,,
ID00011,0000781f,51,「そっか…力になれてたんだな、俺」,I see... I was able to help you out.,,
ID00011,000079c7,48,「もちろんよ。あなたがいたから、,"Of course. Because of you,",,
ID00011,00007a06,33,　がんばってこれた…」,I was able to keep going...,,
ID00011,00007e2b,15,「これ…」,This...,,
ID00011,00007faf,39,「解約しておいてくれる？」,Can you cancel it for me?,,
ID00011,00008004,21,「いいのか？」,Is that okay?,,
ID00011,000081ed,48,「うん。あなたに甘えてばかりじゃ,"Yeah. If I rely on you too much,",,
ID00011,0000822c,21,　ダメだもの」,I'll be useless.,,
ID00011,00008780,36,「海外じゃ使えないしね」,You can't use it overseas.,,
ID00011,00008919,45,「私がモデル、あなたが付き人。,"I'm the model, and you're my assistant.",,
ID00011,00008955,48,　そんな私の想いからスタートした,It all started from those feelings of mine.,,
ID00011,00008994,21,　夢だけど…」,It's just a dream...,,
ID00011,00008de2,39,「あなたは、あなたの夢を、,"You should chase your own dreams,",,
ID00011,00008e18,54,　私は、私の夢を追う…そういう時期が,I'm chasing my dream.,,
ID00011,00008e5d,18,　来たのよ」,I've come.,,
ID00011,0000958e,48,「俺なんて…ユイ姉と比べたら…」,I'm nothing compared to Yui-nee...,,
ID00011,000097d4,51,「『Summer Memories』楽しみにしてるよ。,Looking forward to 'Summer Memories'.,,
ID00011,00009816,54,　あなたらしい、素敵な動画にしてね」,"Make it a great video, like you.",,
ID00011,00009afc,60,「私の…かけがえのない思い出を残して…」,Leave behind my... irreplaceable memories...,,
ID00011,00009e50,15,「…ああ」,...Yeah,,
ID00011,00009fd4,54,「さ、帰ろっ。みんなで晩ご飯食べよ」,Let's go home. We'll have dinner together.,,
ID00011,0000a2c7,45,「そうだな、真奈も待ってるよ」,"Yeah, Mina's waiting too.",,
ID00011,0000a7b3,42,（ユイ姉の夢と、俺の夢…か）,(Yui-nee's dream and mine...),,
ID00012,0000183d,51,（ユイ姉、時間空いてればいいけど）,"(Yui-ne, it'd be nice if you had some time.)",,
ID00012,00001905,30,「なぁに？　ぶろ君」,What's up? Bro-kun?,,
ID00012,00001951,39,「今、ビーチに来られる？」,(Can you come to the beach right now?),,
ID00012,000019a6,36,「行けるけど、なんで？」,"(I can go, but why?)",,
ID00012,000019f8,48,「『Summer Memories』のラストシーンを,Let's record 'Summer Memories' finale.,,
ID00012,00001a37,51,　録りたいんだ。来てくれないか？」,Will you join us?,,
ID00012,00001a98,36,「…わかった。服装は？」,...Okay. What should I wear?,,
ID00012,00001aea,33,「制服のままでいいよ」,Just in your uniform.,,
ID00012,00001b39,33,「すぐ行く。待ってて」,I'll be there soon. Wait for me.,,
ID00012,00001bc9,54,（俺なりに夏の終わりを表現するんだ。,"I'm trying to capture the end of summer, my way.",,
ID00012,00001c0e,30,　これでいいんだ…）,Is this good enough...?,,
ID00012,00001f10,48,「ぶろ君、来たわよ～。…あっ！」,"Spongey, I'm here~ ...Ah!",,
ID00012,000021c5,27,「これ、まさか…」,This is... no way...,,
ID00012,0000220e,33,「秘密基地の残骸だよ」,The remains of our secret base.,,
ID00012,00002de0,57,「どうして！？　せっかく作ったのに！」,Why!? We just finished it!!,,
ID00012,00002f9b,63,「いつまでもあのままにしておけないだろ？」,"We can't leave it like that forever, right?",,
ID00012,00003008,57,「思い出は動画の中に…俺たちの心の中に,Our memories are in the video... and in our hearts,,
ID00012,00003050,33,　あるよ。それより…」,It's there. More importantly...,,
ID00012,0000309f,51,「この秘密基地だったかけらの前で、,"In front of the remains of this secret base,",,
ID00012,000030e1,33,　子供だった自分からの,from when I was a kid,,
ID00012,00003111,42,　卒業を表現して欲しいんだ」,to express my graduation,,
ID00012,00003169,45,「プロのモデル、ユイナさんへの,"A request from the pro model, Yuina.",,
ID00012,000031a5,24,　オーダーだよ。,Got it?,,
ID00012,000031cc,54,　それで、『Summer Memories』は完成する」,That's how 'Summer Memories' will be finished.,,
ID00012,00003230,21,「…やれる？」,...You up for it?,,
ID00012,000033ba,57,「ぶろく……ううん……カメラマンさん」,blog... uh... photographer-san,,
ID00012,000039ce,51,「わかりました。精一杯表現します」,Got it. I'll do my best to express myself.,,
ID00012,00003cbe,63,「じゃあ、ユイナさんのタイミングで始めて」,"Then let's start when you're ready, Yuina.",,
ID00012,00003e9c,12,「はい」,Okay.,,
ID00012,00004367,21,「…行きます」,...Let's go.,,
ID00012,000043aa,21,「スタート！」,Start!,,
ID00012,00004932,42,「サヨナラ…少女だった…私」,Goodbye... the girl I was...,,
ID00012,00004d2e,39,「サヨナラ…夏の思い出…」,Goodbye... summer memories...,,
ID00012,00005f86,30,「カットォォォ！！」,Cut!!!!,,
ID00012,00005fd2,54,こうして、俺は精一杯の動画を録った。,This is the best video I could make.,,
ID00012,0000660e,42,「おめでとう、ついに完成ね」,"Congratulations, it's finally done.",,
ID00012,000067ba,21,「ありがとう」,Thanks.,,
ID00012,00006944,33,「どうするの？　動画」,What about the video?,,
ID00012,00006ace,42,「光海祭のＣムービー部展で、,I'll show it at Mitsumi Fest C-Movie Club.,,
ID00012,00006b07,60,　展示するつもりだよ。見に来てくれる？」,Will you come see it?,,
ID00012,00006cb8,42,「もちろんよ！　絶対に行く」,Of course! I'll definitely go.,,
ID00012,00006fc7,39,「あなたのこの夏の全てを、,Burn this summer of yours.,,
ID00012,00006ffd,33,　心に焼き付けなきゃ」,into my heart.,,
ID00012,000071c6,18,「ユイ姉…」,Onee-san Yui...,,
ID00012,00007697,63,こうして、ユイ姉をＣムービー部展に誘った。,This is how I invited Yui-nee.,,
ID00013,000017df,39,（おっ、夕焼けがきれいだ。,"Wow, the sunset's beautiful.",,
ID00013,00001815,24,　録ってみるか）,Should I record it?,,
ID00013,000018ba,24,（ん？　ユイ姉）,Hmm? Yu-onee-chan?,,
ID00013,0000197e,39,「ぶろく～ん、すぐ来てぇ」,Burokun~ come right over here!,,
ID00013,000019d3,48,（う…猫なで声。こういうときは、,"...She's purring. When she does this,",,
ID00013,00001a12,54,　決まって面倒なことを頼まれるんだ）,it means something annoying.,,
ID00013,00001a76,24,「なんでだよ？」,Why?,,
ID00013,00001abc,42,「いいからぁ、すぐ来てよぉ。,Just come over already!,,
ID00013,00001af5,45,　お願いしたいことがあるのぉ」,There's something I wanna ask you.,,
ID00013,00001b50,36,「…どこにいるんだよ？」,Where are you?,,
ID00013,00001ba2,15,「部屋ぁ」,In my room.,,
ID00013,00001bdf,63,「部屋って、女子宿舎に入れるわけないだろ」,You can't get into the girls' dorm.,,
ID00013,00001c59,48,「大丈夫、ぶろ君の部屋だからぁ」,"It's okay, it's my room.",,
ID00013,00001cb7,57,「はぁ！？　また俺の部屋にいるのか！？,Huh?! You're in my room again!?,,
ID00013,00001cff,33,　勝手に忍び込んで…」,Just sneaking in like that...,,
ID00013,00001d4e,42,「ベッドの下とか見ないから、,"I won't even look under the bed, so",,
ID00013,00001d87,21,　安心してぇ」,Relax~,,
ID00013,00001dca,51,「…すぐ行く！　大人しくしてろ！」,I'll be right back! Stay put!,,
ID00013,00001e79,33,（速攻、リターンだ！）,(Quick return!),,
ID00013,00002399,39,ダダダダダダダダダダダダ！,Dadada-dada-dada-dada!,,
ID00013,00002401,21,「ただいま！」,I'm home!,,
ID00013,00002904,63,「おっそ～い！　待ちくたびれたんだからぁ」,You're late~ I've been waiting forever.,,
ID00013,00002aac,63,「人のベッドに寝そべって、なに言ってんだ」,"Lying on someone's bed, what are you saying?",,
ID00013,00002cf8,48,「脚揉んでぇ。撮影で疲れたのぉ」,Rub my legs. I'm tired from shooting.,,
ID00013,00002e91,27,「なん…だとぉ？」,What... did you say?,,
ID00013,000030a9,60,「早くぅ。いろんなポーズ取り続けたから、,Hurry up. I've been holding so many poses that,,
ID00013,000030f4,30,　脚がパンパンでぇ」,my legs are all cramped.,,
ID00013,000036e2,21,「ほぐしてぇ」,Massage them for me.,,
ID00013,00003726,19, 仕方ないなぁ, Can't be helped,,
ID00013,00003754,28, まずは録ってからだ, Film it first,,
ID00013,000037b1,33,「まずは録ってからだ」,"First, let's record it.",,
ID00013,00003988,39,「もーっ、動画始め立てで、,You're starting the vid right,,
ID00013,000039be,48,　なんでも録りたがるんだからぁ」,You wanna record everything anyway.,,
ID00013,00003e5d,24,「早くしてよぉ」,Hurry up already.,,
ID00013,00003fd1,18,「もぉ～っ」,Geez~,,
ID00013,0000413f,27,「じらさないでぇ」,Don't tease me...,,
ID00013,000042b6,18,「あううぅ」,Auuuuh,,
ID00013,00004376,24,「仕方ないなぁ」,Oh well...,,
ID00013,000047a3,21,「はうぅぅぅ」,Ahnnnng,,
ID00013,00004914,48,「そこ……もうちょっと……下…」,There... a little lower...,,
ID00013,00004c10,15,「んん…」,Hmm...,,
ID00013,00004d7b,18,「あうぅ…」,Ugh...,,
ID00013,00004f0f,36,「あ……ダメ、そこ……」,"Ah... Don't, there...",,
ID00013,0000532b,36,「いたっ！　いたいっ！」,Ow! That hurts!,,
ID00013,000055e6,36,「優しく…優しくしてぇ」,Be gentle... Be gentler...,,
ID00013,000058d6,18,「はうぅぅ」,Hauuuu,,
ID00013,00005a9f,36,「は～っ、気持ちいい～」,"Aahh, feels so good~",,
ID00013,00006773,60,「ありがと～。ずいぶん楽になっちゃった」,Thanks~. It's gotten a lot better,,
ID00013,00006a85,33,「仕事、大変なのか？」,Trouble at work?,,
ID00013,00006c37,51,「今ね、学校を舞台に撮影してるの」,"Right now, we're filming on location at school.",,
ID00013,00006dd3,33,「学校？　光海学園？」,School? Mitsumi Academy?,,
ID00013,00006f69,58,「そう。『End of Summer』ってタイトルでね、,Yeah. It's called 'End of Summer'.,,
ID00013,00006fb2,63,　私の高校最後の夏を、実際に通ってる学校で,"My final summer, live.",,
ID00013,00007000,27,　撮ろうって企画」,It's a photo shoot plan.,,
ID00013,0000742c,36,「へ～っ、面白そうだな」,"Huh, sounds cool",,
ID00013,000075c5,57,「でしょ？　だから、ＯＫしたんだけど、,"Right? That's why I agreed to it, but...",,
ID00013,0000760d,60,　カメラマンさんがリアルを追求する人で、,"The photographer is the type who goes for realism,",,
ID00013,00007658,63,　自然な感じが出るまで何時間も粘られて…」,He kept me there for hours.,,
ID00013,00007c08,51,「ポーズ取りながら自然な感じって、,"Posing while feeling natural,",,
ID00013,00007c4a,51,　矛盾よね～。難しいのなんのって」,is a contradiction~. It's the hardest thing ever.,,
ID00013,0000809a,60,「しかも、これから何日も撮影が続くのよ。,And we'll be shooting for days to come.,,
ID00013,000080e5,21,　もう大変で」,It's getting bad.,,
ID00013,000083d0,48,「やりがいがあるってことだろ？」,You mean it's challenging?,,
ID00013,000086cc,54,「そういうこと。これまでの集大成だと,That's it. My best work yet.,,
ID00013,00008711,45,　思って、精一杯やるつもりよ。,I'll do my best.,,
ID00013,0000874d,33,　悔いのないようにね」,Don't leave regrets.,,
ID00013,00008bcb,60,（集大成か…。ユイ姉、来年卒業だもんな）,The finale... Yui-nee-chan graduates soon.,,
ID00013,00008db1,60,「ん～っ、脚が軽くなったし、戻ろっかな」,"Ugh~ my legs feel light, I think I'll head back.",,
ID00013,00009462,39,「すっかりむくみが取れて、,"My swelling's gone completely,",,
ID00013,00009498,27,　助かっちゃった」,I really appreciate it.,,
ID00013,00009763,24,「それじゃね～」,See ya~,,
ID00013,000097a9,24,「ああ、またな」,Later~,,
ID00013,00009bdf,57,（代わりに俺の両手はくたくただけどな）,But my hands are all tired out.,,
ID00014,000026a0,42,（さ～て、そろそろ帰っかな）,"Well, I guess it's time to head home.",,
ID00014,00002b8a,51,（ん？　校門に人だかりが。あれは…,Hmm? A crowd at the gate...,,
ID00014,00002bcc,55,　ユイ姉！　『End of Summer』の撮影だ！）,Yui-nee! They're filming 'End of Summer'!,,
ID00014,000042b2,15,「フフッ」,Heh heh.,,
ID00014,00004321,42,「いいねいいね～、その表情」,That's a nice expression you've got there~,,
ID00014,000043b8,39,「空、見上げてみようか？」,How about looking up at the sky?,,
ID00014,000051cd,12,「ん…」,Hmm...,,
ID00014,00005239,54,「そうそう、アンニュイな感じでね～」,"Yeah, yeah, give me that sleepy look~",,
ID00014,0000534a,63,「視線こっちで、待たせた彼氏を怒ってみて」,Keep looking here and scold him.,,
ID00014,00005d53,15,「む～っ」,Mmph.,,
ID00014,00005fd8,12,「あ…」,...,,
ID00014,000079a5,45,（なんだよ、俺が横から録っちゃ,"What's up, I'm recording from the side.",,
ID00014,000079e1,24,　ダメなのかよ）,Is that not allowed?,,
ID00014,00007a27,42,「おっ、いいね～、その表情。,"Oh, nice expression~",,
ID00014,00007a60,33,　それカメラ目線で！」,Keep looking at the camera!,,
ID00014,00007aaf,63,（プロの現場…か。シロウトが割り込むなって,This is a professional set...,,
ID00014,00007afd,18,　ことだな）,I shouldn't.,,
ID00014,00007b3d,27,（真剣なユイ姉…。,Serious Yui-ne...,,
ID00014,00007b67,54,　俺も、いつかあんな風に録れたら…）,If only I could record like that someday...,,
ID00015,00001e7a,57,「うっひょおぉ、何度見ても最高だぜ～。,"Hehe, still awesome~.",,
ID00015,00001ec2,39,　このポーズ！　この太股！,Look at this pose! These thighs!,,
ID00015,00001ef8,48,　ローアングルのお手本だよな！」,This is textbook low angle~!,,
ID00015,00001f56,54,「それ言ったら、この胸の谷間なんか、,"If you say that, then these cleavage lines are",,
ID00015,00001f9b,42,　ハイアングルの極みだよぉ」,the ultimate high angle~!,,
ID00015,00001ff3,33,「く～っ、たまんねぇ」,"Gah, so hot~",,
ID00015,00002042,30,「たまんないねぇ～」,So damn hot~,,
ID00015,0000208e,30,「なにやってんだ？」,What are you up to?,,
ID00015,00002af0,23,「おっ、@str_000」,"Oh, @str_000~",,
ID00015,00002c7c,39,「写真集を見てるんだよ～」,I'm looking at a photo book.,,
ID00015,00002e18,63,「俺たち動画や写真を愛する者どもにとって、,"For us video and photo lovers,",,
ID00015,00002e66,51,　バイブルといわれている写真集だ」,it's like the Bible.,,
ID00015,0000318c,63,「そうそう。どのポーズもアングルも秀逸で、,"Yeah, every pose and angle is amazing,",,
ID00015,000031da,48,　すっごく参考になるんだよね～」,super helpful~,,
ID00015,000034e0,15,「へ～っ」,Wow...,,
ID00015,00003664,51,「しかも、エロースだけに留まらない,And it's not just erotic,,
ID00015,000036a6,33,　芸術性があってよぉ、,"It's got some artistry too,",,
ID00015,000036d6,60,　これぞ、まさにプロのモデルの仕事だ！」,This is the work of a true professional model!,,
ID00015,00003e04,45,「うんうん、神懸かってるよぉ」,"Yeah, yeah, you're possessed by a god.",,
ID00015,00004241,24,「…見たいか？」,...You wanna see it?,,
ID00015,00004287,33,「ああ、見せてくれよ」,"Yeah, show me.",,
ID00015,00004650,33,「ジャーン！　これだ！,Ta-da! Here it is!,,
ID00015,00004680,60,　『女子高生基本ポーズ集　ＧＯＬＤ』！」,'Basic High School Girl Poses GOLD'!,,
ID00015,00004ab4,15,「うっ…」,...Ugh...,,
ID00015,00004d7f,51,「ちなみにそれは第２弾で、第１弾は,That's the second; the first...,,
ID00015,00004dc1,57,　その３年前に発売された、『女子中学生,"released three years ago, 'Middle School Girls'",,
ID00015,00004e09,48,　基本ポーズ集　ＢＬＵＥ』だよ」,Basic Pose Collection BLUE,,
ID00015,0000524a,24,「…知ってるよ」,I know that,,
ID00015,0000551e,63,「知ってたか！　さすが激録紳士のはしくれ！,Knew that! Typical of you!,,
ID00015,0000556c,18,　やるな！」,Nice job!,,
ID00015,00005af5,63,「いや、その写真集がバイブル扱いされてるっ,I didn't know.,,
ID00015,00005b43,33,　てのは知らなかった。,That's news to me.,,
ID00015,00005b73,42,　知ってるのはそのモデルだ」,The model does.,,
ID00015,00005d12,51,「ユイナか。そりゃあ知ってるよな。,"Yuin, right? You'd know about that.",,
ID00015,00005d54,42,　うちの学園で唯一の芸能人。,The only celebrity in our school.,,
ID00015,00005d8d,45,　現役女子高生モデルだからな」,"She's a high school model, after all.",,
ID00015,000061cb,50,「ユイナは芸名。本名は@str_000結菜」,Her real name's @str_000 Yuna.,,
ID00015,00006372,42,「知ってるよぉ、それぐらい。,"I know that much, duh.",,
ID00015,000063ab,33,　うちの３年生だよね」,"She's a third-year, right?",,
ID00015,00006689,33,「俺の名字はなんだ？」,What's my last name?,,
ID00015,00006966,44,「なんだって、そりゃ@str_000…」,"What do you mean, that's @str_000...",,
ID00015,00006da2,39,「あぁ！？　まさかお前！」,Oh!? You?,,
ID00015,000071b4,30,「ユイ姉は俺の姉だ。,Yui-nee's my sister.,,
ID00015,000071e1,33,　知らなかったのか？」,You didn't know that?,,
ID00015,0000750d,51,「げぇぇっ！　し、知らなかった…。,"Gah! I, I didn't know...",,
ID00015,0000754f,48,　弟がいるってのは聞いてたけど、,"I heard you had a brother though,",,
ID00015,0000758e,24,　お前とはよぉ」,it's you.,,
ID00015,00008033,45,「ビックリ仰天、たまげたよぉ」,"Wow, I'm so surprised.",,
ID00015,000081c9,39,「まぁ、知られてない方が、,It's nice no one knows.,,
ID00015,000081ff,33,　俺も楽なんだけどな」,I don't have to worry.,,
ID00015,000084dc,24,「なんでだよ？」,Why not?,,
ID00015,00008522,33,「有名人を姉に持つと、,Famous sisters are troublesome.,,
ID00015,00008552,39,　面倒なこともあるんだよ」,There are times when it's annoying.,,
ID00015,000085b6,33,「なぁにが面倒なの？」,What's annoying about it?,,
ID00015,00008694,27,「あっ！　ユイ姉！,Ah! Yui-nee!,,
ID00015,000086be,36,　な、なんでもないって」,N-nothing at all.,,
ID00015,00008710,33,「ああっ！　ユイナ！」,Aah! Yuina!,,
ID00015,0000875f,27,「ポーズちゃん…」,Pose-chan...,,
ID00015,00008952,30,「ん？　その呼び名、,"Hm? That nickname,",,
ID00015,0000897f,39,　ネットの動画見たでしょ」,"You saw the video online, right?",,
ID00015,00008da4,42,「見たよぉ、書き込んだよぉ。,"I did see it, I wrote about it.",,
ID00015,00008ddd,36,　あれはもう伝説だよぉ」,That's already legendary.,,
ID00015,00008f9c,36,「フフッ、それはどうも」,"Heh heh, thanks.",,
ID00015,000094b7,33,「なんだ？　伝説って」,What? A legend?,,
ID00015,000097c6,45,「知らないのぉ？　弟なのにィ？,Even though you're my brother?,,
ID00015,00009802,33,　あれはもう２年前…」,That was already two years ago...,,
ID00015,00009d8a,54,「ネットの生動画撮影のとき、ボクらが,"When we were filming a live stream on the internet,",,
ID00015,00009dcf,36,　『壁にもたれて』って、,"leaning against the wall',",,
ID00015,00009e02,54,　リクエストしたんだよ。そしたら…」,I requested that. Then...,,
ID00015,0000a95a,45,「なんと、お尻をこっちに向けて,Who knew you'd show me your ass!,,
ID00015,0000a996,30,　もたれてくれて！」,Like I asked!,,
ID00015,0000b00c,63,「アレはすごかったなぁ。全員で草生やして、,That was amazing.,,
ID00015,0000b05a,63,　『尻ｗｗｗ』だ、『そっち向きかよｗｗｗ』,It was 'ass' and 'turn around damnit',,
ID00015,0000b0a8,33,　だの突っ込んでよぉ」,"and stuff like that, man.",,
ID00015,0000bbe4,60,「うんうん、どんな無茶ぶりなポーズにも、,"Yeah, no matter how crazy the pose was, she",,
ID00015,0000bc2f,42,　期待以上に答えてくれて…」,responded even better than we expected...,,
ID00015,0000c331,39,「その圧倒的生ポーズ以来、,Since those overwhelming live poses...,,
ID00015,0000c367,60,　ボクたち一部マニアから、親しみを込めて,"From us die-hard fans,",,
ID00015,0000c3b2,60,　『ポーズちゃん』って呼ばれてるんだよ」,she's affectionately called 'Pose-chan'.,,
ID00015,0000cb4b,33,「かわいい呼び名よね、,"Cute nickname, right?",,
ID00015,0000cb7b,36,　『ポーズちゃん』って」,'Pose-chan',,
ID00015,0000d11c,45,「ふわああ、本人公認だなんて、,"Aww, it's official!",,
ID00015,0000d158,27,　夢のようだよぉ」,It feels like a dream.,,
ID00015,0000d2cf,36,「２人は新しいお友達？」,Are you two new friends?,,
ID00015,0000d6cd,33,「Ｅ動画部の部員だよ」,We're part of the E-Drama Club.,,
ID00015,0000d735,45,「パンチラ盗賊、中井一馬だ！」,"I'm Nakai Kazuma, panty thief!",,
ID00015,0000d7a9,42,「胸チラ弓兵、西孝彦だよ～」,"I'm Nishi Takahiko, cleavage archer~",,
ID00015,0000d801,54,（げっ、それを部員以外にも言うのか。,He even says that outside the club.,,
ID00015,0000d846,30,　開き直りすぎだぞ）,You've really lost it.,,
ID00015,0000da55,48,「うわぁ、油断も隙もなさそうね。,"Wow, no room for error.",,
ID00015,0000da94,33,　気をつけなくっちゃ」,so be careful.,,
ID00015,0000de07,54,「お、おう、いつか激録してやるぜ！」,"Y-Yeah, I'll totally record it one day!",,
ID00015,0000deaa,24,「してやるよ～」,I will~,,
ID00015,0000e037,63,「フフッ、いい友達が出来たみたいじゃない」,"Hehe, looks like you've made a good friend there.",,
ID00015,0000e2e5,15,「はは…」,Heh...,,
ID00015,0000e469,33,「ぶろ君をよろしくね」,Take care of Bro-kun for me.,,
ID00015,0000e4ea,18,「ぶろ君？」,Bro-kun?,,
ID00015,0000e68d,33,「弟を英語で言うと？」,What's 'younger brother'?,,
ID00015,0000e6f5,18,「ブラザー」,Brother,,
ID00015,0000e87c,21,「つづりは？」,How do you spell it?,,
ID00015,0000e8d8,36,「ＢＲＯ…ＴＨＥＲだよ」,It's B-R-O... T-H-E-R.,,
ID00015,0000e978,48,「ＢＲＯをローマ字読みすると？」,How would you read BRO in romaji?,,
ID00015,0000ea15,33,「おっ、“ぶろ”だ！」,"Ah, it's 'bro'!",,
ID00015,0000ebab,54,「そっ、弟君って意味。それじゃね～」,That means little bro. See ya~,,
ID00015,0000f49f,29,「お、おい、@str_000、,"Hey, @str_000,",,
ID00015,0000f4cb,48,　写真集にサインもらってくれよ」,Get me a signature for my photo album.,,
ID00015,0000f529,30,「ああ？　マジか？」,Huh? For real?,,
ID00015,0000f6bc,42,「マジだよぉ、もらってよ～。,"For real, get one for me~",,
ID00015,0000f6f5,30,　家宝にするからぁ」,I'll treasure it forever.,,
ID00015,0000f9d0,54,「ったく、こういうのが面倒なんだよ」,"Man, this is why I hate stuff like this.",,
ID00015,0000fb7b,27,「そう言うなって。,Don't say that.,,
ID00015,0000fba5,45,　俺たちとお前の仲じゃねぇか」,"We're friends, aren't we?",,
ID00015,0000fec5,42,「知り合ったばっかだっての」,We just met.,,
ID00015,000101d5,54,「これからずっと同じ部の仲間だろぉ？,"We'll be teammates for a long time, right?",,
ID00015,0001021a,33,　友達甲斐がないなぁ」,No point in it.,,
ID00015,000103bd,45,「はぁ、マジックはあんのか？」,Huh? Do you have any magic?,,
ID00015,000106a6,24,「取ってくる！」,I'm coming back with it!,,
ID00015,00010b6c,33,「ユイ姉～！　ごめん！,Yui-onee~! Sorry!,,
ID00015,00010b9c,48,　サインしてやってくれよ～っ！」,Sign something for me~!,,
ID00015,00010bfa,36,「ん？　仕方ないわねぇ」,Hmm? Nothing I can do.,,
ID00015,00010c4c,45,「ぶろ君の友達だから、特別よ」,You're my friend.,,
ID00015,00010ca7,54,「マジック！　マジック持ってきたよ！,Magic! I brought magic!,,
ID00015,00010cec,21,　ハァハァ…」,Huff huff...,,
ID00015,00010d2f,48,「今、新しい写真集撮ってるから、,"I'm taking new photo sets right now,",,
ID00015,00010d6e,39,　発売されたらヨロシクね」,Check them out okay?,,
ID00015,00010dc3,39,「おう！　３冊、買うぜ！」,"Yeah! Three copies, for sure!",,
ID00015,00010e18,60,「見る用と、取っとく用と、布教用だよぉ」,One for each.,,
ID00015,00010e82,18,「ありがと」,Thanks.,,
ID00015,00010ec2,30,（ちゃっかり宣伝か。,Nice self-promotion.,,
ID00015,00010eef,39,　たくましいな、ユイ姉は）,"Tough one, Yui-nee.",,
ID00016,0000154b,48,（さ～て、どこで食うかな。あ…）,"Well, where should I eat...? Oh...",,
ID00016,000018a8,60,（ユイ姉…。仕事で平日休むことがあるし、,Yui-nee... She takes days off.,,
ID00016,000018f3,39,　１人の時が多いんだよな）,so she's often alone.,,
ID00016,00001bbf,25, レコチャンスだ！, Recording chance!,,
ID00016,00001bf3,25, 録るまでもないな, Not worth recording,,
ID00016,000020af,45,「ユイ姉、俺も一緒にいいか？」,"Hey Yui-nee, can I join you?",,
ID00016,0000210a,48,「あ、ぶろ君！　うん、座って！」,"Ah, Bro-kun! Yeah, come on in!",,
ID00016,000024ef,42,「ハーフカレーにサラダって、,"Half-curry with salad, huh,",,
ID00016,00002528,30,　またダイエット？」,Another diet?,,
ID00016,000026a2,54,「撮影中だからね。食べ過ぎは厳禁よ」,"We're filming, so no overeating allowed.",,
ID00016,00002841,30,「そっか、大変だな」,"Oh, that's tough.",,
ID00016,000029bb,51,「なんたって、写真は一生残るのよ。,"After all, photos last a lifetime.",,
ID00016,000029fd,51,　あとで後悔しないようにしなきゃ」,You gotta make sure you don't regret it later.,,
ID00016,00002cd4,15,「ははは」,Heh heh heh,,
ID00016,00002ebb,60,「ぶろ君はノリラーメンか。それ、好きね」,"Bro-kun got the spicy ramen. You like that, huh?",,
ID00016,00003101,33,「安くて上手いんだよ」,It's cheap and tasty.,,
ID00016,000032c1,54,「うんうん、お小遣い節約しなきゃね」,"Yeah, yeah, gotta save my allowance.",,
ID00016,0000359b,48,「すでに稼いでる余裕を感じる…」,I can feel the luxury...,,
ID00016,00003727,51,「ほとんど貯金よ。将来のためにね」,It's almost all savings for the future.,,
ID00016,000038c3,51,「将来…か。なにか考えてるのか？」,The future... You're thinking about something?,,
ID00016,00003a52,45,「ん～、そのうち教えてあげる」,"Hmm~, I'll tell you sometime.",,
ID00016,00003c34,15,「そっか」,Oh yeah,,
ID00016,00003d9f,54,「ね、ぶろ君、ニンジン好きだよね？」,"Hey Bro-kun, you like carrots, right?",,
ID00016,00003f64,33,「嫌いじゃないけど？」,You don't hate them?,,
ID00016,000040e1,51,「じゃ、カレーのニンジン食べて～。,"Then, eat the carrots in my curry~.",,
ID00016,00004123,27,　知ってるでしょ？,"You know that, right?",,
ID00016,0000414d,48,　私、煮込んだニンジン苦手なの」,I'm not good with cooked carrots.,,
ID00016,0000455c,51,「あぁ？　ラーメンにニンジン入れて,Huh? You want me to put carrots in ramen,,
ID00016,0000459e,30,　食えってのかよ？」,and make you eat it?,,
ID00016,00004718,60,「カレーラーメンだと思えばいいじゃない？,"Just think of it as curry ramen, okay?",,
ID00016,00004763,12,　ね？」,Right?,,
ID00016,00004a24,54,「ったく……食ってやってもいいけど、,Whatever... I'll eat them if you want.,,
ID00016,00004a69,21,　条件がある」,There's a condition.,,
ID00016,00004bda,12,「ん？」,Hm?,,
ID00016,00004c14,60,「俺にもちゃんとユイ姉を録らせてくれよ、,"Let me record Yui-nee properly too,",,
ID00016,00004c5f,33,　プロの現場みたいに。,like a pro’s set.,,
ID00016,00004c8f,48,　協力してくれるって言ったろ？」,"You said you'd help out, right?",,
ID00016,00004e28,54,「プロみたいに？　ふうん……それは、,Like a pro? Hmm... isn't that up to,,
ID00016,00004e6d,36,　ぶろ君次第じゃない？」,you?,,
ID00016,0000543d,12,「俺？」,Me?,,
ID00016,000055a5,54,「そっ、あなたの心構え次第ってこと。,"Well, it depends on your attitude.",,
ID00016,000055ea,54,　録画の練習には、つき合ってあげてる,I'm helping you practice recording.,,
ID00016,0000562f,21,　じゃない？」,aren't you?,,
ID00016,00005a4b,57,「あとは、あなたがちゃんとしたテーマを,"Leave the rest to you,",,
ID00016,00005a93,42,　持って被写体と向き合えば、,face your subject.,,
ID00016,00005acc,39,　私ももっと真剣になるよ」,I'll get more serious too.,,
ID00016,00005d97,39,「ちゃんとしたテーマ…か。,"A proper theme, huh?",,
ID00016,00005dcd,40,　『End of Summer』みたいな？」,Like 'End of Summer'?,,
ID00016,00005f51,51,「そっ。今、ぶろ君がやってるのは、,Right. What you're doing now is,,
ID00016,00005f93,54,　いろんなアングルから録ってるだけ」,Just recording from different angles.,,
ID00016,0000639b,48,「録りたいテーマを決めないとね」,"You gotta pick a theme you wanna record, though.",,
ID00016,000063f9,48,「…わかったよ。録りたいテーマが,"...Got it. I'll find a theme to record,",,
ID00016,00006438,24,　見つかったら、,"and when I do,",,
ID00016,0000645f,45,　本格的に録らせてくれよな？」,"you've gotta let me really get into it, okay?",,
ID00016,000065e8,45,「もちろんよ。まっかせなさい」,Of course. Go for it.,,
ID00016,000067f2,48,「じゃ、さっさとニンジン食べて」,"Well then, hurry up and eat your carrot.",,
ID00016,000069a1,18,「はいはい」,Sure sure.,,
ID00016,00007133,66,こうして、ニンジン入りノリラーメンを食べた。,"And so, she ate the carrot-noodle ramen.",,
ID00016,000071a3,45,「んぐんぐ……まずかないけど、,"Nnngnngh... It's not bad, but,",,
ID00016,000071df,51,　ラーメンと合ってるかというと…」,It doesn't go with ramen.,,
ID00016,00007240,27,「文句言わな～い」,I won't complain~,,
ID00017,0000215e,54,「あれ？　ユイ姉、なにやってんの？」,"Huh? What are you doing, Yui-nee?",,
ID00017,0000252b,15,「ぶろ君」,Bro-kun,,
ID00017,00002861,51,「ちょっと夕涼みにね。撮影の休憩」,Just takin' a break from shootin'.,,
ID00017,00002ab7,15,「そっか」,Oh yeah,,
ID00017,00002c3b,21,「ぶろ君は？」,What 'bout you?,,
ID00017,00002c7e,42,「俺は、なんか被写体探して」,I'm looking for some subjects to shoot.,,
ID00017,00002e1d,15,「そっか」,Oh yeah,,
ID00017,00002fa1,45,「決まった？　私を録るテーマ」,You decided on what theme to film me in?,,
ID00017,00003137,33,「いや、それがまだ…」,Not yet...,,
ID00017,000032cd,30,「のんびりしてると、,"If I take my time,",,
ID00017,000032fa,39,　夏が終わっちゃうわよ？」,Summer'll end if you dawdle.,,
ID00017,0000348a,12,「う…」,...,,
ID00017,000036d5,33,「テーマさえ決まれば、,"Once we decide on a theme,",,
ID00017,00003705,48,　私はいつでもいいんだけどな～」,"I'm good anytime, y'know~",,
ID00017,00003e9f,57,「ほら、こういうの録りたいんでしょ？」,See? This is what you wanna record!,,
ID00017,00004057,51,「うおおおっ！　レコチャンスだ！」,Whoa! Recording opportunity!,,
ID00017,0000526d,48,「ブルマ！？　なんでブルマ！？」,Bikini briefs!? Why bikini briefs!?,,
ID00017,0000542e,33,「このあとの撮影用よ」,For the shoot later.,,
ID00017,0000583a,54,「不思議よね～。リアリティを追求する,"Strange, huh~? Going for realism",,
ID00017,0000587f,60,　カメラマンのくせに、用意された体操着は,The gym clothes are...,,
ID00017,000058ca,30,　ブルマなんだから」,It's bikini briefs.,,
ID00017,00005d05,45,「変よね？　ブルマの学校なんか,"Weird, huh?",,
ID00017,00005d41,30,　どこにもないのに」,"Nowhere exists, right?",,
ID00017,0000601d,31, ないからいいんだろ？," It's fine, right?",,
ID00017,00006057,49, そのカメラマン、よくわかってるな, That guy gets it,,
ID00017,000060a3,34, ブルマは漢のロマンだ！, Bloomers = romance!,,
ID00017,000060f1,33,「ないからいいんだろ？,"You don't need it, right?",,
ID00017,00006121,39,　リアリティだけじゃなく、,More than just realism is needed.,,
ID00017,00006157,39,　サービスも必要だろうし」,Some service too.,,
ID00017,000062f3,63,「フフッ、わかったようなこと言っちゃって」,"Heh, you sound sure.",,
ID00017,00006630,24,「けど、そうね。,"But yeah, I guess so.",,
ID00017,00006657,51,　商品だし、ニーズに応えないとね」,"It's a product after all, gotta meet the demand.",,
ID00017,00006a97,54,「そのカメラマン、よくわかってるな。,That photographer sure knows his stuff.,,
ID00017,00006adc,57,　ブルマには根強いファンがいるんだよ。,Bikini briefs have their die-hard fans.,,
ID00017,00006b24,42,　その気持ち、俺にもわかる」,I get that feeling too.,,
ID00017,00006cc3,45,「ぶろ君も好きなの？　ブルマ」,"You like them too, bro? Bikini briefs?",,
ID00017,00006e6f,39,「目の当たりにすると…な」,When you see it in person...,,
ID00017,00006ff2,39,「フフッ、目覚めちゃった？,"Hehe, did I wake you up?",,
ID00017,00007028,33,　刺激的すぎたかな？」,Was it too intense?,,
ID00017,00007482,36,「ブルマは漢のロマンだ！,Bikini briefs are a man's romance!,,
ID00017,000074b5,57,　時を越えてハートをわしづかみにする、,"They've captured hearts across time and space,",,
ID00017,000074fd,42,　魅惑のアイテムなんだよ！」,a bewitching item!,,
ID00017,0000769c,36,「うわぁ…なにその力説。,Whoa... You sure sell it.,,
ID00017,000076cf,45,　そんなにブルマが好きなんだ」,"You really like that thong, huh?",,
ID00017,00007af4,39,「目の当たりにすると…な」,When you see it in person...,,
ID00017,00007b5e,48,「もっとちゃんと録らせてくれよ」,Let me record you properly then.,,
ID00017,00007d03,39,「ブルマを？　録りたい？」,The thong? You want to record it?,,
ID00017,00007e93,12,「ああ」,Yeah.,,
ID00017,00008014,36,「テーマが決まったらね」,Once we decide on a theme.,,
ID00017,00008066,12,「ぐ…」,Guh...,,
ID00017,0000827c,42,「さて、撮影行かなくっちゃ」,"Alright, let's head over for the shoot.",,
ID00017,000085eb,39,「ブルマなんて、撮影以外で,I only wear this thing for shoots.,,
ID00017,00008621,33,　履いたことないわよ」,I never wear it otherwise.,,
ID00017,000087ab,18,「はははは」,Hahaha,,
ID00017,000089d3,21,「じゃあね～」,See ya~,,
ID00017,00008dd3,63,（ユイ姉を録るテーマ、早く決めないとな…）,Need to pick a theme...,,
ID00018,00003ac8,42,（あ…、あそこにいるのは…）,"(H-Hey, that's...)",,
ID00018,0000439c,18,（１人か…。,Just one person...,,
ID00018,000043bd,51,　画になるけど、寂しそうだよな…）,"It looks lonely, doesn't it...",,
ID00018,0000441e,21,「ユイ姉～っ」,"""Yui-nee~!""",,
ID00018,00004461,12,「ん？」,Hm?,,
ID00018,00004da1,21,「あ、ぶろ君」,"Ah, bro-kun.",,
ID00018,00004f1f,30,「なにやってんの？」,What are you doing?,,
ID00018,000050b2,63,「今日の撮影が終わったとこ。ちょっと休憩」,Finished shooting. Break time.,,
ID00018,00005436,57,「スタッフが大勢いて、みんなでいいもの,"Lots of staff, making something good.",,
ID00018,0000547e,36,　作ろうとがんばって…」,Trying hard to make something...,,
ID00018,000057c6,54,「楽しいし、やりがいもあるんだけど、,"it's fun and rewarding, but",,
ID00018,0000580b,54,　終わると１人きりになっちゃって…」,I end up alone when it's over...,,
ID00018,00005ca8,30,「急に静かになると、,When it suddenly gets quiet,,
ID00018,00005cd5,54,　ちょっと寂しくなる時があるのよね」,sometimes I feel a bit lonely,,
ID00018,00005e74,18,「そっか…」,"Oh, I see.",,
ID00018,00005ffb,15,「ふう…」,Phew...,,
ID00018,00006038,48,（ユイ姉、普通の生活じゃないし、,"(Yui-nee, you don't have a normal life)",,
ID00018,00006077,33,　友達作りづらいよな）,and it's tough making friends,,
ID00018,000060d5,48,「あーーーっ！　ユイナーーーッ！,Ah! Yui-nee!,,
ID00018,00006114,48,　ビーチテニスやるわよーーッ！」,Let's play beach tennis!,,
ID00018,0000634e,12,「え？」,What?,,
ID00018,00006789,21,「きゃあっ！」,Kyaaa!,,
ID00018,00006a35,48,「ちょっと！　最近、仕事ばっかで,"Hey, you've been working nonstop lately",,
ID00018,00006a74,57,　忙しすぎよ！　私とも遊びなさいよ！」,You're too busy! Play with me!,,
ID00018,00006fba,48,「い、いきなり抱きつくなぁっ！」,Don't hug me all of a sudden!,,
ID00018,00007297,42,「遊ぶまで離さないわよーッ」,I won't let go until we play!,,
ID00018,000076a5,15,「もう…」,Geez...,,
ID00018,00007c09,63,（そっか、マリアさんとは仲がいいんだよな）,"Oh, so you're close with Mariana.",,
ID00018,00007c76,63,（よかった、親しい友達がいるんじゃないか。,Good to know you have a close friend...,,
ID00018,00007cc4,63,　そんなに心配することな……ん？　友達…）,"There's no need to worry that much... Wait, friend?",,
ID00018,00007d6a,33,「そうだ！　決めた！」,"""Got it! I've decided!""",,
ID00018,00008a9b,21,「な、なによ」,W-what's wrong?,,
ID00018,00008e6e,27,「…あんたいたの」,...You were here.,,
ID00018,000090ce,12,「ん？」,Hm?,,
ID00018,00009144,48,「ユイ姉を録る動画のテーマだよ。,It's the theme for recording Yuu-onee.,,
ID00018,00009183,39,　俺、ユイ姉と友達を録る。,I'll record Yuu-onee and my friends.,,
ID00018,000091b9,37,　テーマは『Friends』だ！」,The theme is 'Friends'!,,
ID00018,00009353,27,「はぁ？　友達！？,Huh? Friends!?,,
ID00018,0000937d,51,　私以外の人を巻き込もうっての！？,You want to drag other people in too!?,,
ID00018,000093bf,21,　そんなの…」,That's...,,
ID00018,0000992c,42,「いいわよ、協力してあげる」,"Sure, I'll help.",,
ID00018,00009c96,30,「ちょ、マリア！？」,"Hey, Mariana!?",,
ID00018,00009ff4,39,「いいアイディアじゃない。,That's not a bad idea.,,
ID00018,0000a02a,42,　あなたの素顔が見られそう」,I might get to see your real face.,,
ID00018,0000a31d,30,「わ、わかってんの？,"You, you get it?",,
ID00018,0000a34a,48,　ぶろ君はＥ動画部で、際どい動画,Bro-kun makes edgy vids.,,
ID00018,0000a389,27,　狙ってんのよ？」,"aren't ya?""",,
ID00018,0000a937,30,「らしくないわね～、,~That doesn't sound like you~,,
ID00018,0000a964,42,　そんなこと気にするなんて」,to care about such things.,,
ID00018,0000acda,30,「らしくないわね～、,~That doesn't sound like you~,,
ID00018,0000ad07,42,　そんなこと気にするなんて。,To worry about such things.,,
ID00018,0000ad40,41,　@str_001を信じられないの？」,"Can't believe @str_001, huh?""",,
ID00018,0000b19c,30,「らしくないわね～、,~That doesn't sound like you~,,
ID00018,0000b1c9,42,　そんなこと気にするなんて。,To worry about such things.,,
ID00018,0000b202,45,　ベリィ君を信じられないの？」,"Can't believe Veli-kun, huh?""",,
ID00018,0000b662,15,「う……」,Ugh...,,
ID00018,0000b7e6,33,「もう…わかったわよ！,Fine... I get it already!,,
ID00018,0000b816,46,　『Friends』ね、認めてあげる！」,"'Friends', I'll acknowledge it!",,
ID00018,0000be72,60,「テーマが決まった以上、私もプロとして、,"Now that the theme's decided, as a pro,",,
ID00018,0000bebd,57,　真剣にあなたのカメラの前に立つから。,I'll stand in front of your camera seriously.,,
ID00018,0000bf05,27,　心して録ってよ」,"Take it seriously, okay?",,
ID00018,0000c374,51,「…わかってるよ。俺も全力で録る」,...Got it. I'll record you with all my effort too.,,
ID00018,0000c51c,36,「ナギサも誘わないとね」,Don't forget Nagisa.,,
ID00018,0000c761,33,「御前！？　なんで？」,Misaki!? Why?,,
ID00018,0000ca4b,24,「友達でしょ？」,"We're friends, right?",,
ID00018,0000cbd8,45,「違うわよ！　いつも喧嘩ばっか,No we aren't! We always fight.,,
ID00018,0000cc14,27,　してるじゃない」,All the time!,,
ID00018,0000cef8,60,「バカね～、それだけ仲がいいってことよ」,You idiot~ That just means we get along well.,,
ID00018,0000d1fd,48,「違うの！　ホントに仲が悪いの！,That's not true!,,
ID00018,0000d23c,63,　あいつ、すぐ突っかかってくるんだから！」,She always jumps into arguments first!,,
ID00018,0000d7ef,45,「私にはそうは見えないけどね」,I don't see it that way.,,
ID00018,0000dacc,21,「そうなの！」,That's true!,,
ID00018,0000dc5b,45,「はぁ…突っかかってくるのは、,"Hah... You're the one who's butting in,",,
ID00018,0000dc97,27,　そっちでしょ？」,aren't you?,,
ID00018,0000e6db,45,「あ、ナギサ、遅っそーーい！」,"Ah, Nagisa, you're lateee!",,
ID00018,0000eb0c,42,「ごめんなさい、遅くなって。,Sorry for being late.,,
ID00018,0000eb45,39,　生徒会の仕事が長引いて」,Student Council work took longer.,,
ID00018,0000efc4,36,「ビーチテニスは中止よ。,Beach tennis is off.,,
ID00018,0000eff7,33,　３人で動画録るから」,We'll record together.,,
ID00018,0000f364,36,「ビーチテニスは中止よ。,Beach tennis is off.,,
ID00018,0000f397,59,　３人で@str_001に動画を録ってもらわない？,How about we get @str_001 to record a video for us?,,
ID00018,0000f3e1,31,　テーマは『Friends』」,The theme is 'Friends'.,,
ID00018,0000fac2,36,「ビーチテニスは中止よ。,Beach tennis is off.,,
ID00018,0000faf5,63,　３人でベリィ君に動画を録ってもらわない？,How about we get Veli-kun to record a video for us?,,
ID00018,0000fb43,31,　テーマは『Friends』」,The theme is 'Friends'.,,
ID00018,00010210,12,「え…」,Huh...?,,
ID00018,000103db,45,「だ、誰が御前なんかと一緒に。,Who the hell wants to be with Misaki?,,
ID00018,00010417,51,　友達でもなんでもないんだから！」,We're not friends or anything!,,
ID00018,0001084e,45,「この…こっちこそ願い下げよ！,This... I'd rather not!,,
ID00018,0001088a,45,　１人で寂しく録ってれば！？」,Just record it alone!,,
ID00018,00010cd4,21,「なにを～っ」,What are you saying~?,,
ID00018,00010f18,63,「やれやれ、仲が良すぎるのも困りものねぇ」,Such a good relationship is troublesome.,,
ID00018,0001149b,36,「どこが仲いいのよ！？」,How are we so close!?!,,
ID00018,000116ab,39,「ほら、ハモったじゃない」,See? We're in sync.,,
ID00018,00011df4,39,「も～っ、マリアったら…」,Marina... you brat~,,
ID00018,00012185,51,「ぶろ君、行くよ！　撮影は今度ね」,Bye bro! Let's shoot next time~,,
ID00018,0001233a,18,「あ、ああ」,"Ah, yeah.",,
ID00018,0001279b,48,「マリア…さん、今度、頼むから」,"Mariana... please, this time",,
ID00018,00012828,54,「マリアさん、今度、頼んでもいい？」,"Mariana, can I ask a favor this time?",,
ID00018,00012b10,30,「この撮影だけはね。,It's just for these photos.,,
ID00018,00012b3d,39,　けど、勘違いしないでよ」,But don't get the wrong idea.,,
ID00018,00013019,24,「…ありがとう」,...thanks,,
ID00018,0001328f,18,「いいわよ」,Go ahead.,,
ID00018,00013352,18,「渚…紗…」,Nagisa...,,
ID00018,000133c1,21,「御前さん…」,Misaki-senpai...,,
ID00018,0001360f,36,「結菜と動画なんて嫌よ」,I hate doing videos with Karen.,,
ID00018,00013b1b,42,「ぶろくーん！　早くーっ！」,Bro-kuun! Hurry up--!,,
ID00018,00013b73,27,「今行くってー！」,Gonna go now--!,,
ID00019,00001c5f,60,（ん…メモリの余裕がない。今日は帰るか）,Hmm... no memory left. Should I go home today?,,
ID00019,00002149,57,（ＰＣのハードディスク増設すっかなぁ。,Maybe I should add a hard drive to my PC.,,
ID00019,00002191,36,　動画って容量食うよな）,Videos take space.,,
ID00019,00002ce8,27,「あ、おかえり～」,"Oh, welcome back~",,
ID00019,00002e85,60,「ぶっ！　ユイ姉！　なんて格好…ってか、,Guh! Yui-nee!,,
ID00019,00002ed0,30,　なんでいんだよ！」,What are you doing here?!,,
ID00019,00003063,42,「シャワー借りたんだけど？」,I asked to borrow the shower though?,,
ID00019,000030bb,63,「自分の部屋のを使え！　自分の部屋のを！」,Use your own room's! Use your own room's!,,
ID00019,0000326f,42,「そんなこと言わないでよぉ。,Don't say something like that.,,
ID00019,000032a8,30,　すっごく疲れてて、,I was super tired and,,
ID00019,000032d5,57,　部屋に戻る気力がなかったんだからぁ」,I didn't have the energy to go back to my room.,,
ID00019,000035cb,54,「どっちの部屋も距離は一緒だろ！？」,"Dude, both rooms are equally far away!",,
ID00019,000037ab,57,「私の部屋は３階。ぶろ君の部屋は２階。,My room's on the 3rd floor. Your room is on the 2nd.,,
ID00019,000037f3,63,　その１階を上がる気力がなかったのよねぇ」,Couldn't go up that floor.,,
ID00019,00003fd6,45,「大浴場へ行け！　大浴場へ！」,Go to the bath!,,
ID00019,00004178,51,「部屋行って、お風呂セット取って、,"Go back to your room and get your shower kit,",,
ID00019,000041ba,54,　１階へ戻れって？　それこそ無理よ」,Go back down to the first floor? No way.,,
ID00019,000045e8,54,「はぁ…阿武壬さんはなにやってんだ。,Phew... What's Atsumi doing?,,
ID00019,0000462d,54,　姉だからって、こう何度も素通り…」,"Even though she's my sister, she ignores me...",,
ID00019,000047d8,24,「もう顔パスよ」,I already scanned.,,
ID00019,00004bea,42,「ぶろく～ん、炭酸ある～？」,"Brough, got any soda?",,
ID00019,00004c42,15,「ねーよ」,Nope.,,
ID00019,00004c7f,48,「買ってきて～、炭酸飲みた～い。,Go get some for me~ I wanna drink it so bad.,,
ID00019,00004cbe,27,　オレンジのやつ」,The orange one.,,
ID00019,00004d07,33,「自分で買って来いよ」,Get it yourself.,,
ID00019,000053be,24,「この格好で？」,In this outfit?,,
ID00019,00005532,18,「うぐぐ…」,then.,,
ID00019,00005a51,42,（ユイ姉のわがまま放題には、,She's such a brat...,,
ID00019,00005a8a,30,　困りもんだよな…）,I'm so annoyed by her...,,
ID00019,00005b76,42,「買ってきたぞ……うおっ！」,Here you go... Ouch!,,
ID00019,00005fed,51,「ん～、シミとかできてないわよね」,"Hmm, no stains, right?",,
ID00019,000062b7,51,「炎天下の撮影が続いてるからなぁ」,We've been shooting in the sun all day.,,
ID00019,00006446,15,「はぁ…」,...,,
ID00019,00006990,27,「あ……エッチ！」,Ah... pervert!,,
ID00019,000069d9,60,「早く服を着ろ！　服を！　風邪引くぞ！」,Hurry up and put your clothes on!,,
ID00019,00006a43,51,「なぁに言ってんの、見たいくせに」,"What are you saying, you wanted to see it.",,
ID00019,00006ebb,36,「ほら、チラッ、チラッ」,"Look, peeking, peeking",,
ID00019,000076ca,57,「くっ…つい録ってしまう自分が悔しい」,Ugh... I'm so pissed at myself for recording this,,
ID00019,00007731,18,「あははは」,ahaha,,
ID00019,00007771,45,「からかってないで服着ろって。,Stop teasing me and get dressed already.,,
ID00019,000077ad,33,　ホントに風邪引くぞ」,You really will catch a cold.,,
ID00019,0000780d,42,「ん…そうね、着なきゃ…ね」,Hmm... You're right.,,
ID00019,00007865,21,「ふああぁ…」,Phew...,,
ID00019,00007e21,36,「す～っ……す～っ……」,S~l... S~l...,,
ID00019,00007e73,54,「お、おい、そんな格好で寝るなって。,"Hey, hey! Don't sleep like that!",,
ID00019,00007eb8,15,　おい！」,Hey!,,
ID00019,00007ef5,33,「う～ん……んん……」,Mmm... hmm...,,
ID00019,00007f44,42,「ジュース飲まないのかよ？」,Aren't you gonna drink the juice?,,
ID00019,00007f9c,36,「す～っ……す～っ……」,S~l... S~l...,,
ID00019,00007fee,48,（ダメだ。よっぽど疲れてんだな。,(No good. She must be really tired.),,
ID00019,0000802d,57,　布団掛けて、しばらく寝かしてやるか）,I'll cover you with blankets.,,
ID00019,00008094,51,「しかし、あられもない格好だなぁ」,"Still, what an indecent outfit.",,
ID00019,000080f6,25, レコチャンスだ！, Recording chance!,,
ID00019,0000812a,52, さっさと布団掛けないと風邪引くよな, She'll catch a cold!,,
ID00019,00008789,48,（しばらく寝かせておいてやるか）,I guess I'll let you rest for a bit.,,
ID00020,00003c99,12,「あ…」,...,,
ID00020,00003eb2,15,「フン…」,Hmph...,,
ID00020,00003eef,48,「マリアさん！　ちょっと待って！,Mariana! Wait up!,,
ID00020,00003f2e,49,　『Friends』の撮影がしたいんだ！」,I wanna take some 'Friends' pics!,,
ID00020,00004148,12,「え…」,Huh...?,,
ID00020,00004182,45,「協力…してくれるんだよね？」,"You'll help, right?",,
ID00020,00004397,30,「ユイナのためにね」,It's for Yuina.,,
ID00020,000045bf,21,「ありがとう」,Thanks.,,
ID00020,00004656,39,（千載一遇のチャンスだ！）,(This is a once-in-a-lifetime chance!),,
ID00020,000046da,48,（なんでマリアさんがブルマなのか,"(But why are you in that bikini,",,
ID00020,00004719,24,　知らないけど、,I have no idea.,,
ID00020,00004740,48,　これは千載一遇のチャンスだ！）,This is a once-in-a-lifetime chance!,,
ID00020,0000498b,20,「あ、@str_001」,"Hey, @str_001.",,
ID00020,000049cd,24,「マリア…さん」,Maria...san,,
ID00020,00004b70,24,「あ、ベリィ君」,"Ah, Veli-kun!",,
ID00020,00004d0a,21,「マリアさん」,Maria.,,
ID00020,00004dd0,33,「な、なんでブルマ？」,"You, why the bikini?",,
ID00020,00004f66,63,「ああこれ？　説明すると長くなるんだけど、,"Well, it's kind of a long story, but",,
ID00020,00004fb4,51,　私はいつもこれで体育してるのよ」,I always wear this for PE.,,
ID00020,000053f8,45,（これは千載一遇のチャンス！）,This is a once-in-a-lifetime chance!,,
ID00020,00005482,18,「今、暇？」,You free now?,,
ID00020,00005609,21,「暇だけど？」,"I've got time, but...",,
ID00020,0000564c,30,（ちょうどブルマだ！,Looks like a leotard!,,
ID00020,00005679,45,　これは千載一遇のチャンス！）,This is a once-in-a-lifetime chance!,,
ID00020,00005c54,49,「あ、ユイ姉、これから『Friends』の,"Oh, Yui-nee, I'm about to record 'Friends'",,
ID00020,00005c94,24,　録画やるから」,I'll be recording it now,,
ID00020,00005cda,39,「これから？　いきなりね」,You're starting now? Suddenly!,,
ID00020,00005d2f,36,「ブルマで体育館集合で」,Wear a bikini and meet at the gym.,,
ID00020,00005d81,39,「ブルマ！？　なんで！？」,"Wait, a bikini!? Why!?",,
ID00020,00005dd6,54,「テーマが決まったら、録らせてくれる,"If you decide on a theme, let me record it.",,
ID00020,00005e1b,51,　約束だろ？　ちょうどマリアさんも,"You promised, remember? Mariana's here too.",,
ID00020,00005e5d,27,　ブルマなんだよ」,It's a bikini.,,
ID00020,00005ea6,42,「もう…いきなりブルマって、,You're so sudden...,,
ID00020,00005edf,36,　マニアックなんだから」,That's just how I am.,,
ID00020,00005f94,54,（シチュエーションはどうするかな…。,(I wonder what kind of situation to do...?),,
ID00020,00005fd9,30,　仲のいい感じで…）,Like we're good friends...,,
ID00020,00006025,21,「来たわよ～」,I'm here~,,
ID00020,000066af,30,「さ、どうするの？」,"So, what's up?",,
ID00020,0000684f,15,「では…」,Then...,,
ID00020,00006924,63,「ユイナさん、マリアさん、今日は僕の動画、,"Yuina-san, Mariana, thanks~",,
ID00020,00006972,58,　『Friends』の為にありがとうございます。,Thanks a lot for 'Friends'~,,
ID00020,000069bb,36,　よろしくお願いします」,I hope it goes well~,,
ID00020,00006dfc,12,「え…」,Huh...?,,
ID00020,0000712e,12,「あ…」,...,,
ID00020,00007197,57,「まだまだ未熟ですが、精一杯録ります」,"We're still not ready yet, but we'll do our best.",,
ID00020,00007345,18,「…ぶろ君」,...Bro-kun,,
ID00020,000074cd,39,「姉の為に本気モード…か。,You're really going all out.,,
ID00020,00007503,33,　ちょっと妬けるわね」,I'm a little jealous.,,
ID00020,0000756b,12,「え？」,What?,,
ID00020,000075be,24,「なんでもない」,Never mind.,,
ID00020,0000777a,21,「ベリィ君…」,Veli-kun...,,
ID00020,00007904,36,「本気モードってわけね」,So you're in serious mode.,,
ID00020,00007b73,36,「よろしくお願いします。,I hope it goes well.,,
ID00020,00007ba6,39,　どうすればいいですか？」,What should I do?,,
ID00020,00007e71,48,「壁際で２人仲良く立って下さい」,"Stand close together by the wall, please.",,
ID00020,00008016,24,「わかりました」,Understood.,,
ID00020,00008226,18,「いいわよ」,Go ahead.,,
ID00020,00008689,21,「フ…フフッ」,Heh... Heheh...,,
ID00020,00008935,15,「クスッ」,Heh.,,
ID00020,00009668,57,「ユイナさん、ちょっとぎこちないなぁ。,"Yuin-san, you seem a bit stiff.",,
ID00020,000096b0,39,　もっと普段通りな笑顔で」,Be more like your usual smile.,,
ID00020,0000984c,52,「す、すみません。『Friends』なんて、,"Um, sorry... I'm not used to 'Friends',",,
ID00020,0000988f,24,　慣れてなくて」,I'm just not used to it.,,
ID00020,00009e62,54,「いつも…１人でいることが多いから」,I usually spend a lot of time alone.,,
ID00020,0000a1d8,15,「ふ～ん」,Hmm~,,
ID00020,0000a63c,39,「ユイナーーーーーーッ！」,Yuinnaaaaaa!!,,
ID00020,0000a7bf,24,「ひゃあああ！」,Hyaaaah!,,
ID00020,0000a933,30,「ちょ、ちょっと！」,"Wait, wait!",,
ID00020,0000abe8,27,「スタイルいい～。,You've got a great figure~.,,
ID00020,0000ac12,42,　さすが現役ＪＫモデルね！」,No wonder you're still an active JK model!,,
ID00020,0000aed3,42,「ど、どこ揉んで……あう…」,W-Where are you touching... auh...,,
ID00020,0000b420,60,「ん～、ちょっと小ぶりだけど、いい形ね」,"Hmm, they're a bit small but nice shaped.",,
ID00020,0000b82e,48,「小ぶりって…あなたに比べれば、,"Compared to you... everyone's small, right?",,
ID00020,0000b86d,30,　みんな小さいわよ」,They're all so tiny!,,
ID00020,0000bc5d,33,「世界は広いでしょ？」,"The world is big, isn't it?",,
ID00020,0000bdda,39,「ホ～ント、おっきいわよ」,"Really, they're huge.",,
ID00020,0000c098,15,「フフッ」,Heh heh.,,
ID00020,0000c33e,18,「あははは」,ahaha,,
ID00020,0000c722,18,「アハハハ」,HAHAHA,,
ID00020,0000cdf5,57,（おかげで、いい感じになった。よし！）,"(Thanks to that, I got a good angle. Great!)",,
ID00020,0000ce5c,36,「今度はマットの上で！」,This time on the mat!,,
ID00020,0000d820,12,「ん…」,Hmm...,,
ID00020,0000d988,15,「フフッ」,Heh heh.,,
ID00020,0000df0c,57,こうして、ユイ姉とマリアさんを録った。,I recorded Yu and Mariana like this.,,
ID00021,0000137a,39,（ん？　本棚にいるのは…）,(Hm? The person in the bookshelf...),,
ID00021,00001a3c,57,「ユイ姉、こんなとこでなにしてんだ？」,"Yo, Yui-nee, what're you doing here?",,
ID00021,00001e0c,54,「あ、ぶろくぅ～ん、ちょうど呼ぼうと,"Ah, brooook, I was just about to call",,
ID00021,00001e51,27,　思ってたのよぉ」,you anyway.,,
ID00021,0000227a,12,「あ？」,Huh?,,
ID00021,000023fb,57,「ね、そこにある本、読んだことある？」,"Hey, have you read that book over there?",,
ID00021,00002754,24,「いや、ないな」,"Nah, not really.",,
ID00021,00002b52,30,「じゃあ、それは？」,Then how 'bout this one?,,
ID00021,00002cd9,21,「それもない」,Not that one.,,
ID00021,00003058,42,「もーっ、もっと本読んだ方が,"Ugh, you should read more books!",,
ID00021,00003091,36,　いいんじゃないの！？」,Wouldn't it be better?!,,
ID00021,00003237,45,「ユイ姉に言われたくないって」,I don't wanna hear it from Yui-nee though...,,
ID00021,000033d9,45,「私は読む時間がないだけなの！,It's just I don't have time to read!,,
ID00021,00003415,27,　忙しいんだから」,"I'm busy, okay?",,
ID00021,00003709,18,「はいはい」,Sure sure.,,
ID00021,0000390c,33,「じゃあ、その本は？」,What about this book then?,,
ID00021,00003a96,36,「ああ、それなら読んだ。,"Yeah, I've already read that one.",,
ID00021,00003ac9,36,　去年、読書感想文用に」,For the book report last year.,,
ID00021,00003e3e,57,「それ、視点を変えて、もう１回書いて」,Write it again from a different perspective.,,
ID00021,0000411b,15,「はぁ？」,Huh?,,
ID00021,0000429f,45,「私の代わりに夏の読書感想文」,A summer reading report in my place.,,
ID00021,00004435,27,「なんで俺が！？」,Why do I have to!,,
ID00021,000045e1,28,「『Friends』の撮影、,"'Friends' filming,",,
ID00021,0000460c,36,　まだ続けるんでしょ？」,"is still going, right?",,
ID00021,00004903,30,「そのつもりだけど」,That's what I'm planning.,,
ID00021,00004a96,41,「『End of Summer』と『Friends』で,"'End of Summer' and 'Friends',",,
ID00021,00004ace,30,　２本も撮影抱えて、,"With two shoots to handle,",,
ID00021,00004afb,39,　こっちは大変なんだから」,I'm really busy too.,,
ID00021,00004f26,54,「ぶろ君には、私の宿題を手伝う義務が,"'Bro-kun', you must help me.",,
ID00021,00004f6b,30,　あるんじゃない？」,right?,,
ID00021,00005397,60,「う……わかったよ。内容は保証しないぞ」,"Ugh... Fine, but I can't guarantee the content.",,
ID00021,00005548,51,「サンキュー！　出せればいいわよ」,Thanks! Just do your best okay?,,
ID00021,00005844,45,「さ～て、私はご飯食べながら、,"Well then, while I eat,",,
ID00021,00005880,48,　英語のヒアリングでもしよっと」,I'll practice English listening skills.,,
ID00021,00005b6d,24,「夏の課題か？」,The summer assignment?,,
ID00021,00005cfa,39,「ん～、それ以前の問題ね」,"Hmm, that's beside the point.",,
ID00021,00005fea,45,「いくら英語の問題を解いても、,"No matter how many English problems I solve,",,
ID00021,00006026,54,　言ってることがよくわかんないから、,"I can't understand what they're saying,",,
ID00021,0000606b,39,　ちっとも上達しないのよ」,so my skills aren't improving at all.,,
ID00021,0000635b,36,「英語の成績上げるなら、,"To raise your grades,",,
ID00021,0000638e,51,　ヒアリングやるのが一番かなって」,practicing listening is probably best.,,
ID00021,0000652a,51,「おっ、珍しくやる気になってるな」,"Wow, you're actually motivated for once.",,
ID00021,000066d2,63,「まぁね～。英語はやっておいて損はないし、,"Yeah, it's useful.",,
ID00021,00006720,24,　それなりにね」,to some extent.,,
ID00022,000017fe,57,（ん～、誰もいないか。俺も帰っかなぁ）,Looks like everyone's gone.,,
ID00022,00001865,51,「ふ～～っ、終わった、終わったぁ。,"Phew~! It's over, it's finally over!",,
ID00022,000018a7,24,　つっかれたぁ」,I'm so tired...,,
ID00022,000018ed,12,「ん？」,Hm?,,
ID00022,00001dc4,51,「あ、ユイ姉！　なんでスク水！？」,"Ah, Yu-sis! Why are you in a swimsuit!?",,
ID00022,00001f53,63,「ぶろ君！　終わった！　終わったよ～っ！」,Bro-kun! We're done! We're all finished~!,,
ID00022,000024cb,15,「えっ？」,Huh?,,
ID00022,0000264f,46,「今ね、『End of Summer』の撮影が、,Just finished 'End of Summer'.,,
ID00022,0000268c,30,　全部終わったとこ」,Everything's done.,,
ID00022,00002967,42,「そうなんだ！　お疲れ様！」,That's great! Good job!,,
ID00022,00002b06,33,「は～っ、長かったぁ。,"Whew, it was long.",,
ID00022,00002b36,39,　肩の荷が下りたって感じ」,Feels like a weight off my shoulders.,,
ID00022,0000308b,30,「出来はよさそう？」,It looks good?,,
ID00022,0000321e,51,「カメラマンさんの表情からすると、,"From the cameraman’s face,",,
ID00022,00003260,63,　いい感じみたいよ？　満足そうだったから」,it seems to be going well? He looked satisfied.,,
ID00022,0000355c,15,「そっか」,Oh yeah,,
ID00022,000036e0,27,「私もがんばって、,"I did my best too,",,
ID00022,0000370a,48,　これまでの集大成にしたつもり」,and put everything into this.,,
ID00022,000039ea,36,「できあがりが楽しみ～」,I can't wait to see it~,,
ID00022,00003df9,48,「私の卒業と同時に出版するって」,To be published with my graduation.,,
ID00022,00003e57,54,「ふ～ん…発売時期にもこだわるのか。,Hmm... Even the release date is important.,,
ID00022,00003e9c,45,　プロの仕事は勉強になるなぁ」,Learning from professionals.,,
ID00022,00004025,33,「おっ、いいじゃない。,"Oh, that's good.",,
ID00022,00004055,54,　その何事も参考にしようとする姿勢」,You're trying to learn from everything.,,
ID00022,0000448f,52,「『Friends』は光海祭で流すんでしょ？,'Friends' plays at festival?,,
ID00022,000044d2,39,　そっちの方が先に公開ね」,That'll get released first then.,,
ID00022,0000467b,36,「がんばらないとなぁ…」,Gotta work hard...,,
ID00022,000048ab,36,「なぁに？　じっと見て」,What's up? Keep looking.,,
ID00022,00004986,45,「いや、テラスでスク水ってのも,Swimsuit on terrace...,,
ID00022,000049c2,24,　刺激的だなと」,kinda hot too.,,
ID00022,00004b4f,24,「フフッ、普通は,Heh.,,
ID00022,00004b76,48,　ないシチュエーションだものね」,is it?,,
ID00022,000050e5,15,「録る？」,Record it?,,
ID00022,00005122,46,「いや、『Friends』用のスク水は、,"Nah, the swimsuit for 'Friends' is",,
ID00022,0000515f,45,　最後に撮るって決めてるんだ」,This is the last one I'll shoot.,,
ID00022,000052f5,63,「俺の集大成だよ。この夏のすべてをかけて、,My masterpiece for this summer.,,
ID00022,00005343,27,　スク水を録る！」,I'll record it!,,
ID00022,000054d3,54,「うわ…なにそのスク水にかける情熱」,Whoa... what passion you have for that swimsuit.,,
ID00022,000058f4,45,「大丈夫？　Ｅ動画部に入って、,You okay? Joining E-Drama Club's,,
ID00022,00005930,33,　どんどんマニアックに,making you more and more of a,,
ID00022,00005960,36,　なってるんじゃない？」,"weirdo, isn't it?",,
ID00022,00005c41,36,「こだわりがなかったら、,"If you didn't care,",,
ID00022,00005c74,36,　動画なんて録れないよ」,You can't record videos like that.,,
ID00022,00005e0d,30,「ん…それはそうね」,Hmm... That's true.,,
ID00022,0000624b,57,「私も自分をどう表現するかこだわるし、,"I'm picky about how I express myself, and",,
ID00022,00006293,48,　録る側もこだわるのは当然よね」,It's only natural.,,
ID00022,000065b5,24,「それに…ほら、,And look...,,
ID00022,000065dc,45,　この格好してるってことは…」,I must be pretty serious about it too.,,
ID00022,00006a0d,52,「『End of Summer』のカメラマンさんも、,The 'End of Summer' photographer...,,
ID00022,00006a50,63,　最後はスク水を録るって決めてたみたいよ。,She was dead set on it.,,
ID00022,00006a9e,27,　ぶろ君と一緒ね」,Just like you and Bro-kun.,,
ID00022,00007005,57,「そっか！　プロと発想が一緒ってのは、,"Oh, I see! Thinking the same as a pro is kinda",,
ID00022,0000704d,24,　自信になるな」,boosting my confidence.,,
ID00022,000071da,54,「写真集って、基本的にページめくると,Photography books basically have less clothes,,
ID00022,0000721f,45,　着てる服が減ってくじゃない？,"as you turn each page, right?",,
ID00022,0000725b,48,　ハイライトはやっぱり水着よね」,The highlight's gotta be swimsuits!,,
ID00022,0000769c,36,「ヌードってのがあるよ」,There are even nude shots.,,
ID00022,00007989,30,「……録りたいの？」,You wanna record that?,,
ID00022,000079d5,42,「い、いや、そんなことは…。,"N-No, I didn't mean that...",,
ID00022,00007a0e,54,　ＪＫのヌード撮ったら捕まるって！」,Taking nudes of a minor is illegal.,,
ID00022,00007ba0,33,「アハハ、そうよね～」,"Ahaha, yeah~",,
ID00022,00007d43,21,「はははは…」,Hahaha...,,
ID00022,00007ecd,48,「ん～～っ、仕事が一段落したし、,"~Hmm~, I'm done with work for now,",,
ID00022,00007f0c,42,　どっか遊びに行きたいなぁ」,let's go somewhere fun.,,
ID00022,0000847d,24,「どっかって？」,Somewhere?,,
ID00022,000086a2,18,「そうね～」,"Yeah, you're",,
ID00022,00008864,30,「プールなんてどう？,How about the pool?,,
ID00022,00008891,48,　選んでくれた水着を着たいし…」,I want to wear the swimsuit you picked out...,,
ID00022,00008d66,39,「仕事抜きのプールなんて、,A pool without work...,,
ID00022,00008d9c,36,　ずっと行ってないから」,I haven't been there in a while.,,
ID00022,00009140,30,「プールなんてどう？,How about the pool?,,
ID00022,0000916d,57,　遊園地におっきいのがあるじゃない？」,"There's a big one at the amusement park, right?",,
ID00022,00009456,39,「仕事抜きでプールなんて、,"A pool without work,",,
ID00022,0000948c,36,　ずいぶん行ってないし」,I haven't been in ages.,,
ID00022,00009648,24,「彼氏と行けよ」,Go with him.,,
ID00022,00009910,36,「…いないよ、そんなの。,...I don't have one like that.,,
ID00022,00009943,33,　ケンカ売ってんの？」,Are you trying to pick a fight?,,
ID00022,00009ccb,27,「はぁ…仕方ない。,Haa... Not really.,,
ID00022,00009cf5,48,　いろいろ録らせてもらってるし、,"I've got you recorded in all sorts of ways,",,
ID00022,00009d34,30,　連れてってやるか」,so I'll take you with me.,,
ID00022,0000a05c,54,「ホント！？　今度の日曜日でいい？」,Really!? Is this Sunday good for you?,,
ID00022,0000a1fb,12,「ああ」,Yeah.,,
ID00022,0000a37c,27,「じゃあ、８時に、,"Then, at eight o'clock,",,
ID00022,0000a3a6,48,　駅前踏み切りで待ち合わせね！」,I'll meet you in front of the railroad crossing!,,
ID00022,0000a67a,27,「そんな早く！？」,So early!?!,,
ID00022,0000a80a,60,「文句あんの？　滅多に行けないんだから、,"You got a problem? You don't get to go out much, so",,
ID00022,0000a855,36,　目一杯遊びたいでしょ」,"you wanna have fun, right?",,
ID00022,0000ab36,33,「そっか…つき合うよ」,Oh... I'll go along with it.,,
ID00022,0000accc,21,「やったぁ～！,Yay~~!,,
ID00022,0000acf0,48,　ぶろ君と２人でお出かけなんて、,Bros and all.,,
ID00022,0000ad2f,21,　久しぶりね」,Let's do this!,,
ID00022,0000b5da,66,こうして、ユイ姉とデートの約束を取り付けた。,And that's how I made a date plan with Onee-chan.,,
ID00023,00002d7f,39,「よ～し、準備はいいか？」,"Alright, are you ready?",,
ID00023,00002dd4,42,「任してよぉ。この時のために,Leave it to me.,,
ID00023,00002e0d,54,　２人で特訓してきたんじゃないか～」,We've been training for this moment.,,
ID00023,00002e71,48,「お～し、このまま失敗続きじゃ、,"Come on, if we keep messing up,",,
ID00023,00002eb0,54,　Ｅ動画部のコケンに関わるからよぉ。,We'll be involved.,,
ID00023,00002ef5,33,　絶対成功させるぞ！」,I'm gonna make sure we succeed!,,
ID00023,00002f44,15,「お～～」,Oooo~,,
ID00023,00002f81,39,「２人でなにやってんだ？」,What are you two up to?,,
ID00023,000037bd,23,「おっ、@str_000。,"Oh, @str_000.",,
ID00023,000037e3,54,　見届けるか？　俺たちの生き様をよ」,You wanna watch? Watch us live it up!,,
ID00023,00003c36,15,「はぁ？」,Huh?,,
ID00023,00003dba,27,「激録だよ、激録」,It's intense.,,
ID00023,00004085,54,「実は俺たちよぉ、サインもらってから,"Actually, @str_000, since we got her autograph,",,
ID00023,000040ca,45,　ずっと、ユイナを激録しようと,Trying intense shots.,,
ID00023,00004106,42,　チャレンジしてきたんだよ」,ever since.,,
ID00023,00004892,27,「そうなのか！？」,Is that so!?,,
ID00023,00004a22,45,「ああ。けど、ガードが堅くて、,"Yeah. But she's really hard to get close to,",,
ID00023,00004a5e,39,　ぜんぜん録れなくてよぉ」,I couldn't get anything at all.,,
ID00023,000054fe,57,「教科書で隠したり、壁の陰に隠れたり、,"She hides behind books or in shadows,",,
ID00023,00005546,51,　あの危機察知能力は異常だよねぇ」,Her ability to sense danger is really weird.,,
ID00023,00005b07,45,「まぁ、カメラに追われるのは、,"Well, being chased by a camera,",,
ID00023,00005b43,36,　慣れてるだろうからな」,She's probably used to it by now.,,
ID00023,00005e5e,54,「そこで出した結論は、パイアングル、,"The conclusion I came to was, pineapple",,
ID00023,00005ea3,48,　パンチラングル、単独で狙っても,Punching her alone won't work either.,,
ID00023,00005ee2,30,　ダメだってことだ」,Got it.,,
ID00023,00006464,60,「そう！　ボクたちの合体技で勝負だよ！」,That's it! We'll win with our combo move!,,
ID00023,00006769,21,「合体技！？」,Combo move!?,,
ID00023,00006cd8,27,「内魔から着信だ！,Call from Inner Demon!,,
ID00023,00006d02,39,　ユイナが降りてくるぞ！」,Yuna is coming down!,,
ID00023,00007257,39,「いくよ～、ポーズちゃん。,Here we go~ Pose-chan.,,
ID00023,0000728d,36,　パイチラいただきだ～」,Time for some peekaboo~,,
ID00023,0000756e,42,「お、おい、無茶すんなよ？」,"Hey, don't be reckless!",,
ID00023,00007625,32,「止めるな！　@str_000！,Don't stop me! @str_000!,,
ID00023,00007654,39,　俺たちは激録に生きる！」,We live for the wild ride!,,
ID00023,0000775b,63,「これは、ポーズちゃんとの勝負なんだよ！」,This is a showdown with Poze-chan!,,
ID00023,000082ea,27,「２人の激録を！」,"The two of us, all out!",,
ID00023,00008365,30,「１つに合わせて！」,In sync with each other!,,
ID00023,0000980c,51,「あ！　心美せんせーーーーーっ！」,Ah! Miss Shinmi--!!,,
ID00023,0000a654,24,「はぐうぅぅ…」,...huh...,,
ID00023,0000a69a,27,「し、失敗だぁ…」,I-I failed...,,
ID00023,0000a811,39,「ったく、しつこいわねぇ」,"Sheesh, you're persistent.",,
ID00023,0000a9a1,33,「パン…チラングル…」,Punch... tangle...,,
ID00023,0000a9f0,36,「パイ…チラングルゥ…」,Pai... tangle...,,
ID00023,0000ab70,30,「まぁ、その情熱は、,"Well, I can't ignore that.",,
ID00023,0000ab9d,39,　認めないでもないけどね」,But still...,,
ID00023,0000ae68,51,「心美せんせぇ……これは…その…」,Sensei... this is... umm...,,
ID00023,0000aff7,63,「いないわよ。あんたたちを引っかけただけ」,You're not here. You just lured us in.,,
ID00023,0000b19f,24,「騙されたァ…」,I was tricked...,,
ID00023,0000b1e5,24,「完敗…だぜぇ」,Total defeat...,,
ID00023,0000b22b,27,「せめて…せめて、,"At least... at least,",,
ID00023,0000b255,63,　『女子中学生基本ポーズ集　ＢＬＵＥ』にも,Sign it in BLUE too.,,
ID00023,0000b2a3,21,　サインを…」,"Not now, maybe.",,
ID00023,0000b414,45,「いいわよ。あとでしてあげる」,It's fine. I'll do it for you later.,,
ID00023,0000b5aa,21,「やったぁ…」,...Nice work!,,
ID00023,0000b5ed,39,「思い残すことは…ねぇ…」,There's nothing left to regret...,,
ID00023,0000bd23,60,「面白い人たちよね、ぶろ君のお友達って」,"They're interesting people, your friends, bro.",,
ID00023,0000bd8d,45,「はは…負けるよ、ユイ姉には」,"Heh... I'd lose to you too, Yui-nee.",,
ID00024,0000211a,54,（そろそろメールで指定した時間だな）,Guess it's time for the meeting we set up by email.,,
ID00024,000027cc,33,「来たわよ～、ぶろ君」,"Hey, Bro-kun, I'm here~",,
ID00024,00002ab6,51,「あ…ううん、そうじゃないわよね」,"*ahem* No, that's not what I meant...",,
ID00024,00003001,45,「今日はよろしくお願いします、,"I hope you'll be nice to me today,",,
ID00024,0000303d,27,　カメラマンさん」,camera guy.,,
ID00024,0000333b,54,「こちらこそ、よろしくお願いします」,"Likewise, hope you're nice to me too!",,
ID00024,000034e6,55,「スク水ってことは、これが『Friends』の,Must be the 'Friends' one.,,
ID00024,0000352c,24,　最後の撮影？」,Is this your last shoot?,,
ID00024,000036c6,45,「そう。この夏の集大成なんで、,This is it for this summer.,,
ID00024,00003702,33,　心してお願いします」,Please take care with it.,,
ID00024,0000387f,24,「わかりました」,Understood.,,
ID00024,0000409e,24,「私も来たわよ」,I'm here too.,,
ID00024,000042bb,60,「ごめんね、水着の撮影にまで巻き込んで」,Sorry for dragging you into this swimsuit shoot too.,,
ID00024,000047df,48,「いいのよ。ユイナのためだから」,It's fine. It's for Yuina's sake.,,
ID00024,00004b42,41,「いいのよ。ユイナと@str_001の,It's okay. For Yuina and @str_000's,,
ID00024,00004b7a,21,　ためだから」,sake.,,
ID00024,000051cb,45,「いいのよ。ユイナとベリィ君の,It's okay. For Yuina and Veli-kun's,,
ID00024,00005207,21,　ためだから」,sake.,,
ID00024,00005526,18,「マリア…」,Maria...,,
ID00024,000056ad,24,「さ、撮ろっか」,Let's take some.,,
ID00024,0000583f,48,「あ、今日はもうひとり来るんで」,"Oh, I'm coming alone today.",,
ID00024,00005cac,12,「え？」,What?,,
ID00024,00006408,12,「ん…」,Hmm...,,
ID00024,00006619,36,「御前！？　なんで！？」,Misaki!? Why!?!,,
ID00024,00006bda,39,「それは…私が聞きたい…」,That's... what I wanna know...,,
ID00024,0000711a,33,「なんで言わないの？」,Why didn't you tell me?,,
ID00024,000073eb,48,「卒業したら、日本を離れるって、,"You're leaving Japan after graduation,",,
ID00024,0000742a,54,　どうして私に言ってくれないの！？」,why won't you tell me that!?!,,
ID00024,00007a16,33,「あ…なんでそれを…」,Ah... Why did you tell me that...,,
ID00024,00007ba0,27,「俺が話したんだ」,I'm the one who told you.,,
ID00024,00007dea,18,「ぶろ君！」,Bullshit!,,
ID00024,0000827b,42,「私とあなたは！　…ずっと、,We've been together for so long...,,
ID00024,000082b4,36,　言い争ってきたけど…」,...arguing all this time...,,
ID00024,00008cce,51,「小さいころから…ずっと、ずっと、,Ever since we were little kids...,,
ID00024,00008d10,48,　お互いを認め合ってきたはずよ」,We should have always acknowledged each other...,,
ID00024,000094e8,45,「何事も…ライバルだったはず」,"We were supposed to be rivals, right?",,
ID00024,000098f3,51,「それなのに……お別れになるって、,But... to say goodbye...,,
ID00024,00009935,30,　言わないなんて…」,without telling me...,,
ID00024,00009d57,48,「水くさいじゃない！　私だって…,You wimp! I'm your friend too!,,
ID00024,00009d96,42,　あなたの友達よ。…ううん、,"...no, our bond is deeper than anyone's...",,
ID00024,00009dcf,48,　誰より深い絆の…親友のはず！」,a true best friend!,,
ID00024,0000a66d,15,「御前…」,Misaki...,,
ID00024,0000a7fe,60,「ごめん……つまんない意地張っちゃって」,I'm sorry... for being so petty.,,
ID00024,0000aef8,45,「ホントは…わかってたんだ…。,In reality... I knew it all along.,,
ID00024,0000af34,60,　あなたが私のことを一番理解してるって」,You understand me better than anyone.,,
ID00024,0000b4bb,30,「ケンカしながらも、,"Even when we fight,",,
ID00024,0000b4e8,42,　私を応援してくれてるって」,you always cheer for me.,,
ID00024,0000b7c2,27,「あなたみたいな、,"Having a friend like you,",,
ID00024,0000b7ec,54,　素敵な親友がいてくれて…うれしい」,...makes me so happy.,,
ID00024,0000bd48,18,「ユイナ…」,Yuin...,,
ID00024,0000bf46,36,「マリアも…ありがとう」,"Thanks, Mariana.",,
ID00024,0000c21a,63,「いいのよ。お礼なんて、水くさいじゃない」,It's fine. Thanks are just empty words.,,
ID00024,0000c644,54,「２人とも…録ってくれる？　一緒に」,Both of you... will you record it with me?,,
ID00024,0000ca65,24,「もちろんよ！」,Of course!,,
ID00024,0000cc0b,21,「もちろん！」,Of course!,,
ID00024,0000cd95,33,「私たちはあなたの…」,We're your...,,
ID00024,0000cf2b,31,「『Friends』だもの！」,'We're friends!',,
ID00024,0000d38a,15,「フフッ」,Heh heh.,,
ID00024,0000d630,15,「ウフッ」,Heh heh.,,
ID00024,0000d8d6,15,「クスッ」,Heh.,,
ID00024,0000eaa2,12,「ん…」,Hmm...,,
ID00024,0000eadc,15,「フフッ」,Heh heh.,,
ID00024,0000eb19,15,「あん…」,Ah...,,
ID00024,0000f0ae,48,「カットーーッ！　オッケーです！,Cut! Okay!,,
ID00024,0000f0ed,51,　皆さんありがとうございました！」,Thanks everyone!,,
ID00024,0000f14e,30,「きれいに録れた？」,Did it come out clean?,,
ID00024,0000f19a,57,「もちろん！　これだけ素材が良ければ、,"Of course! With such good material,",,
ID00024,0000f1e2,21,　バッチリ！」,It's perfect!,,
ID00024,0000f2a8,30,「ま、当たり前よね」,"Well, duh.",,
ID00024,0000f323,15,「フフッ」,Heh heh.,,
ID00024,0000f360,60,「ユイナさんは、もう１ショット録るんで、,"Yunna, you're gonna do one more shot, so",,
ID00024,0000f3ab,15,　残って」,stay behind.,,
ID00024,0000f3e8,21,「そうなの？」,Really?,,
ID00024,0000f42b,42,「じゃ、先、着替えてるね～」,I'll go change first then~,,
ID00024,0000f483,15,「またね」,See ya later,,
ID00024,0000f4c0,42,「あとで行くから、待ってて」,"I'll be there later, so wait for me.",,
ID00024,0000f518,51,「ええ。お茶を用意して、待ってる」,Sure thing. I'll have tea ready and waiting.,,
ID00024,0000ff40,42,「どうするの？　私だけって」,What should we do? Just me?,,
ID00024,000100d3,46,「『Friends』のラストは、あえて、,The last shot of 'Friends' will be,,
ID00024,00010110,45,　１人のユイナを録ろうと思う」,of Yuna alone on purpose.,,
ID00024,00010178,60,「友達じゃなく…恋人を見つめるユイナを」,Not as a friend... but as Yuna looking at her lover.,,
ID00024,00010322,12,「え…」,Huh...?,,
ID00024,0001035c,48,「レンズを……カメラマンの俺を、,"I'll be the lens... the cameraman,",,
ID00024,0001039b,42,　恋人だと思って、見つめて。,Think of me as your lover...,,
ID00024,000103d4,42,　『好きだ』って、伝えて！」,Tell her you love her!,,
ID00024,00010573,18,「ぶろ君…」,Bro-kun...,,
ID00024,000105b3,42,「この動画を見る人みんなを、,Make everyone feel like,,
ID00024,000105ec,42,　ユイナの恋人にしてくれ！」,Yuna's lover too!,,
ID00024,00010988,42,「いつの間にか…プロみたいな,Before I knew it... I was demanding things,,
ID00024,000109c1,45,　要求するようになっちゃって」,like a pro already.,,
ID00024,00010d3f,30,「全力で応えなきゃ、,I have to give my all...,,
ID00024,00010d6c,36,　私がプロ失格じゃない」,or else I'm not fit for the job.,,
ID00024,00011040,39,「しっかり受け止めてよね、,"Make sure to catch it,",,
ID00024,00011076,36,　私のラストメッセージ」,my last message.,,
ID00024,000118e5,36,「…私だけを……見て…」,...Only me...look at...,,
ID00024,00011a65,18,「…大好き」,...I love you.,,
ID00024,00011fec,57,「カットォォォ！　お疲れ様でしたァ！」,Cut! Great job everyone!,,
ID00024,00012053,55,こうして、『Friends』の撮影は終了した。,"And with that, the filming of 'Friends' wrapped up.",,
ID00024,000120b8,39,公開は光海祭のＥ動画部展。,It'll show at the Mitsumi Fest.,,
ID00024,000120ee,69,ユイ姉は、もちろん来てくれると約束してくれた。,Yui-nee promised she'd come.,,
ID00026,00002c44,54,（ユイ姉だ！　秘密基地で遊ぶ日だ！）,(It's Yui-ne! Let's play at the secret base today!),,
ID00026,00003128,60,（遠足も、林間学校も行けなかったユイ姉。,Yui-ne who couldn't go.,,
ID00026,00003173,57,　彼女に…子供のころは叶えられなかった,(I want to make her some childhood memories...),,
ID00026,000031bb,39,　思い出を作ってやりたい）,memories she missed back then.,,
ID00026,00003210,45,（９年分の夏休みの思い出を…）,Let's make up for those memories...,,
ID00026,00003be6,54,「あ、来た来た。おっはよー、ぶろ君」,"Ah, you're here. Good morning, bro.",,
ID00026,000043fc,30,「おはよー、にい君」,"Good morning, big bro.",,
ID00026,0000460c,57,「おはよう。２人とも、もう来てたんだ」,Morning. You two were already here?,,
ID00026,000047d6,21,「当たり前よ。,Of course.,,
ID00026,000047fa,54,　今日の日を楽しみにしてたんだから」,I've been looking forward to today all along.,,
ID00026,00004ae0,45,「私もー。秘密基地遊びなんて、,Me too~. It's been ages.,,
ID00026,00004b1c,60,　小さいころ以来だから、ワクワクしてる」,so I'm super excited!,,
ID00026,000052e5,57,「まぁちゃん、今日は目一杯楽しもうね」,"Let's have a blast today, Maa-chan!",,
ID00026,000057dc,15,「うん！」,Sure!,,
ID00026,00005b30,60,「それにしても、本格的な秘密基地だねー」,"Still, it's quite the proper secret base, isn't it?",,
ID00026,00006092,42,「男子高校生の本気を見たよ」,I've seen some serious guys.,,
ID00026,000060ea,30,「ガキのころ作った、,Not like our kid base.,,
ID00026,00006117,51,　ダンボールの基地とは違うだろ？」,is it?,,
ID00026,00006498,39,「うんうん、すごいと思う」,"Yeah, it's really impressive.",,
ID00026,0000685e,54,「細かくオーダーしたのは私だけどね」,I'm the one who ordered all these details.,,
ID00026,00006db0,54,「ありがとね、ちゃんと作ってくれて」,Thanks for doing it properly.,,
ID00026,00006f4f,39,「喜んでくれてよかったよ。,Glad you like it.,,
ID00026,00006f85,30,　大変だったけどな」,It was a lot of work though.,,
ID00026,000072ae,45,「フフッ、私の９年分の夏休みに,"Hehe, nine years of summer vacation.",,
ID00026,000072ea,33,　相応しいステージね」,That's a fitting stage.,,
ID00026,000078f6,39,「さあ！　遊ぶわよーっ！」,Alright! Let's play!,,
ID00026,00007c38,21,「おーーっ！」,Oooh!,,
ID00026,00007ddb,18,「おーー！」,Ooh!,,
ID00026,00008f7a,60,「ほら！　次はブランコよ、まぁちゃん！」,"See? Next is the swing, Maa-chan!",,
ID00026,00008fe4,15,「あーい」,Aaah...,,
ID00026,000095fc,27,「そ～～～れっ！」,Go~!,,
ID00026,00009645,15,「おおー」,Ooh...,,
ID00026,00009682,33,「んっしょ～～～ぉ！」,Mmmph~!,,
ID00026,000096d1,21,「あはははは」,Hahaha,,
ID00026,00009c3b,60,「あ～、お腹減ったぁ。お昼ご飯はなに？」,"Ah, I'm hungry. What's for lunch?",,
ID00026,00009ca5,51,「飯ごうでご飯炊いて、カレーだよ」,I cooked curry in the rice cooker.,,
ID00026,00009d06,63,「あ、いいじゃない。なにかやることある？」,"Oh, that's great. Do you need help with anything?",,
ID00026,00009d73,36,「じゃあ、お米といでよ」,Then let me cook the rice.,,
ID00026,00009dc5,36,「え？　…まぁちゃ～ん」,Huh? ...Here ya go.,,
ID00026,00009e17,30,「はいはい、任せて」,Sure thing.,,
ID00026,0000a8c0,42,「ん～～っ、おいし～～っ！」,"Mmm, so good~!",,
ID00026,0000acbc,36,「飯ごうで炊いたご飯と、,Rice cooked in a mess tin and,,
ID00026,0000acef,57,　レトルトのカレーで、レーション気分」,"curry from a can, it feels like rations.",,
ID00026,0000b171,24,「レーション？」,Rations?,,
ID00026,0000b35c,27,「軍隊のご飯だよ。,It's army food.,,
ID00026,0000b386,42,　林の中だし、ゲリラ戦だね」,"We're in the woods, guerrilla style.",,
ID00026,0000b782,60,「アハハ、さっき水鉄砲で撃ち合ったしね」,"Haha, we were shooting water guns earlier.",,
ID00026,0000ba55,27,「戦士の休息だね」,Rest for warriors.,,
ID00026,0000cdf0,33,「す～～っ、す～～っ」,*sigh* *sigh*,,
ID00026,0000ce3f,51,「すーー、すーー、すーー、すーー」,"*sigh*, *sigh*, *sigh*, *sigh*",,
ID00026,0000d06f,27,「ん、んん～～ん」,"mnh, mnh~",,
ID00026,0000d4fb,15,「んが…」,mngh...,,
ID00026,0000d69b,33,「す～～っ、す～～っ」,*sigh* *sigh*,,
ID00026,0000d84d,15,「んん…」,Hmm...,,
ID00026,0000dc3f,51,「すーー、すーー、すーー、すーー」,"*sigh*, *sigh*, *sigh*, *sigh*",,
ID00026,0000e1c7,51,（ったく、ずいぶんはしゃいだから、,"Man, you were really going at it earlier.",,
ID00026,0000e209,42,　よく寝てるよ…。子供か？）,...You sleep like a kid...,,
ID00026,0000f5b9,33,「ん～っ、よく寝たぁ」,~I slept well.,,
ID00026,0000f621,54,「うわぁ、すっかり暗くなったわねぇ」,"Wow, it's gotten pretty dark.",,
ID00026,0000f69e,30,「熟睡してスッキリ」,I feel so refreshed.,,
ID00026,0000f703,45,「今夜、眠れなくなっちゃうよ？,Will you be unable to sleep tonight?,,
ID00026,0000f73f,21,　まぁちゃん」,Maa-chan,,
ID00026,0000f79b,57,「まぁ、夜更かしはいつものことだから」,"Well, staying up late is nothing new for you.",,
ID00026,0000f81b,39,「あーっ、朝の体操を期に、,Morning exercises will help.,,
ID00026,0000f851,60,　生活を昼型に戻しなさいって言ったのに」,but you didn't listen.,,
ID00026,0000f8d4,51,「なかなか難しいよ、早く寝るのは。,"It's really hard to go to bed early, though.",,
ID00026,0000f916,51,　夜の方がプログラムが捗るからね」,I work better at night.,,
ID00026,0000f990,27,「仕方ないわねぇ」,Oh well.,,
ID00026,0000f9f2,51,「けど今日は、いっぱい遊んだから、,"But today, we played a lot, so",,
ID00026,0000fa34,45,　またすぐ眠れるんじゃない？」,"maybe I'll be able to fall asleep soon?""",,
ID00026,0000faa8,36,「フフッ、それもそうね」,"Heh, that's true.",,
ID00026,0000fb13,36,「ぶろ君が作ってくれた、,"@str_000, you made it.",,
ID00026,0000fb46,39,　見張り台で星を見よっか」,So let's go stargazing there?,,
ID00026,0000fbb4,15,「賛成ー」,Yeah!,,
ID00026,0001008f,15,「綺麗…」,It's so pretty.,,
ID00026,000100cc,15,「だねー」,Right?,,
ID00026,00010825,54,「楽しかったぁ…。こんなに遊んだの、,"It was fun... I haven't played this much in a while,",,
ID00026,0001086a,27,　生まれて初めて」,It's the first time for me.,,
ID00026,00010c57,45,「一生の思い出が出来ちゃった」,I've made a memory of a lifetime.,,
ID00026,00010de0,57,「私も…楽しかった…。ユイ姉とこんなに,I had fun too... It's the first time with Ui-onee.,,
ID00026,00010e28,48,　一緒にいたの、久しぶりだから」,It's been a while.,,
ID00026,00011453,51,「そっか…ごめんね、いつも仕事で」,"Oh... I'm sorry, you're always working.",,
ID00026,00011a22,60,「ううん、やりたいことをやってるユイ姉が,"No, it's good that Ui-onee is doing what she loves.",,
ID00026,00011a6d,18,　一番だよ」,You're the best.,,
ID00026,00011c01,39,「まっすぐ…前だけを見て、,Just look straight ahead...,,
ID00026,00011c37,30,　がんばって欲しい」,and do your best.,,
ID00026,00012027,48,「私たちのことは、気にしないで」,Don't worry about us.,,
ID00026,00012460,21,「ありがと…」,Thanks...,,
ID00026,000127b5,27,「じゃあ…言うね」,Then... I'll tell you.,,
ID00026,00012a67,12,「私…」,I...,,
ID00026,00012bcf,48,「卒業したら…日本を…出るから」,After graduation... I'm leaving Japan.,,
ID00026,00013006,51,「いくつか、海外のモデル事務所から,I got some offers.,,
ID00026,00013048,54,　誘いがあるの。やってみないかって」,Want to give it a shot?,,
ID00026,00013450,54,「きっと、今以上に大変だと思うけど、,"It'll probably be even tougher than now,",,
ID00026,00013495,33,　挑戦してみるつもり」,but I'm gonna try.,,
ID00026,00013c80,27,「…驚かないの？」,...You're not surprised?,,
ID00026,00013f32,39,「そうかなぁって思ってた。,I thought you'd be.,,
ID00026,00013f68,57,　ユイ姉、小さいころから世界に出るって,Yui-nee's been saying she'll go global,,
ID00026,00013fb0,24,　言ってたから」,since she was little.,,
ID00026,00014610,39,「朝の体操も…、花火も…、,Morning exercises... fireworks...,,
ID00026,00014646,36,　私たちとの…最後の夏を,Our last summer.,,
ID00026,00014679,45,　過ごしてるんだろうなぁって」,I wonder if she's thinking about that too.,,
ID00026,00014b5a,57,「察しがいいなぁ。さすが、まぁちゃん」,"You really are perceptive, Maa-chan.",,
ID00026,00015085,24,「がんばってね。,Good luck.,,
ID00026,000150ac,45,　ユイ姉なら、絶対成功するよ」,Yui-nee will definitely succeed.,,
ID00026,000153d9,27,「うん。ありがと」,Sure thing. Thanks.,,
ID00026,00015702,45,「自慢の妹だよ、まぁちゃんは。,"She's my pride and joy, Maa-chan.",,
ID00026,0001573e,39,　かわいくて、かしこくて」,Cute and smart.,,
ID00026,00015b5d,42,「ユイ姉こそ、自慢の姉だよ。,"You're my pride, Onee-chan.",,
ID00026,00015b96,45,　きれいで、大事にしてくれて」,Pretty and you care for me.,,
ID00026,00015e80,15,「フフッ」,Heh heh.,,
ID00026,00016126,15,「あはは」,haha,,
ID00026,00016440,42,「ぶろ君は…ビックリした？」,Were you surprised by the bath?,,
ID00026,000169de,63,「大丈夫よね？　あなたには動画があるもの。,"It's okay, right? You've got a video of it.",,
ID00026,00016a2c,63,　今もこうして、プロの私に動画で挑んでる」,"Even now, you're challenging a pro via that video.",,
ID00026,00016f78,45,「伝わってるよ、その意気込み」,I can feel your determination.,,
ID00026,000172e5,48,「楽しみだなぁ、『Summer Memories』が,Looking forward to it.,,
ID00026,00017324,42,　どんな仕上がりになるのか」,I wonder how it'll turn out.,,
ID00026,000177c9,24,「来年の夏は…、,Next summer...,,
ID00026,000177f0,51,　こうして３人で過ごせないかもね」,"Three of us, I mean.",,
ID00026,00017aef,30,「いいのよ、それで」,"That's fine, like that.",,
ID00026,00017da4,36,「みんな…それぞれの道を,Everyone... will go their own way,,
ID00026,00017dd7,33,　歩んでいくんだから」,So just keep walking.,,
ID00026,00018488,42,「また、いつか…こうして…、,Maybe someday again...,,
ID00026,000184c1,60,　３人で星空を見上げる時が…来るから…」,There'll come a time we three look up at stars.,,
ID00026,0001852b,15,「うん…」,Right...,,
ID00026,00018568,18,「ユイ姉…」,Onee-san Yui...,,
ID00026,000185b9,51,こうして、３人で夏の日を過ごした。,"Like this, the three of us spent a summer day.",,
ID00026,0001861a,72,ユイ姉は…卒業したら世界へ羽ばたいていくのか…。,Sis Yuu will leave for the world post-graduation?,,
ID00026,00018671,12,俺は…。,Me...,,
ID00027,00001a9b,36,「ぶろ君、来たわね～っ」,"Hey, Bro-kun, you're here~!",,
ID00027,00001c28,30,「ああっ、ユイ姉！」,Ah! Yui-onee-chan!,,
ID00027,00001dbb,48,「昨日、どうしてこなかったのよ！,Why didn't you come yesterday!,,
ID00027,00001dfa,51,　私、ずっと待ってたんだからね！」,I was waiting for you the whole time!,,
ID00027,00001faf,27,「それは…その……,Well... um...,,
ID00027,00001fd9,54,　どうしても外せない用事が出来て…」,I had something I couldn't avoid doing...,,
ID00027,00002184,45,「私より大事な用だっての！？」,Something more important than me!?,,
ID00027,0000231a,48,「うぅ…ごめん。けど、どうしても,Ugh... sorry. But I really couldn't,,
ID00027,00002359,39,　行かなきゃならなくて…」,go... I had to go...,,
ID00027,000024f5,60,「連絡すらしないってどういうことよ！？」,What do you mean by not even calling!?,,
ID00027,0000255f,48,「それが…急いで部屋を出たから、,That's... I rushed out.,,
ID00027,0000259e,39,　スマホを忘れちゃって…。,I left my phone behind...,,
ID00027,000025d4,42,　連絡したかったんだけど…」,I wanted to call you...,,
ID00027,0000275a,51,「なによ、そんなに慌ててたわけ？」,Why were you in such a hurry?,,
ID00027,0000290f,51,「ああ……理由は言えないんだけど、,"Ah... I can't tell you why, but it's really bad...",,
ID00027,00002951,39,　メチャクチャヤバくて…」,It's super serious...,,
ID00027,00002aed,18,「ふうん…」,Hmm...,,
ID00027,00002c74,57,「まぁいいわ、私もあんたにドタキャンは,"Well, whatever. I won't stand you up either.",,
ID00027,00002cbc,21,　よくやるし」,You really do.,,
ID00027,000030d5,24,「許してあげる。,I'll forgive you.,,
ID00027,000030fc,57,　けど、もう二度とすっぽかさないでよ」,But don't stand me up again.,,
ID00027,000033f2,48,「わかってる！　もうしないよ！」,Got it! I won't do it again!,,
ID00027,00003597,63,「ったく、あんたの都合のいい時でいいから、,"Jesus, just invite me whenever you feel like it,",,
ID00027,000035e5,30,　また誘いなさいよ」,okay?,,
ID00027,00003a5e,63,「みんなで楽しく、秘密基地で遊ぶんだから」,We're gonna have fun together at our secret hideout.,,
ID00027,00003d98,60,「プールで思いっきり羽を伸ばすんだから」,I'm gonna let loose and swim in the pool.,,
ID00027,00003f6c,30,「ああ、もちろん！」,Sure thing!,,
ID00027,000040ff,24,「それじゃあね」,See ya.,,
ID00027,0000443a,45,（ヤバかった…。なんとかウソで,That was close...,,
ID00027,00004476,42,　切り抜けたけど、こんなこと,"I got away with a lie, but still.",,
ID00027,000044af,27,　もう出来ないぞ）,You can't do that anymore.,,
ID00027,000044f8,63,（もう一度、ユイ姉の好感度を最大限上げて、,"(Raise Ui-onee's good impression again,",,
ID00027,00004546,57,　レコセッションが終わった後に誘おう。,Let's invite her after the recital.,,
ID00027,0000458e,21,　それがいい）,That sounds good.,,
ID00028,00001a9b,21,「来たな～っ」,You're here~,,
ID00028,00001ade,30,「ああっ、ユイ姉！」,Ah! Yui-onee-chan!,,
ID00028,00001c71,36,「またすっぽかすなんて、,How could you stand me up again?!,,
ID00028,00001ca4,36,　一体どういうつもり！？,What do you think of our promise?!,,
ID00028,00001cd7,57,　私との約束をなんだと思ってんのよ！」,Tell me what you think about it!,,
ID00028,00001e79,60,「うぅ…ごめん、またどうしても外せない、,"Ugh... sorry, I have another emergency...",,
ID00028,00001ec4,42,　急な用事が出来ちゃって…」,Another urgent thing came up...,,
ID00028,00002063,48,「毎回そう言えば、私が許すとでも,Every time you say that?,,
ID00028,000020a2,27,　思ってんの！？」,Do you really think so?!!,,
ID00028,00002226,33,「そ、そうじゃないよ！,S-So that's not it!,,
ID00028,00002256,36,　けど…本当のことで…」,But... I'm serious...,,
ID00028,000023ef,12,「む…」,Ugh...,,
ID00028,00002429,18,「ごめん…」,Sorry...,,
ID00028,00002613,60,「ったく、その用ってのはいつ終わるのよ」,"Ugh, when will you be done with this?",,
ID00028,00002872,45,「もう大丈夫！　解決したから、,It's all good now!,,
ID00028,000028ae,57,　今度こそ行けなくなったりしないよ！」,You won't end up unable to go again!,,
ID00028,00002a5c,33,「本当でしょうね～っ」,I hope so~,,
ID00028,00002aab,36,「本当だよ！　信じて！」,"Yeah, I will! Trust me!",,
ID00028,00002c2b,21,「むむ～っ…」,Hmm~...,,
ID00028,00002e18,48,「はぁ…いいわよ、許してあげる。,"Phew... Fine, I forgive you.",,
ID00028,00002e57,51,　あんたが私との約束を破るなんて、,"For you to break our promise with me,",,
ID00028,00002e99,42,　よっぽどのことだろうし…」,there must be a really good reason...,,
ID00028,00003613,51,「けどいい？　今度すっぽかしたら、,"But okay? If you bail on me again,",,
ID00028,00003655,45,　姉弟とはいえ、見限るわよ！」,"I'll give up on you, even if we're siblings!",,
ID00028,00003a7a,45,「わかってる！　もうしない！」,Got it! Won't happen again!,,
ID00028,00003c70,63,「じゃあ、さっさと都合つけて誘いなさいよ。,"Then, make plans and invite them already.",,
ID00028,00003cbe,63,　みんなで楽しく、秘密基地で遊ぶんだから」,We'll have fun at our hideout.,,
ID00028,0000426b,63,「じゃあ、さっさと都合つけて誘いなさいよ。,"Then, make plans and invite them already.",,
ID00028,000042b9,60,　プールで思いっきり羽を伸ばすんだから」,You'll be able to let loose in the pool.,,
ID00028,0000470f,24,「それじゃあね」,See ya.,,
ID00028,00004a4a,45,（ヤバい…ヤバすぎるだろ、俺。,Shit... This is way too much for me.,,
ID00028,00004a86,48,　なんとかウソで切り抜けたけど、,"I managed to get out of it with a lie, but",,
ID00028,00004ac5,45,　こんなこと何度も出来ないぞ）,I can't keep doing this over and over again.,,
ID00028,00004b20,63,（もう一度、ユイ姉の好感度を最大限上げて、,"(Max out Ui-onee's good impression again,",,
ID00028,00004b6e,57,　レコセッションが終わった後に誘おう。,Let's invite her after the recital.,,
ID00028,00004bb6,21,　それがいい）,That sounds good.,,
ID00030,00003ed2,48,（ユイ姉だ！　一緒にプールだ！）,(It's Onee-chan! Let's go to the pool together!),,
ID00030,000043b0,48,（ユイ姉と２人で出かけるなんて、,(Going out with Onee-chan just the two of us...),,
ID00030,000043ef,48,　いつ以来だ？　久しぶりだなぁ）,When was the last time? It feels like ages.,,
ID00030,0000444d,21,「ふあぁぁ…」,*sigh*...,,
ID00030,000049a2,30,「おはよ～、ユイ姉」,"Good morning, Onee-chan~",,
ID00030,00004b90,36,「あ、ぶろ君、おはよう」,"Ah, Bro-kun, good morning",,
ID00030,00005018,54,「朝早いのに、時間ピッタリじゃない」,"Even though it's so early, you're right on time",,
ID00030,000051b7,57,「遅れたら怒るだろ？　必死で起きたよ」,"If I were late, you'd yell, right?",,
ID00030,00005365,33,「フフッ、感心、感心」,"Heh heh, impressive, impressive.",,
ID00030,0000565c,21,「ふあ～～っ」,Phew~,,
ID00030,00005962,33,「ユイ姉、眠そうだぞ」,"Yui-nee, you look sleepy.",,
ID00030,00005af8,51,「仕事の疲れがまだ溜まってるのよ」,You're still tired from work.,,
ID00030,00005b59,21,「ふあぁぁ…」,*sigh*...,,
ID00030,00005e1e,45,「ぶろ君だって眠そうじゃない」,Even Bro-kun looks sleepy.,,
ID00030,00005e79,30,「いつもの休みだと、,"On a normal day off,",,
ID00030,00005ea6,42,　まだ寝てる時間だからなぁ」,you'd still be sleeping.,,
ID00030,00006045,51,「シャキッとしなさい、シャキッと。,"Snap out of it, snap to attention.",,
ID00030,00006087,45,　せっかくのデートなんだから」,"It's a date, after all.",,
ID00030,00006371,21,「ユイ姉こそ」,You too.,,
ID00030,000064fb,51,「私は大丈夫よ。お気に入りの服で、,I'm fine. I'm all hyped up in my favorite outfit.,,
ID00030,0000653d,36,　気合い十分なんだから」,I'm ready to go.,,
ID00030,0000681e,51,（そういえば、見たことない服だな）,"Oh yeah, I've never seen you in that before.",,
ID00030,00006934,39,（なかなか…大胆…だよな）,You're pretty... daring...,,
ID00030,00006ad0,30,「どう？　似合う？」,How do I look?,,
ID00030,00006b98,39,「ああ、さすがモデルだよ。,"Yeah, no surprise you're a model.",,
ID00030,00006bce,63,　なかなかできない着こなしじゃないのか？」,That's a look not many can pull off.,,
ID00030,00006d69,51,「フフッ、ありがと。目が覚めた？」,"Hehe, thanks. You're awake now?",,
ID00030,00007072,27,「ああ、おかげで」,"Yeah, because of you.",,
ID00030,00007202,42,「じゃあ、さっそく行こっか」,Then let's get going.,,
ID00030,00007395,15,「おう！」,Alright!,,
ID00030,000079a0,54,「２人でお出かけなんて、いつ以来？」,When was the last time we went out together?,,
ID00030,00007a04,48,「たぶん…去年の年末のバーゲンに,Probably since last year's sale.,,
ID00030,00007a43,39,　駆り出されて以来かな？」,when I dragged you along?,,
ID00030,00007a98,48,「そっか、ずいぶん久しぶりね～」,"Oh yeah, it's been a while~",,
ID00030,00008138,39,「じゃ、プールサイドでね」,Then see you by the pool.,,
ID00030,00008463,36,「ぶろ君が選んだ水着が、,"The swimsuit Bro-kun picked out,",,
ID00030,00008496,33,　水辺でどう映えるか、,how you'll look by the water.,,
ID00030,000084c6,33,　楽しみにしてなさい」,Looking forward to it then.,,
ID00030,0000891a,54,「どんな水着か、楽しみにしてなさい」,Looking forward to seeing what swimsuit it is.,,
ID00030,00008ae8,18,「お、おう」,Y-Yeah.,,
ID00030,00009669,33,（ユイ姉は……まだか。,(Yui-nee... still not done?,,
ID00030,00009699,48,　着替えにも、出かける準備にも、,"Changing clothes and getting ready to go out,",,
ID00030,000096d8,42,　時間がかかる人だからなぁ）,"takes a while, you know.",,
ID00030,00009784,60,（あの水着を着てくるのか…。楽しみだな）,She'll wear that suit... Can't wait.,,
ID00030,0000981d,39,（一体どんな水着なのか…）,I wonder what kind of swimsuit.,,
ID00030,000098a1,36,（姉の水着姿を期待して、,Looking forward to seeing her.,,
ID00030,000098d4,39,　ドキドキしてる俺って…）,I'm all nervous...,,
ID00030,00009929,21,「お待たせ～」,Sorry to keep you~,,
ID00030,0000a00f,18,「おおっ！」,Woah!,,
ID00030,0000a07e,36,「おおっ！　ビキニか！」,Woah! A bikini?,,
ID00030,0000a22d,18,「…どう？」,How am I?,,
ID00030,0000a476,36,「バッチリ似合ってるよ！,You look great!,,
ID00030,0000a4a9,45,　さすが現役女子高生モデル！」,No surprise you're a model.,,
ID00030,0000a51d,30,「フフッ、ありがと」,"Hehe, thanks.",,
ID00030,0000a5e5,42,「ゴホン…では、ユイナさん。,"Ahem... Yuna-san,",,
ID00030,0000a61e,39,　さっそく録らせて下さい。,"Let's get started then,",,
ID00030,0000a654,48,　その場でいくつかポーズ取って」,Take some poses right here,,
ID00030,0000a7f9,12,「あ…」,...,,
ID00030,0000a9a4,33,「はい、わかりました。,"Okay, understood.",,
ID00030,0000a9d4,36,　よろしくお願いします」,I hope it goes well~,,
ID00030,0000bc47,39,「オッケー！　カーット！」,Okay! Cut!,,
ID00030,0000c2f7,24,「どうだった？」,How was it?,,
ID00030,0000c33d,51,「さすがだよ…。プロを録ってると、,"You're the best... When you record pros,",,
ID00030,0000c37f,51,　自分がアマチュアだなって感じる」,you really feel like an amateur yourself.,,
ID00030,0000c50e,24,「そりゃそうよ。,Of course you do.,,
ID00030,0000c535,48,　９年もモデルやってるんだから」,You've been modeling for nine years now.,,
ID00030,0000c6e7,51,「けど、ユイ姉を…レベルが高い人を,But recording someone like Yui-nee-san...,,
ID00030,0000c729,36,　録るのは勉強になるよ。,is educational.,,
ID00030,0000c75c,42,　今の自分の力がよくわかる」,It shows my own abilities.,,
ID00030,0000c8e2,57,「フフッ、いっぱしのこと言っちゃって」,"Heh, you sure sound like a pro.",,
ID00030,0000cbe4,30,「じゃあ、泳ごっか？,Wanna go for a swim then?,,
ID00030,0000cc11,48,　あとは撮影抜きで楽しませてよ」,Just have fun without the camera.,,
ID00030,0000cefe,42,「もちろん！　泳ぐぞ～っ！」,Of course! Let's go swimming!,,
ID00030,0000d09d,18,「お～～！」,Ooooh~,,
ID00030,0000d55d,45,「アハハハ、たっのしい～っ！」,"Ahahaha, this is so much fun~!",,
ID00030,0000d5b8,63,青く輝くプールで、ユイ姉は一際きらめいた。,Yui-nee sparkled in the pool.,,
ID00030,0000d606,42,周りの男どもがみんな見てる。,All the guys around are watching.,,
ID00030,0000d63f,66,中には、ユイナだって気づいた人もいるだろう。,"Some of them probably noticed, even Yuna did too.",,
ID00030,0000d6af,60,俺は弟として、彼女のわがままに付き合い、,"As her brother, I've put up with her.",,
ID00030,0000d6fa,33,夢の実現を助けてきた。,helping her realize her dreams.,,
ID00030,0000d749,51,今、俺にも夢…のようなものがあり、,Now I have a dream... something like that.,,
ID00030,0000d78b,42,彼女はそれを助けてくれてる。,She's helping me with that.,,
ID00030,0000d7c4,60,動画との出会いは…俺を変えてくれたんだ。,Meeting the video... changed me.,,
ID00030,0000deac,33,「あ～、お腹減ったぁ。,"Aaah, I'm hungry~",,
ID00030,0000dedc,33,　ぶろ君、お昼にしよ」,"Let's eat lunch, bro.",,
ID00030,0000e396,18,「オッケー。,Okay.,,
ID00030,0000e3b7,51,　そこの売店でなにか買ってくるよ」,I'll go buy something from that store over there.,,
ID00030,0000e5e6,42,「ううん、そうじゃなくて…」,"No, that's not it...",,
ID00030,0000e8f5,42,「着替えて、遊園地で食べよ」,Let's change and eat.,,
ID00030,0000ea88,15,「あぁ？」,Huh?,,
ID00030,0000ec0c,51,「午前中はプールで、午後は遊園地。,"Morning pool, afternoon park.",,
ID00030,0000ec4e,51,　今日はそのつもりで来たんだから」,That's why I came here today.,,
ID00030,0000ef3e,42,「なっ…だから、８時なんて、,Wha... That's why?,,
ID00030,0000ef77,45,　朝早くに待ち合わせしたのか」,At eight in the morning?,,
ID00030,0000f135,51,「そういうこと。ほら、行くわよ！」,"That's it! C'mon, let's go!",,
ID00030,0000fa1d,51,「今日は１日、遊び倒すわよーっ！」,I'll play all day long today!,,
ID00030,0000fa7e,27,「はぁ…やれやれ」,Phew... What a hassle,,
ID00030,0000fac7,69,ユイ姉は、仕事も遊びも一生懸命。全力を尽くす。,Yui-nee puts her heart into both work and play.,,
ID00030,0000fb1b,51,俺は、いつも振り回されてばかりだ。,I always end up getting dragged around by her.,,
ID00030,0000fb7c,57,「あ！　乗ってないジェットコースターが,Ah! There's an unoccupied roller coaster!,,
ID00030,0000fbc4,33,　ある！　行くわよ！」,Let's go!,,
ID00030,0000fc13,21,「メシは！？」,What about food?,,
ID00030,0000fc56,48,「あとあと！　ほらほら、早く！」,"Wait, wait! Come on, hurry up!",,
ID00030,0000fcb4,18,「ったく…」,...Man...,,
ID00030,0000fcf4,36,けど、それでいいと思う。,But I think that's okay.,,
ID00030,0000fd27,39,姉弟だから、許される関係。,It's okay as siblings.,,
ID00030,0000fd5d,45,言いたいことが言い合える関係。,We can say anything.,,
ID00030,0000fdb8,27,ずっと…こうして、,I've always wanted.,,
ID00030,0000fde2,51,仲良く、楽しく過ごしていきたい…。,and spend time together happily...,,
ID00030,0000fe56,36,「キャーーーーーーッ！」,“AAAAHHHH!”,,
ID00030,0000fea8,33,「うおおおおおおお！」,Whoa!,,
ID00030,0000fef7,36,「すっごーーーーーい！」,"Whoa, that was awesome!",,
ID00030,0000ff49,36,「ひーーーーーーーっ！」,Ahhh!,,
ID00030,0000ff9b,45,…こうして、遊園地を満喫した。,And so we had a blast at the amusement park.,,
ID00030,000104ab,15,そして…、,And...,,
ID00030,000116cc,36,「ふ～、楽しかったぁ～。,"Phew, what fun...",,
ID00030,000116ff,30,　けどクッタクタァ」,But I'm totally wiped out.,,
ID00030,00011bb7,48,「泳いだあとに、アトラクションを,"After swimming, if you conquer all the rides,",,
ID00030,00011bf6,36,　制覇すればそうなるよ」,You'll feel like this.,,
ID00030,00011e30,39,「ぶろ君は疲れてないの？」,"You're not tired, Bro King?",,
ID00030,00011e85,39,「もちろんヘトヘトだって。,Of course I'm exhausted.,,
ID00030,00011ebb,36,　今夜はよく眠れそうだ」,I think I'll sleep well tonight.,,
ID00030,0001203b,30,「フフッ、そうよね」,"Hehe, yeah.",,
ID00030,0001245d,51,「ありがと、１日つき合ってくれて」,Thanks for spending the day with me.,,
ID00030,000124e4,30,「俺も楽しかったよ。,I had fun too.,,
ID00030,00012511,36,　…じゃあ、帰ろっか？」,...Shall we head back?,,
ID00030,00012720,57,「ううん、もうちょっとだけつき合って」,"No, just a little longer.",,
ID00030,00012b5d,39,「話したいことが…あるの」,I have something to talk about...,,
ID00030,0001344c,45,「うわぁ、街の明かりがきれい」,"Wow, the city lights are so pretty",,
ID00030,00013710,60,「やっぱり、遊園地の締めは観覧車よねえ」,"Of course, a Ferris wheel's gotta be the last ride",,
ID00030,00013a84,51,「ロマンチックな気分になっちゃう」,It makes me feel all romantic,,
ID00030,00013b50,48,「ユイ姉も、夜景に負けないぐらい,You're as beautiful as the night view.,,
ID00030,00013b8f,21,　画になるよ」,You're so pretty.,,
ID00030,00013d00,30,「フフッ、ありがと」,"Hehe, thanks.",,
ID00030,0001412a,24,「で…話って？」,So... what's up?,,
ID00030,00014350,27,「あ……うん……」,Ah... yeah...,,
ID00030,00014780,18,「ぶろ君…」,Bro-kun...,,
ID00030,000147c0,12,「ん？」,Hm?,,
ID00030,00014928,45,「動画と…出会えてよかったね。,It's great we met through that video.,,
ID00030,00014964,57,　一生懸命な男の人って…素敵だと思う」,"Men who work hard... are really cool, I think.",,
ID00030,00015155,48,「この夏のあなたは…輝いてるよ」,You're shining this summer...,,
ID00030,0001545e,18,「ユイ姉…」,Onee-san Yui...,,
ID00030,000155d9,34,「だからね…『Friends』を,So let's do 'Friends',,
ID00030,0001560a,54,　いい動画にしたい。精一杯協力する」,I want a good video. I'll help.,,
ID00030,000158e4,21,「ありがとう」,Thanks.,,
ID00030,00015a55,36,「それで…ね……私……」,Then... well... me...,,
ID00030,00015f68,37,「『Friends』を、私の高校…,'Friends' will be my high school...,,
ID00030,00015f9c,33,　最後の仕事にするね」,I'll make it my last job.,,
ID00030,00016296,12,「え？」,What?,,
ID00030,0001647a,18,「そして…」,And...,,
ID00030,000165e8,42,「卒業したら……日本を出る」,After I graduate...I'm leaving Japan.,,
ID00030,0001677b,18,「えっ！？」,Eh!?,,
ID00030,0001698a,51,「いくつか、海外のモデル事務所から,I got offers from foreign agencies.,,
ID00030,000169cc,54,　誘いがあるの。やってみないかって」,Want to give it a shot?,,
ID00030,00016dd4,60,「甘くない世界だから、大変だと思うけど、,"It's not a sweet world, so it'll be tough, but",,
ID00030,00016e1f,33,　挑戦してみるつもり」,but I'm gonna try.,,
ID00030,000170e4,60,「それで…英語のヒヤリングを始めたのか」,That's why you started studying English?,,
ID00030,0001727c,45,「まだまだ付け焼き刃だけどね」,Still just surface-level though.,,
ID00030,00017540,51,「当面の生活に困らないだけのお金も,I've saved enough money to get by for now...,,
ID00030,00017582,24,　貯まったし…」,so...,,
ID00030,000176f6,45,「また一からがんばるつもりよ」,I'll start over and work hard again.,,
ID00030,0001788c,18,「ユイ姉…」,Onee-san Yui...,,
ID00030,000178cc,33,「会えなくなるのか…」,No more meetings...,,
ID00030,00017a49,42,「年に一度は帰ってくるわよ」,I'll come back once a year.,,
ID00030,00017aa1,54,「いや…ユイ姉は……帰ってこないよ。,No... Yui-nee won't...come back.,,
ID00030,00017ae6,45,　成功するまで…帰ってこない」,Not until she succeeds...,,
ID00030,00017c6f,18,「ぶろ君…」,Bro-kun...,,
ID00030,00018088,48,「私のこと…よくわかってるよね。,"You understand me well, right?",,
ID00030,000180c7,30,　そう……私は……」,That's right... I'm...,,
ID00030,0001864f,60,「この街を……あなたの元を……旅立つの」,I'm leaving this town and you.,,
ID00030,00018a5d,51,「夢を叶えるまで……帰ってこない」,until my dreams come true... I won't be back,,
ID00030,00018d61,54,「あなたが手に入れた…夢のかけら…、,the piece of your dream you got... the video...,,
ID00030,00018da6,57,　動画が…きっと私たちを繋いでくれる」,will definitely connect us,,
ID00030,000192ec,45,「遠い空の下で…応援してるね」,Under this far-off sky... I'll cheer for you.,,
ID00030,00019482,60,「俺も…応援してるよ。どんなに離れても、,I'll cheer for you.,,
ID00030,000194cd,42,　俺たちは…仲のいい姉弟だ」,we're still good siblings.,,
ID00030,00019696,36,「うん……うれしい……」,Yeah... I'm happy...,,
ID00030,00019a8c,42,「あなたが…弟でよかった…」,It's great that you're my little brother.,,
ID00030,00019d5f,36,「恋人以上の…男の人よ」,He's more than that.,,
ID00030,0001a01a,54,「エヘッ、ダメね…泣いちゃうなんて」,"Hehe, nope... I'm gonna cry.",,
ID00030,0001a698,45,「涙で…星がすっごく輝いてる」,Tears make the stars shine.,,
ID00030,0001ab20,27,「ユイ姉みたいだ」,You're like Ui-onee.,,
ID00030,0001ad38,12,「え？」,What?,,
ID00030,0001ad72,57,「俺のシャイニースターだよ、ユイ姉は」,Ui-onee is my shining star.,,
ID00030,0001af19,12,「あ…」,...,,
ID00030,0001b093,21,「ありがとう」,Thanks.,,
ID00030,0001b6ff,51,こうして、ユイ姉と１日を過ごした。,I spent the day with Ui-onee like this.,,
ID00031,00001a9b,36,「ぶろ君、来たわね～っ」,"Hey, Bro-kun, you're here~!",,
ID00031,00001c28,30,「ああっ、ユイ姉！」,Ah! Yui-onee-chan!,,
ID00031,00001dbb,48,「昨日、どうしてこなかったのよ！,Why didn't you come yesterday!,,
ID00031,00001dfa,51,　私、ずっと待ってたんだからね！」,I was waiting for you the whole time!,,
ID00031,00001faf,27,「それは…その……,Well... um...,,
ID00031,00001fd9,54,　どうしても外せない用事が出来て…」,I had something I couldn't avoid doing...,,
ID00031,00002184,45,「私より大事な用だっての！？」,Something more important than me!?,,
ID00031,0000231a,48,「うぅ…ごめん。けど、どうしても,Ugh... sorry. But I really couldn't,,
ID00031,00002359,39,　行かなきゃならなくて…」,go... I had to go...,,
ID00031,000024f5,60,「連絡すらしないってどういうことよ！？」,What do you mean by not even calling!?,,
ID00031,0000255f,48,「それが…急いで部屋を出たから、,That's... I rushed out.,,
ID00031,0000259e,39,　スマホを忘れちゃって…。,I left my phone behind...,,
ID00031,000025d4,42,　連絡したかったんだけど…」,I wanted to call you...,,
ID00031,0000275a,51,「なによ、そんなに慌ててたわけ？」,Why were you in such a hurry?,,
ID00031,0000290f,51,「ああ……理由は言えないんだけど、,"Ah... I can't tell you why, but it's really bad...",,
ID00031,00002951,39,　メチャクチャヤバくて…」,It's super serious...,,
ID00031,00002aed,18,「ふうん…」,Hmm...,,
ID00031,00002c74,57,「まぁいいわ、私もあんたにドタキャンは,"Well, whatever. I won't stand you up either.",,
ID00031,00002cbc,21,　よくやるし」,You really do.,,
ID00031,000030d5,24,「許してあげる。,I'll forgive you.,,
ID00031,000030fc,57,　けど、もう二度とすっぽかさないでよ」,But don't stand me up again.,,
ID00031,000033f2,48,「わかってる！　もうしないよ！」,Got it! I won't do it again!,,
ID00031,00003597,63,「ったく、あんたの都合のいい時でいいから、,"Jesus, just invite me whenever you feel like it,",,
ID00031,000035e5,30,　また誘いなさいよ」,okay?,,
ID00031,00003a5e,63,「みんなで楽しく、秘密基地で遊ぶんだから」,We're gonna have fun together at our secret hideout.,,
ID00031,00003d98,60,「プールで思いっきり羽を伸ばすんだから」,I'm gonna let loose and swim in the pool.,,
ID00031,00003f6c,30,「ああ、もちろん！」,Sure thing!,,
ID00031,000040ff,24,「それじゃあね」,See ya.,,
ID00031,0000443a,45,（ヤバかった…。なんとかウソで,That was close...,,
ID00031,00004476,42,　切り抜けたけど、こんなこと,"I got away with a lie, but still.",,
ID00031,000044af,27,　もう出来ないぞ）,You can't do that anymore.,,
ID00031,000044f8,63,（もう一度、ユイ姉の好感度を最大限上げて、,"(Max out Ui-onee's view of me again,]",,
ID00031,00004546,57,　レコセッションが終わった後に誘おう。,Let's invite her after the recital.,,
ID00031,0000458e,21,　それがいい）,That sounds good.,,
ID00032,00001a9b,21,「来たな～っ」,You're here~,,
ID00032,00001ade,30,「ああっ、ユイ姉！」,Ah! Yui-onee-chan!,,
ID00032,00001c71,36,「またすっぽかすなんて、,How could you stand me up again?!,,
ID00032,00001ca4,36,　一体どういうつもり！？,What do you think of our promise?!,,
ID00032,00001cd7,57,　私との約束をなんだと思ってんのよ！」,Tell me what you think about it!,,
ID00032,00001e79,60,「うぅ…ごめん、またどうしても外せない、,"Ugh... sorry, I have another emergency...",,
ID00032,00001ec4,42,　急な用事が出来ちゃって…」,Another urgent thing came up...,,
ID00032,00002063,48,「毎回そう言えば、私が許すとでも,Every time you say that?,,
ID00032,000020a2,27,　思ってんの！？」,Do you really think so?!!,,
ID00032,00002226,33,「そ、そうじゃないよ！,S-So that's not it!,,
ID00032,00002256,36,　けど…本当のことで…」,But... I'm serious...,,
ID00032,000023ef,12,「む…」,Ugh...,,
ID00032,00002429,18,「ごめん…」,Sorry...,,
ID00032,00002613,60,「ったく、その用ってのはいつ終わるのよ」,"Ugh, when will you be done with this?",,
ID00032,00002872,45,「もう大丈夫！　解決したから、,It's all sorted!,,
ID00032,000028ae,57,　今度こそ行けなくなったりしないよ！」,You won't end up unable to go again!,,
ID00032,00002a5c,33,「本当でしょうね～っ」,I hope so~,,
ID00032,00002aab,36,「本当だよ！　信じて！」,"Yeah, I will! Trust me!",,
ID00032,00002c2b,21,「むむ～っ…」,Hmm~...,,
ID00032,00002e18,48,「はぁ…いいわよ、許してあげる。,"Phew... Fine, I forgive you.",,
ID00032,00002e57,51,　あんたが私との約束を破るなんて、,"For you to break our promise with me,",,
ID00032,00002e99,42,　よっぽどのことだろうし…」,there must be a really good reason...,,
ID00032,00003613,51,「けどいい？　今度すっぽかしたら、,"But okay? If you bail on me again,",,
ID00032,00003655,45,　姉弟とはいえ、見限るわよ！」,"I'll give up on you, even if we're siblings!",,
ID00032,00003a7a,45,「わかってる！　もうしない！」,Got it! Won't happen again!,,
ID00032,00003c70,63,「じゃあ、さっさと都合つけて誘いなさいよ。,"Then, make plans and invite them already.",,
ID00032,00003cbe,63,　みんなで楽しく、秘密基地で遊ぶんだから」,We'll play there together.,,
ID00032,0000426b,63,「じゃあ、さっさと都合つけて誘いなさいよ。,"Then, make plans and invite them already.",,
ID00032,000042b9,60,　プールで思いっきり羽を伸ばすんだから」,You'll be able to let loose in the pool.,,
ID00032,0000470f,24,「それじゃあね」,See ya.,,
ID00032,00004a4a,45,（ヤバい…ヤバすぎるだろ、俺。,Shit... This is way too much for me.,,
ID00032,00004a86,48,　なんとかウソで切り抜けたけど、,"I managed to get out of it with a lie, but",,
ID00032,00004ac5,45,　こんなこと何度も出来ないぞ）,I can't keep doing this over and over again.,,
ID00032,00004b20,63,（もう一度、ユイ姉の好感度を最大限上げて、,"(Max out Ui-onee's good impression again,",,
ID00032,00004b6e,57,　レコセッションが終わった後に誘おう。,Let's invite her after the recital.,,
ID00032,00004bb6,21,　それがいい）,That sounds good.,,
ID00033,0000630f,60,（ユイ姉だ！　俺は、彼女に見せるために、,It's my sis Ui! I've been working for her.,,
ID00033,0000635a,39,　この夏がんばったんだ！）,I did my best this summer!,,
ID00033,0000667d,48,抜けるような青空。心地よい潮風。,A bright blue sky. A pleasant breeze.,,
ID00033,000066bc,33,学園への足取りが軽い。,My steps toward school are light.,,
ID00033,0000670b,69,ユイ姉のプロ意識のおかげで、俺は動画に対して、,"Thanks to Ui, I could focus on it.",,
ID00033,0000675f,42,真剣に取り組むことが出来た。,take this seriously.,,
ID00033,00006798,36,夢を…持つことが出来た。,I could... have a dream.,,
ID00033,000067ea,51,俺は…伝えたい、この夏の想いを…。,I want you to know...,,
ID00033,0000682c,30,俺も…がんばるって。,I'll... do my best.,,
ID00033,00006878,42,俺は…心に今日のことを刻む。,I'll... carve today into my heart.,,
ID00033,000068b1,42,人生という一度きりの動画の、,"This is our one shot at life,",,
ID00033,000068ea,51,掛け替えのないレコチャンスなんだ！,our irreplaceable recording chance!,,
ID00033,00006de1,36,（開場まであと１時間か。,(An hour until opening.),,
ID00033,00006e14,45,　どこも追い込みで大忙しだな。,"Everyone's in crunch mode, working overtime.",,
ID00033,00006e50,36,　俺も部室へ急がないと）,Gotta hurry to the clubroom.,,
ID00033,00007133,33,「おっはよー、ぶろ君」,"Morning, bath boy.",,
ID00033,000072bd,36,「あ、おはよう、ユイ姉」,"Hey, good morning, Yu-sis.",,
ID00033,00007456,57,「動画展の準備はどう？　終わってる？」,How's the video exhibit prep going? Done?,,
ID00033,000075f8,48,「もちろん。あとは細かいところを,"Of course. Just gotta check some details,",,
ID00033,00007637,63,　チェックするだけ。開場を待つばかりだよ」,then we wait for opening. That's all there is to it.,,
ID00033,000077eb,27,「フフッ、そっか」,"Heh, right.",,
ID00033,00007aaa,39,「何時ぐらいに見に来る？」,When are you coming?,,
ID00033,00007cc2,27,「お昼ぐらいかな。,"Around lunchtime, I guess.",,
ID00033,00007cec,57,　午前中は、のんびり展示を回りたいし」,I wanna take my time and look around in the morning.,,
ID00033,00007f2f,36,「わかった、待ってるよ」,"Got it, I'll wait.",,
ID00033,000080f2,36,「うん、楽しみにしてる」,"Yeah, looking forward to it.",,
ID00033,00009bc8,39,（誰もいない…俺だけだ…）,No one's here... It's just me...,,
ID00033,00009c1d,54,（御前さんと藍田さん、仲いいからな。,"You two are pretty close, aren't you?",,
ID00033,00009c62,51,　２人揃って展示をボイコットして、,They probably both skipped the exhibit,,
ID00033,00009ca4,51,　どこかへ行ってしまったんだろう）,and went off somewhere together.,,
ID00033,00009d05,51,（…仕方ない。俺はそれだけのことを,(...can't help it. I've done this much.),,
ID00033,00009d47,60,　してしまったんだ。１人でやるしかない）,I have to do it alone now.,,
ID00033,0000b1a6,42,こうして、光海祭は開幕した。,"And so, the Mitsumi Festival has begun.",,
ID00033,0000b1fe,54,俺が原因で、部員が仲違いしてしまった,"Because of me, the club members are at odds.",,
ID00033,0000b243,57,Ｃムービー部展だけど、客からは好評だ。,The C-Movie Club exhibit is getting good reviews.,,
ID00033,0000b28b,45,男女問わず、喜んでもらえてる。,Both guys and girls seem happy.,,
ID00033,0000b2e6,42,俺の動画で男子は盛り上がり、,"The boys are hyped up by my video,",,
ID00033,0000b31f,48,女子も照れながらも観てくれてる。,even the girls are watching them while blushing.,,
ID00033,0000b37d,66,もちろん、中には否定的な反応をする人もいる。,"Of course, there are those who react negatively too.",,
ID00033,0000b3ce,33,…けど、わかったんだ。,But I get it now.,,
ID00033,0000b41d,63,良くも悪くも、自分の動画に評価が下ることが,"Whether good or bad, having my videos rated is",,
ID00033,0000b46b,24,大事なんだって。,important.,,
ID00033,0000b492,48,人目に触れなきゃダメなんだって。,It's gotta get seen by people.,,
ID00033,0000b7df,42,もっと…いい動画が録りたい。,I want to record better videos.,,
ID00033,0000bad4,51,そろそろ昼か。ユイ姉が来るころだ。,It's almost noon. Yui-nee should be here soon.,,
ID00033,0000bb70,54,（ん？　ちょうど客がいなくなったぞ。,(Hmm? The customers just left.,,
ID00033,0000bbb5,63,　昼メシ時っていうより、どっかのイベントが,It looks like an event somewhere is getting started,,
ID00033,0000bc03,42,　盛り上がってるみたいだな）,rather than lunchtime.),,
ID00033,0000c907,29,「おはよ、@str_000君」,"Good morning, @str_000-kun.",,
ID00033,0000c952,54,「あ、御前さん。おはようございます」,"Hey, Misaki-senpai. Good morning.",,
ID00033,0000cafd,36,「見たよ、あなたの動画。,I saw your video.,,
ID00033,0000cb30,33,　すごくいいじゃない」,It was really good.,,
ID00033,0000ce0e,30,「ホントですか！？」,Really?!,,
ID00033,0000cfa1,51,「ええ。被写体の魅力がダイレクトに,"Yeah, it's direct.",,
ID00033,0000cfe3,24,　伝わってくる」,It really comes through.,,
ID00033,0000d2ff,51,「さすがユイナね、とってもきれい」,"As expected of you, Yuina. You're super pretty.",,
ID00033,0000d60d,54,「しゃくに障るけど、さすがユイナね。,"It's pissing me off, but as expected of you, Yuina.",,
ID00033,0000d652,27,　とってもきれい」,Super pretty.,,
ID00033,0000d93c,54,「…御前さんにそう言ってもらえると、,"...It means a lot to hear you say that,",,
ID00033,0000d981,27,　うれしいですよ」,It feels good.,,
ID00033,0000daf8,39,「それなのに、隅っこの方で,Still in a corner...,,
ID00033,0000db2e,45,　展示しようとして…。バカね」,You're an idiot.,,
ID00033,0000df5f,48,「あなたの動画、一番いいところに,I'll put your video where everyone can see it.,,
ID00033,0000df9e,24,　移動したから」,I moved it.,,
ID00033,0000e11f,39,「えっ？　いいんですか？」,Huh? You don't mind?,,
ID00033,0000e2d7,60,「一番いいものを、一番いいところに置く。,The best things go in the best places.,,
ID00033,0000e322,15,　当然よ」,Of course.,,
ID00033,0000e629,51,「けど、俺…アイドルプロジェクトを,"but, I... couldn't help with the idol project",,
ID00033,0000e66b,18,　途中で…」,was halfway...,,
ID00033,0000e7f2,51,「ライブステージを録るところまでは,"We got to record the live stage,",,
ID00033,0000e834,42,　やってくれたから、大丈夫」,so it should be fine.,,
ID00033,0000eb0e,57,「責任は果たしてくれたから、それで…」,"You did fulfill your duty, though...",,
ID00033,0000ecb0,21,「御前さん…」,Misaki-senpai...,,
ID00033,0000ed79,33,「けど、俺…御前さんの,but I... Misaki-senpai's,,
ID00033,0000eda9,60,　アイドルプロジェクトを手伝えなくて…」,idol project...,,
ID00033,0000ef5a,42,「いいのよ。あなたの動画で、,It's fine. Your videos can get across,,
ID00033,0000ef93,60,　十分、光海学園の魅力は伝えられるから」,can definitely convey the appeal of Mitsumi Academy,,
ID00033,0000f543,60,「被写体を通して、校舎も、海も、すべてが,Captured everything.,,
ID00033,0000f58e,24,　光り輝いてた」,Everything shone.,,
ID00033,0000f9ba,21,「御前さん…」,Misaki-senpai...,,
ID00033,0000fb76,63,「これで、光海祭の一番人気はいただきね！」,"This way, we've got the top spot!",,
ID00033,0000fefa,48,「美由璃！　お茶の用意はいい？」,Miyuri! Are you ready with the tea?,,
ID00033,00010a66,36,「はい！　冷たい紅茶を、,Yes! Cold black tea!,,
ID00033,00010a99,42,　たっぷり用意してあります。,I've got it all set up.,,
ID00033,00010ad2,48,　マカロンもいっぱい焼きました」,I baked plenty of macarons too.,,
ID00033,000110b5,54,「３人で精一杯お客様をおもてなしよ。,We'll do our best to entertain them.,,
ID00033,000110fa,48,　素敵な動画と、お茶とお菓子で、,"With a nice video, tea and sweets,",,
ID00033,00011139,54,　ゆっくりくつろいでもらいましょ！」,please take your time and relax!,,
ID00033,000117dc,15,「はい！」,Okay!,,
ID00033,00011954,15,「はい！」,Okay!,,
ID00033,00011e1e,42,こうして、光海祭は開幕した。,"And so, the Mitsumi Festival has begun.",,
ID00033,00011e76,75,Ｃムービー部展は、３年の御前さん、１年の藍田さん、,The C-Movie Club booth is run by third-year,,
ID00033,00011ed0,72,２人のきれいどころのおもてなしのおかげで大盛況。,Their beauty drew a huge crowd.,,
ID00033,00011f27,45,男女問わず、喜んでもらえてる。,Both guys and girls seem happy.,,
ID00033,00011f82,69,俺はチラシを配ったり、皿を洗ったり…要するに、,"I hand out flyers, wash dishes...basically,",,
ID00033,00011fd6,66,２人のバックアップだ。まぁ、出る幕ないよな。,"backing them up. Yeah, I'm useless here.",,
ID00033,00012fae,72,そんな中、俺の作った動画を喜んでくれる人がいる。,"Amidst all that, people enjoy my videos.",,
ID00033,00013005,27,男子は盛り上がり、,"The guys get hyped,",,
ID00033,0001302f,51,女子は驚きながらも喜んでくれたり。,and the girls are pleasantly surprised.,,
ID00033,00013090,63,良くも悪くも、自分の動画に評価が下ることが,"Whether good or bad, having my videos rated is",,
ID00033,000130de,24,大事なんだって。,important.,,
ID00033,00013105,48,人目に触れなきゃダメなんだって。,It's gotta get seen by people.,,
ID00033,00013452,42,もっと…いい動画が録りたい。,I want to record better videos.,,
ID00033,000134aa,36,（そろそろ、１２時だな）,"It's almost 12, isn't it?",,
ID00033,000143e4,36,「ごぜん様、大変です！」,"Gozen-sama, something's wrong!",,
ID00033,00014f22,30,「なによ？　慌てて」,What's wrong? Don't panic.,,
ID00033,000151f0,54,「柔道部と剣道部が、芋煮と味噌田楽の,The judo club and kendo club are,,
ID00033,00015235,48,　大食い対決を始めたそうです！」,debating over an eating contest!,,
ID00033,00015515,54,「なんですって！？　聞いてないよ！」,What!? I didn't hear that!,,
ID00033,000156cd,63,「盛り上がりそうだし、べつにいいんじゃ？」,It sounds exciting. What's the issue?,,
ID00033,00015c5f,51,「盛り上がりそうだからダメなのよ。,"It could get out of hand, you see.",,
ID00033,00015ca1,45,　整理ロープも、人垣を整理する,We don't have any crowd control ropes.,,
ID00033,00015cdd,42,　人員も用意してないのよ？」,And we haven't prepared enough staff.,,
ID00033,000160f2,60,「将棋倒しにでもなったら、大変なことに」,"If something goes wrong, it'll be bad.",,
ID00033,00016297,54,「そりゃまずい！　ここは俺に任せて、,"That's not good! Leave this to me,",,
ID00033,000162dc,30,　２人はそっちへ！」,and you two go that way!,,
ID00033,0001646f,42,「ありがと！　よろしくね！」,Thanks! Take care of yourselves!,,
ID00033,00016762,24,「すみません！」,Sorry!,,
ID00033,00017313,54,（タイミングよく、俺だけになったぞ。,"Finally, I'm alone.",,
ID00033,00017358,45,　客も大食い対決へ行ったのか、,Looks like the customers went too.,,
ID00033,00017394,48,　誰もいなくなったし、好都合だ）,so no one's around now. Perfect timing.,,
ID00033,00017ed7,33,「ぶろ君、来たわよ～」,"Hey bro, I'm here~",,
ID00033,00018061,21,「あ、ユイ姉」,"Hey, Yui-nee",,
ID00033,00018267,54,「えっ、なに？　あんたしかいないの？,Huh? What's up? You're the only one here?,,
ID00033,000182ac,30,　他にお客さんは？」,Are there any other customers?,,
ID00033,000187df,48,「さっきまで盛況だったんだけど、,"Just now, but everyone left.",,
ID00033,0001881e,45,　客はみんな、柔道部と剣道部の,All the customers were here for it.,,
ID00033,0001885a,36,　大食い対決へ行ったよ」,eating contest.,,
ID00033,000188ac,51,「御前さんと藍田さんは、その整理」,Misaki and Arita are handling that.,,
ID00033,00018a3b,36,「ふう～ん、そういえば、,"Hmm, now that you mention it,",,
ID00033,00018a6e,48,　校庭の方が盛り上がってたっけ」,the courtyard was really lively.,,
ID00033,00018fbf,60,「あなたと私だけなんて、好都合じゃない。,It's perfect just the two of us.,,
ID00033,0001900a,60,　さっそく見せてよ、あなたの渾身の動画、,"Show me your best video right away,",,
ID00033,00019055,30,　『Summer Memories』を」,'Summer Memories'.,,
ID00033,000195c2,57,「ああ、そこの正面にあるのがそうだよ」,"Yeah, that one over there in front.",,
ID00033,0001afbc,45,「あ……はしゃぐ私がいっぱい」,Oh... so many of me having fun.,,
ID00033,0001b152,45,「回想として、子供のころ録った,I recorded this when I was a kid.,,
ID00033,0001b18e,57,　ウォーキングの動画も差し込んだんだ。,I even slipped in a video of me walking.,,
ID00033,0001b1d6,42,　この夏のユイ姉の記録だよ」,This is Ui's record from this summer.,,
ID00033,0001b597,51,「フフッ、まさに『Summer Memories』ね」,"Hehe, it's just like 'Summer Memories'.",,
ID00033,0001b9b5,57,「動画を通じて…私の成長だけじゃなく、,Through these videos... I see my growth.,,
ID00033,0001b9fd,36,　あなたの成長も感じる」,But also yours too.,,
ID00033,0001be0c,57,「ぶろ君も…少年から大人になるんだね」,"And you're gonna grow up too, Bro-kun...",,
ID00033,0001bfae,42,「俺なんて…まだまだだけど、,I've got a long way to go...,,
ID00033,0001bfe7,48,　夢が…スタートしたんだと思う」,My dream has started.,,
ID00033,0001c1b6,45,「うん…とっても素敵な動画ね。,Yeah... it's a really great video.,,
ID00033,0001c1f2,42,　あなたの旅立ちに相応しい」,It suits your departure nicely.,,
ID00033,0001c777,21,「おめでとう」,Congratulations.,,
ID00033,0001c7ba,21,「ありがとう」,Thanks.,,
ID00033,0001c7fd,36,（伝えよう…俺の決意を）,(Tell her...my resolve.),,
ID00033,0001c84f,45,「ユイ姉、放課後、時間ある？」,"Yo, Yui-nee, you free after school?",,
ID00033,0001c9f1,12,「え？」,What?,,
ID00033,0001ca2b,30,「この夏の終わりに、,"At the end of this summer,",,
ID00033,0001ca58,39,　伝えたいことがあるんだ」,I have something to tell you.,,
ID00033,0001cbf4,30,「フフッ、いいわよ」,"Hehe, sure.",,
ID00033,0001cffd,30,「じゃあ…砂浜でね」,Then... meet me on the beach.,,
ID00033,0001e262,66,プロの世界で生きるユイ姉に動画をほめられた。,My sister Yui praised my video in front of pros.,,
ID00033,0001e2b3,51,それだけでうれしいし、自信になる。,That makes me happy and gives me confidence.,,
ID00033,0001e314,69,俺は……ずっと、ずっと、動画を録っていきたい。,I want to keep recording videos... forever.,,
ID00033,0001e387,33,そして、俺の休憩時間…,And during my break...,,
ID00033,0001ecbd,39,（ん？　すごい人だかりが。,Huh? There's a huge crowd.,,
ID00033,0001ecf3,45,　なんだこの『仮想喫茶』って）,What's this 'Virtual Cafe'?,,
ID00033,0001fe54,27,「あ……にい…君」,Ah... big bro... dude,,
ID00033,0001ffd8,36,「真奈！　その格好！？」,Mana! What are you wearing!?,,
ID00033,00020171,48,「『仮想天使』のメインキャラ…」,The main character of 'Virtual Angel'...,,
ID00033,00020386,54,「プリティライトだろ？　知ってるよ」,"Pretty Light, right? I know her.",,
ID00033,0002069a,15,「…そう」,...Yeah.,,
ID00033,00020a76,15,「じゃ…」,Then...,,
ID00033,00020c42,36,「にい君、いらっしゃい。,"Welcome, big bro.",,
ID00033,00020c75,39,　『仮想喫茶』へようこそ」,Welcome to 'Virtual Cafe'.,,
ID00033,00020f59,36,「真奈！　その格好！？」,Mana! What are you wearing!?,,
ID00033,000210f2,45,「『仮想天使』のメインキャラの,"You're the main character of 'Virtual Angel',",,
ID00033,0002112e,48,　プリティライトだよ。似合う？」,"Pretty Light, right? Does it suit you?",,
ID00033,00021437,51,「あ、ああ、馴染み過ぎなぐらいだ」,"Ah, yeah, I fit in too well.",,
ID00033,000215fb,18,「ありがと」,Thanks.,,
ID00033,00021782,63,「お水持ってくるから、隅っこのリザーブ席に,"Take a corner seat, I'll bring water.",,
ID00033,000217d0,18,　座ってて」,Okay?,,
ID00033,0002194b,21,「いいのか？」,Is that okay?,,
ID00033,00021ad5,60,「大丈夫。スタッフの関係者用の席だから」,"It's fine, it's for staff and VIPs.",,
ID00033,00021c90,15,「そっか」,Oh yeah,,
ID00033,000226d5,45,「あ、ぶろ君、いらっしゃーい」,"Hey, bro, welcome!",,
ID00033,000229bf,36,「ユイ姉！　その格好！」,Yui-ne! That outfit!,,
ID00033,00022c81,42,「仮想天使プリティスターよ。,I'm Virtual Angel Pretty Star.,,
ID00033,00022cba,30,　どう？　似合う？」,How does it suit me?,,
ID00033,000230b7,51,「あ、ああ、似合い過ぎなぐらいだ」,"Damn, you look way too good.",,
ID00033,00023246,30,「フフッ、ありがと」,"Hehe, thanks.",,
ID00033,00023668,45,「まぁちゃんが、コスプレ喫茶を,"Well, Maa-chan's running a cosplay cafe",,
ID00033,000236a4,63,　やるっていうから、参加させてもらったの」,so I decided to join in.,,
ID00033,0002384c,60,「ユイ姉がコスプレなんてビックリしたよ」,I was surprised when Yui-ne said she'd do cosplay.,,
ID00033,000239e4,63,「そう？　仕事で何度かしたことあるけどね」,Oh? I've done it a few times for work.,,
ID00033,00023cec,57,「お祭りなんだから、楽しまなくっちゃ」,"It's the festival, so we gotta have fun.",,
ID00033,00023e8e,39,「さっそく録らせてくれよ」,Let's record you right away!,,
ID00033,0002402a,42,「いいわよ。どんなの録る？」,Sure. What should I say?,,
ID00033,000241bd,51,「オープニング曲のダンスがいいな。,Opening dance is good.,,
ID00033,000241ff,18,　やれる？」,Can you do it?,,
ID00033,000243a2,51,「まぁちゃんに教えてもらったから、,"I learned from Maa-chan, so",,
ID00033,000243e4,33,　バッチリよ。任せて」,I'm ready. Trust me.,,
ID00033,00027203,69,現役女子高生モデルのダンスに、そこに居合わせた,Everyone clapped to the high school dancer.,,
ID00033,00027257,66,みんなが、一斉に拍手した。まさに拍手喝采だ。,It was a standing ovation!,,
ID00033,00027b0d,63,「さすがユイ姉！　完璧なダンスだったよ！」,"You're amazing, Onee-san! That was a perfect dance!",,
ID00033,00027d7b,30,「フフッ、ありがと」,"Hehe, thanks.",,
ID00033,0002803d,57,「これは…さっそく、今の動画を編集して,This... I'll edit the video right away.,,
ID00033,00028085,27,　展示しねーと！」,I'll show it!,,
ID00033,000280ce,21,「それじゃ！」,Later!,,
ID00033,00028258,36,「あ、ぶろ君、注文は？」,"Hey, bro, what's your order?",,
ID00033,00028520,39,「あとあと！　また来る！」,Later! See you again!,,
ID00033,000289f5,27,「行っちゃった…。,She left...,,
ID00033,00028a1f,36,　フフッ、夢に向かって、,"Heh heh, straight toward her dream,",,
ID00033,00028a52,36,　まっしぐらって感じね」,that kind of feeling.,,
ID00033,00028c1a,63,「さすが、ユイ姉。完璧なダンスだったよー」,"You're amazing, Onee-san. That was a perfect dance.",,
ID00033,00028f22,30,「フフッ、ありがと」,"Hehe, thanks.",,
ID00033,000291e4,57,「これは…さっそく、今の動画を編集して,This... I'll edit the video right away.,,
ID00033,0002922c,27,　展示しねーと！」,I'll display it!,,
ID00033,00029424,21,「それじゃ！」,Later!,,
ID00033,000297e9,36,「あ、ぶろ君、注文は？」,"Hey, bro, what's your order?",,
ID00033,00029ab1,39,「あとあと！　また来る！」,Later! See you again!,,
ID00033,00029f86,24,「行っちゃった」,You went for it.,,
ID00033,00029fcc,36,「フフッ、夢に向かって、,"Heheh, towards your dream,",,
ID00033,00029fff,36,　まっしぐらって感じね」,that kind of feeling.,,
ID00033,0002a511,66,こうして、新たな動画を加えたＣムービー部展は,"And so, the C-Movie Club",,
ID00033,0002a562,27,大盛況で終わった。,ended in great success.,,
ID00033,0002ac66,30,（ユイ姉は…まだか）,You're still not done...,,
ID00033,0002acb2,51,（ここに１人でいると…思い出すな）,(Being alone here... makes me remember it),,
ID00033,0002b1fa,30,「ぶろ君、決めたよ」,"Bro-kun, I've decided!",,
ID00033,0002b4c8,45,「私、プロのモデルになるっ！」,I'm gonna be a pro model!,,
ID00033,0002b952,51,「どうせ目指すならトップモデルよ！,"If I'm gonna aim, it's for top model!",,
ID00033,0002b994,48,　世界中のファッション誌の表紙を,"Well, I'll grace the covers of fashion magazines",,
ID00033,0002b9d3,24,　飾ってやる！」,all around the world!,,
ID00033,0002c9ed,48,「な～に物思いにふけってんのよ」,What are you lost in thought about?,,
ID00033,0002cb86,48,「あ、ユイ姉。小さいころのことを,"Oh, Onee-san. About when we were little",,
ID00033,0002cbc5,33,　思い出してたんだよ」,I was just thinking about it.,,
ID00033,0002cc14,57,「ここで、俺に世界一のモデルになるって,You said you'd do it,,
ID00033,0002cc5c,24,　宣言したよな」,right?,,
ID00033,0002cde9,48,「あー、そんなことあったわねー。,"Oh yeah, I remember that now.",,
ID00033,0002ce28,18,　懐かし～」,So nostalgic.,,
ID00033,0002d3c3,63,「無邪気だったなぁ。自分に不可能はないって,You believed anything was possible,,
ID00033,0002d411,27,　信じてたのよね」,for yourself.,,
ID00033,0002d78a,36,「実際は大変だったよな」,It wasn't easy.,,
ID00033,0002d93f,33,「そう…。ぶろ君には、,Yeah... sorry.,,
ID00033,0002d96f,42,　いっぱい迷惑かけちゃった」,Sorry about that.,,
ID00033,0002dc56,33,「楽しかったよ、俺も。,"It was fun, man.",,
ID00033,0002dc86,36,　ユイ姉ががんばるから、,"You know, with Yui-ne around,",,
ID00033,0002dcb9,42,　俺もがんばれたんだと思う」,I think I could do my best too.,,
ID00033,0002de69,18,「ぶろ君…」,Bro-kun...,,
ID00033,0002dea9,54,「ユイ姉……伝えるよ、俺の想いを…」,I'll tell her how I feel...,,
ID00033,0002dfa3,45,「俺に夢をくれて…ありがとう」,For giving me hope... thanks.,,
ID00033,0002e12c,45,「小さいころ……ユイ姉の夢が、,When we were little...,,
ID00033,0002e168,30,　俺の夢だったんだ。,That was my dream.,,
ID00033,0002e195,54,　夢を追うユイ姉に…自分を重ねてた」,"I related to you, Ui-onee-chan, chasing your dreams.",,
ID00033,0002e327,45,「けど…動画の楽しさを知って、,"But... after I learned how fun videos are,",,
ID00033,0002e363,63,　俺は変わった。真剣に夢に取り組むユイ姉に,"I changed, too.",,
ID00033,0002e3b1,39,　負けられないって思った」,I can't lose to you.,,
ID00033,0002e534,36,「精一杯の動画を録って、,"Making my best videos, I feel like",,
ID00033,0002e567,60,　初めてスタートラインに立てた気がする。,I've finally reached the starting line.,,
ID00033,0002e5b2,33,　ユイ姉のおかげだよ」,Thanks to Ui-onee-chan.,,
ID00033,0002e748,18,「ぶろ君…」,Bro-kun...,,
ID00033,0002e945,57,「ううん…私こそ、あなたが支えてくれた,No... I'm the one who's been supported by you,,
ID00033,0002e98d,48,　おかげで、ここまでこれたのよ」,"Thanks to you, I've made it this far.",,
ID00033,0002eefc,39,「あなたの動画のラストで、,"In your video's ending, I was able...",,
ID00033,0002ef32,36,　私は…少女だった自分と,to say goodbye to my younger self...,,
ID00033,0002ef65,42,　サヨナラすることができた」,I could finally spread my wings...,,
ID00033,0002f3e4,51,「心から…羽ばたくことが出来た…」,from the bottom of my heart...,,
ID00033,0002f5e1,21,「感謝してる」,Thanks.,,
ID00033,0002f624,18,「ユイ姉…」,Onee-san Yui...,,
ID00033,0002f840,63,「これから…私もスタートラインに立つのね。,Now... it's my turn to stand at the starting line.,,
ID00033,0002f88e,36,　今度はぶろ君なしで…」,This time without Bro-kun...,,
ID00033,0002fbfc,39,「お互い…大きくなったね」,We've both grown up.,,
ID00033,0002fd8c,15,「ああ…」,Ah...,,
ID00033,0002ff8c,33,「いつか…プロになった,One day... I'll become a pro,,
ID00033,0002ffbc,57,　あなたのカメラの前に立つ日が来る…。,You'll stand there one day.,,
ID00033,00030004,27,　そんな気がする」,I have that feeling,,
ID00033,000303b2,42,「そうなるようにがんばるよ」,I'll do my best to make it happen!,,
ID00033,00030551,36,「どうせなら夢は大きく！,"If we're gonna dream, let's go big!",,
ID00033,00030584,51,　世界的なモデルに、カメラマン！」,World-famous model and photographer!,,
ID00033,00030add,24,「そうでしょ？」,Right?,,
ID00033,00030b23,42,「ああ…ユイ姉がそう言うと、,"Yeah... when you say it, I",,
ID00033,00030b5c,42,　本当にそうなる気がするよ」,really feel like it could happen.,,
ID00033,00030cfb,48,「先に卒業して、待ってるからね」,I'll graduate first and wait for you.,,
ID00033,00030e94,51,「追いつけるように…精一杯やるよ」,I'll do my best to catch up...,,
ID00033,00031058,21,「きっとよ…」,Definitely will...,,
ID00033,000311e2,48,「別々の道を…歩んでいくのね…」,We're gonna go our separate ways...,,
ID00033,00031632,45,「うれしいのに……寂しい……」,I'm happy... but lonely...,,
ID00033,0003196c,54,「ぎゅっとして…。私を…励まして…」,Hug me tight... Encourage me...,,
ID00033,000320a4,12,「ん…」,Hmm...,,
ID00033,0003210b,51,「素敵な人になったね。…大好きよ」,You're amazing... I love you.,,
ID00033,000322e6,42,「９年分の夏を…ありがとう。,Thanks for the nine years of summer.,,
ID00033,0003231f,30,　大人に…なるね…」,You're gonna grow up...,,
ID00034,00000d29,66,「それから私は卒業し、あなたの元を旅立った」,"After that, I graduated and left your side.",,
ID00034,00000d99,72,「心から頼れる人も、親しい人もいない異国の地で、,In a foreign land with no one close.,,
ID00034,00000df0,30,　カメラの前に立つ」,I stand before the camera.,,
ID00034,00000e3c,42,「同じモデルの世界とはいえ、,"Even though we're both models,",,
ID00034,00000e75,51,　言葉も通じなければ、文化も違う」,"the language is different, and so are the cultures.",,
ID00034,00000ed6,63,「精一杯、自分らしさをアピールするけれど、,"I try my best to show who I am,",,
ID00034,00000f24,30,　戸惑うことばかり」,but all it does is confuse me.,,
ID00034,00000f70,39,「だって、私よりキレイで、,Because there are prettier people.,,
ID00034,00000fa6,54,　スタイルがいい人ばかりなんだもの」,there are just people with better figures.,,
ID00034,0000100a,39,「はぁ…日本じゃこれでも、,"Haa... even here in Japan,",,
ID00034,00001040,48,　トップモデルだったってのに…」,I was still a top model...,,
ID00034,0000109e,39,「けど、私はあきらめない」,But I won't give up,,
ID00034,000010f3,69,「幼いころ、あなたと誓った夢を実現するために、,"For the dream we promised when we were young,",,
ID00034,00001147,36,　一歩一歩、歩いて行く」,One step at a time.,,
ID00034,00001199,51,「夢は…始まったばかりなんだから」,Our dreams have only just begun.,,
ID00034,000011fa,69,「ネットで、あなたの動画を見かけるとうれしい。,It makes me happy to see your videos online.,,
ID00034,0000124e,42,　プロの仕事も増えたみたい。,Looks like you've got more pro gigs now.,,
ID00034,00001287,27,　がんばってるね」,You're doing great.,,
ID00034,000012d0,75,「私と…あなたの…果てない夢が交わる時、それは…」,"When my endless dream intersects with yours, it's...",,
ID00034,00001812,30,「フフッ、ただいま」,"Hehe, I'm home.",,
ID00035,00000a69,39,「私と…約束したくせに…」,After all we promised...,,
ID00035,00000d34,33,「ああっ！　ユイ姉！」,Aah! Ui-onee!,,
ID00035,00000eca,54,「さんざん動画に協力させておいて…」,You had me help with your videos...,,
ID00035,00000f2e,24,「そ、それは…」,S-sorry about that...,,
ID00035,000010bb,33,「言い訳なんかいい！」,No excuses!,,
ID00035,00001251,48,「しばらく…口も利きたくない！」,I don't wanna talk to you for a while!,,
ID00035,0000166c,27,「それじゃあね！」,See you later!,,
ID00035,00001b21,57,（ごめん…約束破って。けど、俺は……）,"(Sorry... I broke our promise. But, I'm... )",,
ID00036,00005bf0,60,（ユイ姉だ！　俺は、彼女に見せるために、,It's my sister Ui! Because of her...,,
ID00036,00005c3b,39,　この夏がんばったんだ！）,I did my best this summer!,,
ID00036,00005f5e,48,抜けるような青空。心地よい潮風。,A bright blue sky. A pleasant breeze.,,
ID00036,00005f9d,33,学園への足取りが軽い。,My steps toward school are light.,,
ID00036,00005fec,69,ユイ姉のプロ意識のおかげで、俺は動画に対して、,"Thanks to Ui, I could...",,
ID00036,00006040,42,真剣に取り組むことが出来た。,take this seriously.,,
ID00036,00006079,36,夢を…持つことが出来た。,I could... have a dream.,,
ID00036,000060cb,51,俺は…伝えたい、この夏の想いを…。,I want to tell you about this summer.,,
ID00036,0000610d,30,俺も…がんばるって。,I'll... do my best.,,
ID00036,00006159,42,俺は…心に今日のことを刻む。,I'll... carve today into my heart.,,
ID00036,00006192,42,人生という一度きりの動画の、,"This is our one shot at life,",,
ID00036,000061cb,51,掛け替えのないレコチャンスなんだ！,our irreplaceable recording chance!,,
ID00036,000066c2,36,（開場まであと１時間か。,(An hour until opening.),,
ID00036,000066f5,45,　どこも追い込みで大忙しだな。,"Everyone's in crunch mode, working overtime.",,
ID00036,00006731,36,　俺も部室へ急がないと）,Gotta hurry to the clubroom.,,
ID00036,00006a14,33,「おっはよー、ぶろ君」,"Morning, bath boy.",,
ID00036,00006bb7,36,「あ、おはよう、ユイ姉」,"Hey, good morning, Yu-sis.",,
ID00036,00006d50,57,「動画展の準備はどう？　終わってる？」,How's the video exhibit prep going? Done?,,
ID00036,00006ef2,48,「もちろん。あとは細かいところを,"Of course. Just gotta check some details,",,
ID00036,00006f31,63,　チェックするだけ。開場を待つばかりだよ」,then we wait for opening. That's all there is to it.,,
ID00036,000070cc,27,「フフッ、そっか」,"Heh, right.",,
ID00036,00007269,39,「何時ぐらいに見に来る？」,When are you coming?,,
ID00036,00007481,27,「お昼ぐらいかな。,"Around lunchtime, I guess.",,
ID00036,000074ab,57,　午前中は、のんびり展示を回りたいし」,I wanna take my time and look around in the morning.,,
ID00036,00007707,36,「わかった、待ってるよ」,"Got it, I'll wait.",,
ID00036,000078ca,36,「うん、楽しみにしてる」,"Yeah, looking forward to it.",,
ID00036,00009850,56,「おっ、@str_000、チィーーーーーッス！」,"Hey @str_000, cheers!",,
ID00036,00009a0a,33,「おはようございます」,Good morning.,,
ID00036,00009ba0,51,「元気ィ？　昨日は眠れた感じィ？」,How's it going? Did you get some sleep last night?,,
ID00036,00009d3c,57,「それなりに。自分の動画が公開されると,Pretty good. I was hyped.,,
ID00036,00009d84,39,　思うと興奮しましたけど」,I guess.,,
ID00036,00009f20,45,「だよネー、ドキドキだよネー」,"You bet, I'm all nervous",,
ID00036,0000a0a9,48,「けどサ、だからって消極的じゃ、,"But you know, just because of that,",,
ID00036,0000a0e8,33,　ダメだと思うんだヨ」,Passive isn't okay.,,
ID00036,0000a501,12,「え？」,What?,,
ID00036,0000a669,51,「お前の動画、スッゲーいいジャン！,Your video's sick! It's awesome!,,
ID00036,0000a6ab,57,　隅っこで展示なんてもったいないって」,It'd be a waste to just display it in some corner.,,
ID00036,0000a9ba,48,「けど、初心者の俺の動画なんか」,But my video's just a beginner's.,,
ID00036,0000ab5f,57,「キャリアとか気にすんの？　マジで？」,You actually care about my career? Seriously?,,
ID00036,0000ae61,45,「カンケーねーって、そんなの。,"Who cares about that, though.",,
ID00036,0000ae9d,54,　出来がよければそれでいいジャン？」,Isn't it good enough if it's well-made?,,
ID00036,0000b47c,47,「そんなわけで、@str_000の動画は、,@str_000's vid'll be front and center.,,
ID00036,0000b4ba,60,　ミスレコジェニックの横の、目立つとこに,the Misrecogenix one.,,
ID00036,0000b505,48,　移動しといたゼ。いいっショ？」,"Moved it over there, alright? Sweet deal?",,
ID00036,0000bd04,45,「あ…ありがとうございます！」,Ah... Thank you so much!,,
ID00036,0000bed5,47,「そんなわけで、@str_000の動画は、,@str_000's vid'll be front and center.,,
ID00036,0000bf13,45,　目立つとこに移動しといたゼ。,I moved it to a place where it'll stand out.,,
ID00036,0000bf4f,24,　いいっショ？」,Sweet deal?,,
ID00036,0000c35f,45,「え…みんなの動画もあるのに…,Eh... There are everyone else's videos too...,,
ID00036,0000c39b,36,　ありがとうございます」,Thank you.,,
ID00036,0000c563,48,「な～に、これでオレ達の展示が、,"No biggie, this way our display will",,
ID00036,0000c5a2,48,　一番人気間違いなしだってー！」,Definitely gonna be the most popular!,,
ID00036,0000c9d6,36,「今日１日、シクヨロ！」,"Thanks a lot for today, bro!",,
ID00036,0000d20a,51,「イッツ　ショウターーーーイム！」,It's showtime~!,,
ID00036,0000d27a,42,こうして、光海祭は開幕した。,"And so, the Mitsumi Festival has begun.",,
ID00036,0000e37f,42,「よぉよぉ、そこの兄ちゃん、,"Yo yo, you there, dude,",,
ID00036,0000e3b8,57,　お宝生動画あるよ～、見てかね～か～」,"I've got some treasure videos, wanna check 'em out?",,
ID00036,0000e8a5,54,「学園でも指折りの美少女の、体操服や,Check out the school swimsuits and,,
ID00036,0000e8ea,39,　スク水がいっぱいだよ～」,cute swimsuits!,,
ID00036,0000edc5,39,「ドキドキの動画……ある」,Got some heart-pounding videos...,,
ID00036,0000f02a,27,「ウェッヘッヘッ、,"Heheh,",,
ID00036,0000f054,45,　お宝ＤＶＤも販売してるぜ～。,We've got treasure DVDs for sale too~.,,
ID00036,0000f090,54,　チラリ満載で５００円ポッキリだ！」,Packed with peeks and only 500 yen!,,
ID00036,0001038c,66,中井たちの客引きもあり、Ｅ動画部展は大盛況。,"Thanks to Nakai's sales pitch, it's packed.",,
ID00036,000103dd,42,ひっきりなしに客が訪れてる。,Customers are coming in nonstop.,,
ID00036,00010435,57,目立つところに展示されてる俺の動画は、,My videos grab everyone's attention.,,
ID00036,0001047d,24,常に人だかりだ。,there's always a crowd.,,
ID00036,000104c3,48,モデルがいいだけに、男子も女子も,The model is so good that...,,
ID00036,00010502,33,盛り上がってくれてる。,are getting into it.,,
ID00036,00010551,66,もちろん、中には否定的な反応をする人もいる。,"Of course, there are those who react negatively too.",,
ID00036,000105c1,57,俺は…良くも悪くも、自分の動画に評価が,Getting feedback on my vids matters...,,
ID00036,00010609,51,下るってことが大事なんだと知った。,whether good or bad.,,
ID00036,0001066a,66,結果を恐れず、人目に触れることが大事なんだ。,Don't be afraid to put yourself out there.,,
ID00036,000106bb,27,きっと次に繋がる。,It leads somewhere good.,,
ID00036,00010704,54,目立つ場所に俺の動画を置いてくれた、,Thanks for displaying my video.,,
ID00036,00010749,39,堂下部長に感謝しなきゃな。,I owe him one.,,
ID00036,0001079e,15,そして…、,And...,,
ID00036,0001109a,42,「中井、西、客引き疲れたろ。,"Nakai, Nishi, you must be tired from",,
ID00036,000110d3,42,　昼メシ休憩、行ってこいよ」,go grab some lunch and take a break,,
ID00036,00011259,51,「おっ、いいのか？　けど、部長は、,"Oh, sure? Manager's been MIA all day.",,
ID00036,0001129b,54,　他校の女子を引っかけに行ったっきり,He hasn't stopped since morning.,,
ID00036,000112e0,30,　帰って来ねーし…」,He's not coming back...,,
ID00036,00011a07,45,「内魔タンは、神出鬼没だから、,"But Unmajin is a ghost, so",,
ID00036,00011a43,39,　どっか行っちゃったよ？」,He went somewhere.,,
ID00036,00011c2d,51,「ちょうど客が少なくなってきたし、,"Since there aren't many customers now,",,
ID00036,00011c6f,36,　しばらく大丈夫だって」,I'll be fine for a while,,
ID00036,00012172,36,「そっかぁ？　じゃあ…」,"Oh, really? Well...",,
ID00036,0001245f,48,「お言葉に甘えて行ってくるよぉ」,I'll take you up on that and go then.,,
ID00036,000124bd,42,「ああ、ゆっくりしてこいよ」,"Yeah, take your time.",,
ID00036,00012c41,60,（おっ、中井と西が出て行くのに釣られて、,"(Hey, everyone followed Nakai and Nishi out.)",,
ID00036,00012c8c,33,　客がみんな出てった。,All the customers left.,,
ID00036,00012cbc,42,　あとは、ユイ姉が来れば…）,(Just need Yui-nee now...),,
ID00036,00013397,33,「ぶろ君、来たわよ～」,"Hey bro, I'm here~",,
ID00036,00013521,21,「あ、ユイ姉」,"Hey, Yui-nee",,
ID00036,000136ab,54,「えっ、なに？　あんたしかいないの？,Huh? What's up? You're the only one here?,,
ID00036,000136f0,24,　お客さんは？」,Anyone else?,,
ID00036,00013b7c,48,「さっきまで盛況だったんだけど、,It was packed just now.,,
ID00036,00013bbb,51,　昼飯時だからいなくなったんだよ」,It's because it's lunchtime.,,
ID00036,00013f26,57,「そっか、盛り上がったんならよかった」,"Oh, good to hear they had fun.",,
ID00036,00014228,51,「さっそく見せてよ、あなたの動画、,"Show me your video right away then,",,
ID00036,0001426a,22,　『Friends』を」,Friends.,,
ID00036,00014524,48,「そこの正面にあるのがそうだよ」,That's the one right in front of you.,,
ID00036,00015f22,12,「あ…」,...,,
ID00036,00016102,33,「うん……そっか……」,Oh... I see...,,
ID00036,000163d3,45,「よく録れてるね。ぶろ君にしか,Only you could've done it.,,
ID00036,0001640f,60,　録れない私が…動画の中にいっぱいいる」,I'm in that video so much...,,
ID00036,00016958,45,「出版社の人が欲しがる理由が、,I see why the publisher wants it so much.,,
ID00036,00016994,27,　よくわかったな」,Got it.,,
ID00036,00016b18,12,「え？」,What?,,
ID00036,00016d0d,42,「午前中、一般客のおじさんが,Some guys stopped by.,,
ID00036,00016d46,33,　何人か来たでしょ？」,"A few guys showed up, remember?",,
ID00036,00016ed0,36,「ああ、俺の動画を見て、,"Oh yeah, my video.",,
ID00036,00016f03,36,　なにか話してたけど？」,remember?,,
ID00036,00017083,27,「あなたの動画を、,"Your video,",,
ID00036,000170ad,57,　私の写真集の特典に付けたいんだって」,They wanna include it.,,
ID00036,00017268,18,「えっ！？」,Eh!?,,
ID00036,00017462,30,「初めての動画作品で,"That's your first video work,",,
ID00036,0001748f,51,　プロデビューだなんて、すごいね」,You're going pro already?,,
ID00036,000178ad,60,「どうする？　カップリングしてもらう？」,What's up? You want us to be a couple?,,
ID00036,00017aa6,30,「う、うれしいけど、,"Y-You're so sweet, but...",,
ID00036,00017ad3,60,　渚…御前さんとマリアさんが出てるし…」,Nagisa... Misaki and Mariana are in it too...,,
ID00036,00017b68,30,「う、うれしいけど、,"Y-You're so sweet, but...",,
ID00036,00017b95,54,　御前さんとマリアさんが出てるし…」,Misaki and Mariana are in it too...,,
ID00036,00017d6b,54,「それなら大丈夫。さっき聞いたけど、,Then you're fine.,,
ID00036,00017db0,48,　友情の証が残せてうれしいって」,She said she's glad.,,
ID00036,000181cb,39,「私はもちろんオッケーよ。,I'm totally down with it.,,
ID00036,00018201,51,　あとは、あなた次第。どうする？」,Up to you now. What's your call?,,
ID00036,000184d8,18,「ユイ姉…」,Onee-san Yui...,,
ID00036,00018518,54,「ありがとう、俺にチャンスをくれて。,Thanks for giving me a chance.,,
ID00036,0001855d,57,　俺の動画でよければ、喜んで使ってよ」,"If you want to use my video, feel free to do so.",,
ID00036,0001870b,18,「そっか…」,"Oh, I see.",,
ID00036,00018879,33,「おめでとう、ぶろ君。,"Congrats, bro.",,
ID00036,000188a9,33,　あなたの第一歩だね」,It's your first step.,,
ID00036,00018a8e,21,「ありがとう」,Thanks.,,
ID00036,00018c18,60,「自分の写真が、初めて雑誌に載った時より,More excited...,,
ID00036,00018c63,45,　うれしい…。あなたの動画が、,Seeing your video...,,
ID00036,00018c9f,60,　私の写真集と一緒に発売されるなんて…」,Being released alongside my photo book...,,
ID00036,0001921a,51,「こんなに素敵な卒業祝いはないわ」,There's no better graduation gift than this.,,
ID00036,0001927b,27,「俺…がんばるよ。,I'll do my best.,,
ID00036,000192a5,51,　これまで以上に、動画に打ち込む」,I'm pouring myself into it more than ever.,,
ID00036,00019477,33,「うん、がんばってね」,Good luck.,,
ID00036,0001a88d,56,こうして、『Friends』と『End of Summer』は、,So 'Friends' and 'End of Summer',,
ID00036,0001a8d4,60,１つの作品として発売されることになった。,will be released as a single work.,,
ID00036,0001a93e,60,俺のユイ姉への想いが、１つの形になる…。,My feelings for Ui-onee will take shape...,,
ID00036,0001a989,54,動画を始めて、本当によかったと思う。,Starting these videos was really worth it.,,
ID00036,0001a9fe,33,そして、俺の休憩時間…,And during my break...,,
ID00036,0001b18c,39,（ん？　すごい人だかりが。,Huh? There's a huge crowd.,,
ID00036,0001b1c2,45,　なんだこの『仮想喫茶』って）,What's this 'Virtual Cafe'?,,
ID00036,0001c184,27,「あ……にい…君」,Ah... big bro... dude,,
ID00036,0001c308,36,「真奈！　その格好！？」,Mana! What are you wearing!?,,
ID00036,0001c4a1,48,「『仮想天使』のメインキャラ…」,The main character of 'Virtual Angel'...,,
ID00036,0001c6b6,54,「プリティライトだろ？　知ってるよ」,"Pretty Light, right? I know her.",,
ID00036,0001c9ca,15,「…そう」,...Yeah.,,
ID00036,0001cda6,15,「じゃ…」,Then...,,
ID00036,0001cf72,36,「にい君、いらっしゃい。,"Welcome, big bro.",,
ID00036,0001cfa5,39,　『仮想喫茶』へようこそ」,Welcome to 'Virtual Cafe'.,,
ID00036,0001d289,36,「真奈！　その格好！？」,Mana! What are you wearing!?,,
ID00036,0001d422,45,「『仮想天使』のメインキャラの,"You're the main character of 'Virtual Angel',",,
ID00036,0001d45e,48,　プリティライトだよ。似合う？」,"Pretty Light, right? Does it suit you?",,
ID00036,0001d767,51,「あ、ああ、馴染み過ぎなぐらいだ」,"Ah, yeah, I fit in too well.",,
ID00036,0001d92b,18,「ありがと」,Thanks.,,
ID00036,0001dab2,63,「お水持ってくるから、隅っこのリザーブ席に,"Take a corner seat, I'll bring water.",,
ID00036,0001db00,18,　座ってて」,Okay?,,
ID00036,0001dc7b,21,「いいのか？」,Is that okay?,,
ID00036,0001de05,60,「大丈夫。スタッフの関係者用の席だから」,"It's fine, it's for staff and VIPs.",,
ID00036,0001dfc0,15,「そっか」,Oh yeah,,
ID00036,0001ea12,45,「あ、ぶろ君、いらっしゃーい」,"Hey, bro, welcome!",,
ID00036,0001ecfc,36,「ユイ姉！　その格好！」,Yui-ne! That outfit!,,
ID00036,0001efbe,42,「仮想天使プリティスターよ。,I'm Virtual Angel Pretty Star.,,
ID00036,0001eff7,30,　どう？　似合う？」,How do I look?,,
ID00036,0001f2d2,51,「あ、ああ、似合い過ぎなぐらいだ」,"Damn, you look way too good.",,
ID00036,0001f47a,30,「フフッ、ありがと」,"Hehe, thanks.",,
ID00036,0001f9f3,45,「まぁちゃんが、コスプレ喫茶を,"Well, Maa-chan's running a cosplay cafe",,
ID00036,0001fa2f,63,　やるっていうから、参加させてもらったの」,so I decided to join in.,,
ID00036,0001fd72,42,「マリアたちも、乱入するって,Mariana and the others will join.,,
ID00036,0001fdab,27,　言ってたからね」,That's what she said.,,
ID00036,0001fdf4,27,「ははは、そっか」,"Haha, I see.",,
ID00036,0001fe91,60,「また機会があったらコスプレしたいって、,She wants to cosplay again.,,
ID00036,0001fedc,27,　言ってたもんな」,didn't she?,,
ID00036,00020053,36,「フフッ、そういうこと」,"Hehe, that's right.",,
ID00036,00020227,45,「けど、ユイ姉がコスプレなんて,But seeing Yuiko in a costume...,,
ID00036,00020263,27,　ビックリしたよ」,You scared me.,,
ID00036,00020349,60,「また機会があったらコスプレしたいって、,She wants to cosplay again.,,
ID00036,00020394,27,　言ってたもんな」,didn't she?,,
ID00036,0002050b,36,「フフッ、そういうこと」,"Hehe, that's right.",,
ID00036,000206df,36,「ユイ姉がコスプレなんて,Seeing Yuiko in a costume...,,
ID00036,00020712,27,　ビックリしたよ」,You scared me.,,
ID00036,000208d2,63,「そう？　仕事で何度かしたことあるけどね」,Oh? I've done it a few times for work.,,
ID00036,00020bda,57,「お祭りなんだから、楽しまなくっちゃ」,"It's the festival, so we gotta have fun.",,
ID00036,00020d7c,39,「さっそく録らせてくれよ」,Let's record you right away!,,
ID00036,00020eff,42,「いいわよ。どんなの録る？」,Sure. What should I say?,,
ID00036,000210ab,33,「決めポーズ、やれる」,Posing's a go.,,
ID00036,0002125d,51,「まぁちゃんに教えてもらったから、,"I learned from Maa-chan, so",,
ID00036,0002129f,33,　バッチリよ。任せて」,I'm ready. Trust me.,,
ID00036,00021a9f,48,「仮想と現実を越える、金色の翼」,Golden wings beyond reality.,,
ID00036,00021d66,42,「あなたの勇気にエントリー。,Your courage is the entry.,,
ID00036,00021d9f,42,　仮想天使プリティスター！」,Virtual angel Pretty Star!,,
ID00036,000231c2,51,「さすが、ユイ姉、完璧だったよー」,"As expected of Yuiko, it was perfect.",,
ID00036,000234be,30,「フフッ、ありがと」,"Hehe, thanks.",,
ID00036,00023645,30,「いい動画が録れた。,Got some good footage.,,
ID00036,00023672,46,　これも『Friends』に入れとくよ。,I'll put this in 'Friends' too.,,
ID00036,000236af,42,　最後の学園祭の１シーンだ」,One scene from the last festival.,,
ID00036,00023bc8,30,「いいわよ、お任せ。,"Sure, you got it.",,
ID00036,00023bf5,42,　ちょっと恥ずかしいけどね」,It's a little embarrassing though,,
ID00036,0002428d,54,「すみませーん、注文いいですかー？」,"Excuse me, can I take your order?",,
ID00036,000244cd,15,「はーい」,Okay!,,
ID00036,000249be,39,「にい君、お水、テーブルに,"Hey there, put the water on the table,",,
ID00036,000249f4,57,　置いておいたから、注文はお早めにね」,so please place your order soon.,,
ID00036,00024d06,21,「ありがとよ」,Thanks.,,
ID00036,00025113,45,「ユイ姉、放課後、時間ある？」,"Yo, Yui-nee, you free after school?",,
ID00036,0002536f,21,「あるけど？」,"Yeah, I do.",,
ID00036,000253b2,48,「じゃあ、ラストシーンを録った、,"Alright, let's record the last scene,",,
ID00036,000253f1,39,　プールへ来てくれないか？,Can you come to the pool?,,
ID00036,00025427,39,　伝えたいことがあるんだ」,I have something to tell you.,,
ID00036,000255c3,48,「…いいわよ。じゃあ、あとでね」,"Sure, see you later.",,
ID00036,000261ce,63,こうして、Ｅ動画部展は、大盛況で終わった。,The E-Douga Club Exhibition ended well.,,
ID00036,00026bd2,30,（ユイ姉は…まだか）,You're still not done?,,
ID00036,00026cbe,51,（思えば…スク水とか、ブルマとか、,"Come to think of it...swimsuits and bike shorts,",,
ID00036,00026d00,48,　無茶な動画を、いっぱい録らせて,Had you record crazy vids.,,
ID00036,00026d3f,24,　もらったよな）,You remember that.,,
ID00036,00026d85,57,（そのおかげで、インパクトのある動画に,That's why I think the video turned out impactful.,,
ID00036,00026dcd,30,　なったんだと思う。,Thanks to that.,,
ID00036,00026dfa,45,　ユイ姉に…感謝しなくちゃな）,Guess I gotta thank Yuichan...,,
ID00036,00026e55,33,「ぶろ君、お待たせ～」,"Hey bro, sorry for the wait~",,
ID00036,000274c9,21,「あ、ユイ姉」,"Hey, Yui-nee",,
ID00036,00027653,21,「どうしたの？,What's up?,,
ID00036,00027677,51,　ジーッと、水面を見つめちゃって」,You're staring at the water.,,
ID00036,0002783d,48,「ここでユイ姉を録った時のことを,"Thinking back, when I recorded Yuichan here...",,
ID00036,0002787c,33,　思い出してたんだよ」,I was just thinking about it.,,
ID00036,000278cb,60,「思えば…俺を恋人だと思ってくれなんて、,Asking me to be her boyfriend...,,
ID00036,00027916,39,　大胆な要求だったなって」,...wasn't it?,,
ID00036,00027a99,51,「フフッ、今さらなに言ってんのよ」,"Haha, what are you saying now?",,
ID00036,00027f68,36,「プロだなって思ったよ。,"You're a pro, huh.",,
ID00036,00027f9b,63,　弟じゃなく、プロのカメラマンの要求だって,A pro photographer's request,,
ID00036,00027fe9,18,　思った…」,...I thought...,,
ID00036,000284c6,42,「だから、初めて…ぶろ君を、,That's why I looked at you...,,
ID00036,000284ff,36,　そういう目で見つめた」,Like that...,,
ID00036,00028ac5,33,「…かっこよかったよ。,...you were really cool.,,
ID00036,00028af5,60,　弟じゃなければ、好きになってたと思う」,"If not my brother, I'd love you.",,
ID00036,00028f29,18,「ユイ姉…」,Onee-san Yui...,,
ID00036,00028f69,48,「そう言われると、自信になるよ。,Makes me feel more confident.,,
ID00036,00028fa8,57,　いつか…ユイ姉に負けない彼女を作る」,One day... a girlfriend to top Yuichan.,,
ID00036,00029168,48,「そうね、ぶろ君は恋をしないと」,"Yeah, you should fall in love, Bro-kun.",,
ID00036,0002948a,45,「恋をすれば…もっと…もっと、,If I fall in love... then maybe... maybe...,,
ID00036,000294c6,39,　いい動画が録れると思う」,I think I could record better videos.,,
ID00036,000298cc,45,「ユイ姉こそ、恋をしなきゃな」,"You should fall in love too, Yuichan.",,
ID00036,00029a6e,54,「フフッ、そうね。がんばらなきゃね」,"Hehe, yeah. I've gotta do better.",,
ID00036,00029f40,39,「けど、今の私はダメかな。,But maybe I can't right now.,,
ID00036,00029f76,63,　ぶろ君を恋人として見つめちゃったからね」,Because I've started looking at you as my boyfriend.,,
ID00036,0002a394,48,「しばらく…そんな気になれない」,For now... I can't feel that way.,,
ID00036,0002a770,51,「悪い…そんなに引きずるなんて…」,Sorry... to drag this on so much...,,
ID00036,0002a918,39,「それだけ、あなたの動画に,I loved your vids.,,
ID00036,0002a94e,36,　没頭してたってことよ」,That's all it is.,,
ID00036,0002ac22,45,「いい動画になってよかった…」,I'm glad they turned out well...,,
ID00036,0002adde,24,「ありがとう…」,Thanks...,,
ID00036,0002ae24,45,「ユイ姉……改めて、伝えるよ。,"Yui-nee... I want to tell you again,",,
ID00036,0002ae60,60,　俺は…これからもユイ姉の力になりたい」,I wanna be there for you from now on.,,
ID00036,0002aeca,54,「遠く離れても…心の支えでありたい。,Even if we're far apart... I wanna be your support.,,
ID00036,0002af0f,36,　それで…またいつか…」,Then... someday...,,
ID00036,0002af61,30,「ユイ姉を録りたい。,I want to record you again.,,
ID00036,0002af8e,54,　もっともっと…いい動画が録りたい」,A lot more good videos...,,
ID00036,0002b139,18,「ぶろ君…」,Bro-kun...,,
ID00036,0002b2a7,45,「そうね……私も…またあなたの,That's right... I want to see you again.,,
ID00036,0002b2e3,36,　カメラの前に立ちたい」,your camera again.,,
ID00036,0002b70b,51,「夢を追い続けるあなたのレンズを、,I wanna keep looking through the lens that chases,,
ID00036,0002b74d,27,　見つめ続けたい」,your dreams.,,
ID00036,0002ba18,39,「世界的なモデルになって、,Become a world-class model and,,
ID00036,0002ba4e,30,　待っててあげるね」,"wait for you, okay?",,
ID00036,0002bbd5,48,「きっと……追いついて見せるよ」,I'll definitely... catch up to you!,,
ID00036,0002bd7a,54,「フフッ、頼もしいこと言っちゃって」,"Hehe, you're saying something dependable.",,
ID00036,0002c377,36,「キス…したげよっか？」,Wanna give me a kiss...?,,
ID00036,0002c504,60,「はぁっ！？　な、なに言ってんだよ！？」,Hah!? Wh-what are you talking about!?,,
ID00036,0002c70f,24,「ほっぺたによ」,On my cheek,,
ID00036,0002c89c,48,「この夏、色々してくれたことへの,"For everything you did this summer,",,
ID00036,0002c8db,39,　感謝を込めて。向こうじゃ,Thanks a lot... I guess it's like,,
ID00036,0002c911,45,　挨拶みたいなもんなんだから」,a greeting over there.,,
ID00036,0002d279,30,「ほら、目を閉じて」,"Close your eyes, okay?",,
ID00036,0002d679,12,「んっ」,Mmnh,,
ID00036,0002d931,39,「大好きよ…がんばってね」,I love you... do your best.,,
ID00036,0002d9ac,36,「ユイ姉も…がんばれ…」,Yui-nee too... good luck...,,
ID00037,00000e09,33,「なくした友がいた…」,I had a friend I lost...,,
ID00037,00000e58,42,「かけがえのない友だった…」,That was an irreplaceable friend...,,
ID00037,00000eb0,33,「誰よりも仲が良くて、,"We were closer than anyone else,",,
ID00037,00000ee0,36,　いつも一緒だったのに、,"Always together... but in the end,",,
ID00037,00000f13,51,　夢を追うあまり…失ってしまった」,I chased my dream and lost her.,,
ID00037,00000f74,24,「寂しかった…」,I was so alone...,,
ID00037,00000fba,42,「そんな心残りを抱えたまま、,"With that regret still weighing on me,",,
ID00037,00000ff3,51,　旅立つのかと覚悟していたけれど、,I thought I'd have to leave like this...,,
ID00037,00001035,39,　あなたが…救ってくれた」,You saved me...,,
ID00037,0000108a,54,「こじれた心の糸を…ほどいてくれた」,You untangled the knots in my heart...,,
ID00037,000010ee,27,「うれしかった…」,I was so happy...,,
ID00037,00001137,33,「動画の力はすごいね。,The power of videos is amazing.,,
ID00037,00001167,36,　あなたの力は…すごい」,Your strength...is incredible,,
ID00037,000011b9,33,「私を…変えてくれた」,You changed me...,,
ID00037,00001208,42,「私には…想いを分かち合える,I have friends who share their feelings.,,
ID00037,00001241,28,　『Friends』がいる」,I've got 'Friends'.,,
ID00037,0000128b,51,「私を支えてくれる、あなたがいる」,You're here to support me.,,
ID00037,000012ec,60,「弟じゃなければ、絶対好きになってたよ」,"If you weren't my bro, I'd be into you.",,
ID00037,00001356,24,「ありがとう…。,Thanks...,,
ID00037,0000137d,39,　素敵な男の人になったね」,You've grown up to be such a great guy.,,
ID00037,000013d2,48,「私は今日、この学校を卒業して、,"Today is the last day of school for me,",,
ID00037,00001411,27,　夢を追いかける」,And chase after my dreams.,,
ID00037,0000145a,60,「あなたに贈るね、私の高校最後の写真集」,"I'll give this photo album to you,",,
ID00037,000014c4,48,「あなたの…初めての…動画作品」,my last one from high school.,,
ID00037,00001522,57,「いつか…きっと…この写真集みたいに、,"One day, our dreams will overlap...",,
ID00037,0000156a,42,　あなたと私の夢が重なる…。,our dreams overlapping.,,
ID00037,000015a3,42,　その時を…楽しみにしてる」,I'll look forward to that moment.,,
ID00037,0000190c,46,「そっか…この動画で『Friends』は,Is that so... This is 'Friends' last video.,,
ID00037,00001949,42,　本当のラストを迎えるのね」,"That's the real last one, huh?",,
ID00037,000019a1,51,「私の…高校時代の…『Last Friends』と,My... high school days'... 'Last Friends',,
ID00037,000019e3,15,　一緒に」,together,,
ID00037,00001a20,63,「最後の夏、最後の友達…けど、寂しくない」,"Final summer, final friends... but not sad.",,
ID00037,00001a8d,42,「終わりは…始まりだから…。,It's an end... and a start.,,
ID00037,00001ac6,45,　またいつか、みんなと会える」,"Sometime in the future, we'll meet again.",,
ID00037,00001b21,30,「大好きよ、ぶろ君」,"I love you so much, bro.",,
ID00038,00000a69,39,「私と…約束したくせに…」,After all we promised...,,
ID00038,00000d34,33,「ああっ！　ユイ姉！」,Aah! Ui-onee!,,
ID00038,00000eca,54,「さんざん動画に協力させておいて…」,You had me help with your videos...,,
ID00038,00000f2e,24,「そ、それは…」,S-sorry about that...,,
ID00038,000010bb,33,「言い訳なんかいい！」,No excuses!,,
ID00038,00001251,48,「しばらく…口も利きたくない！」,I don't wanna talk to you for a while!,,
ID00038,0000166c,27,「それじゃあね！」,See you later!,,
ID00038,00001b21,57,（ごめん…約束破って。けど、俺は……）,"(Sorry... I broke our promise. But, I'm... )",,
ID00039,0000148e,45,（ん？　これから女子が体育か。,"Huh? Girls' P.E. next, huh?",,
ID00039,000014ca,42,　どこのクラスだ？　…あ！）,Which class is it... Oh!,,
ID00039,000021fb,48,「ユイ姉、それってピラティス？」,"""Yui-nee, is that Pilates?""",,
ID00039,00002387,21,「あ、ぶろ君」,"Ah, bro-kun.",,
ID00039,000027b8,33,「そっ、美容にいいし、,"""It's good for your figure and",,
ID00039,000027e8,48,　体育のついでによくやるのよね」,"people often do it during P.E."",",,
ID00039,000029b0,42,「ユイ姉、それって、ヨガ？」,"""Yui-nee, is that yoga?""",,
ID00039,00002b36,21,「あ、ぶろ君」,"Ah, bro-kun.",,
ID00039,00002f7e,36,「ううん、ピラティスよ」,"""Nope, it’s Pilates.""",,
ID00039,0000310b,24,「ピラティス？」,"""Pilates?""",,
ID00039,0000327f,30,「ヨガに似てるから、,"It's similar to yoga,",,
ID00039,000032ac,42,　よく一緒にされるんだけど、,"so they're often confused together,",,
ID00039,000032e5,45,　ドイツ発祥のエクササイズよ」,It originated in Germany.,,
ID00039,000034c4,57,「ヨガが呼吸とバランスを大事にするのに,"Yoga focuses on breathing and balance,",,
ID00039,0000350c,60,　対して、ピラティスは正しい骨格と体幹を,Pilates focuses on form and core.,,
ID00039,00003557,48,　整えることに重点を置いてるの」,It's all about getting your body in shape.,,
ID00039,000036f0,15,「へ～っ」,Wow...,,
ID00039,0000388f,24,「美容にいいし、,It’s good for beauty.,,
ID00039,000038b6,48,　体育のついでによくやるのよね」,"people often do it during P.E."",",,
ID00039,00003a8a,36,「ぶろ君もやってみる？」,"Want to give it a try, Bro-kun?",,
ID00039,00003adc,21,「俺はいいよ。,I'm good.,,
ID00039,00003b00,42,　美しくなっても仕方ないし」,I'd look better anyway.,,
ID00039,00003c9f,30,「ま、それもそうね」,"Well, that's true.",,
ID00039,00003f6d,55,「今日も『End of Summer』の撮影があるし、,"Got a 'End of Summer' shoot today,",,
ID00039,00003fb3,57,　ボディラインを磨いておかなくっちゃ」,so I've gotta keep my body in shape.,,
ID00039,000042b5,24,「それじゃね～」,See ya~,,
ID00039,000042fb,12,「ああ」,Yeah.,,
ID00039,0000481e,42,（さすがプロ。万全の状態で、,"(She's the pro for sure.,",,
ID00039,00004857,39,　撮影に挑むってわけか…）,going all out for the shoot...),,
ID00040,00001393,63,「ったく、レシーブ拒否とか何様のつもりよ」,"Damn, what's her deal refusing to receive?",,
ID00040,00001400,63,「有名人だからっていい気になんなってーの」,Don't get too full of yourself.,,
ID00040,0000146d,51,（ん？　有名人？　今の陰口って…）,Hm? Famous person? Was that just gossip...,,
ID00040,0000187a,33,「ユイ姉…やっぱり…」,Yui-nee... I knew it...,,
ID00040,00001b13,45,「あれ、ぶろ君。どうしたの？」,"Oh, Bro-kun. What's up?",,
ID00040,00001de4,48,「体育で……なにかあったのか？」,Something happen in PE class?,,
ID00040,00001f89,54,「え？　…ああ、私の悪口でも聞いた？,Did you hear me badmouth myself?,,
ID00040,00001fce,45,　そんなのいつものことだから、,"It's nothing new, so relax.",,
ID00040,0000200a,36,　気にすることないって」,Don't worry about it.,,
ID00040,0000257d,42,「弟なんだから、心配するよ」,"I'm your sister, so I'll be worried.",,
ID00040,00002798,24,「ん…そっか…」,...Oh...,,
ID00040,00002ae8,39,「大したことじゃないわよ。,It's nothing big.,,
ID00040,00002b1e,48,　体育がバレーボールだったから、,"Since PE was volleyball,",,
ID00040,00002b5d,54,　ブロックとレシーブを拒否しただけ」,I just refused to block or receive.,,
ID00040,00003014,30,「今、撮影中だから、,"We're filming right now,",,
ID00040,00003041,39,　手が赤くなると困るのよ」,so my hands can't get red.,,
ID00040,0000330c,12,「あ…」,...,,
ID00040,000035bb,30,「けど、そのせいで、,"but, because of that,",,
ID00040,000035e8,45,　周りに迷惑をかけちゃってね。,I end up bothering everyone around me.,,
ID00040,00003624,42,　多少の反感は仕方ないかな」,A little resentment is inevitable...,,
ID00040,00003b4a,33,「正当な理由なのに…」,It's for a good reason though...,,
ID00040,00003cc7,39,「アハハ、取れるボールを、,"Ahaha, if I intentionally ignore balls",,
ID00040,00003cfd,57,　わざとスルーしたら、そりゃ怒るって」,"that I could catch, they'd get mad, right?",,
ID00040,00003ff3,36,「見学にさせてもらえば、,"If I just watched instead,",,
ID00040,00004026,42,　よかったんじゃないのか？」,wouldn't it have been better?,,
ID00040,00004214,15,「そうね」,Yeah,,
ID00040,000043df,51,「ただ…私なりに参加はしたいのよ」,But... I want to participate in my own way.,,
ID00040,000047d3,36,「あ……だよな、ゴメン」,"Oh... yeah, sorry.",,
ID00040,000049c6,30,「ううん、ぶろ君は、,"No, Bro-kun is just",,
ID00040,000049f3,54,　私の心配をしてくれてるだけだから」,worried about me.,,
ID00040,00004cd9,60,「撮影が終わったら、ブロックもレシーブも,I'll nail blocking and receiving.,,
ID00040,00004d24,39,　ビシビシ決めてやるわよ」,so don't worry.,,
ID00040,0000514f,24,「それじゃね～」,See ya~,,
ID00040,00005195,21,「ああ、また」,See ya,,
ID00040,00005584,60,（モデル業と学校の両立…か。大変だよな）,Juggling modeling and school...tough.,,
ID00041,00001e6f,51,「そっか…じゃあ、そう伝えとくね」,"Oh, okay... I'll tell her then.",,
ID00041,0000228d,24,「ごめんなさい」,Sorry...,,
ID00041,0000245b,27,「ううん、いいの。,"No, it's fine.",,
ID00041,00002485,48,　気持ちはすごくよくわかるから。,I totally get how you feel.,,
ID00041,000024c4,51,　先方はがっかりするだろうけどね」,But she might be disappointed.,,
ID00041,000028ef,33,「ユイ姉、なんの話？」,What are you talking about?,,
ID00041,00002b26,21,「あ、ぶろ君」,"Ah, bro-kun.",,
ID00041,00002ee0,12,「あ…」,...,,
ID00041,000030f7,42,「結菜さん、向こうで話そ？」,Should we talk to Musubi over there?,,
ID00041,000033a3,30,「ん？　いいけど…」,Huh? Sure...,,
ID00041,00003a66,18,「じゃあね」,See ya.,,
ID00041,00003aa6,21,「あ、ああ…」,"Oh, yeah...",,
ID00041,00003fc3,48,（なんの話してたんだろうなぁ…）,Wonder what we were talking about...,,
ID00041,000040a4,60,（ユイ姉と相良さん、知り合いだったのか。,"Oh, so you and Sagara knew each other.",,
ID00041,000040ef,30,　知らなかったなぁ）,Didn't know that.,,
ID00041,0000437a,23,「あ、@str_000君」,"Ah, @str_000-kun.",,
ID00041,0000475e,45,「美宇を芸能界に誘ってたのよ」,She was trying to get Miu into showbiz.,,
ID00041,0000480d,18,「えっ！？」,Eh!?,,
ID00041,00004b57,30,「ほら、ビーチでよく,On the beach...,,
ID00041,00004b84,42,　発声練習してるじゃない？」,"You know, doing vocal exercises.",,
ID00041,00004fc9,36,「私の撮影で出入りしてる,She was always around my shoots...,,
ID00041,00004ffc,42,　スタッフの目に止まって…」,and caught the eye of a staff member...,,
ID00041,000052b3,51,「紹介して欲しいって頼まれたのよ。,She asked me to introduce her.,,
ID00041,000052f5,36,　きっと人気が出るって」,Definitely gonna be a hit.,,
ID00041,00005501,21,「そ、そっか」,R-Really?,,
ID00041,000056d5,57,「まぁ、毎日、熱心に演技の練習してて、,"Well, she's always so serious about acting practice,",,
ID00041,0000571d,51,　これだけ綺麗で、雰囲気があれば、,"and with how beautiful and charming she is,",,
ID00041,0000575f,48,　事務所は放っておかないわよね」,they'd never let her go unnoticed.,,
ID00041,00005e6c,24,「そんなこと…」,That can't be true...,,
ID00041,00005f0e,39,「で、なんて返事したの？」,"So, what did you say?",,
ID00041,000061e8,18,「それは…」,It's...,,
ID00041,000063b6,36,「体よく断られたとこよ」,She turned me down nicely.,,
ID00041,00006408,24,「そうなんだ？」,Really?,,
ID00041,000065d8,12,「うん」,Yeah,,
ID00041,000067a3,54,「私は、演技が好きだけど、今はまだ、,"I love acting, but right now, I'm still not ready to",,
ID00041,000067e8,57,　好きな役を、自由に演じていきたいの」,to play the roles I love freely,,
ID00041,00006af6,54,「結菜さんみたいに、学校に通いながら,"like Yuena-san, who goes to school while working",,
ID00041,00006b3b,42,　お仕事する覚悟もないし…」,I don't want that work.,,
ID00041,00006f35,48,「大変よ～。やりがいはあるけど」,It's tough~ but it's rewarding too,,
ID00041,00007271,12,「うん」,Yeah,,
ID00041,00007455,63,「いつか……もしかしたら、プロになってって,sometime in the future... maybe I'll become a pro,,
ID00041,000074a3,45,　こともあるかもしれないけど、,but there's no need to decide now,,
ID00041,000074df,45,　今決めなくてもいいかなって」,Maybe I can wait.,,
ID00041,00007936,39,「まだまだ未熟だもん、私」,I'm still pretty green,,
ID00041,00007bec,63,「未熟さゆえの良さってのもあるんだけどね。,"There's a charm to being inexperienced, you know.",,
ID00041,00007c3a,57,　けど、美宇のやりたいようにやるのが、,She should do what she wants.,,
ID00041,00007c82,21,　一番だから」,That's it.,,
ID00041,000081fc,57,「むしろ、安易に誘いに乗らないところが,"Actually, it's better you don't.",,
ID00041,00008244,27,　いいって思うし」,I really do think so.,,
ID00041,00008640,33,「ありがと、結菜さん」,"Thanks, Kanna-san.",,
ID00041,000087ca,57,「いつでも相談に乗るから、言ってよね」,You can always come talk to me whenever you want.,,
ID00041,00008af6,12,「うん」,Yeah,,
ID00041,00008dec,36,「ホッとした？　ぶろ君。,Did that relieve you?,,
ID00041,00008e1f,39,　美宇が遠くに行かなくて」,Miu doesn't have to go far away.,,
ID00041,00009401,45,「なっ、なんでそうなるんだよ？,"N-no way, why would it be like that?",,
ID00041,0000943d,57,　まぁ…ユイ姉の大変さを知ってるから、,"Well... I know how tough Yui-nee is,",,
ID00041,00009485,45,　断ってよかったとは思うけど」,so I'm glad I didn't say yes.,,
ID00041,0000979f,51,「ぶろ君に頼ってばかりだしね、私」,"I always rely on you too much, bro.",,
ID00041,00009800,21,「ホントだよ」,I'm serious,,
ID00041,00009a87,48,「フフッ、いいなぁ、仲が良くて」,"Hehe, nice, you two are so close.",,
ID00041,00009db1,60,「美宇も、ぶろ君に色々頼んでいいからね」,Miu can also ask you for anything too.,,
ID00041,0000a112,12,「はい」,Okay.,,
ID00041,0000a14c,33,「はい、じゃないって」,"Yeah, not really.",,
ID00041,0000a370,15,「エヘッ」,Heheh,,
ID00041,0000a430,51,「ところで、ユイ姉と相良さんって、,"By the way, about Yui-nee and Sagara-san,",,
ID00041,0000a472,39,　いつ知り合ったんだよ？」,When did you guys meet?,,
ID00041,0000a60e,24,「今、初めてよ」,This is our first time.,,
ID00041,0000a816,51,「演技の練習してる子がいるな～とは,I heard kids practice acting.,,
ID00041,0000a858,27,　思ってたけどね」,but yeah.,,
ID00041,0000aa3c,39,「いきなり話しかけられて、,"When you suddenly spoke to me,",,
ID00041,0000aa72,33,　ビックリしちゃった」,I was surprised.,,
ID00041,0000ac6b,57,「プロのモデルでがんばってる結菜さんと,"Talking to Karen who's a pro model and working hard,",,
ID00041,0000acb3,30,　話せて、うれしい」,makes me happy.,,
ID00041,0000af9a,42,「これから、仲良くしようね」,I hope we can be friends from now on.,,
ID00041,0000b17c,27,「うん！　ぜひ！」,Yeah! Definitely!,,
ID00041,0000b7af,66,こうして、ユイ姉と相良さんと楽しく過ごした。,This is how I had fun with Yui-nee and Sagara-san.,,
ID00042,000014a1,57,（ん？　こんな時間に誰か泳いでるのか？,Huh? Someone's swimming at this hour?,,
ID00042,000014e9,27,　水泳部の昼練？）,Swim team's lunch practice?,,
ID00042,000018eb,30,「って、ユイ姉！？」,Yui-nee!?,,
ID00042,00001ade,27,「あれ？　ぶろ君」,"Oh, Bro-kun.",,
ID00042,00001d99,63,「なんでこんな時間に、１人で泳いでんだよ」,Why are you swimming alone at this time?,,
ID00042,00001f4d,57,「授業終わった後、こっそり居残ったの」,I stayed behind after class ended secretly.,,
ID00042,0000221d,30,「何回か水泳の授業を,Missed some swim class.,,
ID00042,0000224a,42,　仕事で飛ばしちゃったから、,"because I was busy with work, so",,
ID00042,00002283,27,　泳ぎ足りなくて」,I haven't swum enough.,,
ID00042,00002567,48,「仕事抜きのプールはいいわね～。,"It's nice to be in the pool without work, huh~.",,
ID00042,000025a6,39,　カメラもレフ板もなくて」,No camera or reflector either.,,
ID00042,0000288a,18,「はははは」,Hahaha,,
ID00042,00002a11,51,「さ～て、もうひと泳ぎしよっかな」,"Well then, I guess I'll swim a bit more.",,
ID00042,00002bad,21,「その前に…」,Before that...,,
ID00042,00002d37,12,「ん？」,Hm?,,
ID00042,00002d71,57,「ちょっとだけ、録らせてくれないか？」,Can you let me record for just a moment?,,
ID00042,00002f1f,15,「えっ？」,Huh?,,
ID00042,00002f5c,36,「いいだろ？　頼む…！」,Come on... Please...,,
ID00042,00003223,57,「もう…せっかく撮影抜きだったのに…」,Ugh... We were supposed to have no filming today...,,
ID00042,00003629,45,「いいよ、ぶろ君の頼みだもの。,"Sure thing, @str_000 asked me.",,
ID00042,00003665,27,　１カットだけよ」,Only one shot though.,,
ID00042,00004a5f,54,「サンキュー！　すごくよかったよ！」,Thanks a lot! That was awesome!,,
ID00042,00004c0a,45,「当たり前よ、プロなんだから」,"It's my job, I'm a pro.",,
ID00042,00004e2b,42,「さ～て、もうひと泳ぎっと」,"All right, let's swim some more.",,
ID00042,00004ff8,18,「またね～」,See ya~,,
ID00043,00001775,24,（ん？　ユイ姉）,Hmm? Yu-onee-chan?,,
ID00043,00001809,45,「ぶろ君…すぐに保健室へ来て」,Bro-kun... come to the infirmary right away.,,
ID00043,00001864,42,「えっ、どうかしたのか！？」,Wh-what's wrong!?,,
ID00043,000018bc,36,「来れば…わかるから…」,You'll get it when you're here.,,
ID00043,0000190e,21,「すぐ行く！」,I'm coming right now!,,
ID00043,0000199f,51,（体調悪いのか？　仕事は休みだし、,"You're not feeling well? You don't have work today,",,
ID00043,000019e1,51,　無理はしてないはずなんだけど…）,and you shouldn't be pushing yourself...,,
ID00043,00001a42,33,（ともかく保健室へ！）,Head to the infirmary!,,
ID00043,00001f51,27,ダダダダダダダダ…,Dadada...,,
ID00043,00002310,33,「ユイ姉、だいじょ…」,"Yo, Yui-nee, you okay...?",,
ID00043,000023dc,12,ボフッ！,Bofu!,,
ID00043,00002463,12,「うっ」,Ugh,,
ID00043,000025e4,45,「きゃーーっ！　ひっかかった！,Kyaa! Gotcha!,,
ID00043,00002620,36,　ひっかかったぁーっ！」,Gotcha!,,
ID00043,0000290d,30,「やったーーーっ！」,Yayyy!,,
ID00043,00002959,36,「…黒板消し落としとは、,...The classic eraser prank...,,
ID00043,0000298c,36,　古典的なイタズラを…」,...the classic prank...,,
ID00043,00002c80,54,「アハハハハ、その古典的なイタズラに,"Ahahahaha, who fell for that classic prank?",,
ID00043,00002cc5,60,　引っかかったのは誰よ？　アハハハハ！」,Who's the fool who got caught? Ahahahaha!,,
ID00043,00002fff,36,「笑いすぎだぞ、ユイ姉」,"You're laughing too hard, Yu-sis.",,
ID00043,000030ab,63,「ダメねぇ。ドアが閉まりきってない時点で、,"Nope. The door wasn't fully closed to begin with,",,
ID00043,000030f9,24,　怪しまなきゃ」,Don't get suspicious.,,
ID00043,000033e7,45,「俺はユイ姉を心配してだな…」,I was worried about Yu-sis...,,
ID00043,000035cc,60,「うん、だから絶対引っかかると思ったよ。,"Yeah, I thought for sure you'd fall for it.",,
ID00043,00003617,39,　優しいからね、ぶろ君は」,"You're so kind, Bro-kun.",,
ID00043,000038fb,36,「そこにつけ込むとは…」,You really went for it...,,
ID00043,0000394d,39,「もう、どんな電話が来ても,I can't believe any call...,,
ID00043,00003983,33,　心配しないからな！」,Don't worry about it!,,
ID00043,00003c60,54,「え～っ、そんなこと言わないでよぉ」,"Aw, don't say stuff like that~",,
ID00043,00003f8f,54,「子供のころ出来なかったイタズラを、,A childhood prank I wanted to try.,,
ID00043,00003fd4,63,　どうしても試したかっただけなんだからぁ」,"I really did, you know~",,
ID00043,00004202,48,「ありがと、ひっかかってくれて。,Thanks for falling for it.,,
ID00043,00004241,54,　思いを遂げて、スッキリしちゃった」,Now I feel so relieved.,,
ID00043,0000466f,48,「…ったく、そんな風に言われたら,"...damn, when you put it that way",,
ID00043,000046ae,27,　怒れないだろ？」,"can't get mad, can I?",,
ID00043,0000483e,60,「ほら、チョークの粉を払ってあげるから、,"Hold still, I'll dust off the chalk for ya",,
ID00043,00004889,21,　動かないで」,Don't move,,
ID00043,00004a07,33,「優しくやってくれよ」,Do it gently,,
ID00043,00004b84,18,「はいはい」,Sure sure.,,
ID00043,00005044,27,「ポンポン…っと」,Pon pon...,,
ID00043,0000508d,21,「ケホケホ…」,Sneeze sneeze...,,
ID00043,000050d0,27,「うわぁ、真っ白。,"Oh man, all white.",,
ID00043,000050fa,48,　１日授業で使われただけあって、,No wonder it's so chalky.,,
ID00043,00005139,51,　ずいぶんチョークを吸ってたのね」,You've inhaled a lot of dust.,,
ID00043,0000519a,60,「ったく…そんな黒板消しを落とすとは…。,Mann... dropping the eraser like that...,,
ID00043,000051e5,24,　容赦ねぇなぁ」,That's harsh.,,
ID00043,0000522b,39,「何事も手加減は嫌いなの」,I don't like going easy on anyone.,,
ID00043,00005280,18,「はいはい」,Sure sure.,,
ID00044,000015c6,36,（あ…海を見てるのは…）,the one at the sea...,,
ID00044,00001adf,15,「はぁ…」,...,,
ID00044,00001b1c,45,「なに黄昏れてんだよ、ユイ姉」,What are you staring?,,
ID00044,00001d04,15,「ぶろ君」,Bro-kun,,
ID00044,00001ef0,45,「この夏、楽しかったなぁって」,This summer's been fun.,,
ID00044,00002152,57,「９年分の夏休みを駆け抜けたような…」,Like nine years of break...,,
ID00044,000021ef,48,「終わらない夏を過ごしたような…,It felt like an endless summer...,,
ID00044,0000222e,30,　不思議な気持ちよ」,I feel kinda weird.,,
ID00044,000023fc,24,「楽しかった？」,Did you have fun?,,
ID00044,000025b3,21,「もちろん！」,Of course!,,
ID00044,000025f6,51,「よかった…がんばった甲斐がある」,Good... it's all paid off.,,
ID00044,000027b7,18,「ぶろ君…」,Bro-kun...,,
ID00044,00002a88,21,「なんだよ？」,What's up?,,
ID00044,00002c12,39,「最近…よく考えるんだ…」,Lately... I've been thinking a lot...,,
ID00044,00002fbe,48,「私の…心と……体は…なんの為に,My heart and my body... are for what purpose?,,
ID00044,00002ffd,30,　あるんだろうって」,What's the point?,,
ID00044,0000326a,27,「なんの為って…」,What do you mean?,,
ID00044,000032b3,57,「そりゃあ…夢の為…モデルの為だろ？」,For my dream...modeling.,,
ID00044,000034b0,57,「それはそうなんだけど……違うの……」,That's true... but it's not that simple...,,
ID00044,000038d9,63,「私の……ううん、女の子の心と…体はね…」,It's not just about our hearts and bodies...,,
ID00044,00003df9,36,「恋を…する為にあるの」,for falling in love...,,
ID00044,00004192,33,「男の人を愛するため…,to love guys...,,
ID00044,000041c2,39,　男の人に愛されるため…、,to be loved by guys...,,
ID00044,000041f8,27,　その為にあるの」,that's what they're for.,,
ID00044,000044ee,18,「わかる？」,Get it?,,
ID00044,0000452e,63,「うぐ……そ、そういうことは彼氏に言えよ」,Ugh... you should tell your boyfriend that.,,
ID00044,000046e2,30,「クスッ、ホントね。,"Heh, really.",,
ID00044,0000470f,45,　弟に教えてる場合じゃないか」,You shouldn't teach him that.,,
ID00044,00004bbd,18,「ぶろ君…」,Bro-kun...,,
ID00044,00004d44,27,「…恋をしなさい」,...fall in love.,,
ID00044,00004ef2,63,「誰かに愛され……誰かを愛する人になって」,"Let someone love you, and love another.",,
ID00044,000050ce,18,「ユイ姉…」,Onee-san Yui...,,
ID00044,00005255,54,「どんな人を私の元に連れてくるのか、,"Who will you bring back to me,",,
ID00044,0000529a,33,　楽しみにしてるから」,Looking forward to it.,,
ID00044,00005451,33,「ああ……いつか……」,Ah...someday...,,
ID00044,00005920,54,こうして、ユイ姉と２人で語り合った。,"In this way, I talked with my sister Yui.",,
ID00045,00001151,45,（外でレコチャンスでも探すか）,Maybe I'll find one outside.,,
ID00045,0000147d,57,（あ…靴を履き替えてるのは…ユイ姉！）,Oh... It's Yui-nee who changed her shoes!,,
ID00045,000014e5,25, レコチャンスだ！, Recording chance!,,
ID00045,00001519,25, 録るまでもないな, Not worth recording,,
ID00045,00001c58,30,（録るまでもないな）,No point recording.,,
ID00046,00001181,54,（あ…隅の机で寝てるのは…ユイ姉！）,(Oh... Onee-chan's asleep!,,
ID00046,000011e6,25, レコチャンスだ！, Recording chance!,,
ID00046,0000121a,28, そっとしておくか…, Leave her be...,,
ID00046,00001808,36,「ふが～……ふが～……」,*Snores...*,,
ID00046,000019bd,30,「むにゃ…むにゃ…」,Mngh... mngh...,,
ID00046,00001b6c,36,「ふが～……ふが～……」,*Snores...*,,
ID00046,00002219,30,（そっとしておくか…,(...I'll leave her alone...,,
ID00046,00002246,39,　仕事で疲れてるだろうし）,She must be tired from work.),,
ID00047,00001183,54,（うちのプールって、フェンスの隙間が,There's a hole in our fence.,,
ID00047,000011c8,42,　大きくて、のぞこうと思えば,you could.,,
ID00047,00001201,30,　のぞけるんだよな）,You know?,,
ID00047,0000124e,10, のぞく, Peek,,
ID00047,00001273,16, のぞかない, Don't peek,,
ID00047,000012af,48,（ちょっとだけ…のぞいてみるか）,...I'll just take a quick peek then.,,
ID00047,00001c2b,60,（思わず…録ってしまった…。後で消そう）,I couldn't help recording it... I'll erase it later.,,
ID00047,00001ca5,57,（いやいや、のぞくわけにいかないだろ。,"Nah, I can't exactly peek, though.",,
ID00047,00001ced,24,　教室へ戻ろう）,Let's head back.,,
ID00048,000013f6,36,（ん～、誰もいないなぁ）,"Hmm, no one's here.",,
ID00048,00001448,54,（ま、レコチャンスばっかり追ってても,"Well, if I just keep chasing after Recco-chan",,
ID00048,0000148d,42,　仕方ないし、たまには木陰で,"Oh well, time for some shade.",,
ID00048,000014c6,27,　のんびりするか）,Relax a bit.,,
ID00048,000019b2,27,（いい天気だなぁ。,What a nice day.,,
ID00048,000019dc,42,　海から吹く風が気持ちいい）,The breeze from the sea feels so good.,,
ID00048,00001a34,48,（…やばい、眠くなって…きた…）,"...Shit, I'm getting sleepy...",,
ID00048,00001a92,39,「グーーーッ、グーーーッ」,Zzzzz... Zzzzz...,,
ID00048,00001b6d,39,「グーーーッ、グーーーッ」,Zzzzz... Zzzzz...,,
ID00048,00001e2d,60,（はっ！　やばっ！　完全に寝入ってた！）,Shit! I'm totally out cold!,,
ID00048,00001e97,42,（授業始まってるし……あ！）,Class has already started... Oh!,,
ID00048,00001ef0,25, レコチャンスだ！, Recording chance!,,
ID00048,00001f24,25, 録るまでもないな, Not worth recording,,
ID00048,0000238b,12,「んっ」,Mmnh,,
ID00048,000024f3,12,「んっ」,Mmnh,,
ID00048,0000265b,36,「もう…取れないわねぇ」,You're totally gonna be late,,
ID00048,000027db,15,「ふんっ」,Hmph,,
ID00048,00002946,15,「ふんっ」,Hmph,,
ID00048,000029fe,30,（録るまでもないな）,No point recording.,,
ID00049,00001490,42,（あ…あそこで話してるのは、,"Oh, they're over there...",,
ID00049,000014c9,27,　ユイ姉とまひろ）,Yui-ne and Mahiro.,,
ID00049,00001513,25, レコチャンスだ！, Recording chance!,,
ID00049,00001547,25, 録るまでもないな, Not worth recording,,
ID00049,00001c8a,54,「時が経つのなんてあっという間ね～。,"Time flies, huh~?",,
ID00049,00001ccf,57,　この間、小学生だと思ってたまひろが、,"I was thinking Mahiro's still in elementary school,",,
ID00049,00001d17,33,　もう中学卒業だもの」,She'll be graduating soon.,,
ID00049,00002180,54,「ユイ姉こそ、来年は高校卒業でしょ？,"Next year, you'll graduate high school.",,
ID00049,000021c5,39,　どんどんきれいになるし、,"And you're getting prettier every day,",,
ID00049,000021fb,33,　すごいなぁって思う」,It's amazing.,,
ID00049,00002687,30,「フフッ、ありがと」,"Hehe, thanks.",,
ID00049,0000293c,48,「懐かしいね～、小学生のころが」,That's nostalgic~...,,
ID00049,00002c03,18,「そうね～」,Yeah~,,
ID00049,00002d71,51,「モデルになるって聞かされた時は、,when I heard you'd become a model...,,
ID00049,00002db3,33,　ビックリしたけど…」,I was surprised...,,
ID00049,00003104,60,「ユイ姉なら、きっとやり通すだろうなって,"I thought you'd definitely pull it off, Yui-nee.",,
ID00049,0000314f,18,　思ってた」,That way.,,
ID00049,000032bd,39,「あなたも…小さいころから,You've always been...,,
ID00049,000032f3,33,　がんばってたから…。,You've worked hard.,,
ID00049,00003323,42,　いろいろ勇気をもらったよ」,...I got a lot of courage from you.,,
ID00049,0000371f,18,「ホント？」,Really?,,
ID00049,0000388d,36,「…そうなら、うれしい。,That's great.,,
ID00049,000038c0,48,　ユイ姉の力になれてたなんて…」,I could be of help to you...,,
ID00049,00003dc6,60,「卒業後も、モデル、がんばるんでしょ？」,"You'll keep modeling after graduation, right?",,
ID00049,00003fa1,21,「もちろんよ」,Of course.,,
ID00049,000042bc,21,「まひろも…」,Mahiro will...,,
ID00049,0000442d,12,「ん？」,Hm?,,
ID00049,000045ef,36,「ううん…なんでもない」,Nah... nothing,,
ID00049,00004a4f,45,「いつだって、力になるからね」,I'll always be there for you.,,
ID00049,00004bd8,30,「ありがと、ユイ姉」,"Thanks, Yui-ne.",,
ID00049,00005269,48,（俺が立ち入る雰囲気じゃないな）,I don't think I should butt in here.,,
ID00049,000052d7,48,（話の邪魔しちゃ悪いし、行くか）,Won't interrupt. Let's go.,,
ID00050,0000141a,57,（暑っち～っ。夏も終わりが近いってのに,It's still so hot...,,
ID00050,00001462,30,　なんだこの暑さは）,Summer's almost over.,,
ID00050,000014ae,33,（風が吹いてくれれば、,"If only there was a breeze,",,
ID00050,000014de,42,　少しは涼しくなんだけど…）,I could feel cooler... but nope...,,
ID00050,00001584,33,（まさか…この風は…）,Could it be... that wind is...?,,
ID00050,000015d4,25, レコチャンスだ！, Recording chance!,,
ID00050,00001608,25, 録るまでもないな, Not worth recording,,
ID00050,00001ffa,51,（うおおおおおっ！　神風だあッ！）,Ahhh! It's a divine wind!,,
ID00050,0000269a,12,「あ…」,...,,
ID00050,000026d4,18,「よ、よぉ」,Y-yeah,,
ID00050,00002854,45,「そのニヤけた顔……見たわね」,I saw that smug face of yours.,,
ID00050,00002a15,33,「み、見てないって！」,I-I wasn't looking!,,
ID00050,00002bab,24,「ウソばっかり！,You always lie!,,
ID00050,00002bd2,45,　私を騙せると思ってんの！？」,Don't think you can fool me!,,
ID00050,00002d95,42,「う……悪い。ちょっと見た」,"Ugh... I'm sorry, I just took a peek.",,
ID00050,00002f8e,36,「ったく…こういう時は、,"Geez... in situations like this,",,
ID00050,00002fc1,36,　とっさに目を逸らして、,"you should look away immediately,",,
ID00050,00002ff4,42,　見ないようにしなさいよ！」,and pretend not to see anything!,,
ID00050,00003313,42,「スカートが短い方が悪い！」,It's your short skirt's fault!,,
ID00050,000035e0,48,「短ければ見てもいいっての！？」,"If it's short, you can look all you want!?",,
ID00050,0000363e,39,「…ごめん、俺が悪かった」,Sorry... It was my fault,,
ID00050,00003868,45,「わかればいいのよ、わかれば」,"Just understand that, just get it!",,
ID00050,00003c62,36,「エッチなことしてると、,"When you do perverted stuff,",,
ID00050,00003c95,36,　女の子にモテないわよ」,girls won't like you.,,
ID00050,00003f80,21,「それじゃね」,Later.,,
ID00050,0000436f,57,（見たどころか、録ったとは言えない…）,"(I didn't even see anything, let alone record it...)",,
ID00050,000043e6,30,（録るまでもないな）,No point recording.,,
ID00051,0000128a,21,「あ、ユイ姉」,"Hey, Yui-nee",,
ID00051,00001414,15,「ぶろ君」,Bro-kun,,
ID00051,000014cd,30,「なにやってんの？」,What are you doing?,,
ID00051,00001660,54,「ファッションサイトで服を大人買い」,Go on a shopping spree at fashion sites.,,
ID00051,000017ff,54,「大人買いって、まだ高校生のくせに」,"You're still in high school, yet you go all out.",,
ID00051,000019aa,30,「収入は大人越えよ」,My income tops adult levels.,,
ID00051,00001b31,57,（モデル業で、父さんより稼いでるみたい,(I make more than my dad as a model...),,
ID00051,00001b79,21,　だからなぁ）,That's why...,,
ID00051,00001d03,39,「ぶろ君も服に気を遣えば？,Why not dress better?,,
ID00051,00001d39,36,　冴えないよ、普段の服」,Your usual outfits are kinda dull.,,
ID00051,0000201a,36,「い、いいんだよ、俺は！,"N-no, it's fine with me!",,
ID00051,0000204d,48,　かっこいい服着たって…だしな」,Even if you wear cool clothes... I mean.,,
ID00051,000021f2,51,「ん～、そうでもないと思うけどね」,"Hmm, I don't really think so.",,
ID00051,00002518,45,「お、おい、あれ、ユイナだぞ」,"Hey, that's Yuna over there.",,
ID00051,000026f0,30,「スタイルすげぇ～。,She's got style.,,
ID00051,0000271d,45,　さすが現役女子高生モデル！」,No surprise you're a model.,,
ID00051,000027af,57,「ク～ッ、あんなのが彼女だったらよぉ」,"Grrr, if that was my girlfriend...",,
ID00051,00002971,12,「む…」,Ugh...,,
ID00051,000029ab,39,（…噂話は、聞こえない声で,...The gossip's in hushed tones.,,
ID00051,000029e1,30,　やって欲しいよな）,You want me to do that?,,
ID00051,00002a2d,57,（四六時中、好奇な視線にさらされて…、,(Being constantly exposed to curious gazes...,,
ID00051,00002a75,30,　芸能人は大変だな）,Being an idol's tough.,,
ID00051,00002ca9,54,「その気になったらいつでも言ってよ。,"If you ever want to, just say so.",,
ID00051,00002cee,48,　コーディネートしてあげるから」,I'll help you coordinate.,,
ID00051,00002e87,33,「そんな金、ねーって」,Like I have that kind of cash.,,
ID00051,0000301d,57,「バイトして貯めなさい。それじゃね～」,Save up by working part-time. See ya~,,
ID00051,00003595,45,（俺が…支えてやらなきゃな…）,(Guess it's up to me to support her...),,
ID00052,00001e75,39,「ふ～っ、休憩、休憩と…」,"Phew, I said I wanted a break...",,
ID00052,000023e9,12,「あ…」,...,,
ID00052,000025b1,12,「あ…」,...,,
ID00052,00002770,45,「結菜さん、私、もう行くから」,"Kanna-san, I'm leaving now.",,
ID00052,00002943,30,「え？　そ、そう？」,Huh? R-R-really?,,
ID00052,00002bf8,18,「それじゃ」,See ya.,,
ID00052,000031ab,45,「もう、ぶろ君が急に来るから、,"It's because Bro-kun suddenly came that,",,
ID00052,000031e7,39,　ひめちゃんビックリして、,"Hime-chan got so surprised she,",,
ID00052,0000321d,36,　行っちゃったじゃない」,left like that.,,
ID00052,000034e5,15,「悪い…」,Sorry...,,
ID00052,000035ad,24,「それじゃあね」,See ya.,,
ID00052,000039f3,63,（もう、凜世は俺と目も合わそうとしない…）,She's not even looking at me...,,
ID00052,00003a8f,63,（もう、妃月は俺と目も合わそうとしない…）,She's not even looking at me...,,
ID00052,00003bae,63,「ユイ姉って、凜世と知り合いだったんだ？」,You know Rinze?,,
ID00052,00003c4a,63,「ユイ姉って、妃月と知り合いだったんだ？」,You know Himeragi?,,
ID00052,00003e2d,42,「そうよ、時々声かけてるの」,"Yeah, I talk to her sometimes.",,
ID00052,0000401b,48,「なんとな～く、小さいころの私に,I kinda feel like she reminds me of,,
ID00052,0000405a,30,　似てる気がしてね」,my younger self.,,
ID00052,00004241,30,「そうだったのか…」,"Oh, I see...",,
ID00052,000043bb,24,「それじゃあね」,See ya.,,
ID00052,00004401,21,「ああ、また」,See ya,,
ID00052,00004844,63,（もう、凜世は俺と目も合わそうとしない…）,She's not even looking at me...,,
ID00052,000048e0,63,（もう、妃月は俺と目も合わそうとしない…）,She's not even looking at me...,,
ID00052,00004a2e,30,「あ、ユイ姉に凜世」,"Hey, Rinze.",,
ID00052,00004aa9,30,「あ、ユイ姉に妃月」,"Hey, Himeragi.",,
ID00052,00004cb2,15,「ぶろ君」,Bro-kun,,
ID00052,00004f1a,36,「２人でなにしてんの？」,What are you two doing?,,
ID00052,000050fd,63,「ひめちゃんが１人でいたから、声かけたの」,I saw Himechan alone and called out to her.,,
ID00052,000051be,15,「そっか」,Oh yeah,,
ID00052,00005373,36,「なんで…私に構うの？」,Why...are you talking to me?,,
ID00052,00005448,63,「ユイ姉って、凜世と知り合いだったんだ？」,You know Rinze?,,
ID00052,000054e4,63,「ユイ姉って、妃月と知り合いだったんだ？」,You know Himeragi?,,
ID00052,000056ae,42,「そうよ、時々声かけてるの」,"Yeah, I talk to her sometimes.",,
ID00052,0000587e,36,「なんで…私に構うの？」,Why...are you talking to me?,,
ID00052,00005a90,30,「ん？　それはね…」,Hm? Well...,,
ID00052,00005dc1,36,「ひめちゃんを見てると、,"When I look at Himechan,",,
ID00052,00005df4,51,　小さいころの自分を思い出すのよ。,I remember my younger self.,,
ID00052,00005e36,54,　プライドが高くて、いつも１人で…」,I was so proud and always alone...,,
ID00052,00006444,54,「だから、守ってあげたくなっちゃう」,So I wanna protect her,,
ID00052,00006aa4,63,「違うよ。結菜さんと私は、似てないと思う」,Nope. I don't think Nana and I look alike.,,
ID00052,00006f67,15,「そう？」,Really?,,
ID00052,000071de,57,「そんな…みんなにうまく笑えないから。,I can't smile like everyone else...,,
ID00052,00007226,30,　愛想よく出来ない」,I can't be friendly either.,,
ID00052,000077ad,63,「そんな…笑えないから。愛想よく出来ない」,Because... I can't smile. And I can't be friendly.,,
ID00052,00007d5f,27,「プロのモデルで…,A professional model...,,
ID00052,00007d89,42,　写真で笑顔を振りまいて…。,Smiling for the camera...,,
ID00052,00007dc2,27,　私とは…違う…」,I'm not like that...,,
ID00052,00008307,57,「フフッ、そっかぁ。そう見えてるんだ」,"Hehe, I see. That's how you see it.",,
ID00052,000087be,63,「そうね…どの写真も笑顔ばっかりってのは、,"Well... every photo showing only smiles,",,
ID00052,0000880c,39,　私も悩んだことあるわよ」,has made me wonder too.,,
ID00052,00008c67,12,「え…」,Huh...?,,
ID00052,00008de8,33,「特に小さいころはね。,"Especially when I was little,",,
ID00052,00008e18,57,　かわいい笑顔ばっかり求められたから」,they just wanted cute smiles.,,
ID00052,00009181,51,「私の気持ちとか、内面を無視して、,"Ignoring my feelings and inner self,",,
ID00052,000091c3,33,　笑って、笑ってって」,"just smile, they'd say.",,
ID00052,000095cf,33,「ホ～ント、ウンザリ。,"Seriously, I'm so sick of it.",,
ID00052,000095ff,39,　わざとしかめっ面作って、,Making a fake grumpy face.,,
ID00052,00009635,51,　大人に反発したこともあったっけ」,I remember rebelling against adults like that once.,,
ID00052,00009cbc,30,「そうだったんだ…」,"Oh, I see...",,
ID00052,00009e4f,51,「どう？　似てるでしょ？　私たち」,How about you? Do we look alike?,,
ID00052,0000a195,21,「…そうかも」,...Maybe.,,
ID00052,0000a31f,33,「気にすることないよ」,It doesn't matter anyway.,,
ID00052,0000a559,45,「ひめちゃんだって、そのうち、,"Hime-chan will eventually,",,
ID00052,0000a595,45,　笑顔をいっぱい振りまくことに,spread lots of smiles around,,
ID00052,0000a5d1,24,　なるんだから」,You'll get used to it.,,
ID00052,0000a75e,21,「そうなの？」,Really?,,
ID00052,0000a92b,39,「そう。心を許した人にね」,"That's right, to the people you trust.",,
ID00052,0000ac4f,12,「あ…」,...,,
ID00052,0000ade2,39,「ちょっとわかるよ、それ」,I kinda get that.,,
ID00052,0000af90,30,「えっ！？　早っ！」,Whoa! So fast!,,
ID00052,0000b25e,33,「そっかぁ、いいなぁ。,"Oh yeah, nice.",,
ID00052,0000b28e,42,　私なんか未だに現れないよ」,I still haven't found mine yet.,,
ID00052,0000b6bc,21,「そうなの？」,Really?,,
ID00052,0000b870,57,「そう。弟が頼りがいありすぎってのも、,Having a reliable younger brother.,,
ID00052,0000b8b8,24,　困りもんよね」,"A real pain, huh?",,
ID00052,0000bd4c,15,「フフッ」,Heh heh.,,
ID00052,0000bd89,36,「なんの話だ、なんの！」,What're you talking about?!,,
ID00052,0000bf22,18,「アハハハ」,HAHAHA,,
ID00052,0000c0bf,18,「ふうん…」,Hmm...,,
ID00052,0000c275,48,「それじゃあね。なにかあったら、,"See ya. If anything comes up,",,
ID00052,0000c2b4,51,　なんでも相談して。力になるから」,come talk to me. I'll help out.,,
ID00052,0000c5c4,12,「ん…」,Hmm...,,
ID00052,0000c7a7,30,「ぶろ君もまたね～」,"Bye, bro-kun~",,
ID00052,0000c84d,12,「ああ」,Yeah.,,
ID00052,0000cd7b,42,「いい人だね、結菜さんって」,"You're a good person, Yuna-san.",,
ID00052,0000cf55,27,「苦労したからな。,It was tough back then.,,
ID00052,0000cf7f,45,　デビューしたてのころは特に」,Especially when I first debuted.,,
ID00052,0000d108,15,「そっか」,Oh yeah,,
ID00053,000018a1,21,「あ、まひ…」,"Ah, Mahi...",,
ID00053,000018e4,24,「まひろ～っ！」,Mahiro~!,,
ID00053,00001c0a,36,「な～にやってんのよ～」,What are you doing~?,,
ID00053,00001d8a,27,「あ！　ユイ姉！」,Oh! Ui-onee!,,
ID00053,00001f01,63,「高３のフロアにもっと遊びに来なさいよ～。,Come play in the third-year floor more often~.,,
ID00053,00001f4f,27,　寂しいじゃない」,It's so lonely.,,
ID00053,000020c6,54,「えー、だって、ユイ姉忙しそうだし、,"Eh, because Ui-onee looks busy and",,
ID00053,0000210b,57,　高３のフロアはちょっと敷居高いし…」,the third-year floor is a bit intimidating...,,
ID00053,000022a0,51,「も～っ、せっかくミツミキャンプに,"Aww, since I'm here at Mitsumi Camp anyway~",,
ID00053,000022e2,63,　来てるんだから、もっと一緒にいようよ～」,Let's spend more time together~,,
ID00053,0000247d,51,「…うん、そうだね。遊びに行く！」,"...Yeah, you're right. Let's go play!",,
ID00053,0000260c,45,「絶対よ！　私も時間作るから」,I will! I'll make some time too.,,
ID00053,00003394,12,「あ…」,...,,
ID00053,00003546,36,「ユイ姉、向こうで話そ」,"Ui-onee, let's talk over there.",,
ID00053,000037ec,12,「え？」,What?,,
ID00053,00003acb,24,「ほら、こっち」,"Hey, this way.",,
ID00053,0000403e,39,「あ、ちょっと、まひろ？」,"Oh, wait a sec, Mahiro?",,
ID00053,0000435c,27,「じゃ、じゃあね」,See ya.,,
ID00053,000043a5,21,「あ、ああ…」,"Oh, yeah...",,
ID00053,00004794,27,（仕方ないよな…）,Oh well...,,
ID00053,00004860,51,（ユイ姉は、まひろが転校すること、,Miu-onee-chan knows that Mahiro's transferring...,,
ID00053,000048a2,33,　知ってるんだよな…）,She must know...,,
ID00053,00004b31,42,「あ、ナツにい、見てたの？」,"Hey, Nagisa, were you watching?",,
ID00053,00004dff,42,「ちょうど居合わせたからな」,I was just there by chance.,,
ID00053,00004fe8,39,「かわいいなぁ、まひろは」,Mahiro's so cute.,,
ID00053,00005437,42,「いっそ、ぶろ君と結婚して、,Why don't you marry him?,,
ID00053,00005470,54,　ホントの妹になっちゃえばいいのに」,You should.,,
ID00053,00005cc5,33,「えっ！？　いいの！？,What!?! Are you serious!?,,
ID00053,00005cf5,39,　なるなるっ！　ナツにいの,"I'll do it, I'll do it!",,
ID00053,00005d2b,48,　お嫁さんになって、妹になる！」,Become my sister-in-law and be my little sister!,,
ID00053,000064d0,21,「婚約成立ね」,Engagement's on.,,
ID00053,00006833,63,「ぶろ君、私の命令よ、まひろと結婚なさい。,"Bro-kun, this is an order. Marry Mahiro.",,
ID00053,00006881,57,　こ～んないい子、他にいないんだから」,There's no one else like her out there.,,
ID00053,000075ca,30,「だよね、だよね～」,"You're right, you're right~",,
ID00053,0000781b,36,「いいよね？　ナツにい。,Isn't that great? Nagisa.,,
ID00053,0000784e,30,　お嫁さんにして！」,Make her your wife!,,
ID00053,000079ee,18,「お前ら…」,You guys...,,
ID00053,00007a2e,36,（冗談とはいえ、そんなの,Even if joking,,
ID00053,00007a61,42,　返事出来るわけないだろ？）,isn't something you can just answer.,,
ID00053,00007d95,60,「おおっ、救いのチャイムが！　じゃっ！」,Oh! The bell of salvation! See ya!,,
ID00053,00007fea,27,「あっ！　コラ！」,Hey! Stop!,,
ID00053,000081fc,30,「逃げるなぁ～っ！」,Don't run away~!,,
ID00054,00001897,60,（おっ！？　フェンスのそばにいるのは…）,(Whoa!? The person by the fence is...),,
ID00054,00001c90,63,「昼休みに屋上でのんびり海を眺めるなんて、,To watch the sea during lunch?,,
ID00054,00001cde,42,　忙しいユイ姉らしくないね」,"That's not like you at all, busy Yui-nee.",,
ID00054,00001e96,15,「ぶろ君」,Bro-kun,,
ID00054,00002040,48,「そうね～。差し迫った仕事のない,No pressing work.,,
ID00054,0000207f,33,　お昼休みって最高よ」,is just perfect.,,
ID00054,0000253a,42,「こうしてなんにも考えずに、,Being able to do nothing and,,
ID00054,00002573,57,　ボーッと過ごすなんて、すっごく贅沢」,just zone out is super luxurious.,,
ID00054,00002910,63,「まるで…時間がゆっくりすぎて行くみたい」,It feels like time is moving way too slowly.,,
ID00054,00002a64,51,（ユイ姉…ずっと忙しかったからな）,(Yui-nee... you've been so busy lately.),,
ID00054,00002c42,60,「うんうん、わかりますよぉ、その気持ち」,"Yeah, I totally get that feeling.",,
ID00054,00003426,18,「心美先生」,Miss Shinomiya...,,
ID00054,000035ad,51,「結菜さんはプロの売れっ子モデル。,Yuena is a super popular model pro.,,
ID00054,000035ef,57,　自由な時間なんてほとんどないものね」,She barely has any free time at all.,,
ID00054,000038d8,48,「やっとお休みが取れたんでしょ？,"You finally got some time off, right?",,
ID00054,00003917,27,　よかったわね～」,That's great~,,
ID00054,00003bfb,24,「おかげさまで。,Thanks to you.,,
ID00054,00003c22,54,　９年目にして、初めての夏休みです」,It's my first summer vacation in nine years.,,
ID00054,00004086,51,「うんうん、大切にしなくっちゃね」,"Yeah, yeah, you have to cherish it.",,
ID00054,000044fa,57,「けどね……その…言いづらいんだけど、,"But... umm... I don't want to say this, but...",,
ID00054,00004542,27,　成績の方が…ね」,Your grades matter...,,
ID00054,00004e7e,54,「このままだと、卒業が怪しいのよぉ。,Graduation's at risk.,,
ID00054,00004ec3,39,　出席日数もギリギリだし」,Attendance is barely met.,,
ID00054,000053eb,12,「うっ」,Ugh,,
ID00054,00005643,51,「お休みが取れたんなら、がんばって,"Since you got time off, why not try",,
ID00054,00005685,57,　勉強してみない？　先生、結菜さんなら,studying? Teacher thinks Yuna can do it.,,
ID00054,000056cd,60,　もっともっといい成績が取れると思うの」,I think you can get even better grades.,,
ID00054,0000616e,54,「夏は、遊ぶためだけのものじゃない。,Summer isn't just for playing around.,,
ID00054,000061b3,48,　勉学に励むためにもあるのよ！」,It's also a time to study hard!,,
ID00054,0000667e,51,「うぐぐ…ぶろ君、なんか言ってぇ」,"...Bro-kun, say something...",,
ID00054,00006d33,51,「俺と同じ学年になりたくないなら、,"If you don't want to be in my grade,",,
ID00054,00006d75,39,　勉強するしかないだろ？」,you have no choice but to study.,,
ID00054,00007089,51,「え～っ、ぶろ君は先生の味方ぁ？」,"Ehh~, are you on the teacher's side, Bro-kun?",,
ID00054,000073b3,27,「味方もなにも…」,I'm not really...,,
ID00054,000075d7,45,「先生もつき合ってあげるから。,I'll even go out with her too.,,
ID00054,00007613,24,　ね？　やろ？」,See? Right?,,
ID00054,00007b8a,42,「うぅ……先生のお気持ちは、,Ugh... I'm happy you feel that way...,,
ID00054,00007bc3,48,　うれしいです。けど…けどぉ…」,but... but...,,
ID00054,0000883d,33,「今は、遊ばせてぇ！」,Let me play for now!,,
ID00054,00008fe6,30,「あ！　結菜さん！」,Ah! Yuna-san!,,
ID00054,000092a8,48,「先生！　ユイ姉の好きなように、,"Teacher, let Yuu-nee do what she likes,",,
ID00054,000092e7,36,　させてやってください」,and please leave it to her.,,
ID00054,00009339,57,「夏が終わったら、俺がマンツーマンで、,"When summer's over, I'll tutor Yuu-nee one-on-one,",,
ID00054,00009381,39,　ユイ姉に勉強させるから」,I'll make her study with me.,,
ID00054,0000951d,20,「@str_000君…」,@str_000-kun...,,
ID00054,0000968d,39,「素敵な姉弟愛ね。けど…」,That's some nice sibling love... but...,,
ID00054,000099d1,60,「そう言うあなたも、もっと上位を目指して,You should aim even higher too.,,
ID00054,00009a1c,48,　勉強した方がいいんじゃない？」,"You should study too, don't you think?",,
ID00054,00009bdb,12,「えっ」,Oh!,,
ID00054,00009d8b,63,「そう言うあなたも、もっとがんばらないと、,"You say that, but you should try harder yourself,",,
ID00054,00009dd9,33,　成績が落ち気味よ？」,Grades are dropping.,,
ID00054,00009e28,12,「うっ」,Ugh,,
ID00054,00009fd8,60,「取りあえず、あなたにみっちり補習を…」,First I'll have to give you some extra tutoring...,,
ID00054,0000a17d,57,「よ、用事思い出した！　失礼します！」,Oh! I remember something important! Excuse me!,,
ID00054,0000a386,36,「あ！　待ちなさぁい！」,Ah! Wait a second!,,
ID00054,0000a68f,15,「も～っ」,Geez...,,
ID00055,000017f5,39,（なにか読みたい本は…と）,Anything I wanna read...?,,
ID00055,0000184a,33,「それっ！　それっ！」,There! There!,,
ID00055,00001899,33,「コノッ！　コノッ！」,Hey! Hey!,,
ID00055,000018e8,54,「アハハ、涼しい～。もっともっと！」,"Hehe, cool~. More more!",,
ID00055,0000194c,33,「ちょっと！　そっちも,"Hey! You too,",,
ID00055,0000197c,42,　もっとがんばりなさいよ！」,Try harder!,,
ID00055,000019d4,18,「ハイハイ」,Okay okay,,
ID00055,00001a14,21,（この声は…）,That voice...,,
ID00055,00001e65,33,「それっ！　それっ！」,There! There!,,
ID00055,00002110,33,「コノッ！　コノッ！」,Hey! Hey!,,
ID00055,000023bb,51,「フフッ、この発想はなかったわね」,"Hehe, didn't think of that one.",,
ID00055,0000254a,18,「涼し～っ」,So cool~,,
ID00055,00003264,36,「ははは、無邪気だなぁ」,"Haha, you're so innocent.",,
ID00055,000034a5,12,「あ…」,...,,
ID00055,00003657,36,「ユイナ、それじゃあね」,"Yuna, see ya.",,
ID00055,00003b9c,48,「ちょ、ちょっと、どうしたのよ？,"W-Wait a sec, what's going on?",,
ID00055,00003bdb,18,　マリア！」,Mariana!,,
ID00055,00003ee4,30,「じゃあね、ぶろ君」,"See ya, bro.",,
ID00055,00003f30,21,「あ、ああ…」,"Oh, yeah...",,
ID00055,0000431f,30,（行っちゃった…か）,She's gone...,,
ID00055,00004547,24,「あ、ぶろ君！」,"Oh, bro!",,
ID00055,0000472d,21,「ベリィ君！」,Veli!,,
ID00055,00004770,60,「綺麗な２人が子供っぽいことやってると、,Two beauties actin' all kid-like.,,
ID00055,000047bb,33,　なんか微笑ましいよ」,it makes me smile.,,
ID00055,00004951,15,「うぐ…」,Ugh...,,
ID00055,00004b9b,54,「ちょ、ちょっと童心に帰っただけよ。,"W-wait, I was just being playful.",,
ID00055,00004be0,24,　それじゃあね」,See ya later.,,
ID00055,0000524d,54,「ユイ姉って、マリアさんと仲いいね」,"You and Mariana are pretty close, aren't you?",,
ID00055,00005447,54,「ああ見えて付き合いいいのよ、彼女」,"Yeah, we're actually dating.",,
ID00056,000024a7,48,（あ～、腹減った。メシ、メシと）,"(Man, I'm hungry... Food, food.)",,
ID00056,0000264c,54,「あ、ぶろ君、ちょうどいいところに」,"Oh, Bro-kun, you're just in time.",,
ID00056,00002926,15,「ユイ姉」,Yui-nee,,
ID00056,00002b40,36,「一緒にお昼食べない？」,Want to eat lunch together?,,
ID00056,00002b92,36,「お、いいね。おごり？」,Sounds good! You buying?,,
ID00056,00002d2b,54,「なーんで私が、あんたにおごんなきゃ,Why should I treat you when,,
ID00056,00002d70,27,　なんないのよ？」,you're the one inviting me?,,
ID00056,00002f0d,42,「誘っておいて、弟に冷て～」,You invited me and then got cold feet~,,
ID00056,000030ac,48,「おごるなら、男が女にでしょ？」,"If you're buying, it's on you.",,
ID00056,000033b2,63,「くっ、やべぇ、おごらされる。ワリカンで」,"Crap, I'm getting bought drinks. Let's split.",,
ID00056,0000357a,54,「フフッ、そうそう。身内だからこそ、,"Hehe, that's right. Since we're family,",,
ID00056,000035bf,33,　お金はキッチリとね」,I expect to be paid back exactly.,,
ID00056,00003997,48,「すでに稼いでるユイ姉が言うと、,"When you say it, Yui-nee who works,",,
ID00056,000039d6,27,　重みがあるなぁ」,it really hits home.,,
ID00056,00003b66,54,「そりゃそうよ。とっくに社会の荒波に,"Of course. You've dealt with society for a while,",,
ID00056,00003bab,33,　揉まれてるんだから」,haven't you?,,
ID00056,00003f21,57,「あ、ユイ姉、にい君、私もお昼行くー」,"Hey, Yui-nee, Bro-kun, I'm going for lunch too!",,
ID00056,00003f88,18,「あ、真奈」,"Ah, Mana.",,
ID00056,00004386,24,「はわわわっ！」,Whoa whoa whoa!,,
ID00056,00004524,18,「危ない！」,Watch out!,,
ID00056,00004ae3,18,「むぎゅっ」,Squish,,
ID00056,00004c51,39,「セーーフ。間に合ったぁ」,Safe! Made it in time.,,
ID00056,00004dd4,42,「あははー、ナイスキャッチ」,"Haha, nice catch.",,
ID00056,00005a67,45,「もう、危なっかしいんだから」,You're so reckless.,,
ID00056,00005c09,54,「エヘヘー、極上クッションのおかげで,"Hehe, thanks to the super comfy cushion",,
ID00056,00005c4e,18,　無傷だよ」,I'm unharmed.,,
ID00056,00005f10,30,「ユイ姉は大丈夫？」,"You okay, Yu-san?",,
ID00056,000060e6,48,「大丈夫。妹を抱き留めるぐらい、,"I'm fine. Holding my sister is easy,",,
ID00056,00006125,24,　へっちゃらよ」,Piece of cake.,,
ID00056,00006683,39,「いつもお世話になるねー」,"You always rely on me, huh?",,
ID00056,0000694d,60,「ったく、私もぶろ君も逃げないんだから、,"Man, neither you nor Bro-kun are running away, so",,
ID00056,00006998,45,　落ち着いて降りてきなさいよ」,Just calm down and come down here.,,
ID00056,00006db0,54,「気持ちと体の進み具合がずれるのは、,"Your mind and body aren't in sync, so",,
ID00056,00006df5,36,　よくあることと思われ」,it's pretty common I guess.,,
ID00056,000070ff,54,「ホント、運動神経ないよなぁ、お前」,"You really have no athletic ability, huh?",,
ID00056,000072c5,48,「おやおや、ユイ姉に出遅れた上に,"Oh my, you're even slower than Yui-nee,",,
ID00056,00007304,48,　その言い草とは、騎士失格だね」,"and with that attitude, you'd fail as a knight.",,
ID00056,000074f5,12,「う…」,...,,
ID00056,00007676,54,「ホントよ。私に助けさせてる場合じゃ,"I'm serious. You shouldn't be relying on me now,",,
ID00056,000076bb,60,　ないでしょ？　頼りにならないんだから」,since I can't count on myself either.,,
ID00056,00007ae2,15,「悪い…」,Sorry...,,
ID00056,00007cf9,54,「危機一髪だったけど、予感的中だね」,"That was close, but your hunch paid off.",,
ID00056,00007f4b,15,「予感？」,A hunch?,,
ID00056,000080cf,33,「ここに来たら、３人で,"When we got here, I felt like",,
ID00056,000080ff,42,　お昼が食べられる気がした」,we could eat lunch together.,,
ID00056,000083a3,39,「フフッ、察しがいいわね。,"Hehe, you're perceptive.",,
ID00056,000083d9,60,　私も２人を誘ってお昼がしたかったのよ」,I wanted to invite the two of you for lunch too.,,
ID00056,0000876f,24,「そうなのか？」,Is that so?,,
ID00056,000088fe,48,「にい君はなにも感じなかった？」,You didn't feel anything?,,
ID00056,0000895c,21,「あ、ああ…」,"Oh, yeah...",,
ID00056,00008b30,60,「まぁちゃんと違って、察しが悪いわねぇ」,"Well, you really are clueless.",,
ID00056,0000900c,24,「うっさいぞー」,Shut up already.,,
ID00056,00009213,51,「さ、行こっか。まぁちゃんの分は、,"C'mon, let's go. I'll get Maa-chan's share,",,
ID00056,00009255,33,　私がおごってあげる」,I'll treat you.,,
ID00056,000095b9,54,「やったー。冷やし中華にしよーっと」,Yay! Let's get cold Chinese food.,,
ID00056,00009758,45,「身内のお金はキッチリするとか,"You know, when it comes to family money,",,
ID00056,00009794,48,　言っといて…。俺は？　俺は？」,I should've said something... What about me? Me?,,
ID00056,00009980,48,「ダメよ、役に立たないんだから」,"No way, you're useless.",,
ID00056,00009b53,63,「クッ、妹と弟の扱いの差に憤りすら覚える」,"Grr, I'm pissed at the difference.",,
ID00056,00009dc8,54,「お姉ちゃんとお兄ちゃんに守られて、,"Being protected by my big sis and bro,",,
ID00056,00009e0d,30,　真奈は幸せだねー」,Manaka's so happy~,,
ID00056,0000a053,27,「末っ子の特権よ」,It's my privilege.,,
ID00056,0000a13d,60,「はいはい、冷やし中華は人気なんだから、,"Okay, okay, cold Chinese food is popular so",,
ID00056,0000a188,45,　早く行かねーと売り切れるぞ」,we gotta go quick or it'll sell out,,
ID00056,0000a36d,24,「うん、行こー」,"Yeah, let's go",,
ID00056,0000a650,33,「学食で家族団らんね」,Fam dinner at the cafeteria,,
ID00057,00001337,57,（ん？　こんな時間に誰か泳いでるのか？,Huh? Someone's swimming at this hour?,,
ID00057,0000137f,27,　水泳部の昼練？）,Swim team's lunch prac?,,
ID00057,00001a35,30,「って、ユイ姉！？」,Yui-nee!?,,
ID00057,00001d5e,27,「あれ？　ぶろ君」,"Oh, Bro-kun.",,
ID00057,00002097,63,「なんでこんな時間に、１人で泳いでんだ？」,Why are you swimming alone at this hour?,,
ID00057,0000224b,39,「スイミングダイエットよ。,I'm doing a swimming diet.,,
ID00057,00002281,63,　体育の後、居残って泳がせてもらってるの」,The teacher's making me swim after gym class.,,
ID00057,000026c4,33,「写真集撮ってるから、,"I'm getting my picture taken, so",,
ID00057,000026f4,39,　水着になることが多くて」,I have to wear a swimsuit a lot.,,
ID00057,000029cb,27,「ボディラインを、,Keep my form.,,
ID00057,000029f5,45,　引き締めておかなくっちゃね」,"tight and toned, you know?",,
ID00057,00002b8b,51,「十分引き締まってると思うけどな」,I think it's already tight enough.,,
ID00057,00002c05,30,「フフッ、ありがと」,"Hehe, thanks.",,
ID00057,00002f08,39,「けど、念には念を入れて、,but just to be safe,,
ID00057,00002f3e,63,　有酸素運動で脂肪を燃焼しておかないとね」,you gotta burn off that fat with aerobic exercise,,
ID00057,000034bc,57,「それじゃね～。もうひと泳ぎするから」,See ya~. I'm gonna swim a bit more,,
ID00057,0000365e,39,「無理しすぎないようにな」,Don't overdo it,,
ID00057,000037fa,27,「わかってるって」,I know that.,,
ID00057,00003c00,48,（大変だよな、モデルの仕事は…）,That modeling job must be tough...,,
ID00058,0000122c,36,「あ、ユイ姉、家庭科？」,"Hey, Yu-sis, home ec?",,
ID00058,00001500,33,「そっ、終わったとこ」,J-Just finished up.,,
ID00058,0000168a,48,「どうだった？　うまく作れた？」,How'd it go? Did you make it well?,,
ID00058,000018a5,36,「ぜ～んぜん。そもそも、,Not at all.,,
ID00058,000018d8,45,　ちっとも楽しくなかったわよ」,It wasn't fun at all.,,
ID00058,00001e44,39,「早く終わって～って感じ」,Wished it would end sooner.,,
ID00058,00001fd4,18,「なんで？」,Why not?,,
ID00058,0000215b,54,「なんでって、いつものことなんだから,Why? It's just usual for me.,,
ID00058,000021a0,24,　察しなさいよ」,Figure it out yourself.,,
ID00058,000026f7,45,「午後から水着の撮影があるの。,I have a swimsuit shoot this afternoon.,,
ID00058,00002733,51,　だから、朝もお昼も、食事は抜き」,"So, I'm skipping breakfast and lunch too.",,
ID00058,00002e09,48,「あ…そっか。お腹が出ないように,Oh... right.,,
ID00058,00002e48,21,　してるのか」,You're doing that?,,
ID00058,00002fd2,63,「そういうこと。食事を取るとどうしたって、,"That's right. No matter what, eating will make your",,
ID00058,00003020,45,　ウエストラインが緩むからね」,waistline sag.,,
ID00058,0000358c,36,「自ら料理を作りながら、,"While cooking for yourself,",,
ID00058,000035bf,45,　まったく口に出来ないなんて…,Can't even say it out loud...,,
ID00058,000035fb,24,　拷問よ、拷問」,It's torture.,,
ID00058,00003ca9,51,「しかも、みんながお喋りしながら、,"And while everyone chats away,",,
ID00058,00003ceb,51,　おいしそうに食べてるのを横目に、,"I have to watch them eat so happily,",,
ID00058,00003d2d,45,　私は一足先に洗い物。ったく」,and do the dishes first. Ugh.,,
ID00058,00004739,48,「あ～あ～、早く撮影終わらせて、,"Ugh, can't wait for this shoot to end,",,
ID00058,00004778,30,　ごはん食べよっと」,so I can eat.,,
ID00058,00004ee3,27,「それじゃあね～」,See ya~,,
ID00058,000052e8,21,（大変だな…）,Poor thing...,,
ID00059,00001b3c,21,「んっ、んっ」,"Mm, mm.",,
ID00059,00001b7f,21,「んっ、んっ」,"Mm, mm.",,
ID00059,00001bc2,48,「うん、準備運動はこれぐらいね」,"Yeah, that's enough warm-up for now.",,
ID00059,0000228d,57,「なんでこんな時間に体操服なんだよ？」,Why are you in your gym clothes at this hour?,,
ID00059,000024af,60,「あ、ぶろ君。ちょっとジョギングしようと,"Oh, Mr. Bath. I was thinking of going for a jog,",,
ID00059,000024fa,15,　思って」,but...,,
ID00059,00002980,34,「『End of Summer』の撮影も,and we still have to shoot it,,
ID00059,000029b1,39,　まだまだ続くみたいだし、,so it looks like more work.,,
ID00059,000029e7,36,　体力つけておかないと」,Or I won't have enough stamina.,,
ID00059,00002cc8,33,「そっか…大変だなぁ」,"Oh, that's rough.",,
ID00059,00002e5e,30,「そうでもないのよ。,Not really.,,
ID00059,00002e8b,63,　今日はパートナーがいるから、楽しみでね」,I've got a partner today.,,
ID00059,0000322d,12,「ん？」,Hm?,,
ID00059,000033a4,36,「お待たせ～、結菜さん」,"Sorry for the wait, Karen-san~",,
ID00059,00003b01,30,「あ！　相良さん！」,Ah! Sagara-san!,,
ID00059,00004039,12,「あ…」,...,,
ID00059,0000424a,51,「結菜さん…ごめん、先行ってるね」,Karen-san... sorry.,,
ID00059,00004cf5,51,「えっ？　あ、ちょっと、美宇！？」,"Wh-what? Oh, hey Miu!",,
ID00059,00005064,45,「じゃ、じゃあまたね、ぶろ君」,"S-sure thing, Bro-kun.",,
ID00059,00005516,24,「ああ、また…」,"Yeah, see ya...",,
ID00059,00005899,36,（２人でジョギング…か）,(Jogging together... huh?),,
ID00059,0000596e,30,（ユイ姉と相良さん、,When did they meet...,,
ID00059,0000599b,54,　いつの間に知り合ったんだろうなぁ）,(I wonder when they started hanging out...),,
ID00059,00005c44,45,「演劇もモデルも、体力が大事！,Acting and modeling both need stamina!,,
ID00059,00005c80,30,　一緒にがんばろ！」,Let's work hard together!,,
ID00059,0000627e,15,「はい！」,Okay!,,
ID00059,00006479,36,「ユイ姉と相良さんって、,Miu and Yui are...,,
ID00059,000064ac,36,　知り合いだったんだ？」,You two knew each other?,,
ID00059,00006996,36,「この間、声かけたのよ。,I was the one who approached.,,
ID00059,000069c9,45,　いつもここで発声練習したり、,"Usually I practice my voice here,",,
ID00059,00006a05,33,　走ったりしてるから」,I run around here too.,,
ID00059,00006fdc,45,「あの時はビックリしちゃった。,I was really surprised that time.,,
ID00059,00007018,33,　有名なモデルさんに、,Famous models approach.,,
ID00059,00007048,48,　いきなり声かけられるんだもん」,"I was really surprised, you know?",,
ID00059,00007769,54,「仲良くなれそうな気がしたのよね～。,I thought we could become good friends~.,,
ID00059,000077ae,57,　熱心に演技に取り組んでるとこなんか、,Like when I see her working hard on acting.,,
ID00059,000077f6,36,　気持ちが通じそうだし」,I feel like we can connect.,,
ID00059,00007c48,60,「うんうん、私もプロのモデルさんの考えに,"Yeah, it’s great to see.",,
ID00059,00007c93,45,　触れられて、すごくうれしい」,It's been so quick!,,
ID00059,000081ff,54,「あっという間に仲良くなったわよね」,We're already such good friends!,,
ID00059,000083d4,51,「うん！　もう何年もお友達みたい」,Yep! It feels like years.,,
ID00059,000086d0,27,「フフッ、そうね」,"Hehe, really?",,
ID00059,0000899b,21,「ところで…」,By the way...,,
ID00059,00008b54,57,「今日はいつものウエアじゃないんだ？」,"Today you're not wearing your usual outfit, right?",,
ID00059,00008d02,60,「あ…結菜さんがたぶん体操服だろうから、,Oh... She’s probably wearing...,,
ID00059,00008d4d,33,　一緒がいいかなって」,I thought it'd be nice to match.,,
ID00059,000092ad,39,「気を遣わなくていいのに」,You didn’t have to.,,
ID00059,00009449,42,「今度、一緒に買いに行こ？」,Let's go shopping together next time?,,
ID00059,00009723,27,「あ、いいわね！」,"Ah, that sounds great!",,
ID00059,00009a86,54,「美宇のウエアの色違いにしよっかな。,Maybe I’ll get another.,,
ID00059,00009acb,57,　女の子同士でペアってかわいいわよね」,"It's cute when girls match, yeah?",,
ID00059,00009fa9,42,「うん！　すごくいいと思う！,Yeah! That'd be awesome!,,
ID00059,00009fe2,57,　一緒に走るのが楽しみになっちゃう！」,I can't wait to run with you!,,
ID00059,0000a406,57,「じゃあ、毎日ってわけにいかないけど、,"Well, we can't do it every day, but",,
ID00059,0000a44e,39,　ジョギングに出ぱ～つ！」,Let's go jogging!,,
ID00059,0000ab08,24,「レッツゴー！」,Let's go!,,
ID00059,0000b767,57,（ユイ姉と相良さん…か。モデルと演技…,With Yui-nee and Sagara-san... modeling and acting...,,
ID00059,0000b7af,63,　お互いわかりあえるとこが多いんだろうな）,They probably understand each other well.,,
ID00060,000012f6,51,（ん？　窓際にいるのは、まさか…）,Huh? The one by the window is... could it be...?,,
ID00060,000019c4,42,「うおっ！　やっぱりユイ姉！,"Whoa! It's really you, Yui-nee!",,
ID00060,000019fd,39,　こんな時間に図書室って、,At this hour in the library...,,
ID00060,00001a33,36,　まさか…居残り勉強？」,Could it be... extra study time?,,
ID00060,00001e04,30,「フフッ、まぁね～」,"Hehe, yeah~",,
ID00060,00001f8b,54,「眼鏡かけて、やる気満々じゃねーか」,You're wearing glasses and look all fired up.,,
ID00060,00002136,51,「私だって、たまには勉強するのよ」,I do my homework sometimes too.,,
ID00060,000022d2,45,「信じらんねぇ…そんなユイ姉、,I can't believe it...,,
ID00060,0000230e,54,　見たことないぞ。鼻に跡が残るから、,I've never seen you do that.,,
ID00060,00002353,48,　撮影がある時は絶対しないし…」,I definitely don't do it when there's a shoot...,,
ID00060,000023b1,27,「あ！　わかった！,Oh! I get it!,,
ID00060,000023db,39,　むしろこれから撮影だろ？,"Actually, we have a shoot now, right?",,
ID00060,00002411,54,　眼鏡をかけて、勉強するカットだ！」,It's the scene where you wear glasses and study!,,
ID00060,000025d8,57,「正解～。夕日の中で勉強してるところが,That's right~.,,
ID00060,00002620,27,　欲しいんだって」,That's what they want.,,
ID00060,00002abb,48,「実際の私は、放課後に勉強なんか,I don't actually study after school...,,
ID00060,00002afa,54,　絶対しないってのに、写真集の私は、,Even though I wouldn't.,,
ID00060,00002b3f,33,　超真面目な優等生よ」,a super serious top student.,,
ID00060,00003134,18,「はははは」,Hahaha,,
ID00060,000032bb,63,「さ、そろそろスタッフさんたちが来るから、,"Hey, the staff will be here soon,",,
ID00060,00003309,30,　ぶろ君は退散して」,So you should leave.,,
ID00060,000035cb,30,「ああ、がんばって」,Good luck.,,
ID00060,0000375e,21,「もちろんよ」,Of course.,,
ID00061,00001400,51,「あれ？　ユイ姉、こんな早い時間に,"Huh? Yui-nee, why are you here so early?",,
ID00061,00001442,18,　家庭科？」,It's not home ec.,,
ID00061,0000175f,21,「あ、ぶろ君」,"Ah, bro-kun.",,
ID00061,00001be6,39,「違うわよ。これから撮影。,We're filming something.,,
ID00061,00001c1c,48,　料理するところを撮るんだって」,They said they'd film me cooking.,,
ID00061,00001f22,30,「ああ、なるほどな」,"Oh, I see.",,
ID00061,000020b5,45,「すごいわよ～、調理師の人が、,It's amazing~ the chef is making,,
ID00061,000020f1,45,　オシャレでおいしそうな料理を,really stylish and yummy-looking food...,,
ID00061,0000212d,48,　バッチリ作ってくれてるから…」,and it looks totally awesome.,,
ID00061,000026b8,48,「私がものすごく料理上手みたい」,It makes me look really good at cooking.,,
ID00061,0000298c,36,「はははは、実際には…」,"Hahaha, but in reality...",,
ID00061,00002b25,27,「知ってるくせに」,You know that already.,,
ID00061,00002cb5,54,「てんでダメよ、見た目もおいしさも」,"I'm totally hopeless, both looks and taste-wise.",,
ID00061,00003187,51,「なに作っても、大雑把っていうか、,Whatever I make is rough.,,
ID00061,000031c9,45,　男の料理っぽくなるのよねぇ」,and it just turns out like a guy's cooking.,,
ID00061,000036a8,51,「それは、性格が男っぽいからだろ」,That's because you're basically a dude yourself.,,
ID00061,00003850,27,「うっさいわよ～」,Shut up.,,
ID00061,00003899,18,「はははは」,Hahaha,,
ID00061,000038d9,24,「ユイナさ～ん、,"Yuin-saaaan,",,
ID00061,00003900,45,　スタンバイお願いしま～す！」,please stand by okay~?!,,
ID00061,00003dc6,42,「は～い！　今行きま～す！」,Haaai! I'm going now~!,,
ID00061,00004114,24,「それじゃあね」,See ya.,,
ID00061,0000415a,30,「ああ、がんばって」,Good luck.,,
ID00062,00001807,48,「あ！　ぶろ君！　いいところに！,Hey! Bro-kun! Perfect timing!,,
ID00062,00001846,24,　かくまって！」,Hide me!,,
ID00062,00001b1b,39,「お、おい！　なんだよ？」,H-Hey! What's up?,,
ID00062,00001b70,21,「結菜さーん！,Yuka-saaaan!,,
ID00062,00001b94,42,　撮影終わったんでしょーっ！,"You're done filming, right?!",,
ID00062,00001bcd,30,　補習ですよぉー！」,It's detention timeee!!,,
ID00062,000025bb,18,「あううぅ」,Auuuuh,,
ID00062,00002742,53,「ほら、@str_000君の陰に隠れてないで。,"Come on, @str_000-kun. Don't hide behind me.",,
ID00062,00002786,60,　先生がわからないとこ教えてあげるから」,I'll help you out if the teacher asks anything.,,
ID00062,000034e6,54,「ぶろくうぅん、なにか言い返してぇ」,"Broooh, I wanna say something back",,
ID00062,00003962,21,「お、おう…」,...right...,,
ID00062,00003c27,39,「心美先生、ユイ姉は仕事が,"Teacher Shinomiya, Yui-nee's done work.",,
ID00062,00003c5d,51,　一段落したところで、まだ気持ちの,and she's still not ready to switch gears...,,
ID00062,00003c9f,51,　切り替えが…。急に補習なんて…」,Suddenly having a study session...?,,
ID00062,00003e47,30,「急じゃないわよぉ。,It's not sudden at all.,,
ID00062,00003e74,36,　週末を挟んだんだから、,"We had the weekend in between,",,
ID00062,00003ea7,42,　お休みは取れたでしょお？」,"so you got some rest, right?",,
ID00062,0000435c,12,「う…」,...,,
ID00062,00004551,39,「言い返して、言い返して」,"Come on, come on, say something.",,
ID00062,000046e1,39,「そんなこと言われても…」,Even if you say that...,,
ID00062,0000487d,62,「@str_000君だって、この間の英語の小テスト、,"@str_000, you failed the quiz too,",,
ID00062,000048ca,48,　ひどい点よ。どうするつもり？」,You got a bad score. What'll you do?,,
ID00062,00004f8d,15,「うぐっ」,Ugh...,,
ID00062,00005188,48,「２人揃って、教えてあげるから、,"We'll tell you both, so come to the library.",,
ID00062,000051c7,36,　図書室へいらっしゃい」,Come on over to the library.,,
ID00062,00005895,15,「…はい」,Yes...,,
ID00062,00005a19,48,「ちょっと！　かくまうどころか、,Wait! You're not hiding me!,,
ID00062,00005a58,54,　道連れなの？　役に立たないわねぇ」,You're useless.,,
ID00062,00005ec5,24,「うっさいぞ～」,Shut up~,,
ID00062,0000606e,54,「学生の本分は勉強よ。さ、早く早く」,"A student's duty is to study. Come on, hurry up.",,
ID00062,00006685,51,「はぁ…英語は役立つし、いいか…」,Sigh... English can be useful though...,,
ID00062,00007048,69,こうして、みっちり心美先生に英語を教えられた。,I was taught English thoroughly.,,
ID00063,00000d13,51,（あ！　階段を上がっていくのは…）,(Oh! The one going up the stairs is...),,
ID00063,00000d75,25, レコチャンスだ！, Recording chance!,,
ID00063,00000da9,25, 録るまでもないな, Not worth recording,,
ID00063,000014e8,30,（録るまでもないな）,No point recording.,,
ID00064,00000d13,60,（あっ、あそこでジュースを買ってるのは…,"Hey, that's Myouen buying juice over there...",,
ID00064,00000d5e,15,　ユイ姉）,(Yui-nee),,
ID00064,00000d9c,25, レコチャンスだ！, Recording chance!,,
ID00064,00000dd0,25, 録るまでもないな, Not worth recording,,
ID00064,00001534,30,（録るまでもないな）,No point recording.,,
ID00065,00000d9a,51,（あ！　隅でストレッチしてるのは、,(Oh! The one stretching in the corner is...,,
ID00065,00000ddc,27,　ユイ姉と真奈！）,Yui-nee and Mana!),,
ID00065,00000e26,25, レコチャンスだ！, Recording chance!,,
ID00065,00000e5a,25, 録るまでもないな, Not worth recording,,
ID00065,00001410,18,「ん～～っ」,Hmm~,,
ID00065,0000157e,21,「んん～～っ」,Mmm~,,
ID00065,000016ef,39,「柔らかいねぇ、ユイ姉は」,"""You're so flexible, Yui-nee."",",,
ID00065,00001872,39,「まぁ、そこそこ……ねっ」,"""Well, kinda... yeah.""",,
ID00065,00001ca9,30,（録るまでもないな）,No point recording.,,
ID00066,00000e23,39,（あーくそ、蚊にかまれた。,"Aw, damn it, I got bit by a mosquito.",,
ID00066,00000e59,39,　かゆみ止め、かゆみ止め）,"Scratchy stuff, scratchy stuff",,
ID00066,00000eae,51,（あ…ベッドで寝てるのは…ユイ姉）,Ah... the one sleeping in bed is Yuu-neesan.,,
ID00066,00000f10,25, レコチャンスだ！, Recording chance!,,
ID00066,00000f44,25, 録るまでもないな, Not worth recording,,
ID00066,0000152f,33,「ふが～～、ふが～～」,Fuwa~ fuwa~,,
ID00066,000016e1,33,「す～～っ、す～～っ」,*sigh* *sigh*,,
ID00066,00001d48,51,（疲れてると寝相が悪いんだよなぁ。,"When you're tired, you sleep badly, huh?",,
ID00066,00001d8a,33,　そうっとしておこう）,I'll be careful not to wake her.,,
ID00066,00001de9,30,（録るまでもないな）,No point recording.,,
ID00067,00000d66,63,（あ！　シャワーを浴びてるのは、ユイ姉！）,(Oh! The one taking a shower is Yui-nee!),,
ID00067,00000dd4,25, レコチャンスだ！, Recording chance!,,
ID00067,00000e08,25, 録るまでもないな, Not worth recording,,
ID00067,000012c0,54,「ふぅ～、今日は終わり、終わりっと」,"Phew~, that's the end of it for today, I guess.",,
ID00067,0000158d,24,「フンフ～ン♪」,Hmmph~♪,,
ID00067,0000183c,30,「ルルルル～～ン♪」,Ruuuun~♪,,
ID00067,00001cb2,30,（録るまでもないな）,No point recording.,,
ID00068,00001710,57,（暑っち～っ。夏も終わりが近いってのに,It's still so hot...,,
ID00068,00001758,30,　なんだこの暑さは）,Summer's almost over.,,
ID00068,000017a4,33,（風が吹いてくれれば、,"If only there was a breeze,",,
ID00068,000017d4,42,　少しは涼しくなんだけど…）,I could feel cooler... but nope...,,
ID00068,0000187a,33,（まさか…この風は…）,Could it be... that wind is...?,,
ID00068,000018ca,25, レコチャンスだ！, Recording chance!,,
ID00068,000018fe,25, 録るまでもないな, Not worth recording,,
ID00068,000022d1,51,（うおおおおおっ！　神風だあッ！）,Ahhh! It's a divine wind!,,
ID00068,000029c3,12,「あ…」,...,,
ID00068,000029fd,18,「よ、よぉ」,Y-yeah,,
ID00068,00002b84,48,「そのニヤけた顔……見たわね！」,That perverted grin... I saw it!,,
ID00068,00002d36,33,「み、見てないって！」,I-I wasn't looking!,,
ID00068,00002ecc,24,「ウソばっかり！,You always lie!,,
ID00068,00002ef3,45,　私を騙せると思ってんの！？」,Don't think you can fool me!,,
ID00068,00003089,42,「う……悪い。ちょっと見た」,"Ugh... I'm sorry, I just took a peek.",,
ID00068,0000323a,33,「ったく…エッチねぇ。,"Ugh, you're such a perv.",,
ID00068,0000326a,33,　砂ぶっかけるわよ？」,Gonna blind ya with sand!,,
ID00068,0000369f,33,「ふ、不可抗力だろ？」,"Haha, it was an accident...",,
ID00068,00003835,36,「とっさに目を逸らして、,"She quickly looked away,",,
ID00068,00003868,42,　見ないようにしなさいよ！」,and pretend not to see anything!,,
ID00068,000039fb,42,「スカートが短い方が悪い！」,It's your short skirt's fault!,,
ID00068,00003b9a,48,「短ければ見てもいいっての！？」,"If it's short, you can look all you want!?",,
ID00068,00003bf8,39,「…ごめん、俺が悪かった」,Sorry... It was my fault,,
ID00068,00003d94,45,「わかればいいのよ、わかれば」,"Just understand that, just get it!",,
ID00068,00004071,21,「それじゃね」,Later.,,
ID00068,00004471,57,（見たどころか、録ったとは言えない…）,"(I didn't even see anything, let alone record it...)",,
ID00068,00004b9c,36,「スッゲェ！　マジか！？,Holy shit! Really!?,,
ID00068,00004bcf,60,　ユイナのパンチラ動画、ゲットだぜッ！」,Got Yuna's skirt cam video!,,
ID00068,00005003,36,「ああっ！　堂下部長！」,Aah! Doujou-buchou!,,
ID00068,0000519c,42,「現役ＪＫモデルのパンチラ、,"Live-action J-K model's panty shot,",,
ID00068,000051d5,39,　オレも録りてーーーッ！」,I wanna record it tooooooo!!,,
ID00068,000054b9,15,「はは…」,Heh...,,
ID00068,0000563d,48,「実の姉にも容赦しないその姿勢、,"Your no-spare-sister stance,",,
ID00068,0000567c,18,　パネェ！」,Is sick!,,
ID00068,00005bff,60,「この調子で、バシバシ録っちゃってよ！」,Keep recording like that! Go for it!,,
ID00068,00006190,24,「シクヨロー！」,Roger that!,,
ID00068,00006592,57,（俺、Ｅ動画部に染まってきてないか？）,(Am I getting into the E-Video Club?),,
ID00068,00006609,30,（録るまでもないな）,No point recording.,,
ID00069,00001993,63,（ん？　今、まひろの教室へ入っていったのは,(Hm? Was that Mahiro's classroom just now...),,
ID00069,000019e1,18,　ユイ姉？）,Yu-onee?,,
ID00069,00001a21,30,「まひろ～、いる～？,Mahiro~! Are you in here~?,,
ID00069,00001a4e,36,　このクラスでしょ～？」,"This is your class, right~?",,
ID00069,00001aa0,54,「あ！　ユイ姉！　来てくれたんだ！」,Ah! Yu-onee-chan! You came!,,
ID00069,00001b04,39,「ちょっと廊下で話そうよ」,Let's talk in the hallway for a bit.,,
ID00069,00002904,54,「あれ？　ぶろ君、どうしてここに？」,"Hey? Bro-kun, what are you doing here?",,
ID00069,00002d25,45,「ユイ姉が教室へ入っていくのが,I saw Yu-onee enter.,,
ID00069,00002d61,24,　見えたんだよ」,I could see you.,,
ID00069,00002eee,27,「あ、そうなんだ」,"Oh, I see.",,
ID00069,00003295,39,「ユイ姉、向こうで話そ？」,"Yo, sis, let's talk over there?",,
ID00069,000035e3,30,「え？　いいけど…」,Huh? Sure...,,
ID00069,000038ca,27,「ほら、早く早く」,"Come on, hurry up",,
ID00069,00003fdf,27,「ちょ、まひろ？」,"Hey, Mahiro?",,
ID00069,0000437e,39,「じゃ、じゃあね、ぶろ君」,"See ya later, bro",,
ID00069,00004649,15,「ああ…」,Ah...,,
ID00069,0000490d,27,（仕方ない…よな）,(Guess I have no choice...),,
ID00069,00004acc,33,「ナツにい、聞いてよ。,"Hey Nat, listen.",,
ID00069,00004afc,45,　ユイ姉がいきなり現れたから、,"Yui onee-san suddenly showed up,",,
ID00069,00004b38,42,　クラスが騒然としちゃって」,so our class went nuts.,,
ID00069,00005331,48,「超有名人だよね～、ユイ姉って」,"She's super famous, right?",,
ID00069,000054ca,45,「現役女子高生モデルだからな。,She’s a high school model.,,
ID00069,00005506,63,　俺らは慣れてるけど、いきなり入ってきたら,"We’re used to it, but if she just walks in,",,
ID00069,00005554,24,　周りは驚くよ」,everyone gets shocked.,,
ID00069,00005890,24,「そうだよね～」,"Yeah, totally.",,
ID00069,00005c3e,45,「はぁ、そんなこと言われても、,"Huh, even if you say that...",,
ID00069,00005c7a,45,　どうしようもないじゃない？」,There's nothing I can do about it.,,
ID00069,00006150,36,「姉みたいなもんだって、,"It's an older sister thing,",,
ID00069,00006183,42,　クラスの子に伝えておいて」,Tell the other class kids that.,,
ID00069,00006487,27,「うん、そうする」,"Yeah, let's do that",,
ID00069,0000676b,63,「で、光海学園はどう？　困ったことはない？,"By the way, how's Mitsumi Academy? Any problems?",,
ID00069,000067b9,42,　わかんないことがあったら、,"if there's anything you don't get,",,
ID00069,000067f2,30,　なんでも聞いてね」,You can ask me anything.,,
ID00069,00006ea6,63,「なんでも？　いいの？　なんでも聞いて？」,Anything? Really? You can ask me anything?,,
ID00069,000072e9,57,「もちろんよ。かわいい妹のためだもの。,Of course. It's for my cute little sister.,,
ID00069,00007331,45,　なに？　なにが知りたいの？」,What? What do you want to know?,,
ID00069,0000789d,18,「あのね…」,Hey...,,
ID00069,00007a6e,42,「どうしたら、ユイ姉みたいに,How can I become,,
ID00069,00007aa7,33,　きれいになれるの？」,as pretty as Ui-onee?,,
ID00069,00007d78,12,「え？」,What?,,
ID00069,00007ef9,42,「もっと背が高くなりたいし、,I want to be taller...,,
ID00069,00007f32,42,　スタイルが良くなりたい…」,and have a better figure...,,
ID00069,00008243,54,「私、ユイ姉みたいになりたいんだぁ」,I want to be like Onee-chan...,,
ID00069,00008529,51,「…そっかぁ、私に憧れちゃうかぁ」,"...I see, you're looking up to me.",,
ID00069,00008947,51,「もちろん！　すっごく憧れてる！」,Of course! I really look up to you!,,
ID00069,00008c43,36,「ん～、私は、今のままの,"Hmm~, this is me.",,
ID00069,00008c76,60,　キュートなまひろでいて欲しいけどなぁ」,I wish you could stay cute like Mahiro...,,
ID00069,000091d8,54,「え～、それって、子供っぽいままって,"Eh~, that's just staying all childish...",,
ID00069,0000921d,48,　ことじゃない。そんなのヤダ～」,That's not what I mean. That'd be gross~,,
ID00069,000097a5,63,「大人っぽくなりたいの？　それなら簡単よ」,You wanna grow up? That's easy.,,
ID00069,00009b08,30,「ぶろ君に、いっぱい,"See my body, Bloroy?",,
ID00069,00009b35,39,　録ってもらうといいわよ」,Have them record it for you.,,
ID00069,00009ef7,12,「え？」,What?,,
ID00069,00009f31,15,「え゛？」,Eh?,,
ID00069,0000a24b,36,「私も、カメラマンの人に,Want to see his reaction?,,
ID00069,0000a27e,54,　山ほど撮られてきたから、わかるの」,I know how it feels.,,
ID00069,0000a916,45,「レンズを通して見られるって、,Being seen through the lens is...,,
ID00069,0000a952,39,　とっても刺激になるのよ」,It's really exciting.,,
ID00069,0000ac29,27,「どう映ってるか、,How do I look?,,
ID00069,0000ac53,42,　意識するようになるからね」,You start to notice it more.,,
ID00069,0000af14,48,「女はね、見られて成長するのよ」,Women grow when they're being watched.,,
ID00069,0000b20d,48,「うわぁ、プロっぽいアドバイス。,"Wow, that's some pro advice.",,
ID00069,0000b24c,48,　ありがと～、がんばってみる！」,Thanks a lot! I'll do my best!,,
ID00069,0000b864,39,「ナツにい、よろしくね！」,"Take care, Nagisa!",,
ID00069,0000bba3,18,「お、おう」,Y-Yeah.,,
ID00069,0000bda1,60,「がんばってね。聞きたいことがあったら、,"Good luck. If you have any questions,",,
ID00069,0000bdec,51,　いつでも私のとこに来ていいから」,you can always come see me.,,
ID00069,0000c3ff,30,「うん、そうする！」,Sure thing!,,
ID00069,0000c734,24,「それじゃね～」,See ya~,,
ID00069,0000c8eb,27,「うん、またね～」,See ya!,,
ID00069,0000ca88,27,「またな、まひろ」,"Later, Mahiro.",,
ID00069,0000cc5f,30,「またね、ナツにい」,"See ya later, Nagisa.",,
ID00069,0000d2d9,39,「いい子よね～、まひろは」,You're such a good girl~,,
ID00069,0000d469,18,「そうだな」,You're right.,,
ID00069,0000d6aa,36,「あんた、お兄ちゃんって,People see you as a big bro.,,
ID00069,0000d6dd,33,　慕われてるんだから、,So you should treat them right.,,
ID00069,0000d70d,48,　ちゃんと相手してあげなさいよ」,Take care of them properly.,,
ID00069,0000da16,33,「わ、わかってるって」,I-I know,,
ID00070,00002c1e,54,（おっ、ちょっと涼しい風が…。あ…）,"(Oh, a cool breeze... Ah...)",,
ID00070,0000310c,33,「す～～っ、す～～っ」,*sigh* *sigh*,,
ID00070,0000332a,54,「あ、にい君。疲れてるみたいだから、,"Ah, @str_000. You look tired, so",,
ID00070,0000336f,24,　起こさないで」,don't wake me up.,,
ID00070,000038dc,27,「よく寝てるなぁ」,You're sleeping well.,,
ID00070,00003925,45,「相変わらず忙しそうだからね」,You've always been busy.,,
ID00070,00003980,18,「そうだな」,You're right.,,
ID00070,000039c0,36,「何事も妥協しないのが、,Not compromising on anything.,,
ID00070,000039f3,33,　ユイ姉のいいところ」,Yui-ne's good points.,,
ID00070,00003a42,24,「勉強以外はな」,Except for studying.,,
ID00070,00003a88,51,「あれあれ？　人のこと言えるの？」,Huh huh? You can talk about others?,,
ID00070,00003ae9,51,「はは…起こさないように、行くよ」,Heh... I'll go quietly.,,
ID00070,00003b4a,27,「うん、またねー」,"Yeah, see you later.",,
ID00071,00001db0,39,「ん～、さすが体操部ねぇ。,"Hmm, you're really good at gymnastics.",,
ID00071,00001de6,48,　姿勢がいいし、歩き方もきれい」,Your posture and walk are great.,,
ID00071,00001e44,15,「そう？」,Really?,,
ID00071,000029fd,57,「モデルになれば、すぐ仕事があるのに」,"If you were a model, you'd get work right away.",,
ID00071,00002ce6,33,「そういうの興味ない」,I'm not interested.,,
ID00071,00002e7c,36,「アハハ、言うと思った」,"AHAHA, I knew you'd say that.",,
ID00071,0000337d,15,「あ…っ」,...,,
ID00071,00003578,33,「結菜さん、それじゃ」,"See ya, Yuna-san.",,
ID00071,00003bdb,21,「え？　ええ」,What? Oh.,,
ID00071,00004157,48,「もう、ぶろ君が急に現れるから、,Hime-chan ran off because Bro-kun showed up.,,
ID00071,00004196,63,　ひめちゃんが驚いて行っちゃったじゃない」,"Seriously, she was so startled.",,
ID00071,00004492,18,「わ、悪い」,S-Sorry,,
ID00071,0000466d,24,「それじゃあね」,See ya.,,
ID00071,00004ab3,57,（凜世は、俺のことを徹底的に避けてる。,(Rinze is avoiding me like the plague.),,
ID00071,00004afb,27,　仕方ないよな…）,Can't really blame her...,,
ID00071,00004b73,57,（妃月は、俺のことを徹底的に避けてる。,(Himeragi's been dodging me like crazy.),,
ID00071,00004bbb,27,　仕方ないよな…）,Can't really blame her...,,
ID00071,00004cb6,63,「ユイ姉って、凜世と知り合いだったんだ？」,You know Rinze?,,
ID00071,00004d52,63,「ユイ姉って、妃月と知り合いだったんだ？」,You know Himeragi?,,
ID00071,00004f35,42,「そうよ、時々声かけてるの」,"Yeah, I talk to her sometimes.",,
ID00071,0000528b,45,「なんとなく、小さいころの私に,You're saying I'm like how I was little?,,
ID00071,000052c7,30,　似てる気がしてね」,my younger self.,,
ID00071,0000544e,30,「そうだったのか…」,"Oh, I see...",,
ID00071,00005655,24,「それじゃあね」,See ya.,,
ID00071,0000569b,21,「ああ、また」,See ya,,
ID00071,00005b3b,36,「ユイ姉、凜世を勧誘？」,"Yui-ne, recruiting Rinze?",,
ID00071,00005bbc,36,「ユイ姉、妃月を勧誘？」,"Yui-ne, recruiting Himeragi?",,
ID00071,00005de4,21,「あ、ぶろ君」,"Ah, bro-kun.",,
ID00071,0000611d,12,「あ…」,...,,
ID00071,00006327,57,「違うわよ、断られるってわかってたし。,"Nope, I knew she'd turn me down.",,
ID00071,0000636f,51,　ひめちゃんの美しさをほめてたの」,I was just complimenting your beauty.,,
ID00071,00006a2b,39,「え…美しくなんかないよ」,Eh... I'm not beautiful at all.,,
ID00071,00006d97,51,「なに言ってんの、すごくきれいよ。,What are you talking about? You're really pretty.,,
ID00071,00006dd9,45,　私がモデルデビューしたころを,It reminds me of my debut.,,
ID00071,00006e15,39,　ほうふつとさせるくらい」,"You know, back then.",,
ID00071,0000755f,24,「ね？　ぶろ君」,See? Broun-kun,,
ID00071,00007883,35,  …ユイ姉には敵わないよ,  No match for Yui-nee,,
ID00071,000078c1,38,  そうだな、同じぐらいかな,"  About the same, I'd say",,
ID00071,00007902,35,  いや、ユイ姉の負けだな,"  Nah, Yui-nee loses",,
ID00071,00007951,39,「…ユイ姉には敵わないよ。,...Can't beat Yui-nee.,,
ID00071,00007987,39,　今も昔も別格の美しさだ」,She's always been stunning.,,
ID00071,00007c63,12,「えっ」,Oh!,,
ID00071,00007dcb,42,「ど、どうしたの？　ぶろ君。,W-What's up? Broun-kun?,,
ID00071,00007e04,30,　べた褒めじゃない」,Not just sucking up.,,
ID00071,000083fe,42,「美しさを作るのは努力だろ？,"Beauty takes effort, right?",,
ID00071,00008437,42,　これまで、どれだけユイ姉が,I know how much Yui-nee has,,
ID00071,00008470,54,　がんばってきたか、知ってるからな」,worked so hard until now.,,
ID00071,00008602,18,「ぶろ君…」,Bro-kun...,,
ID00071,00008789,42,「美しさを作るのは努力…か」,...Beauty takes effort...,,
ID00071,00008b7c,30,「ちょっとわかるよ。,I kinda get it.,,
ID00071,00008ba9,51,　体操も努力で、技の美を磨くから」,Gymnastics also take effort to polish technique.,,
ID00071,000091af,33,「うんうん、そうよね。,"Yeah, yeah, that's right.",,
ID00071,000091df,51,　ひめちゃん、がんばってるものね」,Hime-chan really is working hard.,,
ID00071,00009664,60,「見てると…小さいころの私を思い出す…」,Watching you reminds me of my younger self...,,
ID00071,00009950,63,「プライド高そうなところとか、そっくりよ」,You're just like her.,,
ID00071,00009b0d,42,「そうだな、同じぐらいかな。,"Yeah, probably about the same age.",,
ID00071,00009b46,57,　言われてみれば、ユイ姉を思い出すよ」,She reminds me of Yui.,,
ID00071,00009cf4,21,「でしょう？」,Right?,,
ID00071,0000a04e,33,「そんなことないから」,That's not true at all.,,
ID00071,0000a25a,33,「ううん、ひめちゃん、,"No, Hime-chan,",,
ID00071,0000a28a,42,　いつも１人でがんばってて、,"you always work hard by yourself,",,
ID00071,0000a2c3,33,　すごいなぁって思う」,It's amazing.,,
ID00071,0000a9d5,63,「プライド高そうなところとか、そっくりよ」,You're just like her.,,
ID00071,0000abe6,39,「いや、ユイ姉の負けだな。,"Nah, I guess Yui-nee loses.",,
ID00071,0000ac1c,36,　凜世の方がきれいだよ」,"You're prettier, Rinze.",,
ID00071,0000ac9d,39,「いや、ユイ姉の負けだな。,"Nah, I guess Yui-nee loses.",,
ID00071,0000acd3,36,　妃月の方がきれいだよ」,"You're prettier, Himeragi.",,
ID00071,0000afdb,12,「え…」,Huh...?,,
ID00071,0000b1d0,27,「ちょっとなによ？,What's that mean?,,
ID00071,0000b1fa,48,　そう言われると傷つくじゃない」,It really hurts when you say it like that.,,
ID00071,0000b5b2,60,「な、なんだよ？　凜世をほめてたんだろ？,"W-What? You were just complimenting me, right?",,
ID00071,0000b5fd,48,　ユイ姉よりきれいって言った方が,If I said you're prettier than Yui-nee,,
ID00071,0000b63c,27,　自信になるだろ」,I'd be more confident.,,
ID00071,0000b863,60,「な、なんだよ？　妃月をほめてたんだろ？,"W-What? You were just complimenting me, right?",,
ID00071,0000b8ae,48,　ユイ姉よりきれいって言った方が,If I said you're prettier than Yui-nee,,
ID00071,0000b8ed,27,　自信になるだろ」,I'd be more confident.,,
ID00071,0000be1c,33,「そりゃそうだけど…」,"Yeah, I guess...",,
ID00071,0000c073,15,「フフッ」,Heh heh.,,
ID00071,0000c3a9,39,「いつも誰も寄せ付けずに、,"Always keeping everyone at bay,",,
ID00071,0000c3df,33,　１人でがんばって…」,and working hard alone...,,
ID00071,0000c74c,42,「別に気を遣わなくていいよ」,You don't have to worry about me.,,
ID00071,0000cacc,54,「そういう、プライドが高そうなとこ、,"That kind of high-pride attitude,",,
ID00071,0000cb11,33,　そっくりなのよねぇ」,"is just like you, huh?",,
ID00071,0000cfbb,45,「プライド？　高くないよ、私」,Pride? I'm not that proud.,,
ID00071,0000d2f2,45,「ううん、誰よりも強くあろうと,"No, wanting to be stronger than anyone else,",,
ID00071,0000d32e,60,　してるでしょ？　それがプライドなのよ」,"That's what pride is, right?",,
ID00071,0000d7a3,54,「ひめちゃんは、誰よりも凜としてる」,"You're stronger than anyone else, Hime-chan.",,
ID00071,0000dae4,21,「ね、ぶろ君」,"Hey, bro.",,
ID00071,0000de04,33,「それは…そうかもな」,Well... maybe you're right.,,
ID00071,0000e107,48,「じゃあ、そういうことでいいよ」,Okay then.,,
ID00071,0000e5f7,33,「フフッ、将来有望よ」,"Hehe, your future's bright.",,
ID00071,0000e8fd,54,「じゃあね、練習邪魔して、ゴメンね」,"Sorry for interrupting your practice, see ya.",,
ID00071,0000ec4a,27,「ううん、またね」,See you later.,,
ID00071,0000f3de,21,「なんだよ？」,What's up?,,
ID00071,0000f568,51,「姉弟なのに、ぜんぜん似てないね」,"You're siblings, but you don't look anything alike.",,
ID00071,0000f704,36,「みんなから言われるよ。,Everyone says that.,,
ID00071,0000f737,42,　光海学園１０大ミステリーに,It's almost time for your name to be,,
ID00071,0000f770,42,　ランクインする日も近いな」,You'll be in the top ten soon.,,
ID00071,0000f94a,15,「フフッ」,Heh heh.,,
ID00071,0000fafd,39,「もうランクインしてるよ」,Your name is already on there.,,
ID00071,0000fb52,15,「ははは」,Heh heh heh,,
ID00072,000027c2,12,「あ…」,...,,
ID00072,000029ba,60,「ユイナ、ナギサ、向こう行って話すわよ」,"Yuin, Nagisa, let's go talk to them over there.",,
ID00072,0000326a,12,「え？」,What?,,
ID00072,000033eb,18,「なんでよ」,Why?,,
ID00072,00003602,18,「いいから」,Just come.,,
ID00072,00003d0c,42,「ちょ、ちょっと、マリア！」,"Hey, hey, Mariana!",,
ID00072,000041b6,27,「待ちなさいよ！」,Wait for me!,,
ID00072,000048e8,39,（みんな行っちゃったか…）,(Everyone left...),,
ID00072,00004be1,42,「目玉焼きにはしょう油よ！」,Use soy sauce on your eggs!,,
ID00072,00004d80,21,「ソースね！」,Ketchup!,,
ID00072,00005054,39,「カキフライにはソース！」,Fried scallops go with ketchup!,,
ID00072,000051f0,21,「タルタルね」,"Yep, it's tartar.",,
ID00072,000054a8,36,「メイクはナチュラル！」,Nail your makeup natural!,,
ID00072,0000568b,42,「そう？　バチッと決めるのも,"If so? Really nailing it too,",,
ID00072,000056c4,30,　いいと思うけど？」,I think it's good.,,
ID00072,00005ac0,39,「痩せるならランニング！」,Running if you want to lose weight!,,
ID00072,00005c5c,57,「エステでしょ？　お金ならあるくせに」,"Spa, right? You have the money but...",,
ID00072,0000608c,24,「夏はかき氷！」,Summer is shaved ice!,,
ID00072,00006219,39,「ジェラートの方が好みね」,"Gelato's more your thing, huh?",,
ID00072,000063ea,51,「う～っ、ことごとく反論して～っ」,"Ugh, you're gonna argue with everything~",,
ID00072,00006856,36,「トップモデルのくせに、,You're a top model!,,
ID00072,00006889,39,　センスが疑わしいからよ」,but I doubt your taste.,,
ID00072,00006ca0,30,「なんですって～っ」,What the hell?,,
ID00072,00006f61,21,「なによ～っ」,What's that~,,
ID00072,00007167,60,「はぁ、ホンット、あんたたちって面倒ね」,"Huff, seriously, you guys are such a pain",,
ID00072,000076ae,21,「どこが！？」,Where?,,
ID00072,000078c8,24,「どこがよ！？」,Where the hell is it!?,,
ID00072,00007a55,48,「だって、ホントは仲がいいくせに,"Because you're actually good friends, but",,
ID00072,00007a94,30,　張り合っちゃって。,you end up competing.,,
ID00072,00007ac1,42,　もっと素直になりなさいよ」,Just be more honest.,,
ID00072,00008286,36,「だっ、誰が仲いいのよ！,D-Who said we're friends!?,,
ID00072,000082b9,42,　変なこと言わないでよね！」,Don't say weird stuff like that!,,
ID00072,00008bd1,48,「そうよ！　誰が御前なんかと！」,That's right! Who's friends with Misaki!,,
ID00072,00008f5a,36,「誰がユイナなんかと！」,Who's friends with some Yuna!,,
ID00072,000092d7,21,「う～～～っ」,Uuuuuh~,,
ID00072,0000947a,21,「う～～～っ」,Uuuuuh~,,
ID00072,0000967a,51,「あ～あ～、どんなに張り合ったって,"Aww, no matter how hard you try to compete with me,",,
ID00072,000096bc,39,　私には敵わないんだから、,You can't beat me.,,
ID00072,000096f2,39,　大人しく仲良くすれば？」,be nice and get along?,,
ID00072,0000a263,33,「あんたは黙ってて！」,Shut up!,,
ID00072,0000a54d,45,「そうよ！　黙ってなさいよ！」,That's right! Be quiet!,,
ID00072,0000a811,45,「フフッ、やっと意見が合った。,"Hehe, we finally agree.",,
ID00072,0000a84d,36,　いつもそうしてれば？」,Why don't you always do that?,,
ID00072,0000b0b3,12,「う…」,...,,
ID00072,0000b2c2,12,「う…」,...,,
ID00072,0000b78d,51,「３人で仲良くした方が楽しいわよ」,It's more fun when we all get along.,,
ID00072,0000b9c3,15,「うぐ…」,Ugh...,,
ID00072,0000bbd0,15,「んぐ…」,...Nngh...,,
ID00072,0000bde4,27,「じゃ、じゃあね！,S-See ya!,,
ID00072,0000be0e,48,　生徒会の用を思い出したから！」,I remembered something for the student council!,,
ID00072,0000c2ea,30,「またね～、ナギサ」,"See you later, Nagisa~",,
ID00072,0000c824,18,「…フンだ」,...Hmph.,,
ID00072,0000d1d4,51,「フフッ、“またやっちゃった”って,"Hehe, 'Oh no, I did it again'.",,
ID00072,0000d216,18,　顔してる」,You look.,,
ID00072,0000d536,33,「なっ、ど、どこが！」,"Wh-what, wh-where?",,
ID00072,0000d846,66,「ナギサも今ごろ、同じ顔してるんじゃない？」,Nagisa's probably making the same face right now.,,
ID00072,0000dc00,41,「そう思うでしょ？　@str_001」,"You're thinking that, @str_001.",,
ID00072,0000de41,45,「そう思うでしょ？　ベリィ君」,"You're thinking that, Veli-kun.",,
ID00072,0000e086,21,「あ、ぶろ君」,"Ah, bro-kun.",,
ID00072,0000e332,42,「２人とも素直じゃないから」,Both of you aren't being honest.,,
ID00072,0000e4d1,21,「そうよね～」,"Yeah, I guess so~",,
ID00072,0000e97e,48,「ど、どこが素直じゃないのよ！」,W-Where am I not being honest!,,
ID00072,0000ebea,60,「どこって、自覚ないのは本人たちだけ…」,They're clueless.,,
ID00072,0000f08a,27,「ぶろくぅ～～ん」,Brockuuun,,
ID00072,0000f69b,42,「や、やばっ！　それじゃ！」,Shit! That's it!,,
ID00072,0000f6f3,30,「フフッ、またね～」,"Hehe, see you later~",,
ID00073,000018a4,36,「ぶろく～ん、いる～？」,"Bro-kun, you here~?",,
ID00073,000018f6,24,「あ、結菜さん」,"Oh, Yuna-san.",,
ID00073,0000193c,39,「莉子ちゃん。ぶろ君は？」,Riko-chan. Where's Bro-kun?,,
ID00073,000019e5,36,「え～と、席にいますよ」,"Heeey, he's at his seat.",,
ID00073,00001a37,30,「そう？　ありがと」,Really? Thanks.,,
ID00073,00001ab2,60,「え～と、席にいますよ。呼んできますね」,"Heeeey, he's at his seat. I'll go get him for ya.",,
ID00073,00001b1c,36,「ありがと、よろしくね」,"Thanks, take care.",,
ID00073,00002191,44,「@str_000、結菜さん来てるわよ」,"@str_000, Yuna's here.",,
ID00073,000021eb,42,「お？　悪りぃ、サンキュー」,"Oh? Thanks, you're awesome.",,
ID00073,0000238a,27,「それにしても…」,...Still...,,
ID00073,000023d3,30,「ん？　なんだよ？」,Hm? What's up?,,
ID00073,00002566,54,「ほんっと、兄妹とは思えないわねぇ。,"Really, I can't believe they're siblings.",,
ID00073,000025ab,51,　お姉さんはあんなにきれいなのに」,Especially since she's so beautiful.,,
ID00073,000028b4,42,「お前、ユイ姉を紹介した時も,You said that about Yui too.,,
ID00073,000028ed,27,　そう言ってたぞ」,Remember?,,
ID00073,00002a7d,54,「だって、つくづくそう思うんだもん」,Because that's really what I think.,,
ID00073,00002d4a,45,「妹の真奈ちゃんもかわいいし、,"My little sister Mana's cute too,",,
ID00073,00002d86,47,　なんで@str_000だけ冴えないの？」,"why is @str_000 the only one boring?""",,
ID00073,00002f37,57,「それも、真奈を紹介した時に言ってた」,You said that when you introduced Mana.,,
ID00073,000030e5,54,「だって、つくづくそう思うんだもん」,Because that's really what I think.,,
ID00073,000033bf,45,「俺が普通で、３人のバランスが,"I'm normal, and the three of us balance out",,
ID00073,000033fb,27,　取れてるんだよ」,That's how we balance out.,,
ID00073,0000358b,27,「ああ、なるほど。,"Oh, I see.",,
ID00073,000035b5,48,　いいとこ持ってかれちゃったと」,You got the good parts.,,
ID00073,000038a2,51,「うっさいぞー、俺のこともほめろ」,"Shut up, you should praise me too.",,
ID00073,00003aad,39,「う～ん……なんかある？」,Hmm... Is there something?,,
ID00073,00003e19,36,「ったく、それじゃあな」,"Tch, see ya then.",,
ID00073,00003fb2,36,「結菜さんによろしくね」,Tell Karen I said hi.,,
ID00073,000047e6,33,「あ、ぶろ君、放課後、,"Oh, Bro-kun, after school,",,
ID00073,00004816,60,　買ってきて欲しいものがあるんだけどぉ」,I need you to buy me something...,,
ID00073,00004c4a,18,「はいはい」,Sure sure.,,
ID00073,0000516f,59,「姉妹思いなのが、@str_000のいいとこよね」,@str_000's so considerate of his sister.,,
ID00074,000017d3,54,（静かだな…。波の音だけが聞こえる）,It's quiet... Only the sound of waves can be heard.,,
ID00074,00001837,12,「あ…」,...,,
ID00074,0000248b,12,「あ…」,...,,
ID00074,00002680,15,「にい君」,Big bro,,
ID00074,00002746,39,「２人でなにやってんだ？」,What are you two up to?,,
ID00074,000028c9,15,「散歩ー」,Let's walk~,,
ID00074,00002a4d,36,「積もる話をしながらね」,While catching up on old times.,,
ID00074,00002ab0,30,「積もる話？　あ…」,"Catching up? Oh, right...",,
ID00074,00002c43,63,「そっ、話したの。卒業したあとのことをね」,"Y-Yeah, we talked about after graduation.",,
ID00074,00002f3f,42,「そっか…驚いたか？　真奈」,"...You were surprised, Mahiro?",,
ID00074,00003322,42,「ううん。予測してたからね」,Nope. I kinda expected it.,,
ID00074,00003615,63,「公私混同をしないユイ姉が、母校で写真集の,Yui-onee is shooting a photo book.,,
ID00074,00003663,42,　撮影だもん。日本での仕事の,at her old school for work.,,
ID00074,0000369c,51,　集大成なんだろうなって思ってた」,I thought it was her last work.,,
ID00074,00003c85,48,「察しがいいなぁ、まぁちゃんは」,"You're pretty perceptive, aren't you, Mahiro?",,
ID00074,00003e1e,45,「…どうせ、俺は察しが悪いよ」,...I'm just clueless.,,
ID00074,0000443f,39,「いいの。ぶろ君は、そこが,"It's fine, that's Bro-kun.",,
ID00074,00004475,33,　いいとこなんだから」,You're great that way.,,
ID00074,0000476f,42,「鈍いのをほめられてもなぁ」,Praised for being slow?,,
ID00074,0000490e,39,「まぁ、自慢は出来ないね」,"Well, I can't really brag about it.",,
ID00074,00004a9e,24,「うっさいぞー」,Shut up already.,,
ID00074,00004d59,18,「アハハハ」,HAHAHA,,
ID00074,000050a3,42,「ユイ姉…急ぎすぎないでね」,Yui-nee... Don't rush too much.,,
ID00074,000053db,12,「ん？」,Hm?,,
ID00074,00005578,33,「小４でデビューして、,Debuted in fourth grade...,,
ID00074,000055a8,51,　ずっとがんばって、次は世界へ…」,"Kept working hard, next is the world...",,
ID00074,000059fb,63,「今日みたいにゆっくり歩くことも必要だよ」,Sometimes you need to walk slowly like today.,,
ID00074,00005e84,45,「うん…。そうね…わかってる」,Yeah... You're right... I know that.,,
ID00074,000063d7,48,「時には、自分が歩いてきた道を、,Sometimes you gotta look back at,,
ID00074,00006416,24,　振り返って…」,The path you took...,,
ID00074,00006ac1,42,「あ……足跡が波で消えてる」,Oh... the waves washed them away.,,
ID00074,00006d82,60,「あははー、未来に生きるユイ姉らしいね。,"Haha, just like my future sis would say.",,
ID00074,00006dcd,63,　振り返らずに、まっすぐ進めってことだね」,You gotta keep moving forward.,,
ID00074,00007484,30,「フフッ、ありがと」,"Hehe, thanks.",,
ID00074,00007899,36,「大丈夫よ、まぁちゃん。,"Don't worry, Maa-chan.",,
ID00074,000078cc,63,　もう日本に帰ってこないわけじゃないから」,"You're not gonna come back to Japan, but I will.",,
ID00074,00007d0f,45,「必ず、またここに帰ってくる。,Of course I'll be back here again someday.,,
ID00074,00007d4b,45,　そしたら、またみんなで遊ぼ」,I promise we can play together then.,,
ID00074,000082fd,33,「うん。応援してるよ」,Yeah. I'm rooting for you.,,
ID00074,000084a0,15,「俺もな」,Me too.,,
ID00074,00008975,33,「ありがと…２人とも」,Thanks... both of you.,,
ID00074,00008ee3,45,「３人で、ちょっと歩こうか？」,Want to take a little walk together?,,
ID00074,00009085,15,「賛成ー」,Yeah!,,
ID00074,000090c2,18,「そうだな」,You're right.,,
ID00074,000096ed,54,「潮風が涼しい…。夏も終わりねぇ…」,The sea breeze is cool... Summer's ending...,,
ID00074,00009751,45,こうして、３人で浜辺を歩いた。,And we walked on the beach.,,
ID00075,00001860,24,（ん？　ユイ姉）,Hmm? Yu-onee-chan?,,
ID00075,00001901,39,「ぶろく～ん、すぐ来てぇ」,Burokun~ come right over here!,,
ID00075,00001956,48,（う…猫なで声。こういうときは、,"...She's purring. When she does,",,
ID00075,00001995,60,　決まって面倒なことを頼まれるんだよな）,It's always something troublesome they ask me to do.,,
ID00075,000019ff,24,「なんでだよ？」,Why me?,,
ID00075,00001a45,42,「いいからぁ、すぐ来てよぉ」,"Come on, just get here already.",,
ID00075,00001a9d,42,「なんの用か言ってくれって」,Tell me what you want.,,
ID00075,00001af5,54,「マッサージして欲しいのぉ、早くぅ」,"Give me a massage already, hurry up",,
ID00075,00001b59,57,「マッサージって…どこにいるんだよ？」,"Where are you...? A massage, huh?",,
ID00075,00001bc0,21,「私の部屋ぁ」,In my room.,,
ID00075,00001c03,51,「女子宿舎に入れるわけないだろ？」,There's no way I can get into the girls' dorms.,,
ID00075,00001c64,48,「そこをなんとかしてぇ。早くぅ」,Figure something out. Hurry up.,,
ID00075,00001d10,36,「あ！　切りやがった！」,Ah! She cut me!,,
ID00075,00001d62,45,（ったく、どうしろってんだ…。,"Man, what the hell am I supposed to do...",,
ID00075,00001d9e,42,　あ、真奈にアシスト頼むか）,"Oh, maybe I'll ask Mana for help",,
ID00075,00001e77,51,（ユイ姉にマッサージ頼まれたから、,"Yui-nee asked me for a massage, so",,
ID00075,00001eb9,51,　阿武壬さんを連れ出してくれ…と）,Ask Atsumi-senpai to come out...,,
ID00075,000023ba,36,（おっ、さっそく返信が。,"Oh, she's already replying.",,
ID00075,000023ed,54,　『いいよ～。私じゃ力足りないから、,"Sure thing~. I'm not strong enough by myself,",,
ID00075,00002432,27,　よろしくね』か）,so good luck.,,
ID00075,0000247b,42,（うまくやってくれよ、真奈）,"Do your best, Mahiro.",,
ID00075,00002556,54,（まさかこんな形で、憧れの女子宿舎へ,Who knew I'd sneak in here...,,
ID00075,0000259b,48,　潜入することになるなんてなぁ）,I never thought it would come to this.,,
ID00075,000028d8,27,（阿武壬さんは…）,(Asato-san...),,
ID00075,00002921,48,（よし、いない！　今のうちに…）,"Alright, no one's here!",,
ID00075,000029d1,42,（ユイ姉の部屋番号は確か…）,Yui-nee's room number...surely...,,
ID00075,00002dab,63,「おっそ～い！　待ちくたびれたんだからぁ」,You're late~ I've been waiting forever.,,
ID00075,00002f53,45,「女子宿舎に潜入させておいて、,"You let me in, but now...",,
ID00075,00002f8f,27,　なに言ってんだ」,What are you talking about?,,
ID00075,00003106,42,「どうやって忍び込んだの？」,How did you sneak in?,,
ID00075,0000315e,39,「真奈に助けてもらったよ」,Mana helped me out.,,
ID00075,000032e1,63,「まぁちゃんに？　後でお礼言っとかなきゃ」,Machan? I gotta thank her later.,,
ID00075,00003489,36,「忍び込んだ俺に礼は？」,Thanks for sneakin' in?,,
ID00075,00003609,54,「早く脚揉んでよ。撮影で疲れたのぉ」,"Massage my legs first, I'm tired from shooting.",,
ID00075,000037a8,18,「ったく…」,...Man...,,
ID00075,000037e9,19, 仕方ないなぁ, Can't be helped,,
ID00075,00003817,31, まずは録ってからだ！, Film it first!,,
ID00075,00003877,36,「まずは録ってからだ！」,First we record!,,
ID00075,000039f7,39,「もーっ、動画始め立てで、,You're startin' the vid?,,
ID00075,00003a2d,48,　なんでも録りたがるんだからぁ」,You wanna record everything anyway.,,
ID00075,00003d63,24,「早くしてよぉ」,Hurry up already.,,
ID00075,00003ed7,18,「もぉ～っ」,Geez~,,
ID00075,00004045,27,「じらさないでぇ」,Don't tease me...,,
ID00075,000041bc,18,「あううぅ」,Auuuuh,,
ID00075,0000427c,24,「仕方ないなぁ」,Oh well...,,
ID00075,0000499b,21,「はうぅぅぅ」,Ahnnnng,,
ID00075,00004b0c,48,「そこ……もうちょっと……下…」,There... a little lower...,,
ID00075,00004cf4,15,「んん…」,Hmm...,,
ID00075,00004ea6,18,「あうぅ…」,Ugh...,,
ID00075,00005014,36,「あ……ダメ、そこ……」,"Ah... Don't, there...",,
ID00075,00005389,36,「いたっ！　いたいっ！」,Ow! That hurts!,,
ID00075,00005656,36,「優しく…優しくしてぇ」,Be gentle... Be gentler...,,
ID00075,00005923,18,「はうぅぅ」,Hauuuu,,
ID00075,00005a91,24,「あうぅぅぅ～」,Auuuu~,,
ID00075,00006095,45,「ったく、ヘンな声出すなって」,"Man, stop making weird noises.",,
ID00075,000060f0,48,「だって、気持ちいいんだもぉん」,But it feels so good...,,
ID00075,0000614e,33,「はぅあぅあぅぅぅ…」,Hauuahuauuu...,,
ID00075,0000619d,51,こうして、ユイ姉をマッサージした。,This is how I massaged Yui-nee.,,
ID00076,00001e01,21,「あ、ユイ姉」,"Hey, Yui-nee",,
ID00076,00001fd4,15,「ぶろ君」,Bro-kun,,
ID00076,000021ee,51,「なにやってんの？　こんなとこで」,What are you doing here?,,
ID00076,0000238a,36,「暇だからブラブラと…」,"I'm bored, so I was wandering.",,
ID00076,00002523,60,「ふうん、時間を持て余してるってわけ？」,"Hmm, so you're killing time?",,
ID00076,000026c8,21,「そんなとこ。,"Yeah, that's it.",,
ID00076,000026ec,57,　ユイ姉も暇なら、一緒にどっか寄る？」,"Hey, wanna hang out?",,
ID00076,000028d5,45,「私はあんたと違って忙しいの。,"Unlike you, I'm pretty busy.",,
ID00076,00002911,24,　それじゃね～」,See ya~,,
ID00076,00002d75,57,「いいわよ。じゃあ、ついて来なさいよ」,Sure. Then follow me.,,
ID00076,00002f47,30,「どこ行くんだよ？」,Where are we going?,,
ID00076,000030c1,24,「海の丘公園よ」,To the Seaside Park.,,
ID00076,00003107,42,「げっ、あの坂を登る気か？」,You're actually gonna climb it?,,
ID00076,000032a6,60,「坂道は、脚を引き締めるのにいいからね」,Hills are good for tightening up your legs.,,
ID00076,00003487,27,「ほら、行くわよ」,"Come on, let's go.",,
ID00076,0000360b,21,「…はいはい」,"...Sure, sure.",,
ID00076,00003ace,30,「はぁ……はぁ……」,Huff... huff...,,
ID00076,00003b1a,30,「はぁ……ふぅ……」,Phew... *pant*,,
ID00076,00003b66,54,「ん～っ、ふくらはぎと太股が痛～い。,Ugh~ my calves and thighs hurt~.,,
ID00076,00003bab,36,　引き締まってる証拠ね」,That's proof they're toned.,,
ID00076,00003bfd,51,「ユイ姉も俺も運動不足だからなぁ」,"Yui-nee and I are out of shape, you know.",,
ID00076,00003c5e,30,「だから……こうして,So...that's why we're,,
ID00076,00003c8b,33,　登ってるんじゃない」,climbing like this.,,
ID00076,00003cda,30,「はぁ……はぁ……」,Huff... huff...,,
ID00076,0000441a,21,「着いた～っ」,We're here~,,
ID00076,0000445d,48,「効いた～っ。はぁ……はぁ……」,It really worked~. *pant* *pant*,,
ID00076,000045e9,54,「ふぅ……そんなに息切らしちゃって。,*sigh* Don't get so winded.,,
ID00076,0000462e,39,　男のくせに情けないわよ」,"For a guy, that's pretty pathetic.",,
ID00076,0000492d,39,「男だろうと、女だろうと、,"No matter if you're a guy or girl,",,
ID00076,00004963,33,　あの坂はきついって」,"that hill's tough, you know?",,
ID00076,00004b5c,42,「ベンチに座って休憩する？」,Do you want to sit on the bench and rest?,,
ID00076,00004d63,15,「賛成～」,I'm in~,,
ID00076,00005220,15,「ふう…」,Phew...,,
ID00076,0000525d,42,「ユイ姉、座んないのか～？」,"Yo, Yui-nee, you're not sitting down?",,
ID00076,000052b5,18,「よっと！」,Here goes!,,
ID00076,000052f5,12,「あ…」,...,,
ID00076,000064c4,48,「そこをウオーキングするユイ姉を,I haven't seen you walking like that in a while.,,
ID00076,00006503,30,　久しぶりに見たよ」,It's been ages.,,
ID00076,00006696,54,「フフッ、小さいころよくやったっけ」,"Heh, I used to do that a lot when I was little.",,
ID00076,00006835,54,「そこだけじゃないよ。横断歩道とか、,"It's not just there. Like at crosswalks,",,
ID00076,0000687a,48,　まっすぐなラインを見つけると、,"whenever I found straight lines,",,
ID00076,000068b9,30,　どこでもやってた」,I'd do it everywhere.,,
ID00076,00006a4c,48,「それだけ努力してたってことよ」,That means you really worked hard on it.,,
ID00076,00006bf1,30,「クセになるぐらい、,"It became such a habit,",,
ID00076,00006c1e,42,　体に染みこませてたのよね」,it got ingrained in my body.,,
ID00076,00006c76,21,「懐かしいな」,Feels nostalgic.,,
ID00076,00006e2a,18,「そうね…」,"Yeah, right...",,
ID00076,00006f98,60,「ぶろ君も、それぐらいがんばってみれば？,"How 'bout you try that hard too, Brolo?",,
ID00076,00006fe3,54,　動画。せっかく部に所属したんだし」,It's a video. You're in the club now.,,
ID00076,000072d6,30,「ああ、俺なりにな」,"Yeah, do your best.",,
ID00076,00007450,45,「けど、私の仕事のフォローも、,But don't forget to cover my work though,,
ID00076,0000748c,30,　忘れないようにね」,Okay?,,
ID00076,00007767,27,「わかってるって」,I know that.,,
ID00076,000078de,36,「フフッ、ならよろしい」,"Heh heh, then it's settled.",,
ID00076,00007bfb,42,「さ、座って一休みしよっか」,"Come on, let's sit down and take a break.",,
ID00076,000080f9,60,こうして、ユイ姉と海の丘公園で過ごした。,So we spent time at the Seashore Park with Yui-nee.,,
ID00077,000017d1,21,「あ、ユイ姉」,"Hey, Yui-nee",,
ID00077,000019a4,15,「ぶろ君」,Bro-kun,,
ID00077,00001c45,27,「どっか寄り道？」,Did you make a detour?,,
ID00077,00001dd5,57,「そうね。本屋さんでも寄ろうかなって」,That's right. Might stop by.,,
ID00077,0000216d,21,「つき合う？」,You in?,,
ID00077,000021b0,57,「そうだな…俺も雑誌をチェックするか」,Yeah... I'll check out some magazines too.,,
ID00077,00002697,36,「写真集の撮影終わって、,I finished my photo shoot...,,
ID00077,000026ca,39,　のんびりしてる感じだな」,and now I'm just relaxing.,,
ID00077,0000271f,48,「まぁね。まとまったお休みなんて,"Sure, breaks are rare.",,
ID00077,0000275e,57,　滅多に取れないし、満喫しとかないと」,So I need to make the most of it.,,
ID00077,00002c73,33,「じゃ、俺はこの辺で、,"So, I'll just hang out here and",,
ID00077,00002ca3,39,　動画の雑誌読んでっから」,read some video magazines.,,
ID00077,00002e3f,33,「な～に言ってんのよ。,What are you saying?,,
ID00077,00002e6f,36,　せっかく一緒に来たのに,"We came together,",,
ID00077,00002ea2,33,　バラバラになる気？」,and now you want to split up?,,
ID00077,00003167,12,「あ？」,Huh?,,
ID00077,000032e8,63,「ファッション誌見に行くから、つき合って」,I'm going. Come too.,,
ID00077,00003355,36,「１人で行けばいいだろ？,Why don't you go by yourself?,,
ID00077,00003388,54,　ファッション誌なんか興味ねーって」,I have no interest in fashion mags.,,
ID00077,00003533,54,「私のそばで待ってればいいじゃない。,"Just wait by my side, okay?",,
ID00077,00003578,42,　そんなに長く読まないわよ」,I won't be reading for long.,,
ID00077,0000370b,60,「いやいや、ただ突っ立ってろってのか？」,"No no, you mean just stand there?",,
ID00077,000038bc,54,「女の子の好みとか教えてあげるから。,I'll tell you about girls' preferences.,,
ID00077,00003901,24,　いいでしょ？」,Ain't that great?,,
ID00077,00003acb,54,「はぁ…断っても連れて行くんだろ？」,"Huh... You're gonna drag me along anyway, right?",,
ID00077,00003cd4,21,「もちろんよ」,Of course.,,
ID00077,00003d17,39,「わかったよ、つき合うよ」,"Fine, I'll go with you then.",,
ID00077,00003e9a,54,「そうそう、物わかりがいいじゃない。,"That's right, you're a good sport.",,
ID00077,00003edf,42,　姉の言うことはきくものよ」,You always listen to your sister.,,
ID00077,000046b7,9,ペラリ,Flip,,
ID00077,0000470a,63,「ほらほら、見て。このアクセ、かわいい～。,"Look, look! Isn't this accessory cute~?",,
ID00077,00004758,60,　好きな子にプレゼントしたら喜ぶわよ～」,They'd love it.,,
ID00077,000047c2,45,「そ、そんな高いの買えるかよ」,W-Who can afford something that expensive?,,
ID00077,0000481d,39,「もう…経済力ないわねぇ。,Ugh... You really don't have any money.,,
ID00077,00004853,42,　バイトしなさいよ、バイト」,"Get a job then, lazybones.",,
ID00077,000048ab,30,「そんな金あったら、,"If you had that kind of cash,",,
ID00077,000048d8,45,　デジカムのいいのを買うって」,get a good digital camera.,,
ID00077,00004933,63,「ふむ…恋を優先するか、趣味を優先するか、,"Hmm... prioritize love or hobbies,",,
ID00077,00004981,27,　悩ましい問題ね」,it's quite the dilemma.,,
ID00077,000049ca,36,（そんな高額なものを…。,(Such an expensive item...),,
ID00077,000049fd,57,　ユイ姉を好きになるヤツは大変だな…）,(Becoming Yui-nee's boyfriend is tough...),,
ID00078,000017f1,21,「あ、ユイ姉」,"Hey, Yui-nee",,
ID00078,000019c4,15,「ぶろ君」,Bro-kun,,
ID00078,00001d93,51,「なにやってんの？　こんなとこで」,What are you doing here?,,
ID00078,00001df4,45,「暇だからどっか行こうかと…」,I was thinking of going somewhere.,,
ID00078,00001f96,36,「そんな時間があるなら、,"If you have time, why don't you?",,
ID00078,00001fc9,39,　秘密基地を作りなさいよ」,build a secret hideout?,,
ID00078,00002159,48,「うぐっ、ちゃんとやってるって！,"Ugh, I am doing my best!",,
ID00078,00002198,42,　息抜きしたっていいだろ？」,It's okay to take a break.,,
ID00078,0000231e,60,「ん…いいけど、楽しみにしてるんだから、,"...Sure, but I'm looking forward to it so",,
ID00078,00002369,45,　一刻も早く完成させなさいよ」,finish it as soon as possible.,,
ID00078,0000283d,33,「わ、わかってるって」,I-I know,,
ID00078,000029d3,39,「で、どこに寄るつもり？」,So where are we going?,,
ID00078,00002b7c,21,「そうだな……,Right...,,
ID00078,00002ba0,51,　アミューズメントスペースでも…」,Let's go to the amusement area...,,
ID00078,00002d97,48,「アミューズメントスペース…か」,"The amusement area, huh?",,
ID00078,000030f4,63,「あ！　それなら、プリントシール撮らない？,Oh! Why don't we take some print photos then?,,
ID00078,00003142,54,　ずいぶん一緒に撮ってないでしょ？」,"We haven't taken any in a while, right?",,
ID00078,00003474,33,「…そういやそうだな」,...You're right.,,
ID00078,0000360a,63,「現役女子高生モデルとプリントシールなんて,Taking print photos with me is rare...,,
ID00078,00003658,39,　滅多に撮れないんだから」,It doesn't happen often.,,
ID00078,000039c7,24,「ほら、行くよ」,"C'mon, let's go.",,
ID00078,00003c16,39,「あ、ああ…強引だなぁ…」,H-Hey... That's kinda forceful...,,
ID00078,00004126,45,「普通に撮っても面白くないし、,"Taking normal photos would be boring, so",,
ID00078,00004162,30,　恋人風に撮ろうよ」,Let's do it like we're dating.,,
ID00078,000044d3,30,「あぁ？　恋人風？」,What? Like a couple?,,
ID00078,00004690,57,「そう。私が、ぶろ君の肩に寄り添うの」,Yeah. I'll lean on your shoulder.,,
ID00078,000049e3,45,「なんで姉弟でそんなマネを…」,Why the sibling act?,,
ID00078,00004b85,63,「ヘンな男が寄ってきたら魔除けに使うのよ。,"If some weird guy comes over, it'll keep him away.",,
ID00078,00004bd3,24,　いいでしょ？」,Ain't that great?,,
ID00078,00004d6f,39,「ユイ姉に言い寄る猛者が、,I doubt any guys'd hit on Yui-nee.,,
ID00078,00004da5,45,　そういるとは思えないけど…」,but...,,
ID00078,00004fae,33,「なんか言ったぁ～？」,What did you say~?,,
ID00078,00004ffd,60,「な、なんでもない！　いいね！　恋人風！,N-nothing! That's great! It looks cute together!,,
ID00078,00005048,33,　さっそく撮ろうぜ！」,Let's take a pic right now!,,
ID00078,000054b8,36,「フフッ、いつの間にか、,"Hehe, when did this happen?",,
ID00078,000054eb,45,　私より背が高くなっちゃって」,You've gotten taller than me.,,
ID00078,000056b3,57,「いいね……こうして体を預けるのって」,That's nice... letting you hold me like this.,,
ID00078,0000597b,33,「じゃあ、撮るわよ～」,I'll take a picture then~,,
ID00078,00005b3f,18,「チ～ズ！」,Cheese!,,
ID00078,00006510,42,「ん～、バッチリ撮れたけど、,"Mmm~, I got a good shot, but",,
ID00078,00006549,42,　ぶろ君の表情が硬いわねぇ」,your face is all stiff~,,
ID00078,00006830,54,「そうか？　いつもこんなもんだけど」,Really? This is how it always is.,,
ID00078,000069db,30,「もっと恋人らしく、,"Be more like a couple,",,
ID00078,00006a08,39,　優しい表情をしなさいよ」,and show a kinder face.,,
ID00078,00006a5d,54,「無茶言うなって！　そういう表情は、,"Don't be ridiculous! That kind of expression,",,
ID00078,00006aa2,45,　いつか彼氏にやってもらえよ」,"Some day, let a boyfriend do it for you.",,
ID00078,00006c93,30,「仕方ないわねぇ…。,"Well, no help for it...",,
ID00078,00006cc0,39,　まぁ、魔除けにはなるか」,I guess it'll work.,,
ID00078,00006fde,33,「ありがとね。行こっ」,Thanks. Let's go.,,
ID00078,00007168,12,「ああ」,Yeah.,,
ID00078,00007640,63,こうして、ユイ姉とプリントシールを撮った。,This is the photo I took with my sister Yui.,,
ID00078,000076e4,45,「いつか…お互い、彼氏、彼女と,One day...we'll both have...,,
ID00078,00007720,30,　撮るんでしょうね。,take photos like this.,,
ID00078,0000774d,36,　今は想像つかないけど」,It's hard to imagine now.,,
ID00079,00001741,21,「あ、ユイ姉」,"Hey, Yui-nee",,
ID00079,00001914,18,「ぶろ君！」,Bullshit!,,
ID00079,00001cff,24,「いいところに！,Good timing!,,
ID00079,00001d26,45,　駅前モールまでつき合ってよ」,Will you walk me to the station mall?,,
ID00079,00001ed5,18,「なんで？」,Why not?,,
ID00079,00001f2e,18,「いいから」,Just come.,,
ID00079,000020e5,27,「ほら、早く早く」,"Come on, hurry up",,
ID00079,000022af,18,「お、おう」,Y-Yeah.,,
ID00079,0000281a,33,「で、なんなんだよ？」,"So, what's up?",,
ID00079,00002997,60,「大好物の栗どら焼きを食べようと思って」,I was thinking of eating my favorite sweet cake.,,
ID00079,00002a27,54,「ああ、角の和菓子屋へ行くつもりか」,"Ah, you're heading to the corner sweet shop.",,
ID00079,00002bfc,42,「そう。栗どら焼きに限らず、,"Yeah. Not just the chestnut dorayaki,",,
ID00079,00002c35,57,　あそこの和菓子っておいしいわよね～」,but everything they make is delicious~,,
ID00079,000031c6,36,「イートインもあるしね」,They have a place to eat in.,,
ID00079,00003218,57,「甘いものを食うなら、真奈を誘った方が,"If you're eating sweets, maybe invite Mana.",,
ID00079,00003260,39,　よかったんじゃないか？」,You should've felt good.,,
ID00079,000033fc,39,「それが…まぁちゃんだと、,But if it's Miu~,,
ID00079,00003432,51,　戦力にならないからダメなのよぉ」,She won't be any help at all~,,
ID00079,0000396d,15,「戦力？」,Combat power?,,
ID00079,00003b70,57,「栗どら焼きを５つ食べようと思ってぇ」,I was thinking of eating five chestnut dora-yaki.,,
ID00079,00003ee3,36,「５つ！？　そんなに！？,Five!? Really!?,,
ID00079,00003f16,51,　仕事が休みだからって、太るぞ？」,You'll get fat if you take a day off.,,
ID00079,000040be,60,「バカねぇ～、全部なんて食べないわよぉ」,You're silly~ I'm not gonna eat all of it.,,
ID00079,00004500,30,「私が食べるのは～、,The only part I'll eat is the,,
ID00079,0000452d,39,　栗が入った真ん中だけぇ」,middle one with chestnuts~,,
ID00079,000047f8,51,「あ？　…まさか、まわりは俺に？」,Huh? ...Are you saying the rest for me?,,
ID00079,000049a0,30,「そう、食べてぇ～」,"That's right, eat up~",,
ID00079,00004b40,63,「無茶言うな！　俺がほとんど５つ食うような,Don't be ridiculous!,,
ID00079,00004b8e,30,　もんじゃないか！」,is there?,,
ID00079,00004d21,48,「お代は私が出すからぁ～、ね？」,"I'm paying so don't worry~, okay?",,
ID00079,00004ee7,36,「金の問題じゃねーって」,It's not about the money.,,
ID00079,00005080,54,「栗のあるところだけが好きなのよぉ。,I only like places with chestnuts.,,
ID00079,000050c5,30,　わかるでしょぉ？」,"You get it, right?",,
ID00079,00005265,30,「わかりたくもねー」,Don't wanna know.,,
ID00079,000053f8,36,「む～っ、ずっと仕事で、,"Muu~, I've been working all day,",,
ID00079,0000542b,63,　大好きな甘いものを控えてきたんだからぁ。,and holding back on my favorite sweets.,,
ID00079,00005479,33,　わがままさせてよぉ」,Let me have my way this time.,,
ID00079,00005a09,42,「おねがぁい、ぶろくぅ～ん」,"Pleaseee, Brock~",,
ID00079,00005b9c,39,「…ったく、今回だけだぞ」,"...Jeez, just this once.",,
ID00079,00005d53,63,「ありがとぉ！　さっすがぶろ君、話せるぅ」,"Thanks! You really can talk, Brock~",,
ID00079,0000654f,60,「ほらほら、栗が見えるところまで食べて、,"Look, look, eat until you can see the chestnuts.",,
ID00079,0000659a,15,　食べて」,Eat.,,
ID00079,000065d7,57,「んぐんぐ……ほどよい甘さがうまっ！」,"Mmm, just the right amount of sweetness!",,
ID00079,0000663e,27,「あ～っ、ずるい！,"Ahh, that's not fair!",,
ID00079,00006668,42,　早く私にも食べさせてよぉ」,Let me eat some too already~,,
ID00079,000066c0,60,「んぐんぐ……ったく…ほら、栗が出たぞ」,"Mmm... Jeez... Look, a chestnut came out.",,
ID00079,0000672a,21,「わぁ～い！」,Yay~!,,
ID00079,0000676d,63,「あぐっ……もぐもぐ……おいし～、最高！」,"Agh... Munch munch... So good~, amazing!",,
ID00079,000067da,63,「ありがとね、ぶろ君。あと４つよろしくぅ」,"Thanks, Bro-kun. I'll leave the last four to youuu",,
ID00079,00006847,51,「やれやれ…胃薬もおごってくれよ」,Phew... Buy me some stomach medicine too,,
ID00080,000022ce,21,「あ、ユイ姉」,"Hey, Yui-nee",,
ID00080,000024a1,51,「ぶろ君、いいところで会ったわね」,"Hey, Bro-kun, we met at a good time.",,
ID00080,0000263d,12,「ん？」,Hm?,,
ID00080,00002a22,60,「ちょうど晩ご飯の買い物したところなの。,I was just buying dinner groceries.,,
ID00080,00002a6d,45,　私の部屋で一緒に食べない？」,Want to eat with me in my room?,,
ID00080,00002c1c,24,「何弁当だよ？」,What kind of bento?,,
ID00080,00002da9,33,「私を侮ってるわね～。,Don't underestimate me~,,
ID00080,00002dd9,30,　作るのよ、料理を」,I'm cooking it myself.,,
ID00080,000030e4,12,「えっ」,Oh!,,
ID00080,00003265,63,「と言っても、お肉を焼くだけなんだけどね」,"Well, I'm only grilling meat.",,
ID00080,0000356d,57,「なんと、Ａ５ランクのブランド牛よ！」,It's A5 grade brand beef!,,
ID00080,000038bd,21,「ええっ！？」,What!??,,
ID00080,00003a62,60,「ステーキを焼くの。ごちそうしてあげる」,I'll grill the steak. I'll treat you.,,
ID00080,00003c20,36,「行く！　すぐに行く！」,Let's go! We're going!,,
ID00080,00003db9,39,「フフッ、じゃあ行こっか」,"Heh, let's go then.",,
ID00080,000044d2,39,「ユイ姉の部屋ってことは、,"You mean Yui-nee's room, right?",,
ID00080,00004508,57,　女子宿舎に忍び込むってことだよな？」,"That means sneaking into the girls' dorms, huh?",,
ID00080,000045c3,48,「そうよ。前も一度来たじゃない」,Yeah. You've been there before.,,
ID00080,00004621,60,「何度やってもドキドキするものなんだよ」,It always gets my heart racing.,,
ID00080,000046ba,27,「そうよ。イヤ？」,"Yeah, don't you?",,
ID00080,00004703,51,「まさか、ドキドキのワクワクだよ」,"It's not scary, it's exciting.",,
ID00080,00004793,33,「フフッ、男の子ねぇ」,"Hehe, what a guy.",,
ID00080,00004865,57,（まさか、こんな形で、憧れの女子宿舎へ,I can't believe it...,,
ID00080,000048ad,48,　潜入することになるなんてな…）,...this dream girl dorm.),,
ID00080,00004f55,39,「じゃあ、私がたまちゃんを,"Okay then, I'll distract Tamachan,",,
ID00080,00004f8b,60,　どうにかするから、その隙に忍び込んで」,so slip in while I do.,,
ID00080,000052b4,18,「わかった」,Got it.,,
ID00080,000054a3,39,「たまちゃん、ただいま～」,"Tama-chan, I'm home~",,
ID00080,00005e79,45,「あ、結菜ちゃん、おかえり～」,"Hey, Yuna-chan, welcome home~",,
ID00080,0000613d,54,「私に通販サイトから荷物届いてない？,Any packages from online sites?,,
ID00080,00006182,39,　洋服が入ってるんだけど」,There's a bunch of clothes in it.,,
ID00080,00006344,48,「あ…どうだろ？　あったかなぁ」,Uh... I don't know? Maybe there is...,,
ID00080,000064e9,51,「ちょっと見てくるから、待ってて」,I'll check on it. Wait here for me.,,
ID00080,000067e5,21,「ゴメンねぇ」,Sorry,,
ID00080,00006b2b,15,「今よ！」,Now!,,
ID00080,00006b68,15,（よし！）,Alright then.,,
ID00080,00006c51,45,　　　　　　　　　タタタタタ…,Tatatata...,,
ID00080,00006cac,33,（うまく通り過ぎた！）,"Phew, I made it!",,
ID00080,000077e1,33,「ん～、ないみたいよ？,"Hmm~, doesn't seem to be here?",,
ID00080,00007811,36,　今日届く予定だった？」,Was supposed to arrive today?,,
ID00080,00007afe,36,「だと思ったんだけど…」,I thought so...,,
ID00080,00007c97,39,「明日だったかもしれない。,Maybe it's tomorrow.,,
ID00080,00007ccd,30,　部屋で調べてみる」,I'll check in my room.,,
ID00080,00007fe1,39,「ありがと、それじゃね～」,"Thanks, see ya~",,
ID00080,000082d1,18,「またね～」,See ya~,,
ID00080,00008bd2,42,「フ～ッ、うまくいったわね」,"Phew, it worked out.",,
ID00080,00008dbf,36,「ヒヤヒヤもんだったよ」,That was a close one.,,
ID00080,00008f58,42,「おいしいものを食べるには、,"To eat something tasty,",,
ID00080,00008f91,54,　これぐらいのリスクは負わなきゃね」,you gotta take some risks like this.,,
ID00080,00009130,63,「Ａ５ステーキかぁ…。うまく焼けるのか？」,A5 steak huh... Will it cook well?,,
ID00080,000092e4,45,「いいお肉は、塩コショウして、,"Good meat only needs salt and pepper,",,
ID00080,00009320,42,　焼くだけでおいしいものよ」,and it's delicious when you grill it.,,
ID00080,00009735,48,「ポイントは、サラダ油じゃなく、,"The key is to use vegetable oil,",,
ID00080,00009774,54,　お肉に付いてくる牛脂で焼くことね」,Use the beef fat that comes with it to grill.,,
ID00080,00009bd7,18,「詳しいな」,You know a lot.,,
ID00080,00009d5e,33,「ネットで調べたのよ」,I looked it up online.,,
ID00080,00009ef4,36,「さ、焼くから座ってて」,Sit down while I grill.,,
ID00080,0000a09a,15,「ああ…」,Ah...,,
ID00080,0000a483,48,（ユイ姉が料理するなんてなぁ…）,(Yui-nee actually cooking...),,
ID00080,0000a4e1,45,「コショウは多めで大丈夫…と」,It's okay if you use a lot of pepper...,,
ID00080,0000a53c,27,「手伝おうか～？」,Want me to help~?,,
ID00080,0000a585,45,「大丈夫よ～、姉を信頼なさい」,Don't worry~. Trust your big sis.,,
ID00080,0000a5e0,18,「はいはい」,Sure sure.,,
ID00080,0000aab1,63,「初めは強めの火で、表面を焼き固める…か」,Start with high heat to seal the surface... huh.,,
ID00080,0000ab3e,33,「おっ、いい匂いが…」,"Oh, nice smell...",,
ID00080,0000ab8d,45,「表面が焼けたら、火を弱めて、,Lower the heat after searing.,,
ID00080,0000abc9,42,　お肉の中まで火を通す…と」,cook through the meat.,,
ID00080,0000ac21,27,「焼き加減は～？」,How's the doneness~?,,
ID00080,0000ac6a,27,「ミディアムで～」,"Medium-rare, then.",,
ID00080,0000acb3,27,「ミディアム…ね。,Medium-rare... huh.,,
ID00080,0000acdd,54,　聞いたものの、よくわかんないわね」,"I heard that, but I'm not sure what it means.",,
ID00080,0000ad41,42,「まぁ、なんとなくでいいか」,"Meh, it's fine if I kinda get the idea.",,
ID00080,0000ad99,18,「ははは…」,Hahaha...,,
ID00080,0000add9,60,「よし！　焼けたわよ～。食べて食べて！」,"Alright! It's done~. Eat up, eat up!",,
ID00080,0000b0c7,48,「おお～っ、すげぇ！　うまそう！,"Whoa~, awesome! Looks delicious!",,
ID00080,0000b106,21,　分厚いぜ！」,It's thick too!,,
ID00080,0000b277,63,「もちろんよ。４００グラムもあるんだから」,Of course. It weighs 400 grams.,,
ID00080,0000b41f,36,「あれ？　ユイ姉のは？」,"Hey? What about yours, Yuu-neesan?",,
ID00080,0000b59f,57,「私はいいの。ぶろ君に食べさせたくて、,"I'm good. I wanted to feed it to you, Bro-kun,",,
ID00080,0000b5e7,27,　買ってきたのよ」,I bought it.,,
ID00080,0000b630,12,「え？」,What?,,
ID00080,0000b798,27,「この夏のお礼よ。,Thanks for summer.,,
ID00080,0000b7c2,48,　私に…９年分の夏をくれたから」,You gave me... nine years' worth of summer.,,
ID00080,0000bd0e,30,「本当にありがとね」,Thanks a lot.,,
ID00080,0000bd5a,18,「ユイ姉…」,Onee-san Yui...,,
ID00080,0000bf22,45,「ほら、冷めないうちに食べて」,Eat it while it's still warm.,,
ID00080,0000c0b8,27,「半分こしようぜ」,Let's split it.,,
ID00080,0000c289,24,「私はいいって。,"No, I'm good.",,
ID00080,0000c2b0,42,　そんな脂肪たっぷりのお肉、,"There's no way I'd eat that fatty meat,",,
ID00080,0000c2e9,27,　太っちゃうから」,I'd get fat.,,
ID00080,0000c460,27,「遠慮なくどうぞ」,"Help yourself, then.",,
ID00080,0000c4a9,48,「そっか…じゃあ、いただきます」,"Oh... okay, I'll take it then.",,
ID00080,0000c635,21,「召し上がれ」,Please enjoy.,,
ID00080,0000c6b8,21,キコキコキコ…,*chomp chomp*,,
ID00080,0000c6fb,54,「おおっ、断面から肉汁が溢れてくる」,"Wow, the juice is oozing out from the cut.",,
ID00080,0000c88d,30,「焼き加減はどう？」,How's the doneness?,,
ID00080,0000c8d9,45,「バッチリ、ミディアムだよ！」,Perfect! It's medium-rare!,,
ID00080,0000ca62,30,「フフッ、よかった」,"Hehe, glad you like it.",,
ID00080,0000cbe9,60,「さっそく一切れ…。んぐんぐ……すげぇ！,First piece... Mmmph mmmph... This is awesome!,,
ID00080,0000cc34,60,　口の中でとろけてなくなる！　うめぇ！」,It's melting in my mouth! So good!,,
ID00080,0000cdf9,24,「気に入った？」,You like it?,,
ID00080,0000ce3f,39,「もちろん！　最高だよ！」,Of course! It’s amazing!,,
ID00080,0000d01c,21,「よかった…」,I'm glad...,,
ID00080,0000d61d,75,こうして、ユイ姉にステーキをごちそうしてもらった。,"This way, I got to treat Yuichan to steak.",,
ID00081,00001b1f,21,「あ、ユイ姉」,"Hey, Yui-nee",,
ID00081,00001ecb,15,「ぶろ君」,Bro-kun,,
ID00081,000020d8,51,「なにやってんの？　こんなとこで」,What are you doing here?,,
ID00081,00002274,39,「なんとなくブラブラと…」,Just kinda wandering around...,,
ID00081,00002410,60,「ふうん、時間を持て余してるってわけ？」,"Hmm, so you're killing time?",,
ID00081,000025b5,45,「そんなとこ。ユイ姉も暇なら、,"Somewhere like that. If you're free, Yui-nee,",,
ID00081,000025f1,42,　一緒にどっか寄らないか？」,do you wanna go somewhere together?,,
ID00081,000027e4,30,「な～に言ってんの。,What are you saying?,,
ID00081,00002811,45,　私はあんたと違って忙しいの。,I'm not as free as you.,,
ID00081,0000284d,24,　それじゃね～」,See ya~,,
ID00081,00002f13,30,（どうせ俺は暇だよ）,(I'm totally bored anyway.),,
ID00081,000030d5,42,「じゃあ、ついて来なさいよ」,Then come with me.,,
ID00081,00003268,30,「どこ行くんだよ？」,Where are we going?,,
ID00081,00003417,24,「海の丘公園よ」,To the Seaside Park.,,
ID00081,0000345d,42,「げっ、あの坂を登る気か？」,"Holy crap, you're serious?",,
ID00081,000035fc,60,「坂道は、脚を引き締めるのにいいからね」,Hills are good for tightening up your legs.,,
ID00081,000037ad,42,「坂道をウォーキングするの。,We'll walk up the hill.,,
ID00081,000037e6,27,　ほら、行くわよ」,Here we go.,,
ID00081,00003acf,21,「…はいはい」,"...Sure, sure.",,
ID00081,000040e9,30,「はぁ……はぁ……」,Huff... huff...,,
ID00081,00004135,30,「はぁ……ふぅ……」,Phew... *pant*,,
ID00081,00004181,54,「ん～っ、ふくらはぎと太股が痛～い。,Ugh~ my calves and thighs hurt~.,,
ID00081,000041c6,36,　引き締まってる証拠ね」,That's proof they're toned.,,
ID00081,00004218,51,「ユイ姉も俺も運動不足だからなぁ」,"Yui-nee and I are out of shape, you know.",,
ID00081,00004279,30,「だから……こうして,So...that's why we're,,
ID00081,000042a6,33,　登ってるんじゃない」,climbing like this.,,
ID00081,000042f5,30,「はぁ……はぁ……」,Huff... huff...,,
ID00081,00004c02,21,「着いた～っ」,We're here~,,
ID00081,00004d80,48,「効いた～っ。はぁ……はぁ……」,It really worked~. *pant* *pant*,,
ID00081,00005106,54,「ふぅ……そんなに息切らしちゃって。,*sigh* Don't get so winded.,,
ID00081,0000514b,39,　男のくせに情けないわよ」,"For a guy, that's pretty pathetic.",,
ID00081,000055c9,39,「男だろうと、女だろうと、,"No matter if you're a guy or girl,",,
ID00081,000055ff,33,　あの坂はきついって」,"that hill's tough, you know?",,
ID00081,000057a6,39,「先が思いやられるわねぇ」,I wonder how much farther it is...,,
ID00081,000057fb,12,「先？」,How far?,,
ID00081,0000597c,48,「下に戻って、もう一度登るのよ」,We'll have to come back down and climb again.,,
ID00081,00005b66,39,「ハアァ！？　なんで！？」,What the hell!? Why!?,,
ID00081,00005d02,54,「ウォーキングするって言ったでしょ？,Didn't I say we'd be walking up this hill?,,
ID00081,00005d47,30,　５往復はするわよ」,"At least five times, actually.",,
ID00081,00005ee7,18,「マジで？」,Really?,,
ID00081,000060e1,15,「マジで」,Really.,,
ID00081,00006265,24,「ほら、行くよ」,"C'mon, let's go.",,
ID00081,000063e6,18,「拷問だ…」,This is torture...,,
ID00081,000068a6,39,「ワン、ツー、ワン、ツー」,"One, two, one, two",,
ID00081,000068fb,18,「ひ～～っ」,Ahh~,,
ID00081,0000693b,60,こうして、海の丘公園の坂を５往復した…。,"Like this, I ran it five times...",,
ID00082,000017ee,21,「あ、ユイ姉」,"Hey, Yui-nee",,
ID00082,00001b9a,15,「ぶろ君」,Bro-kun,,
ID00082,00001f75,39,「いつもながら暇そうねぇ」,"As usual, you look bored.",,
ID00082,00001fca,54,「被写体を探してるんだよ、これでも」,"I'm looking for a subject to photograph, okay?",,
ID00082,000021d4,39,「はいはい、やることなくて,"Yeah yeah, got nothing better.",,
ID00082,0000220a,51,　ブラブラしてるってことでしょ？」,"you have nothing better to do, right?",,
ID00082,000024fa,36,「まぁ…そうとも言うな」,Well... maybe.,,
ID00082,00002693,45,「暇なら、どっか連れてってよ」,"If you're bored, take me somewhere.",,
ID00082,00002829,39,「どっかって、どこだよ？」,Somewhere? Where exactly?,,
ID00082,000029c5,42,「なんか、スッキリするとこ」,Someplace where I can clear my head.,,
ID00082,00002b71,27,「スッキリ…か…。,Clear my head... huh...,,
ID00082,00002b9b,54,　よし！　いいとこあるから行こう！」,Okay! I know a good place!,,
ID00082,00002d46,51,「ホント？　つまんないとこだったら,"Really? If it's boring,",,
ID00082,00002d88,18,　怒るわよ」,I'll get mad.,,
ID00082,00003057,24,「任せとけって」,You can count on me.,,
ID00082,0000351d,39,「スッキリしたい…なんて、,I want to clear my head...,,
ID00082,00003553,42,　仕事でなにかあったのか？」,Did something happen at work?,,
ID00082,000035ab,30,「ん～、ちょっとね。,"Hmm, kinda.",,
ID00082,000035d8,42,　こだわるカメラマンだから、,It's because he's a picky photographer.,,
ID00082,00003611,60,　撮影スケジュールが遅れまくってるのよ」,The shoot schedule is way behind.,,
ID00082,0000367b,18,「ふ～ん…」,...Hmm...,,
ID00082,00003f57,45,「なによ、ゲームしようっての？,"What, you want to play games?",,
ID00082,00003f93,36,　趣味じゃないんだけど」,It's not really my thing.,,
ID00082,00004274,45,「ゲーセンのゲームじゃないよ」,I don't mean arcade games.,,
ID00082,000042cf,48,「キックターゲットで、思いっきり,Kick the ball as hard as you can.,,
ID00082,0000430e,54,　サッカーボールを蹴るってのはどう？,Maybe kick a target dummy really hard?,,
ID00082,00004353,51,　カメラマンへの呪いをぶつけなよ」,Don't unleash your curse on the photographer.,,
ID00082,000044fb,12,「あ…」,...,,
ID00082,0000467c,33,「いいわね、やるやる。,"Sounds good, I'll do it.",,
ID00082,000046ac,51,　さすがぶろ君、ナイスアイディア」,"As expected of Bro-kun, nice idea.",,
ID00082,00004ee6,24,「どこを狙う？」,Where are you aiming?,,
ID00082,00004f2c,42,「そんなのボールに聞いてよ。,Ask the ball itself.,,
ID00082,00004f65,60,　私は思いっきり蹴り込むだけなんだから」,I'm just gonna kick it as hard as I can.,,
ID00082,00004fcf,30,「いっくわよ～～っ」,Here goes~!,,
ID00082,00006149,51,「アハハハ、大ホームラーーーン！」,"Ahahaha, big home run~!",,
ID00082,000061aa,42,「けど、スッキリした～～っ」,But I feel so much better~!,,
ID00082,00006202,39,「ははは、ユイ姉らしいよ」,"Hahaha, that's just like you, Yui-nee.",,
ID00082,00006257,66,こうして、一緒にキックターゲットを楽しんだ。,"And so, we enjoyed kicking the target together.",,
ID00083,00001552,48,（これといって誰もいないなぁ…）,No one in particular around here...,,
ID00083,000015b0,51,（暇だし、ブックカフェでも寄るか）,"I'm bored, maybe I'll drop by the book cafe.",,
ID00083,00001a91,54,（おっ、まだ読んでないグラビア誌が）,"Hey, there's a magazine I haven't read yet.",,
ID00083,00001af5,42,（コスプレ特集？　ふ～ん…）,It's about cosplay? Hmm...,,
ID00083,00001ba0,9,ペラリ,Flip,,
ID00083,00001bd7,45,（おおっ、なかなか際どいコス。,"Oh, pretty daring cosplay.",,
ID00083,00001c13,60,　なんのアニメのキャラかわかんねーけど、,"I have no idea which anime character it is,",,
ID00083,00001c5e,24,　見栄えいいな）,but it looks good.,,
ID00083,00001cf7,9,ペラリ,Flip,,
ID00083,00001d2e,39,（これもなかなか際どい…）,This one's pretty daring too...,,
ID00083,00001dd6,9,ペラリ,Flip,,
ID00083,00001e37,36,「ああっ！？　ユイ姉！」,Ah!? Yui-nee!,,
ID00083,00001e89,33,（ヤベ、思わず声に…。,"Shit, I said it out loud...",,
ID00083,00001eb9,42,　また一段と際どいコスで…）,She's in an even more daring costume...,,
ID00083,00001f11,48,（こんな仕事もやってるんだなぁ）,Guess she does this kind of work too.,,
ID00083,00001f6f,57,（アニメのコスプレとか、興味ないくせに,"Even though she has no interest in anime cosplay,",,
ID00083,00001fb7,42,　様になってる。さすがプロ）,She still looks the part.,,
ID00083,0000200f,51,「はぁ…、露出度の高い姉の写真を、,"Haa... looking at my sister's risqué photos,",,
ID00083,00002051,48,　食い入るように見る弟ってのは、,like I can't look away.,,
ID00083,00002090,24,　どうなのよ？」,What's up with you?,,
ID00083,000026c7,24,「ユ、ユイ姉！」,Y-Yui-nee!,,
ID00083,00002854,33,「そんなに見たいなら、,"If you want to see it so badly,",,
ID00083,00002884,36,　生で見せてあげるわよ」,I'll show you the real thing.,,
ID00083,00002a27,42,「生って言うな！　生って！」,Don't say that! Don't say it!,,
ID00083,00002bc6,33,「ぶろ君も男の子ねぇ。,"You're such a boy, aren't you?",,
ID00083,00002bf6,39,　女の子の裸に興味津々？」,So interested in girls' naked bodies?,,
ID00083,00002d9f,45,「ち、違っ！　動画の参考に…」,N-No! I'm just using it as reference...,,
ID00083,00002f28,36,「あれ？　興味ないの？」,Huh? You're not interested?,,
ID00083,000030fb,27,「…興味は…ある」,Well... I am kinda,,
ID00083,00003272,39,「フフッ、素直でよろしい」,"Hehe, honesty is the best policy.",,
ID00083,000035bc,51,「私もその写真、気に入ってるんだ。,I actually like that photo too.,,
ID00083,000035fe,51,　結構、面白いよね、コスプレって」,"Cosplay can be pretty fun, right?",,
ID00083,00003b70,33,「また、やりたいなぁ」,Wanna do it again sometime.,,
ID00083,00003bbf,51,「その時は、俺も動画が録りたいよ」,"If we do, I wanna record a video too.",,
ID00083,00003c39,63,「フフッ、いいわよ。そんな機会があればね」,"Hehe, sure. If the opportunity comes up.",,
ID00083,000040b1,24,「それじゃね～」,See ya~,,
ID00083,000044b3,33,（あ～、ビックリした）,"(Ah~, you scared me.)",,
ID00084,00001930,24,「あ、ぶろ君！」,"Oh, bro!",,
ID00084,00001b3d,15,「ユイ姉」,Yui-nee,,
ID00084,00001dea,33,「な～にやってんの？」,What are you doing?,,
ID00084,00001e39,45,「まぁ…被写体を探してだな…」,Well... I'm looking for a subject...,,
ID00084,00002010,27,「やることなくて、,Just bored.,,
ID00084,0000203a,45,　ブラブラしてるってことね？」,Since you don't have anything to do?,,
ID00084,000021d0,30,「…そうとも言うな」,I guess you could say that.,,
ID00084,0000237f,48,「じゃあ、なにか楽しいことない？,Got anything fun to do?,,
ID00084,000023be,33,　スカッとするような」,Something refreshing?,,
ID00084,0000269c,24,「スカッとか…」,What's 'feel good'...?,,
ID00084,00002736,51,「まだ写真集の仕事が大変なんだ？」,Still having a hard time with the photo shoot?,,
ID00084,000028de,15,「まぁね」,Yeah.,,
ID00084,00002a62,36,「そろそろ大詰めだから、,"It's almost done, so",,
ID00084,00002a95,30,　私もカメラマンも、,"Both me and the photographer,",,
ID00084,00002ac2,42,　どんどんこだわっちゃって」,getting really picky.,,
ID00084,00002d90,51,「そっか……じゃあ、ダンスゲームで,Oh... then how about dancing in a dance game?,,
ID00084,00002dd2,39,　思いっきり踊るのはどう？,You could let loose and have fun.,,
ID00084,00002e08,42,　スッキリすると思うけど？」,I think it'd help you relax.,,
ID00084,00002e8f,24,「ダンスゲームで,Let's play a dance game.,,
ID00084,00002eb6,39,　思いっきり踊るのはどう？,You could let loose and have fun.,,
ID00084,00002eec,42,　スッキリすると思うけど？」,I think it'd help you relax.,,
ID00084,000030ba,42,「あ、いいわね！　やるやる！,"Oh, that sounds fun! I'm in!",,
ID00084,000030f3,24,　遊び方教えて」,Show me how to play it.,,
ID00084,00003b33,60,「簡単だよ。画面に表示されるマーカーと、,It's easy. Just step on the floor panels,,
ID00084,00003b7e,45,　同じ色の床を踏めばいいんだ」,that match the markers shown on screen.,,
ID00084,00003d4a,18,「なるほど」,I see.,,
ID00084,00003eb8,57,「画面のダンスと同じ身振りを入れると、,"If you mimic the moves on the screen,",,
ID00084,00003f00,42,　踊ってる感じがより出るよ」,it'll feel more like dancing.,,
ID00084,00004086,48,「そっか。よ～し、やってみる！」,Got it! Let's do this!,,
ID00084,00007208,48,「はぁ……はぁ……気持ちいい～」,Phew... Ahh... This feels so good~,,
ID00084,00007630,54,「バッチリだよ！　初めてとは思えない,You're doing great!,,
ID00084,00007675,27,　ダンスだった！」,"Of course, you're amazing!",,
ID00084,000077ec,33,「フフッ、当たり前よ。,"Hehe, that's how it should be.",,
ID00084,0000781c,39,　私を誰だと思ってんの？」,Who do you think I am?,,
ID00084,00007c47,39,「この調子で、もう２、３曲,"Keep going, a couple more.",,
ID00084,00007c7d,30,　踊っちゃおうかな」,Let's dance a bit longer.,,
ID00084,00007e04,33,「…筋肉痛になっても、,"...even if my muscles ache,",,
ID00084,00007e34,42,　マッサージしてやらないぞ」,I won't give you a massage.,,
ID00084,0000810e,24,「え～、ケチ～。,"Aw, so stingy~.",,
ID00084,00008135,45,　キッチリ動画録ってたくせに」,You're the one who recorded it all carefully~,,
ID00084,0000841f,12,「う…」,...,,
ID00084,000085bc,30,「持ちつ持たれつよ。,It's mutual then.,,
ID00084,000085e9,54,　ダンス後のマッサージ、よろしくね」,"Massage after, please.",,
ID00084,00008b52,18,「やれやれ」,Phew...,,
ID00084,00009023,72,こうして、ユイ姉と一緒にダンスゲームを楽しんだ。,Enjoyed dance games together.,,
ID00085,00001ad0,24,「あ、ぶろ君！」,"Oh, bro!",,
ID00085,00001cdd,15,「ユイ姉」,Yui-nee,,
ID00085,00001f8a,18,「今、暇？」,You free now?,,
ID00085,00001fca,30,「まぁ…暇だけど…」,"Well... I'm bored, though...",,
ID00085,0000215d,48,「じゃあ、買い物につき合ってよ。,Come with me shopping then.,,
ID00085,0000219c,24,　いいでしょ？」,Ain't that great?,,
ID00085,000026bb,27,「ほら、早く早く」,"Come on, hurry up",,
ID00085,0000283f,18,「お、おい」,"Hey, hey",,
ID00085,00002cff,33,「どこへ行くんだよ？」,Where are we going?,,
ID00085,00002d4e,45,「いいからついて来なさいって」,Just come along already!,,
ID00085,00003281,48,「なんだ、駅前モールじゃないか。,"Oh, it's the station mall.",,
ID00085,000032c0,36,　で、なに買うんだよ？」,So what're you gonna buy?,,
ID00085,0000346a,33,「夏に相応しいものよ」,Something summery.,,
ID00085,000034b9,15,「夏に？」,For summer?,,
ID00085,00003659,45,「そっ、水着を買おうと思って」,I-I was thinking of buying a swimsuit.,,
ID00085,000037ef,42,「水着！？　俺と一緒に！？」,A swimsuit?! With me?!,,
ID00085,0000398e,60,「そうよ。ぶろ君のセンスを試してあげる。,"I'll test your taste, Bro-kun.",,
ID00085,000039d9,54,　私に似合う水着を選んでみなさいよ」,Pick out a swimsuit that suits me.,,
ID00085,00003ce5,60,「無茶言うな！　女性の水着売り場になんか,Don't be silly!,,
ID00085,00003d30,21,　行けるかよ」,Can you believe it?,,
ID00085,00003eba,45,「またまたぁ、うれしいくせに」,"Oh, come on, don't get so happy.",,
ID00085,00003f38,33,「うれしくないって！」,Don't tell me you're not happy!,,
ID00085,000040ce,15,「もう…」,Geez...,,
ID00085,0000436e,60,「女の子の水着ぐらいで、恥ずかしがってて,Stop blushing over it.,,
ID00085,000043b9,21,　どうすんの？,What will you do?,,
ID00085,000043dd,60,　真剣に動画に取り組んでいくんでしょ？」,Are you really going to take this video seriously?,,
ID00085,000046d6,30,「う……それは……」,Ugh... That's...,,
ID00085,00004722,18,「わかった。,Got it.,,
ID00085,00004743,60,　俺なりに、ユイ姉に似合う水着を選ぶよ」,I'll pick out a swimsuit that suits Yui-nee.,,
ID00085,00004972,45,「そうそう。一緒に行くプールで,We're going to the pool.,,
ID00085,000049ae,24,　着るんだから」,I'll wear it.,,
ID00085,00004ce8,18,「そうそう」,That's right.,,
ID00085,00004ff2,42,「で、好みの水着はどんなの？,"So, what kind of swimsuit do you like?",,
ID00085,0000502b,42,　ワンピース？　セパレート？,A one-piece? A two-piece?,,
ID00085,00005064,48,　それとも……やっぱりビキニ？」,Or... maybe a bikini?,,
ID00085,0000573e,42,「か、からかうなよ、ユイ姉。,"Don't tease me, Yui-nee.",,
ID00085,00005777,42,　全種類、着てみてからだ！」,I'll try on all kinds!,,
ID00085,00005916,21,「全種類！？」,All kinds!?!,,
ID00085,00005a87,51,「はいはい、いいわよ。ちょっとした,"Sure sure, go ahead. Just a little bit...",,
ID00085,00005ac9,36,　ファッションショーね」,It's the fashion show.,,
ID00085,000060bd,36,「さ、お店へレッツゴー」,"Okay then, let's go to the store.",,
ID00085,000066ca,48,「ぶろくぅ～ん、肩紐結んでぇ～」,"Brockuu~n, tie the straps eee~",,
ID00085,00006728,42,（絶対にからかってるだろ…）,She's definitely teasing me...,,
ID00085,00006780,57,こうして、ユイ姉と一緒に水着を選んだ。,This is how I picked out a swimsuit with Yuichan.,,
ID00086,00001a4e,21,「あ、ユイ姉」,"Hey, Yui-nee",,
ID00086,00001dfa,15,「ぶろ君」,Bro-kun,,
ID00086,000021d4,33,「な～にやってんの？」,What are you doing?,,
ID00086,00002223,51,「なんとなく暇だし、ブラブラと…」,"I'm bored, so I'll wander.",,
ID00086,000023b2,27,「ふうん…じゃあ、,"Hmm... Well then,",,
ID00086,000023dc,48,　一緒に海の丘公園へ行かない？」,do you wanna go to the Seaside Park with me?,,
ID00086,000026c9,33,「いいけど、なんで？」,"Sure, but why?",,
ID00086,0000285f,51,「ぶろ君とやりたいことがあるのよ」,"I've got something I wanna do with you, bro.",,
ID00086,00002a07,24,「ほら、行こっ」,"C'mon, let's go.",,
ID00086,00003008,51,（俺とやりたいこと…か。なんだ？）,Something you wanna do with me... huh? What's up?,,
ID00086,00003069,57,「ほらほら、そんなノロノロ歩いてたら、,"Hey, hey, if you walk so slow like that,",,
ID00086,000030b1,60,　いつまで経っても坂を登り切らないわよ」,"You'll never make it up the hill, you know.",,
ID00086,0000311b,18,「お、おう」,Y-Yeah.,,
ID00086,00003865,42,「ふ～っ、着いた、着いた…」,Phew... We're here...,,
ID00086,00003a04,33,「柵のそばへ行くわよ」,I'm going over by the fence.,,
ID00086,00003efd,48,「なんだよ？　やりたいことって」,What's that? Something you want to do?,,
ID00086,00004089,39,「フフッ、男女でここに来て,"Hehe, when a boy and girl come here,",,
ID00086,000040bf,63,　やりたいことなんて、決まってるでしょ？」,"There's only one thing they wanna do, right?",,
ID00086,00004502,36,「一緒に鐘を鳴らすのよ」,We're gonna ring the bell together.,,
ID00086,00004554,36,「あぁ？　恋人の鐘だぞ」,Aren't we? It's the lovers' bell.,,
ID00086,000046ed,42,「そうよ。なんか問題ある？」,That's right. Got a problem with that?,,
ID00086,00004880,30,「俺たちは姉弟だ！」,We're siblings!,,
ID00086,00004a76,54,「はぁ…あったま固いわねぇ。いい？」,Phew... You sure are stiff. Okay?,,
ID00086,00004f86,45,「一緒に鐘を鳴らすってことは、,Ringing the bell together means...,,
ID00086,00004fc2,60,　要するに将来を誓い合うってことでしょ？,It means promising our future?,,
ID00086,0000500d,21,　だったら…」,If so...,,
ID00086,00005426,33,「お互いに夢を叶えて、,Promise to make dreams come true,,
ID00086,00005456,60,　またここに帰ってくるって誓い合うのは、,come back here again.,,
ID00086,000054a1,27,　ありじゃない？」,aren't we?,,
ID00086,0000564b,12,「あ…」,...,,
ID00086,000057cc,39,「動画…私に負けないように,Work hard... don't lose to me,,
ID00086,00005802,54,　がんばんなさいよ。遠く離れてもね」,even if you're far away,,
ID00086,00005c6f,54,「…ユイ姉こそ、外国に１人で行って、,"...Yui-nee, be careful not to get homesick",,
ID00086,00005cb4,51,　ホームシックにならないようにな」,in a foreign country by yourself,,
ID00086,00005e78,51,「今日のことを思い出すから大丈夫」,You'll remember today and be fine,,
ID00086,000063d1,57,「寂しくても…ぶろ君もがんばってるって,Even when lonely... Bro-kun's working hard,,
ID00086,00006419,39,　思えば、励まされるから」,gives you encouragement,,
ID00086,000066fd,18,「ユイ姉…」,Onee-san Yui...,,
ID00086,00006884,30,「ほら、鳴らすわよ。,"Hey, I'm gonna ring it.",,
ID00086,000068b1,60,　私の手を取って、鐘のそばへ連れてって」,Take my hand and bring me over to the bell.,,
ID00086,00007185,30,「きれいな音色ね～」,What a beautiful sound~,,
ID00086,000071d1,45,「何年かかるかわかんないけど、,"I don't know how long it'll take, but...",,
ID00086,0000720d,57,　必ず…夢を叶えてここへ戻ってくる…」,I'll fulfill my dream and return...,,
ID00086,00007274,57,「その時は……また一緒に鐘を鳴らそ？」,Will you ring the bell then?,,
ID00086,000072db,36,「ああ…俺もがんばるよ」,Yeah... I'll do my best too.,,
ID00086,0000732d,57,こうして、ユイ姉と一緒に鐘を鳴らした。,"And so, we rang the bell together with Onee-san.",,
ID00087,00000b6d,21,「あ、ユイ姉」,"Hey, Yui-nee",,
ID00087,00000f19,15,「ぶろ君」,Bro-kun,,
ID00087,0000107f,36,「ここでなにしてんだ？」,What are you doing here?,,
ID00087,00001218,54,「フフッ、いいとこへ行ってきたのよ」,"Hehe, I went to a great place.",,
ID00087,000016b4,42,「ほら、見て見て。わかる？」,"Look, look! Can you tell?",,
ID00087,000019e1,27,「…なにがだよ？」,...Tell me what?,,
ID00087,00001be4,54,「わかんないかなぁ～。ニブいわねぇ」,Can't figure it out? You're clueless.,,
ID00087,00001ee3,33,「髪を切ってきたのよ。,I got my hair cut.,,
ID00087,00001f13,51,　行きつけの美容師さんのお店でね」,At my regular stylist's shop.,,
ID00087,000020c8,27,「切り立てなのか？,Is that new?,,
ID00087,000020f2,42,　まるでそんな感じしないな」,Don't really look like it's new.,,
ID00087,000022ad,42,「一流の美容師さんの仕事は、,A top stylist's work looks natural,,
ID00087,000022e6,39,　切ってすぐ、自然な感じに,"right after the cut,",,
ID00087,0000231c,30,　馴染むものなのよ」,and blends in quickly.,,
ID00087,00002603,60,「切る量が少ないからってのもあるけどね。,It also helps that I don't get my hair cut too much.,,
ID00087,0000264e,42,　２週に１回は切ってるから」,I go every two weeks or so.,,
ID00087,00002935,33,「モデルは大変だなぁ」,"Being a model is tough, huh?",,
ID00087,00002b00,36,「まぁね。お店へ行くのに,Yeah. Getting to the salon,,
ID00087,00002b33,57,　電車で３０分だから、通学より大変よ」,It takes thirty min by train.,,
ID00087,000031ff,42,「ぶろ君も切ってもらえば？」,Should I get my hair cut too?,,
ID00087,00003392,63,「お高いんだろ？　俺は安い散髪屋でいいよ」,It must be pricey? I'm fine.,,
ID00087,00003546,36,「フフッ、それもそうね。,"Hehe, you're right.",,
ID00087,00003579,63,　男の人が、あんまり髪型にこだわってもね」,Men shouldn't worry too much about their hairstyles.,,
ID00087,00003c32,30,「することないなら、,"If there's nothing else to do,",,
ID00087,00003c5f,39,　宿舎まで一緒に帰ろうよ」,let's go back to the dorm together.,,
ID00087,00003def,45,「することがないって前提なのが,"Assuming we have nothing else to do,",,
ID00087,00003e2b,45,　気になるけど、送ってやるよ」,"I'm worried, but I'll walk you back.",,
ID00087,00003ff7,48,「そうそう、そう来なくっちゃね」,"That's right, that's the way to do it.",,
ID00087,00004629,48,こうして、ユイ姉と一緒に帰った。,This is how we went back together with Onee-san.,,
ID00087,00004668,60,いつもと違う、シャンプーの香りがした…。,The shampoo smelled different from usual...,,
ID00087,000049ca,48,「あ、ぶろ君！　いいところに！」,"Ah, Bro-kun! Perfect timing!",,
ID00087,00004f99,63,「ねぇねぇ、お願い聞いて欲しいんだけどぉ」,"Hey hey, can you help me out?",,
ID00087,00005428,33,（嫌な予感しかしない）,(Only bad feelings come to mind),,
ID00087,000055be,42,「ぶろ君にも、おいしい話よ。,"I've got an offer for you,",,
ID00087,000055f7,36,　渡りに舟なんだからぁ」,"It's like a godsend, really.",,
ID00087,000058d8,27,「一体なんだよ？」,What the hell is this?,,
ID00087,00005a68,39,「一緒にぃ、映画を見ない？,Wanna watch a movie together?,,
ID00087,00005a9e,36,　おごってあげるからぁ」,I'll treat you.,,
ID00087,00005ed0,21,「マジで！？」,Really!?!,,
ID00087,00006076,18,「マジでぇ」,Seriously.,,
ID00087,00006342,45,「どういう風の吹き回しだよ？」,What the hell's going on?,,
ID00087,000064e4,24,「それはねぇ…」,Well...,,
ID00087,00006671,57,「私の知り合いの子が映画に出てるから、,"A friend of mine is in a movie, so",,
ID00087,000066b9,39,　見てあげたいんだけどぉ」,I wanna go see it with you.,,
ID00087,00006c1f,51,「ネットの評判がイマイチなのよぉ」,But the reviews aren't great...,,
ID00087,00006f1e,39,「絶対寝ちゃうと思うから、,"I'm sure I'll fall asleep, so",,
ID00087,00006f54,42,　見たあとで感想聞かせてぇ」,Tell me what you think after.,,
ID00087,0000723b,42,「俺には寝るなってことだな」,So you're saying don't sleep?,,
ID00087,00007515,27,「当たり前でしょ！,Of course!,,
ID00087,0000753f,39,　おごってあげるんだから」,I'm buying you dinner too.,,
ID00087,000076e8,42,「はいはい。どんな映画でも、,"Sure, sure. Any movie...",,
ID00087,00007721,57,　動画の参考になるから、ありがたいよ」,"It'll be good for the video, so I'm grateful.",,
ID00087,000078cf,48,「でしょお？　弟思いの姉よねぇ」,See? I'm such a sisterly big sis.,,
ID00087,00007bbc,15,「はは…」,Heh...,,
ID00087,00007d40,57,「さ、行くわよ。感想はほめる方向でね。,"Alright, let's go. Be nice.",,
ID00087,00007d88,63,　けなしても彼女ががっかりするだけだから」,"If you criticize her, she'll just get disappointed.",,
ID00087,000087c0,39,こうして、ユイ姉と一緒に、,"Like this, with Yui-nee by my side,",,
ID00087,000087f6,51,とてつもなくつまらない映画を見た。,I watched an incredibly boring movie.,,
ID00087,00008857,33,「す～～っ、す～～っ」,*sigh* *sigh*,,
ID00087,000088a6,60,（くっ、気持ちよさそうに寝やがってぇぇ）,"(Grrr, sleeping so comfortably)",,
ID00094,00001219,54,（なにか動画の参考になる雑誌は…と）,A mag with vid ref material?,,
ID00094,0000127d,33,（ん……アイドル誌か。,(Hmm... an idol magazine maybe.),,
ID00094,000012ad,45,　グラビア写真のアングルとか、,(Photo angles could help.),,
ID00094,000012e9,33,　参考になりそうだな）,(...),,
ID00094,0000180b,9,ペラリ,Flip,,
ID00094,00001842,45,（む…ジュニアアイドル特集か。,"(Huh... a junior idol special, huh.)",,
ID00094,0000187e,51,　ユイ姉の小さいころを思い出すな）,(Makes me think of Yui as a kid.),,
ID00094,00001932,9,ペラリ,Flip,,
ID00094,00001969,51,（ランドセル背負って、登校風景…。,(Shoulders her backpack and heads to school...),,
ID00094,000019ab,18,　定番だな）,(Standard shot.),,
ID00094,00001a3e,9,ペラリ,Flip,,
ID00094,00001a75,60,（うおっ、いきなり水着！？　攻めるなぁ）,"Woah, swimsuits already!",,
ID00094,00001b32,9,ペラリ,Flip,,
ID00094,00001b69,45,（ユイ姉もよく撮られてたっけ。,Yui-nee was often photographed too.,,
ID00094,00001ba5,48,　布が小さいってぼやいてたなぁ）,She used to gripe about her bikini.,,
ID00094,00001c03,39,「な～に、ニヤニヤしながら,"""Hey, what are you grinning at?""",,
ID00094,00001c39,39,　グラビア誌、見てんのよ」,"""You're reading that porn mag.""",,
ID00094,00002151,21,「あ、ユイ姉」,"Hey, Yui-nee",,
ID00094,000022db,33,「うっ！　あ、あんた！,"Ugh! Ah, you!",,
ID00094,0000230b,51,　そんな小さな女の子の水着写真…」,Those photos of such a little girl in a swimsuit...,,
ID00094,000029d1,21,「ロ、ロリ…」,"""Loli...""",,
ID00094,00002c8a,36,「それ以上言うなあっ！」,Don't say anymore!!,,
ID00094,00002e23,63,「ロリコン！　あんたロリコンだったの！？」,Pervert! You're a pervert!,,
ID00094,0000325a,51,「ち、違っ！　ユイ姉の小さいころを,"N-no, not my childhood...",,
ID00094,0000329c,36,　思い出してたんだよ！」,I swear!,,
ID00094,00003435,39,「私を！？　幼い私のこと、,Don't stare at me!,,
ID00094,0000346b,42,　そんな目で見てたわけ！？」,Like you were looking at a little girl!?,,
ID00094,0000376b,27,「違っ！　姉だぞ！,"No, she's my sister!",,
ID00094,00003795,57,　しかも子供同士で、ロリもないだろ！」,"And we're kids, there's no lolicon here!",,
ID00094,00003989,36,「…まぁ、それもそうね」,"Well, I guess that's true.",,
ID00094,00003b32,42,「ユイ姉の苦労を思い出して、,Reminiscing about Yui-ne's struggles.,,
ID00094,00003b6b,33,　懐かしんでたんだよ。,missing the old days...,,
ID00094,00003b9b,36,　大変そうだったなって」,She seemed really stressed out.,,
ID00094,00003d34,33,「ふうん……そっか…」,...I see...,,
ID00094,00004005,30,「デビューしたては、,"When she first debuted,",,
ID00094,00004032,33,　ちょっと無理してでも,She really wanted to make it.,,
ID00094,00004062,63,　雑誌に載りたいってのが、あったからなぁ」,even if it meant pushing herself.,,
ID00094,0000420a,51,「一緒にいる俺は、ハラハラしたよ」,I was on edge being there with you.,,
ID00094,00004399,27,「フフッ、そうね。,"Heh, that's right.",,
ID00094,000043c3,42,　ぶろ君には心配かけたよね」,You must've worried Bro-kun a lot.,,
ID00094,000049c1,21,「懐かしい…」,It's nostalgic...,,
ID00094,00004a04,12,「ああ」,Yeah.,,
ID00094,00004c5b,15,「けど…」,But...,,
ID00094,00004f33,30,「気をつけなさいよ。,Be careful.,,
ID00094,00004f60,51,　小さい女の子の水着グラビアを見て,If you leer at the swimsuit pics of little girls,,
ID00094,00004fa2,60,　ニヤニヤしてたら、絶対誤解されるから」,you'll definitely be misunderstood.,,
ID00094,00005546,33,「わ、わかってるって」,I-I know,,
ID00094,000056dc,57,「見るにしても、私の小さいころの写真で,"Stick to my old pics, okay?",,
ID00094,00005724,27,　我慢しなさいよ」,Try to hold back.,,
ID00094,000059fc,51,「だから、そんなんじゃないって！」,That's not what I meant!,,
ID00094,00005ba4,36,「フフッ、よかったわね、,"Hehe, good for you then,",,
ID00094,00005bd7,42,　プロのモデルがそばにいて」,having a pro model around.,,
ID00094,000063b6,27,「それじゃあね～」,See ya~,,
ID00094,000067ae,18,（ったく…）,Ugh...,,
ID00094,00006ae6,57,「あ、ぶろ君、ちょうどいいところに！」,"Ah, Bro-kun, perfect timing!",,
ID00094,00006e4f,12,「ん？」,Hm?,,
ID00094,000070f8,51,「お願いがあるんだけどぉ、いい？」,"I have a favor to ask, okay?",,
ID00094,000073e8,24,「…なんだよ？」,...What's up?,,
ID00094,00007575,51,「久しぶりに漫画を買いたいのよぉ」,I wanna get some manga.,,
ID00094,00007711,36,「買えばいいじゃないか」,Then just go ahead and buy it.,,
ID00094,000078aa,54,「あ～っ、つれないぃ。私に重い漫画を,"Ahh, you're being so cold.",,
ID00094,000078ef,33,　持てって言うのぉ？」,You want me to carry it?,,
ID00094,00007bcd,39,「はいはい、持ってやるよ」,"Okay, okay, I'll carry it for you.",,
ID00094,00007d69,39,「ホント！？　やったぁ！」,Really!? Great!!,,
ID00094,00008197,33,「じゃあ、よろしくね！,Thanks!,,
ID00094,000081c7,63,　この間、完結した長編恋愛もの全２３巻！」,That's the 23-volume series I mentioned!,,
ID00094,00008752,60,「に、にじゅ…って、そんな持てるかよ！」,Twenty-three volumes? Seriously?,,
ID00094,00008903,48,「あ～っ、今、持つって言ったのに,"Ahh, you just said you had them a moment ago...",,
ID00094,00008942,33,　もう撤回するわけ？」,You're not taking it back now?,,
ID00094,00008c20,48,「２３巻も買うと思わないだろ？」,I didn't think you'd buy all of them.,,
ID00094,00008c7e,48,「そんなに一気に読めるのかよ？」,Can you even read that much at once?,,
ID00094,00008e0a,24,「読めないわよ」,Of course not.,,
ID00094,00008e50,42,「じゃあ、少しずつ買えよ！」,Then why don't you get them one by one?,,
ID00094,00008fef,45,「読みたい時に読めないのって、,It's frustrating when you can't read.,,
ID00094,0000902b,66,　イライラしてかえってストレス溜まるでしょ？,"and it just ends up stressing you out more, right?",,
ID00094,0000907c,36,　だから、買っておくの」,So I buy them ahead of time.,,
ID00094,00009743,27,「ネットで買えよ」,Just buy them online.,,
ID00094,000098d3,51,「今、帰って、何冊か読みたいの！」,I'm going home now and wanna read a few!,,
ID00094,00009ce5,27,「わがままだなぁ」,You're so spoiled.,,
ID00094,00009e75,39,「なに今さら言ってんのよ。,What are you saying that for now?,,
ID00094,00009eab,51,　そんなのわかってることでしょ？」,"You know that already, don't you?",,
ID00094,0000a060,33,「はぁ…仕方ねーなぁ。,Haa... Guess not.,,
ID00094,0000a090,45,　色々動画録らせてくれてるし、,"You let me record all sorts of videos,",,
ID00094,0000a0cc,24,　持ってやるよ」,I'll give them to you.,,
ID00094,0000a259,36,「ホント！　ありがと！」,Really! Thanks a lot!,,
ID00094,0000a546,39,「やっぱり、持つべきものは,I guess having a dependable little,,
ID00094,0000a57c,33,　頼りになる弟よねぇ」,the best thing ever.,,
ID00094,0000aaca,48,「ほら、さっそく買いに行くわよ」,See? I'm going to buy some right away.,,
ID00094,0000ac63,18,「はいはい」,Sure sure.,,
ID00094,0000b123,60,こうして、漫画を抱えて帰ることになった。,"And so, she went home with manga in hand.",,
ID00094,0000b18d,24,「ヒィ…ヒィ…」,Hii... Hii...,,
ID00094,0000b1d3,27,「がんばれ～っ！」,Come on~!,,
ID00094,0000b21c,48,「ったく、そっちは気楽でいいよ」,"Man, you've got it easy.",,
ID00094,0000b27a,45,「私も持ってあげてるでしょ？」,"I'm carrying some too, ya know?",,
ID00094,0000b2d5,48,「たった３冊な。こっちは２０冊」,Just three books. I've got twenty.,,
ID00094,0000b333,48,「量じゃなくて、気持ちの問題よ」,"It's not about the amount, but the spirit.",,
ID00094,0000b391,27,「はいはい。…あ」,Sure sure... Oh.,,
ID00094,0000b3da,24,「どうかした？」,What's wrong?,,
ID00094,0000b420,57,「宿舎から家に帰る時、この漫画って…」,"When I go home from the dorms, this manga...",,
ID00094,0000b487,45,「もちろん、ぶろ君が持つのよ」,"Of course, Bro-kun has it.",,
ID00094,0000b4e2,60,「ミツミキャンプが終わってから買えよ！」,Buy it after Mitsumi Camp's over!,,
ID00094,0000b54c,60,「あはは、今さらねぇ。気づくの遅いわよ」,"Haha, too late now. You're slow to notice.",,
ID00094,0000b5b6,33,「はぁ……やれやれ…」,Phew...,,
ID00101,00000ea8,21,「あ、ユイ姉」,"Hey, Yui-nee",,
ID00101,00001254,15,「ぶろ君」,Bro-kun,,
ID00101,000013ba,27,「なにしてんの？」,What are you doing?,,
ID00101,0000154a,42,「クレーンゲームしてたのよ」,I was playing crane games.,,
ID00101,000015a2,60,「へ～っ、ユイ姉がゲームなんて珍しいな」,"Wow, it's rare for Ui-ne to play games.",,
ID00101,0000176f,57,「ブログのネタよ。かわいいぬいぐるみが,It's blog material. I found a cute stuffed animal,,
ID00101,000017b7,60,　あったから、取って写真をアップしようと,So I wanted to take a picture and post it online.,,
ID00101,00001802,15,　思って」,but...,,
ID00101,00001ace,36,「芸能人って感じだなぁ」,You're like an idol or something.,,
ID00101,00001c67,51,「そりゃそうよ。芸能人なんだから。,"That's right. I am an idol, after all.",,
ID00101,00001ca9,63,　それなりにアクセスあるのよ、私のブログ」,My blog gets decent traffic.,,
ID00101,000020e0,30,「で、取れたのか？」,"So, did you get it?",,
ID00101,00002308,45,「それがうまくいかなくてねぇ。,It didn't go so well...,,
ID00101,00002344,24,　難しいわねぇ」,That was tough.,,
ID00101,000024c5,48,「俺が代わりに取ってやろうか？」,Want me to do it instead?,,
ID00101,00002724,51,「大丈夫よ、失敗もいいネタだから。,"Don't worry, even a fail's good for a laugh.",,
ID00101,00002766,30,　変顔アップしたし」,Got some funny faces up there.,,
ID00101,00002a41,15,「そっか」,Oh yeah,,
ID00101,00002bc5,42,「さ～て、宿舎へ帰ろっかな。,Let's head back to the dorms.,,
ID00101,00002bfe,45,　ぶろ君も一緒に帰るでしょ？」,"You're coming with us too, right?",,
ID00101,00002ecf,36,「そうだな。つきあうよ」,Sure thing. I'll come with you.,,
ID00101,00003068,33,「そうこなくっちゃね」,Of course we will.,,
ID00101,00003537,48,こうして、ユイ姉と一緒に帰った。,This is how we went back together with Onee-san.,,
ID00101,00003726,21,「あ、ユイ姉」,"Hey, Yui-nee",,
ID00101,00003ad2,15,「ぶろ君」,Bro-kun,,
ID00101,00003d7f,45,「なにやってんの？　ゲーム？」,What are you doing? Playing a game?,,
ID00101,00003f15,39,「そんなとこ。ユイ姉は？」,Where's Yuiko-neesan?,,
ID00101,00004263,51,「御前とマリアとこれからカラオケ」,I'm going to karaoke with Misaki and Mariana.,,
ID00101,000043ff,42,「へ～っ、いいな。楽しそう」,"Ohh, that sounds fun.",,
ID00101,0000459e,51,「でしょう？　３人でカラオケなんて,Right? It's our first time doing karaoke together,,
ID00101,000045e0,18,　初めてよ」,as a group.,,
ID00101,00004a12,60,「アイドルグループの歌をみんなで歌って、,We'll all sing some idol group songs~,,
ID00101,00004a5d,33,　盛り上がるわよ～っ」,and have a blast!,,
ID00101,00004c00,45,「動画を録りたいところだけど、,I'd love to record it on video but,,
ID00101,00004c3c,24,　遠慮しとくよ」,let's not bother,,
ID00101,00004dc9,57,「フフッ、そうね。今日は女子会だから」,"Hehe, right. Today's a girls' night out.",,
ID00101,0000529b,63,「２人の恋バナも色々聞き出さなくっちゃね」,I've gotta get all the juicy gossip from you two.,,
ID00101,00005443,42,「ユイ姉が一番、その手の話が,Yui-nee is probably the one who has,,
ID00101,0000547c,30,　なさそうだけど？」,the least to say about it?,,
ID00101,000056c9,33,「な～にか言ったぁ？」,What'd you say?,,
ID00101,00005718,45,「い、いや、それじゃ行くよ！」,"N-no, I'm leaving!",,
ID00101,000058ba,36,「フフッ、それじゃあね」,"Hehe, see ya.",,
ID00101,0000601b,42,（ユイ姉たち３人の女子会か。,Yui-nee and friends' girls' night out...,,
ID00101,00006054,27,　ゴージャスだな）,So fancy.,,
ID00101,00006213,39,「私はカラオケしてたとこ」,I was in a karaoke place.,,
ID00101,00006268,36,「カラオケ？　１人で？」,Karaoke? By yourself?,,
ID00101,00006401,60,「そうよ。楽しいのよ、思いっきり歌えて」,Yeah. It's fun to sing your heart out.,,
ID00101,000066fa,51,「俺とか真奈を誘えばよかったのに」,I should've invited you and Mana too.,,
ID00101,000068a2,30,「それはまた今度よ。,We can do that another time.,,
ID00101,000068cf,45,　みんなで盛り上がりたい時と、,When I want everyone around me...,,
ID00101,0000690b,57,　１人でストレス発散したい時は違うの」,and when I just wanna blow off steam alone.,,
ID00101,00006eac,60,「ストレス？　仕事でなにかあったのか？」,Stress? Did something happen at work?,,
ID00101,000070d3,30,「ううん、なんにも。,"No, nothing.",,
ID00101,00007100,42,　けど、強いて挙げるなら…」,But if I have to say anything...,,
ID00101,000077af,39,「この夏も、誰も言い寄って,Nobody asked me out this summer...,,
ID00101,000077e5,33,　こなかったことかな。,It's probably that no one did.,,
ID00101,00007815,36,　彼氏いない歴を更新よ」,Updated my single streak.,,
ID00101,00007ceb,51,「ユイ姉は忙しいから、仕方ないよ」,"Yui-ne's busy, can't help it.",,
ID00101,00007e93,27,「そうね。けど…」,True... but...,,
ID00101,00008177,54,「出来た弟がいるのがダメなのかもね。,Maybe having a capable little brother isn't good.,,
ID00101,000081bc,33,　つい頼っちゃうから」,I end up relying on him too much.,,
ID00101,0000849a,48,「自覚あるなら、もっと自分で…」,"If you know that, do more yourself.",,
ID00101,0000863f,36,「さ～帰るわよ、ぶろ君。,"Alright~ let's go home, Bro-kun.",,
ID00101,00008672,39,　一緒に宿舎まで歩こうよ」,Let's walk back to the dorm together.,,
ID00101,00008956,33,「はいはい、行こうか」,"Okay, okay, let's go.",,
ID00101,00008aec,12,「ええ」,Yeah.,,
ID00101,000090e1,48,こうして、ユイ姉と一緒に帰った。,This is how we went back together with Onee-san.,,
ID00108,000026b9,21,「あ、ユイ姉」,"Hey, Yui-nee",,
ID00108,00002a65,15,「ぶろ君」,Bro-kun,,
ID00108,00002b2b,39,「ここでなにやってんだ？」,What are you doing here?,,
ID00108,00002d5c,30,「夕日を見てたのよ」,I was watching the sunset.,,
ID00108,00002eef,45,「ここから見る夕日は大きくて、,"The sunset from here is huge,",,
ID00108,00002f2b,42,　決意を誓うのにいいのよね」,and it's perfect for making vows.,,
ID00108,00003230,15,「決意？」,Swear vows?,,
ID00108,0000348a,45,「そっ。強い意志を持たないと、,"Yeah, you need strong will to",,
ID00108,000034c6,51,　私の仕事はやってられないからね」,get through my job.,,
ID00108,000037b6,21,「熱血だなぁ」,You're so热血.,,
ID00108,00003940,36,「そうよ。スポーツだけが,That's not all.,,
ID00108,00003973,36,　熱血じゃないんだから」,"hot blooded, you know.",,
ID00108,00003d9b,45,「どんな世界も、がんばらなきゃ,"No matter what world it is,",,
ID00108,00003dd7,42,　チャンスをつかめないのよ」,you gotta work hard to get your chance.,,
ID00108,000040a5,54,「…子供のころからモデルをやってきた,"...I've been modeling since I was a kid,",,
ID00108,000040ea,48,　ユイ姉が言うと、説得力あるよ」,"so when Yui-nee says it, it carries weight.",,
ID00108,0000428f,42,「ぶろ君はなにしにここへ？」,"What are you here for, Bro-kun?",,
ID00108,000042e7,54,「ん～、夕焼けでも録ろうかと思って」,Hmm~ I thought maybe I'd record the sunset.,,
ID00108,00004492,48,「なんだ、がんばってるじゃない。,"Oh, you're really working hard.",,
ID00108,000044d1,33,　その意気、その意気」,"Good for you, good for you",,
ID00108,00004a18,39,「じゃ、撮影がんばってね」,You do your best then,,
ID00108,00004ba8,21,「ああ、また」,See ya,,
ID00108,00004d32,18,「またね～」,See ya~,,
ID00108,00004e2b,51,（１人で来るここもいいもんだよな）,(It's nice to come here alone too.),,
ID00108,0000530c,39,（フッ、暮れなずむ夕日が、,"Heh, the setting sun.",,
ID00108,00005342,33,　哀愁を感じさせるゼ）,It feels melancholy.,,
ID00108,000053f2,42,「うわっ！　な、なんだ！？」,Whoa! What's going on!?,,
ID00108,0000544a,39,「どわぁぁれぇだあぁぁぁ」,*squeal*,,
ID00108,0000549f,12,「え…」,Huh...?,,
ID00108,000055aa,16, 反町だろ？, Sorimachi?,,
ID00108,000055d5,25, 御前さんでしょ？, Misaki-senpai?,,
ID00108,00005609,19, まひろだろ？, Mahiro?,,
ID00108,000056b8,19, ユイ姉だろ？, Yui-nee?,,
ID00108,00005787,27,「相良さんだろ？」,Sagara-san?,,
ID00108,000057e6,21,「反町だろ？」,"Sorimachi, right?",,
ID00108,0000583f,27,「藍田さんだろ？」,"Aran-san, right?",,
ID00108,0000589e,21,「内魔だろ？」,Isn't that you?,,
ID00108,0000624e,33,「ったく～、ハズレよ」,"Damn it, you're a letdown.",,
ID00108,000063d8,30,「あっ！　ユイ姉！」,Ah! Yui-nee!,,
ID00108,0000656b,42,「他の子の名前を出すなんて、,You'd actually mention another kid's name?,,
ID00108,000065a4,45,　ぶろ君も隅に置けないわねぇ」,Can't ignore him.,,
ID00108,00006753,24,「い、今のは…」,W-What was that...,,
ID00108,000068e0,33,「隠さない、隠さない。,I'm not.,,
ID00108,00006910,57,　いいじゃない、親しい子がいることは」,"It's fine to have close friends, right?",,
ID00108,00006e88,48,「ちょっと寂しい気もするけどね」,But I do feel a little lonely.,,
ID00108,00007168,27,「それじゃあね～」,See ya~,,
ID00108,000071ca,33,「マリアさんでしょ？」,"It's Maria, right?",,
ID00108,00007a42,21,「ハズレよ～」,You lost~,,
ID00108,00007a85,30,「あっ！　ユイ姉！」,Ah! Yui-nee!,,
ID00108,00007c18,48,「マリアと間違えるなんてねぇ…」,You'd mistake her for Maria...,,
ID00108,00007dbd,48,「仲良くやってるみたいじゃない」,They seem to be getting along pretty well.,,
ID00108,00007e1b,51,「い、いや、イタズラっぽい人だし、,"N-No, she's just a prankster...",,
ID00108,00007e5d,30,　もしかしてって…」,Maybe...?,,
ID00108,00007ff0,36,「紹介したのは私だけど、,I did.,,
ID00108,00008023,36,　ちょっと複雑な気分ね」,It's kind of complicated.,,
ID00108,0000854f,54,「彼女、ああ見えて寂しがり屋だから、,"She might look tough, but she's actually lonely.",,
ID00108,00008594,54,　よくしてあげてよ。それじゃあね～」,Take good care of her~,,
ID00108,000089f4,30,「御前さんでしょ？」,"Is that you, Misaki-senpai?",,
ID00108,00009397,36,「だ～れが、御前よぉ？」,"Who're you calling that, Misaki?",,
ID00108,00009524,33,「ああっ！　ユイ姉！」,Aah! Ui-onee!,,
ID00108,000096ba,48,「御前と間違えるとかやめてよね。,"Don't mistake me for someone else, okay?",,
ID00108,000096f9,27,　傷つくじゃない」,It really hurts.,,
ID00108,000099b8,21,「ご、ごめん」,S-Sorry,,
ID00108,00009d10,45,「親しい関係に戻ったとは言え、,"We're close, but,",,
ID00108,00009d4c,57,　競い合う仲なのは変わらないんだから」,"Still, we're rivals no matter what.",,
ID00108,0000a298,36,「あ～あ、この遊び最悪。,"Aaah, this game's the worst.",,
ID00108,0000a2cb,33,　やるんじゃなかった」,I shouldn't have played...,,
ID00108,0000a7a5,24,「それじゃあね」,See ya.,,
ID00108,0000a804,24,「まひろだろ？」,You mean Mahiro?,,
ID00108,0000b1a1,30,「はぁ…ハズレよ…」,Ugh... I lost...,,
ID00108,0000b328,30,「あっ！　ユイ姉！」,Ah! Yui-nee!,,
ID00108,0000b4bb,27,「まひろとはいえ、,"Even if it is Mahiro,",,
ID00108,0000b4e5,45,　間違えられるとショックねぇ」,It's so embarrassing to get mistaken.,,
ID00108,0000b84b,45,「あいつがしそうなイタズラだと,That kind of prank sounds like him.,,
ID00108,0000b887,24,　思ったんだよ」,That's what I thought.,,
ID00108,0000ba28,60,「はぁ…姉の声も聞き分けられないなんて」,Phew... I can't even tell my sister's voice apart.,,
ID00108,0000bf09,27,「それじゃあね～」,See ya~,,
ID00108,0000c302,27,（マズったなぁ…）,This is bad...,,
ID00108,0000c3b0,21,「凜世だろ？」,"Rinze, right?",,
ID00108,0000cc1c,54,「凜世！？　あんた、ひめちゃんのこと,"Rinze!? You, you're talking about Hime-chan",,
ID00108,0000cc61,36,　名前で呼んでるの！？」,you call her by her name!?,,
ID00108,0000d07d,36,「お、おう。いつも１人で,Oh.,,
ID00108,0000d0b0,39,　放っておけなかったから、,"You know, always by yourself.",,
ID00108,0000d0e6,33,　かまってるうちに…」,I guess I got used to it...,,
ID00108,0000d27c,57,「気位の高い彼女が、よく許したわねぇ」,She lets you get away with a lot...,,
ID00108,0000d41e,33,「俺もビックリしたよ」,I was shocked too.,,
ID00108,0000d49c,21,「妃月だろ？」,"Himeragi, right?",,
ID00108,0000de36,57,「ひめちゃん！？　あんた、初等部の子と,"Hey, Hime-chan!?",,
ID00108,0000de7e,57,　ふざけっこするぐらい仲がいいの！？」,You must be really good friends with them!,,
ID00108,0000e2af,57,「いつも１人で放っておけなかったから、,I couldn't just leave you alone either.,,
ID00108,0000e2f7,33,　かまってるうちに…」,I guess I got used to it...,,
ID00108,0000e48d,57,「ふうん…まぁ、ぶろ君らしいといえば、,"Hmm... Well, that's pretty typical of you,",,
ID00108,0000e4d5,27,　ぶろ君らしいか」,"That's just like you, bro.",,
ID00108,0000eb0b,63,「ユイ姉こそ、凜世と知り合いだったんだ？」,You knew Rinze?,,
ID00108,0000eba7,63,「ユイ姉こそ、妃月と知り合いだったんだ？」,You knew Himeragi?,,
ID00108,0000ed8a,45,「そうよ。時々声かけてるのよ。,"Yeah, I talk to her sometimes.",,
ID00108,0000edc6,54,　私の小さいころに似てる気がしてね」,She reminds me of my younger self.,,
ID00108,0000f0b9,15,「そっか」,Oh yeah,,
ID00108,0000f26c,33,「相手は子供とはいえ、,"Even if it's a kid,",,
ID00108,0000f29c,45,　間違えられるとがっかりねぇ」,It's disappointing when they get confused.,,
ID00108,0000f579,24,「それじゃあね」,See ya.,,
ID00108,0000f5ea,21,「真奈だろ？」,"Mana, right?",,
ID00108,0000ff84,39,「ざ～んねん、ハ～ズレ～」,"Damn, you're wrong.",,
ID00108,00010268,30,「あっ！　ユイ姉！」,Ah! Yui-nee!,,
ID00108,000103fb,51,「はぁ…まぁちゃんと私の声ぐらい、,"Hah... Well, at least my voice is right,",,
ID00108,0001043d,42,　ちゃんと聞き分けなさいよ」,"Listen carefully, will you?",,
ID00108,00010724,60,「んなこと言われたって、姉妹なんだから、,"Even if you say that, we're sisters, so",,
ID00108,0001076f,39,　どことなく似てるんだよ」,We kinda look alike.,,
ID00108,0001090b,21,「そうかなぁ」,Really?,,
ID00108,0001094e,30,「そうなんだって！」,That's right!,,
ID00108,00010ac8,48,「まぁ、いいけど。それじゃあね」,"Well, whatever. See ya.",,
ID00108,0001117e,60,（間違えたのが、真奈でよかったな…うん）,At least it was Mana who messed up... yeah.,,
ID00108,000111f9,24,「ユイ姉だろ？」,"Yui-onee, right?",,
ID00108,00011a96,51,「当ったり～！　さっすがぶろ君！」,"Bullseye~! You're the best, bro!",,
ID00108,00011d92,30,「どんなに変えても、,"No matter how much it changes,",,
ID00108,00011dbf,54,　姉の声を間違えたりしないわよね～」,I'll never mistake my sister's voice~,,
ID00108,00011f5e,42,「ははっ、当たり前だって！」,"Haha, of course I won't!",,
ID00108,000120fd,54,「気分いいから、一緒に帰ってあげる」,"I'm in a good mood, so let me walk you home.",,
ID00108,000123f0,39,「はいはい、送っていくよ」,"Sure thing, I'll walk you back.",,
ID00108,0001258c,36,「それじゃ、一緒に帰ろ」,Let's go home together then.,,
ID00108,00012b99,48,こうして、ユイ姉と一緒に帰った。,This is how we went back together with Onee-san.,,
ID00108,00012c08,30,「心美先生でしょ！」,"It's Ms. Shinbi, right!",,
ID00108,0001347d,39,「えっ！？　心美先生！？」,Wh-What!? Shinmi-sensei!?!,,
ID00108,0001360d,33,「ああっ！　ユイ姉！」,Aah! Ui-onee!,,
ID00108,000137a3,33,「あんた、心美先生と、,You're going home with Ms.,,
ID00108,000137d3,63,　こんなふざけっこするぐらい仲がいいの？」,You're that close to her?,,
ID00108,00013bf1,63,「な、仲がいいっていうか、子供っぽいだろ？,"T-That's not it, you act like kids.",,
ID00108,00013c3f,33,　やりかねないなって」,I might.,,
ID00108,00013dd5,39,「そっか…まぁ、そうよね」,"Oh, right... Well, yeah.",,
ID00108,00014230,33,「はぁ…先生とはいえ、,Phew...,,
ID00108,00014260,45,　間違えられるとがっくりねぇ」,it really brings me down when I get it wrong.,,
ID00108,00014826,27,「それじゃあね…」,"Well then, bye...",,
ID00108,00014c1f,51,（姉の声を間違えちゃダメだろ、俺）,(I can't mistake my sister's voice.),,
ID00115,00000b6d,21,「あ、ユイ姉」,"Hey, Yui-nee",,
ID00115,00000f19,15,「ぶろ君」,Bro-kun,,
ID00115,0000107f,36,「ここでなにしてんだ？」,What are you doing here?,,
ID00115,00001218,54,「フフッ、いいとこへ行ってきたのよ」,"Hehe, I went to a great place.",,
ID00115,000016b4,42,「ほら、見て見て。わかる？」,"Look, look! Can you tell?",,
ID00115,000019e1,27,「…なにがだよ？」,...Tell me what?,,
ID00115,00001be4,54,「わかんないかなぁ～。ニブいわねぇ」,Can't figure it out? You're clueless.,,
ID00115,00001ee3,33,「髪を切ってきたのよ。,I got my hair cut.,,
ID00115,00001f13,51,　行きつけの美容師さんのお店でね」,At my regular stylist's shop.,,
ID00115,000020c8,27,「切り立てなのか？,Is that new?,,
ID00115,000020f2,42,　まるでそんな感じしないな」,Don't really look like it's new.,,
ID00115,000022ad,42,「一流の美容師さんの仕事は、,A top stylist's work looks natural,,
ID00115,000022e6,39,　切ってすぐ、自然な感じに,"right after the cut,",,
ID00115,0000231c,30,　馴染むものなのよ」,and blends in quickly.,,
ID00115,00002603,60,「切る量が少ないからってのもあるけどね。,It also helps that I don't get my hair cut too much.,,
ID00115,0000264e,42,　２週に１回は切ってるから」,I go every two weeks or so.,,
ID00115,00002935,33,「モデルは大変だなぁ」,"Being a model is tough, huh?",,
ID00115,00002b00,36,「まぁね。お店へ行くのに,Yeah. Getting to the salon,,
ID00115,00002b33,57,　電車で３０分だから、通学より大変よ」,It takes 30 mins by train.,,
ID00115,000031ff,42,「ぶろ君も切ってもらえば？」,Should I get my hair cut too?,,
ID00115,00003392,63,「お高いんだろ？　俺は安い散髪屋でいいよ」,It must be expensive? Cheap's fine.,,
ID00115,00003546,36,「フフッ、それもそうね。,"Hehe, you're right.",,
ID00115,00003579,63,　男の人が、あんまり髪型にこだわってもね」,Men shouldn't worry too much about their hairstyles.,,
ID00115,00003c32,30,「することないなら、,"If there's nothing else to do,",,
ID00115,00003c5f,39,　宿舎まで一緒に帰ろうよ」,let's go back to the dorm together.,,
ID00115,00003def,45,「することがないって前提なのが,"Assuming we have nothing else to do,",,
ID00115,00003e2b,45,　気になるけど、送ってやるよ」,"I'm worried, but I'll walk you back.",,
ID00115,00003ff7,48,「そうそう、そう来なくっちゃね」,"That's right, that's the way to do it.",,
ID00115,00004629,48,こうして、ユイ姉と一緒に帰った。,This is how we went back together with Onee-san.,,
ID00115,00004668,60,いつもと違う、シャンプーの香りがした…。,The shampoo smelled different from usual...,,
ID00115,000049ca,48,「あ、ぶろ君！　いいところに！」,"Ah, Bro-kun! Perfect timing!",,
ID00115,00004f99,63,「ねぇねぇ、お願い聞いて欲しいんだけどぉ」,"Hey hey, can you help me out?",,
ID00115,00005428,33,（嫌な予感しかしない）,(Only bad feelings come to mind),,
ID00115,000055be,42,「ぶろ君にも、おいしい話よ。,"I've got an offer for you too,",,
ID00115,000055f7,36,　渡りに舟なんだからぁ」,"It's like a godsend, really.",,
ID00115,000058d8,27,「一体なんだよ？」,What the hell is this?,,
ID00115,00005a68,39,「一緒にぃ、映画を見ない？,Wanna watch a movie together?,,
ID00115,00005a9e,36,　おごってあげるからぁ」,I'll treat you.,,
ID00115,00005ed0,21,「マジで！？」,Really!?!,,
ID00115,00006076,18,「マジでぇ」,Seriously.,,
ID00115,00006342,45,「どういう風の吹き回しだよ？」,What the hell's going on?,,
ID00115,000064e4,24,「それはねぇ…」,Well...,,
ID00115,00006671,57,「私の知り合いの子が映画に出てるから、,"A friend of mine is in a movie, so",,
ID00115,000066b9,39,　見てあげたいんだけどぉ」,I wanna go see it with you.,,
ID00115,00006c1f,51,「ネットの評判がイマイチなのよぉ」,But the reviews aren't great...,,
ID00115,00006f1e,39,「絶対寝ちゃうと思うから、,"I'm sure I'll fall asleep, so",,
ID00115,00006f54,42,　見たあとで感想聞かせてぇ」,Tell me what you think after.,,
ID00115,0000723b,42,「俺には寝るなってことだな」,So you're saying don't sleep?,,
ID00115,00007515,27,「当たり前でしょ！,Of course!,,
ID00115,0000753f,39,　おごってあげるんだから」,I'm buying you dinner too.,,
ID00115,000076e8,42,「はいはい。どんな映画でも、,"Sure, sure. Any movie...",,
ID00115,00007721,57,　動画の参考になるから、ありがたいよ」,"It'll be good for the video, so I'm grateful.",,
ID00115,000078cf,48,「でしょお？　弟思いの姉よねぇ」,See? I'm such a sisterly big sis.,,
ID00115,00007bbc,15,「はは…」,Heh...,,
ID00115,00007d40,57,「さ、行くわよ。感想はほめる方向でね。,"Alright, let's go. Be positive.",,
ID00115,00007d88,63,　けなしても彼女ががっかりするだけだから」,"If you criticize her, she'll just get disappointed.",,
ID00115,000087c0,39,こうして、ユイ姉と一緒に、,"Like this, with Yui-nee by my side,",,
ID00115,000087f6,51,とてつもなくつまらない映画を見た。,I watched an incredibly boring movie.,,
ID00115,00008857,33,「す～～っ、す～～っ」,*sigh* *sigh*,,
ID00115,000088a6,60,（くっ、気持ちよさそうに寝やがってぇぇ）,"(Grrr, sleeping so comfortably)",,
ID00122,00001219,54,（なにか動画の参考になる雑誌は…と）,A mag with vid ref material?,,
ID00122,0000127d,33,（ん……アイドル誌か。,(Hmm... an idol magazine maybe.),,
ID00122,000012ad,45,　グラビア写真のアングルとか、,(Photo angles could help.),,
ID00122,000012e9,33,　参考になりそうだな）,(...),,
ID00122,0000180b,9,ペラリ,Flip,,
ID00122,00001842,45,（む…ジュニアアイドル特集か。,"(Huh... a junior idol special, huh.)",,
ID00122,0000187e,51,　ユイ姉の小さいころを思い出すな）,(Makes me think of my sister as a kid.),,
ID00122,00001932,9,ペラリ,Flip,,
ID00122,00001969,51,（ランドセル背負って、登校風景…。,(Shoulders her backpack and heads to school...),,
ID00122,000019ab,18,　定番だな）,(That's standard.),,
ID00122,00001a3e,9,ペラリ,Flip,,
ID00122,00001a75,60,（うおっ、いきなり水着！？　攻めるなぁ）,"Woah, swimsuits already!",,
ID00122,00001b32,9,ペラリ,Flip,,
ID00122,00001b69,45,（ユイ姉もよく撮られてたっけ。,Yui-nee was often photographed too.,,
ID00122,00001ba5,48,　布が小さいってぼやいてたなぁ）,She used to complain about her bikini top.,,
ID00122,00001c03,39,「な～に、ニヤニヤしながら,"""Hey, what are you grinning at?""",,
ID00122,00001c39,39,　グラビア誌、見てんのよ」,"""You're reading that porn mag.""",,
ID00122,00002151,21,「あ、ユイ姉」,"Hey, Yui-nee",,
ID00122,000022db,33,「うっ！　あ、あんた！,"Ugh! Ah, you!",,
ID00122,0000230b,51,　そんな小さな女の子の水着写真…」,Those photos of such a little girl in a swimsuit...,,
ID00122,000029d1,21,「ロ、ロリ…」,"""Loli...""",,
ID00122,00002c8a,36,「それ以上言うなあっ！」,Don't say anymore!!,,
ID00122,00002e23,63,「ロリコン！　あんたロリコンだったの！？」,Pervert! You're a pervert!,,
ID00122,0000325a,51,「ち、違っ！　ユイ姉の小さいころを,"N-no, it's just...",,
ID00122,0000329c,36,　思い出してたんだよ！」,I swear!,,
ID00122,00003435,39,「私を！？　幼い私のこと、,Don't look at me like that!,,
ID00122,0000346b,42,　そんな目で見てたわけ！？」,Like you were looking at a little girl!?,,
ID00122,0000376b,27,「違っ！　姉だぞ！,"No, she's my sister!",,
ID00122,00003795,57,　しかも子供同士で、ロリもないだろ！」,"And we're kids, there's no lolicon here!",,
ID00122,00003989,36,「…まぁ、それもそうね」,"Well, I guess that's true.",,
ID00122,00003b32,42,「ユイ姉の苦労を思い出して、,Recalling Yui-ne's efforts.,,
ID00122,00003b6b,33,　懐かしんでたんだよ。,missing the old days...,,
ID00122,00003b9b,36,　大変そうだったなって」,She seemed really stressed out.,,
ID00122,00003d34,33,「ふうん……そっか…」,...I see...,,
ID00122,00004005,30,「デビューしたては、,"When she first debuted,",,
ID00122,00004032,33,　ちょっと無理してでも,to be in magazines,,
ID00122,00004062,63,　雑誌に載りたいってのが、あったからなぁ」,even if it meant pushing herself.,,
ID00122,0000420a,51,「一緒にいる俺は、ハラハラしたよ」,I was on edge being there with you.,,
ID00122,00004399,27,「フフッ、そうね。,"Heh, that's right.",,
ID00122,000043c3,42,　ぶろ君には心配かけたよね」,You must've worried Bro-kun a lot.,,
ID00122,000049c1,21,「懐かしい…」,It's nostalgic...,,
ID00122,00004a04,12,「ああ」,Yeah.,,
ID00122,00004c5b,15,「けど…」,But...,,
ID00122,00004f33,30,「気をつけなさいよ。,Be careful.,,
ID00122,00004f60,51,　小さい女の子の水着グラビアを見て,If you leer at the swimsuit pics of little girls,,
ID00122,00004fa2,60,　ニヤニヤしてたら、絶対誤解されるから」,you'll definitely be misunderstood.,,
ID00122,00005546,33,「わ、わかってるって」,I-I know,,
ID00122,000056dc,57,「見るにしても、私の小さいころの写真で,use my old photos,,
ID00122,00005724,27,　我慢しなさいよ」,Try to hold back.,,
ID00122,000059fc,51,「だから、そんなんじゃないって！」,That's not what I meant!,,
ID00122,00005ba4,36,「フフッ、よかったわね、,"Hehe, good for you then,",,
ID00122,00005bd7,42,　プロのモデルがそばにいて」,having a pro model around.,,
ID00122,000063b6,27,「それじゃあね～」,See ya~,,
ID00122,000067ae,18,（ったく…）,Ugh...,,
ID00122,00006ae6,57,「あ、ぶろ君、ちょうどいいところに！」,"Ah, Bro-kun, perfect timing!",,
ID00122,00006e4f,12,「ん？」,Hm?,,
ID00122,000070f8,51,「お願いがあるんだけどぉ、いい？」,"I have a favor to ask, okay?",,
ID00122,000073e8,24,「…なんだよ？」,...What's up?,,
ID00122,00007575,51,「久しぶりに漫画を買いたいのよぉ」,I wanna buy some manga.,,
ID00122,00007711,36,「買えばいいじゃないか」,Then just go ahead and buy it.,,
ID00122,000078aa,54,「あ～っ、つれないぃ。私に重い漫画を,"Ahh, you're being so cold.",,
ID00122,000078ef,33,　持てって言うのぉ？」,You want me to carry it?,,
ID00122,00007bcd,39,「はいはい、持ってやるよ」,"Okay, okay, I'll carry it for you.",,
ID00122,00007d69,39,「ホント！？　やったぁ！」,Really!? Great!!,,
ID00122,00008197,33,「じゃあ、よろしくね！,Thanks!,,
ID00122,000081c7,63,　この間、完結した長編恋愛もの全２３巻！」,That's the 23-volume series I mentioned!,,
ID00122,00008752,60,「に、にじゅ…って、そんな持てるかよ！」,Twenty-three volumes? Seriously?,,
ID00122,00008903,48,「あ～っ、今、持つって言ったのに,"Ahh, you just said you had them a moment ago...",,
ID00122,00008942,33,　もう撤回するわけ？」,You're not taking it back now?,,
ID00122,00008c20,48,「２３巻も買うと思わないだろ？」,I didn't think you'd buy all of them.,,
ID00122,00008c7e,48,「そんなに一気に読めるのかよ？」,Can you even read that much at once?,,
ID00122,00008e0a,24,「読めないわよ」,Of course not.,,
ID00122,00008e50,42,「じゃあ、少しずつ買えよ！」,Then why don't you get them one by one?,,
ID00122,00008fef,45,「読みたい時に読めないのって、,It's frustrating when you can't read.,,
ID00122,0000902b,66,　イライラしてかえってストレス溜まるでしょ？,"and it just ends up stressing you out more, right?",,
ID00122,0000907c,36,　だから、買っておくの」,So I buy them ahead of time.,,
ID00122,00009743,27,「ネットで買えよ」,Just buy them online.,,
ID00122,000098d3,51,「今、帰って、何冊か読みたいの！」,I'm going home now and wanna read a few!,,
ID00122,00009ce5,27,「わがままだなぁ」,You're so spoiled.,,
ID00122,00009e75,39,「なに今さら言ってんのよ。,What are you saying that for now?,,
ID00122,00009eab,51,　そんなのわかってることでしょ？」,"You know that already, don't you?",,
ID00122,0000a060,33,「はぁ…仕方ねーなぁ。,Haa... Guess not.,,
ID00122,0000a090,45,　色々動画録らせてくれてるし、,"You let me record all sorts of videos,",,
ID00122,0000a0cc,24,　持ってやるよ」,I'll give them to you.,,
ID00122,0000a259,36,「ホント！　ありがと！」,Really! Thanks a lot!,,
ID00122,0000a546,39,「やっぱり、持つべきものは,I guess having a dependable little,,
ID00122,0000a57c,33,　頼りになる弟よねぇ」,the best thing ever.,,
ID00122,0000aaca,48,「ほら、さっそく買いに行くわよ」,See? I'm going to buy some right away.,,
ID00122,0000ac63,18,「はいはい」,Sure sure.,,
ID00122,0000b123,60,こうして、漫画を抱えて帰ることになった。,"And so, she went home with manga in hand.",,
ID00122,0000b18d,24,「ヒィ…ヒィ…」,Hii... Hii...,,
ID00122,0000b1d3,27,「がんばれ～っ！」,Come on~!,,
ID00122,0000b21c,48,「ったく、そっちは気楽でいいよ」,"Man, you've got it easy.",,
ID00122,0000b27a,45,「私も持ってあげてるでしょ？」,"I'm carrying some too, ya know?",,
ID00122,0000b2d5,48,「たった３冊な。こっちは２０冊」,Just three books. I've got twenty.,,
ID00122,0000b333,48,「量じゃなくて、気持ちの問題よ」,"It's not about the amount, but the spirit.",,
ID00122,0000b391,27,「はいはい。…あ」,Sure sure... Oh.,,
ID00122,0000b3da,24,「どうかした？」,What's wrong?,,
ID00122,0000b420,57,「宿舎から家に帰る時、この漫画って…」,"When I go home from the dorms, this manga...",,
ID00122,0000b487,45,「もちろん、ぶろ君が持つのよ」,"Of course, Bro-kun has it.",,
ID00122,0000b4e2,60,「ミツミキャンプが終わってから買えよ！」,Buy it after Mitsumi Camp's over!,,
ID00122,0000b54c,60,「あはは、今さらねぇ。気づくの遅いわよ」,"Haha, too late now. You're slow to notice.",,
ID00122,0000b5b6,33,「はぁ……やれやれ…」,Phew...,,
ID00129,00000ea8,21,「あ、ユイ姉」,"Hey, Yui-nee",,
ID00129,00001254,15,「ぶろ君」,Bro-kun,,
ID00129,000013ba,27,「なにしてんの？」,What are you doing?,,
ID00129,0000154a,42,「クレーンゲームしてたのよ」,I was playing crane games.,,
ID00129,000015a2,60,「へ～っ、ユイ姉がゲームなんて珍しいな」,"Wow, it's rare for Ui-ne to play games.",,
ID00129,0000176f,57,「ブログのネタよ。かわいいぬいぐるみが,It's blog material. I found a cute stuffed animal,,
ID00129,000017b7,60,　あったから、取って写真をアップしようと,So I wanted to take a picture and post it online.,,
ID00129,00001802,15,　思って」,but...,,
ID00129,00001ace,36,「芸能人って感じだなぁ」,You're like an idol or something.,,
ID00129,00001c67,51,「そりゃそうよ。芸能人なんだから。,"That's right. I am an idol, after all.",,
ID00129,00001ca9,63,　それなりにアクセスあるのよ、私のブログ」,My blog gets decent traffic.,,
ID00129,000020e0,30,「で、取れたのか？」,"So, did you get it?",,
ID00129,00002308,45,「それがうまくいかなくてねぇ。,It didn't go so well...,,
ID00129,00002344,24,　難しいわねぇ」,That was tough.,,
ID00129,000024c5,48,「俺が代わりに取ってやろうか？」,Want me to do it instead?,,
ID00129,00002724,51,「大丈夫よ、失敗もいいネタだから。,"Don't worry, even a fail's good for a laugh.",,
ID00129,00002766,30,　変顔アップしたし」,I've got some funny faces.,,
ID00129,00002a41,15,「そっか」,Oh yeah,,
ID00129,00002bc5,42,「さ～て、宿舎へ帰ろっかな。,Let's head back to the dorms.,,
ID00129,00002bfe,45,　ぶろ君も一緒に帰るでしょ？」,"You're coming with us too, right?",,
ID00129,00002ecf,36,「そうだな。つきあうよ」,Sure thing. I'll come with you.,,
ID00129,00003068,33,「そうこなくっちゃね」,Of course we will.,,
ID00129,00003537,48,こうして、ユイ姉と一緒に帰った。,This is how we went back together with Onee-san.,,
ID00129,00003726,21,「あ、ユイ姉」,"Hey, Yui-nee",,
ID00129,00003ad2,15,「ぶろ君」,Bro-kun,,
ID00129,00003d7f,45,「なにやってんの？　ゲーム？」,What are you doing? Playing a game?,,
ID00129,00003f15,39,「そんなとこ。ユイ姉は？」,Where's Yuiko-neesan?,,
ID00129,00004263,51,「御前とマリアとこれからカラオケ」,I'm going to karaoke with Misaki and Mariana.,,
ID00129,000043ff,42,「へ～っ、いいな。楽しそう」,"Ohh, that sounds fun.",,
ID00129,0000459e,51,「でしょう？　３人でカラオケなんて,Right? It's our first time doing karaoke together,,
ID00129,000045e0,18,　初めてよ」,as a group.,,
ID00129,00004a12,60,「アイドルグループの歌をみんなで歌って、,We'll all sing some idol group songs~,,
ID00129,00004a5d,33,　盛り上がるわよ～っ」,and have a blast!,,
ID00129,00004c00,45,「動画を録りたいところだけど、,I'd love to record it on video but,,
ID00129,00004c3c,24,　遠慮しとくよ」,let's not bother,,
ID00129,00004dc9,57,「フフッ、そうね。今日は女子会だから」,"Hehe, right. Today's a girls' night out.",,
ID00129,0000529b,63,「２人の恋バナも色々聞き出さなくっちゃね」,I've gotta get all the juicy gossip from you two.,,
ID00129,00005443,42,「ユイ姉が一番、その手の話が,Yui-nee is probably the one who has,,
ID00129,0000547c,30,　なさそうだけど？」,the least to say about it?,,
ID00129,000056c9,33,「な～にか言ったぁ？」,What'd you say?,,
ID00129,00005718,45,「い、いや、それじゃ行くよ！」,"N-no, I'm leaving!",,
ID00129,000058ba,36,「フフッ、それじゃあね」,"Hehe, see ya.",,
ID00129,0000601b,42,（ユイ姉たち３人の女子会か。,Yui-nee and her girls.,,
ID00129,00006054,27,　ゴージャスだな）,So fancy.,,
ID00129,00006213,39,「私はカラオケしてたとこ」,I was in a karaoke place.,,
ID00129,00006268,36,「カラオケ？　１人で？」,Karaoke? By yourself?,,
ID00129,00006401,60,「そうよ。楽しいのよ、思いっきり歌えて」,Yeah. It's fun to sing your heart out.,,
ID00129,000066fa,51,「俺とか真奈を誘えばよかったのに」,I should've invited you and Mana too.,,
ID00129,000068a2,30,「それはまた今度よ。,We can do that another time.,,
ID00129,000068cf,45,　みんなで盛り上がりたい時と、,"When I want everyone around,",,
ID00129,0000690b,57,　１人でストレス発散したい時は違うの」,and when I just wanna blow off steam alone.,,
ID00129,00006eac,60,「ストレス？　仕事でなにかあったのか？」,Stress? Did something happen at work?,,
ID00129,000070d3,30,「ううん、なんにも。,"No, nothing.",,
ID00129,00007100,42,　けど、強いて挙げるなら…」,But if I have to say anything...,,
ID00129,000077af,39,「この夏も、誰も言い寄って,Nobody asked me out this summer.,,
ID00129,000077e5,33,　こなかったことかな。,It's probably that no one did.,,
ID00129,00007815,36,　彼氏いない歴を更新よ」,Still single.,,
ID00129,00007ceb,51,「ユイ姉は忙しいから、仕方ないよ」,Yui-ne's busy.,,
ID00129,00007e93,27,「そうね。けど…」,True... but...,,
ID00129,00008177,54,「出来た弟がいるのがダメなのかもね。,Maybe it's bad too.,,
ID00129,000081bc,33,　つい頼っちゃうから」,I end up relying on him too much.,,
ID00129,0000849a,48,「自覚あるなら、もっと自分で…」,"If so, do more.",,
ID00129,0000863f,36,「さ～帰るわよ、ぶろ君。,"Alright~ let's go home, Bro-kun.",,
ID00129,00008672,39,　一緒に宿舎まで歩こうよ」,Let's walk back to the dorm together.,,
ID00129,00008956,33,「はいはい、行こうか」,"Okay, okay, let's go.",,
ID00129,00008aec,12,「ええ」,Yeah.,,
ID00129,000090e1,48,こうして、ユイ姉と一緒に帰った。,This is how we went back together with Onee-san.,,
ID00136,000026b9,21,「あ、ユイ姉」,"Hey, Yui-nee",,
ID00136,00002a65,15,「ぶろ君」,Bro-kun,,
ID00136,00002b2b,39,「ここでなにやってんだ？」,What are you doing here?,,
ID00136,00002d5c,30,「夕日を見てたのよ」,I was watching the sunset.,,
ID00136,00002eef,45,「ここから見る夕日は大きくて、,"The sunset from here is huge,",,
ID00136,00002f2b,42,　決意を誓うのにいいのよね」,and it's perfect for making vows.,,
ID00136,00003230,15,「決意？」,Swear vows?,,
ID00136,0000348a,45,「そっ。強い意志を持たないと、,"Yeah, you need strong will to",,
ID00136,000034c6,51,　私の仕事はやってられないからね」,get through my job.,,
ID00136,000037b6,21,「熱血だなぁ」,You're so热血.,,
ID00136,00003940,36,「そうよ。スポーツだけが,There's more to it.,,
ID00136,00003973,36,　熱血じゃないんだから」,"hot blooded, you know.",,
ID00136,00003d9b,45,「どんな世界も、がんばらなきゃ,"No matter what world it is,",,
ID00136,00003dd7,42,　チャンスをつかめないのよ」,you gotta work hard to get your chance.,,
ID00136,000040a5,54,「…子供のころからモデルをやってきた,"...I've been modeling since I was a kid,",,
ID00136,000040ea,48,　ユイ姉が言うと、説得力あるよ」,"so when Yui-nee says it, it carries weight.",,
ID00136,0000428f,42,「ぶろ君はなにしにここへ？」,"What are you here for, Bro-kun?",,
ID00136,000042e7,54,「ん～、夕焼けでも録ろうかと思って」,Hmm~ I thought maybe I'd record the sunset.,,
ID00136,00004492,48,「なんだ、がんばってるじゃない。,"Oh, you're really working hard.",,
ID00136,000044d1,33,　その意気、その意気」,"Good for you, good for you",,
ID00136,00004a18,39,「じゃ、撮影がんばってね」,You do your best then,,
ID00136,00004ba8,21,「ああ、また」,See ya,,
ID00136,00004d32,18,「またね～」,See ya~,,
ID00136,00004e2b,51,（１人で来るここもいいもんだよな）,(It's nice to come here alone too.),,
ID00136,0000530c,39,（フッ、暮れなずむ夕日が、,"Heh, the setting sun.",,
ID00136,00005342,33,　哀愁を感じさせるゼ）,It feels melancholy.,,
ID00136,000053f2,42,「うわっ！　な、なんだ！？」,Whoa! What's going on!?,,
ID00136,0000544a,39,「どわぁぁれぇだあぁぁぁ」,*squeal*,,
ID00136,0000549f,12,「え…」,Huh...?,,
ID00136,000055aa,16, 反町だろ？, Sorimachi?,,
ID00136,000055d5,25, 御前さんでしょ？, Misaki-senpai?,,
ID00136,00005609,19, まひろだろ？, Mahiro?,,
ID00136,000056b8,19, ユイ姉だろ？, Yui-nee?,,
ID00136,00005787,27,「相良さんだろ？」,Sagara-san?,,
ID00136,000057e6,21,「反町だろ？」,"Sorimachi, right?",,
ID00136,0000583f,27,「藍田さんだろ？」,"Aran-san, right?",,
ID00136,0000589e,21,「内魔だろ？」,Isn't that you?,,
ID00136,0000624e,33,「ったく～、ハズレよ」,"Damn it, you're a letdown.",,
ID00136,000063d8,30,「あっ！　ユイ姉！」,Ah! Yui-nee!,,
ID00136,0000656b,42,「他の子の名前を出すなんて、,You'd actually mention another kid's name?,,
ID00136,000065a4,45,　ぶろ君も隅に置けないわねぇ」,I can't ignore you.,,
ID00136,00006753,24,「い、今のは…」,W-What was that...,,
ID00136,000068e0,33,「隠さない、隠さない。,I'm not.,,
ID00136,00006910,57,　いいじゃない、親しい子がいることは」,"It's fine to have close friends, right?",,
ID00136,00006e88,48,「ちょっと寂しい気もするけどね」,But I do feel a little lonely.,,
ID00136,00007168,27,「それじゃあね～」,See ya~,,
ID00136,000071ca,33,「マリアさんでしょ？」,"It's Maria, right?",,
ID00136,00007a42,21,「ハズレよ～」,You lost~,,
ID00136,00007a85,30,「あっ！　ユイ姉！」,Ah! Yui-nee!,,
ID00136,00007c18,48,「マリアと間違えるなんてねぇ…」,You'd mistake her for Maria...,,
ID00136,00007dbd,48,「仲良くやってるみたいじゃない」,They seem to be getting along pretty well.,,
ID00136,00007e1b,51,「い、いや、イタズラっぽい人だし、,"N-No, she's just a prankster...",,
ID00136,00007e5d,30,　もしかしてって…」,Maybe...?,,
ID00136,00007ff0,36,「紹介したのは私だけど、,I did.,,
ID00136,00008023,36,　ちょっと複雑な気分ね」,It's kind of complicated.,,
ID00136,0000854f,54,「彼女、ああ見えて寂しがり屋だから、,"She might look tough, but she's actually lonely.",,
ID00136,00008594,54,　よくしてあげてよ。それじゃあね～」,Take good care of her~,,
ID00136,000089f4,30,「御前さんでしょ？」,"Is that you, Misaki-senpai?",,
ID00136,00009397,36,「だ～れが、御前よぉ？」,"Who're you calling that, Misaki?",,
ID00136,00009524,33,「ああっ！　ユイ姉！」,Aah! Ui-onee!,,
ID00136,000096ba,48,「御前と間違えるとかやめてよね。,"Don't mistake me for someone else, okay?",,
ID00136,000096f9,27,　傷つくじゃない」,It really hurts.,,
ID00136,000099b8,21,「ご、ごめん」,S-Sorry,,
ID00136,00009d10,45,「親しい関係に戻ったとは言え、,"We're close, but,",,
ID00136,00009d4c,57,　競い合う仲なのは変わらないんだから」,"Still, we're rivals no matter what.",,
ID00136,0000a298,36,「あ～あ、この遊び最悪。,"Aaah, this game's the worst.",,
ID00136,0000a2cb,33,　やるんじゃなかった」,I shouldn't have played...,,
ID00136,0000a7a5,24,「それじゃあね」,See ya.,,
ID00136,0000a804,24,「まひろだろ？」,You mean Mahiro?,,
ID00136,0000b1a1,30,「はぁ…ハズレよ…」,Ugh... I lost...,,
ID00136,0000b328,30,「あっ！　ユイ姉！」,Ah! Yui-nee!,,
ID00136,0000b4bb,27,「まひろとはいえ、,"Even if it is Mahiro,",,
ID00136,0000b4e5,45,　間違えられるとショックねぇ」,It's so embarrassing to get mistaken.,,
ID00136,0000b84b,45,「あいつがしそうなイタズラだと,That kind of prank sounds like him.,,
ID00136,0000b887,24,　思ったんだよ」,That's what I thought.,,
ID00136,0000ba28,60,「はぁ…姉の声も聞き分けられないなんて」,Phew... I can't even tell my sister's voice apart.,,
ID00136,0000bf09,27,「それじゃあね～」,See ya~,,
ID00136,0000c302,27,（マズったなぁ…）,This is bad...,,
ID00136,0000c3b0,21,「凜世だろ？」,"Rinze, right?",,
ID00136,0000cc1c,54,「凜世！？　あんた、ひめちゃんのこと,"Rinze!? You, you're talking about Hime-chan",,
ID00136,0000cc61,36,　名前で呼んでるの！？」,you call her by her name!?,,
ID00136,0000d07d,36,「お、おう。いつも１人で,Oh.,,
ID00136,0000d0b0,39,　放っておけなかったから、,"You know, always by yourself.",,
ID00136,0000d0e6,33,　かまってるうちに…」,I guess I got used to it...,,
ID00136,0000d27c,57,「気位の高い彼女が、よく許したわねぇ」,She's so picky.,,
ID00136,0000d41e,33,「俺もビックリしたよ」,I was shocked too.,,
ID00136,0000d49c,21,「妃月だろ？」,"Himeragi, right?",,
ID00136,0000de36,57,「ひめちゃん！？　あんた、初等部の子と,"Hey, Hime-chan!?",,
ID00136,0000de7e,57,　ふざけっこするぐらい仲がいいの！？」,You must be really good friends with them!,,
ID00136,0000e2af,57,「いつも１人で放っておけなかったから、,I couldn't just leave you alone either.,,
ID00136,0000e2f7,33,　かまってるうちに…」,I guess I got used to it...,,
ID00136,0000e48d,57,「ふうん…まぁ、ぶろ君らしいといえば、,"Hmm... Well, that's pretty typical of you,",,
ID00136,0000e4d5,27,　ぶろ君らしいか」,"That's just like you, bro.",,
ID00136,0000eb0b,63,「ユイ姉こそ、凜世と知り合いだったんだ？」,You knew Rinze?,,
ID00136,0000eba7,63,「ユイ姉こそ、妃月と知り合いだったんだ？」,You knew Himeragi?,,
ID00136,0000ed8a,45,「そうよ。時々声かけてるのよ。,"Yeah, I talk to her sometimes.",,
ID00136,0000edc6,54,　私の小さいころに似てる気がしてね」,She reminds me of my younger self.,,
ID00136,0000f0b9,15,「そっか」,Oh yeah,,
ID00136,0000f26c,33,「相手は子供とはいえ、,"Even if it's a kid,",,
ID00136,0000f29c,45,　間違えられるとがっかりねぇ」,It's disappointing when they get confused.,,
ID00136,0000f579,24,「それじゃあね」,See ya.,,
ID00136,0000f5ea,21,「真奈だろ？」,"Mana, right?",,
ID00136,0000ff84,39,「ざ～んねん、ハ～ズレ～」,"Damn, you're wrong.",,
ID00136,00010268,30,「あっ！　ユイ姉！」,Ah! Yui-nee!,,
ID00136,000103fb,51,「はぁ…まぁちゃんと私の声ぐらい、,"Hah... Well, at least my voice is right,",,
ID00136,0001043d,42,　ちゃんと聞き分けなさいよ」,"Listen carefully, will you?",,
ID00136,00010724,60,「んなこと言われたって、姉妹なんだから、,"Even if you say that, we're sisters, so",,
ID00136,0001076f,39,　どことなく似てるんだよ」,We kinda look alike.,,
ID00136,0001090b,21,「そうかなぁ」,Really?,,
ID00136,0001094e,30,「そうなんだって！」,That's right!,,
ID00136,00010ac8,48,「まぁ、いいけど。それじゃあね」,"Well, whatever. See ya.",,
ID00136,0001117e,60,（間違えたのが、真奈でよかったな…うん）,At least it was Mana who messed up... yeah.,,
ID00136,000111f9,24,「ユイ姉だろ？」,"Yui-onee, right?",,
ID00136,00011a96,51,「当ったり～！　さっすがぶろ君！」,"Bullseye~! You're the best, bro!",,
ID00136,00011d92,30,「どんなに変えても、,"No matter how much it changes,",,
ID00136,00011dbf,54,　姉の声を間違えたりしないわよね～」,I'll never mistake my sister's voice~,,
ID00136,00011f5e,42,「ははっ、当たり前だって！」,"Haha, of course I won't!",,
ID00136,000120fd,54,「気分いいから、一緒に帰ってあげる」,"I'm in a good mood, so let me walk you home.",,
ID00136,000123f0,39,「はいはい、送っていくよ」,"Sure thing, I'll walk you back.",,
ID00136,0001258c,36,「それじゃ、一緒に帰ろ」,Let's go home together then.,,
ID00136,00012b99,48,こうして、ユイ姉と一緒に帰った。,This is how we went back together with Onee-san.,,
ID00136,00012c08,30,「心美先生でしょ！」,"It's Ms. Shinbi, right!",,
ID00136,0001347d,39,「えっ！？　心美先生！？」,Wh-What!? Shinmi-sensei!?!,,
ID00136,0001360d,33,「ああっ！　ユイ姉！」,Aah! Ui-onee!,,
ID00136,000137a3,33,「あんた、心美先生と、,You're going home with Ms. Shinbi,,
ID00136,000137d3,63,　こんなふざけっこするぐらい仲がいいの？」,You're that close to her?,,
ID00136,00013bf1,63,「な、仲がいいっていうか、子供っぽいだろ？,"T-That's not it, you act like kids.",,
ID00136,00013c3f,33,　やりかねないなって」,I might do something.,,
ID00136,00013dd5,39,「そっか…まぁ、そうよね」,"Oh, right... Well, yeah.",,
ID00136,00014230,33,「はぁ…先生とはいえ、,"Even my teacher,",,
ID00136,00014260,45,　間違えられるとがっくりねぇ」,it really brings me down when I get it wrong.,,
ID00136,00014826,27,「それじゃあね…」,"Well then, bye...",,
ID00136,00014c1f,51,（姉の声を間違えちゃダメだろ、俺）,(I can't mistake my sister's voice.),,
ID00143,000012ac,21,「あ、ぶろ君」,"Ah, bro-kun.",,
ID00143,0000142a,15,「ユイ姉」,Yui-nee,,
ID00143,00001467,24,（部屋着姿か…）,(In her pajamas...),,
ID00143,000016a9,33,「なによ、じっと見て」,What are you staring at?,,
ID00143,000018af,30,「いや、その部屋着、,"No, it's just that I've never",,
ID00143,000018dc,42,　家じゃ見たことない気が…」,I don't think I've ever seen them before.,,
ID00143,00001a7b,48,「そりゃそうよ、買ったんだから」,"Well, of course I have them.",,
ID00143,00001d5b,48,「宿舎だと、人に見られるでしょ？,"In the dorms, people can see you, right?",,
ID00143,00001d9a,39,　くたびれた服を着るわけに,I can't just wear old clothes,,
ID00143,00001dd0,30,　いかないじゃない」,can I?,,
ID00143,000020ab,39,「そっか、モデルだもんな」,"Oh, you're a model.",,
ID00143,00002247,54,「そういうこと。苦手よ、集団生活は」,That's right. I hate group living.,,
ID00143,00002681,39,「それじゃね。おやすみ～」,See ya. Good night~,,
ID00143,0000282a,18,「おやすみ」,Good night,,
ID00144,00001394,24,「あっ、ユイ姉」,"Hey, Yuu-neesan.",,
ID00144,00001743,21,「あ、ぶろ君」,"Ah, bro-kun.",,
ID00144,000018c1,24,「風呂上がり？」,Just outta the bath?,,
ID00144,00001a4e,54,「そっ、なかなかいいお湯だったわよ」,T-those were some pretty nice hot springs...,,
ID00144,00001bed,33,「ユイ姉が大浴場に…」,Yuu-neesan in the big bath...,,
ID00144,00001d83,18,「なによ？」,What's up?,,
ID00144,00001dc3,42,「あんまり好きじゃないだろ？,"You don't like that, right?",,
ID00144,00001dfc,63,　家族でスパリゾートとか、いつもパスだし」,We always skip family spa resorts and stuff.,,
ID00144,00001fb0,54,「知らない人に、ジロジロ見られちゃう,Strangers staring at you all the time.,,
ID00144,00001ff5,33,　ことがあるからねぇ」,"That's why, you know.",,
ID00144,0000217f,36,「顔がバレてるからなぁ」,People can recognize me.,,
ID00144,00002318,36,「個室の温泉なら好きよ。,I like private hot springs.,,
ID00144,0000234b,63,　お風呂付きの宿に家族で行くなら参加する。,"If we're going to a place with baths as a family,",,
ID00144,00002399,48,　スケジュールが合えばだけどね」,then I'll join if my schedule allows.,,
ID00144,00002915,45,「今日は、どうして大浴場に？」,Why are you in the public bath today?,,
ID00144,00002ab7,63,「風呂上がりのまぁちゃんから連絡来たのよ。,Maa-chan texted me after her bath.,,
ID00144,00002b05,33,　誰もいなかったって」,No one was around.,,
ID00144,00002def,57,「いい子よねぇ、私に気を遣ってくれて」,You're such a good girl.,,
ID00144,000030d8,36,「せっかくの大浴場だし、,"It's rare to use the bathhouse,",,
ID00144,0000310b,42,　たまには私も入りたいもの」,I wanna use it sometime.,,
ID00144,000032b7,24,「そうだよな…」,"Yeah, you're right...",,
ID00144,00003444,42,「それじゃあね。おやすみ～」,Good night~,,
ID00144,000035d7,18,「おやすみ」,Good night,,
ID00145,000017c0,45,（あー、エアホッケーやりてー。,"Man, I wanna play air hockey.",,
ID00145,000017fc,48,　たまに無性にやりたくなるよな。,Sometimes you just get the urge to do it.,,
ID00145,0000183b,45,　誰か相手してくんねーかなぁ）,Anyone want to be my partner?,,
ID00145,00001db6,54,「あ、ユイ姉！　ちょうどいいとこに！,"Hey, Yui-nee! Perfect timing!",,
ID00145,00001dfb,39,　エアホッケーやんない？」,Want to play air hockey?,,
ID00145,00001f97,39,「あ、いいわね。やろっか」,"Oh, that sounds good. Let's do it.",,
ID00145,0000270e,54,「久しぶりね～、エアホッケーなんて。,It's been a while since I've played air hockey~,,
ID00145,00002753,48,　去年、ここでやって以来だから、,"Since last year when we played here,",,
ID00145,00002792,21,　１年ぶりよ」,It's been a year.,,
ID00145,000027d5,54,「ここに来たら、これをやらないとな」,"When I come here, I have to play this.",,
ID00145,00002839,27,「フフッ、そうね。,"Heh, that's right.",,
ID00145,00002863,60,　ミツミキャンプって感じがしないわよね」,It doesn't feel like Mitsumi Camp without it.,,
ID00145,000028cd,39,「じゃあ、俺からでいい？」,"Then, shall I go first?",,
ID00145,00002922,18,「いいわよ」,Go ahead.,,
ID00145,00002962,30,「よ～し…いくぞぉ」,Okay...here we go~,,
ID00145,000029bf,24,「ぶろくぅ～ん」,Brock~un,,
ID00145,00002a05,12,「ん？」,Hm?,,
ID00145,00003e80,15,「ブッ！」,Hah!,,
ID00145,00003ebd,21,「チャンス！」,Chance!,,
ID00145,00003f54,21,「やったぁ！」,Yatta!,,
ID00145,00003f97,60,「きったねぇ、色仕掛けなんて反則だぞ！」,"Damn it, using that kind of trick is cheating!",,
ID00145,00004001,39,「惑わされる方が悪いのよ」,It's your fault.,,
ID00145,00004056,45,「ほら、続けて打った、打った」,"See? I kept hitting, hitting",,
ID00145,000040b1,42,「くそ～、もうミスらないぞ」,"Shit~, no more mistakes from me",,
ID00145,0000414a,24,「チラッチラッ」,*squints*,,
ID00145,00004212,21,「くっそ～っ」,Goddammit~,,
ID00145,00004255,60,こうして、目のやり場に困って惨敗した…。,"Flustered, I lost.",,
ID00146,000021c3,48,（はぁ…レコチャンスはないかな。,Any chance to record?,,
ID00146,00002202,57,　宿舎じゃあんまり録る機会がないから、,Rarely get a chance here.,,
ID00146,0000224a,30,　なにか録りたい…）,I wanna record something...,,
ID00146,000022e4,24,（ん？　ユイ姉）,Hmm? Yu-onee-chan?,,
ID00146,0000237f,21,「もしもし？」,Hello?,,
ID00146,000023c2,51,「ぶろくぅ～ん、ミネラルウォーター,"Mmm~n, mineral water",,
ID00146,00002404,24,　買ってきて～」,"Buy some for me~""",,
ID00146,0000244a,42,「ハァ？　なんだよいきなり」,Huh? What do you mean all of a sudden?,,
ID00146,000024a2,60,「今、部屋でピラティスやってるんだけど、,"I'm doing Pilates in my room right now,",,
ID00146,000024ed,39,　終わったら飲みたいのぉ」,I wanna drink when I'm done.,,
ID00146,000025c5,45,「なんだよ？　ピラティスって」,What's that? Pilates?,,
ID00146,00002620,48,「ドイツ生まれのエクササイズよ」,It's an exercise born in Germany.,,
ID00146,0000267e,54,「ヨガに似てるんだけど、骨格と体幹を,"Like yoga, aligning bones and core.",,
ID00146,000026c3,36,　整えることが出来るの」,and get you all aligned.,,
ID00146,00002744,60,「お風呂上がりの日課なのよぉ、お願ぁい」,"It's a daily ritual after my bath, please.",,
ID00146,000027ae,51,「ミネラルウォーターを買った上に、,"I even bought mineral water, and",,
ID00146,000027f0,48,　女子宿舎へ忍び込めってのか？」,You want me to sneak into the girls' dorms?,,
ID00146,0000284e,24,「…イヤなの？」,...You don't like that?,,
ID00146,000028e8,51,（…ユイ姉のピラティスが録れるな）,(...I can record Yui-nee's pilates.),,
ID00146,00002978,39,（ヨガに似てるってことは、,"(It looks like yoga, so...",,
ID00146,000029ae,45,　そんな画が録れるってことか）,...that means I can get that shot.),,
ID00146,00002a38,36,「任せとけ、すぐ行くよ」,"Leave it to me, I'll be right there.",,
ID00146,00002a8a,21,「早くねぇ～」,Not fast enough~,,
ID00146,00002b0e,51,（ちょうど、たまさん席外してるし、,"(Tammy's away from her desk for a bit, so...",,
ID00146,00002b50,51,　チャンスだな。自販機で買って…）,It's a chance to buy something.,,
ID00146,00002c03,45,（ユイ姉の部屋番号は、確か…）,"(Yui-nee's room number, if I remember...)",,
ID00146,00002cc9,27,「ユイ姉、入るぞ」,"Yui-nee, coming in.",,
ID00146,00002d12,21,「いいわよ～」,“Sure thing~”,,
ID00146,00003b76,48,「ありがと～、買ってきてくれて。,“Thanks~ for getting it for me.,,
ID00146,00003bb5,27,　助かっちゃった」,I really appreciate it.,,
ID00146,00003e8d,42,「冷蔵庫入れておいてやるよ。,I'll put it in the fridge for you.,,
ID00146,00003ec6,51,　気にせず、ピラティス続けてくれ」,"Just keep doing your Pilates, okay?",,
ID00146,0000406e,48,「な～に？　録りたいってわけ？」,What's up? You want to record it or something?,,
ID00146,00004371,48,「ユイ姉の美への惜しまぬ努力を、,"Yui-nee's tireless efforts toward beauty,",,
ID00146,000043b0,36,　残しておくべきだろ？」,"You should keep it, right?",,
ID00146,0000457e,63,「ん…そうね。いつか、エクササイズＤＶＤを,Hmm... Maybe someday.,,
ID00146,000045cc,33,　出すのもありだしね」,It could work too.,,
ID00146,00004b2c,54,「じゃあ、試しに録ってもらおうかな」,Then maybe you can record it for me.,,
ID00146,00004ccb,21,「任せとけ！」,Leave it to me!,,
ID00146,0000518e,24,「んっ…んっ…」,...Mmm... Mmm...,,
ID00146,000051d4,57,こうして、ユイ姉のピラティスを録った。,And that's how we recorded Yui-nee's Pilates.,,
ID00147,000012ac,21,「あ、ぶろ君」,"Ah, bro-kun.",,
ID00147,0000142a,15,「ユイ姉」,Yui-nee,,
ID00147,00001467,24,（部屋着姿か…）,(In her pajamas...),,
ID00147,000016a9,33,「なによ、じっと見て」,What are you staring at?,,
ID00147,000018af,30,「いや、その部屋着、,"No, it's just that I've never",,
ID00147,000018dc,42,　家じゃ見たことない気が…」,I don't think I've ever seen them before.,,
ID00147,00001a7b,48,「そりゃそうよ、買ったんだから」,"Well, of course I have them.",,
ID00147,00001d5b,48,「宿舎だと、人に見られるでしょ？,"In the dorms, people can see you, right?",,
ID00147,00001d9a,39,　くたびれた服を着るわけに,I can't just wear old clothes,,
ID00147,00001dd0,30,　いかないじゃない」,can I?,,
ID00147,000020ab,39,「そっか、モデルだもんな」,"Oh, you're a model.",,
ID00147,00002247,54,「そういうこと。苦手よ、集団生活は」,That's right. I hate group living.,,
ID00147,00002681,39,「それじゃね。おやすみ～」,See ya. Good night~,,
ID00147,0000282a,18,「おやすみ」,Good night,,
ID00148,00001394,24,「あっ、ユイ姉」,"Hey, Yuu-neesan.",,
ID00148,00001743,21,「あ、ぶろ君」,"Ah, bro-kun.",,
ID00148,000018c1,24,「風呂上がり？」,Just outta the bath?,,
ID00148,00001a4e,54,「そっ、なかなかいいお湯だったわよ」,T-those were some pretty nice hot springs...,,
ID00148,00001bed,33,「ユイ姉が大浴場に…」,Yuu-neesan in the big bath...,,
ID00148,00001d83,18,「なによ？」,What's up?,,
ID00148,00001dc3,42,「あんまり好きじゃないだろ？,"You don't like that, right?",,
ID00148,00001dfc,63,　家族でスパリゾートとか、いつもパスだし」,We always skip family spa resorts and stuff.,,
ID00148,00001fb0,54,「知らない人に、ジロジロ見られちゃう,Strangers staring at you all the time.,,
ID00148,00001ff5,33,　ことがあるからねぇ」,"That's why, you know.",,
ID00148,0000217f,36,「顔がバレてるからなぁ」,People can recognize me.,,
ID00148,00002318,36,「個室の温泉なら好きよ。,I like private hot springs.,,
ID00148,0000234b,63,　お風呂付きの宿に家族で行くなら参加する。,"If we're going to a place with baths as a family,",,
ID00148,00002399,48,　スケジュールが合えばだけどね」,then I'll join if my schedule allows.,,
ID00148,00002915,45,「今日は、どうして大浴場に？」,Why are you in the public bath today?,,
ID00148,00002ab7,63,「風呂上がりのまぁちゃんから連絡来たのよ。,Maa-chan texted me after her bath.,,
ID00148,00002b05,33,　誰もいなかったって」,No one was around.,,
ID00148,00002def,57,「いい子よねぇ、私に気を遣ってくれて」,You're such a good girl.,,
ID00148,000030d8,36,「せっかくの大浴場だし、,"It's rare to use the bathhouse,",,
ID00148,0000310b,42,　たまには私も入りたいもの」,I wanna use it sometime.,,
ID00148,000032b7,24,「そうだよな…」,"Yeah, you're right...",,
ID00148,00003444,42,「それじゃあね。おやすみ～」,Good night~,,
ID00148,000035d7,18,「おやすみ」,Good night,,
ID00149,000017c0,45,（あー、エアホッケーやりてー。,"Man, I wanna play air hockey.",,
ID00149,000017fc,48,　たまに無性にやりたくなるよな。,Sometimes you just get the urge to do it.,,
ID00149,0000183b,45,　誰か相手してくんねーかなぁ）,Anyone want to be my partner?,,
ID00149,00001db6,54,「あ、ユイ姉！　ちょうどいいとこに！,"Hey, Yui-nee! Perfect timing!",,
ID00149,00001dfb,39,　エアホッケーやんない？」,Want to play air hockey?,,
ID00149,00001f97,39,「あ、いいわね。やろっか」,"Oh, that sounds good. Let's do it.",,
ID00149,0000270e,54,「久しぶりね～、エアホッケーなんて。,It's been a while since I've played air hockey~,,
ID00149,00002753,48,　去年、ここでやって以来だから、,"Since last year when we played here,",,
ID00149,00002792,21,　１年ぶりよ」,It's been a year.,,
ID00149,000027d5,54,「ここに来たら、これをやらないとな」,"When I come here, I have to play this.",,
ID00149,00002839,27,「フフッ、そうね。,"Heh, that's right.",,
ID00149,00002863,60,　ミツミキャンプって感じがしないわよね」,It doesn't feel like Mitsumi Camp without it.,,
ID00149,000028cd,39,「じゃあ、俺からでいい？」,"Then, shall I go first?",,
ID00149,00002922,18,「いいわよ」,Go ahead.,,
ID00149,00002962,30,「よ～し…いくぞぉ」,Okay...here we go~,,
ID00149,000029bf,24,「ぶろくぅ～ん」,Brock~un,,
ID00149,00002a05,12,「ん？」,Hm?,,
ID00149,00003e80,15,「ブッ！」,Hah!,,
ID00149,00003ebd,21,「チャンス！」,Chance!,,
ID00149,00003f54,21,「やったぁ！」,Yatta!,,
ID00149,00003f97,60,「きったねぇ、色仕掛けなんて反則だぞ！」,"Damn it, using that kind of trick is cheating!",,
ID00149,00004001,39,「惑わされる方が悪いのよ」,It's your fault.,,
ID00149,00004056,45,「ほら、続けて打った、打った」,"See? I kept hitting, hitting",,
ID00149,000040b1,42,「くそ～、もうミスらないぞ」,"Shit~, no more mistakes from me",,
ID00149,0000414a,24,「チラッチラッ」,*squints*,,
ID00149,00004212,21,「くっそ～っ」,Goddammit~,,
ID00149,00004255,60,こうして、目のやり場に困って惨敗した…。,"Flustered, I lost.",,
ID00150,000021c3,48,（はぁ…レコチャンスはないかな。,Any chance...?,,
ID00150,00002202,57,　宿舎じゃあんまり録る機会がないから、,Rare chances here.,,
ID00150,0000224a,30,　なにか録りたい…）,I wanna record something...,,
ID00150,000022e4,24,（ん？　ユイ姉）,Hmm? Yu-onee-chan?,,
ID00150,0000237f,21,「もしもし？」,Hello?,,
ID00150,000023c2,51,「ぶろくぅ～ん、ミネラルウォーター,"Mmm~n, mineral water",,
ID00150,00002404,24,　買ってきて～」,"Buy some for me~""",,
ID00150,0000244a,42,「ハァ？　なんだよいきなり」,Huh? What do you mean all of a sudden?,,
ID00150,000024a2,60,「今、部屋でピラティスやってるんだけど、,"I'm doing Pilates in my room right now,",,
ID00150,000024ed,39,　終わったら飲みたいのぉ」,I wanna drink when I'm done.,,
ID00150,000025c5,45,「なんだよ？　ピラティスって」,What's that? Pilates?,,
ID00150,00002620,48,「ドイツ生まれのエクササイズよ」,It's an exercise born in Germany.,,
ID00150,0000267e,54,「ヨガに似てるんだけど、骨格と体幹を,"Like yoga, aligning bones.",,
ID00150,000026c3,36,　整えることが出来るの」,and get you all aligned.,,
ID00150,00002744,60,「お風呂上がりの日課なのよぉ、お願ぁい」,"It's a daily ritual after my bath, please.",,
ID00150,000027ae,51,「ミネラルウォーターを買った上に、,"I even bought mineral water, and",,
ID00150,000027f0,48,　女子宿舎へ忍び込めってのか？」,You want me to sneak into the girls' dorms?,,
ID00150,0000284e,24,「…イヤなの？」,...You don't like that?,,
ID00150,000028e8,51,（…ユイ姉のピラティスが録れるな）,(...I can record Yui-nee's pilates.),,
ID00150,00002978,39,（ヨガに似てるってことは、,"(It looks like yoga, so...",,
ID00150,000029ae,45,　そんな画が録れるってことか）,...that means I can get that shot.),,
ID00150,00002a38,36,「任せとけ、すぐ行くよ」,"Leave it to me, I'll be right there.",,
ID00150,00002a8a,21,「早くねぇ～」,Not fast enough~,,
ID00150,00002b0e,51,（ちょうど、たまさん席外してるし、,"(Tammy's away from her desk for a bit, so...",,
ID00150,00002b50,51,　チャンスだな。自販機で買って…）,It's a chance to buy something.,,
ID00150,00002c03,45,（ユイ姉の部屋番号は、確か…）,"(Yui-nee's room number, if I remember...)",,
ID00150,00002cc9,27,「ユイ姉、入るぞ」,"Coming in, Yui-nee.",,
ID00150,00002d12,21,「いいわよ～」,“Sure thing~”,,
ID00150,00003b76,48,「ありがと～、買ってきてくれて。,“Thanks~ for getting it for me.,,
ID00150,00003bb5,27,　助かっちゃった」,I really appreciate it.,,
ID00150,00003e8d,42,「冷蔵庫入れておいてやるよ。,I'll put it in the fridge for you.,,
ID00150,00003ec6,51,　気にせず、ピラティス続けてくれ」,"Just keep doing your Pilates, okay?",,
ID00150,0000406e,48,「な～に？　録りたいってわけ？」,What's up? You want to record it or something?,,
ID00150,00004371,48,「ユイ姉の美への惜しまぬ努力を、,"Yui-nee's tireless efforts toward beauty,",,
ID00150,000043b0,36,　残しておくべきだろ？」,"You should keep it, right?",,
ID00150,0000457e,63,「ん…そうね。いつか、エクササイズＤＶＤを,Hmm... An exercise DVD someday.,,
ID00150,000045cc,33,　出すのもありだしね」,It could work too.,,
ID00150,00004b2c,54,「じゃあ、試しに録ってもらおうかな」,Then maybe you can record it for me.,,
ID00150,00004ccb,21,「任せとけ！」,Leave it to me!,,
ID00150,0000518e,24,「んっ…んっ…」,...Mmm... Mmm...,,
ID00150,000051d4,57,こうして、ユイ姉のピラティスを録った。,And that's how we recorded Yui-nee's Pilates.,,
ID00151,0000121c,21,「あ、ぶろ君」,"Ah, bro-kun.",,
ID00151,0000139a,15,「ユイ姉」,Yui-nee,,
ID00151,000013d7,24,（部屋着姿か…）,(In her pajamas...),,
ID00151,00001619,39,「それじゃね。おやすみ～」,See ya. Good night~,,
ID00151,0000183e,33,「あ、ああ、おやすみ」,"Ah, yeah, good night.",,
ID00152,00001284,24,「あっ、ユイ姉」,"Hey, Yuu-neesan.",,
ID00152,00001633,21,「あ、ぶろ君」,"Ah, bro-kun.",,
ID00152,000017b1,24,「風呂上がりか」,You're out of the bath?,,
ID00152,0000193e,54,「そっ、なかなかいいお湯だったわよ」,T-those were some pretty nice hot springs...,,
ID00152,00001add,18,「おやすみ」,Good night,,
ID00153,0000121c,21,「あ、ぶろ君」,"Ah, bro-kun.",,
ID00153,0000139a,15,「ユイ姉」,Yui-nee,,
ID00153,000013d7,24,（部屋着姿か…）,(In her pajamas...),,
ID00153,00001619,39,「それじゃね。おやすみ～」,See ya. Good night~,,
ID00153,0000183e,33,「あ、ああ、おやすみ」,"Ah, yeah, good night.",,
ID00154,00001284,24,「あっ、ユイ姉」,"Hey, Yuu-neesan.",,
ID00154,00001633,21,「あ、ぶろ君」,"Ah, bro-kun.",,
ID00154,000017b1,24,「風呂上がりか」,You're out of the bath?,,
ID00154,0000193e,54,「そっ、なかなかいいお湯だったわよ」,T-those were some pretty nice hot springs...,,
ID00154,00001add,18,「おやすみ」,Good night,,
ID00155,000023e7,33,「ぶろ君、学力テスト、,"Congrats, Bro-kun!",,
ID00155,00002417,39,　合格したみたいじゃない」,Looks like it.,,
ID00155,000026fb,33,「あ、ユイ姉。まぁね」,"Oh, Yu-onee-chan.",,
ID00155,000028e5,51,「これで実力テストもすべて終わり。,Now that this practical test is over too.,,
ID00155,00002927,57,　あとは、最終日の光海祭を残すのみね」,All that's left is the festival.,,
ID00155,00002c1d,48,「ああ、文化系の部の見せ場だし、,"Yeah, it's our big chance for the cultural club.",,
ID00155,00002c5c,21,　がんばるよ」,I'll do my best!,,
ID00155,00002de6,27,「フフッ、そうね」,"Hehe, really?",,
ID00155,000031ec,36,「ぶろ君が部活に入って、,"And with Bro-kun joining the club,",,
ID00155,0000321f,45,　文化祭をがんばるなんてねぇ」,Doing our best for the school festival...,,
ID00155,000034fc,57,「夏までとは別人みたいよ。しっかりね」,You're a totally different person since summer.,,
ID00155,0000382d,54,「次の実力テストもがんばりなさいよ。,Do your best on the next test too.,,
ID00155,00003872,24,　それじゃあね」,See ya later.,,
ID00155,00004151,48,「あ！　ぶろ君、やるじゃない！」,"Hey! Bro-kun, you're really doing it!",,
ID00155,0000443e,21,「あ、ユイ姉」,"Hey, Yui-nee",,
ID00155,000045c8,54,「学力テストで成績上位に入るなんて、,"Doing well on the academic test and all,",,
ID00155,0000460d,39,　どういう風の吹き回し？」,what's gotten into you?,,
ID00155,0000479d,51,「俺だって、やるときはやるんだよ」,I do my best when I have to too.,,
ID00155,0000492c,54,「フフッ、これで安心して、私の課題を,"Heh heh, now I'm relieved.",,
ID00155,00004971,27,　任せられるわね」,You can count on me.,,
ID00155,00004d84,57,「はは…参考書調べるの大変なんだぞ…」,Heh... Looking up reference books is a pain...,,
ID00155,00004fa2,54,「来週末の光海祭もがんばりなさいよ」,Do your best at the Mitsumi Festival!,,
ID00155,00005141,27,「わかってるって」,I know that.,,
ID00155,00005300,42,「弱音なんて聞きたくな～い。,I don't wanna hear you complain~,,
ID00155,00005339,51,　予習だと思ってがんばりなさいよ」,Think of it as prep work and do your best.,,
ID00155,000058f2,42,「ずいぶん早い予習だなぁ…」,"That's pretty early prep work, isn't it...",,
ID00155,00005a78,42,「フフッ、それはそれとして、,"Heh heh, anyway,",,
ID00155,00005ab1,57,　次の学力テストもがんばりなさいよね」,do well on the next academic test too.,,
ID00155,00006193,27,「それじゃあね～」,See ya~,,
ID00155,000067b7,51,「あ！　ぶろ君、すごいじゃない！」,"Ah! Bro-kun, that's amazing!",,
ID00155,00006aa7,12,「え？」,What?,,
ID00155,00006c7c,63,「２回連続、学力テストで成績上位だなんて、,Getting top scores twice in a row is rare.,,
ID00155,00006cca,36,　なかなかできないわよ」,It's not easy.,,
ID00155,00006fab,54,「ははは、本気出せばこんなもんだよ」,"Haha, if I put my mind to it, this is what happens.",,
ID00155,00007184,48,「３連続、学力テストで成績上位に,Top ranks for three straight tests,,
ID00155,000071c3,57,　入るなんて、まるで優等生じゃない！」,You’re practically an honor student!,,
ID00155,000074b9,57,「ははは、本気出せばこんなもんだって」,"Haha, when I focus, this is what happens.",,
ID00155,000076e9,54,「フフッ、長かったミツミキャンプも、,"Heh heh, Mitsumi Camp has been long.",,
ID00155,0000772e,42,　あとは光海祭を残すだけね」,Just the Mitsumi Festival left now.,,
ID00155,00007b6c,45,「心置きなく動画に打ち込むよ」,I'll focus on making videos.,,
ID00155,00007d0e,33,「そうね、がんばって」,"Yeah, do your best.",,
ID00155,0000800e,57,「フフッ、カッコいいこと言っちゃって」,"Heh heh, you sure know how to talk.",,
ID00155,00008467,60,「その調子で次の学力テストも、成績上位を,"Keep up the good work for next time's academic test,",,
ID00155,000084b2,54,　目指しなさいよ。あなたは私と違って,"aiming for top scores. Unlike me,",,
ID00155,000084f7,45,　勉強する時間があるんだから」,You've got time to study.,,
ID00155,00008a57,24,「わかってるよ」,I know.,,
ID00155,00008c13,27,「それじゃあね～」,See ya~,,
ID00155,000095d5,48,「あ！　ぶろ君！　おめでとう！」,Hey! Bro-kun! Congrats!,,
ID00155,000098a9,12,「え？」,What?,,
ID00155,00009a2a,63,「４回の学力テスト、全てで成績上位だなんて,You're in the top ranks for all four academic tests?,,
ID00155,00009a78,33,　姉の私も鼻が高いわ」,Even I’m proud.,,
ID00155,0000a02c,39,「しかも、スポーツテストも,You're top in all sports tests.,,
ID00155,0000a062,39,　全て成績上位だったから、,"you were top in all of them,",,
ID00155,0000a098,36,　オールパーフェクト！」,You're a well-rounded person!,,
ID00155,0000a4c3,36,「まさに完全無欠な弟ね」,You're a perfect little bro indeed.,,
ID00155,0000a650,51,「いやぁ～、それほどでも。ははっ」,"Nah, not that great. Haha.",,
ID00155,0000a843,21,「自慢の弟よ」,My pride and joy.,,
ID00155,0000a886,51,「いやぁ～、ははっ、それほどでも」,"Nah, not that great. Haha.",,
ID00155,0000aa5d,60,「これで長かったミツミキャンプも終わり。,"Finally, the long Mitsumi Camp is over.",,
ID00155,0000aaa8,42,　あとは光海祭を残すのみね」,All that's left is the Mitsumi Festival.,,
ID00155,0000ad8f,45,「心置きなく動画に打ち込むよ」,I'll dive into making videos.,,
ID00155,0000af5b,42,「ええ。どんな動画になるか、,"Yeah, looking forward to it.",,
ID00155,0000af94,27,　楽しみにしてる」,I can't wait.,,
ID00155,0000b3b3,24,「それじゃあね」,See ya.,,
ID00155,0000b9d4,33,「ぶろ君、学力テスト、,"Bro-kun, you passed the test.",,
ID00155,0000ba04,45,　不合格だったみたいじゃない」,Seems like you didn't pass.,,
ID00155,0000bcd5,42,「あ、ああ、調子出なくて…」,"Ah, yeah, I wasn't in the mood...",,
ID00155,0000be74,30,「ふうん、そっか…」,"Hmm, I see...",,
ID00155,0000c17d,42,「まぁ、そんな時もあるわよ。,"Well, it happens sometimes.",,
ID00155,0000c1b6,63,　気を落とさずに、光海祭はがんばりなさい」,Don't get down and do your best.,,
ID00155,0000c763,42,「まぁ、そんな時もあるわよ。,"Well, it happens sometimes.",,
ID00155,0000c79c,27,　気を落とさずに、,Don't get down and,,
ID00155,0000c7c6,54,　次の学力テストはがんばりなさいよ」,do your best on the next academic test,,
ID00155,0000cd86,24,「それじゃあね」,See ya.,,
ID00155,0000d3a7,24,「ぶろくぅ～ん」,Brock~un,,
ID00155,0000d3ed,21,「あ、ユイ姉」,"Hey, Yui-nee",,
ID00155,0000d577,57,「２連続、学力テストで不合格だなんて、,Failing two tests in a row?,,
ID00155,0000d5bf,33,　なにやってんのよ？」,What are you doing?,,
ID00155,0000d884,36,「なんか調子出なくて…」,I wasn't in the mood...,,
ID00155,0000da71,48,「調子が出なくて…じゃないわよ。,I'm not just 'not in the mood'...,,
ID00155,0000dab0,60,　ったく、動画ばっかり入れ込んじゃって」,"God, you've been obsessed with those videos all day.",,
ID00155,0000e07c,60,「新学期からはもっとがんばりなさいよ？」,Try harder from the new semester onward?,,
ID00155,0000e278,42,「もう…あんたは私と違って、,"Seriously... Unlike me, you",,
ID00155,0000e2b1,45,　勉強する時間があるんだから、,"You have time to study,",,
ID00155,0000e2ed,57,　次の学力テストはがんばりなさいよね」,so do your best on the next academic test.,,
ID00155,0000e8bd,18,「あ、ああ」,"Ah, yeah.",,
ID00155,0000ea44,24,「それじゃあね」,See ya.,,
ID00155,0000f065,54,「ぶろくぅ～ん、なにやってんのよぉ」,"Buuuuh, what are you doing?",,
ID00155,0000f21d,21,「あ、ユイ姉」,"Hey, Yui-nee",,
ID00155,0000f3a7,42,「あ、ユイ姉、じゃないわよ。,It's not like my sister Yuu.,,
ID00155,0000f3e0,63,　３回連続、学力テストで不合格だなんて…」,Three times in a row failing the academic test...,,
ID00155,0000fae7,42,「野球でも３回空振りすれば、,"If you strike out three times at baseball,",,
ID00155,0000fb20,33,　アウトだってのに…」,You're out after three strikes...,,
ID00155,0000fdfe,15,「はは…」,Heh...,,
ID00155,0000ffd6,45,「動画に入れ込むのはいいけど、,"It's fine to get into videos, but",,
ID00155,00010012,45,　勉強もちゃんとやんなさいよ」,"Study properly, okay?",,
ID00155,000102e3,51,「あ、ああ、新学期からがんばるよ」,"Y-Yeah, I'll try harder from the new semester.",,
ID00155,000104a7,21,「きっとよ！」,I promise!,,
ID00155,0001067c,51,「もっと勉強して、次の学力テストは,Study more and pass the next academic test.,,
ID00155,000106be,27,　合格しなさいよ」,"Pass it, okay?",,
ID00155,00010af3,24,「それじゃあね」,See ya.,,
ID00155,00011114,60,「ぶ～ろ～くぅ～ん、なに考えてんのよぉ」,"Buuu~rooo~kun, what are you thinking about",,
ID00155,000112d2,27,「あっ、ユイ姉！」,"Ah, Yuu-neesan!",,
ID00155,00011462,48,「あれほど言ったのに、４回連続、,"Even though I said that much, four in a row,",,
ID00155,000114a1,48,　学力テストで不合格だなんて…」,...you failed the academic test again?,,
ID00155,000118d8,51,「姉の私まで恥ずかしいじゃない！」,Even I'm embarrassed for you!,,
ID00155,00011a74,18,「ごめん…」,Sorry...,,
ID00155,00011c4f,39,「しかも、スポーツテストも,You're top in all sports tests.,,
ID00155,00011c85,30,　全部不合格だから、,You failed everything...,,
ID00155,00011cb2,39,　オール逆パーフェクト…」,An all reverse perfect...,,
ID00155,000124d3,39,「もっとがんばりなさいよ！,Try harder next time!,,
ID00155,00012509,60,　私の弟なんだから、やれば出来るはずよ」,"Since you're my bro, I'm sure you can.",,
ID00155,00012802,15,「はい…」,Yes...,,
ID00155,00012986,57,「新学期からは心を入れ替えるようにね！,Start the new semester with a fresh attitude!,,
ID00155,000129ce,24,　それじゃあね」,See ya later.,,
ID00156,00001ec8,45,「あ、ぶろ君、スポーツテスト、,"Hey, Bro-kun, the test's soon.",,
ID00156,00001f04,39,　合格したみたいじゃない」,Looks like it.,,
ID00156,00002323,21,「あ、まぁね」,Oh yeah.,,
ID00156,00002501,54,「これで、長かったミツミキャンプも、,The long Mitsumi Camp is over.,,
ID00156,00002546,48,　残すは最後の学力テストのみね」,the final academic test.,,
ID00156,0000297d,45,「それなりにがんばりなさいよ」,"You should do your best, okay?",,
ID00156,000029d8,30,「ああ、そうするよ」,Sure thing.,,
ID00156,00002bb6,39,「健康って大事なんだから、,"Health is important, you know.",,
ID00156,00002bec,63,　次のスポーツテストも、合格するようにね」,Make sure to pass next time too.,,
ID00156,00003145,36,「ああ、そのつもりだよ」,"Yeah, I'll do my best.",,
ID00156,0000330d,24,「それじゃあね」,See ya.,,
ID00156,0000392e,48,「あ！　ぶろ君、やるじゃない！」,"Hey! Bro-kun, you're really doing it!",,
ID00156,00003c02,12,「え？」,What?,,
ID00156,00003d83,30,「スポーツテストよ。,"Sports test, huh?",,
ID00156,00003db0,48,　炎天下なのに成績上位だなんて、,You’re doing well in the heat.,,
ID00156,00003def,45,　らしくないことしちゃってぇ」,I guess that's just me...,,
ID00156,00004214,54,「ははは、本気出せばこんなもんだよ」,"Haha, if I put my mind to it, this is what happens.",,
ID00156,00004413,57,「来週はいよいよ、最後の学力テストね。,Week after next is the final academic test.,,
ID00156,0000445b,45,　この調子でがんばりなさいよ」,Do your best and keep it up!,,
ID00156,0000489c,30,「ああ、がんばるよ」,"Yeah, I will.",,
ID00156,00004a7a,51,「この調子で、次のスポーツテストも,And pass the next sports test too.,,
ID00156,00004abc,54,　成績上位目指してがんばりなさいよ」,Go for top scores in your grades too.,,
ID00156,00005018,63,「スポーツが出来る人って、モテるんだから」,"People who are good at sports are popular, you know?",,
ID00156,000051c0,36,「はいはい、がんばるよ」,"Sure sure, I'll do my best.",,
ID00156,00005388,27,「それじゃあね～」,See ya~,,
ID00156,000059ac,48,「あ！　ぶろ君、すごいじゃない！,"Hey! Bro-kun, that's amazing!",,
ID00156,000059eb,54,　２連続でスポーツテストの成績上位に,Top ranks twice in a row.,,
ID00156,00005a30,21,　入るなんて」,That’s impressive.,,
ID00156,00005e3d,60,「あ、まぁね。この夏の俺は本気なんだよ」,"Well, yeah. I’m serious this summer.",,
ID00156,0000600a,33,「やるぅ、かっこいい」,"Wow, so cool.",,
ID00156,0000646a,57,「来週はいよいよ、最後の学力テストね。,Week after next is the final academic test.,,
ID00156,000064b2,45,　この調子でがんばりなさいよ」,Do your best and keep it up!,,
ID00156,000068be,30,「ああ、がんばるよ」,"Yeah, I will.",,
ID00156,00006a80,63,「次のスポーツテストで成績上位に入ったら、,"If I get top scores in the next sports test,",,
ID00156,00006ace,27,　パーフェクトよ」,it'll be perfect.,,
ID00156,00006d99,42,「もちろん、目指すわよね？」,"You're gonna aim for that, right?",,
ID00156,00006f2c,36,「ああ、そのつもりだよ」,"Yeah, I'll do my best.",,
ID00156,000070ef,39,「うんうん、がんばってね」,"Yup yup, good luck!",,
ID00156,0000740e,27,「それじゃあね～」,See ya~,,
ID00156,00007a32,27,「あ！　ぶろ君！」,Oh! Mr. Bathing Suit!,,
ID00156,00007cfd,21,「やったわね！,Well done!,,
ID00156,00007d21,57,　３回連続、スポーツテストで成績上位！,You've got top scores three times in a row now!,,
ID00156,00007d69,36,　パーフェクト達成よ！」,That's a perfect score!,,
ID00156,0000819e,27,「まぁね、ははっ」,"Yeah, heh heh.",,
ID00156,0000832e,57,「運動神経、悪くないとは思ってたけど、,"I knew your athletic skills weren't bad,",,
ID00156,00008376,30,　これほどとはねぇ」,but not this good.,,
ID00156,00008660,30,「さすが、私の弟ね」,You’re my little brother.,,
ID00156,000087e7,45,「本気の俺の力を思い知った？」,Did you get a taste of my real power?,,
ID00156,00008970,51,「フフッ、思い知った、思い知った」,"Hehe, I bet you did.",,
ID00156,00008dcd,54,「来週はいよいよ最後の学力テストよ。,Next week's the final academic test.,,
ID00156,00008e12,39,　この勢いでがんばってね」,Keep it up!,,
ID00156,00009231,30,「ああ、がんばるよ」,"Yeah, I will.",,
ID00156,00009858,45,「もう、ぶろ君、どうしたのよ？,"What's up with you, Bro-kun?",,
ID00156,00009894,27,　スポーツテスト、,the sports test's near.,,
ID00156,000098be,45,　不合格だったみたいじゃない」,Seems like you didn't pass.,,
ID00156,00009e1e,54,「あ、ユイ姉、暑くて調子出なくて…」,"Ah, Onee-chan, it's so hot...",,
ID00156,00009fc9,54,「そんなこと言って…情けないわねぇ」,Saying that... You're such a wimp!,,
ID00156,0000a2af,30,「夏は暑いものよ！」,It's always hot in summer!,,
ID00156,0000a2fb,15,「…はい」,Yes...,,
ID00156,0000a4d3,33,「来週の学力テストで、,Next week's academic test will be,,
ID00156,0000a503,39,　いよいよミツミキャンプの,our last camp test.,,
ID00156,0000a539,33,　実力テストも終わり」,That'll be the end of it.,,
ID00156,0000a826,42,「ちゃんとがんばりなさいよ」,"Do your best, okay?",,
ID00156,0000a87e,30,「ああ、がんばるよ」,"Yeah, I will.",,
ID00156,0000aa5c,39,「次のスポーツテストでは、,"Next time in the sports test,",,
ID00156,0000aa92,30,　がんばりなさいよ」,so do your best!,,
ID00156,0000ac19,12,「ああ」,Yeah.,,
ID00156,0000adc9,24,「それじゃあね」,See ya.,,
ID00156,0000b3ea,45,「はぁ…ぶろ君、どうしたのよ？,"Huh... Bro-kun, what's wrong?",,
ID00156,0000b426,36,　また、スポーツテスト、,Another sports test...,,
ID00156,0000b459,45,　不合格だったみたいじゃない」,Seems like you didn't pass.,,
ID00156,0000b9b9,45,「あ、ああ…どうにも暑くて…」,"Ah, yeah... It's so hot...",,
ID00156,0000bb5b,54,「もう、そんな言い訳ばかり言って…」,"Ugh, you always make excuses like that...",,
ID00156,0000be95,33,「来週の学力テストで、,Next week's academic test will be,,
ID00156,0000bec5,39,　いよいよミツミキャンプの,Final camp test.,,
ID00156,0000befb,33,　実力テストも終わり」,That'll be the end of it.,,
ID00156,0000c1cc,54,「そっちは、せめてがんばりなさいよ」,You should at least try your best too.,,
ID00156,0000c36b,30,「ああ、がんばるよ」,"Yeah, I will.",,
ID00156,0000c549,51,「運動が出来る人はモテるんだから、,"If you're good at sports, you'll be popular,",,
ID00156,0000c58b,39,　もっとがんばりなさいよ」,You can do better than that.,,
ID00156,0000c71b,18,「あ、ああ」,"Ah, yeah.",,
ID00156,0000c8d1,33,「はぁ…それじゃあね」,Ugh... See ya later.,,
ID00156,0000d036,48,「はぁ……結局、全部不合格かぁ」,Oh... Guess I failed everything again.,,
ID00156,0000d30a,24,「あ！　ユイ姉」,Oh! Yui-nee!,,
ID00156,0000d497,45,「あ！　ユイ姉、じゃないわよ」,Oh! It's not Yui-nee though.,,
ID00156,0000d8c8,42,「３回連続、スポーツテストで,Three strikes and you're out.,,
ID00156,0000d901,30,　不合格だなんて…」,That's just...,,
ID00156,0000dd23,21,「がっかり…」,Disappointing...,,
ID00156,0000dd66,15,「悪い…」,Sorry...,,
ID00156,0000deea,48,「運動神経は悪くないと思うから、,"I think you're not bad at sports,",,
ID00156,0000df29,48,　やる気の問題だと思うのよねぇ」,so it must be a motivation issue.,,
ID00156,0000e0c2,24,「…新学期からは,"Next semester, ...",,
ID00156,0000e0e9,42,　心を入れ替えてがんばるよ」,will try my best for real.,,
ID00156,0000e288,30,「本当？　約束よ？」,Really? You promise?,,
ID00156,0000e40f,12,「ああ」,Yeah.,,
ID00156,0000e590,39,「ならいい。許してあげる」,"If so, I'll forgive you.",,
ID00156,0000e85a,54,「来週は、いよいよ最後の学力テスト。,Next week is the final academic test.,,
ID00156,0000e89f,63,　そっちもがんばるようにね。それじゃあね」,Do your best too. See you later.,,
ID00157,000023e7,33,「ぶろ君、学力テスト、,"Bro-kun, you passed.",,
ID00157,00002417,39,　合格したみたいじゃない」,Looks like it.,,
ID00157,000026fb,33,「あ、ユイ姉。まぁね」,"Oh, Yu-onee-chan. Yeah.",,
ID00157,000028e5,51,「これで実力テストもすべて終わり。,Now that this practical test is over too.,,
ID00157,00002927,57,　あとは、最終日の光海祭を残すのみね」,All we have left is the final festival.,,
ID00157,00002c1d,48,「ああ、文化系の部の見せ場だし、,"Yeah, it's our big chance for the cultural club.",,
ID00157,00002c5c,21,　がんばるよ」,I'll do my best!,,
ID00157,00002de6,27,「フフッ、そうね」,"Hehe, really?",,
ID00157,000031ec,36,「ぶろ君が部活に入って、,"And with Bro-kun joining the club,",,
ID00157,0000321f,45,　文化祭をがんばるなんてねぇ」,Doing our best for the school festival...,,
ID00157,000034fc,57,「夏までとは別人みたいよ。しっかりね」,You're a totally different person since summer.,,
ID00157,0000382d,54,「次の実力テストもがんばりなさいよ。,Do your best on the next test too.,,
ID00157,00003872,24,　それじゃあね」,See ya later.,,
ID00157,00004151,48,「あ！　ぶろ君、やるじゃない！」,"Hey! Bro-kun, you're really doing it!",,
ID00157,0000443e,21,「あ、ユイ姉」,"Hey, Yui-nee",,
ID00157,000045c8,54,「学力テストで成績上位に入るなんて、,"Doing well on the academic test and all,",,
ID00157,0000460d,39,　どういう風の吹き回し？」,what's gotten into you?,,
ID00157,0000479d,51,「俺だって、やるときはやるんだよ」,I do my best when I have to too.,,
ID00157,0000492c,54,「フフッ、これで安心して、私の課題を,"Heh heh, now I'm relieved.",,
ID00157,00004971,27,　任せられるわね」,You can count on me.,,
ID00157,00004d84,57,「はは…参考書調べるの大変なんだぞ…」,Heh... Looking up reference books is a pain...,,
ID00157,00004fa2,54,「来週末の光海祭もがんばりなさいよ」,Do your best at the Mitsumi Festival!,,
ID00157,00005141,27,「わかってるって」,I know that.,,
ID00157,00005300,42,「弱音なんて聞きたくな～い。,I don't wanna hear you complain~,,
ID00157,00005339,51,　予習だと思ってがんばりなさいよ」,Think of it as prep work and do your best.,,
ID00157,000058f2,42,「ずいぶん早い予習だなぁ…」,"That's pretty early prep work, isn't it...",,
ID00157,00005a78,42,「フフッ、それはそれとして、,"Heh heh, anyway,",,
ID00157,00005ab1,57,　次の学力テストもがんばりなさいよね」,do well on the next academic test too.,,
ID00157,00006193,27,「それじゃあね～」,See ya~,,
ID00157,000067b7,51,「あ！　ぶろ君、すごいじゃない！」,"Ah! Bro-kun, that's amazing!",,
ID00157,00006aa7,12,「え？」,What?,,
ID00157,00006c7c,63,「２回連続、学力テストで成績上位だなんて、,Getting top scores twice in a row is rare.,,
ID00157,00006cca,36,　なかなかできないわよ」,It's not easy to do that.,,
ID00157,00006fab,54,「ははは、本気出せばこんなもんだよ」,"Haha, if I put my mind to it, this is what happens.",,
ID00157,00007184,48,「３連続、学力テストで成績上位に,Getting into top ranks for three tests.,,
ID00157,000071c3,57,　入るなんて、まるで優等生じゃない！」,You’re practically an honor student!,,
ID00157,000074b9,57,「ははは、本気出せばこんなもんだって」,"Haha, when I focus, this is what happens.",,
ID00157,000076e9,54,「フフッ、長かったミツミキャンプも、,"Heh heh, Mitsumi Camp has been long.",,
ID00157,0000772e,42,　あとは光海祭を残すだけね」,Just the Mitsumi Festival left now.,,
ID00157,00007b6c,45,「心置きなく動画に打ち込むよ」,I'll dive into making videos.,,
ID00157,00007d0e,33,「そうね、がんばって」,"Yeah, do your best.",,
ID00157,0000800e,57,「フフッ、カッコいいこと言っちゃって」,"Heh heh, you sure know how to talk.",,
ID00157,00008467,60,「その調子で次の学力テストも、成績上位を,"Keep up the good work for next time's academic test,",,
ID00157,000084b2,54,　目指しなさいよ。あなたは私と違って,"aiming for top scores. Unlike me,",,
ID00157,000084f7,45,　勉強する時間があるんだから」,You've got time to study.,,
ID00157,00008a57,24,「わかってるよ」,I know.,,
ID00157,00008c13,27,「それじゃあね～」,See ya~,,
ID00157,000095d5,48,「あ！　ぶろ君！　おめでとう！」,Hey! Bro-kun! Congrats!,,
ID00157,000098a9,12,「え？」,What?,,
ID00157,00009a2a,63,「４回の学力テスト、全てで成績上位だなんて,You're in the top ranks for all four academic tests?,,
ID00157,00009a78,33,　姉の私も鼻が高いわ」,Even I’m proud of you.,,
ID00157,0000a02c,39,「しかも、スポーツテストも,You're top in all sports tests.,,
ID00157,0000a062,39,　全て成績上位だったから、,"you were top in all of them,",,
ID00157,0000a098,36,　オールパーフェクト！」,You're a well-rounded person!,,
ID00157,0000a4c3,36,「まさに完全無欠な弟ね」,You're a perfect little brother.,,
ID00157,0000a650,51,「いやぁ～、それほどでも。ははっ」,"Nah, not that great. Haha.",,
ID00157,0000a843,21,「自慢の弟よ」,My pride and joy.,,
ID00157,0000a886,51,「いやぁ～、ははっ、それほどでも」,"Nah, not that great. Haha.",,
ID00157,0000aa5d,60,「これで長かったミツミキャンプも終わり。,"Finally, the long Mitsumi Camp is over.",,
ID00157,0000aaa8,42,　あとは光海祭を残すのみね」,All that's left is the Mitsumi Festival.,,
ID00157,0000ad8f,45,「心置きなく動画に打ち込むよ」,I'll dive into making videos.,,
ID00157,0000af5b,42,「ええ。どんな動画になるか、,"Yeah, looking forward to it.",,
ID00157,0000af94,27,　楽しみにしてる」,I can't wait.,,
ID00157,0000b3b3,24,「それじゃあね」,See ya.,,
ID00157,0000b9d4,33,「ぶろ君、学力テスト、,"Bro-kun, you passed.",,
ID00157,0000ba04,45,　不合格だったみたいじゃない」,Seems like you didn't pass.,,
ID00157,0000bcd5,42,「あ、ああ、調子出なくて…」,"Ah, yeah, I wasn't in the mood...",,
ID00157,0000be74,30,「ふうん、そっか…」,"Hmm, I see...",,
ID00157,0000c17d,42,「まぁ、そんな時もあるわよ。,"Well, it happens sometimes.",,
ID00157,0000c1b6,63,　気を落とさずに、光海祭はがんばりなさい」,Don't get down and do your best.,,
ID00157,0000c763,42,「まぁ、そんな時もあるわよ。,"Well, it happens sometimes.",,
ID00157,0000c79c,27,　気を落とさずに、,Don't get down and,,
ID00157,0000c7c6,54,　次の学力テストはがんばりなさいよ」,do your best on the next academic test,,
ID00157,0000cd86,24,「それじゃあね」,See ya.,,
ID00157,0000d3a7,24,「ぶろくぅ～ん」,Brock~un,,
ID00157,0000d3ed,21,「あ、ユイ姉」,"Hey, Yui-nee",,
ID00157,0000d577,57,「２連続、学力テストで不合格だなんて、,Failing two tests in a row?,,
ID00157,0000d5bf,33,　なにやってんのよ？」,What are you doing?,,
ID00157,0000d884,36,「なんか調子出なくて…」,I wasn't in the mood...,,
ID00157,0000da71,48,「調子が出なくて…じゃないわよ。,I'm not just 'not in the mood'...,,
ID00157,0000dab0,60,　ったく、動画ばっかり入れ込んじゃって」,"God, you've been obsessed with those videos all day.",,
ID00157,0000e07c,60,「新学期からはもっとがんばりなさいよ？」,Try harder from the new semester onward?,,
ID00157,0000e278,42,「もう…あんたは私と違って、,"Seriously... Unlike me, you",,
ID00157,0000e2b1,45,　勉強する時間があるんだから、,"You have time to study,",,
ID00157,0000e2ed,57,　次の学力テストはがんばりなさいよね」,so do your best on the next academic test.,,
ID00157,0000e8bd,18,「あ、ああ」,"Ah, yeah.",,
ID00157,0000ea44,24,「それじゃあね」,See ya.,,
ID00157,0000f065,54,「ぶろくぅ～ん、なにやってんのよぉ」,"Buuuuh, what are you doing?",,
ID00157,0000f21d,21,「あ、ユイ姉」,"Hey, Yui-nee",,
ID00157,0000f3a7,42,「あ、ユイ姉、じゃないわよ。,It's not like my sister Yuu.,,
ID00157,0000f3e0,63,　３回連続、学力テストで不合格だなんて…」,Three times in a row failing the academic test...,,
ID00157,0000fae7,42,「野球でも３回空振りすれば、,"If you strike out three times at baseball,",,
ID00157,0000fb20,33,　アウトだってのに…」,You're out after three strikes...,,
ID00157,0000fdfe,15,「はは…」,Heh...,,
ID00157,0000ffd6,45,「動画に入れ込むのはいいけど、,"It's fine to get into videos, but",,
ID00157,00010012,45,　勉強もちゃんとやんなさいよ」,"Study properly, okay?",,
ID00157,000102e3,51,「あ、ああ、新学期からがんばるよ」,"Y-Yeah, I'll try harder from the new semester.",,
ID00157,000104a7,21,「きっとよ！」,I promise!,,
ID00157,0001067c,51,「もっと勉強して、次の学力テストは,Study more and pass the next academic test.,,
ID00157,000106be,27,　合格しなさいよ」,"Pass it, okay?",,
ID00157,00010af3,24,「それじゃあね」,See ya.,,
ID00157,00011114,60,「ぶ～ろ～くぅ～ん、なに考えてんのよぉ」,"Buuu~rooo~kun, what are you thinking about",,
ID00157,000112d2,27,「あっ、ユイ姉！」,"Ah, Yuu-neesan!",,
ID00157,00011462,48,「あれほど言ったのに、４回連続、,"Even though I said that much, four in a row,",,
ID00157,000114a1,48,　学力テストで不合格だなんて…」,...you failed the academic test again?,,
ID00157,000118d8,51,「姉の私まで恥ずかしいじゃない！」,Even I'm embarrassed for you!,,
ID00157,00011a74,18,「ごめん…」,Sorry...,,
ID00157,00011c4f,39,「しかも、スポーツテストも,You're top in all sports tests.,,
ID00157,00011c85,30,　全部不合格だから、,You failed everything...,,
ID00157,00011cb2,39,　オール逆パーフェクト…」,An all reverse perfect...,,
ID00157,000124d3,39,「もっとがんばりなさいよ！,Try harder next time!,,
ID00157,00012509,60,　私の弟なんだから、やれば出来るはずよ」,"Since you're my brother, you can do it.",,
ID00157,00012802,15,「はい…」,Yes...,,
ID00157,00012986,57,「新学期からは心を入れ替えるようにね！,Start the new semester with a fresh attitude!,,
ID00157,000129ce,24,　それじゃあね」,See ya later.,,
ID00158,00001ec8,45,「あ、ぶろ君、スポーツテスト、,"Hey, Bro-kun, the test's soon.",,
ID00158,00001f04,39,　合格したみたいじゃない」,Looks like it.,,
ID00158,00002323,21,「あ、まぁね」,Oh yeah.,,
ID00158,00002501,54,「これで、長かったミツミキャンプも、,The long Mitsumi Camp is over.,,
ID00158,00002546,48,　残すは最後の学力テストのみね」,the final academic test.,,
ID00158,0000297d,45,「それなりにがんばりなさいよ」,"You should do your best, okay?",,
ID00158,000029d8,30,「ああ、そうするよ」,Sure thing.,,
ID00158,00002bb6,39,「健康って大事なんだから、,"Health is important, you know.",,
ID00158,00002bec,63,　次のスポーツテストも、合格するようにね」,Make sure to pass next time too.,,
ID00158,00003145,36,「ああ、そのつもりだよ」,"Yeah, I'll do my best.",,
ID00158,0000330d,24,「それじゃあね」,See ya.,,
ID00158,0000392e,48,「あ！　ぶろ君、やるじゃない！」,"Hey! Bro-kun, you're really doing it!",,
ID00158,00003c02,12,「え？」,What?,,
ID00158,00003d83,30,「スポーツテストよ。,"Sports test, huh?",,
ID00158,00003db0,48,　炎天下なのに成績上位だなんて、,Doing well in this heat...,,
ID00158,00003def,45,　らしくないことしちゃってぇ」,I guess that's just me...,,
ID00158,00004214,54,「ははは、本気出せばこんなもんだよ」,"Haha, if I put my mind to it, this is what happens.",,
ID00158,00004413,57,「来週はいよいよ、最後の学力テストね。,Week after next is the final academic test.,,
ID00158,0000445b,45,　この調子でがんばりなさいよ」,Do your best and keep it up!,,
ID00158,0000489c,30,「ああ、がんばるよ」,"Yeah, I will.",,
ID00158,00004a7a,51,「この調子で、次のスポーツテストも,And pass the next sports test too.,,
ID00158,00004abc,54,　成績上位目指してがんばりなさいよ」,Go for top scores in your grades too.,,
ID00158,00005018,63,「スポーツが出来る人って、モテるんだから」,"People who are good at sports are popular, you know?",,
ID00158,000051c0,36,「はいはい、がんばるよ」,"Sure sure, I'll do my best.",,
ID00158,00005388,27,「それじゃあね～」,See ya~,,
ID00158,000059ac,48,「あ！　ぶろ君、すごいじゃない！,"Hey! Bro-kun, that's amazing!",,
ID00158,000059eb,54,　２連続でスポーツテストの成績上位に,Top ranks twice in a row.,,
ID00158,00005a30,21,　入るなんて」,That’s impressive.,,
ID00158,00005e3d,60,「あ、まぁね。この夏の俺は本気なんだよ」,"Well, yeah. I’m serious this summer.",,
ID00158,0000600a,33,「やるぅ、かっこいい」,"Wow, so cool.",,
ID00158,0000646a,57,「来週はいよいよ、最後の学力テストね。,Week after next is the final academic test.,,
ID00158,000064b2,45,　この調子でがんばりなさいよ」,Do your best and keep it up!,,
ID00158,000068be,30,「ああ、がんばるよ」,"Yeah, I will.",,
ID00158,00006a80,63,「次のスポーツテストで成績上位に入ったら、,"If I get top scores in the next sports test,",,
ID00158,00006ace,27,　パーフェクトよ」,it'll be perfect.,,
ID00158,00006d99,42,「もちろん、目指すわよね？」,"You're gonna aim for that, right?",,
ID00158,00006f2c,36,「ああ、そのつもりだよ」,"Yeah, I'll do my best.",,
ID00158,000070ef,39,「うんうん、がんばってね」,"Yup yup, good luck!",,
ID00158,0000740e,27,「それじゃあね～」,See ya~,,
ID00158,00007a32,27,「あ！　ぶろ君！」,Oh! Mr. Bathing Suit!,,
ID00158,00007cfd,21,「やったわね！,Well done!,,
ID00158,00007d21,57,　３回連続、スポーツテストで成績上位！,You've got top scores three times in a row now!,,
ID00158,00007d69,36,　パーフェクト達成よ！」,That's a perfect score!,,
ID00158,0000819e,27,「まぁね、ははっ」,"Yeah, heh heh.",,
ID00158,0000832e,57,「運動神経、悪くないとは思ってたけど、,"I knew your athletic skills weren't bad,",,
ID00158,00008376,30,　これほどとはねぇ」,but not this good.,,
ID00158,00008660,30,「さすが、私の弟ね」,You’re my little brother.,,
ID00158,000087e7,45,「本気の俺の力を思い知った？」,Did you get a taste of my real power?,,
ID00158,00008970,51,「フフッ、思い知った、思い知った」,"Hehe, I bet you did.",,
ID00158,00008dcd,54,「来週はいよいよ最後の学力テストよ。,Next week's the final academic test.,,
ID00158,00008e12,39,　この勢いでがんばってね」,Keep it up!,,
ID00158,00009231,30,「ああ、がんばるよ」,"Yeah, I will.",,
ID00158,00009858,45,「もう、ぶろ君、どうしたのよ？,"What's up with you, Bro-kun?",,
ID00158,00009894,27,　スポーツテスト、,the sports test's near.,,
ID00158,000098be,45,　不合格だったみたいじゃない」,Seems like you didn't pass.,,
ID00158,00009e1e,54,「あ、ユイ姉、暑くて調子出なくて…」,"Ah, Onee-chan, it's too hot...",,
ID00158,00009fc9,54,「そんなこと言って…情けないわねぇ」,Saying that... You're such a wimp!,,
ID00158,0000a2af,30,「夏は暑いものよ！」,It's always hot in summer!,,
ID00158,0000a2fb,15,「…はい」,Yes...,,
ID00158,0000a4d3,33,「来週の学力テストで、,Next week's academic test will be,,
ID00158,0000a503,39,　いよいよミツミキャンプの,our last Mitsumi Camp day.,,
ID00158,0000a539,33,　実力テストも終わり」,That'll be the end of it.,,
ID00158,0000a826,42,「ちゃんとがんばりなさいよ」,"Do your best, okay?",,
ID00158,0000a87e,30,「ああ、がんばるよ」,"Yeah, I will.",,
ID00158,0000aa5c,39,「次のスポーツテストでは、,"Next time in the sports test,",,
ID00158,0000aa92,30,　がんばりなさいよ」,so do your best!,,
ID00158,0000ac19,12,「ああ」,Yeah.,,
ID00158,0000adc9,24,「それじゃあね」,See ya.,,
ID00158,0000b3ea,45,「はぁ…ぶろ君、どうしたのよ？,"Huh... Bro-kun, what's wrong?",,
ID00158,0000b426,36,　また、スポーツテスト、,Another sports test...,,
ID00158,0000b459,45,　不合格だったみたいじゃない」,Seems like you didn't pass.,,
ID00158,0000b9b9,45,「あ、ああ…どうにも暑くて…」,"Ah, yeah... It's so hot...",,
ID00158,0000bb5b,54,「もう、そんな言い訳ばかり言って…」,"Ugh, you always make excuses like that...",,
ID00158,0000be95,33,「来週の学力テストで、,Next week's academic test will be,,
ID00158,0000bec5,39,　いよいよミツミキャンプの,Final Mitsumi Camp test.,,
ID00158,0000befb,33,　実力テストも終わり」,That'll be the end of it.,,
ID00158,0000c1cc,54,「そっちは、せめてがんばりなさいよ」,You should at least try your best too.,,
ID00158,0000c36b,30,「ああ、がんばるよ」,"Yeah, I will.",,
ID00158,0000c549,51,「運動が出来る人はモテるんだから、,"If you're good at sports, you'll be popular,",,
ID00158,0000c58b,39,　もっとがんばりなさいよ」,You can do better than that.,,
ID00158,0000c71b,18,「あ、ああ」,"Ah, yeah.",,
ID00158,0000c8d1,33,「はぁ…それじゃあね」,Ugh... See ya later.,,
ID00158,0000d036,48,「はぁ……結局、全部不合格かぁ」,Oh... Guess I failed everything again.,,
ID00158,0000d30a,24,「あ！　ユイ姉」,Oh! Yui-nee!,,
ID00158,0000d497,45,「あ！　ユイ姉、じゃないわよ」,Oh! It's not Yui-nee though.,,
ID00158,0000d8c8,42,「３回連続、スポーツテストで,If you fail three times...,,
ID00158,0000d901,30,　不合格だなんて…」,That's just...,,
ID00158,0000dd23,21,「がっかり…」,Disappointing...,,
ID00158,0000dd66,15,「悪い…」,Sorry...,,
ID00158,0000deea,48,「運動神経は悪くないと思うから、,"I think you're not bad at sports,",,
ID00158,0000df29,48,　やる気の問題だと思うのよねぇ」,so it must be a motivation issue.,,
ID00158,0000e0c2,24,「…新学期からは,Starting next sem...,,
ID00158,0000e0e9,42,　心を入れ替えてがんばるよ」,will try my best for real.,,
ID00158,0000e288,30,「本当？　約束よ？」,Really? You promise?,,
ID00158,0000e40f,12,「ああ」,Yeah.,,
ID00158,0000e590,39,「ならいい。許してあげる」,"If so, I'll forgive you.",,
ID00158,0000e85a,54,「来週は、いよいよ最後の学力テスト。,Next week is the final academic test.,,
ID00158,0000e89f,63,　そっちもがんばるようにね。それじゃあね」,Do your best too. See you later.,,
ID00159,0000084e,48,（ん……なんだ、こんな時間に……,"Hmm... What's up, at this hour...",,
ID00159,0000088d,21,　あ、ユイ姉）,"Ah, Yui-nee.",,
ID00159,00000c0f,21,「もしもし？」,Hello?,,
ID00159,00000c52,24,「もう寝てた？」,Were you already asleep?,,
ID00159,00000c98,18,「まぁ…な」,Well... yeah.,,
ID00159,00000cd8,63,「ごめんごめん、ちょっと伝えなきゃならない,"Sorry, sorry, I have something to tell you",,
ID00159,00000d26,24,　ことがあって」,Something important,,
ID00159,0000100b,60,「日曜日…遊べなくなるかもしれないのよ」,I might not be able to hang out on Sunday,,
ID00159,00001075,15,「えっ？」,Huh?,,
ID00159,000010b2,45,「仕事が入るかもしれなくて…。,There's a chance I'll get work...,,
ID00159,000010ee,39,　もうこの夏は入れないって,I can't join this summer...,,
ID00159,00001124,60,　約束してたんだけど、どうしてもって…」,"We made plans, but I really have to...",,
ID00159,0000118e,48,「そっか…仕事なら仕方ないな…」,"Oh... If it's work, there's nothing we can do...",,
ID00159,000011ec,51,「けど、決まったわけじゃないのよ。,But it's not set in stone yet.,,
ID00159,0000122e,42,　もしかしたらって話だから」,It's just a possibility though...,,
ID00159,00001286,42,「だから、行けなくなったら、,"So if I end up not being able to go,",,
ID00159,000012bf,39,　土曜日の夜に電話するね」,I'll call you Saturday night.,,
ID00159,00001314,21,「わかった…」,Got it...,,
ID00159,000015f6,42,「それじゃあね、おやすみ～」,"See ya, goodnight~",,
ID00159,000016ee,51,（仕事…か。もっとユイ姉と話して、,"Work... huh? I should talk more with Yui-nee,",,
ID00159,00001730,60,　好感度を上げておくべきだよな。ちょっと,I should probably raise our relationship a bit.,,
ID00159,0000177b,60,　無理してでも、時間作ってくれるように）,"Even if it's tough, I should make time for her.",,
ID00160,0000081e,48,（ん……なんだ、こんな時間に……,"Hmm... What's up, at this hour...",,
ID00160,0000085d,21,　あ、ユイ姉）,"Ah, Yui-nee.",,
ID00160,00000b9f,18,「もしもし」,Hello.,,
ID00160,00000bdf,42,「あ、ぶろ君、もう寝てた？」,"Hey, Bro-kun, were you already asleep?",,
ID00160,00000c8b,54,「あぁ…寝てたけど、まさか日曜日…」,Oh... I was sleeping.,,
ID00160,00000cef,51,「そうなの、仕事が入っちゃって…」,"Yeah, work came up...",,
ID00160,00000d50,45,「明日、遊べなくなっちゃった」,I won't be able to hang out tomorrow.,,
ID00160,00000dab,18,「そっか…」,"Oh, I see.",,
ID00160,00000e1a,18,「まぁ…な」,Well... yeah.,,
ID00160,00000e5a,39,「ごめんごめん、どうしても,"Sorry sorry, I had no choice but to",,
ID00160,00000e90,51,　伝えなきゃならないことがあって」,I had something I had to tell you.,,
ID00160,00000ef1,48,「明日、遊べなくなっちゃった…」,I won't be able to hang out tomorrow...,,
ID00160,00000f4f,15,「えっ？」,Huh?,,
ID00160,00000f8c,39,「急な仕事が入っちゃって。,An urgent job came up.,,
ID00160,00000fc2,39,　もうこの夏は入れないって,I can't join this summer...,,
ID00160,00000ff8,60,　約束してたんだけど、どうしてもって…」,"We made plans, but I really have to...",,
ID00160,00001062,48,「そっか…仕事なら仕方ないよ…」,"Oh... If it's work, there's nothing we can do...",,
ID00160,000010ef,60,「ゴメンね、いつも私の都合で振り回して」,Sorry for always putting you out because of me.,,
ID00160,00001159,33,「仕事じゃ仕方ないよ。,It can't be helped if it's work.,,
ID00160,00001189,36,　大変なのはユイ姉だし」,Yui-nee's the one who'll struggle.,,
ID00160,000011db,21,「ありがと…」,Thanks...,,
ID00160,00001272,57,「また、ぶろ君の都合のいい時に誘って。,I'll invite you again when it suits you.,,
ID00160,000012ba,36,　一緒に秘密基地で遊ぼ」,Let's play at our hideout together.,,
ID00160,0000133b,57,「また、ぶろ君の都合のいい時に誘って。,I'll invite you again when it suits you.,,
ID00160,00001383,33,　一緒にプールへ行こ」,Let's go to the pool together.,,
ID00160,00001401,42,「待ってるからね。おやすみ」,I'll be waiting. Good night.,,
ID00160,00001459,18,「おやすみ」,Good night,,
ID00160,00001539,54,（まいったな、もっとユイ姉と話して、,"Man, I should've talked to Yu-onee-chan more.",,
ID00160,0000157e,54,　好感度を上げておけば、無理してでも,"If I'd raised our affection levels, she might've.",,
ID00160,000015c3,57,　時間を作ってくれたかもしれないよな）,She might have even found the time for me.,,
ID00160,0000162a,36,（好感度を最大限上げて、,Raise our bond as high as possible.,,
ID00160,0000165d,45,　レコセッションの後、誘おう）,And ask her out after the recital.,,
ID00161,00000d7e,51,（ん……なんだ、こんな時間に……、,"Hmm... What's up, calling me at this hour...",,
ID00161,00000dc0,24,　あ、ユイ姉…）,"Ah, Onee-chan...)",,
ID00161,00001145,21,「もしもし？」,Hello?,,
ID00161,00001188,45,「あ、ぶろ君？　もう寝てた？」,"You, Bro-kun? Were you already sleeping?",,
ID00161,000011e3,45,「寝ようとしてたとこだけど…」,I was just about to go to bed...,,
ID00161,0000123e,51,「そっか、ゴメンね、こんな時間に」,"Oh, sorry for calling at this hour.",,
ID00161,0000129f,30,「どうかしたのか？」,What's up?,,
ID00161,000012eb,42,「ううん、なんにも。ただ…」,"Nope, nothing. Just...",,
ID00161,00001343,60,「ぶろ君と…お話ししたくなっちゃって…」,"I wanted to talk to you, Bro-kun...",,
ID00161,000013ad,15,「え…？」,Eh..?,,
ID00161,000018cb,33,「この夏…ありがとね。,This summer... thanks.,,
ID00161,000018fb,60,　本当に素敵な思い出がいっぱいできた…」,I made so many wonderful memories...,,
ID00161,00001965,30,「俺も楽しかったよ」,I had fun too.,,
ID00161,000019b1,51,「最後、せっかく作った秘密基地を、,And now we lose it.,,
ID00161,000019f3,51,　壊しちゃうなんて、ビックリした」,I was surprised we're gonna destroy it.,,
ID00161,00001a54,60,「思い出は…心の中と動画に残ってるから」,Those memories are safe.,,
ID00161,00001abe,57,「うん、そうね…あれでよかったと思う」,Yeah... I guess that's for the best.,,
ID00161,00001b25,48,「子供だった自分からの卒業…か。,"Graduating from being a kid, huh?",,
ID00161,00001b64,54,　ぶろ君に後押ししてもらった気分よ」,Thanks to Bro-kun for pushing me along.,,
ID00161,00001bc8,36,「行くんだろ？　世界へ」,"You're going, right? To the world.",,
ID00161,00001c1a,51,「うん、もちろん。がんばってくる」,"Yeah, of course. I'll do my best.",,
ID00161,00001c7b,48,「ユイ姉には乙谷町は小さいから、,"Yui-nee thinks Otanagachō is too small,",,
ID00161,00001cba,36,　それでちょうどいいよ」,so it's perfect for you.,,
ID00161,00001d0c,42,「フフッ、そうね。ありがと」,"Hehe, yeah. Thanks.",,
ID00161,00001d64,63,「…夢に向かって…ひたすら走ってきたけど、,"...I've been running towards my dream,",,
ID00161,00001db2,60,　置き去りにしてきたものもいっぱいある」,but there are a lot of things I left behind.,,
ID00161,00001e1c,42,「学校……勉強……友達……。,School... Studying... Friends...,,
ID00161,00001e55,54,　普通の幸せを捨てて、ここまできた」,I've come this far by giving up ordinary happiness.,,
ID00161,00001eb9,45,「けどね……あなたのおかげで、,"But you know... thanks to you,",,
ID00161,00001ef5,48,　取り戻せたことがいっぱいある」,I was able to get back so many things.,,
ID00161,00001f53,39,「本当に…感謝してるのよ」,Really... I'm grateful.,,
ID00161,00001fa8,18,「ユイ姉…」,Onee-san Yui...,,
ID00161,00001fe8,39,「これまで…ずっとずっと…,For everything... all this time...,,
ID00161,0000201e,51,　私を支えてきてくれて、ありがと」,Thanks for supporting me.,,
ID00161,0000207f,57,「あなたがいなかったら…私、潰れてた」,If it weren't for you... I'd be done for.,,
ID00161,000020e6,48,「…そんなことないよ。ユイ姉なら,...That's not true. You'd handle anything.,,
ID00161,00002125,51,　どんなことも乗り切れた。けど…」,but...,,
ID00161,00002186,54,「少しでも助けられたならよかったよ。,Good if you helped.,,
ID00161,000021cb,48,　ユイ姉は、俺の自慢の姉だから」,"You're my pride and joy, Onee-chan.",,
ID00161,00002229,39,「あなたこそ…自慢の弟よ」,"You're my pride and joy, little bro.",,
ID00161,0000227e,39,「どんな男の人より…素敵」,More amazing than any guy out there.,,
ID00161,000022d3,60,「ユイ姉にそう言われると、自信になるよ」,It makes me feel confident when you say that.,,
ID00161,0000233d,39,「動画…楽しみにしてるよ。,Looking forward to the video.,,
ID00161,00002373,60,　きっと…輝かしい未来が待ってると思う」,I'm sure... a bright future is waiting for me.,,
ID00161,0000240c,42,「動画と出会えてよかったね。,Glad we met through it.,,
ID00161,00002445,30,　この夏のあなたは、,"This summer, you were...",,
ID00161,00002472,42,　これまでで一番輝いてたよ」,the brightest ever.,,
ID00161,000024ca,21,「ありがとう」,Thanks.,,
ID00161,0000250d,28,「『Friends』なんて、,"'Friends,' huh?",,
ID00161,00002538,42,　無茶なテーマを持ち出して、,"Bringing up such a crazy theme,",,
ID00161,00002571,27,　私を困らせて…」,You're making this hard...,,
ID00161,000025ba,27,「けど、おかげで、,"But thanks to that,",,
ID00161,000025e4,54,　掛け替えのない親友と仲直りできた」,I was able to make up with my best friend.,,
ID00161,00002648,21,「感謝してる」,Thanks.,,
ID00161,0000268b,18,「ユイ姉…」,Onee-san Yui...,,
ID00161,000026cb,48,「御前とまた…仲良く話せるように,I can talk to Misaki again...,,
ID00161,0000270a,24,　なるなんてね」,"It's amazing, isn't it?",,
ID00161,00002750,54,「それだけで、がんばって学校に通って,Just that keeps me going.,,
ID00161,00002795,30,　よかったって思う」,trying my hardest.,,
ID00161,000027e1,57,「毎年、出席日数ギリギリだったもんな」,I barely made it every year.,,
ID00161,00002848,48,「うん…あきらめなくてよかった」,Yeah... It's good I didn't give up.,,
ID00161,000028a6,60,「勉強も……お昼休みの楽しいランチも……,Studying... And having fun lunches at lunchtime...,,
ID00161,000028f1,63,　放課後のお喋りも……すべて置き去りにして,Left everything behind...,,
ID00161,0000293f,39,　夢に向かって走ってきた」,Ran towards my dream,,
ID00161,00002994,60,「もう取り戻せないってあきらめてたけど、,"Had given up on getting back,",,
ID00161,000029df,54,　あなたのおかげで、一番大切なものと,I can have what's most important to me again,,
ID00161,00002a24,36,　やり直すことが出来る」,I can start over.,,
ID00161,00002a76,54,「素敵よ、ぶろ君。どんな男の人より」,"Awesome, bro. More than any guy ever could be.",,
ID00161,00002ada,60,「ユイ姉にそう言われると、自信になるよ」,It makes me feel confident when you say that.,,
ID00161,00002b44,39,「これまで…ずっとずっと…,For everything... all this time...,,
ID00161,00002b7a,54,　私を支えてきてくれて、ありがとね」,You've been supporting me this whole time... Thanks.,,
ID00161,00002bde,57,「あなたがいなかったら…私、潰れてた」,If it weren't for you... I'd be done for.,,
ID00161,00002c45,48,「…そんなことないよ。ユイ姉なら,...That's not true. You'd handle anything.,,
ID00161,00002c84,51,　どんなことも乗り切れた。けど…」,but...,,
ID00161,00002ce5,54,「少しでも助けられたならよかったよ。,"If you helped me, that's great.",,
ID00161,00002d2a,48,　ユイ姉は、俺の自慢の姉だから」,"You're my pride and joy, Onee-chan.",,
ID00161,00002d88,39,「あなたこそ…自慢の弟よ」,"You're my pride and joy, little bro.",,
ID00161,00002ddd,39,「動画…楽しみにしてるね。,I'm looking forward to your video.,,
ID00161,00002e13,60,　きっと…輝かしい未来が待ってると思う」,I'm sure... a bright future is waiting for me.,,
ID00161,00002eac,54,「なんたって、私がモデルなんだから」,"I mean, I'm the model here.",,
ID00161,00002f10,36,「ああ、シロウトの俺が、,"Yeah, as a newbie,",,
ID00161,00002f43,57,　トッププロをモデルに出来たんだから、,"being able to use a top pro as my model,",,
ID00161,00002f8b,18,　役得だよ」,is a real bonus.,,
ID00161,00002fcb,45,「卒業しても……ずっとずっと…,Even after graduation... always...,,
ID00161,00003007,30,　応援してるからね」,I'll be cheering for you!,,
ID00161,00003053,30,「俺も応援してるよ。,I'll be cheering for you too.,,
ID00161,00003080,42,　ユイ姉なら絶対うまくいく」,"You're sure to do great, Yui-ne.",,
ID00161,000030d8,60,「うん…お互い高めあっていけるといいね」,Yeah... let's keep each other motivated.,,
ID00161,00003142,12,「ああ」,Yeah.,,
ID00161,0000317c,39,「夢を…夢で終わらせない。,Don't let your dreams fade.,,
ID00161,000031b2,33,　ぶろ君なら出来るよ」,"You can do it, Bro-kun.",,
ID00161,000034a0,18,「おやすみ」,Good night,,
ID00161,000034e0,18,「おやすみ」,Good night,,
ID00162,0000084e,48,（ん……なんだ、こんな時間に……,"Hmm... What's up, at this hour...",,
ID00162,0000088d,21,　あ、ユイ姉）,"Ah, Yui-nee.",,
ID00162,00000c0f,21,「もしもし？」,Hello?,,
ID00162,00000c52,24,「もう寝てた？」,Were you already asleep?,,
ID00162,00000c98,18,「まぁ…な」,Well... yeah.,,
ID00162,00000cd8,63,「ごめんごめん、ちょっと伝えなきゃならない,"Sorry, sorry, I have something to tell you",,
ID00162,00000d26,24,　ことがあって」,Something important,,
ID00162,0000100b,60,「日曜日…遊べなくなるかもしれないのよ」,I might not be able to hang out on Sunday,,
ID00162,00001075,15,「えっ？」,Huh?,,
ID00162,000010b2,45,「仕事が入るかもしれなくて…。,There's a chance I'll get work...,,
ID00162,000010ee,39,　もうこの夏は入れないって,I can't join this summer...,,
ID00162,00001124,60,　約束してたんだけど、どうしてもって…」,"We made plans, but I really have to...",,
ID00162,0000118e,48,「そっか…仕事なら仕方ないな…」,"Oh... If it's work, there's nothing we can do...",,
ID00162,000011ec,51,「けど、決まったわけじゃないのよ。,But it's not set in stone yet.,,
ID00162,0000122e,42,　もしかしたらって話だから」,It's just a possibility though...,,
ID00162,00001286,42,「だから、行けなくなったら、,"So if I end up not being able to go,",,
ID00162,000012bf,39,　土曜日の夜に電話するね」,I'll call you Saturday night.,,
ID00162,00001314,21,「わかった…」,Got it...,,
ID00162,000015f6,42,「それじゃあね、おやすみ～」,"See ya, goodnight~",,
ID00162,000016ee,51,（仕事…か。もっとユイ姉と話して、,"Work... huh? I should talk more with Yui-nee,",,
ID00162,00001730,60,　好感度を上げておくべきだよな。ちょっと,I should probably raise our relationship a bit.,,
ID00162,0000177b,60,　無理してでも、時間作ってくれるように）,"Even if it's tough, I should make time for her.",,
ID00163,0000081e,48,（ん……なんだ、こんな時間に……,"Hmm... What's up, at this hour...",,
ID00163,0000085d,21,　あ、ユイ姉）,"Ah, Yui-nee.",,
ID00163,00000b9f,18,「もしもし」,Hello.,,
ID00163,00000bdf,42,「あ、ぶろ君、もう寝てた？」,"Hey, Bro-kun, were you already asleep?",,
ID00163,00000c8b,54,「あぁ…寝てたけど、まさか日曜日…」,Oh...I was sleeping.,,
ID00163,00000cef,51,「そうなの、仕事が入っちゃって…」,"Yeah, work came up...",,
ID00163,00000d50,45,「明日、遊べなくなっちゃった」,I won't be able to hang out tomorrow.,,
ID00163,00000dab,18,「そっか…」,"Oh, I see.",,
ID00163,00000e1a,18,「まぁ…な」,Well... yeah.,,
ID00163,00000e5a,39,「ごめんごめん、どうしても,"Sorry sorry, I had no choice but to",,
ID00163,00000e90,51,　伝えなきゃならないことがあって」,I had something I had to tell you.,,
ID00163,00000ef1,48,「明日、遊べなくなっちゃった…」,I won't be able to hang out tomorrow...,,
ID00163,00000f4f,15,「えっ？」,Huh?,,
ID00163,00000f8c,39,「急な仕事が入っちゃって。,An urgent job came up.,,
ID00163,00000fc2,39,　もうこの夏は入れないって,I can't join this summer...,,
ID00163,00000ff8,60,　約束してたんだけど、どうしてもって…」,"We made plans, but I really have to...",,
ID00163,00001062,48,「そっか…仕事なら仕方ないよ…」,"Oh... If it's work, there's nothing we can do...",,
ID00163,000010ef,60,「ゴメンね、いつも私の都合で振り回して」,Sorry for always putting you out because of me.,,
ID00163,00001159,33,「仕事じゃ仕方ないよ。,It can't be helped if it's work.,,
ID00163,00001189,36,　大変なのはユイ姉だし」,Yui-nee's the one who'll struggle.,,
ID00163,000011db,21,「ありがと…」,Thanks...,,
ID00163,00001272,57,「また、ぶろ君の都合のいい時に誘って。,Invite you again when it suits you.,,
ID00163,000012ba,36,　一緒に秘密基地で遊ぼ」,Let's play at our hideout together.,,
ID00163,0000133b,57,「また、ぶろ君の都合のいい時に誘って。,Invite you again when it suits you.,,
ID00163,00001383,33,　一緒にプールへ行こ」,Let's go to the pool together.,,
ID00163,00001401,42,「待ってるからね。おやすみ」,I'll be waiting. Good night.,,
ID00163,00001459,18,「おやすみ」,Good night,,
ID00163,00001539,54,（まいったな、もっとユイ姉と話して、,"Man, I should've talked to Yu-onee-chan more.",,
ID00163,0000157e,54,　好感度を上げておけば、無理してでも,"If I'd raised our affection levels, she might've.",,
ID00163,000015c3,57,　時間を作ってくれたかもしれないよな）,She might have even found the time for me.,,
ID00163,0000162a,36,（好感度を最大限上げて、,Raise our bond as high as possible.,,
ID00163,0000165d,45,　レコセッションの後、誘おう）,And ask her out after the recital.,,
ID00164,00000d7e,51,（ん……なんだ、こんな時間に……、,"Hmm... What's up, calling me at this hour...",,
ID00164,00000dc0,24,　あ、ユイ姉…）,"Ah, Onee-chan...)",,
ID00164,00001145,21,「もしもし？」,Hello?,,
ID00164,00001188,45,「あ、ぶろ君？　もう寝てた？」,"You, Bro-kun? Were you already sleeping?",,
ID00164,000011e3,45,「寝ようとしてたとこだけど…」,I was just about to go to bed...,,
ID00164,0000123e,51,「そっか、ゴメンね、こんな時間に」,"Oh, sorry for calling at this hour.",,
ID00164,0000129f,30,「どうかしたのか？」,What's up?,,
ID00164,000012eb,42,「ううん、なんにも。ただ…」,"Nope, nothing. Just...",,
ID00164,00001343,60,「ぶろ君と…お話ししたくなっちゃって…」,"I wanted to talk to you, Bro-kun...",,
ID00164,000013ad,15,「え…？」,Eh..?,,
ID00164,000018cb,33,「この夏…ありがとね。,This summer... thanks.,,
ID00164,000018fb,60,　本当に素敵な思い出がいっぱいできた…」,I made so many wonderful memories...,,
ID00164,00001965,30,「俺も楽しかったよ」,I had fun too.,,
ID00164,000019b1,51,「最後、せっかく作った秘密基地を、,We'll lose it.,,
ID00164,000019f3,51,　壊しちゃうなんて、ビックリした」,I was surprised we're gonna destroy it.,,
ID00164,00001a54,60,「思い出は…心の中と動画に残ってるから」,Those memories remain.,,
ID00164,00001abe,57,「うん、そうね…あれでよかったと思う」,Yeah... I guess that's for the best.,,
ID00164,00001b25,48,「子供だった自分からの卒業…か。,"Graduating from being a kid, huh?",,
ID00164,00001b64,54,　ぶろ君に後押ししてもらった気分よ」,Thanks to Bro-kun for pushing me along.,,
ID00164,00001bc8,36,「行くんだろ？　世界へ」,"You're going, right? To the world.",,
ID00164,00001c1a,51,「うん、もちろん。がんばってくる」,"Yeah, of course. I'll do my best.",,
ID00164,00001c7b,48,「ユイ姉には乙谷町は小さいから、,"Yui-nee thinks Otanagachō is too small,",,
ID00164,00001cba,36,　それでちょうどいいよ」,so it's perfect for you.,,
ID00164,00001d0c,42,「フフッ、そうね。ありがと」,"Hehe, yeah. Thanks.",,
ID00164,00001d64,63,「…夢に向かって…ひたすら走ってきたけど、,"...I've been running towards my dream,",,
ID00164,00001db2,60,　置き去りにしてきたものもいっぱいある」,but there are a lot of things I left behind.,,
ID00164,00001e1c,42,「学校……勉強……友達……。,School... Studying... Friends...,,
ID00164,00001e55,54,　普通の幸せを捨てて、ここまできた」,I've come this far by giving up ordinary happiness.,,
ID00164,00001eb9,45,「けどね……あなたのおかげで、,"But you know... thanks to you,",,
ID00164,00001ef5,48,　取り戻せたことがいっぱいある」,I was able to get back so many things.,,
ID00164,00001f53,39,「本当に…感謝してるのよ」,Really... I'm grateful.,,
ID00164,00001fa8,18,「ユイ姉…」,Onee-san Yui...,,
ID00164,00001fe8,39,「これまで…ずっとずっと…,For everything... all this time...,,
ID00164,0000201e,51,　私を支えてきてくれて、ありがと」,Thanks for supporting me.,,
ID00164,0000207f,57,「あなたがいなかったら…私、潰れてた」,If it weren't for you... I'd be done for.,,
ID00164,000020e6,48,「…そんなことないよ。ユイ姉なら,...That's not true. You'd handle anything.,,
ID00164,00002125,51,　どんなことも乗り切れた。けど…」,but...,,
ID00164,00002186,54,「少しでも助けられたならよかったよ。,That's good.,,
ID00164,000021cb,48,　ユイ姉は、俺の自慢の姉だから」,"You're my pride and joy, Onee-chan.",,
ID00164,00002229,39,「あなたこそ…自慢の弟よ」,"You're my pride and joy, little bro.",,
ID00164,0000227e,39,「どんな男の人より…素敵」,More amazing than any guy out there.,,
ID00164,000022d3,60,「ユイ姉にそう言われると、自信になるよ」,It makes me feel confident when you say that.,,
ID00164,0000233d,39,「動画…楽しみにしてるよ。,Looking forward to the video.,,
ID00164,00002373,60,　きっと…輝かしい未来が待ってると思う」,I'm sure... a bright future is waiting for me.,,
ID00164,0000240c,42,「動画と出会えてよかったね。,Glad we connected.,,
ID00164,00002445,30,　この夏のあなたは、,"This summer, you were...",,
ID00164,00002472,42,　これまでで一番輝いてたよ」,the brightest ever.,,
ID00164,000024ca,21,「ありがとう」,Thanks.,,
ID00164,0000250d,28,「『Friends』なんて、,"'Friends,' huh?",,
ID00164,00002538,42,　無茶なテーマを持ち出して、,"Bringing up such a crazy theme,",,
ID00164,00002571,27,　私を困らせて…」,Putting me on the spot...,,
ID00164,000025ba,27,「けど、おかげで、,"But thanks to that,",,
ID00164,000025e4,54,　掛け替えのない親友と仲直りできた」,I was able to make up with my best friend.,,
ID00164,00002648,21,「感謝してる」,Thanks.,,
ID00164,0000268b,18,「ユイ姉…」,Onee-san Yui...,,
ID00164,000026cb,48,「御前とまた…仲良く話せるように,I can talk to Misaki again...,,
ID00164,0000270a,24,　なるなんてね」,"It's amazing, isn't it?",,
ID00164,00002750,54,「それだけで、がんばって学校に通って,Just that pushes me to go.,,
ID00164,00002795,30,　よかったって思う」,trying my hardest.,,
ID00164,000027e1,57,「毎年、出席日数ギリギリだったもんな」,I barely made it every year.,,
ID00164,00002848,48,「うん…あきらめなくてよかった」,Yeah... It's good I didn't give up.,,
ID00164,000028a6,60,「勉強も……お昼休みの楽しいランチも……,Studying... And having fun lunches at lunchtime...,,
ID00164,000028f1,63,　放課後のお喋りも……すべて置き去りにして,Left everything behind...,,
ID00164,0000293f,39,　夢に向かって走ってきた」,Ran towards my dream,,
ID00164,00002994,60,「もう取り戻せないってあきらめてたけど、,"Had given up on getting back,",,
ID00164,000029df,54,　あなたのおかげで、一番大切なものと,I can have what's most important to me again,,
ID00164,00002a24,36,　やり直すことが出来る」,I can start over.,,
ID00164,00002a76,54,「素敵よ、ぶろ君。どんな男の人より」,"Awesome, bro. More than any guy ever could be.",,
ID00164,00002ada,60,「ユイ姉にそう言われると、自信になるよ」,It makes me feel confident when you say that.,,
ID00164,00002b44,39,「これまで…ずっとずっと…,For everything... all this time...,,
ID00164,00002b7a,54,　私を支えてきてくれて、ありがとね」,You've been supporting me this whole time... Thanks.,,
ID00164,00002bde,57,「あなたがいなかったら…私、潰れてた」,If it weren't for you... I'd be done for.,,
ID00164,00002c45,48,「…そんなことないよ。ユイ姉なら,...That's not true. You'd handle anything.,,
ID00164,00002c84,51,　どんなことも乗り切れた。けど…」,but...,,
ID00164,00002ce5,54,「少しでも助けられたならよかったよ。,Glad I could help a bit.,,
ID00164,00002d2a,48,　ユイ姉は、俺の自慢の姉だから」,"You're my pride and joy, Onee-chan.",,
ID00164,00002d88,39,「あなたこそ…自慢の弟よ」,"You're my pride and joy, little bro.",,
ID00164,00002ddd,39,「動画…楽しみにしてるね。,I'm looking forward to your video.,,
ID00164,00002e13,60,　きっと…輝かしい未来が待ってると思う」,I'm sure... a bright future is waiting for me.,,
ID00164,00002eac,54,「なんたって、私がモデルなんだから」,"I mean, I'm the model here.",,
ID00164,00002f10,36,「ああ、シロウトの俺が、,"Yeah, as a newbie,",,
ID00164,00002f43,57,　トッププロをモデルに出来たんだから、,"being able to use a top pro as my model,",,
ID00164,00002f8b,18,　役得だよ」,is a real bonus.,,
ID00164,00002fcb,45,「卒業しても……ずっとずっと…,Even after graduation... always...,,
ID00164,00003007,30,　応援してるからね」,I'll be cheering for you!,,
ID00164,00003053,30,「俺も応援してるよ。,I'll be cheering for you too.,,
ID00164,00003080,42,　ユイ姉なら絶対うまくいく」,"You're sure to do great, Yui-ne.",,
ID00164,000030d8,60,「うん…お互い高めあっていけるといいね」,Yeah... let's keep each other motivated.,,
ID00164,00003142,12,「ああ」,Yeah.,,
ID00164,0000317c,39,「夢を…夢で終わらせない。,Don’t let your dreams fade.,,
ID00164,000031b2,33,　ぶろ君なら出来るよ」,"You can do it, Bro-kun.",,
ID00164,000034a0,18,「おやすみ」,Good night,,
ID00164,000034e0,18,「おやすみ」,Good night,,
ID00165,00003119,51,（ん？　あそこにいるのは、ユイ姉）,(Hm? That's Yui-nee over there.),,
ID00165,0000317b,16, 声をかける, Talk to her,,
ID00165,000031a6,19, 声をかけない, Don't talk,,
ID00165,000031d4,19, 動画を見せる, Show the video,,
ID00165,00003229,39,「ユイ姉、ちょっといい？」,"Yui-nee, can I talk to you for a sec?",,
ID00165,0000363b,48,「あ、ぶろ君。なんだか久しぶりに,"Oh, Bro-kun. It's been ages.",,
ID00165,0000367a,21,　会うわねぇ」,It's been a while.,,
ID00165,0000394c,24,「そ、そうか？」,R-Really?,,
ID00165,00003ad9,54,「ま、宿舎暮らしだから、仕方ないか。,"Well, it's unavoidable.",,
ID00165,00003b1e,27,　で、なにか用？」,"So, what do you want?",,
ID00165,00004106,33,「あ、ぶろ君。なに？」,"Oh, Bro-kun. What is it?",,
ID00165,000042ab,39,「暇ならなんか話さない？」,Want to chat?,,
ID00165,0000449b,27,「ん～、いいわよ。,"Hmm~ Sure, I guess.",,
ID00165,000044c5,45,　ちょうどすることなかったし」,I didn't have anything planned anyway.,,
ID00165,00004924,33,「話？　あ～、ダメよ。,"Chat? Oh no, not now.",,
ID00165,00004954,45,　これからすることがあるから」,I've got stuff to do later.,,
ID00165,00004ed9,27,「それじゃあね～」,See ya~,,
ID00165,00004f4e,57,（ユイ姉と話すのは、また今度でいいな）,I guess I can talk to Yui-nee another time.,,
ID00165,00005017,39,「ユイ姉、ちょっといい？」,"Yui-nee, can I talk to you for a sec?",,
ID00165,000053d5,33,「あ、ぶろ君。なに？」,"Oh, Bro-kun. What is it?",,
ID00165,0000569a,57,「俺の動画、ちょっと見てくれないか？」,"Hey, wanna watch my video?",,
ID00165,00005848,60,「あ…いいわよ。私の批評は手厳しいから、,"Ah... sure. My critiques are pretty harsh though,",,
ID00165,00005893,24,　覚悟なさいよ」,so be prepared.,,
ID00165,00005cd3,48,（あ…あそこにいるのは、ユイ姉）,(Ah... that's Yui-nee over there.),,
ID00165,00005d32,16, 声をかける, Talk to her,,
ID00165,00005d5d,19, 声をかけない, Don't talk,,
ID00165,00005d8b,19, 動画を見せる, Show the video,,
ID00165,00005de0,39,「ユイ姉、ちょっといい？」,"Yui-nee, can I talk to you for a sec?",,
ID00165,000061f2,48,「あ、ぶろ君。なんだか久しぶりに,"Oh, Bro-kun. It's been ages.",,
ID00165,00006231,21,　会うわねぇ」,It's been a while.,,
ID00165,00006503,24,「そ、そうか？」,R-Really?,,
ID00165,00006690,54,「ま、宿舎暮らしだから、仕方ないか。,"Well, it's unavoidable.",,
ID00165,000066d5,27,　で、なにか用？」,"So, what do you want?",,
ID00165,00006cbd,33,「あ、ぶろ君。なに？」,"Oh, Bro-kun. What is it?",,
ID00165,00006e62,30,「暇なら話さない？」,You free to chat?,,
ID00165,00007030,36,「今？　ん～、いいわよ。,"Now? Hmm, sure.",,
ID00165,00007063,27,　まだ時間あるし」,We've still got time.,,
ID00165,00007620,48,「今？　無理に決まってるでしょ？,"Now? It's impossible, isn't it?",,
ID00165,0000765f,36,　もう着替えるんだから」,Since I'm already changing clothes.,,
ID00165,00007940,21,「そ、そっか」,R-Really?,,
ID00165,00007aca,24,「それじゃあね」,See ya.,,
ID00165,00007b3c,57,（ユイ姉と話すのは、また今度でいいか）,(Maybe I can talk to Yuichan another time.),,
ID00165,00007c05,39,「ユイ姉、ちょっといい？」,"Yui-nee, can I talk to you for a sec?",,
ID00165,00007fc3,42,「あ、ぶろ君。どうかした？」,"Oh, Bro-kun. What's up?",,
ID00165,00008291,63,「俺の動画、ちょっと見てくれないかなって」,Could you check out my vid?,,
ID00165,00008445,60,「あ…いいわよ。私の批評は手厳しいから、,"Ah... sure. My critiques are pretty harsh though,",,
ID00165,00008490,21,　覚悟なさい」,Get ready!,,
ID00166,00003179,48,（おっ、あそこにいるのはユイ姉）,"(Oh, there's Yu-oneechan over there.)",,
ID00166,000031d8,16, 声をかける, Talk to her,,
ID00166,00003203,19, 声をかけない, Don't talk,,
ID00166,00003231,19, 動画を見せる, Show the video,,
ID00166,00003286,39,「ユイ姉、ちょっといい？」,"Yui-nee, can I talk to you for a sec?",,
ID00166,00003698,54,「あ、ぶろ君。なんだか久しぶりねぇ」,"Ah, Bro-kun. It feels like forever.",,
ID00166,0000398b,24,「そ、そうか？」,R-Really?,,
ID00166,00003b18,60,「そうよ。姉を放っとくなんて、弟失格よ」,That's right! So uncool of you.,,
ID00166,00003e11,24,「そうかなぁ…」,"Hmm, really...?",,
ID00166,00003f9e,45,「そうなの！　で、なんの用？」,Right! So what do you want?,,
ID00166,0000445d,60,「あ、ぶろ君。どうしたの？　なにか用？」,"Ah, Bro-kun. What's up? You need something?",,
ID00166,000048ac,51,「暇ならちょっと話さないかなって」,"If you're free, I thought we could chat for a bit.",,
ID00166,00004aa8,60,「話？　ええ、いいわよ。楽しませてよね」,"Chat? Sure, go ahead and entertain me.",,
ID00166,00004f3c,45,「あ～、タイミング悪いわねぇ。,"Ah, you're not in the mood, huh.",,
ID00166,00004f78,39,　これから用事があるのよ」,I have something to do now.,,
ID00166,000053a3,27,「それじゃあね～」,See ya~,,
ID00166,00005418,57,（ユイ姉と話すのは、また今度でいいか）,(Maybe I can talk to Yuichan another time.),,
ID00166,000054e1,39,「ユイ姉、ちょっといい？」,"Yui-nee, can I talk to you for a sec?",,
ID00166,0000589f,42,「あ、ぶろ君。どうかした？」,"Oh, Bro-kun. What's up?",,
ID00166,00005a58,48,「俺の動画、ちょっと見てくれよ」,Check out my video for a sec.,,
ID00166,00005bfd,30,「ふうん…いいわよ。,"Hmm... sure, why not.",,
ID00166,00005c2a,39,　センスを確かめてあげる」,I'll give your sense a rating.,,
ID00166,00005e29,51,（おっ、あそこにいるのはユイ姉…）,"(Oh, there's Yui-nee over there...)",,
ID00166,00005e8b,16, 声をかける, Talk to her,,
ID00166,00005eb6,19, 声をかけない, Don't talk,,
ID00166,00005ee4,19, 動画を見せる, Show the video,,
ID00166,00005f39,39,「ユイ姉、ちょっといい？」,"Yui-nee, can I talk to you for a sec?",,
ID00166,0000634b,54,「あ、ぶろ君。なんだか久しぶりねぇ」,"Ah, Bro-kun. It feels like forever.",,
ID00166,0000663e,24,「そ、そうか？」,R-Really?,,
ID00166,000067cb,60,「そうよ。姉を放っとくなんて、弟失格よ」,That's right! So uncool of you.,,
ID00166,00006ac4,15,「はは…」,Heh...,,
ID00166,00006c48,45,「そうなの！　で、なんの用？」,Right! So what do you want?,,
ID00166,00007107,60,「あ、ぶろ君。どうしたの？　なにか用？」,"Ah, Bro-kun. What's up? You need something?",,
ID00166,00007710,42,「暇ならちょっと話さない？」,"If you've got time, wanna chat?",,
ID00166,00007903,60,「今？　ん～、いいわよ。楽しませてよね」,"Now? Hmm, okay. Go ahead and entertain me.",,
ID00166,00007ee3,24,「今？　無理よ。,Now? No way.,,
ID00166,00007f0a,54,　もう着替えなきゃならないんだから」,Since I have to change clothes already.,,
ID00166,000081fd,21,「そ、そっか」,R-Really?,,
ID00166,00008387,24,「それじゃあね」,See ya.,,
ID00166,000083f9,57,（ユイ姉と話すのは、また今度でいいか）,(Maybe I can talk to Yuichan another time.),,
ID00166,000084c2,39,「ユイ姉、ちょっといい？」,"Yui-nee, can I talk to you for a sec?",,
ID00166,00008880,42,「あ、ぶろ君。どうかした？」,"Oh, Bro-kun. What's up?",,
ID00166,00008a39,48,「俺の動画、ちょっと見てくれよ」,Check out my video for a sec.,,
ID00166,00008bde,30,「ふうん…いいわよ。,"Hmm... sure, why not.",,
ID00166,00008c0b,39,　センスを確かめてあげる」,I'll give your sense a rating.,,
ID00167,00003199,51,（おっ、あそこにいるのはユイ姉…）,"(Oh, there's Yui-nee over there...)",,
ID00167,000031fb,16, 声をかける, Talk to her,,
ID00167,00003226,19, 声をかけない, Don't talk,,
ID00167,00003254,19, 動画を見せる, Show the video,,
ID00167,000032a9,39,「ユイ姉、ちょっといい？」,"Yui-nee, can I talk to you for a sec?",,
ID00167,000036bb,24,「あ！　ぶろ君！,Hey! Bro-kun!,,
ID00167,000036e2,63,　もう…このところ、会ってないんだからね」,"We haven't seen each other in a while, you know?",,
ID00167,00003b19,24,「そ、そうか？」,R-Really?,,
ID00167,00003c8d,45,「学校で過ごす最後の夏なのよ？,Our last summer here.,,
ID00167,00003cc9,33,　放っておかないでよ」,Don't leave me alone.,,
ID00167,00003e6c,18,「…ごめん」,...Sorry,,
ID00167,00003ff3,27,「で、なんの用？」,"So, what's up?",,
ID00167,0000434c,36,「あ、ぶろ君。なぁに？」,"Oh, Bro-kun. What is it?",,
ID00167,0000462f,42,「時間あるなら、話さない？」,"If you've got time, wanna chat?",,
ID00167,00004822,33,「もちろん、いいわよ。,"Sure, I'd love to.",,
ID00167,00004852,39,　どんな話してくれるの？」,What story will you tell?,,
ID00167,00004cab,51,「あ…それが、これから、どうしても,Ah... that's why I have to...,,
ID00167,00004ced,54,　やらなきゃならないことがあって…」,I gotta do soon...,,
ID00167,00004fe0,18,「そっか…」,"Oh, I see.",,
ID00167,00005167,42,「ゴメンねぇ、それじゃあね」,"Sorry, see ya",,
ID00167,0000533f,60,（ユイ姉と話すのは、また今度でいいか…）,Maybe I can talk to Yui-nee next time...,,
ID00167,0000540b,39,「ユイ姉、ちょっといい？」,"Yui-nee, can I talk to you for a sec?",,
ID00167,000057c9,42,「あ、ぶろ君。どうしたの？」,"Oh, Bro-kun. What's up?",,
ID00167,00005a97,54,「俺の動画、ちょっと見てみないか？」,Wanna check out my video?,,
ID00167,00005c42,42,「あ、いいわね。見てあげる」,"Ah, sure. I'll watch 'em.",,
ID00167,00005f59,51,（おっ、あそこにいるのはユイ姉…）,"(Oh, there's Yui-nee over there...)",,
ID00167,00005fbb,16, 声をかける, Talk to her,,
ID00167,00005fe6,19, 声をかけない, Don't talk,,
ID00167,00006014,19, 動画を見せる, Show the video,,
ID00167,00006069,39,「ユイ姉、ちょっといい？」,"Yui-nee, can I talk to you for a sec?",,
ID00167,0000647b,24,「あ！　ぶろ君！,Hey! Bro-kun!,,
ID00167,000064a2,63,　もう…このところ、会ってないんだからね」,"We haven't seen each other in a while, you know?",,
ID00167,000068d9,24,「そ、そうか？」,R-Really?,,
ID00167,00006a4d,45,「学校で過ごす最後の夏なのよ？,Our last summer here.,,
ID00167,00006a89,33,　放っておかないでよ」,Don't leave me alone.,,
ID00167,00006c2c,18,「…ごめん」,...Sorry,,
ID00167,00006db3,27,「で、なんの用？」,"So, what's up?",,
ID00167,0000710c,36,「あ、ぶろ君。なぁに？」,"Oh, Bro-kun. What is it?",,
ID00167,000073ef,42,「時間あるなら、話さない？」,"If you've got time, wanna chat?",,
ID00167,000075e2,27,「今？　いいわよ。,Now? Sure thing.,,
ID00167,0000760c,39,　どんな話してくれるの？」,What story will you tell?,,
ID00167,00007a65,27,「あ…今はダメよ。,Now... I can't right now.,,
ID00167,00007a8f,48,　もう着替えなきゃならないから」,I have to change clothes soon.,,
ID00167,00007d7c,21,「そ、そっか」,R-Really?,,
ID00167,00007f06,36,「タイミング悪いわねぇ」,What a bad time.,,
ID00167,0000809f,24,「それじゃあね」,See ya.,,
ID00167,00008111,60,（ユイ姉と話すのは、また今度でいいか…）,Maybe I can talk to Yui-nee next time...,,
ID00167,000081a2,39,「ユイ姉、ちょっといい？」,"Yui-nee, can I talk to you for a sec?",,
ID00167,00008560,42,「あ、ぶろ君。どうしたの？」,"Oh, Bro-kun. What's up?",,
ID00167,0000882e,54,「俺の動画、ちょっと見てみないか？」,Wanna check out my video?,,
ID00167,000089d9,42,「あ、いいわね。見てあげる」,"Ah, sure. I'll watch 'em.",,
ID00168,00003225,21,「あ、ぶろ君」,"Ah, bro-kun.",,
ID00168,000033a3,15,「ユイ姉」,Yui-nee,,
ID00168,0000357b,36,「なんだか久しぶりねぇ」,"It's been a while, hasn't it?",,
ID00168,000035cd,24,「…そうかもな」,"Yeah, maybe.",,
ID00168,0000375a,54,「ま、宿舎暮らしだから、仕方ないか」,"Well, can't help it.",,
ID00168,00003a76,54,「暇なんでしょ？　なにか話さない？」,Got time to chat?,,
ID00168,00003c2f,16, いいけど？," Sure, why?",,
ID00168,00003c5a,28, 今はダメなんだって, Not right now,,
ID00168,00003c91,19, 動画を見せる, Show the video,,
ID00168,00003cd0,21,「いいけど？」,"Sure, but...?",,
ID00168,00003e76,45,「じゃ、楽しい話、よろしくね」,"Okay then, let's have a fun conversation.",,
ID00168,0000415a,33,「今はダメなんだって」,I can't right now though,,
ID00168,000042f0,57,「そうなの？　姉の誘いを断るなんて…」,Really? Turning down your sister's invitation...,,
ID00168,000045f2,24,「それじゃあね」,See ya.,,
ID00168,00004649,24,「話もいいけど、,"Besides,",,
ID00168,00004670,45,　俺の動画を見てくれないか？」,can't you watch my video?,,
ID00168,0000482e,48,「あ、いいわね。批評してあげる」,"Oh, sure. I'll give you a critique.",,
ID00169,000032d9,33,「あ、ぶろ君じゃない」,"Oh, it's not Bro-kun.",,
ID00169,00003463,15,「ユイ姉」,Yui-nee,,
ID00169,000035e7,63,「ったく、このところ、顔見せないんだから」,"Man, you haven't shown your face around here lately.",,
ID00169,0000378f,36,「そ、そうだったかな…」,S-so that was the case...,,
ID00169,00003928,18,「そうよぉ」,"Yeah, it is.",,
ID00169,00003acb,57,「暇なんでしょお？　なにか話してよぉ」,"You're bored, right? Talk to me.",,
ID00169,00003dcf,60,「あ、ぶろ君じゃなぁい。いいところにぃ」,"Oh, it's not Bro-kun. Just my luck.",,
ID00169,000040de,15,「ユイ姉」,Yui-nee,,
ID00169,0000427e,48,「暇なのよぉ、なにか話してよぉ」,"I'm bored, talk to me.",,
ID00169,00004459,16, いいけど？," Sure, why?",,
ID00169,00004484,37, 悪い、今はダメなんだって," Sorry, not right now",,
ID00169,000044c4,19, 動画を見せる, Show the video,,
ID00169,00004503,21,「いいけど？」,"Sure, but...?",,
ID00169,0000468d,45,「楽しぃ～く、盛り上げてよね」,Have fun and get the party started.,,
ID00169,0000498a,33,「今はダメなんだって」,I can't right now though,,
ID00169,00004b20,63,「そうなの？　せっかく私が誘ったってのに、,Really? After I invited you?,,
ID00169,00004b6e,18,　断る気？」,You'll refuse?,,
ID00169,00004e3d,51,「仕方ないだろ？　用事なんだから」,Can't help it. Got stuff to do.,,
ID00169,00004fe5,36,「ンもう…それじゃあね」,Ugh... See ya then.,,
ID00169,0000519c,57,「話もいいけど、俺の動画を見てくれよ」,"It's fine, but watch my video too.",,
ID00169,0000534a,48,「あ、いいわよ。批評してあげる」,"Sure, I'll give you feedback.",,
ID00170,000032b9,48,「あ！　ぶろ君！　こんなところで,Hey! Bro-kun! What are you doing here?,,
ID00170,000032f8,33,　なにやってんのよ！」,What am I doing? Seriously!,,
ID00170,00003711,33,「なにって、べつに…」,Nothing in particular...,,
ID00170,000038a7,39,「もっと顔見せなさいよね。,You should show your face more often.,,
ID00170,000038dd,33,　最後の夏だってのに、,Our last summer.,,
ID00170,0000390d,39,　私を放っておくつもり？」,You'll leave me?,,
ID00170,00003bf1,21,「わ、悪い…」,S-Sorry...,,
ID00170,00003d97,48,「罰として、楽しい話をすること。,"As punishment, you have to entertain me.",,
ID00170,00003dd6,21,　いいわね？」,That's nice.,,
ID00170,0000420a,36,「あ！　ぶろくぅ～ん！」,Ah! Broccoli~n!,,
ID00170,000043b0,57,「暇なんでしょお？　なにか話そうよぉ」,"You're bored, right? Let's talk about something.",,
ID00170,000045c3,25, ああ、いいけど？," Yeah, sure?",,
ID00170,000045f7,37, 悪い、今はダメなんだって," Sorry, not right now",,
ID00170,00004637,19, 動画を見せる, Show the video,,
ID00170,00004676,30,「ああ、いいけど？」,"Sure, if you want?",,
ID00170,0000481f,45,「フフッ、そうこなくっちゃね」,"Hehe, that's the spirit.",,
ID00170,00004b1c,42,「悪い、今はダメなんだって」,"Sorry, I can't now.",,
ID00170,00004cbb,48,「え～っ、断るのぉ？　ひどぉい」,"Oh no, are you refusing me? Meanie.",,
ID00170,00004fa8,60,「どうしても外せない用事があるんだって」,I have something I can't skip.,,
ID00170,00005159,36,「もぉ～っ、いけずぅ…」,You're so mean...,,
ID00170,0000542d,27,「それじゃあね…」,"Well then, bye...",,
ID00170,00005487,24,「話もいいけど、,"Besides, let's talk.",,
ID00170,000054ae,45,　俺の動画を見てくれないか？」,can't you watch my video?,,
ID00170,00005650,51,「あ、いいわね！　見せて見せて～」,"Oh, that's nice! Show me~",,
ID00171,000013b0,36,「あ、ユイ姉、おはよう」,"Hey, Onee-chan, good morning.",,
ID00171,0000176b,36,「あ、ぶろ君、おはよ～」,"Oh, Bro-kun, good morning~",,
ID00171,00001b7a,18,「またね～」,See ya~,,
ID00171,00001e99,39,「あ、ユイ姉、おはよう！」,"Hey, Onee-chan, good morning!",,
ID00171,000020cf,27,「あぁ…ぶろ君…」,Ah...Bro-kun...,,
ID00171,00002285,24,「おふぁよぉぉ」,Good morninngggg,,
ID00171,0000245b,21,「またねぇ…」,See you later...,,
ID00171,000029b3,54,（眠そうだなぁ…仕事が忙しいんだな）,(She looks so sleepy... She must be busy with work.),,
ID00171,00002c7b,21,「あ、ユイ姉」,"Hey, Yui-nee",,
ID00171,00003027,12,「あ…」,...,,
ID00171,000032d1,30,「おはよう、ぶろ君」,"Good morning, Bro-kun.",,
ID00171,00003458,30,「おはよう、ユイ姉」,"Good morning, Yui-nee.",,
ID00171,0000364e,45,「はぁ…朝から暑っついわねぇ」,Ugh... It's so hot even in the morning.,,
ID00171,0000389e,21,「夏だからな」,It's summer.,,
ID00171,00003aa4,60,「さっさと教室行こっと。それじゃあね～」,Let's get to class already. See ya~,,
ID00171,00004066,21,「あ、ぶろ君」,"Ah, bro-kun.",,
ID00171,00004453,18,「おはよ～」,Good morning~,,
ID00171,00004493,30,「おはよう、ユイ姉」,"Good morning, Yui-nee.",,
ID00171,00004626,33,「気持ちのいい朝ね～」,What a pleasant morning~,,
ID00171,000047bc,60,「仕事がないって最高！　それじゃあね～」,No work today is awesome! See ya~,,
ID00171,00004f53,21,「あ、ぶろ君」,"Ah, bro-kun.",,
ID00171,00005340,18,「おはよ～」,Good morning~,,
ID00171,00005380,30,「おはよう、ユイ姉」,"Good morning, Yui-nee.",,
ID00171,00005513,63,「余裕を持って登校なんて、真面目じゃない」,Not serious at all.,,
ID00171,000056bb,21,「ユイ姉こそ」,You're out of it.,,
ID00171,00005899,57,「お互い、宿舎様々ね。それじゃあね～」,Same old dorm life for both of us. See ya~,,
ID00171,00005bca,39,「目と鼻の先の宿舎様々ね。,Same old dorm right under our noses.,,
ID00171,00005c00,51,　ギリギリまで寝てられるんだから」,Can sleep till the last minute.,,
ID00171,00005f18,45,「さ～て、今日も１日がんばろ。,"All right, gotta work hard today too.",,
ID00171,00005f54,27,　それじゃあね～」,See ya~,,
ID00171,000069e6,27,「おはよ、ぶろ君」,"Good morning, bro-kun.",,
ID00171,00006b6a,36,「あ、ユイ姉、おはよう」,"Hey, Onee-chan, good morning.",,
ID00171,00006d57,45,「あ～あ～、今日も１人で登校？,"Ah~ Ah~, going to school alone again today?",,
ID00171,00006d93,24,　寂しいわねぇ」,How lonely.,,
ID00171,000072ea,54,「ほらほら、一緒に行ってあげるわよ、,"Hey there, I'll go with you.",,
ID00171,0000732f,27,　私の教室までね」,"to my classroom, okay?",,
ID00171,0000763c,18,「はいはい」,Sure sure.,,
ID00171,00007827,60,「はぁ…１人で登校なんて、寂しいわねぇ。,Sigh... Going to school alone is so lonely.,,
ID00171,00007872,60,　一緒に行ってくれる女の子、いないの？」,Don't you have any girls who'll go with you?,,
ID00171,00007dfa,27,「…うっさいぞー」,...Shut up already,,
ID00171,00007f71,57,「フフッ、私が一緒に行ってあげるわよ」,"Hehe, I'll go with you then.",,
ID00171,00008283,39,「あぁ？　もう着いたって」,Huh? We're already there?,,
ID00171,0000841f,51,「私の教室まで行けばいいじゃない」,Just go to my classroom.,,
ID00171,00008480,54,「ハァ？　遠回りして行けってのか？」,Huh? Are you saying take the long way around?,,
ID00171,0000862b,33,「ほらほら、行くわよ」,"Come on, let's go.",,
ID00171,000087b5,18,「ったく…」,...Man...,,
ID00171,00008d07,33,「おっはよ～、ぶろ君」,Good morning~ bro.,,
ID00171,00008e91,36,「あ、ユイ姉、おはよう」,"Hey, Onee-chan, good morning.",,
ID00171,0000902a,42,「待ってたのよ、一緒に行こ」,"I've been waiting, let's go.",,
ID00171,00009211,27,「ああ、行こうか」,"Yeah, let's go then.",,
ID00171,00009388,51,「フフッ、待ち合わせて登校なんて、,"Hehe, meeting up to go to school is like a couple.",,
ID00171,000093ca,30,　恋人同士みたいね」,You have a problem with that?,,
ID00171,0000972f,36,「ユイ姉の教室までか？」,To Yuiko-neesan's classroom?,,
ID00171,000098c8,24,「文句あんの？」,Got a complaint?,,
ID00171,00009a71,30,「一緒に登校なんて、,"Walking to school together,",,
ID00171,00009a9e,51,　あと半年で出来なくなるんだから、,"you won't be able to do that in half a year,",,
ID00171,00009ae0,33,　なるべく一緒に行こ」,Let's go together.,,
ID00171,00009dbe,39,「あ…そうだな。行こうか」,Oh... right. Let's go then.,,
ID00171,00009f5a,54,「フフッ、そうそう、そうこなきゃね」,"Hehe, yeah, that's the spirit.",,
ID00172,00000579,57,「ユイ姉、動画、録らせてくれないか？」,"Yo, Yui-nee, can I record a video of you?",,
ID00172,00000727,39,「なに？　練習したいの？」,What? You want to practice?,,
ID00172,000008b7,21,「ダメ…か？」,No way...?,,
ID00172,00000ab7,51,「ううん、いいよ。録らせてあげる。,"Nah, it's cool. I'll let you.",,
ID00172,00000af9,33,　色々試してみれば？」,You could try lots of stuff.,,
ID00172,00000f59,57,「ユイ姉、動画、録らせてくれないか？」,"Yo, Yui-nee, can I record a video of you?",,
ID00172,000010ee,48,「なに？　人前で録ろうっての？」,What? Like in front of people?,,
ID00172,000012a0,21,「ダメ…か？」,No way...?,,
ID00172,0000142a,27,「私はいいけどね。,"I'm fine with that, but...",,
ID00172,00001454,51,　ぶろ君がうまく録れるかどうか…」,It's just not sure if Bro-kun can record well...,,
ID00172,00001750,36,「ま、練習してみれば？」,"Well, why don't we try practicing?",,
ID00172,0000195f,39,「ユイ姉、動画、いいかな？,Can I record a vid?,,
ID00172,00001995,27,　精一杯録るから」,I'll try my best.,,
ID00172,00001b25,18,「ぶろ君…」,Bro-kun...,,
ID00172,00001cac,33,「いいよ、録ってみて」,"Sure, you can try recording.",,
ID00172,00001e64,39,「ユイ姉、動画、いいかな？,Can I record a vid?,,
ID00172,00001e9a,27,　精一杯録るから」,I'll do my best.,,
ID00172,0000202a,18,「ぶろ君…」,Bro-kun...,,
ID00172,000021b1,36,「人前で録るってことは、,You're confident?,,
ID00172,000021e4,36,　自信があるってこと？」,You sure about that...?,,
ID00172,00002371,39,「…ないけど、がんばるよ」,"...Not really, but I'll do my best",,
ID00172,00002529,45,「そっか…いいよ、録ってみて」,Got it... Go ahead and record,,
ID00172,00002895,48,「ユイ姉、動画…録らせて欲しい」,"Yui-ne, can I record the video?",,
ID00172,00002a3a,12,「あ…」,...,,
ID00172,00002bbb,36,「いいよ。好きに録って」,Sure thing. Do whatever you want.,,
ID00172,00002d76,48,「ユイ姉、動画…録らせて欲しい」,"Yui-ne, can I record the video?",,
ID00172,00002f1b,12,「あ…」,...,,
ID00172,000030d1,48,「そうね…いいよ。好きに録って」,Okay... Sure thing. Do whatever you want.,,
ID00173,00000589,57,「ユイ姉、動画、録らせてくれないか？」,"Yo, Yui-nee, can I record a video of you?",,
ID00173,0000071e,48,「え？　水着姿を録ろうっての？」,Huh? You wanna record me in a swimsuit?,,
ID00173,000008d0,21,「ダメ…か？」,No way...?,,
ID00173,00000a8f,60,「まぁ、いいけどね。練習してみなさいよ」,"Well, I guess it's fine if you practice.",,
ID00173,00000db6,57,「ユイ姉、動画、録らせてくれないか？」,"Yo, Yui-nee, can I record a video of you?",,
ID00173,00000f4b,45,「え？　水着姿を録ろうっての？,Huh? You want to record me in a swimsuit?,,
ID00173,00000f87,30,　生意気にも人前で」,Can you do that here?,,
ID00173,0000127b,21,「ダメ…か？」,No way...?,,
ID00173,000013ec,39,「はぁ…身の程知らずねぇ。,Ugh...you're so full of yourself.,,
ID00173,00001422,45,　いいわよ、録ってみなさいよ」,"Fine, go ahead and record it.",,
ID00173,000018e2,39,「ユイ姉、動画、いいかな？,Is it okay to record?,,
ID00173,00001918,27,　精一杯録るから」,I'll try my best.,,
ID00173,00001aa8,48,「え……水着姿を…録りたいの？」,Y-You wanna record my swimsuit form?,,
ID00173,00001c41,21,「ダメ…かな」,Shouldn't I...,,
ID00173,00001e41,60,「ううん…いいよ。熱意が伝わってくるし。,Sure...go ahead. I can tell you're serious.,,
ID00173,00001e8c,21,　録ってみて」,Go for it.,,
ID00173,0000241b,39,「ユイ姉、動画、いいかな？,Is it okay to record?,,
ID00173,00002451,27,　精一杯録るから」,I'll try my best.,,
ID00173,000025e1,36,「え……人前で…水着姿を,Y-You wanna film me?,,
ID00173,00002614,33,　録りたいってこと？」,in front of people?,,
ID00173,000028d9,36,「あ、ああ、ダメかな？」,"S-Sorry, is that a bad idea?",,
ID00173,00002ae8,30,「…ううん、いいよ。,"...Nah, it's fine.",,
ID00173,00002b15,48,　それだけ真剣ってことだものね。,It means you’re really into this.,,
ID00173,00002b54,21,　録ってみて」,Go for it.,,
ID00173,00002ffc,48,「ユイ姉、動画…録らせて欲しい」,"Yui-ne, can I record the video?",,
ID00173,000031b3,12,「あ…」,...,,
ID00173,00003334,42,「もう…真剣な顔しちゃって」,"Oh, you’ve got such a serious look.",,
ID00173,0000360e,51,「いいよ。好きなように録ってみて」,"Sure, go ahead and record it however you like.",,
ID00173,000037d8,48,「ユイ姉、動画…録らせて欲しい」,"Yui-ne, can I record the video?",,
ID00173,0000398f,12,「あ…」,...,,
ID00173,00003b10,48,「フフッ、人前でも気にせず…か」,"Heh, so you're fine with it?",,
ID00173,00003e16,51,「いいよ。好きなように録ってみて」,"Sure, go ahead and record it however you like.",,
ID00174,000004a9,57,「ユイ姉、動画、録らせてくれないか？」,"Yo, Yui-nee, can I record a video of you?",,
ID00174,00000657,15,「イヤよ」,No way.,,
ID00174,00000694,21,「どうして？」,Why?,,
ID00174,0000081e,63,「そういう気分じゃないから。それじゃあね」,Not in the mood for it. See ya.,,
ID00174,00000a0e,57,「ユイ姉、動画、録らせてくれないか？」,"Yo, Yui-nee, can I record a video of you?",,
ID00174,00000bbc,24,「今？　イヤよ」,Now? No way.,,
ID00174,00000d3d,21,「どうして？」,Why?,,
ID00174,00000ec7,54,「人前で録れるほどの腕がないでしょ？,"I'm not good enough to record in public, right?",,
ID00174,00000f0c,24,　それじゃあね」,See ya later.,,
ID00174,000010d5,39,「ユイ姉、動画、いいかな？,Can I record a vid?,,
ID00174,0000110b,27,　精一杯録るから」,I'll do my best.,,
ID00174,00001282,33,「あ…ぶろ君、ごめん、,"Ah... sorry bro,",,
ID00174,000012b2,39,　これから用事があるのよ」,I have something to do now.,,
ID00174,000016ea,33,「え？　そうなのか？」,Huh? Really?,,
ID00174,00001880,63,「また時間作るから、許して。それじゃあね」,"I'll make more time, so forgive me. See ya.",,
ID00174,00001b90,48,「ユイ姉、動画…録らせて欲しい」,"Yui-ne, can I record the video?",,
ID00174,00001d35,24,「あ…ぶろ君…」,Ah... Bro-kun...,,
ID00174,00001ffd,60,「ゴメンね、大事な用がこれからあって…」,"Sorry, I've got something important coming up...",,
ID00174,000021a2,24,「そうなのか？」,Is that so?,,
ID00174,0000232f,51,「また誘って、録らせてあげるから。,I'll ask you again and let you record.,,
ID00174,00002371,24,　それじゃあね」,See ya later.,,
ID00175,000004b9,57,「ユイ姉、動画、録らせてくれないか？」,"Yo, Yui-nee, can I record a video of you?",,
ID00175,0000064e,48,「え？　水着姿を録ろうっての？」,Huh? You wanna record me in a swimsuit?,,
ID00175,00000800,21,「ダメ…か？」,No way...?,,
ID00175,0000098a,48,「１０年早いわよ。それじゃあね」,You're ten years too early. See ya.,,
ID00175,00000ca6,57,「ユイ姉、動画、録らせてくれないか？」,"Yo, Yui-nee, can I record a video of you?",,
ID00175,00000e3b,45,「え？　水着姿を録ろうっての？,Huh? You want to record me in a swimsuit?,,
ID00175,00000e77,30,　生意気にも人前で」,Can you really?,,
ID00175,00001152,21,「ダメ…か？」,No way...?,,
ID00175,000012f8,42,「ダメよ。身の程知らずねぇ」,You've got no idea.,,
ID00175,000015eb,24,「それじゃあね」,See ya.,,
ID00175,00001660,39,「ユイ姉、動画、いいかな？,Can I record?,,
ID00175,00001696,27,　精一杯録るから」,I'll try my best.,,
ID00175,00001826,12,「あ…」,...,,
ID00175,0000198e,21,「今は無理よ。,I can't do it now.,,
ID00175,000019b2,48,　もう着替えなきゃならないから」,I have to change clothes soon.,,
ID00175,00001b64,21,「そ、そっか」,R-Really?,,
ID00175,00001cee,63,「時間があれば、録らせてあげるんだけどね。,"If I had the time, I'd let you record me.",,
ID00175,00001d3c,24,　それじゃあね」,See ya later.,,
ID00175,00001eea,48,「ユイ姉、動画…録らせて欲しい」,"Yui-ne, can I record the video?",,
ID00175,0000208f,63,「あ……録らせてあげたいけど、今は無理よ。,"Ah... I want to let you, but I can't right now.",,
ID00175,000020dd,48,　もう着替えなきゃならないから」,I have to change clothes soon.,,
ID00175,0000251e,21,「そ、そっか」,R-Really?,,
ID00175,000026a8,45,「また声かけて。それじゃあね」,Check back later. See ya.,,
ID00176,00000503,48,「ぶろ君、私、そろそろ行くから」,"Hey bro, I'm gonna head off soon.",,
ID00176,000006b5,12,「え？」,What?,,
ID00176,00000836,24,「それじゃあね」,See ya.,,
ID00176,000009d6,54,「ぶろ君、用事思い出したから行くね」,"Hey bro, I remembered something.",,
ID00176,00000b75,12,「え？」,What?,,
ID00176,00000cf6,27,「それじゃあね～」,See ya~,,
ID00176,00000e99,60,「あ、ぶろ君、大事な用を思い出ちゃった」,"Oh, bro, I remembered something.",,
ID00176,00001179,12,「え？」,What?,,
ID00176,000012fa,42,「ゴメンね～、それじゃあね」,Sorry~ See ya later.,,
ID00176,0000184d,54,（イマイチ話が弾まなかったからな…）,(The conversation didn't quite flow well...),,
ID00177,00000581,45,「さ～て、そろそろ行かなきゃ」,"Alright, I guess it's time to go.",,
ID00177,00000a99,57,「すごく楽しかったわよ。それじゃあね」,I had so much fun. See you later.,,
ID00177,00000c3b,18,「あ、ああ」,"Ah, yeah.",,
ID00177,00000dd5,45,「フフッ、そろそろ行かなきゃ」,"Hehe, guess I should go.",,
ID00177,000010f1,39,「すっごく楽しかったわよ。,I had such a great time.,,
ID00177,00001127,42,　ぶろ君って話すの上手よね」,"You're really good at talking, Bro-kun.",,
ID00177,0000153c,33,「それじゃ、またね～」,"Well then, see ya~",,
ID00177,00001820,45,「フフッ、ぶろ君と話してると、,"Hehe, when I talk with Bro-kun,",,
ID00177,0000185c,27,　すごく楽しくて、,it's super fun.,,
ID00177,00001886,39,　時が経つのを忘れるわね」,I forget all about time.,,
ID00177,00001e12,33,「それじゃ、またね～」,"Well then, see ya~",,
ID00177,0000235c,42,（バッチリ盛り上がったけど、,"Even though we had a blast,",,
ID00177,00002395,42,　心のＲＥＣを押して、動画を,Recording it in my head.,,
ID00177,000023ce,57,　録らせてくれってお願いしないとなぁ）,"I guess I should ask if it's okay to record, huh?",,
ID00178,00000548,54,「はぁ…もう行こっと。それじゃあね」,Phew... let's go then. See ya.,,
ID00178,00000958,12,「あ…」,...,,
ID00178,00000b81,45,「さ～て、そろそろ行かなきゃ」,"Alright, I guess it's time to go.",,
ID00178,00001099,24,「それじゃあね」,See ya.,,
ID00178,00001239,36,「ん～、ぶろ君にしては、,"Hmm~, for you, Bro-kun,",,
ID00178,0000126c,45,　話が盛り上がらなかったかな」,the conversation didn't really pick up.,,
ID00178,00001684,27,「それじゃあね～」,See ya~,,
ID00178,00001a8d,51,（イマイチ盛り上がらなかったな…）,"It didn't really get going, did it...",,
ID00179,00000581,42,「さ～て、そろそろ行こっと」,"Alright, let's head back.",,
ID00179,00000a96,48,「楽しかったわよ。それじゃあね」,I had fun. See ya.,,
ID00179,00000c2f,18,「あ、ああ」,"Ah, yeah.",,
ID00179,00000dc9,39,「あ、そろそろ行かなきゃ」,"Oh, I should probably get going.",,
ID00179,000010a0,45,「楽しかったわよ。ありがとね」,I had a lot of fun. Thanks!,,
ID00179,0000137d,21,「じゃあね～」,See ya~,,
ID00179,00001501,57,「あ、ずいぶん話し込んじゃったみたい。,"Oh, we've been talking for a while...",,
ID00179,00001549,33,　そろそろ行かなきゃ」,We should probably get going now.,,
ID00179,0000196e,48,「楽しかったわよ。それじゃあね」,I had fun. See ya.,,
ID00179,00001ec7,45,（それなりに盛り上がったけど、,"It was pretty lively, but",,
ID00179,00001f03,36,　動画を録らせてくれって,Can't ask her to film it.,,
ID00179,00001f36,45,　お願いするのは、無理だよな）,is there?,,
ID00180,00000405,63,「ユイ姉、ごめん、大事な用があるんだった」,"Yui-ne, sorry, I have something important.",,
ID00180,000005a0,39,「えっ、そうなの？　もう…,Huh? Really? Oh...,,
ID00180,000005d6,42,　先にすませておきなさいよ」,You should've taken care of it first.,,
ID00180,00000a11,15,「悪い…」,Sorry...,,
ID00180,00000b95,51,「せっかくすごく楽しかったのに…」,It was so much fun just now...,,
ID00180,00000c09,63,「ユイ姉、ごめん、大事な用があるんだった」,"Yui-ne, sorry, I have something important.",,
ID00180,00000da4,27,「えっ、そうなの？,"Oh, really?",,
ID00180,00000dce,42,　すっごく楽しかったのに…」,"Man, it was so much fun...",,
ID00180,000010b5,15,「悪い…」,Sorry...,,
ID00180,00001239,57,「貴重な私の時間を、中途半端にして…。,And you left my precious time incomplete...,,
ID00180,00001281,27,　気にくわな～い」,I don't like it~,,
ID00180,0000156c,63,「ユイ姉、ごめん、大事な用があるんだった」,"Yui-ne, sorry, I have something important.",,
ID00180,00001707,54,「えっ、そうなの？　ひどいじゃない…,What? Really... That's terrible...,,
ID00180,0000174c,42,　すっごく楽しかったのに…」,"Man, it was so much fun...",,
ID00180,00001b87,15,「悪い…」,Sorry...,,
ID00180,00001cf2,42,「今度…また、時間作ってよ」,Next time... make some time for me.,,
ID00180,00001ff8,27,「それじゃあね…」,"Well then, bye...",,
ID00181,00000385,63,「ユイ姉、ごめん、大事な用があるんだった」,"Yui-ne, sorry, I have something important.",,
ID00181,00000539,51,「あ、そうなんだ？　それじゃあね」,"Oh, really? See you then.",,
ID00181,0000083c,63,「ユイ姉、ごめん、大事な用があるんだった」,"Yui-ne, sorry, I have something important.",,
ID00181,000009f0,48,「そうなの？　ちょうどよかった、,"Really? That's perfect,",,
ID00181,00000a2f,48,　私もやりたいことがあったのよ」,I had something I wanted to do too.,,
ID00181,00000e63,24,「それじゃあね」,See ya.,,
ID00181,00000ebc,63,「ユイ姉、ごめん、大事な用があるんだった」,"Yui-ne, sorry, I have something important.",,
ID00181,00001070,51,「そうなの？　残念。それじゃあね」,Really? Too bad. See you then.,,
ID00182,000003a5,63,「ユイ姉、ごめん、大事な用があるんだった」,"Yui-ne, sorry, I have something important.",,
ID00182,00000559,30,「そうなの？　もう…,Really? Oh well...,,
ID00182,00000586,63,　せっかく楽しかったのに、仕方ないわねぇ」,"What a shame, it was fun though...",,
ID00182,00000b04,24,「それじゃあね」,See ya.,,
ID00182,00000b5d,63,「ユイ姉、ごめん、大事な用があるんだった」,"Yui-ne, sorry, I have something important.",,
ID00182,00000cf8,33,「そうなの？　せっかく,"Oh, really? Just starting.",,
ID00182,00000d28,48,　盛り上がってきたとこなのに…」,Just when things were getting interesting...,,
ID00182,00001021,48,「気にくわな～い。それじゃあね」,I don't like that. See ya,,
ID00182,000011e6,63,「ユイ姉、ごめん、大事な用があるんだった」,"Yui-ne, sorry, I have something important.",,
ID00182,00001381,36,「そうなの？　せっかく、,Really? We had fun.,,
ID00182,000013b4,45,　楽しく盛り上がってたのに…」,We were just getting into it.,,
ID00182,000016aa,60,「また…時間作ってよね。それじゃあね…」,"Make time for me again, okay? See ya...",,
ID00183,000004c5,54,「も、もう！　恥ずかしいことばっかり,S-Stop it! You're embarrassing me so much!,,
ID00183,0000050a,18,　言って！」,Don't say that!,,
ID00183,00000920,30,「それじゃあねっ！」,See ya!,,
ID00183,00000ad8,54,「はうぅぅ……もう…恥ずかしくて…」,Ahh... I'm so embarrassed...,,
ID00183,00001034,48,「姉をからかうもんじゃないわよ！,You shouldn't tease your sister like that!,,
ID00183,00001073,24,　じゃあねっ！」,See you later!,,
ID00183,00001379,45,「はうぁうあ……恥ずかしいこと,Ahahahaha... So embarrassing...,,
ID00183,000013b5,33,　ばっかり言ってぇ…」,All the time...,,
ID00183,00001686,33,「知らない！　バカ！」,I don't know! You idiot!,,
ID00183,00001bd0,39,（ちょっと恥ずかしい話や、,"That's kind of embarrassing, huh,",,
ID00183,00001c06,33,　行動をしすぎたか…）,Did I go too far?,,
ID00184,00001ebe,48,「あ！　すっごく、きれいな動画！,Wow! That's a really nice video!,,
ID00184,00001efd,24,　やるじゃない」,Good job!,,
ID00184,00002319,42,「これぐらい録ってくれれば、,Recording this is good enough.,,
ID00184,00002352,48,　私もがんばった甲斐があるかな」,I guess I did okay too.,,
ID00184,0000271e,24,「それじゃあね」,See ya.,,
ID00184,000028bf,54,「ふうん、なかなかいい動画じゃない。,Hmm... It's not bad at all.,,
ID00184,00002904,24,　悪くないわよ」,Not bad.,,
ID00184,00002d20,45,「その調子で、がんばりなさい」,Keep it up.,,
ID00184,000030e9,24,「それじゃあね」,See ya.,,
ID00184,0000328a,60,「う～ん…平凡な動画ねぇ。パッとしない」,Mm... This video's ordinary.,,
ID00184,000037c6,42,「はぁ…イマイチな動画ねぇ。,Phew... This video's not great.,,
ID00184,000037ff,27,　感心しないなぁ」,Nothing impressive here.,,
ID00184,00003d33,57,「もっとがんばりなさい。それじゃあね」,You need to do better. See ya.,,
ID00184,00004073,51,「うん、すっごくいい動画じゃない！,"Nope, it’s not a good video at all!",,
ID00184,000040b5,45,　被写体の魅力を引き出してる」,You're bringing out her charm.,,
ID00184,000044ff,57,「やるわね。その調子でがんばりなさい」,Well done. Keep up the good work.,,
ID00184,000048d4,24,「それじゃあね」,See ya.,,
ID00184,00004a75,57,「ふうん、なかなかいい動画だと思うよ。,"Hmm, I think this is quite a nice video.",,
ID00184,00004abd,33,　けど、被写体の魅力を,Still no charm there.,,
ID00184,00004aed,39,　引き出し切れてないかな」,Maybe not fully captured yet.,,
ID00184,00005174,48,「もっといろいろ工夫してみれば？,Why don't you try more different things?,,
ID00184,000051b3,24,　それじゃあね」,See ya later.,,
ID00184,000055e3,39,「はぁ……平凡な動画ねぇ。,Haa... Such a plain video...,,
ID00184,00005619,45,　被写体の魅力が伝わらない…」,The subject's charm isn't coming through...,,
ID00184,00005c58,57,「もっとがんばりなさい。それじゃあね」,You need to do better. See ya.,,
ID00184,00005f6e,45,「はぁ……イマイチな動画ねぇ。,Haa... Such an average video...,,
ID00184,00005faa,27,　被写体の魅力を、,Still no charm.,,
ID00184,00005fd4,51,　ちっとも引き出せてないじゃない」,You're not drawing out any of its appeal at all.,,
ID00184,00006546,63,「これじゃただ録ったのと一緒。つまんない」,This is just like recording it as-is. Boring.,,
ID00184,00006921,24,「それじゃあね」,See ya.,,
ID00184,00006ac2,48,「んぁ……きれいに録れてるけど、,"Hmm... It's recorded cleanly, but",,
ID00184,00006b01,60,　どこか、恥ずかしい感じがするのよねぇ」,there's something embarrassing about it.,,
ID00184,0000708e,54,「ん～、なかなかいい動画なんだけど、,"Mmm... It's actually a pretty good video,",,
ID00184,000070d3,45,　恥ずかしい感じがするのよね」,but there's an embarrassing feeling to it.,,
ID00184,000074fd,51,「はぁ……男子が録ったって感じね。,Huh... It definitely has that guy-recorded vibe.,,
ID00184,0000753f,36,　恥ずかしさが先立って、,"The embarrassment comes first,",,
ID00184,00007572,48,　被写体の魅力が伝わってこない」,The subject's appeal doesn't show.,,
ID00184,00007b0c,51,「う～ん……全体に男目線なのよね。,Hmm... It's all from a male perspective.,,
ID00184,00007b4e,42,　恥ずかしくて、エッチで…」,It's embarrassing and dirty...,,
ID00184,000080b7,54,「もっと純粋に、美を追究しなさいよ」,Be more pure and pursue beauty.,,
ID00184,00008489,24,「それじゃあね」,See ya.,,
ID00184,0000863c,27,「ちょ、ちょっと！,W-Wait a second!,,
ID00184,00008666,45,　こんな恥ずかしい動画録って、,Why record such an embarrassing video?,,
ID00184,000086a2,36,　どうするつもりよ！？」,What do you plan to do!?,,
ID00184,00008cf1,51,「エッチな動画じゃないんだからね！,This isn't an erotic video!,,
ID00184,00008d33,42,　よく考えなさい！　もう！」,Think more carefully! Enough!,,
ID00184,0000916c,54,「も、もう！　こんな恥ずかしい動画、,"S-Stop it! This is so embarrassing,",,
ID00184,000091b1,24,　ダメでしょ！」,That's not okay!,,
ID00184,0000972c,39,「う……恥ずかしい動画…」,Ugh... so embarrassing...,,
ID00184,00009a03,51,「こんなの録って、怒られたいの？」,Do you want me to get mad at you?,,
ID00184,00009b9f,48,「い、いや、そういうわけじゃ…」,"N-No, that's not what I meant...",,
ID00184,00009d72,45,「際どいところに迫るにしても、,"Even if it's a close call,",,
ID00184,00009dae,48,　もっときれいに録りなさいよ！」,you should record it cleaner!,,
ID00184,0000a17a,27,「それじゃあね！」,See you later!,,
ID00184,0000a56e,45,（ちょっと刺激が強すぎたか…）,Maybe that was too intense...,,
ID00184,0000a736,60,「はぁ…どことなく恥ずかしいのよねぇ…」,Huh... It's kind of embarrassing in some way...,,
ID00184,0000ab0e,42,「感心しない。それじゃあね」,Not impressed. See ya.,,
ID00184,0000b077,45,（ちょっと刺激が強すぎたか…）,Maybe that was too intense...,,
ID00184,0000b0e6,42,「“プリベアダック”の動画を,"""Private Duck"" video...",,
ID00184,0000b11f,30,　録ったんだけど…」,I recorded it...,,
ID00184,0000b4d2,42,「あ、かわいい動画じゃない。,"Ah, it's not a cute video.",,
ID00184,0000b50b,54,　流行ってるわよね、この変なアヒル」,"It's all the rage now, this weird duck.",,
ID00184,0000bb6c,60,「また見つけたら見せてね。それじゃあね」,"If you find another one, show me. See ya.",,
ID00184,0000be8b,45,「ふうん、見つけにくそうなのを,"Hmm, found something that looks hard to find.",,
ID00184,0000bec7,24,　見つけたわね」,You did.,,
ID00184,0000c27b,51,「いいんじゃない？　それじゃあね」,Sounds good to me! See ya.,,
ID00184,0000c578,54,「へ～っ、こんなところにもいたんだ。,"Wow, you found her here too?",,
ID00184,0000c5bd,42,　見つけるなんて、やるわね」,You really know how to find things.,,
ID00184,0000cc2e,60,「その調子で録っていくといいんじゃない？,Keep it up and you'll do great.,,
ID00184,0000cc79,24,　それじゃあね」,See ya later.,,
ID00184,0000cf74,45,「うわ、こんなとこにもいたの？,"Whoa, she was even here?",,
ID00184,0000cfb0,33,　よく見つけたわねぇ」,Good job finding her.,,
ID00184,0000d4dd,48,「その洞察力、女の子を録る時にも,That insight will help with girls.,,
ID00184,0000d51c,42,　活かせるよ。それじゃあね」,See ya later.,,
ID00184,0000d978,39,「よくわかんない動画ねぇ。,I don't get what the big deal is.,,
ID00184,0000d9ae,36,　全然興味ないんだけど」,Nothing interests me about it.,,
ID00184,0000dd87,24,「それじゃあね」,See ya.,,
ID00184,0000dde1,45,「悪い、やっぱ動画を見せるのは,"Sorry, I guess showing you that video",,
ID00184,0000de1d,24,　今度にするよ」,We'll do it next time.,,
ID00184,0000dfaa,30,「え？　どうして？」,Huh? Why not?,,
ID00184,0000e131,42,「もっといい動画じゃないと、,"If I can't find something better,",,
ID00184,0000e16a,45,　恥ずかしくて見せられない…」,I'll be too embarrassed to show you...,,
ID00184,0000e30c,27,「そっか…真剣ね」,Oh... You're serious.,,
ID00184,0000e5d7,57,「じゃあ、見せてくれるまで待とうかな。,"Okay then, I'll wait until you show me.",,
ID00184,0000e61f,24,　それじゃあね」,See ya later.,,
ID00185,00003119,51,（ん？　あそこにいるのは、ユイ姉）,(Hm? That's Yui-nee over there.),,
ID00185,0000317b,16, 声をかける, Talk to her,,
ID00185,000031a6,19, 声をかけない, Don't talk,,
ID00185,000031d4,19, 動画を見せる, Show the video,,
ID00185,00003229,39,「ユイ姉、ちょっといい？」,"Yui-nee, can I talk to you for a sec?",,
ID00185,0000363b,48,「あ、ぶろ君。なんだか久しぶりに,"Oh, Bro-kun. It's been ages.",,
ID00185,0000367a,21,　会うわねぇ」,It's been a while.,,
ID00185,0000394c,24,「そ、そうか？」,R-Really?,,
ID00185,00003ad9,54,「ま、宿舎暮らしだから、仕方ないか。,"Well, it's unavoidable.",,
ID00185,00003b1e,27,　で、なにか用？」,"So, what do you want?",,
ID00185,00004106,33,「あ、ぶろ君。なに？」,"Oh, Bro-kun. What is it?",,
ID00185,000042ab,39,「暇ならなんか話さない？」,Want to chat?,,
ID00185,0000449b,27,「ん～、いいわよ。,"Hmm~ Sure, I guess.",,
ID00185,000044c5,45,　ちょうどすることなかったし」,I didn't have anything planned anyway.,,
ID00185,00004924,33,「話？　あ～、ダメよ。,"Chat? Oh no, not now.",,
ID00185,00004954,45,　これからすることがあるから」,I've got stuff to do later.,,
ID00185,00004ed9,27,「それじゃあね～」,See ya~,,
ID00185,00004f4e,57,（ユイ姉と話すのは、また今度でいいな）,I guess I can talk to Yui-nee another time.,,
ID00185,00005017,39,「ユイ姉、ちょっといい？」,"Yui-nee, can I talk to you for a sec?",,
ID00185,000053d5,33,「あ、ぶろ君。なに？」,"Oh, Bro-kun. What is it?",,
ID00185,0000569a,57,「俺の動画、ちょっと見てくれないか？」,"Hey, wanna watch my video?",,
ID00185,00005848,60,「あ…いいわよ。私の批評は手厳しいから、,"Ah... sure. My critiques are pretty harsh though,",,
ID00185,00005893,24,　覚悟なさいよ」,so be prepared.,,
ID00185,00005cd3,48,（あ…あそこにいるのは、ユイ姉）,(Ah... that's Yui-nee over there.),,
ID00185,00005d32,16, 声をかける, Talk to her,,
ID00185,00005d5d,19, 声をかけない, Don't talk,,
ID00185,00005d8b,19, 動画を見せる, Show the video,,
ID00185,00005de0,39,「ユイ姉、ちょっといい？」,"Yui-nee, can I talk to you for a sec?",,
ID00185,000061f2,48,「あ、ぶろ君。なんだか久しぶりに,"Oh, Bro-kun. It's been ages.",,
ID00185,00006231,21,　会うわねぇ」,It's been a while.,,
ID00185,00006503,24,「そ、そうか？」,R-Really?,,
ID00185,00006690,54,「ま、宿舎暮らしだから、仕方ないか。,"Well, it's unavoidable.",,
ID00185,000066d5,27,　で、なにか用？」,"So, what do you want?",,
ID00185,00006cbd,33,「あ、ぶろ君。なに？」,"Oh, Bro-kun. What is it?",,
ID00185,00006e62,30,「暇なら話さない？」,You free to chat?,,
ID00185,00007030,36,「今？　ん～、いいわよ。,"Now? Hmm, sure.",,
ID00185,00007063,27,　まだ時間あるし」,We've still got time.,,
ID00185,00007620,48,「今？　無理に決まってるでしょ？,"Now? It's impossible, isn't it?",,
ID00185,0000765f,36,　もう着替えるんだから」,Since I'm already changing clothes.,,
ID00185,00007940,21,「そ、そっか」,R-Really?,,
ID00185,00007aca,24,「それじゃあね」,See ya.,,
ID00185,00007b3c,57,（ユイ姉と話すのは、また今度でいいか）,(Maybe I can talk to Yuichan another time.),,
ID00185,00007c05,39,「ユイ姉、ちょっといい？」,"Yui-nee, can I talk to you for a sec?",,
ID00185,00007fc3,42,「あ、ぶろ君。どうかした？」,"Oh, Bro-kun. What's up?",,
ID00185,00008291,63,「俺の動画、ちょっと見てくれないかなって」,Could you watch my vid?,,
ID00185,00008445,60,「あ…いいわよ。私の批評は手厳しいから、,"Ah... sure. My critiques are pretty harsh though,",,
ID00185,00008490,21,　覚悟なさい」,Get ready!,,
ID00186,00003179,48,（おっ、あそこにいるのはユイ姉）,"(Oh, there's Yu-oneechan over there.)",,
ID00186,000031d8,16, 声をかける, Talk to her,,
ID00186,00003203,19, 声をかけない, Don't talk,,
ID00186,00003231,19, 動画を見せる, Show the video,,
ID00186,00003286,39,「ユイ姉、ちょっといい？」,"Yui-nee, can I talk to you for a sec?",,
ID00186,00003698,54,「あ、ぶろ君。なんだか久しぶりねぇ」,"Ah, Bro-kun. It feels like forever.",,
ID00186,0000398b,24,「そ、そうか？」,R-Really?,,
ID00186,00003b18,60,「そうよ。姉を放っとくなんて、弟失格よ」,That's right! So uncool of you!,,
ID00186,00003e11,24,「そうかなぁ…」,"Hmm, really...?",,
ID00186,00003f9e,45,「そうなの！　で、なんの用？」,Right! So what do you want?,,
ID00186,0000445d,60,「あ、ぶろ君。どうしたの？　なにか用？」,"Ah, Bro-kun. What's up? You need something?",,
ID00186,000048ac,51,「暇ならちょっと話さないかなって」,"If you're free, I thought we could chat for a bit.",,
ID00186,00004aa8,60,「話？　ええ、いいわよ。楽しませてよね」,"Chat? Sure, go ahead and entertain me.",,
ID00186,00004f3c,45,「あ～、タイミング悪いわねぇ。,"Ah, you're not in the mood, huh.",,
ID00186,00004f78,39,　これから用事があるのよ」,I have something to do now.,,
ID00186,000053a3,27,「それじゃあね～」,See ya~,,
ID00186,00005418,57,（ユイ姉と話すのは、また今度でいいか）,(Maybe I can talk to Yuichan another time.),,
ID00186,000054e1,39,「ユイ姉、ちょっといい？」,"Yui-nee, can I talk to you for a sec?",,
ID00186,0000589f,42,「あ、ぶろ君。どうかした？」,"Oh, Bro-kun. What's up?",,
ID00186,00005a58,48,「俺の動画、ちょっと見てくれよ」,Check out my video for a sec.,,
ID00186,00005bfd,30,「ふうん…いいわよ。,"Hmm... sure, why not.",,
ID00186,00005c2a,39,　センスを確かめてあげる」,I'll give your sense a rating.,,
ID00186,00005e29,51,（おっ、あそこにいるのはユイ姉…）,"(Oh, there's Yui-nee over there...)",,
ID00186,00005e8b,16, 声をかける, Talk to her,,
ID00186,00005eb6,19, 声をかけない, Don't talk,,
ID00186,00005ee4,19, 動画を見せる, Show the video,,
ID00186,00005f39,39,「ユイ姉、ちょっといい？」,"Yui-nee, can I talk to you for a sec?",,
ID00186,0000634b,54,「あ、ぶろ君。なんだか久しぶりねぇ」,"Ah, Bro-kun. It feels like ages.",,
ID00186,0000663e,24,「そ、そうか？」,R-Really?,,
ID00186,000067cb,60,「そうよ。姉を放っとくなんて、弟失格よ」,That's right! So uncool of you!,,
ID00186,00006ac4,15,「はは…」,Heh...,,
ID00186,00006c48,45,「そうなの！　で、なんの用？」,Right! So what do you want?,,
ID00186,00007107,60,「あ、ぶろ君。どうしたの？　なにか用？」,"Ah, Bro-kun. What's up? You need something?",,
ID00186,00007710,42,「暇ならちょっと話さない？」,"If you've got time, wanna chat?",,
ID00186,00007903,60,「今？　ん～、いいわよ。楽しませてよね」,"Now? Hmm, okay. Go ahead and entertain me.",,
ID00186,00007ee3,24,「今？　無理よ。,Now? No way.,,
ID00186,00007f0a,54,　もう着替えなきゃならないんだから」,Since I have to change clothes already.,,
ID00186,000081fd,21,「そ、そっか」,R-Really?,,
ID00186,00008387,24,「それじゃあね」,See ya.,,
ID00186,000083f9,57,（ユイ姉と話すのは、また今度でいいか）,(Maybe I can talk to Yuichan another time.),,
ID00186,000084c2,39,「ユイ姉、ちょっといい？」,"Yui-nee, can I talk to you for a sec?",,
ID00186,00008880,42,「あ、ぶろ君。どうかした？」,"Oh, Bro-kun. What's up?",,
ID00186,00008a39,48,「俺の動画、ちょっと見てくれよ」,Check out my video for a sec.,,
ID00186,00008bde,30,「ふうん…いいわよ。,"Hmm... sure, why not.",,
ID00186,00008c0b,39,　センスを確かめてあげる」,I'll give your sense a rating.,,
ID00187,00003199,51,（おっ、あそこにいるのはユイ姉…）,"(Oh, there's Yui-nee over there...)",,
ID00187,000031fb,16, 声をかける, Talk to her,,
ID00187,00003226,19, 声をかけない, Don't talk,,
ID00187,00003254,19, 動画を見せる, Show the video,,
ID00187,000032a9,39,「ユイ姉、ちょっといい？」,"Yui-nee, can I talk to you for a sec?",,
ID00187,000036bb,24,「あ！　ぶろ君！,Hey! Bro-kun!,,
ID00187,000036e2,63,　もう…このところ、会ってないんだからね」,"We haven't seen each other in a while, you know?",,
ID00187,00003b19,24,「そ、そうか？」,R-Really?,,
ID00187,00003c8d,45,「学校で過ごす最後の夏なのよ？,Our last summer here.,,
ID00187,00003cc9,33,　放っておかないでよ」,Don't leave me alone.,,
ID00187,00003e6c,18,「…ごめん」,...Sorry,,
ID00187,00003ff3,27,「で、なんの用？」,"So, what's up?",,
ID00187,0000434c,36,「あ、ぶろ君。なぁに？」,"Oh, Bro-kun. What is it?",,
ID00187,0000462f,42,「時間あるなら、話さない？」,"If you've got time, wanna chat?",,
ID00187,00004822,33,「もちろん、いいわよ。,"Sure, I'd love to.",,
ID00187,00004852,39,　どんな話してくれるの？」,What story will you tell?,,
ID00187,00004cab,51,「あ…それが、これから、どうしても,Ah... that's why I have to...,,
ID00187,00004ced,54,　やらなきゃならないことがあって…」,I gotta do soon...,,
ID00187,00004fe0,18,「そっか…」,"Oh, I see.",,
ID00187,00005167,42,「ゴメンねぇ、それじゃあね」,"Sorry, see ya",,
ID00187,0000533f,60,（ユイ姉と話すのは、また今度でいいか…）,Maybe I can talk to Yui-nee next time...,,
ID00187,0000540b,39,「ユイ姉、ちょっといい？」,"Yui-nee, can I talk to you for a sec?",,
ID00187,000057c9,42,「あ、ぶろ君。どうしたの？」,"Oh, Bro-kun. What's up?",,
ID00187,00005a97,54,「俺の動画、ちょっと見てみないか？」,Wanna check out my video?,,
ID00187,00005c42,42,「あ、いいわね。見てあげる」,"Ah, sure. I'll watch 'em.",,
ID00187,00005f59,51,（おっ、あそこにいるのはユイ姉…）,"(Oh, there's Yui-nee over there...)",,
ID00187,00005fbb,16, 声をかける, Talk to her,,
ID00187,00005fe6,19, 声をかけない, Don't talk,,
ID00187,00006014,19, 動画を見せる, Show the video,,
ID00187,00006069,39,「ユイ姉、ちょっといい？」,"Yui-nee, can I talk to you for a sec?",,
ID00187,0000647b,24,「あ！　ぶろ君！,Hey! Bro-kun!,,
ID00187,000064a2,63,　もう…このところ、会ってないんだからね」,"We haven't seen each other in a while, you know?",,
ID00187,000068d9,24,「そ、そうか？」,R-Really?,,
ID00187,00006a4d,45,「学校で過ごす最後の夏なのよ？,Our last summer here.,,
ID00187,00006a89,33,　放っておかないでよ」,Don't leave me alone.,,
ID00187,00006c2c,18,「…ごめん」,...Sorry,,
ID00187,00006db3,27,「で、なんの用？」,"So, what's up?",,
ID00187,0000710c,36,「あ、ぶろ君。なぁに？」,"Oh, Bro-kun. What is it?",,
ID00187,000073ef,42,「時間あるなら、話さない？」,"If you've got time, wanna chat?",,
ID00187,000075e2,27,「今？　いいわよ。,Now? Sure thing.,,
ID00187,0000760c,39,　どんな話してくれるの？」,What story will you tell?,,
ID00187,00007a65,27,「あ…今はダメよ。,Now... I can't right now.,,
ID00187,00007a8f,48,　もう着替えなきゃならないから」,I have to change clothes soon.,,
ID00187,00007d7c,21,「そ、そっか」,R-Really?,,
ID00187,00007f06,36,「タイミング悪いわねぇ」,What a bad time.,,
ID00187,0000809f,24,「それじゃあね」,See ya.,,
ID00187,00008111,60,（ユイ姉と話すのは、また今度でいいか…）,Maybe I can talk to Yui-nee next time...,,
ID00187,000081a2,39,「ユイ姉、ちょっといい？」,"Yui-nee, can I talk to you for a sec?",,
ID00187,00008560,42,「あ、ぶろ君。どうしたの？」,"Oh, Bro-kun. What's up?",,
ID00187,0000882e,54,「俺の動画、ちょっと見てみないか？」,Wanna check out my video?,,
ID00187,000089d9,42,「あ、いいわね。見てあげる」,"Ah, sure. I'll watch 'em.",,
ID00188,00003225,21,「あ、ぶろ君」,"Ah, bro-kun.",,
ID00188,000033a3,15,「ユイ姉」,Yui-nee,,
ID00188,0000357b,36,「なんだか久しぶりねぇ」,"It's been a while, hasn't it?",,
ID00188,000035cd,24,「…そうかもな」,"Yeah, maybe.",,
ID00188,0000375a,54,「ま、宿舎暮らしだから、仕方ないか」,"Well, can't help it.",,
ID00188,00003a76,54,「暇なんでしょ？　なにか話さない？」,Got time to chat?,,
ID00188,00003c2f,16, いいけど？," Sure, why?",,
ID00188,00003c5a,28, 今はダメなんだって, Not right now,,
ID00188,00003c91,19, 動画を見せる, Show the video,,
ID00188,00003cd0,21,「いいけど？」,"Sure, but...?",,
ID00188,00003e76,45,「じゃ、楽しい話、よろしくね」,"Okay then, let's have a fun conversation.",,
ID00188,0000415a,33,「今はダメなんだって」,I can't right now though,,
ID00188,000042f0,57,「そうなの？　姉の誘いを断るなんて…」,Really? Turning down your sister's invitation...,,
ID00188,000045f2,24,「それじゃあね」,See ya.,,
ID00188,00004649,24,「話もいいけど、,"Besides,",,
ID00188,00004670,45,　俺の動画を見てくれないか？」,can't you watch my video?,,
ID00188,0000482e,48,「あ、いいわね。批評してあげる」,"Oh, sure. I'll give you a critique.",,
ID00189,000032d9,33,「あ、ぶろ君じゃない」,"Oh, it's not Bro-kun.",,
ID00189,00003463,15,「ユイ姉」,Yui-nee,,
ID00189,000035e7,63,「ったく、このところ、顔見せないんだから」,"Man, you haven't shown your face around here lately.",,
ID00189,0000378f,36,「そ、そうだったかな…」,S-so that was the case...,,
ID00189,00003928,18,「そうよぉ」,"Yeah, it is.",,
ID00189,00003acb,57,「暇なんでしょお？　なにか話してよぉ」,"You're bored, right? Talk to me.",,
ID00189,00003dcf,60,「あ、ぶろ君じゃなぁい。いいところにぃ」,"Oh, it's not Bro-kun. Just my luck.",,
ID00189,000040de,15,「ユイ姉」,Yui-nee,,
ID00189,0000427e,48,「暇なのよぉ、なにか話してよぉ」,"I'm bored, talk to me.",,
ID00189,00004459,16, いいけど？," Sure, why?",,
ID00189,00004484,37, 悪い、今はダメなんだって," Sorry, not right now",,
ID00189,000044c4,19, 動画を見せる, Show the video,,
ID00189,00004503,21,「いいけど？」,"Sure, but...?",,
ID00189,0000468d,45,「楽しぃ～く、盛り上げてよね」,Have fun and get the party started.,,
ID00189,0000498a,33,「今はダメなんだって」,I can't right now though,,
ID00189,00004b20,63,「そうなの？　せっかく私が誘ったってのに、,Really? After I invited you?,,
ID00189,00004b6e,18,　断る気？」,You won't accept?,,
ID00189,00004e3d,51,「仕方ないだろ？　用事なんだから」,Can't help it. Got stuff to do.,,
ID00189,00004fe5,36,「ンもう…それじゃあね」,Ugh... See ya then.,,
ID00189,0000519c,57,「話もいいけど、俺の動画を見てくれよ」,"It's fine, but watch my video too.",,
ID00189,0000534a,48,「あ、いいわよ。批評してあげる」,"Sure, I'll give you feedback.",,
ID00190,000032b9,48,「あ！　ぶろ君！　こんなところで,Hey! Bro-kun! What are you doing here?,,
ID00190,000032f8,33,　なにやってんのよ！」,What am I doing? Seriously!,,
ID00190,00003711,33,「なにって、べつに…」,Nothing in particular...,,
ID00190,000038a7,39,「もっと顔見せなさいよね。,You should show your face more often.,,
ID00190,000038dd,33,　最後の夏だってのに、,Our last summer.,,
ID00190,0000390d,39,　私を放っておくつもり？」,You'll leave me?,,
ID00190,00003bf1,21,「わ、悪い…」,S-Sorry...,,
ID00190,00003d97,48,「罰として、楽しい話をすること。,"As punishment, you have to entertain me.",,
ID00190,00003dd6,21,　いいわね？」,That's nice.,,
ID00190,0000420a,36,「あ！　ぶろくぅ～ん！」,Ah! Broccoli~n!,,
ID00190,000043b0,57,「暇なんでしょお？　なにか話そうよぉ」,"You're bored, right? Let's talk about something.",,
ID00190,000045c3,25, ああ、いいけど？," Yeah, sure?",,
ID00190,000045f7,37, 悪い、今はダメなんだって," Sorry, not right now",,
ID00190,00004637,19, 動画を見せる, Show the video,,
ID00190,00004676,30,「ああ、いいけど？」,"Sure, if you want?",,
ID00190,0000481f,45,「フフッ、そうこなくっちゃね」,"Hehe, that's the spirit.",,
ID00190,00004b1c,42,「悪い、今はダメなんだって」,"Sorry, I can't now.",,
ID00190,00004cbb,48,「え～っ、断るのぉ？　ひどぉい」,"Oh no, are you refusing me? Meanie.",,
ID00190,00004fa8,60,「どうしても外せない用事があるんだって」,I have something I can't skip.,,
ID00190,00005159,36,「もぉ～っ、いけずぅ…」,You're so mean...,,
ID00190,0000542d,27,「それじゃあね…」,"Well then, bye...",,
ID00190,00005487,24,「話もいいけど、,"Besides, let's talk.",,
ID00190,000054ae,45,　俺の動画を見てくれないか？」,can't you watch my video?,,
ID00190,00005650,51,「あ、いいわね！　見せて見せて～」,"Oh, that's nice! Show me~",,
ID00191,000013b0,36,「あ、ユイ姉、おはよう」,"Hey, Onee-chan, good morning.",,
ID00191,0000176b,36,「あ、ぶろ君、おはよ～」,"Oh, Bro-kun, good morning~",,
ID00191,00001b7a,18,「またね～」,See ya~,,
ID00191,00001e99,39,「あ、ユイ姉、おはよう！」,"Hey, Onee-chan, good morning!",,
ID00191,000020cf,27,「あぁ…ぶろ君…」,Ah...Bro-kun...,,
ID00191,00002285,24,「おふぁよぉぉ」,Good morninngggg,,
ID00191,0000245b,21,「またねぇ…」,See you later...,,
ID00191,000029b3,54,（眠そうだなぁ…仕事が忙しいんだな）,(She looks so sleepy... She must be busy with work.),,
ID00191,00002c7b,21,「あ、ユイ姉」,"Hey, Yui-nee",,
ID00191,00003027,12,「あ…」,...,,
ID00191,000032d1,30,「おはよう、ぶろ君」,"Good morning, Bro-kun.",,
ID00191,00003458,30,「おはよう、ユイ姉」,"Good morning, Yui-nee.",,
ID00191,0000364e,45,「はぁ…朝から暑っついわねぇ」,Ugh... It's so hot even in the morning.,,
ID00191,0000389e,21,「夏だからな」,It is summer.,,
ID00191,00003aa4,60,「さっさと教室行こっと。それじゃあね～」,Let's get to class already. See ya~,,
ID00191,00004066,21,「あ、ぶろ君」,"Ah, bro-kun.",,
ID00191,00004453,18,「おはよ～」,Good morning~,,
ID00191,00004493,30,「おはよう、ユイ姉」,"Good morning, Yui-nee.",,
ID00191,00004626,33,「気持ちのいい朝ね～」,What a pleasant morning~,,
ID00191,000047bc,60,「仕事がないって最高！　それじゃあね～」,No work today is awesome! See ya~,,
ID00191,00004f53,21,「あ、ぶろ君」,"Ah, bro-kun.",,
ID00191,00005340,18,「おはよ～」,Good morning~,,
ID00191,00005380,30,「おはよう、ユイ姉」,"Good morning, Yui-nee.",,
ID00191,00005513,63,「余裕を持って登校なんて、真面目じゃない」,Coming early isn't serious.,,
ID00191,000056bb,21,「ユイ姉こそ」,You're out of it.,,
ID00191,00005899,57,「お互い、宿舎様々ね。それじゃあね～」,Same old dorm life for both of us. See ya~,,
ID00191,00005bca,39,「目と鼻の先の宿舎様々ね。,Same old dorm right under our noses.,,
ID00191,00005c00,51,　ギリギリまで寝てられるんだから」,Can sleep till the last minute.,,
ID00191,00005f18,45,「さ～て、今日も１日がんばろ。,"All right, gotta work hard today too.",,
ID00191,00005f54,27,　それじゃあね～」,See ya~,,
ID00191,000069e6,27,「おはよ、ぶろ君」,"Good morning, bro-kun.",,
ID00191,00006b6a,36,「あ、ユイ姉、おはよう」,"Hey, Onee-chan, good morning.",,
ID00191,00006d57,45,「あ～あ～、今日も１人で登校？,"Ah~ Ah~, going to school alone again today?",,
ID00191,00006d93,24,　寂しいわねぇ」,How lonely.,,
ID00191,000072ea,54,「ほらほら、一緒に行ってあげるわよ、,"Hey there, I'll go with you.",,
ID00191,0000732f,27,　私の教室までね」,"to my classroom, okay?",,
ID00191,0000763c,18,「はいはい」,Sure sure.,,
ID00191,00007827,60,「はぁ…１人で登校なんて、寂しいわねぇ。,Sigh... Going to school alone is so lonely.,,
ID00191,00007872,60,　一緒に行ってくれる女の子、いないの？」,Don't you have any girls who'll go with you?,,
ID00191,00007dfa,27,「…うっさいぞー」,...Shut up already,,
ID00191,00007f71,57,「フフッ、私が一緒に行ってあげるわよ」,"Hehe, I'll go with you then.",,
ID00191,00008283,39,「あぁ？　もう着いたって」,Huh? We're already there?,,
ID00191,0000841f,51,「私の教室まで行けばいいじゃない」,Just go to my classroom.,,
ID00191,00008480,54,「ハァ？　遠回りして行けってのか？」,Huh? Are you saying take the long way around?,,
ID00191,0000862b,33,「ほらほら、行くわよ」,"Come on, let's go.",,
ID00191,000087b5,18,「ったく…」,...Man...,,
ID00191,00008d07,33,「おっはよ～、ぶろ君」,Good morning~ bro.,,
ID00191,00008e91,36,「あ、ユイ姉、おはよう」,"Hey, Onee-chan, good morning.",,
ID00191,0000902a,42,「待ってたのよ、一緒に行こ」,"I've been waiting, let's go.",,
ID00191,00009211,27,「ああ、行こうか」,"Yeah, let's go then.",,
ID00191,00009388,51,「フフッ、待ち合わせて登校なんて、,"Hehe, meeting up to go to school is like a couple.",,
ID00191,000093ca,30,　恋人同士みたいね」,You have a problem with that?,,
ID00191,0000972f,36,「ユイ姉の教室までか？」,To Yuiko-neesan's classroom?,,
ID00191,000098c8,24,「文句あんの？」,Got a complaint?,,
ID00191,00009a71,30,「一緒に登校なんて、,"Walking to school together,",,
ID00191,00009a9e,51,　あと半年で出来なくなるんだから、,"you won't be able to do that in half a year,",,
ID00191,00009ae0,33,　なるべく一緒に行こ」,Let's walk together.,,
ID00191,00009dbe,39,「あ…そうだな。行こうか」,Oh... right. Let's go then.,,
ID00191,00009f5a,54,「フフッ、そうそう、そうこなきゃね」,"Hehe, yeah, that's the spirit.",,
ID00192,00000579,57,「ユイ姉、動画、録らせてくれないか？」,"Yo, Yui-nee, can I record a video of you?",,
ID00192,00000727,39,「なに？　練習したいの？」,What? You want to practice?,,
ID00192,000008b7,21,「ダメ…か？」,No way...?,,
ID00192,00000ab7,51,「ううん、いいよ。録らせてあげる。,"Nah, it's cool. I'll let you.",,
ID00192,00000af9,33,　色々試してみれば？」,You could try lots of stuff.,,
ID00192,00000f59,57,「ユイ姉、動画、録らせてくれないか？」,"Yo, Yui-nee, can I record a video of you?",,
ID00192,000010ee,48,「なに？　人前で録ろうっての？」,What? Like in front of people?,,
ID00192,000012a0,21,「ダメ…か？」,No way...?,,
ID00192,0000142a,27,「私はいいけどね。,"I'm fine with that, but...",,
ID00192,00001454,51,　ぶろ君がうまく録れるかどうか…」,It's just not sure if Bro-kun can record well...,,
ID00192,00001750,36,「ま、練習してみれば？」,"Well, why don't we try practicing?",,
ID00192,0000195f,39,「ユイ姉、動画、いいかな？,Can I record a video?,,
ID00192,00001995,27,　精一杯録るから」,I'll try my best.,,
ID00192,00001b25,18,「ぶろ君…」,Bro-kun...,,
ID00192,00001cac,33,「いいよ、録ってみて」,"Sure, you can try recording.",,
ID00192,00001e64,39,「ユイ姉、動画、いいかな？,Can I record a vid?,,
ID00192,00001e9a,27,　精一杯録るから」,I'll do my best.,,
ID00192,0000202a,18,「ぶろ君…」,Bro-kun...,,
ID00192,000021b1,36,「人前で録るってことは、,You’re confident?,,
ID00192,000021e4,36,　自信があるってこと？」,You sure about that...?,,
ID00192,00002371,39,「…ないけど、がんばるよ」,"...Not really, but I'll do my best",,
ID00192,00002529,45,「そっか…いいよ、録ってみて」,Got it... Go ahead and record,,
ID00192,00002895,48,「ユイ姉、動画…録らせて欲しい」,"Yui-ne, can I record the video?",,
ID00192,00002a3a,12,「あ…」,...,,
ID00192,00002bbb,36,「いいよ。好きに録って」,Sure thing. Do whatever you want.,,
ID00192,00002d76,48,「ユイ姉、動画…録らせて欲しい」,"Yui-ne, can I record the video?",,
ID00192,00002f1b,12,「あ…」,...,,
ID00192,000030d1,48,「そうね…いいよ。好きに録って」,Okay... Sure thing. Do whatever you want.,,
ID00193,00000589,57,「ユイ姉、動画、録らせてくれないか？」,"Yo, Yui-nee, can I record a video of you?",,
ID00193,0000071e,48,「え？　水着姿を録ろうっての？」,Huh? You wanna record me in a swimsuit?,,
ID00193,000008d0,21,「ダメ…か？」,No way...?,,
ID00193,00000a8f,60,「まぁ、いいけどね。練習してみなさいよ」,"Well, I guess it's fine if you practice.",,
ID00193,00000db6,57,「ユイ姉、動画、録らせてくれないか？」,"Yo, Yui-nee, can I record a video of you?",,
ID00193,00000f4b,45,「え？　水着姿を録ろうっての？,Huh? You want to record me in a swimsuit?,,
ID00193,00000f87,30,　生意気にも人前で」,Can you do that here?,,
ID00193,0000127b,21,「ダメ…か？」,No way...?,,
ID00193,000013ec,39,「はぁ…身の程知らずねぇ。,Ugh...you're so full of yourself.,,
ID00193,00001422,45,　いいわよ、録ってみなさいよ」,"Fine, go ahead and record it.",,
ID00193,000018e2,39,「ユイ姉、動画、いいかな？,Is it okay to film?,,
ID00193,00001918,27,　精一杯録るから」,I'll try my best.,,
ID00193,00001aa8,48,「え……水着姿を…録りたいの？」,Y-You wanna record my swimsuit form?,,
ID00193,00001c41,21,「ダメ…かな」,Shouldn't I...,,
ID00193,00001e41,60,「ううん…いいよ。熱意が伝わってくるし。,Sure...go ahead. I can tell you're serious.,,
ID00193,00001e8c,21,　録ってみて」,Go for it.,,
ID00193,0000241b,39,「ユイ姉、動画、いいかな？,Is it okay to film?,,
ID00193,00002451,27,　精一杯録るから」,I'll try my best.,,
ID00193,000025e1,36,「え……人前で…水着姿を,Y-You wanna film me?,,
ID00193,00002614,33,　録りたいってこと？」,in front of people?,,
ID00193,000028d9,36,「あ、ああ、ダメかな？」,"S-Sorry, is that a bad idea?",,
ID00193,00002ae8,30,「…ううん、いいよ。,"...Nah, it's fine.",,
ID00193,00002b15,48,　それだけ真剣ってことだものね。,It means you’re really into this.,,
ID00193,00002b54,21,　録ってみて」,Go for it.,,
ID00193,00002ffc,48,「ユイ姉、動画…録らせて欲しい」,"Yui-ne, can I record the video?",,
ID00193,000031b3,12,「あ…」,...,,
ID00193,00003334,42,「もう…真剣な顔しちゃって」,"Oh, you’ve got such a serious look.",,
ID00193,0000360e,51,「いいよ。好きなように録ってみて」,"Sure, go ahead and record it however you like.",,
ID00193,000037d8,48,「ユイ姉、動画…録らせて欲しい」,"Yui-ne, can I record the video?",,
ID00193,0000398f,12,「あ…」,...,,
ID00193,00003b10,48,「フフッ、人前でも気にせず…か」,"Heh, so you don't mind at all?",,
ID00193,00003e16,51,「いいよ。好きなように録ってみて」,"Sure, go ahead and record it however you like.",,
ID00194,000004a9,57,「ユイ姉、動画、録らせてくれないか？」,"Yo, Yui-nee, can I record a video of you?",,
ID00194,00000657,15,「イヤよ」,No way.,,
ID00194,00000694,21,「どうして？」,Why?,,
ID00194,0000081e,63,「そういう気分じゃないから。それじゃあね」,Not in the mood for it. See ya.,,
ID00194,00000a0e,57,「ユイ姉、動画、録らせてくれないか？」,"Yo, Yui-nee, can I record a video of you?",,
ID00194,00000bbc,24,「今？　イヤよ」,Now? No way.,,
ID00194,00000d3d,21,「どうして？」,Why?,,
ID00194,00000ec7,54,「人前で録れるほどの腕がないでしょ？,"I'm not good enough to record in public, right?",,
ID00194,00000f0c,24,　それじゃあね」,See ya later.,,
ID00194,000010d5,39,「ユイ姉、動画、いいかな？,Can I record a vid?,,
ID00194,0000110b,27,　精一杯録るから」,I'll do my best.,,
ID00194,00001282,33,「あ…ぶろ君、ごめん、,"Ah... sorry bro,",,
ID00194,000012b2,39,　これから用事があるのよ」,I have something to do now.,,
ID00194,000016ea,33,「え？　そうなのか？」,Huh? Really?,,
ID00194,00001880,63,「また時間作るから、許して。それじゃあね」,"I'll make more time, so forgive me. See ya.",,
ID00194,00001b90,48,「ユイ姉、動画…録らせて欲しい」,"Yui-ne, can I record the video?",,
ID00194,00001d35,24,「あ…ぶろ君…」,Ah... Bro-kun...,,
ID00194,00001ffd,60,「ゴメンね、大事な用がこれからあって…」,"Sorry, I've got something important coming up...",,
ID00194,000021a2,24,「そうなのか？」,Is that so?,,
ID00194,0000232f,51,「また誘って、録らせてあげるから。,I'll ask you again and let you record.,,
ID00194,00002371,24,　それじゃあね」,See ya later.,,
ID00195,000004b9,57,「ユイ姉、動画、録らせてくれないか？」,"Yo, Yui-nee, can I record a video of you?",,
ID00195,0000064e,48,「え？　水着姿を録ろうっての？」,Huh? You wanna record me in a swimsuit?,,
ID00195,00000800,21,「ダメ…か？」,No way...?,,
ID00195,0000098a,48,「１０年早いわよ。それじゃあね」,You're ten years too early. See ya.,,
ID00195,00000ca6,57,「ユイ姉、動画、録らせてくれないか？」,"Yo, Yui-nee, can I record a video of you?",,
ID00195,00000e3b,45,「え？　水着姿を録ろうっての？,Huh? You want to record me in a swimsuit?,,
ID00195,00000e77,30,　生意気にも人前で」,Can you really?,,
ID00195,00001152,21,「ダメ…か？」,No way...?,,
ID00195,000012f8,42,「ダメよ。身の程知らずねぇ」,You've no idea.,,
ID00195,000015eb,24,「それじゃあね」,See ya.,,
ID00195,00001660,39,「ユイ姉、動画、いいかな？,Can I record?,,
ID00195,00001696,27,　精一杯録るから」,I'll try hard.,,
ID00195,00001826,12,「あ…」,...,,
ID00195,0000198e,21,「今は無理よ。,I can't do it now.,,
ID00195,000019b2,48,　もう着替えなきゃならないから」,I have to change clothes soon.,,
ID00195,00001b64,21,「そ、そっか」,R-Really?,,
ID00195,00001cee,63,「時間があれば、録らせてあげるんだけどね。,"If I had the time, I'd let you record me.",,
ID00195,00001d3c,24,　それじゃあね」,See ya later.,,
ID00195,00001eea,48,「ユイ姉、動画…録らせて欲しい」,"Yui-ne, can I record the video?",,
ID00195,0000208f,63,「あ……録らせてあげたいけど、今は無理よ。,"Ah... I want to let you, but I can't right now.",,
ID00195,000020dd,48,　もう着替えなきゃならないから」,I have to change clothes soon.,,
ID00195,0000251e,21,「そ、そっか」,R-Really?,,
ID00195,000026a8,45,「また声かけて。それじゃあね」,Check back later. See ya.,,
ID00196,00000503,48,「ぶろ君、私、そろそろ行くから」,"Hey bro, I'm gonna head off soon.",,
ID00196,000006b5,12,「え？」,What?,,
ID00196,00000836,24,「それじゃあね」,See ya.,,
ID00196,000009d6,54,「ぶろ君、用事思い出したから行くね」,"Hey bro, I remembered something.",,
ID00196,00000b75,12,「え？」,What?,,
ID00196,00000cf6,27,「それじゃあね～」,See ya~,,
ID00196,00000e99,60,「あ、ぶろ君、大事な用を思い出ちゃった」,"Oh, bro, I remembered something.",,
ID00196,00001179,12,「え？」,What?,,
ID00196,000012fa,42,「ゴメンね～、それじゃあね」,Sorry~ See ya later.,,
ID00196,0000184d,54,（イマイチ話が弾まなかったからな…）,(The conversation didn't quite flow well...),,
ID00197,00000581,45,「さ～て、そろそろ行かなきゃ」,"Alright, I guess it's time to go.",,
ID00197,00000a99,57,「すごく楽しかったわよ。それじゃあね」,I had so much fun. See you later.,,
ID00197,00000c3b,18,「あ、ああ」,"Ah, yeah.",,
ID00197,00000dd5,45,「フフッ、そろそろ行かなきゃ」,"Hehe, guess I should go.",,
ID00197,000010f1,39,「すっごく楽しかったわよ。,I had such a great time.,,
ID00197,00001127,42,　ぶろ君って話すの上手よね」,"You're really good at talking, Bro-kun.",,
ID00197,0000153c,33,「それじゃ、またね～」,"Well then, see ya~",,
ID00197,00001820,45,「フフッ、ぶろ君と話してると、,"Hehe, when I talk with Bro-kun,",,
ID00197,0000185c,27,　すごく楽しくて、,it's super fun.,,
ID00197,00001886,39,　時が経つのを忘れるわね」,I forget all about time.,,
ID00197,00001e12,33,「それじゃ、またね～」,"Well then, see ya~",,
ID00197,0000235c,42,（バッチリ盛り上がったけど、,"Even though we had a blast,",,
ID00197,00002395,42,　心のＲＥＣを押して、動画を,Recording it in my head.,,
ID00197,000023ce,57,　録らせてくれってお願いしないとなぁ）,"I guess I should ask if it's okay to record, huh?",,
ID00198,00000548,54,「はぁ…もう行こっと。それじゃあね」,Phew... let's go then. See ya.,,
ID00198,00000958,12,「あ…」,...,,
ID00198,00000b81,45,「さ～て、そろそろ行かなきゃ」,"Alright, I guess it's time to go.",,
ID00198,00001099,24,「それじゃあね」,See ya.,,
ID00198,00001239,36,「ん～、ぶろ君にしては、,"Hmm~, for you, Bro-kun,",,
ID00198,0000126c,45,　話が盛り上がらなかったかな」,the conversation didn't really pick up.,,
ID00198,00001684,27,「それじゃあね～」,See ya~,,
ID00198,00001a8d,51,（イマイチ盛り上がらなかったな…）,"It didn't really get going, did it...",,
ID00199,00000581,42,「さ～て、そろそろ行こっと」,"Alright, let's head back.",,
ID00199,00000a96,48,「楽しかったわよ。それじゃあね」,I had fun. See ya.,,
ID00199,00000c2f,18,「あ、ああ」,"Ah, yeah.",,
ID00199,00000dc9,39,「あ、そろそろ行かなきゃ」,"Oh, I should probably get going.",,
ID00199,000010a0,45,「楽しかったわよ。ありがとね」,I had a lot of fun. Thanks!,,
ID00199,0000137d,21,「じゃあね～」,See ya~,,
ID00199,00001501,57,「あ、ずいぶん話し込んじゃったみたい。,"Oh, we've been talking for a while...",,
ID00199,00001549,33,　そろそろ行かなきゃ」,We should probably get going now.,,
ID00199,0000196e,48,「楽しかったわよ。それじゃあね」,I had fun. See ya.,,
ID00199,00001ec7,45,（それなりに盛り上がったけど、,"It was pretty lively, but",,
ID00199,00001f03,36,　動画を録らせてくれって,Can't ask her to film it.,,
ID00199,00001f36,45,　お願いするのは、無理だよな）,is there?,,
ID00200,00000405,63,「ユイ姉、ごめん、大事な用があるんだった」,"Yui-ne, sorry, I have something important.",,
ID00200,000005a0,39,「えっ、そうなの？　もう…,Huh? Really? Oh...,,
ID00200,000005d6,42,　先にすませておきなさいよ」,You should've taken care of it first.,,
ID00200,00000a11,15,「悪い…」,Sorry...,,
ID00200,00000b95,51,「せっかくすごく楽しかったのに…」,It was so much fun just now...,,
ID00200,00000c09,63,「ユイ姉、ごめん、大事な用があるんだった」,"Yui-ne, sorry, I have something important.",,
ID00200,00000da4,27,「えっ、そうなの？,"Oh, really?",,
ID00200,00000dce,42,　すっごく楽しかったのに…」,"Man, it was so much fun...",,
ID00200,000010b5,15,「悪い…」,Sorry...,,
ID00200,00001239,57,「貴重な私の時間を、中途半端にして…。,And you left my precious time incomplete...,,
ID00200,00001281,27,　気にくわな～い」,I don't like it~,,
ID00200,0000156c,63,「ユイ姉、ごめん、大事な用があるんだった」,"Yui-ne, sorry, I have something important.",,
ID00200,00001707,54,「えっ、そうなの？　ひどいじゃない…,What? Really... That's terrible...,,
ID00200,0000174c,42,　すっごく楽しかったのに…」,"Man, it was so much fun...",,
ID00200,00001b87,15,「悪い…」,Sorry...,,
ID00200,00001cf2,42,「今度…また、時間作ってよ」,Next time... make some time for me.,,
ID00200,00001ff8,27,「それじゃあね…」,"Well then, bye...",,
ID00201,00000385,63,「ユイ姉、ごめん、大事な用があるんだった」,"Yui-ne, sorry, I have something important.",,
ID00201,00000539,51,「あ、そうなんだ？　それじゃあね」,"Oh, really? See you then.",,
ID00201,0000083c,63,「ユイ姉、ごめん、大事な用があるんだった」,"Yui-ne, sorry, I have something important.",,
ID00201,000009f0,48,「そうなの？　ちょうどよかった、,"Really? That's perfect,",,
ID00201,00000a2f,48,　私もやりたいことがあったのよ」,I had something I wanted to do too.,,
ID00201,00000e63,24,「それじゃあね」,See ya.,,
ID00201,00000ebc,63,「ユイ姉、ごめん、大事な用があるんだった」,"Yui-ne, sorry, I have something important.",,
ID00201,00001070,51,「そうなの？　残念。それじゃあね」,Really? Too bad. See you then.,,
ID00202,000003a5,63,「ユイ姉、ごめん、大事な用があるんだった」,"Yui-ne, sorry, I have something important.",,
ID00202,00000559,30,「そうなの？　もう…,Really? Oh well...,,
ID00202,00000586,63,　せっかく楽しかったのに、仕方ないわねぇ」,"What a shame, it was fun though...",,
ID00202,00000b04,24,「それじゃあね」,See ya.,,
ID00202,00000b5d,63,「ユイ姉、ごめん、大事な用があるんだった」,"Yui-ne, sorry, I have something important.",,
ID00202,00000cf8,33,「そうなの？　せっかく,"Oh, really? Just starting.",,
ID00202,00000d28,48,　盛り上がってきたとこなのに…」,Just when things were getting interesting...,,
ID00202,00001021,48,「気にくわな～い。それじゃあね」,I don't like that. See ya,,
ID00202,000011e6,63,「ユイ姉、ごめん、大事な用があるんだった」,"Yui-ne, sorry, I have something important.",,
ID00202,00001381,36,「そうなの？　せっかく、,Really? Such fun...,,
ID00202,000013b4,45,　楽しく盛り上がってたのに…」,It's such a drag...,,
ID00202,000016aa,60,「また…時間作ってよね。それじゃあね…」,"Make time for me again, okay? See ya...",,
ID00203,000004c5,54,「も、もう！　恥ずかしいことばっかり,S-Stop it! You're embarrassing me so much!,,
ID00203,0000050a,18,　言って！」,Don't say that!,,
ID00203,00000920,30,「それじゃあねっ！」,See ya!,,
ID00203,00000ad8,54,「はうぅぅ……もう…恥ずかしくて…」,Ahh... I'm so embarrassed...,,
ID00203,00001034,48,「姉をからかうもんじゃないわよ！,You shouldn't tease your sister like that!,,
ID00203,00001073,24,　じゃあねっ！」,See you later!,,
ID00203,00001379,45,「はうぁうあ……恥ずかしいこと,Ahahahaha... So embarrassing.,,
ID00203,000013b5,33,　ばっかり言ってぇ…」,All the time...,,
ID00203,00001686,33,「知らない！　バカ！」,I don't know! You idiot!,,
ID00203,00001bd0,39,（ちょっと恥ずかしい話や、,"That's kind of embarrassing, huh,",,
ID00203,00001c06,33,　行動をしすぎたか…）,Did I go too far?,,
ID00204,00001ebe,48,「あ！　すっごく、きれいな動画！,Wow! That's a really nice video!,,
ID00204,00001efd,24,　やるじゃない」,Good job!,,
ID00204,00002319,42,「これぐらい録ってくれれば、,Recording this is good enough.,,
ID00204,00002352,48,　私もがんばった甲斐があるかな」,I guess I did okay too.,,
ID00204,0000271e,24,「それじゃあね」,See ya.,,
ID00204,000028bf,54,「ふうん、なかなかいい動画じゃない。,Hmm... It's not bad at all.,,
ID00204,00002904,24,　悪くないわよ」,Not bad.,,
ID00204,00002d20,45,「その調子で、がんばりなさい」,Keep it up.,,
ID00204,000030e9,24,「それじゃあね」,See ya.,,
ID00204,0000328a,60,「う～ん…平凡な動画ねぇ。パッとしない」,Mm... This is just ordinary.,,
ID00204,000037c6,42,「はぁ…イマイチな動画ねぇ。,Phew... This video's not great.,,
ID00204,000037ff,27,　感心しないなぁ」,Nothing impressive here.,,
ID00204,00003d33,57,「もっとがんばりなさい。それじゃあね」,You need to do better. See ya.,,
ID00204,00004073,51,「うん、すっごくいい動画じゃない！,"Nope, it’s not a good video at all!",,
ID00204,000040b5,45,　被写体の魅力を引き出してる」,You're bringing out their charm.,,
ID00204,000044ff,57,「やるわね。その調子でがんばりなさい」,Well done. Keep up the good work.,,
ID00204,000048d4,24,「それじゃあね」,See ya.,,
ID00204,00004a75,57,「ふうん、なかなかいい動画だと思うよ。,"Hmm, I think this is quite a nice video.",,
ID00204,00004abd,33,　けど、被写体の魅力を,But you missed the charm.,,
ID00204,00004aed,39,　引き出し切れてないかな」,Maybe it's not fully captured yet.,,
ID00204,00005174,48,「もっといろいろ工夫してみれば？,Why don't you try more different things?,,
ID00204,000051b3,24,　それじゃあね」,See ya later.,,
ID00204,000055e3,39,「はぁ……平凡な動画ねぇ。,Haa... Such a plain video...,,
ID00204,00005619,45,　被写体の魅力が伝わらない…」,The subject's charm isn't coming through...,,
ID00204,00005c58,57,「もっとがんばりなさい。それじゃあね」,You need to do better. See ya.,,
ID00204,00005f6e,45,「はぁ……イマイチな動画ねぇ。,Haa... Such an average video...,,
ID00204,00005faa,27,　被写体の魅力を、,You missed their charm.,,
ID00204,00005fd4,51,　ちっとも引き出せてないじゃない」,You're not drawing out any of its appeal at all.,,
ID00204,00006546,63,「これじゃただ録ったのと一緒。つまんない」,This is just like recording it as-is. Boring.,,
ID00204,00006921,24,「それじゃあね」,See ya.,,
ID00204,00006ac2,48,「んぁ……きれいに録れてるけど、,"Hmm... It's recorded cleanly, but",,
ID00204,00006b01,60,　どこか、恥ずかしい感じがするのよねぇ」,there's something embarrassing about it.,,
ID00204,0000708e,54,「ん～、なかなかいい動画なんだけど、,"Mmm... It's actually a pretty good video,",,
ID00204,000070d3,45,　恥ずかしい感じがするのよね」,but there's an embarrassing feeling to it.,,
ID00204,000074fd,51,「はぁ……男子が録ったって感じね。,Huh... It definitely has that guy-recorded vibe.,,
ID00204,0000753f,36,　恥ずかしさが先立って、,"The embarrassment comes first,",,
ID00204,00007572,48,　被写体の魅力が伝わってこない」,The appeal isn't clear.,,
ID00204,00007b0c,51,「う～ん……全体に男目線なのよね。,Hmm... It's all from a male perspective.,,
ID00204,00007b4e,42,　恥ずかしくて、エッチで…」,It's embarrassing and dirty...,,
ID00204,000080b7,54,「もっと純粋に、美を追究しなさいよ」,Be more pure and pursue beauty.,,
ID00204,00008489,24,「それじゃあね」,See ya.,,
ID00204,0000863c,27,「ちょ、ちょっと！,W-Wait a second!,,
ID00204,00008666,45,　こんな恥ずかしい動画録って、,Why record this?,,
ID00204,000086a2,36,　どうするつもりよ！？」,What do you plan to do!?,,
ID00204,00008cf1,51,「エッチな動画じゃないんだからね！,This isn't an erotic video!,,
ID00204,00008d33,42,　よく考えなさい！　もう！」,Think more carefully! Enough!,,
ID00204,0000916c,54,「も、もう！　こんな恥ずかしい動画、,"S-Stop it! This is so embarrassing,",,
ID00204,000091b1,24,　ダメでしょ！」,That's not okay!,,
ID00204,0000972c,39,「う……恥ずかしい動画…」,Ugh... so embarrassing...,,
ID00204,00009a03,51,「こんなの録って、怒られたいの？」,Want me to get mad?,,
ID00204,00009b9f,48,「い、いや、そういうわけじゃ…」,"N-No, that's not what I meant...",,
ID00204,00009d72,45,「際どいところに迫るにしても、,"Even if it's a close call,",,
ID00204,00009dae,48,　もっときれいに録りなさいよ！」,you should record it cleaner!,,
ID00204,0000a17a,27,「それじゃあね！」,See you later!,,
ID00204,0000a56e,45,（ちょっと刺激が強すぎたか…）,Maybe that was too intense...,,
ID00204,0000a736,60,「はぁ…どことなく恥ずかしいのよねぇ…」,Huh... It's kind of embarrassing in some way...,,
ID00204,0000ab0e,42,「感心しない。それじゃあね」,Not impressed. See ya.,,
ID00204,0000b077,45,（ちょっと刺激が強すぎたか…）,Maybe that was too intense...,,
ID00204,0000b0e6,42,「“プリベアダック”の動画を,"""Private Duck"" video...",,
ID00204,0000b11f,30,　録ったんだけど…」,I recorded it...,,
ID00204,0000b4d2,42,「あ、かわいい動画じゃない。,"Ah, it's not a cute video.",,
ID00204,0000b50b,54,　流行ってるわよね、この変なアヒル」,"It's all the rage now, this weird duck.",,
ID00204,0000bb6c,60,「また見つけたら見せてね。それじゃあね」,"If you find another one, show me. See ya.",,
ID00204,0000be8b,45,「ふうん、見つけにくそうなのを,"Hmm, found something that looks hard to find.",,
ID00204,0000bec7,24,　見つけたわね」,You did.,,
ID00204,0000c27b,51,「いいんじゃない？　それじゃあね」,Sounds good to me! See ya.,,
ID00204,0000c578,54,「へ～っ、こんなところにもいたんだ。,"Wow, you found her here too?",,
ID00204,0000c5bd,42,　見つけるなんて、やるわね」,You really know how to find things.,,
ID00204,0000cc2e,60,「その調子で録っていくといいんじゃない？,Keep it up and you'll do great.,,
ID00204,0000cc79,24,　それじゃあね」,See ya later.,,
ID00204,0000cf74,45,「うわ、こんなとこにもいたの？,"Whoa, she was even here?",,
ID00204,0000cfb0,33,　よく見つけたわねぇ」,Good job finding her.,,
ID00204,0000d4dd,48,「その洞察力、女の子を録る時にも,It'll help with girls.,,
ID00204,0000d51c,42,　活かせるよ。それじゃあね」,See ya later.,,
ID00204,0000d978,39,「よくわかんない動画ねぇ。,I don't get what the big deal is.,,
ID00204,0000d9ae,36,　全然興味ないんだけど」,I'm not interested.,,
ID00204,0000dd87,24,「それじゃあね」,See ya.,,
ID00204,0000dde1,45,「悪い、やっぱ動画を見せるのは,"Sorry, I guess showing you that video",,
ID00204,0000de1d,24,　今度にするよ」,We'll do it next time.,,
ID00204,0000dfaa,30,「え？　どうして？」,Huh? Why not?,,
ID00204,0000e131,42,「もっといい動画じゃないと、,"If I can't find something better,",,
ID00204,0000e16a,45,　恥ずかしくて見せられない…」,I'll be too embarrassed to show you...,,
ID00204,0000e30c,27,「そっか…真剣ね」,Oh... You're serious.,,
ID00204,0000e5d7,57,「じゃあ、見せてくれるまで待とうかな。,"Okay then, I'll wait until you show me.",,
ID00204,0000e61f,24,　それじゃあね」,See ya later.,,
ID00205,0000235a,57,「夏を…９年分の夏休みを取り戻す…か。,Get back nine years of summer?,,
ID00205,000023a2,27,　ユイ姉らしいよ」,Sounds like you.,,
ID00205,00002550,57,「でしょ～っ。たっぷり楽しませてよね」,You betcha~. Have fun to your heart's content!,,
ID00205,00002877,51,「夕日に向かって決意を誓うなんて、,To swear your resolve toward the setting sun...,,
ID00205,000028b9,27,　マジ熱血だよな」,That's so热血 (netchaku)!,,
ID00205,00002a67,27,「フフッ、時には、,"Heh heh, sometimes,",,
ID00205,00002a91,60,　そういう芝居がかったことも必要なのよ」,it's necessary to put on such a dramatic show.,,
ID00205,00002ef6,36,「今日もいい天気だなぁ」,It's a nice day today.,,
ID00205,00003076,51,「そうねぇ、まさに夏って感じよね」,"Yeah, it's definitely summery.",,
ID00205,000034fc,57,「こう日差しが強いと、日焼けが心配よ」,Strong sun worries me.,,
ID00205,0000369e,51,「仕事柄、焼くわけにいかないしな」,I can't afford to get tanned because of my job.,,
ID00205,00003864,24,「そうなのよぉ。,That's right.,,
ID00205,0000388b,51,　そういうとこ自由がないのよねぇ」,There's no freedom in that kind of thing.,,
ID00205,00003cfe,42,「ま、好きで始めたことだし、,I chose to do it.,,
ID00205,00003d37,33,　仕方ないんだけどね」,Can't help it.,,
ID00205,000041ab,54,「はぁ…今年の夏も暑くなりそうねぇ」,Sigh... This summer is going to be hot again.,,
ID00205,00004538,21,「そうだな…」,Yeah...,,
ID00205,00004781,39,「海から来る蒸し暑い風が、,"Hot, humid sea breeze,",,
ID00205,000047b7,42,　不快指数を上げるのよねぇ」,really makes you uncomfortable.,,
ID00205,00004c59,36,「撮影って、天気が悪いと,No good with bad weather.,,
ID00205,00004c8c,42,　中止になったりするだろ？」,Gets canceled then.,,
ID00205,00004e49,48,「そうね、土砂降りなら中止かな」,"Yeah, they'd probably cancel in a downpour.",,
ID00205,0000534f,51,「急な休みって、うれしいのよねぇ」,Unexpected days off are always so nice.,,
ID00205,0000569d,42,「夏は洗濯物があっという間に,Summer clothes dry so fast.,,
ID00205,000056d6,27,　乾いていいよな」,"Dries real quick, huh?",,
ID00205,00005884,27,「フフッ、そうね。,"Heh, that's right.",,
ID00205,000058ae,63,　バスタオルがパリッと乾いて、気持ちいい」,The bath towel gets all crisp and feels great.,,
ID00205,00005d5a,51,「ユイ姉にとって、夏ってなんだ？」,"What does summer mean to you, Yu-san?",,
ID00205,00005f20,36,「水着のお・し・ご・と」,@str_000 swimsuit business,,
ID00205,0000618d,48,「なんか、夢があるのかないのか、,"I dunno if it's a dream or not,",,
ID00205,000061cc,36,　わかんねー答えだなぁ」,Unclear answer.,,
ID00205,00006383,33,「現実を言ったまでよ」,That's just the truth.,,
ID00205,000063e5,24,「夏といえば…」,What about summer...,,
ID00205,00006590,51,「そうね～、暑さに負けないように、,"Yeah, we can't let the heat get to us~",,
ID00205,000065d2,30,　元気出さなきゃね」,we've gotta stay positive.,,
ID00205,000068de,33,「こう暑いと、下敷きで,So hot you wanna fan each other~,,
ID00205,0000690e,42,　扇ぎあいしたくもなるよな」,don't you?,,
ID00205,00006acb,63,「あ、あれは、ちょっと童心に帰っただけよ。,"Hey, I was just being a little playful.",,
ID00205,00006b19,33,　いいでしょ、べつに」,"It's fine, really.",,
ID00205,0000738c,63,「ぐはぁ……暑い…。猛烈に暑い…きつい…」,Guh... It's so hot... So unbearably hot...,,
ID00205,0000755e,54,「も～っ、そんなに暑い暑い言わない！,Don't say it's that hot!,,
ID00205,000075a3,45,　こっちまで暑くなるでしょ！」,You'll make me hot too!,,
ID00205,000079e6,60,「んなこと言ったって、暑いものは暑い…」,"No matter what you say, it's still unbearably hot...",,
ID00205,00007bb5,45,「だから、我慢なさいってば！」,That's why I'm telling you to endure it!,,
ID00205,00007f07,63,「ユイ姉って、花粉症は大丈夫なんだっけ？」,"Hey, are you okay with hay fever?",,
ID00205,000080d9,21,「今んとこね」,For now.,,
ID00205,0000840b,36,「顔隠すのに便利だから、,"It's useful for hiding your face,",,
ID00205,0000843e,39,　マスクはよくしてるけど」,so I wear a mask often.,,
ID00205,000087ba,51,「はぁ…通り雨でも降ってくれれば、,If only there was a passing shower...,,
ID00205,000087fc,39,　涼しくなるんだけどなぁ」,It would get cooler though.,,
ID00205,00008b9d,42,「洗濯物、干してないのか？」,You didn't hang your laundry out to dry?,,
ID00205,00008dfb,39,「う…洗い直しはイヤね…。,Ugh... hate washing it again...,,
ID00205,00008e31,33,　宿舎以外で降って！」,Why can't it rain somewhere else?,,
ID00205,00009439,33,「ははは、無理だって」,"Haha, you wish.",,
ID00205,0000949b,45,「こう暑いと夜、寝苦しくて…」,Too hot to sleep well...,,
ID00205,0000965b,63,「冷たいシャワーをサッと浴びるといいわよ。,Take a quick cold shower.,,
ID00205,000096a9,63,　汗を流してスッキリすると、寝やすいから」,It'll refresh you and make it easier to sleep.,,
ID00205,00009afe,42,「なるほど、やってみるか…」,"Got it, let's give it a try...",,
ID00205,00009b69,42,「ユイ姉の好きな季節って？」,What season does Yui-nee like?,,
ID00205,00009d26,21,「秋から冬ね」,From fall to winter.,,
ID00205,00009d69,21,「どうして？」,Why?,,
ID00205,00009f11,54,「アウターや帽子で、いろいろコーデが,You can do many outfits with outerwear and hats.,,
ID00205,00009f56,24,　楽しめるから」,It's fun that way.,,
ID00205,0000a23c,63,「秋冬は、ファッションが楽しい季節なのよ」,Autumn and winter are fun for fashion.,,
ID00205,0000a421,48,「はぁ…天気予報の降水確率って、,Haa... Weather forecasts aren't reliable.,,
ID00205,0000a460,39,　あてにならないわよねぇ。,They're just not dependable.,,
ID00205,0000a496,63,　０％なのに、急に滝のように降ってきたり」,"Even at 0%, it suddenly pours like a waterfall.",,
ID00205,0000ab98,42,「ゲリラ豪雨は局地的だから、,"Squall lines are localized, so",,
ID00205,0000abd1,33,　当てづらいらしいぞ」,they're hard to predict.,,
ID00205,0000ad85,42,「まぁ、そうなんだろうけど、,"Yeah, I guess that's how it is, but",,
ID00205,0000adbe,42,　天気予報が当たった確率も、,It'd be nice if they gave the odds.,,
ID00205,0000adf7,30,　出して欲しいわよ」,You know?,,
ID00205,0000b22b,33,「ははは、それいいな」,"Hahaha, that's a good point.",,
ID00205,0000b28d,36,「こう暑い日が続くと…」,When it's this hot for so long...,,
ID00205,0000b444,45,「ホ～ント、体調崩さないように,"Really, you gotta be careful not to get sick",,
ID00205,0000b480,36,　気をつけなくっちゃね」,or else~,,
ID00205,0000b8f7,60,「この間、初等部の花壇の方を歩いてたら、,The other day while walking past...,,
ID00205,0000b942,45,　アサガオがいっぱい咲いてて、,I saw lots of morning glories blooming,,
ID00205,0000b97e,30,　懐かしかったなぁ」,It brought back some memories,,
ID00205,0000bc77,45,「観察日記を書かされたからな」,We had to write observation diaries back then,,
ID00205,0000be37,48,「私は仕事でろくに手伝えなくて、,I couldn't help much since busy.,,
ID00205,0000be76,57,　同じ班の子に迷惑かけちゃったけどね」,And ended up being a burden on my teammates,,
ID00205,0000c1a3,51,「フフッ、今でも胸がチクッと痛む。,"Heh, it still stings a bit in my chest.",,
ID00205,0000c1e5,48,　けど、それも大切な思い出よね」,But those are precious memories too.,,
ID00205,0000c6bc,51,「暑いのと寒いの、どっちが苦手？」,Do you hate hot weather or cold weather more?,,
ID00205,0000c882,45,「どっちも苦手だけど耐えるの」,I hate both of them but I endure it.,,
ID00205,0000cb7d,51,「まだ寒いのに水着の撮影だったり、,We shot swimsuit photos though cold.,,
ID00205,0000cbbf,45,　暑いのに厚着させられたり…、,When hot they make me wear thick clothes...,,
ID00205,0000cbfb,45,　季節先取りで大変なんだから」,It's tough dealing with seasons ahead.,,
ID00205,0000d051,60,「朝、昼、夕方、夜、どの時間が好きだ？」,Which time of the day do you like best?,,
ID00205,0000d220,54,「夕方が好きよ。静かで…穏やかで…」,Evening's my favorite. It's quiet... peaceful...,,
ID00205,0000d703,33,「慌ただしかった１日が,At the end of a busy day.,,
ID00205,0000d733,39,　終わるんだなぁって思う」,I feel it's coming to an end.,,
ID00205,0000da17,57,「ちょっと…寂しくなる時もあるけどね」,Sometimes I do get a little lonely though.,,
ID00205,0000dea3,24,「いつか、３人で,We should go together.,,
ID00205,0000deca,48,　ちゃんとお祭りへ行きたいわね」,to the festival properly.,,
ID00205,0000e19e,54,「そうだな…。録画は任せといてくれ」,Yeah... You can count on me for recording it.,,
ID00205,0000e330,45,「フフッ、じゃあ、まぁちゃんと,"Hehe, alright then, let's just make sure",,
ID00205,0000e36c,51,　お揃いの浴衣着ちゃお。楽しみ～」,Let's wear matching yukatas~,,
ID00205,0000e9be,36,「季節が移り変わる度に、,"With every changing season,",,
ID00205,0000e9f1,36,　時が流れていくのね…」,time just keeps flowing...,,
ID00205,0000ed33,27,「ああ、そうだな」,Sure thing.,,
ID00205,0000ef28,36,「ぶろ君もがんばってね」,"Keep up the good work, Bro-kun.",,
ID00205,0000f11b,39,「今年の夏は終わるけど…」,This summer is coming to an end...,,
ID00205,0000f2d5,48,「そうね、また夏は来るものね…。,"Yeah, summer always comes back...",,
ID00205,0000f314,27,　楽しみにしてる」,I can't wait.,,
ID00206,000025c4,51,「はぁ…この暑いのに勉強なんて…。,Phew... I can't even study in this heat...,,
ID00206,00002606,54,　学校休んで、パァ～ッと遊びた～い」,I wanna skip school and just have fun~,,
ID00206,00002cc8,15,「同感…」,...Agreed.,,
ID00206,00002e6a,30,「夏休みを返せ～っ」,Give back my summer~!,,
ID00206,00003004,60,「期末テスト、赤点は大丈夫だったのか？」,Did you pass your finals?,,
ID00206,000031d3,27,「ギリなんとかね」,Just barely made it.,,
ID00206,00003485,48,「仕事で授業を休んでるからって、,"Even though we're skipping classes for work,",,
ID00206,000034c4,36,　赤点だけは避けなきゃ。,we gotta avoid getting an F.,,
ID00206,000034f7,33,　仕事と学業の両立よ」,Balancing work and school.,,
ID00206,00003859,42,「ユイ姉って、初等部のころは,Yui-nee was top.,,
ID00206,00003892,57,　成績良かったのに、もったいないよな」,"but it's such a waste now, isn't it?",,
ID00206,00003a5e,33,「勉強より大切なことを,Found something better.,,
ID00206,00003a8e,57,　見つけちゃったからね。仕方ないわよ」,There's no help for it.,,
ID00206,00003dfc,42,「好きな教科ってあるのか？」,Do you have any favorite subjects?,,
ID00206,00003fb9,18,「世界史ね」,World history.,,
ID00206,00003ff9,30,「へ～っ、なんで？」,Oh? Why?,,
ID00206,000041aa,45,「色んな国の歴史を知るのって、,"Learning history's fun,",,
ID00206,000041e6,51,　楽しいじゃない？　実際行った時、,Isn't that cool?,,
ID00206,00004228,30,　役に立ちそうだし」,right?,,
ID00206,0000471a,57,「テストがなければ、最高なんだけどね」,It'd be perfect if there weren't any tests.,,
ID00206,0000493a,18,「はははは」,Hahaha,,
ID00206,0000498d,33,「宿舎で勉強してる？」,Are you studying in your dorm?,,
ID00206,00004b9b,60,「ちっとも。ストレスは美容の大敵だから」,Not at all. Stress is bad for beauty.,,
ID00206,00004d77,18,「はいはい」,Sure sure.,,
ID00206,00004dca,63,「一貫教育校でよかったよな、受験がなくて」,Glad we don't have exams.,,
ID00206,00004f9c,18,「そうね～」,Yeah~,,
ID00206,00005141,33,「高校受験があったら、,"If we had exams,",,
ID00206,00005171,54,　仕事に集中できなかったでしょうね」,"You wouldn't have been able to focus on work, right?",,
ID00206,00005722,39,「いい学校よ、光海学園は。,Mitsumi Academy is a great school.,,
ID00206,00005758,42,　夏休みがないこと以外はね」,"Aside from no break,",,
ID00206,00005b98,18,「はははは」,Hahaha,,
ID00206,00005beb,48,「夏休みだってのに勉強なんて…」,Even though it's summer vacation... studying...,,
ID00206,00005dba,51,「そうそう、詰め込み教育反た～い」,"Yeah, I hate cramming so much",,
ID00206,000060db,60,「心美先生も心配してるし、夏を満喫したら,"Ms. Shinmi is worried too, so enjoy your summer and",,
ID00206,00006126,36,　ちょっとは勉強しろよ」,Study a little bit,,
ID00206,0000631e,42,「はいはい、わかってるわよ」,"Okay okay, I know",,
ID00206,0000664d,54,「ぶろ君こそ、ちゃんと勉強なさいよ」,"You should study properly too, Bro-kun.",,
ID00206,000067ec,21,「お、おう…」,...right...,,
ID00206,00006842,48,「ユイ姉って、字がきれいだよな」,Yui-nee's handwriting is really nice.,,
ID00206,00006a21,63,「字は人を表す。いくらきれいに着飾っても、,Handwriting reflects...,,
ID00206,00006a6f,48,　字が雑だったら幻滅じゃない？」,Messy writing disappoints?,,
ID00206,00006f23,51,「見られても恥ずかしくないように、,I write neatly so no one's embarrassed.,,
ID00206,00006f65,63,　一字一字、丁寧に書くように心がけてるの」,I make an effort to write every character carefully.,,
ID00206,000073cd,42,「ユイ姉の苦手な教科って？」,What subject is Yui-nee bad at?,,
ID00206,0000758a,18,「数学よ…」,Math...,,
ID00206,00007776,33,「高等部の数学なんて、,"High school math and such,",,
ID00206,000077a6,36,　実生活でいらなくない？,Isn't it useless in real life?,,
ID00206,000077d9,33,　中等部までで十分よ」,Enough up to middle school.,,
ID00206,00007ad5,24,「まったくだ…」,You're right...,,
ID00206,00007c80,45,「はぁ…難しくなればなるほど、,"Haa... The more difficult it gets,",,
ID00206,00007cbc,60,　数学が嫌いになっていく。悪循環よねぇ」,the more I hate math. It's a vicious cycle.,,
ID00206,00008087,60,「最初の授業でいきなり苦手な数学なのと、,"Which would you prefer? Math first,",,
ID00206,000080d2,60,　最後の授業で数学なら、どっちがいい？」,or ending with it?,,
ID00206,000082bd,24,「最後よ、最後」,"Last one, the last one.",,
ID00206,000085a3,51,「朝いきなり数学で疲れちゃったら、,"If we start with math in the morning,",,
ID00206,000085e5,45,　その後の授業が大変じゃない」,the rest of your classes will be a hassle.,,
ID00206,00008a52,33,「数学は最後に回して、,"Let's put math at the end,",,
ID00206,00008a82,54,　出来ることならサボりたいぐらいよ」,I'd rather skip it if I could...,,
ID00206,00008ddb,63,「３年って、テストが多いんじゃないのか？」,Isn't there a lot of tests in third year?,,
ID00206,00008fad,48,「多いわよ～、イヤんなるぐらい」,There are so many~ It's annoying as hell.,,
ID00206,000092ab,57,「いい点取れる人は楽しいんだろうけど、,People who can get good grades probably enjoy it...,,
ID00206,000092f3,57,　私はユウウツになるばかり。はぁ～あ」,I just end up depressed~ Ahhh...,,
ID00206,00009890,54,「塾に通ってみたかったとかないか？」,Did you ever want to go to a cram school?,,
ID00206,00009a59,48,「そんなのあるわけないじゃない。,There's no way I'd do something like that.,,
ID00206,00009a98,39,　放課後にまた勉強なんて、,"Studying after school again,",,
ID00206,00009ace,39,　頼まれたってやんない！」,"Even if you asked me, I wouldn't do it!",,
ID00206,00009f0b,60,「塾で知り合う友達ってのもいると思うぞ」,You'll make friends at cram schools too.,,
ID00206,0000a0da,45,「なら、あんたが行きなさいよ」,Then why don't YOU go then?,,
ID00206,0000a135,39,「いや…俺も遠慮しとく…」,Nah... I'll pass on that too...,,
ID00206,0000a19d,39,「ユイ姉の場合、気分転換に,"For Yui-nee, it's gotta be tough that",,
ID00206,0000a1d3,54,　カフェで勉強ってわけにいかないのが,she can't just hit up a cafe to study.,,
ID00206,0000a218,18,　辛いよな」,That must suck.,,
ID00206,0000a3f2,39,「そうね～、気分転換なら、,"Yeah, if she wants a break,",,
ID00206,0000a428,33,　人気のないところね」,"Somewhere quiet, then.",,
ID00206,0000a724,33,「よく行く場所って？」,What's a usual spot for you?,,
ID00206,0000a8d8,36,「一番落ち着くのは家よ。,The most relaxing place is home.,,
ID00206,0000a90b,45,　特に仕事から帰って来た時は、,"Especially when I get back from work,",,
ID00206,0000a947,21,　ホッとする」,Relaxes me.,,
ID00206,0000ad85,39,「ユイ姉の場合、気分転換に,"For Yui-nee, it's gotta be tough that",,
ID00206,0000adbb,54,　カフェで勉強ってわけにいかないのが,she can't just hit up a cafe to study.,,
ID00206,0000ae00,18,　辛いよな」,That must suck.,,
ID00206,0000afda,39,「そうね～、気分転換なら、,"Yeah, if she wants a break,",,
ID00206,0000b010,33,　人気のないところね」,"Somewhere quiet, then.",,
ID00206,0000b30c,33,「よく行く場所って？」,What's a usual spot for you?,,
ID00206,0000b4c0,27,「ぶろ君の部屋よ」,"It's your room, Bro-kun.",,
ID00206,0000b637,15,「はは…」,Heh...,,
ID00206,0000b687,21,「勉強って…」,Studying...,,
ID00206,0000b852,48,「あ～あ～、真面目ぶっちゃって。,"Oh~ Oh~, being so serious.",,
ID00206,0000b891,27,　似合わないわよ」,You look silly.,,
ID00206,0000be71,57,「心美先生の補習、ハードだったわねぇ」,"Teacher Shinomiya's tutoring was tough, wasn't it?",,
ID00206,0000c013,51,「俺なんか、ユイ姉の巻き添えだよ」,I'm just getting dragged along by Yui-nee.,,
ID00206,0000c1d9,48,「なに言ってんのよ！　うまく私を,What are you talking about!?,,
ID00206,0000c218,63,　かくまえなかったのがいけないんでしょ？」,"It's because I didn't protect you, right?",,
ID00206,0000c532,33,「ユイ姉がもうちょっと,If Yui-nee had studied a bit,,
ID00206,0000c562,48,　勉強しとけばよかったんだよ！」,"more, this wouldn't have happened!",,
ID00206,0000c725,60,「あんたこそ勉強しとけばよかったのよ！」,You should've studied more too!,,
ID00206,0000c8ca,21,「ユイ姉が！」,About Yui-nee!,,
ID00206,0000ca72,21,「あんたが！」,About you!,,
ID00206,0000cc1d,15,「う～っ」,~,,
ID00206,0000cc5a,48,「はぁ…２人ともダメってことか」,Haa... Does that mean both of us are useless?,,
ID00206,0000ce1d,36,「そうね…、姉弟揃って、,Yeah... both of you.,,
ID00206,0000ce50,54,　勉強が足りないってことよ。はぁ…」,"Both siblings, huh? Haa...",,
ID00206,0000d2af,51,「夏の課題って、全部終わったか？」,You finished all the summer assignments?,,
ID00206,0000d475,51,「あんなのこれから気合い入れれば、,"With some effort, you can.",,
ID00206,0000d4b7,27,　すぐ終わるわよ」,You'll finish it soon.,,
ID00206,0000d7ad,48,「…ってことは終わってないのか」,"Still, you haven't finished them?",,
ID00206,0000d970,57,「うっさいわねぇ。人のこと言えるの？」,You're such a nag. Who are you to talk?,,
ID00206,0000db49,12,「う…」,...,,
ID00206,0000dcfb,45,「勉強漬けのミツミキャンプも、,"The all-study Mitsumi Camp, too,",,
ID00206,0000dd37,42,　終わるとなると寂しいわね」,It's lonely when it ends.,,
ID00206,0000e140,45,「ユイ姉は今年で最後だからな」,This is Yui-nee's last one.,,
ID00206,0000e2c9,57,「フフッ、ぶろ君は来年もがんばってね」,"Heheh, keep up the good work next year too, bro.",,
ID00206,0000e63a,45,「はぁ…気が重くなることを…」,Sigh... thinking about heavy stuff...,,
ID00206,0000e80d,63,「秋といえば、勉強の秋よ。がんばりなさい」,It's study season! Work hard!,,
ID00206,0000eb27,36,「俺のこと言ってないで、,"Don't talk about me,",,
ID00206,0000eb5a,33,　ユイ姉もがんばれよ」,You should try your best too.,,
ID00206,0000ed0e,36,「私はほどほどでいいの。,I'm fine with just doing okay.,,
ID00206,0000ed41,51,　卒業したら、人生という名の勉強が,"After graduation, more learning lies ahead.",,
ID00206,0000ed83,27,　始まるんだから」,It's just beginning.,,
ID00206,0000f3aa,57,「ぶろ君って、光海大学へ進学するの？」,Are you going to Mitsumi University?,,
ID00206,0000f54c,36,「たぶん、そうだろうな」,"Probably, huh?",,
ID00206,0000f703,15,「そっか」,Oh yeah,,
ID00206,0000f86e,48,「まぁちゃんのこと、よろしくね」,Take care of Maa-chan for me.,,
ID00206,0000fa3e,27,「ああ、もちろん」,"Sure, of course.",,
ID00206,0000fa9a,39,「一生勉強って言うけど…」,They say it's a life of study...,,
ID00206,0000fc60,57,「そうね。いろいろ経験を積みなさいって,Yeah. Just try lots of different things.,,
ID00206,0000fca8,15,　ことよ」,That's right.,,
ID00207,0000354b,36,「まひろは明るいわよね。,"Mahiro's so cheerful, isn't she?",,
ID00207,0000357e,33,　慣れない光海学園で、,Still getting used to it.,,
ID00207,000035ae,45,　戸惑うことも多いはずなのに」,and must be confused a lot,,
ID00207,00003a1b,63,「なるべく話しかけるようにしてあげなきゃ」,I should try to talk to her more.,,
ID00207,00003a88,27,「ああ、そうだな」,Sure thing.,,
ID00207,00003ae4,57,「前の学期は、出席日数足りてたのか？」,Did she have enough attendance days last semester?,,
ID00207,00003cb0,54,「なんとかね～。どんな小さな仕事も、,"Yeah, just barely...",,
ID00207,00003cf5,42,　上京しなきゃならないから、,"I have to move to the city though,",,
ID00207,00003d2e,39,　学校を休みがちで大変よ」,so I end up missing a lot of school.,,
ID00207,0000417e,39,「都会の学校に転校した方が,Maybe a city school.,,
ID00207,000041b4,54,　仕事的にはよかったんじゃないか？」,for work reasons?,,
ID00207,0000437d,33,「イヤよ、１人なんて」,"Don't wanna, I hate being alone",,
ID00207,0000466c,57,「ぶろ君のお世話になれないじゃなぁい」,You won't be able to take care of me then,,
ID00207,0000485b,15,「はは…」,Heh...,,
ID00207,000048ab,45,「１日の計画表って出したか？」,Did you make a schedule for the day?,,
ID00207,00004a6b,63,「もちろん。すっごく勉強する優等生のをね」,Like an overachiever.,,
ID00207,00004daf,42,「あんなのウソでもなんでも、,No matter how fake that is,,
ID00207,00004de8,33,　出しとけばいいのよ」,Just put it out there,,
ID00207,00004f72,30,「身も蓋もないなぁ」,That's brutally honest.,,
ID00207,00004fd1,33,「光海学園の良さって、,What's good about it?,,
ID00207,00005001,36,　どんなとこだと思う？」,Where do you think it's great?,,
ID00207,000051b8,12,「ん～」,Hmm~,,
ID00207,00005357,60,「ぶろ君や、まぁちゃんがいるってとこね」,"It's places like bro-kun and Maa-chan, right?",,
ID00207,000054fc,36,「それ、学校の良さか？」,Is that what makes a school good?,,
ID00207,000056b3,33,「２人がいなかったら、,"If those two weren't there,",,
ID00207,000056e3,63,　魅力なんてないも同然よ。どんな学校もね」,No charm whatsoever.,,
ID00207,00005a10,51,「宿舎での暮らしはもう慣れたか？」,You're used to living in the dorms now?,,
ID00207,00005bd6,48,「ぶろ君の部屋に行きづらいのが、,"It's a bit hard to go to your room, bro.",,
ID00207,00005c15,24,　ちょっとねぇ」,Kind of tough.,,
ID00207,00005d96,39,「俺の部屋に忍び込むな！」,Don't sneak into my room!,,
ID00207,00005f50,45,「またまたぁ、うれしいくせに」,"Oh, come on, don't get so happy.",,
ID00207,00006133,27,「うれしくない！」,I'm not happy!,,
ID00207,0000618f,51,「宿舎での暮らしはもう慣れたか？」,You're used to living in the dorms now?,,
ID00207,00006355,60,「まぁね。１人暮らしみたいでいいものよ」,"Well, it's like living alone and that's okay.",,
ID00207,000067d1,57,「ぶろ君の部屋に押しかけられないのが、,"I can't just barge into your room anymore,",,
ID00207,00006819,21,　残念だけど」,which is kinda sad.,,
ID00207,000069ce,42,「大人しくしてろ、大人しく」,"Behave, behave.",,
ID00207,00006a39,57,「学校で気に入ってる場所ってあるか？」,Are there any places at school you like?,,
ID00207,00006c05,21,「特にな～い」,Not really~,,
ID00207,00006c48,24,「そうなのか？」,Is that so?,,
ID00207,00006df3,51,「部活に打ち込んだわけでもないし、,"I'm not that into club activities either,",,
ID00207,00006e35,63,　そんな思い入れのある場所なんてないわよ」,There's nowhere I have such strong feelings for.,,
ID00207,000072cc,51,「…強いて挙げれば、初等部の教室が,...the elementary classroom.,,
ID00207,0000730e,33,　懐かしくて好きかな。,It feels nostalgic and nice.,,
ID00207,0000733e,36,　机が小さくてかわいい」,The desks are small and cute.,,
ID00207,00007809,60,「学校にプライベートビーチがあるなんて、,"Having a private beach at school,",,
ID00207,00007854,42,　世界でもうちぐらいだよな」,One of the coolest.,,
ID00207,00007a11,60,「そうね。そこが魅力で入学してくる生徒も,That's why students enroll here.,,
ID00207,00007a5c,18,　多いしね」,It sure does.,,
ID00207,00007d73,48,「体育でビーチスポーツが出来て、,"We can play beach sports during PE,",,
ID00207,00007db2,30,　いいんじゃない？」,Isn't that nice?,,
ID00207,00007f4c,57,「うちの学校の制服って気に入ってる？」,Do you like our school uniform?,,
ID00207,00008118,60,「ありきたりじゃなくていいんじゃない？」,"I think it's pretty cool, not your usual stuff.",,
ID00207,00008422,63,「襟の形を見れば、すぐ光海学園ってわかるし,It's obvious it's Mitsumi.,,
ID00207,00008470,42,　特徴があるのはいいことよ」,Having distinctive features is good too.,,
ID00207,00008788,51,「宿舎暮らしだと、学校が近いから、,"Living in the dorms means school's close,",,
ID00207,000087ca,36,　遅刻しなくていいよな」,"so you won't be late, right?",,
ID00207,00008981,60,「フフッ、そうね。朝の時間に余裕があって,"Hehe, that's true. You have more time in the morning",,
ID00207,000089cc,21,　いいわよね」,which is nice.,,
ID00207,00008e0a,39,「昼休みってなにしてる？」,What do during lunch?,,
ID00207,00008ff9,27,「お昼を食べたら、,"After eating lunch,",,
ID00207,00009023,48,　学校の周りをブラブラ散歩かな」,I guess I just walk around the school.,,
ID00207,0000945c,51,「仕事のメールとか電話が入るから、,"Since work emails and calls come in,",,
ID00207,0000949e,33,　１人になりたいのよ」,I want to be alone.,,
ID00207,00009672,54,「屋上からの眺めって、きれいだよな」,"The view from the rooftop is nice, right?",,
ID00207,0000983b,39,「フフッ、海が近いからね」,"Hehe, because it's close to the sea.",,
ID00207,00009b30,27,「けど…夕焼けは、,But... sometimes.,,
ID00207,00009b5a,51,　ちょっともの悲しい時があるかな」,feels a bit melancholic.,,
ID00207,00009e44,30,「うちの学校って…」,Our school is...,,
ID00207,0000a001,45,「そうね、いい学校だと思うよ」,"Yeah, I think it's a good school.",,
ID00207,0000a346,51,「ウフフッ、黒板消し落としなんて、,"Heheh, chalk erasers...",,
ID00207,0000a388,63,　古典的なイタズラに引っかかるなんてねぇ」,I can't believe you fell for such a classic prank!,,
ID00207,0000a6a2,39,「俺を心配させるからだ！」,You're making me worried!,,
ID00207,0000a85c,63,「フフッ、血相変えて飛び込んできたものね」,"Hehe, you came rushing in with your face all red.",,
ID00207,0000ab69,57,「ぶろ君のいいところね、そういうとこ」,"That's one of your good points, isn't it?",,
ID00207,0000ad1e,63,「学園の公式サイトってチェックしてるか？」,Do you check the school's official website?,,
ID00207,0000af13,39,「ぜ～んぜん。興味ないし」,Not at all. I'm not interested.,,
ID00207,0000b0da,63,「大事なことを見逃してたらどうするんだ？」,What if you miss something important?,,
ID00207,0000b2c2,57,「そんなのぶろ君が教えてくれるでしょ？,Isn't that what Bro-kun would?,,
ID00207,0000b30a,21,　よろしくね」,Nice to meet you.,,
ID00207,0000b60d,63,「心美先生って、みんなから人気あるよなぁ」,"Sensei is really popular with everyone, right?",,
ID00207,0000b7df,60,「先生っぽくないところがいいんじゃない？,Maybe it's because she doesn't seem like a teacher?,,
ID00207,0000b82a,48,　すっごくかわいらしい人だもの」,She's super cute.,,
ID00207,0000bb5f,39,「あれで、勉強しなさいって,If only she'd say 'Study harder',,
ID00207,0000bb95,30,　言わなければなぁ」,right?,,
ID00207,0000bd1c,33,「いや、先生だから…」,"No, because she's the teacher...",,
ID00207,0000bd7e,63,「宿舎に置いてある新聞って、読んでるか？」,Do you read the newspapers left in the dorms?,,
ID00207,0000bf50,51,「芸能欄だけね。全国紙が取り上げる,Only the entertainment section.,,
ID00207,0000bf92,63,　トピックスって、どんなのか気になるのよ」,I'm curious what kind of topics they feature.,,
ID00207,0000c424,51,「うちの学校って部活が盛んよねぇ。,"Our school has a lot of clubs, huh?",,
ID00207,0000c466,54,　ぶろ君でさえ入るくらいなんだから」,Even Bro-kun joined one.,,
ID00207,0000c777,36,「俺は成り行きだけどな」,It just happened for me.,,
ID00207,0000c92e,57,「みんなでワイワイガヤガヤ楽しそうね」,Everyone looks like they're having fun chatting.,,
ID00207,0000cad0,51,「…ユイ姉も入ってみたかったか？」,"...Did you want to join too, Yui-nee?",,
ID00207,0000ccee,36,「ううん、そうでもない。,"Nah, not really.",,
ID00207,0000cd21,54,　みんなに合わせるのって苦手だから」,I'm not good at going with the flow.,,
ID00207,0000d307,36,「けど、楽しそうにしてる,But everyone looks happy.,,
ID00207,0000d33a,57,　ぶろ君を見るのは好き。がんばってね」,"I like looking at you, bro. Good luck.",,
ID00207,0000d661,54,「うちの学校の気に入らないとこって、,What don't you like about our school?,,
ID00207,0000d6a6,18,　あるか？」,Is there anything?,,
ID00207,0000d8a3,57,「…ううん、ないよ。いい学校だと思う」,"...No, it's great.",,
ID00207,0000dd1c,57,「慣れればミツミキャンプも楽しいしね」,"Once you get used to it, Mitsumi Camp's fun too.",,
ID00207,0000ded1,45,「宿舎の部屋って、海が見えて、,"The dorm rooms have a view of the sea,",,
ID00207,0000df0d,48,　高級マンションみたいだよなぁ」,it feels like a fancy apartment building.,,
ID00207,0000e0dc,57,「そうそう、学校の宿舎にしておくのは、,"Yeah, that'd be a waste.",,
ID00207,0000e124,33,　もったいないわよね」,It'd be a shame.,,
ID00207,0000e585,54,「リゾートホテルとして貸し出したら、,they'd be booked solid.,,
ID00207,0000e5ca,21,　予約殺到よ」,They'll fill up.,,
ID00207,0000e77f,18,「はははは」,Hahaha,,
ID00207,0000e7d2,60,「学校で涼むなら、やっぱり図書室だよな」,it's gotta be the library.,,
ID00207,0000e9a1,48,「いやよ、あんな居心地悪いとこ」,"No way, it's so uncomfortable there.",,
ID00207,0000ec9f,39,「勉強禁止の図書室があれば,If there was a study-free library,,
ID00207,0000ecd5,30,　いいんだけどねぇ」,that'd be great though.,,
ID00207,0000ee5c,36,「いやいや、学校だから」,"Nah, it's school after all.",,
ID00207,0000eec1,54,「校則だと、学園内の携帯電話の使用を,"The school rules ban cell phone use,",,
ID00207,0000ef06,42,　禁じてるって知ってるか？」,Did you know about it?,,
ID00207,0000f0c3,60,「そんなの初等部の頃から守ってないわよ」,I've been fighting that since elementary school.,,
ID00207,0000f12d,54,「携帯なしじゃ仕事にならないもんな」,You can't work without your phone anyway.,,
ID00207,0000f312,24,「そういうこと」,That's it.,,
ID00207,0000f36b,60,「どんな学校にも怪談話がつきものだよな」,"Every school has its ghost stories, right?",,
ID00207,0000f53a,33,「全く信じないけどね」,I don't believe them.,,
ID00207,0000f829,39,「霊だの、妖怪だのなんて、,"You know, ghosts and yokai,",,
ID00207,0000f85f,42,　何かの見間違いか、迷信よ」,"Misidentifications, maybe.",,
ID00207,0000fb40,36,「うちの学校の周りって、,Nature surrounds our school.,,
ID00207,0000fb73,36,　自然が多くていいよな」,It's nice with lots of nature.,,
ID00207,0000fcf3,54,「そうね～、リラックスできるわよね」,"Yeah, it is relaxing.",,
ID00207,0001002e,54,「都会の学校じゃ、味わえない贅沢よ」,Something you can't experience in the city.,,
ID00207,000101e0,33,「この間、昼休みに…」,The other day at lunch...,,
ID00207,00010394,57,「フフッ、いいわね。楽しそうじゃない」,"Hehe, that sounds nice. It looks like fun.",,
ID00207,00010820,45,「夏の砂浜を３人で歩くなんて…,Walking on the beach with three people...,,
ID00207,0001085c,39,　もうあんまりないかもね」,It might not happen again soon.,,
ID00207,000109ec,54,「日本に帰ってきたら、また歩けるよ」,You can walk around again in Japan.,,
ID00207,00010b7e,51,「うん、そうね。その時が…楽しみ」,"Yeah, I'm looking forward to it.",,
ID00207,00010fda,57,「職員室へ入る時って、緊張しないか？」,Don't you feel nervous going into the faculty room?,,
ID00207,000111b2,63,「するする。いい話で呼び出されないものね」,Of course. They never call us in for good news.,,
ID00207,00011631,51,「はぁ～あ…優等生がうらやましい」,Phew... I'm so jealous of the honor students,,
ID00207,00011908,24,「ホントだよ…」,You're right...,,
ID00207,00011961,42,「ミツミキャンプが終わって、,"Now that Mitsumi Camp is over,",,
ID00207,0001199a,51,　一番にやりたいことってなんだ？」,What's the first thing you wanna do?,,
ID00207,00011b60,36,「ソファに寝っ転がって、,Lay on the couch and,,
ID00207,00011b93,36,　おせんべい食べた～い」,eat some crackers...,,
ID00207,00011d57,60,「そんなの宿舎のベッドでも出来るだろ？」,You can do that in the dorm beds too.,,
ID00207,00011f26,33,「家のソファがいいの。,My couch at home.,,
ID00207,00011f56,42,　音に誘われて、まぁちゃんが,Maa-chan comes over lured by the sound.,,
ID00207,00011f8f,33,　やってくるんだから」,So I said.,,
ID00207,0001252b,27,「一緒にのんびり、,Let's just relax together.,,
ID00207,00012555,51,　もたれ合って食べるのがいいのよ」,lean on each other while we eat.,,
ID00207,000129a4,57,「卒業まであと半年…。これまで以上に、,Only six months till graduation...,,
ID00207,000129ec,48,　ぶろ君に甘えておかなくっちゃ」,"I have to be a bit of a brat with you, Blur-kun.",,
ID00207,00012cf7,51,「はは…これまで以上って…無理…」,Haha... More than ever... That's impossible...,,
ID00207,00012d6b,54,「光海学園で、一番学んだことって？」,What did I learn the most at Mitsumi Academy?,,
ID00207,00012f34,42,「自主性…かな。自分で考えて,Independence... maybe?,,
ID00207,00012f6d,54,　行動しなさいって、校風じゃない？」,"Yeah, everything's free here.",,
ID00207,000133f0,42,「ああ、何事も自由だからな」,"Right, you can do whatever you want.",,
ID00207,000135ad,36,「私に合ってたと思うよ」,I think it suited me.,,
ID00207,00013612,60,「いつか将来…自分に子供が出来たとして、,When I have kids someday...,,
ID00207,0001365d,39,　光海学園に通わせたい？」,I want to send them to Mitsumi Academy?,,
ID00207,00013817,36,「もちろんよ。子供にも、,"Of course, my kids,",,
ID00207,0001384a,63,　ミツミキャンプの厳しさを味わわせなきゃ」,Have to taste Mitsumi Camp's harshness.,,
ID00207,00013b64,21,「そこかよ！」,That's it!,,
ID00207,00013bba,48,「新学期が始まると、衣替えだな」,Time to change clothes.,,
ID00207,00013d7d,60,「そうね～、冬服に袖を通すのも最後だし、,Last time for this uniform...,,
ID00207,00013dc8,51,　じっくり堪能しておかなくっちゃ」,I have to enjoy it while I can.,,
ID00207,0001423b,51,「もうすぐＪＫじゃなくなるなんて、,"It's sad that I won't be a junior anymore soon,",,
ID00207,0001427d,33,　寂しいよぉ、ぶろ君」,"I'll miss you, bro.",,
ID00207,00014579,60,「じゃあ、来年もミツミキャンプやるか？」,"So, will there still be Mitsumi Camp next year?",,
ID00207,0001477d,33,「さ～て、卒業、卒業。,"Graduation, graduation.",,
ID00207,000147ad,36,　寂しくなんかないぞ～」,I'm not gonna be lonely~,,
ID00207,00014b3b,60,「屋上に吹く風が、涼しくなってきたよな」,"The wind on the rooftop's gotten cooler, huh?",,
ID00207,00014d0a,42,「もう、夏が終わるからね…」,"Well, summer's over now...",,
ID00207,00015002,33,「楽しい夏だったわね」,"It was a fun summer, huh?",,
ID00207,00015051,27,「ああ、そうだな」,Sure thing.,,
ID00207,000150ad,57,「もうすぐミツミキャンプも終わるけど、,"Soon, Mitsumi Camp will be over too, but",,
ID00207,000150f5,42,　宿舎暮らしも楽しかったな」,living in the dorms was fun.,,
ID00207,000152b2,60,「そうね～、たまには集団生活もいいわね」,Yeah~ sometimes group living is nice.,,
ID00207,000156f7,54,「ぶろ君のおかげで、いっぱい思い出が,"Thanks to you, Bro-kun, I have lots of memories",,
ID00207,0001573c,24,　出来ちゃった」,Turns out that way.,,
ID00207,00015a35,39,「出会いと別れを繰り返す…,Meeting and parting over and over...,,
ID00207,00015a6b,42,　学校ってそういうものよね」,"School is like that, right?",,
ID00207,00015d39,21,「そうだな…」,Yeah...,,
ID00207,00015ee1,51,「いつまでも同じ所にいられない…。,Can't stay in the same place forever...,,
ID00207,00015f23,51,　巣立たなきゃいけないってことね」,It's time to leave the nest.,,
ID00207,00016244,36,「光海学園の良さって…」,What's good about Mitsumi Academy...,,
ID00207,000163fb,51,「そうね…いい思い出がいっぱいよ」,Yeah... I have lots of good memories.,,
ID00208,00002812,55,「『End of Summer』か…。いい企画だな…」,"'End of Summer', huh... That's a good idea...",,
ID00208,000029dc,57,「当たり前よ。私の集大成にするつもりで,Of course. I'll make it my masterpiece.,,
ID00208,00002a24,27,　受けたんだから」,I accepted it after all.,,
ID00208,00002e9b,45,「絶対にいい写真集にするわよ」,I'll definitely make a great photo album.,,
ID00208,0000306e,45,「楽しかったわね、２人で行った,"That was fun, the two of us going to",,
ID00208,000030aa,24,　ブックカフェ」,the book cafe.,,
ID00208,0000322b,57,「俺は読みたい本が読めなかったけどな」,I couldn't read the books I wanted to though.,,
ID00208,000033f7,45,「心の狭いこと言っちゃってぇ。,You're such a tightwad.,,
ID00208,00003433,45,　そんなことじゃモテないわよ」,That won't get you any dates.,,
ID00208,000038b3,42,「ったく、気をつけなさいよ。,"Honestly, be more careful.",,
ID00208,000038ec,48,　ブックカフェで、小さな女の子の,"At the book cafe, there's a little girl.",,
ID00208,0000392b,51,　水着グラビアを立ち読みなんて…」,Flipping through swimsuit pictorials...,,
ID00208,00004021,51,「わ、わかってるって。小さいころの,"I know that already. When I was little,",,
ID00208,00004063,48,　ユイ姉を思い出しただけだって」,It's just because I remembered my sister Yui.,,
ID00208,000040d4,54,「普段、どんな音楽聴いてんだっけ？」,What kind of music do you usually listen to?,,
ID00208,0000429d,42,「話題になってる曲を一通り」,I'll play the popular songs.,,
ID00208,00004595,48,「ヒットするには理由があるから、,"There's a reason they're hits, so",,
ID00208,000045d4,33,　聴いておかなきゃね」,I should listen to them.,,
ID00208,000048e3,54,「ＣＤって何枚ぐらい持ってたっけ？」,How many CDs do I have anyway?,,
ID00208,00004aac,57,「事務所からサンプル版をもらえることが,"Sometimes the agency gives me samples,",,
ID00208,00004af4,45,　あるから、いっぱいあるわよ。,so I've got lots of them.,,
ID00208,00004b30,36,　１００枚ぐらいかな？」,Maybe about 100?,,
ID00208,00004e2f,51,「部屋のどこに置いてあるんだよ？」,Where are they kept in my room?,,
ID00208,00004ff5,45,「押し入れの奥にしまってある。,They're stored at the back of the closet.,,
ID00208,00005031,39,　パソコンに読み込んだら、,"Once I load them onto the PC,",,
ID00208,00005067,30,　もう使わないしね」,I won't use them anymore.,,
ID00208,00005373,51,「ＣＤデビューする気はないのか？」,You don't want to make a CD debut?,,
ID00208,00005539,45,「そんな話、何度もあったけど、,"We've had that conversation so many times,",,
ID00208,00005575,27,　断ったじゃない」,"I said no, didn't I?",,
ID00208,00005895,51,「柄じゃないわよ、アイドルなんて」,It's not my style to be an idol.,,
ID00208,00005a44,54,「メジャーなアーティストのＣＤって、,CDs by major artists have such great sound quality.,,
ID00208,00005a89,33,　すげー音がいいよな」,The sound is amazing.,,
ID00208,00005c3d,33,「ああ、わかるわかる。,"Oh yeah, I get it.",,
ID00208,00005c6d,36,　楽器の音が生っぽくて、,The sound is so natural.,,
ID00208,00005ca0,51,　１音１音がくっきりしてるわよね」,"Every note is crystal clear, isn't it?",,
ID00208,00006403,54,「録音にお金をかけてるからじゃない？,Isn't that because they spent a lot on recording?,,
ID00208,00006448,36,　服も音楽も、いいものは,Good stuff shows in the finish.,,
ID00208,0000647b,39,　仕上がりに差が出るのよ」,It makes a difference.,,
ID00208,000068cb,51,「本格的なオーディオを買おうとか、,Get some serious audio equipment?,,
ID00208,0000690d,27,　思わないのか？」,Or something?,,
ID00208,00006abb,36,「ん～、私の部屋に合う、,"Hmm, something to fit my room.",,
ID00208,00006aee,54,　アーティスティックなデザインなら、,I might consider buying it.,,
ID00208,00006b33,30,　買ってもいいかな」,Maybe I could...,,
ID00208,0000705e,36,「けど、そういうのって、,But stuff like that...,,
ID00208,00007091,54,　メチャクチャ高いのよ。何百万とか」,"It's super expensive, like millions.",,
ID00208,00007514,30,「ゲッ、なんだそれ」,"Whoa, what's that?",,
ID00208,000076fa,48,「ま、いつか買ってもいいけどね。,"Well, maybe I could buy it someday.",,
ID00208,00007739,39,　モデルでもっと稼いだら」,If I earn more as a model.,,
ID00208,00007b89,51,「楽器が弾けるようになるとしたら、,"If I could play an instrument,",,
ID00208,00007bcb,33,　どんな楽器がいい？」,which one would you like?,,
ID00208,00007d7f,27,「別に興味な～い」,I don't really care~,,
ID00208,00008068,27,「楽器は弾くより、,I prefer listening.,,
ID00208,00008092,42,　聴かせてくれる方が好きよ」,Calm music is essential.,,
ID00208,00008373,21,「音楽って…」,Music is...,,
ID00208,0000851b,33,「そうね、リラックスに,"That's right,",,
ID00208,0000854b,42,　いい音楽は欠かせないわね」,It's important.,,
ID00208,00008991,33,「『Summer Memories』か…」,"'Summer Memories', huh...",,
ID00208,00008b45,63,「私が協力するんだから、いい作品にしないと,"I'm helping out, so you have to make a good work or",,
ID00208,00008b93,27,　承知しないわよ」,I won't accept it.,,
ID00208,00008edc,57,「わ、わかってるって。俺なりに、精一杯,W-We get it. I'll do my best,,
ID00208,00008f24,45,　ユイ姉の９年分の夏を録るよ」,to record nine years of summer for Yuichan.,,
ID00208,00008fdb,30,「うん…それでいい」,"...Yeah, that's fine.",,
ID00208,00009327,51,「フフッ、私の代わりに読書感想文、,"Hehe, reading reports in place of me,",,
ID00208,00009369,21,　よろしくね」,Nice to meet you.,,
ID00208,00009659,36,「はぁ…わかってるって」,Haa... We know.,,
ID00208,000096be,45,「ユイ姉って、本読まないよな」,"You don't read books, do you, Yuu-neesan?",,
ID00208,0000987e,48,「しっつれいねぇ、読んでるわよ。,"Sorry, I do read them.",,
ID00208,000098bd,33,　雑誌とか、漫画とか」,Magazines and manga too.,,
ID00208,00009d1e,45,「本は気楽に読めるのが一番よ」,Books are best when they're easy to read.,,
ID00208,00009ec7,45,「電子書籍って利用してるか？」,Do you use e-books?,,
ID00208,0000a087,57,「あんまり。スマホだと画面が小さいし、,"Not really. The screen's small on a phone,",,
ID00208,0000a0cf,48,　タブレットだと重たいんだもん」,and tablets are heavy.,,
ID00208,0000a576,42,「今んとこ、紙の本の勝ちね」,"Right now, paper books win.",,
ID00208,0000a71c,54,「写真集もデジタル化されてるよなぁ」,"Photobooks are going digital, too, right?",,
ID00208,0000a8e5,45,「私はあんまり好きじゃな～い」,I'm not really into that.,,
ID00208,0000a940,21,「どうして？」,Why?,,
ID00208,0000aae8,60,「写真って、スマホやタブレットによって、,Photos vary by device.,,
ID00208,0000ab33,54,　色や画質が変わっちゃうじゃない？」,right? The colors and quality change.,,
ID00208,0000afa9,48,「すっごくきれいなのがあったり、,"Some are super clear,",,
ID00208,0000afe8,39,　ボヤけたのがあったり…」,while others are blurry...,,
ID00208,0000b314,39,「意図した形で見てもらえる,I like physical photobooks,,
ID00208,0000b34a,30,　紙の写真集が好き」,I love paper photo books.,,
ID00208,0000b4e4,51,「ネット通販と電子書籍に押されて、,"With online shopping and e-books pushing them out,",,
ID00208,0000b526,24,　街の本屋さんが,Bookstores in town are,,
ID00208,0000b54d,45,　どんどん潰れてるみたいだぞ」,going under one after another.,,
ID00208,0000b70d,54,「そうなのよねぇ…、みんな便利な方に,"That's true... everyone's going for convenience,",,
ID00208,0000b752,42,　流されて行っちゃうから…」,...we're all just getting swept away.,,
ID00208,0000ba81,63,「お店独自のポップとか、私は好きだけどね」,I like the unique displays in stores...,,
ID00208,0000bc3c,57,「ヘッドホンって、どんなの使ってる？」,What kind of headphones do you use?,,
ID00208,0000be08,57,「お店でかわいいって思ったのを適当に」,Just pick something cute from the store.,,
ID00208,0000c10f,45,「耳に付けるアクセサリーだし、,"It's an accessory for your ears, so",,
ID00208,0000c14b,36,　音より、見た目重視よ」,looks are more important than sound.,,
ID00208,0000c33e,42,「いつも読んでる雑誌って？」,What magazine do you usually read?,,
ID00208,0000c4fb,45,「もちろん、ファッション誌よ。,"Naturally, fashion magazines.",,
ID00208,0000c537,57,　行きつけの美容室にいっぱいあるから、,"There are plenty at my regular salon,",,
ID00208,0000c57f,30,　一気に読んじゃう」,So I just breeze through them.,,
ID00208,0000c9c6,33,「たまに読む本って…」,What occasional reads?,,
ID00208,0000cbaf,51,「はいはい、読書家でもないクセに、,"Yeah yeah, even though you're not a reader,",,
ID00208,0000cbf1,45,　もっともらしいこと言わない」,don't say such bullshit,,
ID00208,0000cf43,39,「まさか、漫画の一気買いに,I never thought you'd end up buying,,
ID00208,0000cf79,39,　つき合わされるとはなぁ」,and get dragged along with it,,
ID00208,0000d133,57,「フフッ、読みたい時が面白い時ってね」,"Hehe, when reading's fun is when I want to read",,
ID00208,0000d5e8,60,「ユイ姉って、意外とカラオケ好きだよな」,Yui-nee sure likes karaoke a lot,,
ID00208,0000d7b7,63,「大声で歌うと、ストレス解消になるからね」,Screaming your lungs out helps relieve stress,,
ID00208,0000dac4,36,「カロリーも消費するし、,It burns calories too,,
ID00208,0000daf7,33,　願ったり叶ったりよ」,Just perfect.,,
ID00208,0000dc94,60,「ものすごく画像修正してるグラビアって、,"super heavily photoshopped gravure pics,",,
ID00208,0000dcdf,18,　あるよな」,Yeah.,,
ID00208,0000de90,48,「あるある、本人より痩せてたり、,Thinner than real.,,
ID00208,0000decf,39,　肌がきれいになってたり」,or have clearer skin.,,
ID00208,0000e40e,39,「私はやったことないわよ」,I've never done that myself.,,
ID00208,0000e463,27,「わかってるって」,I know that.,,
ID00208,0000e4bf,30,「ブックカフェって、,"A book cafe,",,
ID00208,0000e4ec,54,　ユイ姉の写真集コーナーがあるよな」,"There's a corner for Yui-nee's photobooks, right?",,
ID00208,0000e6b5,57,「地元だからね、応援してくれてるのよ」,"It's local, so they support her.",,
ID00208,0000e9bc,39,「もっといい写真集出して、,Let's put out a better photobook and,,
ID00208,0000e9f2,39,　売り上げに貢献しなきゃ」,contribute to the sales.,,
ID00208,0000eb95,54,「海外へ行くと、なかなか日本語の本を,Hard to sell Japanese books.,,
ID00208,0000ebda,39,　売ってないんじゃない？」,right?,,
ID00208,0000ed94,42,「ネットで見るからいいわよ」,It's fine if I can see them online.,,
ID00208,0000edec,60,「英語が得意でもないユイ姉が海外なんて、,Yui-nee going overseas?,,
ID00208,0000ee37,18,　心配だよ」,you know?,,
ID00208,0000efdc,60,「な～に、行ってみればなんとかなるって。,She'll manage when she goes.,,
ID00208,0000f027,27,　大丈夫、大丈夫」,"It's okay, it's okay.",,
ID00208,0000f46b,48,「漫画喫茶って行ったことある？」,Do you have any experience with manga cafes?,,
ID00208,0000f5f7,54,「ないわよ。会員登録がいるんでしょ？,"Nope. You need to register as a member, right?",,
ID00208,0000f63c,45,　個人情報取られたくないもの」,I don't want my personal info taken...,,
ID00208,0000f944,42,「そっか…有名人は大変だな。,Oh... celebrities have it rough.,,
ID00208,0000f97d,51,　マッサージチェアなんかもあって、,"There are massage chairs and stuff too,",,
ID00208,0000f9bf,27,　快適なんだけど」,and they're really comfy.,,
ID00208,0000fb6d,63,「うぐぐ…う、うらやましくなんかないわよ」,Nngh... I'm not jealous at all!,,
ID00208,0001024b,48,「ＣＤって売れなくなったよなぁ」,"CDs don't sell as much anymore, huh?",,
ID00208,0001040e,60,「ネットの定額サービスの方がいいからね。,Streaming's better these days.,,
ID00208,00010459,39,　月々１０００円ぐらいで、,It's about ¥1000 a month.,,
ID00208,0001048f,48,　数百万曲が聞き放題なんだから」,you can listen to millions of songs.,,
ID00208,0001079a,27,「入ってんの！？」,You're in it!?,,
ID00208,00010954,12,「ええ」,Yeah.,,
ID00208,0001098e,30,「くっ、金持ちめ…」,"Gah, you rich bastard...",,
ID00208,00010b3f,60,「あんたも早く、稼げるようになんなさい」,Hurry up and get a job too.,,
ID00208,00010d0d,57,「音楽って、動画にも欠かせないけど…」,Music is indispensable for videos...,,
ID00208,00010ed9,48,「フフッ、いろいろ考えてるのね。,"Heh heh, you've got a lot on your mind.",,
ID00208,00010f18,24,　やるじゃない」,Good job!,,
ID00209,00002ece,37,「『End of Summer』の撮影を、,Can't I even record 'End of Summer'?,,
ID00209,00002f02,48,　横から録っちゃダメなのかよ？」,Can't I even film it from the side?,,
ID00209,000030c5,57,「当たり前でしょ？　気が散るじゃない」,Of course not! It'll distract everyone.,,
ID00209,00003403,57,「プロの撮影現場に割り込まないでよね」,"Don't butt in on a professional set, okay?",,
ID00209,0000346a,24,「う…ごめん…」,Ugh... sorry...,,
ID00209,00003628,60,「ぶろ君の部のお友達って、ユニークね～。,Your friends in the pool club are pretty unique~,,
ID00209,00003673,45,　私のことすっごく知ってたし」,They knew a lot about me.,,
ID00209,0000397b,54,「まぁ、動画に対する熱意はスゲェって,"Well, their passion for videos is intense.",,
ID00209,000039c0,15,　思うよ」,right?,,
ID00209,00003b62,63,「ぶろ君も負けないようにがんばらなきゃね」,You gotta work hard not to lose to Bro-kun too.,,
ID00209,00003d41,48,「はは…目指す方向性が違うって」,"Haha... Our goals are different, huh?",,
ID00209,00003f17,39,「美宇って、印象的よね～。,Miu sure is impressive~,,
ID00209,00003f4d,51,　絶対、写真写りがいいと思うのよ」,I'm sure you'd look great in photos.,,
ID00209,0000425b,63,「演劇部だし、見せ方はわかってるだろうな」,Since you're in drama club.,,
ID00209,0000442d,57,「いつかきっと、世に出る子だと思うよ」,"One day, for sure, you'll make it big.",,
ID00209,000045e2,45,「最近、どんなテレビ見てる？」,What TV shows have you been watching lately?,,
ID00209,000047a2,33,「バラエティを適当に。,Just random variety shows.,,
ID00209,000047d2,63,　けど、あんまり面白い番組がないのよねぇ」,but there's not much that's interesting.,,
ID00209,00004eda,57,「Ｃムービー部はどう？　もう慣れた？」,How's the C-Movie Club going?,,
ID00209,000050b3,57,「まぁね。自由に録らせてもらってるし」,"Well, yeah. They let me record freely.",,
ID00209,00005248,63,「せっかく入ったんだし、がんばりなさいよ」,"You joined, so do your best, okay?",,
ID00209,0000559f,51,「Ｅ動画部はどう？　もう慣れた？」,How's the E-Video Club going?,,
ID00209,00005772,63,「まぁね。自由に録ってるだけって感じだし」,"Well, yeah. It's just like recording freely.",,
ID00209,00005944,30,「恥ずかしい動画は、,"If they're embarrassing,",,
ID00209,00005971,42,　ほどほどにしときなさいよ」,Don't go overboard.,,
ID00209,00005b04,33,「わ、わかってるって」,I-I know,,
ID00209,00005b66,57,「ネットの動画って、どんなの見てる？」,What kind of videos do you watch online?,,
ID00209,00005d32,63,「知り合いが公開したプライベートな動画とか,Videos posted by acquaintances or,,
ID00209,00005d80,51,　ファッションブランドの公式とか」,official fashion brand stuff.,,
ID00209,000061f3,42,「情報は収集しとかないとね」,"You gotta gather info, right?",,
ID00209,000064fe,48,「ぶろ君は、どんなネットの動画を,What kind of online videos does,,
ID00209,0000653d,21,　見てるの？」,Buro-kun watch?,,
ID00209,00006580,51,「“○○してみた”から、映画まで、,"From 'I tried doing this' stuff to movies,",,
ID00209,000065c2,36,　最近は幅広く見てるよ」,I've been watching a lot.,,
ID00209,00006779,54,「ふ～ん、勉強熱心なのはいいことね」,"Hmm, it's good to be so studious.",,
ID00209,00006962,45,「デジカメって持ってたっけ？」,Did you have a digital camera?,,
ID00209,00006b3e,30,「小さいのを１つね。,Just one small one.,,
ID00209,00006b6b,42,　けど、ほとんど使ってない。,But I hardly ever use it.,,
ID00209,00006ba4,57,　ちょっと撮るならスマホで十分だから」,My phone is enough for quick snaps.,,
ID00209,000072ca,54,「海外ロケとか、特別な時じゃないと、,"Unless it's something special like overseas shoots,",,
ID00209,0000730f,42,　わざわざ持ち歩かないわよ」,I don't carry it around on purpose.,,
ID00209,000075f0,51,「動画って、始めたばかりだけど…」,"I just started making videos, though...",,
ID00209,000077b6,42,「フフッ、がんばりなさいよ。,"Haha, keep it up.",,
ID00209,000077ef,30,　協力したげるから」,I'll help you.,,
ID00209,00007cdc,45,「よりによって、動画のテーマが,The theme of your vid is...,,
ID00209,00007d18,34,　『Friends』だなんて…」,"""Friends,"" huh...",,
ID00209,00007fde,42,「約束だぞ、モデルよろしく」,Promise me you'll be a good model.,,
ID00209,000081ab,33,「わ、わかってるわよ」,I-I know that.,,
ID00209,0000837f,57,「マリアさんと２人、いいブルマシーンが,Mariana and I will play.,,
ID00209,000083c7,18,　録れたよ」,Got it recorded.,,
ID00209,0000856c,63,「はぁ…最初のシーンからサービス満点ねぇ」,Haa... You've been generous.,,
ID00209,00008886,48,「つまんない動画よりいいだろ？」,"Better than boring videos, right?",,
ID00209,00008a49,33,「それはそうだけど…」,That's true... but...,,
ID00209,00008d21,49,「『End of Summer』の撮影、お疲れ様」,Thanks for filming 'End of Summer'.,,
ID00209,00008ee5,57,「ホ～ント、やっと終わった～って感じ」,Finally done~ I'm so relieved.,,
ID00209,0000935e,54,「プール行って、羽伸ばさなくっちゃ」,I gotta go to the pool and stretch my legs.,,
ID00209,000093d5,39,「眼鏡で優等生を演出…か。,Glasses to act smart...,,
ID00209,0000940b,57,　アクセサリーって、撮影で大事だよな」,Accessories matter.,,
ID00209,000095d7,48,「そうよ、わかってきたじゃない」,"Yeah, I get it now.",,
ID00209,000098d5,48,「アクセサリーや髪型を変えると、,Changes accessories or hairstyles.,,
ID00209,00009914,42,　被写体の雰囲気が変わって、,Changing the mood of the subject.,,
ID00209,0000994d,48,　動画も写真も説得力が増すのよ」,It makes both videos and photos more convincing.,,
ID00209,00009f0b,48,「一緒にプリントシールだなんて、,Taking a print photo together...,,
ID00209,00009f4a,33,　久しぶりだったわね」,"It's been a while, hasn't it?",,
ID00209,0000a270,48,「現役ＪＫモデルと撮れるなんて、,To shoot photos with an active JK model...,,
ID00209,0000a2af,39,　ラッキーと思いなさいよ」,Consider yourself lucky.,,
ID00209,0000a476,18,「はいはい」,Sure sure.,,
ID00209,0000a62e,57,「いつか、ピラティスのＤＶＤを出すのも,I might release a Pilates DVD someday,,
ID00209,0000a676,18,　ありねぇ」,Who knows?,,
ID00209,0000a7f1,48,「恥ずかしいポーズはやめとけよ」,Don't do any embarrassing poses,,
ID00209,0000a9b4,63,「女性向けよ！　女性向け！　男は見ない！」,It's for women! For women! No men allowed!,,
ID00209,0000acce,21,「そ、そっか」,R-Really?,,
ID00209,0000ad24,57,「ドラマと映画なら、どっちが好きだ？」,"Which do you prefer, dramas or movies?",,
ID00209,0000aef0,45,「ドラマね。毎週、家に帰るのが,Dramas. Weekly can't wait to come home.,,
ID00209,0000af2c,30,　楽しみになるから」,because it's fun.,,
ID00209,0000b201,45,「どんなドラマが好きなんだ？」,What kind of dramas do you like?,,
ID00209,0000b3c1,57,「ん～、お涙頂戴なラブストーリーより、,Suspense over tear-jerking love stories.,,
ID00209,0000b409,60,　先の読めないサスペンスの方が好きかな」,I guess I like mysteries more than sappy romances.,,
ID00209,0000bafb,45,「恋人が殺されて、その犯人が、,When your boyfriend's killed...,,
ID00209,0000bb37,48,　友達の誰かわからない…とかね」,"Someone you don't know, like a friend.",,
ID00209,0000bf90,36,「アニメって見てるか？」,Do you watch anime?,,
ID00209,0000c16a,36,「ううん、そっち方面は、,Not really.,,
ID00209,0000c19d,33,　まぁちゃんにお任せ」,Maa-chan's got it covered.,,
ID00209,0000c499,33,「ホント、姉妹なのに、,"Seriously, sisters...",,
ID00209,0000c4c9,45,　趣味も見た目も似てないよな」,We're totally different.,,
ID00209,0000c6be,39,「けど、心は通じてるわよ」,"But our hearts connect, you know?",,
ID00209,0000c861,51,「スマホで愛用してるアプリって？」,What's the app you use on your phone?,,
ID00209,0000ca27,51,「写真アプリね、ブログに使うから」,It's a photo app. I use it for my blog.,,
ID00209,0000cd28,63,「背景をぼかしたり、フィルターをかけたり、,I blur backgrounds and add filters so that,,
ID00209,0000cd76,54,　私が撮っても、きれいに見えるのよ」,even photos I take look nice.,,
ID00209,0000d09a,42,「自撮りって、よくやる方？」,Do you often take selfies?,,
ID00209,0000d27a,51,「ううん、自分をきれいに撮るために,"not really, I'm too self-conscious to try",,
ID00209,0000d2bc,51,　工夫するのは、気恥ずかしくて…」,to take good photos of myself...,,
ID00209,0000d8a1,36,「街角とか、ランチとか、,I mostly take pictures of stuff like,,
ID00209,0000d8d4,33,　撮るのはそんなのよ」,street corners and lunch...,,
ID00209,0000dbe3,51,「ＢＳとかＣＳで、ドラマの一挙放送,BS/CS has drama marathons.,,
ID00209,0000dc25,48,　やってるけど、見たことある？」,have you seen any?,,
ID00209,0000dde8,30,「せっかくの休みを、,Don't waste it.,,
ID00209,0000de15,51,　テレビの前で過ごすなんてイヤよ」,sitting in front of the TV all day.,,
ID00209,0000e0ec,54,「夜中にやってるのを見るって手も…」,Watching it late at night's an option...,,
ID00209,0000e2b5,21,「徹夜もイヤ」,No all-nighters.,,
ID00209,0000e30b,33,「映像の面白さって…」,The fun of the footage...,,
ID00209,0000e4bf,36,「フフッ、よかったわね、,"Hehe, good for you then,",,
ID00209,0000e4f2,48,　夢中になれるものが見つかって」,...is finding something you can get into.,,
ID00209,0000e93e,54,「『Summer Memories』が、どんな仕上がりに,I'm excited to see how 'Summer Memories' turns out,,
ID00209,0000e983,30,　なるのか、楽しみ」,Can't wait for it.,,
ID00209,0000eb0a,60,「Ｃムービー部展での展示に期待しててよ」,I'm looking forward to the display.,,
ID00209,0000ece5,42,「ええ、必ず見に行くからね」,"Yeah, I'll definitely check it out",,
ID00209,0000f027,36,「ぶろ君の部の人たちの、,"The guys from the Bro-kun club,",,
ID00209,0000f05a,42,　動画への執念はすごいわね。,their obsession with videos is insane.,,
ID00209,0000f093,54,　上と下、同時に攻めてくるんだから」,They attack you from top and bottom at once.,,
ID00209,0000f3a4,54,「それを軽くかわすユイ姉もすごいよ」,It's amazing she dodged that.,,
ID00209,0000f56b,57,「ま、その手のあしらいは慣れたものよ」,"Well, I'm used to handling such things.",,
ID00209,0000f8bc,46,「『Friends』で…御前や、マリアと,In 'Friends'... Misaki and Mariana and,,
ID00209,0000f8f9,51,　一緒に録ってもらえてうれしい…」,...I'm happy we got to record together...,,
ID00209,0000fd35,30,「ありがと、ぶろ君」,"Thanks, Bro-kun.",,
ID00209,0000fd81,48,「いや、礼を言うのはこっちだよ。,"No, I'm the one who should thank you.",,
ID00209,0000fdc0,42,　いい動画が録れたんだから」,We got some good footage.,,
ID00209,0000ff46,30,「フフッ、そうよぉ、,"Hehe, that's right,",,
ID00209,0000ff73,63,　きれいどころを３人も揃えて、うまく録れて,Having three beauties on tape,,
ID00209,0000ffc1,51,　なかったら、承知しないんだから」,"If we failed, I'd blame myself.",,
ID00209,0001058f,63,「一緒に見た映画、マジでつまんなかったぞ」,That movie was seriously boring.,,
ID00209,00010761,48,「おごってもらって文句いわない。,I won't complain about being treated to dinner.,,
ID00209,000107a0,27,　どんな映画でも、,"No matter what movie,",,
ID00209,000107ca,42,　動画の参考になるでしょ？」,"It'll be useful for the video, right?",,
ID00209,00010acf,33,「それは…まぁ、な…」,Well... I guess so...,,
ID00209,00010c96,54,「動画を録る楽しさ、わかってきた？」,You're starting to get a feel for recording videos?,,
ID00209,00010e35,51,「ああ、じゃなきゃ続いてないって」,"Yeah, that's why we're still going.",,
ID00209,00010ffb,27,「フフッ、そっか」,"Heh, right.",,
ID00209,000112e4,30,「ぶろ君がこれから、,Bro-kun is gonna,,
ID00209,00011311,45,　どんな動画を録っていくのか、,what kind of videos we'll be recording?,,
ID00209,0001134d,27,　すっごく楽しみ」,It sounds awesome.,,
ID00209,000117bb,57,「動画にない写真の魅力って、わかる？」,Do you get it?,,
ID00209,0001195d,51,「ん～、一瞬を切り取る良さ…かな」,"Hmm, the charm of capturing a moment... maybe.",,
ID00209,00011b23,51,「それもあるけど、シャッター音よ」,"That's part of it, but also the shutter sound.",,
ID00209,00011cbf,27,「シャッター音？」,The shutter sound?,,
ID00209,00011e6d,33,「ポーズを取りながら、,"While posing, you know,",,
ID00209,00011e9d,63,　連続で切られていくシャッター音を聞くと、,"hearing the continuous shutter sounds,",,
ID00209,00011eeb,42,　気持ちが乗せられていくの」,it gets you into the mood.,,
ID00209,0001231e,54,「自然と、いい表情が出来たりしてね」,You naturally make good expressions too.,,
ID00209,000124bd,57,「へ～っ、モデルならではの感想だなぁ」,Only a model would say that.,,
ID00209,00012689,21,「でしょ～っ」,See?,,
ID00209,000126df,54,「写真って、シャッターを切った瞬間が,A photo ends the moment you snap it...,,
ID00209,00012724,63,　終わりだけど、動画は始まりなんだよなぁ。,"but a video's just getting started, right?",,
ID00209,00012772,57,　どんな動画にするか、そこからが勝負」,It all comes down to what kind of video you make.,,
ID00209,0001293e,48,「へ～っ、いいこと言うじゃない」,"Wow, that's some good stuff.",,
ID00209,00012c3c,57,「写真は終わり…で、動画は始まり…か。,A photo is the end...and a video's the beginning...,,
ID00209,00012c84,51,　私も撮られる上で参考にしよっと」,I'll keep that in mind next time I'm filmed.,,
ID00209,00013245,57,「この夏、どれぐらい動画を録ったの？」,How many videos did you record this summer?,,
ID00209,000133e7,63,「そりゃあ…わけわかんないぐらい録ったよ。,"That's... I recorded so much, I can't even count.",,
ID00209,00013435,30,　無我夢中って感じ」,Like in a trance.,,
ID00209,000135e6,33,「フフッ、いいことね。,"Hehe, that's great.",,
ID00209,00013616,45,　一生、夢中で録り続けてよね」,I'll keep recording.,,
ID00209,00013a96,54,「いつか、世界をあっと言わせるような,A video that'll amaze.,,
ID00209,00013adb,39,　動画を録って欲しいなぁ」,"One day, I hope you can.",,
ID00209,00013da6,39,「お、おう…ハードル高ぇ」,O-oh... That's a high bar.,,
ID00209,00013f60,33,「な～に言ってんのよ。,What are you saying?,,
ID00209,00013f90,51,　夢は大きく持たなきゃダメでしょ」,You've gotta have big dreams.,,
ID00209,000142b1,36,「俺にとって映像って…」,"For me, movies are...",,
ID00209,00014468,45,「フフッ、生意気言っちゃって」,"Heh heh, talking big again.",,
ID00210,0000402a,63,「勝手に俺の部屋に入り込むのやめてくれよ。,"Don't just barge into my room, okay?",,
ID00210,00004078,39,　プライバシーの侵害だぞ」,"Hey, that's an invasion of privacy.",,
ID00210,00004232,21,「またまたぁ、,Just kidding~,,
ID00210,00004256,54,　そんな水くさいこと言っちゃってぇ」,Don't say such wet stuff like that.,,
ID00210,0000455a,36,「大丈夫よ、ベッドの下は,I'm fine.,,
ID00210,0000458d,36,　見ないようにするから」,I promise.,,
ID00210,00004855,27,「はぁ…ったく…」,Hah... Whatever...,,
ID00210,000048b1,60,「いくら稼いでても、ファッションサイトで,"No matter how much you earn, on fashion sites,",,
ID00210,000048fc,57,　買いまくってたら、金がいくらあっても,You'll run out.,,
ID00210,00004944,24,　足りないぞ？」,Not enough.,,
ID00210,00004aef,60,「わ、わかってるわよ。気をつけてるって」,I-I know that. I'm being careful.,,
ID00210,00004e06,54,「押し入れの収納に、ろくに着ない服が,So many unworn clothes...,,
ID00210,00004e4b,45,　大量に押し込まれてるくせに」,That I hardly ever put on...,,
ID00210,00004fd4,33,「うっ、痛いとこを…」,"Ow, right where it hurts...",,
ID00210,000052fa,39,「流行りのファッションは、,Fashion trends go out of style fast.,,
ID00210,00005330,60,　廃れるのも早いのよ。仕方ないでしょ？」,What can you do?,,
ID00210,000058fa,60,「ひめちゃんって、放っとけないのよねぇ。,"You can't just leave Hime-chan alone, huh?",,
ID00210,00005945,48,　見かけると、つい声かけちゃう」,"Whenever I see her, I end up talking to her",,
ID00210,00005ddf,60,（ユイ姉も凜世も、いつも１人だからな…）,They're always alone...,,
ID00210,00005e78,60,（ユイ姉も妃月も、いつも１人だからな…）,They're always alone...,,
ID00210,00006076,42,「なによ、急に黙っちゃって」,What's with you suddenly going quiet?,,
ID00210,00006209,42,「い、いや、なんでもない…」,"N-No, it's nothing...",,
ID00210,000063d9,30,「ぶろ君とまひろは、,"You two, Maru-kun and Mahiro,",,
ID00210,00006406,48,　お似合いだと思うんだけどねぇ」,really suit each other,,
ID00210,000066da,42,「あいつは妹みたいなもんだ」,He's like a little sister to me.,,
ID00210,00006897,18,「はいはい」,Sure sure.,,
ID00210,00006ae2,42,「鈍いのにもほどがあるわね」,"You're really dense, aren't you?",,
ID00210,00006b3a,21,「なんだよ？」,What's up?,,
ID00210,00006d83,54,「あー、なんでもない、なんでもない」,"Ah, nothing, nothing.",,
ID00210,000071d5,57,「コスプレかぁ…またやってみたいなぁ」,...I wanna try cosplay again sometime.,,
ID00210,00007377,42,「おっ、いいな。録らせてよ」,"Hey, that's cool. Let me record it.",,
ID00210,00007534,63,「…なんか、エッチな動画になりそうだから、,"...It might turn out kinda porny though,",,
ID00210,00007582,21,　遠慮しとく」,so I'll pass.,,
ID00210,00007872,51,「露出の高いコスを選ぶ方が悪い！」,Choosing revealing costumes is not my fault!,,
ID00210,00007a38,54,「アニメはそういうキャラが多いの！」,There are a lot of characters like that in anime!,,
ID00210,00007d4f,42,「私が髪を切ったことぐらい、,You should be able to tell right away,,
ID00210,00007d88,36,　すぐわかりなさいよね」,"that I got my hair cut, right?",,
ID00210,00007f4c,51,「わかんねーように切ってるくせに」,Even though you didn't understand.,,
ID00210,0000812e,60,「だからこそ、気づけばポイント高いのよ」,That's why I end up with something revealing.,,
ID00210,000085c0,48,「ニブいと女の子にモテないわよ」,"If you're not perceptive, girls won't like you.",,
ID00210,0000876c,63,「ブログのネタって、いつも探してるのか？」,Are you always looking for blog material?,,
ID00210,0000893e,45,「いつもってわけじゃないわよ。,Not all the time.,,
ID00210,0000897a,51,　義務感でやってたら続かないしね」,"If I do it out of obligation, I can't keep it up.",,
ID00210,00008ded,42,「たま～に更新するぐらいで、,"Only update it every once in a while,",,
ID00210,00008e26,30,　ちょうどいいのよ」,That's just right for me.,,
ID00210,00008fc0,39,「ユイ姉って、朝弱いよな」,You're bad in the mornings.,,
ID00210,000091af,45,「それは、仕事が忙しいから！」,That's because I'm busy with work!,,
ID00210,00009473,27,「仕事がなければ、,"If I didn't have work,",,
ID00210,0000949d,57,　ちゃ～んと規則正しい生活をするわよ」,I'd live a regular and healthy life.,,
ID00210,000097e8,24,「そうかなぁ…」,"Hmm, really...?",,
ID00210,00009841,42,「この街で好きな場所って？」,What's your favorite place in this town?,,
ID00210,000099fe,24,「駅前モールね。,The station front mall.,,
ID00210,00009a25,48,　服を眺めながら歩くのが好きよ」,I like to walk around while window shopping.,,
ID00210,00009c08,51,「髪の色を変えようと思ったことは、,"I've never thought about changing my hair color,",,
ID00210,00009c4a,21,　ないのか？」,Aren't there any?,,
ID00210,00009df2,42,「ないわよ。せっかくの黒髪を,never. I'd never dye my perfect black hair,,
ID00210,00009e2b,42,　カラーで染めちゃうなんて、,"with some color, you know?",,
ID00210,00009e64,36,　もったいないじゃない」,yet can't appreciate it.,,
ID00210,0000a2c8,24,「黒髪ロングは、,My long black hair is,,
ID00210,0000a2ef,48,　私のモデルとしての特徴だから」,That's one of my model traits.,,
ID00210,0000a5d6,57,「ユイ姉の好きな色って、何色だっけ？」,What color did you say Ui-onee likes?,,
ID00210,0000a7a2,39,「ん～、どんな色も好きよ。,"Hmm, she likes all colors.",,
ID00210,0000a7d8,51,　なんでも似合う自分でいたいから」,I want to be someone who suits anything.,,
ID00210,0000aaaf,42,「赤が好きなんじゃないのか？,Don't you like red?,,
ID00210,0000aae8,39,　カチューシャもそうだし」,She even wears a red headband.,,
ID00210,0000aca2,39,「赤はね、元気が出るのよ」,Red makes me feel energetic.,,
ID00210,0000ae45,63,「ユイ姉と真奈って、性格ぜんぜん違うのに、,"Ui-onee and Mana are so different,",,
ID00210,0000ae93,21,　仲いいよな」,You guys get along.,,
ID00210,0000b03b,63,「あったりまえよぉ、かわいい妹なんだから」,Of course! She's my cute sis.,,
ID00210,0000b37f,36,「まぁちゃんのためなら、,"For Maa-chan,",,
ID00210,0000b3b2,33,　なんだってしちゃう」,I'd do anything for her.,,
ID00210,0000b53c,27,「俺のためには？」,For me?,,
ID00210,0000b6ea,30,「なんだってしてね、,"I'll do anything for you,",,
ID00210,0000b717,39,　私とまぁちゃんのために」,for Maa-chan and me.,,
ID00210,0000b8de,18,「はいはい」,Sure sure.,,
ID00210,0000b931,54,「服って、何着ぐらい持ってるんだ？」,How many clothes do you have?,,
ID00210,0000bafa,45,「そんなの数えたことないわよ」,I've never counted.,,
ID00210,0000bcba,60,「職業柄、流行が終わった服は着づらいし、,I don't wear out-of-date styles.,,
ID00210,0000bd05,45,　クローゼットはいつも一杯ね」,so my closet is always full.,,
ID00210,0000c1a2,51,「ユイ姉って、パソコン苦手だよな」,"You're not good with computers, Yui-nee?",,
ID00210,0000c368,33,「そんなことないわよ。,That's not true.,,
ID00210,0000c398,60,　メールだって、ネットだって見られるし」,I can read emails and browse the web just fine.,,
ID00210,0000c6af,30,「設定は無理だろ？」,You can't do it?,,
ID00210,0000c860,63,「ああ…そこは、まぁちゃんに頼りっぱなし。,Yeah... I rely on Maa-chan for that.,,
ID00210,0000c8ae,15,　エヘヘ」,Heheh,,
ID00210,0000cce6,63,「芸能人だと、いきなりサインを求められたり,People ask for autographs.,,
ID00210,0000cd34,21,　大変だろ？」,That must be tough.,,
ID00210,0000cedc,36,「まぁね。こっちの都合は,Yeah. It's their choice.,,
ID00210,0000cf0f,33,　お構いなしだからね」,It's all about their convenience.,,
ID00210,0000d235,33,「ぶろ君と一緒の時は、,"When I'm with Bro-kun,",,
ID00210,0000d265,51,　魔除けになっていいんだ・け・ど」,"I can be a good luck charm, you know?",,
ID00210,0000d82b,36,「はいはい、俺が断るよ」,"Yeah yeah, I'll say no.",,
ID00210,0000d890,39,「一番仲のいい友達って？」,What's your best friend?,,
ID00210,0000da4a,45,「よく一緒にいるのはマリアね。,I'm usually with Mariana.,,
ID00210,0000da86,48,　物怖じしないところがいいのよ」,That she isn't scared of anything.,,
ID00210,0000dd91,42,（なるほど、いいコンビだな）,"(Makes sense, they're a good pair.)",,
ID00210,0000ddfc,42,「何時ぐらいに寝てるんだ？」,When do you go to bed?,,
ID00210,0000dfb9,30,「１２時ぐらいかな。,Around midnight.,,
ID00210,0000dfe6,45,　夜更かしは美容の大敵だから、,"Staying up late is bad for beauty, so,",,
ID00210,0000e022,48,　なるべく早く寝るようにしてる」,and try to go to bed as early as possible.,,
ID00210,0000e340,39,「ユイ姉が苦手なのって？」,You're bad at lying?,,
ID00210,0000e4fa,21,「ウソが苦手」,I'm bad at lying.,,
ID00210,0000e6a2,36,「業界にいるといるのよ、,There are people around.,,
ID00210,0000e6d5,33,　すぐウソをつく人が」,can lie right away.,,
ID00210,0000e9c4,33,「適当で、いい加減で、,"They're careless and unreliable,",,
ID00210,0000e9f4,30,　イヤんなっちゃう」,and I can't stand that.,,
ID00210,0000ecb6,24,（大変だなぁ…）,(That's tough...),,
ID00210,0000ed0f,39,「ユイ姉って、写真週刊誌に,Yui-nee's photos have been in,,
ID00210,0000ed45,42,　スクープされたことないな」,never got scooped before.,,
ID00210,0000ef02,39,「あはは…ネタがないしね」,Hehe... I don't have any dirt on me.,,
ID00210,0000f22e,45,「お仕事して帰ってくるだけの、,"I just come home from work,",,
ID00210,0000f26a,24,　健全な生活よ」,a healthy lifestyle.,,
ID00210,0000f435,36,「俺って、こう見えて…」,I'm not what I look like...,,
ID00210,0000f621,63,「はいはい、そう思ってるのはぶろ君だけよ」,"Yeah, yeah, only bro thinks that.",,
ID00210,0000fab3,51,「真夜中の花火、楽しかったわね～」,The fireworks at midnight were so much fun~,,
ID00210,0000fc4f,27,「ああ、そうだな」,Sure thing.,,
ID00210,0000fdfd,63,「まぁちゃんも楽しんでくれたし、満足満足」,"Maa-chan had a good time too, perfect.",,
ID00210,0000ffb8,39,「秘密基地、気に入った？」,Did you like our secret hideout?,,
ID00210,00010172,60,「もちろんよ！　すっごくよく出来てる！」,Of course! It's really well done!,,
ID00210,000105b7,33,「ありがとね、ぶろ君」,"Thanks, bro.",,
ID00210,000108b9,63,「マリアったら、私と御前が仲がいいなんて、,Mariana must've thought we're good friends...,,
ID00210,00010907,30,　とんだ勘違いを…」,That was a big mistake...,,
ID00210,00010bc9,42,「そうかなぁ…勘違いかなぁ」,I wonder... Was it?,,
ID00210,00010d86,21,「そうなの！」,That's true!,,
ID00210,00010f41,51,「エアホッケー、楽しかったわね～。,The air hockey was so much fun~,,
ID00210,00010f83,27,　またやろうね？」,Let's do it again sometime.,,
ID00210,00011279,33,「色仕掛けはなしだぞ」,"No more tricks, okay?",,
ID00210,0001142d,48,「も～、姉の肌に照れちゃってぇ」,I'm blushing at my sister's skin~,,
ID00210,000115c6,48,「目のやりどころに困るんだよ！」,I don't know where to look!,,
ID00210,00011637,48,「ユイ姉のスマホのカレンダーは、,Yui-nee's phone calendar is full of work.,,
ID00210,00011676,63,　仕事のスケジュールで一杯なんだろうなぁ」,I wonder?,,
ID00210,00011848,30,「忙しかった頃はね。,"Back then, when I was busy.",,
ID00210,00011875,36,　今はセーブしてるから、,"Now that I've taken a break though,",,
ID00210,000118a8,36,　そこまでじゃないわよ」,it's not like that anymore.,,
ID00210,00011bba,48,「俺って、プライベートないよな…,I don't really have any private time...,,
ID00210,00011bf9,39,　ユイ姉に振り回されて…」,I'm getting bossed around by Yui-nee...,,
ID00210,00011db3,48,「振り回すとは人聞き悪いわねぇ」,You shouldn't say it like that.,,
ID00210,000120c7,57,「感謝なさい、構ってあげてるんだから」,"Be grateful, I'm giving you my attention.",,
ID00210,000122a0,18,「はいはい」,Sure sure.,,
ID00210,000122f3,57,「ペットを飼うなら、どんなのがいい？」,What kind of pet do you want?,,
ID00210,000124bf,51,「ん～、不規則な生活だからなぁ…」,"Hmm, it's because of my irregular schedule...",,
ID00210,000127c0,63,「ぶろ君が世話してくれるなら、ネコがいい」,"If you'll take care of me, I like cats.",,
ID00210,00012968,27,「俺も無理だって」,I can't do that either.,,
ID00210,00012b16,63,「じゃあ、街角のノラネコで我慢しよ～っと」,Guess I'll settle for a stray cat.,,
ID00210,00012e0c,39,「もし背が伸びなかったら、,"If I hadn't grown taller,",,
ID00210,00012e42,33,　どうなってたと思う」,What do you think happened?,,
ID00210,00012ff6,45,「残念だけど、引退でしょうね。,"Sucks, but I'd retire.",,
ID00210,00013032,57,　背が低いとモデルの仕事は無理だもの」,It's tough being short when it comes to modeling.,,
ID00210,00013474,54,「キッズモデルの頃を懐かしみながら、,Do you miss the days of being a kid model?,,
ID00210,000134b9,48,　違う夢を追ってたんじゃない？」,Weren't you chasing after different dreams then?,,
ID00210,00013665,51,「笑顔の練習って、やってるのか？」,Aren't you practicing your smile?,,
ID00210,0001382b,33,「やってるわよ、毎日。,I practice every day.,,
ID00210,0001385b,45,　笑顔に限らず、表情筋を動かす,"Not just smiles, I move my facial muscles",,
ID00210,00013897,30,　エクササイズをね」,with exercises too.,,
ID00210,00013f6b,39,「魅せる表情は大事だから」,It's important to show an expression.,,
ID00210,0001410e,39,「モデルにならなかったら、,"Even if I didn't become a model,",,
ID00210,00014144,39,　なんになってたと思う？」,What do you think I would've been?,,
ID00210,0001431a,21,「女子アナ！」,a news anchor!,,
ID00210,0001435d,21,「マジか！？」,Really!?,,
ID00210,0001453a,51,「になるには、勉強しなきゃだから、,"I'd have to study to become one,",,
ID00210,0001457c,21,　無理ねぇ…」,No way...,,
ID00210,00014970,42,「勉強すればいいじゃないか」,Just study harder.,,
ID00210,00014b2d,27,「あはは…パ～ス。,Haha... Path.,,
ID00210,00014b57,57,　勉強苦手～、女子アナなりたくな～い」,I suck at studying~ I don't wanna be an announcer~,,
ID00210,00014fb9,60,「芸能界に入りたいって相談に来る子とか、,"Kids who come for advice on joining the industry,",,
ID00210,00015004,33,　いるんじゃないか？」,"There probably are, yeah.",,
ID00210,000151b8,39,「あ～、たま～にいるわよ、,"Sometimes there are kids like that,",,
ID00210,000151ee,42,　思い詰めた顔して来る子が」,with a really serious expression.,,
ID00210,000154f3,30,「どうしてるんだ？」,What's up?,,
ID00210,000156a4,60,「私のマネージャーに写真を送ってみれば？,Why don't you send a photo to my manager?,,
ID00210,000156ef,48,　って、メアドを教えてあげてる」,"Actually, I've given her my email",,
ID00210,00015b28,63,「うまくいったことは、ないみたいだけどね」,But it doesn't seem like it's worked out,,
ID00210,00015e1e,36,「ＵＦＯって信じてる？」,Do you believe in UFOs?,,
ID00210,00015fd5,30,「私は信じないけど、,"I don't, but",,
ID00210,00016002,54,　まぁちゃんが私の分も信じてるわよ」,Maho-chan believes for both of us.,,
ID00210,00016306,63,「そんなまぁちゃんが、微笑ましくて大好き」,It's cute and I love that about her.,,
ID00210,000165fc,63,「セーラー服とブレザー、どっちが好きだ？」,"Which do you prefer, sailor or blazer?",,
ID00210,00016803,60,「ん～、どっちも撮影で何度も着たけど…」,"Hmm~, I've worn both so many times...",,
ID00210,00016b0d,39,「ブレザーの方が好きかな。,I guess I like the blazer better.,,
ID00210,00016b43,36,　着こなす幅が広いから」,It has more versatility.,,
ID00210,00016d1a,42,「ついやっちゃうクセって？」,What do you mean by a habit like that?,,
ID00210,00016ed7,39,「ぶろ君をついつい呼んで、,"I always end up calling you bro,",,
ID00210,00016f0d,30,　お願い事しちゃう」,I end up making requests too.,,
ID00210,0001721c,30,「イヤなクセだなぁ」,It's a bad habit.,,
ID00210,000173cd,42,「イヤとはなによ、イヤとは。,"What do you mean no, what do you mean no.",,
ID00210,00017406,39,　さっさと、心のひろ～い、,Hurry up and be open-hearted.,,
ID00210,0001743c,33,　いい男になんなさい」,"Come on, be a good guy already.",,
ID00210,000178bd,30,「生まれ変わったら、,"If I were reborn,",,
ID00210,000178ea,39,　男と女、どっちがいい？」,which would you choose?,,
ID00210,00017aa4,24,「もちろん女よ。,Of course a girl.,,
ID00210,00017acb,51,　また、今みたいな人生を送りたい」,I'd like to live my life again just like this one.,,
ID00210,00017cb1,45,「ナイショなんだけど、実は…」,It's a secret but actually...,,
ID00210,00017e71,57,「ふうん…ちょっとは、大人になったって,"Hmm... You've grown up a little, huh?",,
ID00210,00017eb9,21,　ことかな？」,Maybe.,,
ID00210,00018081,54,「秘密基地での１日、楽しかったなぁ」,That day at the secret hideout was so much fun,,
ID00210,00018281,51,「そうね……とっても楽しかった…」,Yeah... It was really fun...,,
ID00210,000185b8,60,「見張り台から見た星空は…一生忘れない」,I'll never forget it,,
ID00210,000188e2,39,「防犯ブザー、解約しても、,"Even if we cancel,",,
ID00210,00018918,36,　捨てずに置いておくよ」,I'm gonna keep it around though,,
ID00210,00018acf,51,「ありがと。２人の思い出だものね」,Thanks. It's a memento of us two,,
ID00210,00018e1a,42,「遊園地、楽しかったわね～。,"The amusement park was fun, wasn't it~?",,
ID00210,00018e53,51,　いっぱい泳いで、いっぱい遊んで」,Swimming and playing all day long.,,
ID00210,00019161,45,「ああ、１日、遊び倒したよな」,"Yeah, we had a blast the whole day.",,
ID00210,0001931f,48,「また…いつか、一緒に行こうね」,We should go together again someday.,,
ID00210,0001963d,54,「誕生日プレゼント、なにが欲しい？」,What do you want for your birthday present?,,
ID00210,00019806,21,「くれるの？」,You're getting me?,,
ID00210,00019849,27,「今年は卒業だし、,It's my graduation.,,
ID00210,00019873,54,　特別にちょっと高いものでもいいぞ」,So I can get something a little more expensive.,,
ID00210,00019a3c,39,「ホント！？　やったぁ！」,Really!? Great!!,,
ID00210,00019d47,24,「じゃあねぇ……,"Then, I guess not...",,
ID00210,00019d6e,54,　身につけられるものがいいからぁ…」,I want something I can wear...,,
ID00210,0001a0c7,54,「身につけ…って、アクセサリーか？」,Something to wear... like an accessory?,,
ID00210,0001a2a6,24,「ダイヤのぉ…」,Diamond...,,
ID00210,0001a2ec,33,「ダイ…無茶いうな！」,Don't be ridiculous!,,
ID00210,0001a4a0,21,「な～んてね」,Just kidding.,,
ID00210,0001a648,30,「１２月７日までに、,"By December 7th,",,
ID00210,0001a675,51,　お手頃で、なにかいいものがないか,anything affordable that might be good,,
ID00210,0001a6b7,39,　探しておく。ありがとね」,I'll look around for something. Thanks.,,
ID00210,0001ab3e,36,「ぶっちゃけユイ姉って、,"To be honest, Ui-onee,",,
ID00210,0001ab71,42,　月にいくら稼いでるんだ？」,How much do you make a month?,,
ID00210,0001ad2e,33,「そんなのナイショよ。,That's a secret.,,
ID00210,0001ad5e,36,　言うわけないじゃない」,"I wouldn't tell you that, duh.",,
ID00210,0001b087,48,「私の収入なんか気にしてないで、,"Don't worry about my income,",,
ID00210,0001b0c6,39,　早く一人前になんなさい」,and hurry up and become an adult.,,
ID00210,0001b2a0,51,「髪型を変えるつもりはないのか？」,Aren't you thinking of changing your hairstyle?,,
ID00210,0001b466,63,「ん～、卒業したら、変えるのもいいかもね。,"Hmm, after graduation, maybe I should change it.",,
ID00210,0001b4b4,57,　イメージチェンジするいい機会だから」,Changing my image would be a good opportunity too.,,
ID00210,0001ba68,63,「けど、黒髪は染めない。大事にしたいから」,But I won't dye my black hair. It's important to me.,,
ID00210,0001bd5e,54,「部屋の掃除、ちゃんとやってるか？」,"You're cleaning your room properly, right?",,
ID00210,0001bf27,36,「うっ…も、もちろんよ」,Eh... Of course I am!,,
ID00210,0001c226,36,「モデルのユイナたる者、,"As a model named Yuna,",,
ID00210,0001c259,33,　部屋をきれいにして、,I need to keep my room clean and,,
ID00210,0001c289,48,　ミツミキャンプを去らないとな」,not leave Mitsumi Camp.,,
ID00210,0001c44c,57,「ぶろくぅ～ん、今度、部屋の掃除ぃ～」,"Buuu~rooook, next time I'll clean my room~",,
ID00210,0001c776,36,「自分でやれ、自分で！」,Do it yourself! Do it!,,
ID00210,0001c916,42,「ジンクスって信じる方か？」,Do you believe in jinxes?,,
ID00210,0001cad3,54,「ぜ～んぜん。自分の実力以上のことは,Not at all.,,
ID00210,0001cb18,63,　出来ないし、力を発揮できなかったとしたら,"And if I don't manage to show what I'm capable of,",,
ID00210,0001cb66,39,　自分が未熟だからだもの」,It's because I'm still immature.,,
ID00210,0001d1ad,51,「自分を信じて、精一杯やるだけよ」,Believe in myself.,,
ID00210,0001d35c,48,「ユイ姉って、メイクにどれぐらい,How long for you?,,
ID00210,0001d39b,27,　時間かけてる？」,How long does it take you?,,
ID00210,0001d549,48,「自分でやる時は３０分ってとこ」,About 30 mins.,,
ID00210,0001d847,48,「メイクさんがやってくれる時は、,"When the makeup artist does it for me,",,
ID00210,0001d886,57,　１時間以上かかるわよ。念入りだから」,"it takes over an hour, because they're thorough.",,
ID00210,0001dbad,48,「ユイ姉の一番大切なものって？」,What's the most important thing to Yui-nee?,,
ID00210,0001dd70,60,「ぶろ君とまぁちゃん。家族が一番大切よ」,Bro-kun and Mah-chan. Family is what matters most.,,
ID00210,0001e0b1,63,「だから、一足先に旅立っていくのは寂しい」,That's why it's sad to see them go first.,,
ID00210,0001e394,18,「ユイ姉…」,Onee-san Yui...,,
ID00210,0001e3e7,30,「ユイ姉って実は…」,"Actually, Yui-nee...",,
ID00210,0001e561,33,「フフッ、その通りよ。,"Hehe, that's right.",,
ID00210,0001e591,57,　ぶろ君は、私のこと全部知ってるよね」,"You know everything about me, Bro-kun.",,
ID00211,00002be9,48,「日傘を差してくれてありがとね。,Thanks for holding the umbrella for me.,,
ID00211,00002c28,27,　助かっちゃった」,I really appreciate it.,,
ID00211,00003083,36,「また呼ぶから助けてね」,I'll call you if I need help.,,
ID00211,000030d5,42,「ああ、どうせ断れないしな」,"Yeah, there's no way I can say no anyway.",,
ID00211,0000325b,48,「フフッ、わかってるじゃな～い」,"Hehe, don't pretend like you didn't know that~",,
ID00211,0000343e,27,「ピラティスか…。,Pilates huh...,,
ID00211,00003468,54,　やっぱ美容にこだわってるんだなぁ」,"You really care about your looks, don't you?",,
ID00211,00003631,57,「当然よ。人に見られる仕事なんだから」,It's a job where people watch me.,,
ID00211,00003938,57,「カメラの前に立ってない時の準備こそ、,"The prep not in front of the camera is key,",,
ID00211,00003980,21,　大切なのよ」,It's important.,,
ID00211,00003b11,51,「屋上で、真奈の膝枕で寝てたろ？」,"You were sleeping on Mana's lap on the roof, right?",,
ID00211,00003cd7,45,「え？　どうして知ってるの？」,Huh? How do you know that?,,
ID00211,00003e6d,45,「たまたま通りがかったんだよ」,I just happened to pass by.,,
ID00211,00003ec8,39,「仕事で疲れてるんだな…。,You're tired from work...,,
ID00211,00003efe,27,　体に気をつけて」,Take care of yourself.,,
ID00211,000040be,51,「わ、わかってるわよ、そんなこと。,I-I know that much.,,
ID00211,00004100,21,　…ありがと」,...Thanks.,,
ID00211,0000453e,60,「マッサージなら、いつでもしてやるから、,"If you want a massage, I'll do it anytime, so",,
ID00211,00004589,48,　俺の部屋へ忍び込むのはよせよ」,don't sneak into my room again.,,
ID00211,0000474c,63,「またまたぁ、不意に会えてうれしいくせに」,"You're such a tease, happy to see me unexpectedly",,
ID00211,00004a66,45,「うれしくねぇって、焦るだろ」,but acting all upset about it.,,
ID00211,00004ad4,39,「海の丘公園の坂を登って、,You'd freak out if you weren't happy.,,
ID00211,00004b0a,33,　脚を引き締める、か。,Tone your legs at Seaside Park?,,
ID00211,00004b3a,57,　ユイ姉って、仕事には妥協しないよな」,Sis Yui doesn't cut corners on work.,,
ID00211,00004d06,54,「もちろんね。プロなんだから、プロ」,"Well of course. I'm a pro, so I gotta act like one.",,
ID00211,0000502a,45,「脚を引き締めるためとはいえ、,"Even if it's to tone your legs,",,
ID00211,00005066,57,　海の丘公園の坂を５往復もするとは…」,running up and down that hill five times...?,,
ID00211,00005232,51,「フフ～ン、美しいボディラインは、,Hmm~ a beautiful body comes from,,
ID00211,00005274,60,　日々の絶え間ない努力から生まれるのよ」,"daily, relentless effort.",,
ID00211,00005567,45,「宿舎の枕がイマイチというか、,The dorm pillows aren't comfy.,,
ID00211,000055a3,48,　なかなか寝られないんだよなぁ」,I can't seem to fall asleep.,,
ID00211,00005766,57,「なに？　マイ枕、持ってきてないの？」,What? You didn't bring your own pillow?,,
ID00211,00005908,60,「持ってきてないって、わざわざそんなの」,You didn't bring it on purpose or something?,,
ID00211,00005ad7,57,「私なんか泊まりの時は、常に枕持参よ。,I always bring my own pillow when I stay overnight.,,
ID00211,00005b1f,63,　首を寝違えたら、仕事にならないじゃない」,"If you get a stiff neck, work's ruined.",,
ID00211,00005f74,33,「モデルは大変だなぁ」,"Being a model is tough, huh?",,
ID00211,00006128,39,「週末、家に取りに帰れば？,Why don't you go home this weekend?,,
ID00211,0000615e,27,　大事よ、安眠は」,Good sleep is important.,,
ID00211,00006467,60,「ユイ姉って、常に体型を維持してるよな」,"Yui-nee is always keeping her figure, isn't she?",,
ID00211,00006636,39,「モデルだからね、当然よ」,Of course. She's a model after all.,,
ID00211,000067c6,39,「ダイエットのコツって？」,Any tips for dieting?,,
ID00211,00006980,18,「それは…」,It's...,,
ID00211,00006b25,54,「食べないことよ…。あと適度な運動」,Don't eat... And moderate exercise.,,
ID00211,00006dff,21,「大変だなぁ」,That's tough.,,
ID00211,00006fa7,39,「小さい頃から続けてるし、,"I've been doing it since I was little,",,
ID00211,00006fdd,36,　なんてことないけどね」,it's nothing to worry about.,,
ID00211,000071b4,45,「学期末の健康診断の結果って、,How did your end-of-term physical go?,,
ID00211,000071f0,24,　どうだった？」,How was it?,,
ID00211,0000739b,36,「それが…肝臓の数値が、,"But... my liver values,",,
ID00211,000073ce,33,　今一つよくなくて…」,aren't quite right...,,
ID00211,00007693,33,「肝臓って…酒か！？」,My liver? Alcohol!?!,,
ID00211,00007859,63,「んなわけないでしょ！　慢性疲労なのよ！」,No way! It's chronic fatigue!,,
ID00211,00007a38,57,「え…ダメだろ、それ。休み取らないと」,Eh... That can't be good. You should take a break.,,
ID00211,00007c04,60,「今の仕事が終わったらね、そのつもりよ」,I'll do that after I finish my current work.,,
ID00211,00007dbc,30,「夏バテは大丈夫？」,How’s the summer heat?,,
ID00211,00007f6d,54,「なんとかね～。脱水症状が怖いから、,"Just barely. I'm scared of dehydration, so",,
ID00211,00007fb2,51,　たくさん水分を取るようにしてる」,I make sure to drink lots of fluids.,,
ID00211,00008425,63,「教室のクーラーが、もうちょっと効いてると,"It'd be easier if the classroom AC worked better,",,
ID00211,00008473,30,　楽なんだけどねぇ」,but it doesn't.,,
ID00211,000088de,18,「言えてる」,You're right.,,
ID00211,00008931,63,「Ｏ型の性格って、どんなのか知ってるか？」,Do you know what O-type is like?,,
ID00211,00008b03,45,「明るくて、優しくて、弟想いの,"Bright, kind, protective.",,
ID00211,00008b3f,30,　かわいいお姉さん」,a cute big sister,,
ID00211,00008f73,39,「はいはい、その通りだよ」,"Yeah yeah, that's exactly right.",,
ID00211,0000912d,21,「でしょ～っ。,~right?,,
ID00211,00009151,51,　よかったわね、私がお姉ちゃんで」,I'm glad I get to be the older sister.,,
ID00211,00009472,54,「このところ暑いから、寝苦しくて…」,"It's been so hot lately, I can't sleep...",,
ID00211,00009672,60,「目を閉じて、海から聞こえてくる波の音に,Close your eyes and listen.,,
ID00211,000096bd,36,　耳を傾けるといいわよ」,it'll help you relax.,,
ID00211,00009a5f,30,「心が静かになって、,"When your mind is calm,",,
ID00211,00009a8c,42,　いつの間にか眠ってるから」,you'll fall asleep before you know it.,,
ID00211,00009c32,51,「健康って大切だから、ユイ姉も…」,Take care of yourself too...,,
ID00211,00009df8,48,「わかってるって。心配しすぎよ」,I get it. You're worrying too much.,,
ID00211,00009fdb,51,「ったく、いきなり朝の体操なんて…,"Geez, morning exercises...",,
ID00211,0000a01d,42,　事前に言っておいてくれよ」,You could've told me beforehand.,,
ID00211,0000a1da,48,「それじゃ、驚きがないじゃない」,Then there wouldn't be any surprise.,,
ID00211,0000a373,45,「驚きなんて求めてねーっての」,I don't even want a surprise.,,
ID00211,0000a533,27,「私が求めてるの。,What I'm after is.,,
ID00211,0000a55d,45,　せっかくの夏休みなんだから、,Since it's the summer vacation.,,
ID00211,0000a599,39,　最大限楽しまなくっちゃ」,I gotta have as much fun as possible.,,
ID00211,0000a89b,15,「はぁ…」,...,,
ID00211,0000aa3d,48,「朝の体操は健康にいいんだから、,"Morning exercises are good for your health, so",,
ID00211,0000aa7c,24,　文句言わない」,don't complain.,,
ID00211,0000ac10,60,「タオル一枚で寝るとか、風邪引く気かよ？,You’ll get sick with one towel?,,
ID00211,0000ac5b,27,　気をつけろよな」,"Be careful, okay?",,
ID00211,0000ae09,57,「ぶろ君がちゃんとケアしてくれるから、,"Since Bro-kun will take care of you properly,",,
ID00211,0000ae51,15,　大丈夫」,It's okay.,,
ID00211,0000b13b,51,「俺がいなかったらどうするんだよ？,What are you gonna do without me around?,,
ID00211,0000b17d,48,　ユイ姉の部屋まで行けないぞ？」,You won't even make it to Yui-nee's room.,,
ID00211,0000b340,45,「自分の部屋じゃやらないわよ。,I wouldn't do that in my own room.,,
ID00211,0000b37c,57,　ぶろ君の部屋だから、気を許しただけ」,It's just 'cause I'm relaxed in Bro-kun's room.,,
ID00211,0000b7cb,54,「はぁ…俺の部屋でも気をつけろって」,Hmm... You still gotta be careful in my room too.,,
ID00211,0000b842,48,「ユイ姉って、視力どれぐらい？」,"How's your eyesight, Yuichan?",,
ID00211,0000ba05,33,「０．７…だったかな」,0.7... I think,,
ID00211,0000bb8f,33,「あんまりよくないな」,That's not too good.,,
ID00211,0000bd43,39,「ぶろ君のカッコいい顔が、,Bro-kun's handsome face is gonna get,,
ID00211,0000bd79,39,　ボケちゃってざんね～ん」,blurry... That sucks~,,
ID00211,0000c05a,18,「はいはい」,Sure sure.,,
ID00211,0000c0ad,63,「家の風呂にある、高そうなシャンプーって、,"The expensive shampoo in the bath at home,",,
ID00211,0000c0fb,30,　どこで買うんだ？」,Where do you buy that?,,
ID00211,0000c2ac,51,「あーっ、ぶろ君は使っちゃダメよ！,"Aah, Bro-kun, you can't use it!",,
ID00211,0000c2ee,39,　ホントに高いんだから！」,It's really expensive!,,
ID00211,0000c627,33,「んなの使わないって」,I told you not to use it.,,
ID00211,0000c7db,45,「まぁちゃんには使っていいって,But I said Maa-chan can use it,,
ID00211,0000c817,30,　言ってるんだけど、,though.,,
ID00211,0000c844,42,　興味ないみたいなのよねぇ」,Seems like you're not interested in it.,,
ID00211,0000cb5c,33,「ユイ姉って、学校でも,"Yui-nee, even at school",,
ID00211,0000cb8c,39,　歯を磨いてるんだっけ？」,"You brush your teeth, right?",,
ID00211,0000cd46,45,「もちろんよ。虫歯になったら、,"Of course. If you get cavities,",,
ID00211,0000cd82,45,　取り返しがつかないじゃない」,"You're screwed, aren't you?",,
ID00211,0000d0b4,39,「笑顔に白い歯は不可欠よ」,A smile needs white teeth.,,
ID00211,0000d257,48,「ユイ姉って、クラスの女子じゃ、,"Yui-nee is the tallest girl in our class,",,
ID00211,0000d296,45,　一番背が高いんじゃないか？」,isn't she?,,
ID00211,0000d479,54,「ううん、バレーボール部の子の方が、,"No, the volleyball girls are taller.",,
ID00211,0000d4be,30,　ちょっと高いわね」,She's a bit taller than me.,,
ID00211,0000d91c,39,「バレーボールもモデルも、,"Volleyball and modeling,",,
ID00211,0000d952,48,　背が高い方が有利なのは一緒ね」,both benefit from being tall.,,
ID00211,0000dc39,39,「ユイ姉って、長湯だよな」,"You know, Yuichan likes long baths.",,
ID00211,0000ddf3,63,「体のメンテナンスも、仕事のうちだからね」,Maintaining your body is part of the job too.,,
ID00211,0000e100,48,「じっくり磨き上げておかないと」,You gotta really take care of it.,,
ID00211,0000e171,57,「怪しげな健康器具を買っちゃったことは,"I ended up buying some sketchy health equipment,",,
ID00211,0000e1b9,21,　ないのか？」,Aren't there any?,,
ID00211,0000e361,42,「ないわよ。モデル仲間から、,I didn't.,,
ID00211,0000e39a,42,　しつこく勧められたことは、,"A modeling friend kept pushing it on me,",,
ID00211,0000e3d3,30,　何度もあるけどね」,but it has.,,
ID00211,0000e841,39,「ああいうのは１つ買うと、,"Once you buy something like that,",,
ID00211,0000e877,39,　いっぱい買わされるから、,you end up buying a bunch of them.,,
ID00211,0000e8ad,42,　絶対手を出しちゃダメなの」,you can't touch it.,,
ID00211,0000ec1f,27,「健康といえば…」,Speaking of health...,,
ID00211,0000edcd,27,「ふうん…ぶろ君も,hmm... even bro-kun is,,
ID00211,0000edf7,45,　それなりに気遣ってるのねぇ」,"considerate to some extent, huh?",,
ID00211,0000f112,48,「ユイ姉って、いつか引退したら、,"You know, Yu-sis, when she retires someday,",,
ID00211,0000f151,39,　太るタイプじゃないか？」,isn't she the type who'll gain weight?,,
ID00211,0000f30b,45,「うっ、イヤなこと言うわねぇ」,"Ugh, what an unpleasant thing to say.",,
ID00211,0000f622,51,「私は生涯現役だから、太らないの」,"I'll stay fit my whole life, so I won't get fat.",,
ID00211,0000f7d1,45,「整体って行ったことあるか？」,Have you ever been to a massage parlor?,,
ID00211,0000f9b4,60,「ううん、マネージャーに勧められたことは,"Well, the manager recommended it once,",,
ID00211,0000f9ff,36,　あるけど、行ってない」,but I never went.,,
ID00211,0000fe63,42,「私にはぶろ君がいるからね」,I've got Bro-kun after all.,,
ID00211,0000fff6,36,「はいはい、がんばるよ」,"Sure sure, I'll do my best.",,
ID00211,0001005b,36,「風呂は、ぬるめと熱め、,"The bath is lukewarm and hot,",,
ID00211,0001008e,36,　どっちが好きなんだ？」,which one do you like better?,,
ID00211,00010245,45,「ぬる～いのにしばらく入って、,"and I soak in the warm one for a while,",,
ID00211,00010281,42,　段々熱くしていくのが好き」,I like it when it gets hotter gradually.,,
ID00211,0001054f,21,「長湯だなぁ」,Long bath.,,
ID00211,000106f7,18,「そんなの、,It didn't.,,
ID00211,00010718,54,　今に始まったことじゃないでしょ？」,is it?,,
ID00211,000108ca,63,「季節の変わり目って、風邪引きやすいから、,"When the seasons change, you get sick easily,",,
ID00211,00010918,24,　気をつけてな」,so be careful.,,
ID00211,00010acf,54,「そうね、薄着しすぎないようにする」,"Right, I'll make sure to dress warmly.",,
ID00211,00010e0a,42,「ありがと、心配してくれて」,Thanks for worrying about me.,,
ID00211,00010fb0,60,「太く短く生きるのと、細く長く生きるの、,"Living big and short, or living small and long?",,
ID00211,00010ffb,27,　どっちがいい？」,Which is better?,,
ID00211,000111c5,33,「もちろん太く短くよ」,"Of course, big and short.",,
ID00211,000114b4,54,「なにか…私が生きた証を残したい…」,I want to leave some proof that I lived...,,
ID00211,000117b8,51,「けど、長生きに越したことないし、,"But, there's nothing better than longevity.",,
ID00211,000117fa,45,　無茶はしないようしなきゃね」,So no taking unnecessary risks.,,
ID00211,00011acb,30,「ははは、そうだな」,"Haha, yeah.",,
ID00211,00011b2a,45,「不意に涼しい夜があるから…」,Just in case a cool night comes up...,,
ID00211,00011cf6,42,「そうね、風邪引かないように,Be careful.,,
ID00211,00011d2f,30,　気をつけなきゃね」,Got it.,,
ID00212,00002348,33,「ダイエットのために、,Do you swim for weight loss?,,
ID00212,00002378,54,　よく学校のプールを泳いでるのか？」,Do you often swim at the school pool for that?,,
ID00212,00002541,48,「そうよ。体育の後のお昼休みの、,It’s good use of time.,,
ID00212,00002580,36,　有効な活用法でしょ？」,That's a great way.,,
ID00212,000029ad,57,「常に体を引き締めておかなくっちゃね」,You gotta keep your body tight at all times.,,
ID00212,00002a27,39,「ユイ姉って、足をつかずに,How far can you swim?,,
ID00212,00002a5d,39,　どれぐらい泳げるんだ？」,I wonder how far you can go?,,
ID00212,00002c17,42,「１００メートルぐらいかな。,Maybe a hundred meters or so.,,
ID00212,00002c50,36,　そんなに早くないけど」,"Not that fast, though.",,
ID00212,000030b4,30,「好きよ、泳ぐのは。,I like swimming.,,
ID00212,000030e1,54,　気持ちいいし、ダイエットにいいし」,It's relaxing and good for dieting.,,
ID00212,00003540,48,「ビーチの授業と、プールの授業、,"Beach class and pool class,",,
ID00212,0000357f,27,　どっちがいい？」,Which is better?,,
ID00212,0000372d,51,「プールよ。ビーチは砂がつくから、,pool is better.,,
ID00212,0000376f,33,　洗い流すのが大変で」,"the beach gets sandy, so",,
ID00212,00003c17,33,「リゾートで行くなら、,"If it’s a resort trip,",,
ID00212,00003c47,42,　ビーチの方が好きだけどね。,I prefer the beach.,,
ID00212,00003c80,57,　ショッピングモールで買い物できるし」,You can go shopping at the mall too.,,
ID00212,00003fa7,63,「こう暑いと、体育は全部水泳でもいいよな」,"It's so hot, maybe we could do all PE in the pool?",,
ID00212,00004179,63,「嫌よ、そんなの。日に焼けちゃうじゃない」,No way! I'll get sunburned!,,
ID00212,00004486,54,「体育館で適度な運動ってのが最高よ」,Working out in the gym is perfect.,,
ID00212,0000479d,30,「まぁちゃんは結局、,Maa-chan never did.,,
ID00212,000047ca,51,　泳げるようにならなかったわねぇ」,did she?,,
ID00212,00004aa1,48,「手取り足取り教えたんだけどな」,I taught her step-by-step though.,,
ID00212,00004c64,60,「私も教えたんだけど、使い手の宿命とか、,I tried too.,,
ID00212,00004caf,63,　等価交換とか、よくわかんないこと言って、,Don't get equivalent exchange.,,
ID00212,00004cfd,33,　逃げちゃうのよねぇ」,She just runs away though.,,
ID00212,000052a6,36,「本人、気にしてないし、,"She doesn't care herself,",,
ID00212,000052d9,33,　いいんじゃないか？」,to take your mind off things?,,
ID00212,0000548d,45,「水が嫌いってわけじゃないし、,"I mean she's not actually afraid of water,",,
ID00212,000054c9,57,　プールでも楽しそうに遊んでるものね」,and seems to have fun swimming in the pool too.,,
ID00212,0000567e,42,「ユイ姉の得意な泳ぎって？」,What's Ui good at swimming?,,
ID00212,0000583b,60,「得意っていうか、好きなのはクロールよ。,I love freestyle.,,
ID00212,00005886,45,　一番カロリー消費がいいから」,It burns the most calories.,,
ID00212,00005cf3,60,「ひとかきひとかきに、想いを乗せるのよ。,I put my feelings into every stroke.,,
ID00212,00005d3e,39,　燃えろ～、脂肪め～って」,"Burn up, you fatty!",,
ID00212,000061b2,18,「はははは」,Hahaha,,
ID00212,00006205,51,「うちのプールって、きれいだよな」,Our pool is so pretty.,,
ID00212,0000640e,42,「そうね～、リゾートホテルの,Yeah~ it rivals a resort hotel's,,
ID00212,00006447,30,　プール顔負けよね」,"pool, doesn't it?",,
ID00212,00006733,63,「見栄えがするし、動画のロケーションとして,It looks great and would be perfect,,
ID00212,00006781,39,　バッチリなんじゃない？」,for filming.,,
ID00212,00006a4c,18,「そうだな」,You're right.,,
ID00212,00006bf1,42,「あとは、ぶろ君の腕次第ね」,"It's up to you, Bro-kun.",,
ID00212,00006d84,24,「うっさいぞー」,Shut up already.,,
ID00212,00006ddd,21,「水泳って…」,"Swimming, huh...",,
ID00212,00006f85,54,「そうね～、いい運動になるわよね～」,"Yeah, it'll be a good workout~",,
ID00212,0000729c,63,「どう？　私の水着を選ぶのは楽しかった？」,How was it? Did you enjoy picking out my swimsuit?,,
ID00212,0000757f,42,「か、からかうなよ、ユイ姉」,"Don't tease me, Yui-nee.",,
ID00212,00007705,27,「肩紐を結ぶ指が、,Your tying fingers are,,
ID00212,0000772f,48,　ちょっと震えちゃってたりね～」,Kind of trembling a little~,,
ID00212,00007a3a,24,「震えてねぇ！」,They're not shaking!,,
ID00212,00007ac4,33,（ユイ姉のスク水姿…）,(Yui-nee in her swimsuit...),,
ID00212,00007cfc,45,「なぁに？　じっと見ちゃって。,What's up? You're staring.,,
ID00212,00007d38,39,　私のスク水姿に釘付け？」,Are you fixated on my swimsuit?,,
ID00212,000080e1,39,「そ、そうじゃないって！」,"N-No, that's not it!",,
ID00212,0000829b,42,「フフッ、隠さない隠さない。,"Hehe, I'm not hiding anything.",,
ID00212,000082d4,54,　さすが私ね。弟も惑わしちゃうかぁ」,My little brother gets distracted.,,
ID00212,0000876a,33,「水泳の授業の後って、,After swimming class...,,
ID00212,0000879a,36,　疲れて眠くなるよなぁ」,You get tired and sleepy.,,
ID00212,00008951,33,「ホ～ント、先生の声が,"Honestly, the teacher's voice",,
ID00212,00008981,42,　子守歌に聞こえるのよねぇ」,really sounds like a lullaby.,,
ID00212,00008cc0,39,「あれで眠くならないのは、,"You'd think you couldn't stay awake,",,
ID00212,00008cf6,63,　体力が有り余ってるか、余程の勉強好きね」,You have so much energy.,,
ID00212,00008ee8,60,「スク水って、なんで紺とか黒なんだろ？」,Why are swimsuits usually navy or black?,,
ID00212,000090b7,54,「出来るだけ地味にしたいんじゃない？,Don't you want to be as inconspicuous as possible?,,
ID00212,000090fc,33,　授業で着るものだし」,It's just for class after all.,,
ID00212,00009422,39,「私は、派手な水着の方が、,"I prefer flashy swimsuits myself,",,
ID00212,00009458,51,　盛り上がっていいと思うけどね～」,I think it's fine to go all out~,,
ID00212,00009779,63,「モデルやってると、色んな水着を着るよな」,"When you're a model, lots of swimsuits.",,
ID00212,0000994b,39,「そうね～、競泳水着から、,Yeah~ from racing swimsuits to,,
ID00212,00009981,36,　セクシーなビキニまで、,"sexy bikinis,",,
ID00212,000099b4,51,　着たことがない水着がないくらい」,I've tried on most swimsuits.,,
ID00212,00009f62,36,「水泳選手でもないのに、,"We're not even swimmers, but",,
ID00212,00009f95,51,　競泳水着を着たことがあるなんて、,"to have worn racing swimsuits,",,
ID00212,00009fd7,39,　私たちぐらいじゃない？」,aren't we the ones?,,
ID00212,0000a2d9,18,「はははは」,Hahaha,,
ID00212,0000a32c,57,「競泳水着の着心地って、どんな感じ？」,How does it feel to wear a racing swimsuit?,,
ID00212,0000a4f8,33,「ぴっちりしてるわね。,It's really tight.,,
ID00212,0000a528,39,　体が引き締められる感じ」,Your body feels pulled in.,,
ID00212,0000a854,51,「けど、腕と脚は動かしやすいのよ」,"But, they're easy to move your arms and legs in.",,
ID00212,0000a9f0,15,「へ～っ」,Wow...,,
ID00212,0000ab92,42,「ま、男の人が気になるのは、,"Well, guys are more interested in",,
ID00212,0000abcb,45,　下のハイカット具合でしょ？」,"how low-cut they are, right?",,
ID00212,0000aeb2,30,「う…言い返せねぇ」,Ugh... Can't argue.,,
ID00212,0000af11,57,「ユイ姉の好きな水着って、どんなの？」,What kind of swimsuit does Ui-onee like?,,
ID00212,0000b0dd,39,「好きなのは…マイクロ…」,My favorite... is micro...,,
ID00212,0000b2a4,24,「マイクロ！？」,Micro?!?,,
ID00212,0000b44f,51,「な～んてね、そんな訳ないでしょ。,"I was just kidding, of course not.",,
ID00212,0000b491,54,　モノキニなんか面白いんじゃない？」,"Monokini's way more fun, right?",,
ID00212,0000b914,21,「モノキニ？」,Monokini?,,
ID00212,0000ba85,42,「前から見るとワンピースで、,"It looks like a one-piece from the front,",,
ID00212,0000babe,57,　後ろから見るとビキニに見える水着よ。,but like a bikini from behind.,,
ID00212,0000bb06,45,　すっごくセクシーなんだから」,It's super sexy.,,
ID00212,0000be21,33,「水泳の楽しさって…」,Swimming is so much fun...,,
ID00212,0000bfd5,27,「フフッ、その上、,"Hehe, and on top of that,",,
ID00212,0000bfff,48,　いっぱいカロリー消費するしね」,You burn a lot of calories too.,,
ID00212,0000c482,60,「せっかくの仕事抜きのプールだったのに、,"I was looking forward to the pool without work, but",,
ID00212,0000c4cd,42,　結局、ぶろ君のカメラの前に,Ended up in front of Bro-kun's camera.,,
ID00212,0000c506,27,　立っちゃったか」,You did it huh?,,
ID00212,0000c7fc,30,「いきなり、ごめん」,Sorry to drop by.,,
ID00212,0000c9ad,54,「いいわよ、１カットだけだったしね。,"It's fine, it was only one shot anyway.",,
ID00212,0000c9f2,39,　その後、存分に泳げたし」,I got to swim plenty after that.,,
ID00212,0000cd38,33,（ユイ姉のスク水姿…）,(Yui-nee in her swimsuit...),,
ID00212,0000cf82,12,「あ…」,...,,
ID00212,0000d14c,39,「も、もう、じっと見ない！,D-Don't stare at me anymore!,,
ID00212,0000d182,42,　弟とはいえ、照れるでしょ」,"Even if he's your brother, you'd be too.",,
ID00212,0000d281,18,「わ、悪い」,S-Sorry,,
ID00212,0000d2d4,60,「挑戦したいマリンスポーツってあるか？」,Is there a marine sport you want to try?,,
ID00212,0000d4a3,48,「パラセーリングをやってみたい。,I wanna do parasailing.,,
ID00212,0000d4e2,39,　青い空と海を満喫するの」,Enjoy the blue sky and sea.,,
ID00212,0000d6a9,54,「高いとこ好きだなぁ。怖くないか？」,You like heights? Aren't you scared?,,
ID00212,0000d895,42,「ちっとも。世界を見渡せて、,You can see the world from up high.,,
ID00212,0000d8ce,33,　気持ちいいじゃない」,It's so nice.,,
ID00212,0000dbdd,63,「スパッツタイプのスク水って、どう思う？」,What do you think of spats-type swimsuits?,,
ID00212,0000ddaf,27,「時代が一周して、,"Now that time has cycled,",,
ID00212,0000ddd9,39,　古くなっちゃった感じ？」,they feel old-fashioned?,,
ID00212,0000e0ce,39,「いっそ、膝丈の競泳水着を,How about a knee-length one instead?,,
ID00212,0000e104,57,　スク水にしちゃえばいいと思うけどね」,I think that'd be better.,,
ID00212,0000e52f,63,「うちのスク水のデザインって、どう思う？」,What do you think of our swimsuit design?,,
ID00212,0000e701,42,「変わってていいんじゃない？,Isn't it cool to have something different?,,
ID00212,0000e73a,48,　三角のラインがスポーティよね」,The triangle line makes it sporty.,,
ID00212,0000ea58,42,「そろそろ泳ぎ納めだけど…」,Season's end is near.,,
ID00212,0000ec15,48,「そうねぇ…なんだか名残惜しい」,Yeah... I kind of feel bad to part with it.,,
ID00213,00003b12,57,「さすがユイ姉、体操服のウオーキング、,"As expected of you, Yui-nee.",,
ID00213,00003b5a,54,　まるでファッションショーだったよ」,just like a fashion show.,,
ID00213,00003d23,45,「当たり前よ、プロなんだから」,"It's my job, I'm a pro.",,
ID00213,0000401e,54,「どんな服装でも、魅せてみせるわよ」,"No matter what I wear, I'll show off.",,
ID00213,000041d0,42,「スカートの下にブルマとは、,"There's a leotard under the skirt,",,
ID00213,00004209,27,　刺激的だったよ」,That was provocative.,,
ID00213,000043b7,51,「うわぁ…姉のブルマ姿を喜ぶとか、,"Ugh... I'm so glad you liked my leotard look,",,
ID00213,000043f9,21,　ドン引き…」,I can't believe it...,,
ID00213,000046e9,48,「お、俺は、被写体としてだな！」,"Hey, I'm the one getting photographed here!",,
ID00213,000048ac,54,「はいはい、ぶろ君はブルマ好きっと」,"Yeah, yeah, bro's into bikinis.",,
ID00213,00004bbd,18,「ったく…」,...Man...,,
ID00213,00004c10,51,「撮影がなければやれるんだけどな、,"I could do it if there wasn't a shoot going on,",,
ID00213,00004c52,24,　バレーボール」,volleyball.,,
ID00213,00004dfd,45,「そうね、時期が悪かったわね」,"Well, the timing was bad.",,
ID00213,0000513f,45,「撮影が終わったら、いくらでも,"Once we're done with this shoot,",,
ID00213,0000517b,36,　レシーブしてやるわよ」,I'll catch as many as you want.,,
ID00213,00005480,63,「ひめちゃんって、体操やってるだけあって、,"Hime-chan, your gymnastics training really shows,",,
ID00213,000054ce,63,　背筋がピンッと伸びて、きれいなのよねぇ」,your back is so straight and beautiful.,,
ID00213,00005a88,36,「モデルになれば、絶対に,"If you become a model, I'm sure",,
ID00213,00005abb,39,　仕事あると思うけどなぁ」,you'll get work.,,
ID00213,00005c9f,57,「ユイ姉みたいに、雑誌のグラビアを飾る,"Like how Yui-nee poses for magazine spreads,",,
ID00213,00005ce7,45,　凜世なんて、想像つかないよ」,I can't even imagine Rinze doing that.,,
ID00213,00005d71,57,「ユイ姉みたいに、雑誌のグラビアを飾る,"Like how Yui-nee poses for magazine spreads,",,
ID00213,00005db9,45,　妃月なんて、想像つかないよ」,I can't even imagine Himeragi doing that.,,
ID00213,00005f71,54,「フフッ、そうね。あり得ないわよね」,"Hehe, yeah. It's impossible.",,
ID00213,00006295,51,「相良さんと一緒にランニングか…」,Running with Sagara-san...,,
ID00213,0000645b,60,「フフッ、いいでしょ？　うらやましい？」,"Hehe, isn't it nice? Jealous?",,
ID00213,00006772,63,「この暑いのに、ランニングってとこがなぁ」,"It's hot out, but I like that you're running.",,
ID00213,00006944,51,「だからいいんじゃない、汗が出て。,"So it's good, right? You're sweating.",,
ID00213,00006986,33,　わかってないわねぇ」,"You really don't get it, do you?",,
ID00213,00006c95,63,「キックターゲットは、マトに当てるゲームで,Kick target is aiming for the bullseye.,,
ID00213,00006ce3,54,　ただボールを蹴る遊びじゃないぞ？」,It's not just kicking the ball around.,,
ID00213,00006eac,33,「いいの、楽しければ。,That's fine if you're having fun.,,
ID00213,00006edc,45,　おかげでスッキリしちゃった」,"Thanks to that, I feel refreshed now.",,
ID00213,000070bc,57,「ユイ姉って、結構、足が速い方だよな」,Yui-nee is actually pretty fast.,,
ID00213,00007288,51,「そんなに運動してないわりにはね」,Even though you don't do much exercise.,,
ID00213,0000744e,36,「ちゃ～んと練習すれば、,"If you trained properly,",,
ID00213,00007481,60,　陸上部にも引けを取らないんだけどなぁ」,"you'd be just as good as the track team, ya know?",,
ID00213,00007798,18,「はいはい」,Sure sure.,,
ID00213,000077eb,36,「苦手なスポーツって？」,What sport are you bad at?,,
ID00213,000079a2,39,「ボクシングね。殴られると,"Boxing. When I get hit,",,
ID00213,000079d8,57,　血が出るじゃない？　あれが苦手で…」,"I bleed, right? That's what I'm bad at...",,
ID00213,00007f55,45,「目とかすっごく腫れちゃって、,"My eyes swell up really badly,",,
ID00213,00007f91,63,　見てられない。ぶろ君がやるって言ったら、,"I can't stand it. When you said you'd do it,",,
ID00213,00007fdf,24,　絶対反対する」,I'd oppose it.,,
ID00213,0000857f,45,「安心してくれ、やんねーから」,"Don't worry, I won't do it.",,
ID00213,000085ed,48,「ユイ姉って、体、柔らかいよな」,"Yui-nee's body is really soft, right?",,
ID00213,000087b0,57,「大事だからね、柔軟性は。体が固いと、,"It's important to be flexible. If your body's stiff,",,
ID00213,000087f8,51,　ポーズがぎこちなくなるでしょ？」,"your poses will look awkward, right?",,
ID00213,00008da6,24,「小さい頃から、,"Ever since I was little,",,
ID00213,00008dcd,54,　ストレッチを欠かした日はないわよ」,there hasn't been a day when I didn't stretch.,,
ID00213,00008f7f,60,「サッカーと野球なら、どっちが好きだ？」,"Which one do you like better, soccer or baseball?",,
ID00213,0000914e,36,「そりゃあ、サッカーよ。,"Of course, soccer.",,
ID00213,00009181,60,　髪型とか、個性的な人が多いじゃない？」,There are many unique hairstyles.,,
ID00213,000095c6,63,「野球は丸刈りの印象がすごくあるのよねぇ」,Baseball makes me think of buzz cuts.,,
ID00213,000098a9,51,「まぁ、髪型の自由はなさそうだな」,No hair freedom there.,,
ID00213,0000991d,45,「ユイ姉って、チームスポーツが,"You're not good at team sports, Yui-nee.",,
ID00213,00009959,27,　苦手そうだよな」,aren't you?,,
ID00213,00009b07,51,「まぁね。人に合わせるの苦手だし、,"Yeah. I'm bad at going with the flow,",,
ID00213,00009b49,21,　難しいわね」,it's tough.,,
ID00213,00009d65,36,「得意なスポーツって？」,What's your favorite sport?,,
ID00213,00009f1c,24,「陸上が好きよ」,I like track and field.,,
ID00213,0000a0c7,39,「少しでも記録が伸びると、,"It's nice when my times improve, right?",,
ID00213,0000a0fd,33,　うれしいじゃない？」,aren't you happy then?,,
ID00213,0000a2d1,45,「ユイ姉って、体育の成績は？」,"How are you doing in PE class, Yu-san?",,
ID00213,0000a491,60,「仕事で休みがちだから、よくはないわね」,"You're often absent for work, so not great.",,
ID00213,0000a79b,63,「本気出せば、いい成績取れるんだけどなぁ」,"If I really tried, I could get good grades.",,
ID00213,0000aa91,63,「テレビのスポーツ中継でよく見るのって？」,The sports you often see on TV?,,
ID00213,0000ac63,63,「スポーツは結果だけわかればいいって感じ。,It's just the results that matter in sports.,,
ID00213,0000acb1,39,　ニュースとかネットでね」,"You know, on news and stuff online.",,
ID00213,0000b118,45,「試合に勝ったり、優勝した人の,I find interviews with winners or champions,,
ID00213,0000b154,42,　インタビューが面白いのよ」,really interesting.,,
ID00213,0000b46c,54,「体操選手の運動神経ってすごいよな」,Gymnasts have amazing coordination skills.,,
ID00213,0000b641,45,「そうね～、素質って大事よね」,"Yeah, talent is important, isn't it?",,
ID00213,0000b973,33,「一流のアスリートは、,Top athletes are chosen.,,
ID00213,0000b9a3,57,　みんな選ばれた人なんだなぁって思う」,aren't they?,,
ID00213,0000bcda,63,「ユイ姉って、レオタード着たことあるよな」,"You've worn a leotard before, right, Yuichan?",,
ID00213,0000beb8,42,「あるわよ、撮影で何度もね」,"I have, for photoshoots.",,
ID00213,0000c1e7,51,「レオタードって、体操はもちろん、,"Leotards are used in gymnastics,",,
ID00213,0000c229,57,　グラビア、レースクイーンに至るまで、,"for glamour shots and race queen outfits too,",,
ID00213,0000c271,54,　幅広く使われるスポーツウェアよね」,aren't they? They're pretty versatile sports wear.,,
ID00213,0000c82f,18,「はははは」,Hahaha,,
ID00213,0000c882,54,「腕立て伏せって何回ぐらい出来る？」,How many push-ups can you do?,,
ID00213,0000ca4b,33,「１５回は出来るわよ」,Fifteen or so.,,
ID00213,0000cbd5,21,「お、スゲェ」,"Whoa, cool.",,
ID00213,0000cd7d,60,「バストアップにいいのよ、腕立て伏せは」,Push-ups are great for bust growth.,,
ID00213,0000cf35,45,「ダンスの授業って、好きか？」,Do you like dance class?,,
ID00213,0000d0f5,39,「好きよ、有酸素運動だし」,"I like them, they're aerobic exercise.",,
ID00213,0000d421,45,「毎回ダンスでもいいぐらいよ」,It's almost as good as dancing every time.,,
ID00213,0000d48f,30,「体育の授業って…」,Physical education class...,,
ID00213,0000d640,60,「そうよ～、ぶろ君は運動不足なんだから、,"That's right, Bro-kun is out of shape, so",,
ID00213,0000d68b,33,　手を抜いちゃダメよ」,You can't slack off.,,
ID00213,0000daff,48,「スイカ割り、楽しかったわね～。,Watermelon smashing was fun.,,
ID00213,0000db3e,48,　まぁちゃんもノリノリだったし」,Maa-chan was really into it too.,,
ID00213,0000dd0e,33,「俺も童心に帰れたよ」,I got to be a kid again too.,,
ID00213,0000dec2,57,「フフッ、いいわね、３人の夏休みって」,"Hehe, summer break with you three.",,
ID00213,0000e1e9,48,「ユイ姉って、ダンスうまいよな」,Yui-nee is really good at dancing.,,
ID00213,0000e3ac,63,「フフッ、魅せる動きに慣れてるってことよ」,"Hehe, it's because you're used to showing off.",,
ID00213,0000e5cf,33,（ユイ姉の体操服姿…）,Yui-nee in her gym clothes...,,
ID00213,0000e807,48,「はぁ…姉の脚に釘付けってのも、,Haa... Getting stuck on your sister's legs is...,,
ID00213,0000e846,33,　どうかと思うわよ？」,I don't think that's a good idea?,,
ID00213,0000e93c,36,「そ、そうじゃないって。,S-That's not it.,,
ID00213,0000e96f,39,　体操服にニーソックスって,You don't really wear,,
ID00213,0000e9a5,45,　あんまり履かないよな、と…」,leggings with a PE uniform...,,
ID00213,0000eb65,24,「面白いでしょ？,Isn't that interesting?,,
ID00213,0000eb8c,54,　ファッションは遊び心も大事なのよ」,Fashion is all about fun too.,,
ID00213,0000eeb0,57,「スポーツテストで一番得意なのって？」,You're best at the sports test?,,
ID00213,0000f07c,39,「ハンドボール投げ、かな」,Maybe handball throw?,,
ID00213,0000f371,42,「男子顔負けの投げ方だって、,"They say you can throw like a guy,",,
ID00213,0000f3aa,39,　ほめられたことあるのよ」,You've been praised for it before.,,
ID00213,0000f54d,54,「ユイ姉が野球の始球式に呼ばれたら、,"If Yui-nee was asked to throw the first pitch,",,
ID00213,0000f592,36,　ノーバンいけそうだな」,she could probably do it no problem.,,
ID00213,0000f749,63,「あ、ノーパン始球式と空目しちゃうアレね」,"Oh, no panties mixed up with first pitch.",,
ID00213,0000fbc8,57,「いいわね～、ノーパン決めちゃうわよ」,That's nice~ I'll go all out then.,,
ID00213,0000fd6a,42,「ノーバンだ！　ノーバン！」,No panties! No panties!,,
ID00213,0000ff27,33,「フフッ、空耳、空耳」,"Heheh, misheard, misheard.",,
ID00213,000100c4,45,「キャンプへ行くなら、海と山、,"If we camp, beach or mountains.",,
ID00213,00010100,27,　どっちがいい？」,Which is better?,,
ID00213,000102ae,54,「山ね。海は撮影で散々行ってるから」,"Mountains, I've been to beaches enough.",,
ID00213,00010724,51,「高いところに登るの、好きだしね」,I like climbing up high places too.,,
ID00213,00010a38,57,「スポーツが得意な男はモテるんだから、,"Sports are popular with girls, you know.",,
ID00213,00010a80,39,　もっとがんばりなさいよ」,You can do better than that.,,
ID00213,00010d82,54,「別にモテたいからってスポーツを…」,It's not like I'm doing sports just to be popular...,,
ID00213,00010f4b,42,「動機なんて不純でいいのよ。,Your motives don't have to be pure.,,
ID00213,00010f84,33,　男って、モテたいから,Guys do things to get attention.,,
ID00213,00010fb4,39,　がんばる生き物じゃない」,They're animals that work hard for it.,,
ID00213,000112b6,33,「ぐぐ…言い返せない」,...Guh...I can't argue back,,
ID00213,00011318,36,「護身術に合気道なんか、,"Self-defense with aikido, huh?",,
ID00213,0001134b,45,　覚えるといいんじゃないか？」,Maybe it's good to learn that kind of stuff?,,
ID00213,0001150b,45,「ん～、太極拳の方がいいかな。,Mmm...maybe tai chi is better.,,
ID00213,00011547,33,　美容に良さそうだし」,It seems good for my looks.,,
ID00213,00011856,60,「朝練やってる運動部って、大変だよなぁ」,Morning practice must be tough.,,
ID00213,00011a25,45,「軽い運動ならいいんだけどね。,As long as it's light exercise though.,,
ID00213,00011a61,48,　早寝早起きで、いい生活リズムが,Waking up early and going to bed early makes,,
ID00213,00011aa0,21,　作れるから」,I can manage.,,
ID00213,00011ff9,42,「けど、起き抜けに猛練習は、,Intense training right away is,,
ID00213,00012032,45,　あんまりよくないと思うなぁ」,"not so good, I think.",,
ID00213,0001234d,39,「ウエストの引き締めには、,"For tightening the waist,",,
ID00213,00012383,39,　腹筋がよさそうだよな？」,"crunches seem pretty effective, huh?",,
ID00213,0001253d,33,「適度にしておけばね」,Just do it in moderation.,,
ID00213,0001282c,51,「やりすぎて腹筋が割れちゃったら、,"If your abs get too cut from overdoing it,",,
ID00213,0001286e,39,　可愛げがなくなっちゃう」,you'll lose that cute look.,,
ID00213,00012a48,63,「スマートウォッチって、心拍数とか計れて、,Smartwatches can measure heart rate and,,
ID00213,00012a96,54,　エクササイズにいいんじゃないか？」,Isn't it good for exercise?,,
ID00213,00012c5f,45,「ん～、それはそうなんだけど、,"Hmm, that's true, but...",,
ID00213,00012c9b,30,　デザインがねぇ…」,The design is lacking...,,
ID00213,000130f9,48,「もうちょっと、薄くて、軽くて、,If they were a bit thinner and lighter...,,
ID00213,00013138,45,　オシャレになったら、考える」,I'll think about it if they get more stylish.,,
ID00213,0001357b,63,（薄くて軽いのは、なかなか無理だろうなぁ）,Thin and light ones are hard to make.,,
ID00213,000135fb,57,「スポーツジムに通ったりしないのか？」,Don't you go to the gym or anything?,,
ID00213,000137c7,30,「卒業したら考える。,I'll think about it later.,,
ID00213,000137f4,51,　運動する機会が減るだろうからね」,Since you'll have fewer chances to exercise.,,
ID00213,000139a3,30,「日々の運動って…」,Daily exercise...,,
ID00213,00013b54,54,「そうよぉ、ぶろ君もがんばりなさい」,"Yeah, do your best too, Bro-kun!",,
ID00213,00013ea2,57,「階段から落ちそうになったまぁちゃんを,I caught Maa-chan when she almost fell.,,
ID00213,00013eea,42,　抱き止めたのが私だなんて、,"that I saved her like that,",,
ID00213,00013f23,39,　出遅れてどうすんのよ？」,You're just being slow!,,
ID00213,00014225,15,「悪い…」,Sorry...,,
ID00213,000143c7,39,「ホ～ント、鈍いんだから」,"Really, you are so dense.",,
ID00213,0001459b,33,（ユイ姉の体操服姿…）,Yui-nee in her gym clothes...,,
ID00213,000147e5,48,「フフッ、ぶろ君は私の体操服姿に,"Hehe, Bro-kun is staring at my gym clothes.",,
ID00213,00014824,21,　釘付けっと」,"You're glued, huh.",,
ID00213,0001490e,39,「そ、そういうわけじゃ！」,"N-no, that's not it!",,
ID00213,00014ac8,51,「いいのよ、見ても。弟なんだもん、,"It's fine, go ahead and look.",,
ID00213,00014b0a,39,　いくらでも見せてあげる」,I'll let you see as much as you want.,,
ID00213,00014f87,24,「ほら、ほらぁ」,"Look, look.",,
ID00213,00015155,45,「くっ、からかうなよ、ユイ姉」,"Cut it out, Yuu-neesan.",,
ID00213,000151c3,60,「体育のソフトボールのポジションって？」,What position do you play in softball?,,
ID00213,00015392,63,「外野ね。返球がいいから、みんな喜ぶのよ」,Outfield. They like that.,,
ID00213,00015824,27,「涼しくなったら、,"When it gets cooler,",,
ID00213,0001584e,57,　みんなでサイクリングなんていいわね」,we can all go cycling together.,,
ID00213,00015b2b,33,「真奈が乗れないぞ？」,"You can't ride a bike, Mana?",,
ID00213,00015cdf,45,「サイクリングコースへ行くと、,"When we get to the cycling course,",,
ID00213,00015d1b,60,　２人乗りの自転車を借りられるじゃない？,"you can rent tandem bikes, right?",,
ID00213,00015d66,45,　まぁちゃんはぶろ君とそっち」,"Maa-chan, you and Bu-ro-kun over there.",,
ID00213,0001606e,45,「はぁ…俺が２人分漕ぐのか…」,Hah... I'll have to pedal for both of us...,,
ID00213,0001622e,57,「かわいい妹の為なんだから、当たり前」,It's for my cute sister.,,
ID00213,000163d0,45,「はいはい、わかってますって」,"Yeah, yeah, I know.",,
ID00213,000165a3,33,「あ～あ…卒業したら、,"Aah... Once we graduate,",,
ID00213,000165d3,36,　バレーもバスケットも、,No volleyball or basketball.,,
ID00213,00016606,51,　やる機会がなくなるんだろうなぁ」,No more chances after graduation.,,
ID00213,00016914,21,「そうだな…」,Yeah...,,
ID00213,00016abc,57,「今度、３人で、トスバレーやろっか？」,Let's play toss volleyball next?,,
ID00213,00016d99,45,「おっ、いいな。真奈も喜ぶよ」,Sounds good! Mahiro'll be happy.,,
ID00213,00016f59,39,「フフッ、すごそうな名前の,"Hehe, what a cool-sounding name,",,
ID00213,00016f8f,36,　レシーブしてくれそう」,She'd probably catch it for you.,,
ID00213,00017257,30,「明後日の方向にな」,Look towards tomorrow.,,
ID00213,000172b6,51,「冬の長距離走大会に参加するのも、,"Participating in the winter long-distance race is,",,
ID00213,000172f8,24,　次で最後だな」,It's my last time too.,,
ID00213,000174a3,57,「そうね～、毎年楽しみだったのに残念」,Sigh~ I was looking forward to it every year though.,,
ID00213,000178e5,45,「体育の授業も大会にあわせて、,PE class will focus on it.,,
ID00213,00017921,54,　ランニングが主体になるじゃない？」,won't they? It'll mainly be running.,,
ID00213,00017c25,42,「有酸素運動がしたい私には、,"For me who wants aerobic exercise,",,
ID00213,00017c5e,42,　もってこいだったのよね～」,it couldn't have been better.,,
ID00213,00017df1,60,「長距離走が楽しみなんて、少数派だよ…」,You're in the minority there...,,
ID00213,00017e6e,48,「いつか、ホノルルマラソンとかに,Someday you'll try it.,,
ID00213,00017ead,30,　挑戦しそうだよな」,You seem like it.,,
ID00213,00018027,24,「あ、いいわね」,"Oh, that's nice.",,
ID00213,00018344,36,「ハワイの景色を見ながら,Enjoying Hawaiian views while,,
ID00213,00018377,36,　４２．１９５キロか…」,runnin' 42.195 km... huh?,,
ID00213,00018669,51,「まぁちゃんはゴールで待ってるだけ,"Maa-chan'll just be waitin' at the finish line, so",,
ID00213,000186ab,54,　だろうから、ぶろ君は一緒に参加ね」,Bro-kun's gonna join you too.,,
ID00213,00018985,36,「ゲエッ、無茶言うな！」,"Geez, you're pushin' it!",,
ID00213,00018b3c,30,「一緒に走らなくて、,"If we don't run together,",,
ID00213,00018b69,42,　どうやって動画録るのよ？」,how the hell'll I record it?,,
ID00213,00018cfc,33,「うぐぐ…考えとく…」,Ugh...I'll think about it...,,
ID00213,00018d5e,36,「スキーとスケートなら、,"Which one do you like better,",,
ID00213,00018d91,36,　どっちが好きだっけ？」,skiiin' or skatin'?,,
ID00213,00018f48,33,「私はスノーボード派」,I'm a snowboard kinda gal.,,
ID00213,00019200,45,「スキーよりスピード出ないし、,"It's not as fast as skiiin',",,
ID00213,0001923c,45,　軽く楽しむなら、スノボの方が,Snowboarding's better fun,,
ID00213,00019278,51,　大きなケガをしないんじゃない？」,You're less likely to get seriously hurt right?,,
ID00213,00019599,57,「日本のフィギュアスケートの選手って、,Figure skaters in Japan are,,
ID00213,000195e1,42,　世界トップクラスだよなぁ」,at the top of their game aren't they,,
ID00213,0001979e,36,「ホント、すごいわよね」,It's really amazing isn't it,,
ID00213,00019955,51,「ハードな運動なのに、いつも笑顔で,Even though it's such a tough sport,,
ID00213,00019997,51,　スピンしたり、ジャンプしたり…」,Spinning and jumping looks fun,,
ID00213,00019e0a,60,「きっと普段、猛練習してるんでしょうね。,I bet they train super hard all the time.,,
ID00213,00019e55,24,　応援しなきゃ」,so cheer for them.,,
ID00213,0001a15b,45,「ミツミキャンプが終わったら、,Check out my room later.,,
ID00213,0001a197,36,　ジャージに衣替えだな」,Changing to tracksuit.,,
ID00213,0001a34e,60,「そうね～、ショートパンツともお別れか」,"Yeah, guess it's time to say goodbye to the shorts.",,
ID00213,0001a658,57,「卒業しても、仕事でブルマを履くことは,I may still wear one.,,
ID00213,0001a6a0,27,　ありそうだけど」,but that's okay.,,
ID00213,0001a95f,18,「はははは」,Hahaha,,
ID00213,0001a9b2,39,「この間、体育の授業で…」,In P.E. class the other day...,,
ID00213,0001ab78,48,「そうそう、がんばって運動して、,"Right, right, gotta get moving and",,
ID00213,0001abb7,27,　体を鍛えなきゃ」,I've got to work out too.,,
ID00214,000021a9,63,「水分をよく取って、夏バテしないようにね」,Drink plenty of water and don't get heatstroke.,,
ID00214,00002351,39,「ユイ姉も忙しいんだから、,"Yui-nee's busy too, so",,
ID00214,00002387,30,　体調に気をつけて」,take care of yourself.,,
ID00214,00002538,60,「わかってるって。仕事に穴を開けるわけに,I know that. I can't afford to mess up my work.,,
ID00214,00002583,27,　いかないからね」,I can't afford to screw up.,,
ID00214,0000288c,51,「ユイ姉がよく飲む飲みものって？」,I'm asking about what Yui-nee drinks a lot of?,,
ID00214,00002a52,42,「軟水のミネラルウォーター。,It's mineral water with soft water.,,
ID00214,00002a8b,30,　撮影現場のお供ね」,An assistant on set.,,
ID00214,00002c25,36,「スポーツドリンクって、,Sports drinks are...,,
ID00214,00002c58,39,　あんまり飲まないのか？」,You don't drink them much?,,
ID00214,00002e1e,45,「普段はね。甘いから避けてる」,"Usually, yeah. I avoid the sweet ones.",,
ID00214,00003119,36,「スポーツの後に飲むと、,"They're good to drink after sports,",,
ID00214,0000314c,54,　素早く水分が吸収できていいのよね」,since you absorb the fluids quickly.,,
ID00214,00003470,51,「ユイ姉の好きなサンドイッチって、,What kind of sandwich does Ui-onee like?,,
ID00214,000034b2,24,　なんだっけ？」,I forgot.,,
ID00214,0000365d,48,「スタンダードなＢＬＴサンドよ。,It's a standard BLT.,,
ID00214,0000369c,42,　ベーコンとレタスとトマト」,"bacon, lettuce, and tomato.",,
ID00214,00003aeb,57,「ただし、ベーコンはいいものじゃないと,but the bacon has to be good,,
ID00214,00003b33,57,　ダメよ。風味が悪いと、味のバランスが,otherwise it ruins the flavor balance,,
ID00214,00003b7b,33,　壊れちゃうんだから」,it just doesn't work otherwise.,,
ID00214,000040ed,18,「はいはい」,Sure sure.,,
ID00214,00004140,45,「ソーダ類ならなにが好きだ？」,What kind of soda do you like?,,
ID00214,00004300,33,「特に好みはないかな、,I don't really prefer any.,,
ID00214,00004330,42,　なんでも飲むわよ。けど…」,I'll drink anything. But...,,
ID00214,00004763,45,「まぁちゃんがた～まに飲んでる,Maa-chan drinks it sometimes,,
ID00214,0000479f,30,　変なソーダは無理」,No way for weird sodas.,,
ID00214,00004bc6,57,「キュウリ味とか、エスプレッソ味とか、,"Like cucumber flavor or espresso flavor,",,
ID00214,00004c0e,27,　ビックリよね～」,Isn't that surprising~?,,
ID00214,00004f17,57,「コーヒーと紅茶ならどっちが好きだ？」,"Which do you like better, coffee or tea?",,
ID00214,000050e3,54,「どっちも好きだけど、お店で頼むなら,"I like both, but if I order at a cafe,",,
ID00214,00005128,36,　コーヒーね。ラテとか」,I'll go with coffee. Like latte.,,
ID00214,00005562,21,「どうして？」,Why?,,
ID00214,0000570a,60,「きれいなカフェでも、紅茶はティーバッグ,"Even in nice cafes, tea is usually",,
ID00214,00005755,30,　だったりするのよ」,in teabags.,,
ID00214,00005a41,57,「コーヒーならマシンで入れ立てだから、,"If it's coffee, the machine makes it fresh.",,
ID00214,00005a89,39,　そう外さないじゃない？」,"It can't go wrong, right?",,
ID00214,00005d67,57,「こう暑いと、つい冷たい飲みものを…」,"When it's this hot, I end up wanting cold drinks...",,
ID00214,00005f33,63,「そうね～、飲み過ぎに気をつけなくちゃね」,Yeah~ gotta be careful not to drink too much.,,
ID00214,000060ee,39,「コンビニのコーヒーって、,"Convenience store coffee,",,
ID00214,00006124,30,　意外とうまいよな」,"Surprisingly tasty, huh?",,
ID00214,000062e1,63,「そうね～、香りは弱いけど、入れ立てだし、,True~ the aroma is weak but it's fresh.,,
ID00214,0000632f,39,　値段を考えれば十分よね」,"Considering the price, it's fine.",,
ID00214,00006a56,48,「麦茶って、意外と体にいいのよ」,Barley tea is surprisingly healthy.,,
ID00214,00006bef,24,「そうなのか？」,Is that so?,,
ID00214,00006da6,39,「そう。ノンカロリーだし、,"That's right. It has no calories,",,
ID00214,00006ddc,57,　お茶なのにカフェインも入ってないの」,It's a tea with no caffeine.,,
ID00214,00007390,42,「オススメの夏の飲みものよ」,It's my recommended summer drink.,,
ID00214,000073fb,33,「ユイ姉って、何時から,When'd you stop eating?,,
ID00214,0000742b,39,　食べないようにしてる？」,"a certain time, Yu-nee?",,
ID00214,000075e5,42,「２１時以降は食べないわよ。,I don't eat anything after 9 PM.,,
ID00214,0000761e,48,　寝る前に食べると太るんだから」,"If I eat before bed, I'll get fat.",,
ID00214,00007a77,48,「パンケーキって流行ってるけど、,"Pancakes are all the rage these days, but",,
ID00214,00007ab6,48,　なにをかけて食べるのが好き？」,What do you like to eat it with?,,
ID00214,00007c79,57,「バターをひとかけらと、バナナを添えて,A little bit of butter and a banana on the side,,
ID00214,00007cc1,27,　食べるのが好き。,is what I like.,,
ID00214,00007ceb,42,　スイーツというより食事ね」,More like a meal than dessert.,,
ID00214,0000813e,51,「コンビニのホットスナックなんて…,Can't stand those hot snacks...,,
ID00214,00008180,27,　食べないよな？」,"You don't eat them, right?",,
ID00214,0000832e,24,「食べないわね。,You really don't.,,
ID00214,00008355,48,　いかにもカロリー高そうだもの」,They sure look high in calories.,,
ID00214,0000868a,33,「揚げ物を食べるなら、,"If I'm going to eat fried food,",,
ID00214,000086ba,42,　野菜もしっかりとりたいし、,I want to get some veggies.,,
ID00214,000086f3,39,　買い食いはちょっと…ね」,and snacking a little is... not good.,,
ID00214,00008db9,45,「おにぎりとサンドイッチなら、,Rice balls or sandwiches are better.,,
ID00214,00008df5,30,　どっちが好きだ？」,Which one's your favorite?,,
ID00214,00008fa6,21,「おにぎりね」,"A rice ball, then.",,
ID00214,00008fe9,21,「どうして？」,Why?,,
ID00214,00009191,39,「私でも簡単に作れるから。,Even I can make those easily.,,
ID00214,000091c7,63,　サンドイッチはちょっと作るの面倒なのよ」,Making a sandwich is kind of a hassle though.,,
ID00214,000094f4,30,「簡単な食事って…」,Simple food...,,
ID00214,000096b1,51,「そうそう、食べ過ぎには要注意よ」,"Yeah, yeah, don't overeat though.",,
ID00214,000099ee,57,「栄養ドリンクって、飲んだりするか？」,Do you ever drink those energy drinks?,,
ID00214,00009bdd,51,「ううん、味が苦手だから飲まない」,"Nope, I don't like the taste.",,
ID00214,00009f15,36,「疲れたときに飲むなら、,Drink it when you're tired?,,
ID00214,00009f48,60,　グリーンスムージーね。元気出るわよ～」,A green smoothie! It'll perk you up~,,
ID00214,0000a272,63,「果汁１００％ジュースならなにが好きだ？」,What kind of 100% juice do you like?,,
ID00214,0000a444,33,「オレンジジュースね」,"Orange juice, huh.",,
ID00214,0000a5c1,60,「ホテルの朝って大体それが出てくるから、,"Breakfast at hotels is usually like that, so",,
ID00214,0000a60c,24,　慣れちゃった」,I've gotten used to it.,,
ID00214,0000a7d7,42,「おにぎりの好きな具って？」,What fillings do you like?,,
ID00214,0000a994,18,「梅干しよ」,Pickled plums!,,
ID00214,0000ab39,48,「冷たいご飯と、酸っぱい梅干しの,Cold rice and sour pickled plums,,
ID00214,0000ab78,60,　取り合わせって、絶妙だと思うのよね～」,make a perfect combination~,,
ID00214,0000aea2,45,「お酒って飲める方だと思う？」,Do you drink alcohol?,,
ID00214,0000b062,48,「ん～、飲めるかもしれないけど、,"Hmm, I might be able to drink it, but",,
ID00214,0000b0a1,39,　飲めなくてもいいかなぁ」,maybe not drinking is fine too.,,
ID00214,0000b3a3,21,「どうして？」,Why?,,
ID00214,0000b567,36,「夜、誘われそうでしょ？,You'll probably be invited out.,,
ID00214,0000b59a,39,　イヤなのよ、そういうの」,I don't like that kind of thing.,,
ID00214,0000ba01,36,「酔っ払わないお酒なら、,"If it's light alcohol,",,
ID00214,0000ba34,30,　飲んでもいいかな」,then maybe I could drink it.,,
ID00214,0000bbbb,54,「いや、それソフトドリンクだから…」,"No, that's just a soft drink though...",,
ID00214,0000bc32,54,「コンビニのおでんで好きなのって？」,What kind of instant ramen do you like?,,
ID00214,0000bdfb,24,「こんにゃくよ」,Konnyaku.,,
ID00214,0000be41,36,「ああ、太らないから…」,"Oh, because it won't make me fat...",,
ID00214,0000c004,48,「そう。お出汁ともよく合うしね」,"Yeah, and it goes well with the broth too.",,
ID00214,0000c1e7,36,「小腹が空いた時って…」,When I'm a little hungry...,,
ID00214,0000c39e,48,「もう…夜中に食べると太るわよ」,You'll get fat if you eat that at midnight...,,
ID00215,000020f4,48,「夏によく食べるスイーツって？」,What kind of summer sweets?,,
ID00215,000022b7,36,「よく冷えたわらび餅ね。,Well-chilled warabi mochi.,,
ID00215,000022ea,48,　器も黒蜜も冷えてなきゃダメよ」,The serving dish and syrup must be cold.,,
ID00215,00002608,39,「ユイ姉って、洋菓子より、,Yui-nee prefers wagashi.,,
ID00215,0000263e,36,　和菓子が好きだよな？」,"Japanese sweets, right?",,
ID00215,00002801,57,「そうよ。和菓子って、甘味が優しいし、,Japanese sweets are milder.,,
ID00215,00002849,48,　伝統的な美しさがあるじゃない？,"they have a traditional beauty, don't they?",,
ID00215,00002888,39,　洋菓子より断然和菓子よ」,Definitely prefer wagashi.,,
ID00215,00002fd8,33,「好きな和菓子って？」,What's your fav wagashi?,,
ID00215,0000318c,54,「白玉団子にときめかない女子なんて、,No girls resist mochi.,,
ID00215,000031d1,18,　いないわ」,They don't exist.,,
ID00215,00003376,42,「かき氷でも、あんみつでも、,"Shaved ice or bean dessert,",,
ID00215,000033af,45,　つい白玉入りのを選んじゃう」,I always end up picking the one with mochi.,,
ID00215,00003957,48,「もっちりした食感がいいのよ～」,The chewy texture is so good~,,
ID00215,00003b03,57,「無性に甘いものが食べたくなる時って、,"When you suddenly crave something sweet,",,
ID00215,00003b4b,18,　あるよな」,Yeah.,,
ID00215,00003cf0,27,「あ～、あるある」,"""Oh yeah, totally!""",,
ID00215,00003eb7,39,「そんな時、どうしてる？」,What do you usually do then?,,
ID00215,0000403a,45,「そんなの、ぶろ君にコンビニで,I get Blorin to buy me stuff.,,
ID00215,00004076,60,　買ってきてもらうに決まってるじゃない。,"It's a given, isn't it?",,
ID00215,000040c1,27,　どら焼きとかね」,Like dorayaki or whatever.,,
ID00215,00004536,30,「はは…そうだよな」,Haha... You're right.,,
ID00215,00004595,45,「苦手な甘いものってあるか？」,Are there any sweets you can't eat?,,
ID00215,00004755,57,「…ドーナツは、あんまり食べないように,...I try not to eat too many donuts,,
ID00215,0000479d,15,　してる」,though.,,
ID00215,00004a50,18,「なんで？」,Why not?,,
ID00215,00004bf5,42,「溶いた小麦粉を油で揚げて、,"You fry dissolved flour in oil,",,
ID00215,00004c2e,60,　砂糖をまぶしたり、チョコレートかけたり,then coat it with sugar or chocolate?,,
ID00215,00004c79,57,　してんのよ？　カロリーの塊じゃない」,Isn't that just a calorie bomb?,,
ID00215,0000510e,39,「危険よ、ドーナツは危険」,Donuts are dangerous.,,
ID00215,000053ec,39,「かき氷で好きなのって？」,What kind of shaved ice do you like?,,
ID00215,000055a6,27,「白玉宇治金時ね」,Mochi with uji-kinako.,,
ID00215,0000588f,42,「抹茶だけのとこを食べたり、,"I eat the matcha-only parts sometimes,",,
ID00215,000058c8,51,　あんこと一緒のとこを食べたり…、,and other times I eat the anko ones...,,
ID00215,0000590a,45,　色んな味が楽しめて、最高よ」,"So many flavors, amazing.",,
ID00215,00005d60,42,「コンビニのスイーツって…」,Convenience store sweets are...,,
ID00215,00005f1d,42,「フフッ、手軽でいいわよね」,"Hehe, they're so convenient, aren't they?",,
ID00215,000060c3,48,「ったく、栗抜きの栗どら焼きを、,"Dammit, even a chestnut-free chestnut dorayaki,",,
ID00215,00006102,54,　５つも食わされる羽目になるとは…」,I never thought I'd end up eating five of them...,,
ID00215,000062cb,33,「おいしかったわね～」,"It was delicious, wasn't it~",,
ID00215,00006455,45,「俺は胸焼けがひどかったよ！」,"Man, I had some serious heartburn!",,
ID00215,00006615,60,「私はほっぺたが落ちちゃった～、フフッ」,My cheeks are so full they're gonna fall off~ hehe.,,
ID00215,0000693f,42,「ユイ姉の好きな果物って？」,"What's your favorite fruit, Yu-san?",,
ID00215,00006afc,18,「キウイね」,Kiwi.,,
ID00215,00006ca1,60,「ビタミンＣに食物繊維、ミネラルなんかが,"It's got lots of vitamin C, fiber, and minerals,",,
ID00215,00006cec,45,　豊富で、美容の味方って感じ」,and it's great for beauty.,,
ID00215,00007122,57,「ヨーグルトと一緒に食べるのが好きよ」,I like to eat it with yogurt.,,
ID00215,0000719c,60,「風呂上がりのアイスって、うまいよなぁ」,"Ice cream after a bath is really tasty, isn't it?",,
ID00215,0000736b,45,「む…抗えない魅力があるわね」,Mm... It has an irresistible charm.,,
ID00215,00007683,30,「何アイスが好き？」,What ice cream do you like?,,
ID00215,00007834,51,「抹茶アイスよ。香りがいいからね」,Matcha ice cream. It has a nice aroma.,,
ID00215,000079e3,60,「クロワッサンたい焼きって、うまいよな」,"That croissant dango is really tasty, isn't it?",,
ID00215,00007b7b,60,「あ、おいしいわよね。皮がサクサクして」,"Oh, it's delicious. The skin is crispy.",,
ID00215,00007ff7,54,「たい焼きって、中のあんを変えるしか,I thought you could only change the filling inside,,
ID00215,0000803c,39,　出来ないと思ってたけど、,I didn't think it'd work...,,
ID00215,00008072,48,　あんな工夫があったなんてねぇ」,You've got to be kidding me.,,
ID00215,000084e2,27,「感心しちゃった」,I'm impressed.,,
ID00215,000086a3,57,「はぁ…また、京都の仕事がないかなぁ」,...if there'll be more Kyoto jobs.,,
ID00215,00008980,18,「なんで？」,Why not?,,
ID00215,00008b25,42,「そんなの決まってるでしょ。,"That's a given, right?",,
ID00215,00008b5e,39,　和菓子の宝庫だからよ！」,It's a treasure trove of wagashi!,,
ID00215,00008e8a,54,「お店でしか食べられない生菓子から、,From fresh sweets you can only eat at the shop to,,
ID00215,00008ecf,39,　お団子、抹茶パフェまで！,dango and matcha parfaits!,,
ID00215,00008f05,36,　あ～、食べ歩きたい～」,"Aaaah, I wanna go on a food crawl~",,
ID00215,00009389,51,「回転寿司にもスイーツがあるよな」,"There are desserts at sushi places too, right?",,
ID00215,0000954f,45,「そうね、食べたことないけど」,"True, I've never tried it though.",,
ID00215,000096e5,36,「真奈は結構食ってるぞ」,Mina eats quite a bit.,,
ID00215,0000989c,48,「まぁちゃんは、新しいものとか、,"Maa-chan likes new things,",,
ID00215,000098db,42,　変わったものが好きだから」,and weird stuff too.,,
ID00215,00009d45,42,「私は食べものは保守的なの」,I'm pretty traditional with food.,,
ID00215,00009db0,45,「あずきバーって、固いよなぁ」,"Azuki bars are hard though, right?",,
ID00215,00009f70,60,「あはは、そうね。かじりつけないわよね」,"Hehe, yeah. You can't really bite into them.",,
ID00215,0000a3ec,60,「長く楽しめていいじゃない。私は好きよ」,But you can enjoy them for a long time. I like that.,,
ID00215,0000a5db,39,「夏のスイーツといえば…」,When it comes to summer sweets...,,
ID00215,0000a795,24,「あ、いいわね。,"Oh, nice.",,
ID00215,0000a7bc,39,　よ～く冷やして食べたい」,I want to eat it really cold.,,
ID00215,0000ab08,60,「女子向けのランチって、食後のデザートが,"Girl's lunches usually come with a dessert,",,
ID00215,0000ab53,24,　付いてるよな」,right?,,
ID00215,0000acfe,63,「最後は甘いものをちょっと食べたいからね」,I just wanna have something sweet at the end.,,
ID00215,0000b146,63,「それに、食後のデザートは太りにくいのよ」,"Plus, desserts after meals don't make you fat.",,
ID00215,0000b2ee,24,「そうなのか？」,Is that so?,,
ID00215,0000b4a5,48,「そう。デザートだけ食べるより、,"It's better than just dessert,",,
ID00215,0000b4e4,63,　脂肪が蓄えられにくいの。食後のデザートは,Less fat gets stored that way.,,
ID00215,0000b532,33,　理にかなってるのよ」,meals are actually healthier.,,
ID00215,0000b9cf,45,「好きな食後のデザートって？」,What's your favorite dessert?,,
ID00215,0000bb8f,51,「カボチャのプリンなんかいいわね。,Pumpkin pudding is nice.,,
ID00215,0000bbd1,24,　自然な甘さで」,It's naturally sweet.,,
ID00215,0000bed7,57,「甘いものって、疲れたときにいいよな」,"Sweets are good when you're tired, right?",,
ID00215,0000c0a3,63,「そんな疲れるようなこと、してないくせに」,You don't even do anything that tiring...,,
ID00215,0000c24b,57,「お、俺だって、夜、勉強したりだな…」,"Hey, I study at night too...",,
ID00215,0000c417,63,「はいはい、おまんじゅうでも食べてなさい」,"Sure sure, go have some buns then.",,
ID00215,0000c5d2,33,「好きなケーキって？」,What kind of cake do you like?,,
ID00215,0000c786,24,「モンブランよ。,Mont Blanc.,,
ID00215,0000c7ad,51,　ただし、和栗を使ったもの限定ね」,Only the ones with Japanese sweet chestnuts.,,
ID00215,0000cc3c,57,「和栗の爽やかな甘さがたまらないのよ」,The sweet chestnuts' refreshing sweetness...,,
ID00215,0000cdde,42,「ははは、もうすぐ季節だな」,"Hehe, it's almost that season now.",,
ID00215,0000cf64,36,「そうね、今から楽しみ」,"That's right, I'm looking forward.",,
ID00215,0000d13b,39,「秋のスイーツといえば…」,When it comes to fall desserts...,,
ID00215,0000d2f5,60,「フフッ、いいわね。まぁちゃんも誘って、,"Fufu, how nice. Invite Maa-chan too,",,
ID00215,0000d340,27,　みんなで食べよ」,and let's all eat together.,,
ID00216,00003943,42,「特製ニンジン入りラーメン、,"Special carrot ramen,",,
ID00216,0000397c,27,　おいしかった？」,Was it good?,,
ID00216,00003b00,36,「ああ、カレー風味でな」,"Yeah, curry-flavored.",,
ID00216,00003cb7,48,「ニンジンは目にいいっていうし、,"Carrots are good for your eyes,",,
ID00216,00003cf6,45,　クリアーな動画を録れるように,"So you can record clear videos,",,
ID00216,00003d32,30,　なるんじゃない？」,"You can eat more, right?",,
ID00216,00003ef0,24,「はは…ったく」,Haha... damn,,
ID00216,000040ae,57,「はぁ…せっかく家庭科で作った料理を、,"Ugh... I made this in home ec class,",,
ID00216,000040f6,39,　食べられないなんてねぇ」,"that you can't eat it, huh.",,
ID00216,000043c1,33,「早く撮影が終わって、,"Can't wait for the shoot to end,",,
ID00216,000043f1,60,　思う存分食べられるようになるといいな」,I hope I can eat my fill soon.,,
ID00216,000045c0,51,「ホ～ント、がまんせず食べた～い」,"Man, I really wanna stop holding back and just eat.",,
ID00216,000048e1,51,「朝ご飯って、ちゃんと食べてる？」,Are you actually eating breakfast properly?,,
ID00216,00004ab3,57,「そうね、１日２食だと太るっていうし、,"If you eat twice a day, you'll get fat.",,
ID00216,00004afb,39,　軽く食べるようにしてる」,I'm just having light meals.,,
ID00216,00004f62,60,「ご飯と卵焼きとか、パンとミルクとかね」,"I have rice and tamagoyaki, or bread and milk.",,
ID00216,00005255,51,「宿舎のパンって、焼き立てだから、,"The bread in the dorm is freshly baked, so",,
ID00216,00005297,21,　うまいよな」,it's pretty tasty.,,
ID00216,0000544b,45,「そうね、バターをつけなくても,"It's true, it tastes good even without butter",,
ID00216,00005487,45,　おいしいから、カロリー的にも,so it's also low-calorie.,,
ID00216,000054c3,24,　助かっちゃう」,It's a lifesaver.,,
ID00216,0000593b,54,「夜中に腹減ったらどうしてるんだ？」,What do you do when hungry at night?,,
ID00216,00005b04,30,「水を飲んで我慢よ。,I just drink water.,,
ID00216,00005b31,48,　食べるわけにいかないでしょ？」,"You can't exactly eat, right?",,
ID00216,00005fa1,57,「いいわねぇ、ぶろ君は。何時だろうと、,"You're lucky, Bro-kun.",,
ID00216,00005fe9,39,　お腹いっぱい食べられて」,you can eat your fill.,,
ID00216,000061b0,51,「大食いキャラみたいに言うなよ…」,Don't say things like that... It's not cool.,,
ID00216,00006224,60,「テレビでやってる大食いってどう思う？」,What do you think of big-eating shows?,,
ID00216,000063f3,33,「インパクトあるわね」,That's quite the impact.,,
ID00216,000065a7,60,「よく出てる人は大食いタレントさんだし、,They’re usually big-eating talents.,,
ID00216,000065f2,45,　簡単に負けられないじゃない？,"It'd be hard to lose easily, wouldn't it?",,
ID00216,0000662e,42,　大変な仕事だな～って思う」,I think it must be a tough job.,,
ID00216,00006c2a,51,「食堂のメニューで好きなのって？」,What do you like from the cafeteria menu?,,
ID00216,00006df0,60,「カレーとか、パスタとか、ハーフサイズが,"Curry and pasta, you can order half sizes too.",,
ID00216,00006e3b,30,　頼めるメニューね」,Many menu choices.,,
ID00216,00006fc2,36,「ダイエットしてるなぁ」,"You're on a diet, huh?",,
ID00216,00007179,33,「食べ過ぎは厳禁なの」,Overeating is strictly forbidden.,,
ID00216,000071db,27,「食堂の定食って、,The cafeteria set meals...,,
ID00216,00007205,48,　ご飯を半分にしてもらえるぞ？」,Can I get my rice portion halved?,,
ID00216,000073c8,45,「おかずも半分にしてくれると、,"If they also halve the side dishes,",,
ID00216,00007404,36,　うれしいんだけどねぇ」,...but you know?,,
ID00216,000076f6,63,「少しずつ色んな味を楽しみたいじゃない？」,"You wanna try a little bit of everything, right?",,
ID00216,000079ec,60,「夏バテにいい料理って、なんだと思う？」,What do you think is good for summer fatigue?,,
ID00216,00007bbb,51,「なんといってもエスニック料理よ。,Nothing beats ethnic food.,,
ID00216,00007bfd,51,　タイ料理とか、ベトナム料理とか」,Like Thai or Vietnamese cuisine.,,
ID00216,000080a7,57,「辛みは食欲を増進させてくれるからね」,Spiciness actually increases your appetite.,,
ID00216,0000825c,42,「回転寿司で好きなのって？」,What's your fav sushi?,,
ID00216,00008419,30,「アボカドロールね」,Avocado rolls.,,
ID00216,000085ca,48,「カリフォルニアロールみたいに、,"Like California rolls,",,
ID00216,00008609,42,　ちゃんと裏巻きになってると,when they're properly wrapped,,
ID00216,00008642,30,　ポイント高いわね」,they score high points.,,
ID00216,0000894e,48,「女子って、アボカド好きだよな」,"Girls like avocados, don't they?",,
ID00216,00008b11,57,「なんにでも合うし、コクがあるからね」,They go with anything and have a rich flavor.,,
ID00216,00008e18,33,「食べるだけじゃなく、,"It's not just for eating,",,
ID00216,00008e48,39,　石けんにしてもいいのよ。,you can even use them in soap.,,
ID00216,00008e7e,45,　植物性だから、肌に優しいの」,They're plant-based.,,
ID00216,000092c1,15,「へ～っ」,Wow...,,
ID00216,00009311,39,「麺料理で好きなのって？」,What kind of noodle dishes do you like?,,
ID00216,000094cb,42,「ベトナムのフォーが好きよ」,I love Vietnamese pho.,,
ID00216,00009688,42,「さっぱりした酸味と辛みが、,"The tangy and spicy flavors are addictive,",,
ID00216,000096c1,30,　クセになるのよね」,aren't they?,,
ID00216,00009892,48,「冷たい麺料理で好きなのって？」,What cold noodle dishes do you like?,,
ID00216,00009a55,57,「トマトとバジルの冷製カッペリーニね」,Cold capellini with tomatoes and basil.,,
ID00216,00009abc,18,「パスタか」,"Pasta, huh?",,
ID00216,00009c61,57,「見た目がまず、女子心をくすぐるのよ」,It's the look that tickles a girl's fancy.,,
ID00216,00009e16,60,「うどんとそばならどっちが好きなんだ？」,"Which do you like better, udon or soba?",,
ID00216,00009fe5,48,「うどんね。さっぱりしてるから」,Udon. It's light.,,
ID00216,0000a31a,39,「そばは、つゆが濃くて…」,Soba has a strong broth...,,
ID00216,0000a4bd,42,「この間、食ったんだけど…」,I ate it a while ago...,,
ID00216,0000a67a,48,「ふうん、いいわね。おいしそう」,"Hmm, that's nice. Looks tasty.",,
ID00216,0000a9cf,36,「撮影のイメージぐらい、,If only I could be good at cooking,,
ID00216,0000aa02,39,　料理上手になればなぁ…」,for the photoshoot...,,
ID00216,0000abbc,27,「うっさいわねぇ。,You're so annoying.,,
ID00216,0000abe6,42,　所帯じみたことは苦手なの」,I'm not good with domestic stuff.,,
ID00216,0000add0,60,「飲食店からサインを求められたことって、,Getting asked for signatures is rare,,
ID00216,0000ae1b,15,　ある？」,Anything else?,,
ID00216,0000afbd,30,「あんまりないわよ。,I don't get that often.,,
ID00216,0000afea,39,　滅多にテレビに出ないし、,"I rarely appear on TV, so",,
ID00216,0000b020,42,　そこまでの知名度ないから」,I'm not that famous yet.,,
ID00216,0000b48a,42,「それに、女子高生がサインに,High school girls writing 'delicious',,
ID00216,0000b4c3,36,　おいしいって書いても、,"isn't really impressive,",,
ID00216,0000b4f6,36,　信憑性ないじゃない？」,Isn't it totally unconvincing?,,
ID00216,0000b930,30,「ははは、そうかも」,"Haha, maybe.",,
ID00216,0000b98f,54,「カレーの香りって、食欲そそるよな」,Curry smells appetizing.,,
ID00216,0000bb58,63,「そうね～、食欲がなくても、カレー風味なら,"Yeah, even if you're not hungry, the taste of curry",,
ID00216,0000bba6,42,　ちょっと食べられるのよね」,is something you can eat a little bit of.,,
ID00216,0000c14b,39,「まさに夏向きメニューね」,It's perfect for summer food.,,
ID00216,0000c1b3,57,「カレーなら、ビーフ、ポーク、チキン、,"When it comes to curry, beef, pork, chicken,",,
ID00216,0000c1fb,24,　どれが好き？」,which do you like?,,
ID00216,0000c3a6,48,「チキンのスープカレーが好きよ」,I like chicken soup curry.,,
ID00216,0000c569,48,「普通のカレーより、季節の野菜が,It has more seasonal veggies.,,
ID00216,0000c5a8,60,　いっぱい入ってて、ヘルシーじゃない？」,"and is healthier, right?",,
ID00216,0000ca0d,54,「肉料理ならなにが好きなんだっけ？」,What kind of meat dish do you like?,,
ID00216,0000cbd6,27,「しゃぶしゃぶよ」,Shabu-shabu.,,
ID00216,0000cd84,51,「余分な脂肪を落とした薄いお肉を、,Eating thinly sliced meat,,
ID00216,0000cdc6,42,　おいしく食べられるなんて、,"tastes delicious, doesn't it?",,
ID00216,0000cdff,27,　理想的じゃない」,It's ideal.,,
ID00216,0000d25a,63,「いっぱい食べても、罪悪感がないのよね～」,I can eat a lot without feeling guilty~,,
ID00216,0000d415,42,「しゃぶしゃぶで好きなのは、,What I like about shabu-shabu is...,,
ID00216,0000d44e,36,　ポン酢？　ゴマだれ？」,ponzu? sesame sauce?,,
ID00216,0000d605,36,「ポン酢よ。大根おろしを,Ponzu. With grated radish.,,
ID00216,0000d638,39,　ちょっと入れるのが好き」,A little bit is best.,,
ID00216,0000dbed,60,「すき焼きの時って、ぶろ君もまぁちゃんも,"When we have sukiyaki, both Bro-kun and Maa-chan...",,
ID00216,0000dc38,63,　いっぱい食べるわよね。ご飯おかわりして、,"eat a lot, don't they? Have seconds on rice...",,
ID00216,0000dc86,36,　締めにうどん食べて…」,and finish off with udon...,,
ID00216,0000e0c0,57,「うまくて、つい食っちゃうんだよなぁ」,"It's so good, I can't help but eat it.",,
ID00216,0000e28c,60,「私なんか、見てるだけでお腹いっぱいよ」,Just watching makes me feel full.,,
ID00216,0000e5c6,42,「好きなスパゲッティって？」,What kind of spaghetti do you like?,,
ID00216,0000e783,54,「ボンゴレが好きだけど、休日限定ね。,"I love bolognese, but only on weekends.",,
ID00216,0000e7c8,51,　ニンニクがいっぱい入ってるから」,There's a lot of garlic in it.,,
ID00216,0000eae9,60,「冷やし中華は、しょう油だれとゴマだれ、,Cold ramen: soy or sesame?,,
ID00216,0000eb34,27,　どっちが好き？」,Which one do you prefer?,,
ID00216,0000ece2,45,「ゴマだれよ。しょう油だれは、,Sesame sauce. Soy sauce is,,
ID00216,0000ed1e,30,　ちょっとクドくて」,a bit too rich.,,
ID00216,0000f17c,48,「食堂の冷やし中華が人気だけど、,"Cold noodles are popular,",,
ID00216,0000f1bb,30,　私は食べないなぁ」,I don't eat them.,,
ID00216,0000f38c,57,「ラーメンならどんなのが好きなんだ？」,What kind of ramen do you like?,,
ID00216,0000f521,54,「タンメンが好きよ。鶏ガラスープに、,I love tantanmen. Chicken broth with,,
ID00216,0000f566,42,　野菜が山盛りになってるの」,mountains of veggies on top.,,
ID00216,0000fa07,54,「完食しても、野菜だから大丈夫って、,They’re just veggies.,,
ID00216,0000fa4c,39,　言い訳できるじゃない？」,"it's not a big deal, right?",,
ID00216,0000fd17,18,「はははは」,Hahaha,,
ID00216,0000fd6a,42,「夏といえば、うな丼だよな」,"It's eel donburi for summer, right?",,
ID00216,0000ff27,51,「白焼きならつき合ってあげるわよ」,I'll go with you if it's grilled,,
ID00216,000100c3,45,「たれがかかってないうなぎの、,"What's good about unagi without sauce,",,
ID00216,000100ff,36,　どこがうまいんだよ？」,anyway?,,
ID00216,000102d2,60,「うなぎの風味を味わうなら、白焼きなの。,"If you want to taste the flavor of unagi,",,
ID00216,0001031d,33,　カロリーも低いしね」,It has less calories.,,
ID00216,0001062c,54,「ファミレスでよく頼むメニューって、,"The usual menu at family restaurants is,",,
ID00216,00010671,24,　なんだっけ？」,I forgot.,,
ID00216,0001081c,24,「和食のお膳ね」,A Japanese meal set.,,
ID00216,00010862,51,「和膳か…イタリアンだとないぞ？」,No such thing in Italian.,,
ID00216,00010a28,51,「そういうとこはチキンステーキね。,A place like that would serve chicken steak.,,
ID00216,00010a6a,33,　皮はぶろ君にあげる」,"I'll give you the skin, bro.",,
ID00216,00010c2b,51,「はは…俺を太らす気満々だなぁ…」,Haha... You're really trying to make me fat...,,
ID00216,00010c9f,45,「Ｂ級グルメで好きなのって？」,What's your favorite B-grade gourmet food?,,
ID00216,00010e5f,42,「広島風お好み焼きが好きよ。,I love Hiroshima-style okonomiyaki.,,
ID00216,00010e98,54,　焼きそばが入ってボリュームあるし、,"It's got udon and is super filling,",,
ID00216,00010edd,57,　キャベツともやしがたっぷりだからね」,and it comes with lots of cabbage and bean sprouts.,,
ID00216,00011204,33,「うまい食い物って…」,Yummy food...,,
ID00216,000113b8,45,「フフッ、そうね。どうせなら、,"Heheh, yeah. Since we're at it,",,
ID00216,000113f4,48,　おいしいものが食べたいわよね」,I want to eat something tasty.,,
ID00216,0001197b,57,「学食で家族団らんってのもいいわね～」,Nice family dinner at the cafeteria~,,
ID00216,00011b54,39,「そうだな、楽しかったよ」,"Yeah, it was fun.",,
ID00216,00011d0e,36,「また３人で食べましょ。,Let's eat together again sometime.,,
ID00216,00011d41,48,　まぁちゃんの分は私が出すから」,I'll pay for Maa-chan's portion too.,,
ID00216,0001204c,30,「くっ、妹は得だな」,You're lucky to have her.,,
ID00216,00012210,33,「私が焼いたステーキ、,"The steak I grilled,",,
ID00216,00012240,36,　おいしかったでしょ？」,"was good, right?",,
ID00216,00012404,51,「ああ、メチャクチャうまかったよ」,"Yeah, it was super tasty.",,
ID00216,000125ca,51,「素材がよければ、手を加えなくても,"If the ingredients are good,",,
ID00216,0001260c,27,　おいしいのよね」,aren't they?,,
ID00216,000128f5,27,「私向きの料理よ」,This suits me.,,
ID00216,00012951,39,「和風パスタって好きか？」,Do you like Japanese pasta?,,
ID00216,00012b4e,18,「もちろん」,Of course.,,
ID00216,00012cf3,36,「梅しそのパスタなんて、,"Ume shiso pasta is really nice,",,
ID00216,00012d26,60,　味も香りもさわやかでいいんじゃない？」,"it's refreshing in both taste and smell, right?",,
ID00216,00013019,45,「ユイ姉って、立ち食いの店には,Don't seem into standing restaurants.,,
ID00216,00013055,30,　行かなそうだよな」,"do you, Ui-ne?",,
ID00216,00013206,60,「おじさんにジロジロ見られちゃうからね」,Because I'd get stared at by old guys,,
ID00216,0001364b,54,「ぶろ君と一緒なら行ってもいいけど」,"I might go if you're with me, Blur-kun",,
ID00216,000137fd,54,「卒業したら一人暮らしするわけだし、,"Since I'll be living alone after graduation,",,
ID00216,00013842,39,　もっと料理が出来るように,I should learn to cook more,,
ID00216,00013878,33,　なった方がいいぞ？」,It'd be better that way.,,
ID00216,00013a2c,57,「いいのよ、食べに行けばいいんだから」,"That's fine, you can just go eat somewhere.",,
ID00216,00013d33,27,「いざとなったら、,"If push comes to shove,",,
ID00216,00013d5d,48,　フランスパンかじればいいしね」,you could always munch on a baguette.,,
ID00216,00013f09,57,「ピザのトッピングなら、なにがいい？」,What toppings do you like on pizza?,,
ID00216,000140d5,18,「半熟玉子」,Semi-soft eggs,,
ID00216,00014115,15,「はぁ？」,Huh?,,
ID00216,000142b7,60,「ビスマルクよ。いつも私が頼むじゃない」,Bismarck. I always order it.,,
ID00216,00014493,57,「ああ、真ん中に目玉焼きが乗ってる…」,"Oh, with a fried egg in the middle...",,
ID00216,0001466b,63,「そうそれ。コクがあっておいしいのよね～」,"That's right, it has a nice depth of flavor~",,
ID00216,00014ad3,42,「ユイ姉なら、世界３大珍味を,Yui-nee tried them all.,,
ID00216,00014b0c,51,　全部食ったことあるんだろうなぁ」,"at some point, huh?",,
ID00216,00014cd2,45,「まぁ、仕事先のパーティとかで,"Well, at work parties and stuff",,
ID00216,00014d0e,36,　食べたことあるけど？」,"I've had it before, though.",,
ID00216,0001500d,39,「どれが一番うまかった？」,Which one was the best?,,
ID00216,000151c7,63,「キャビアね。カナッペによく乗ってるけど、,"Caviar. It's often on canapés, but",,
ID00216,00015215,36,　色んな食材と合うのよ」,It goes well with many ingredients.,,
ID00216,0001568c,57,「フフッ、そろそろ、家族で食べるご飯が,"Hehe, I'm starting to miss eating with my family.",,
ID00216,000156d4,39,　恋しくなってきちゃった」,Kinda wanna have it now.,,
ID00216,000159d6,57,「…そうだな。みんなでなに食いたい？」,...True. What do you guys want to eat?,,
ID00216,00015ba2,45,「そうねぇ…ホットプレートで、,Let's use a hot plate...,,
ID00216,00015bde,51,　お好み焼きパーティなんてどう？」,How about an okonomiyaki party?,,
ID00216,00016027,63,「お、いいな、それぞれ好きな具で焼いて…」,Cool! Make your own.,,
ID00216,000161f9,42,「私は広島風に挑戦しよっと」,I'll try my hand at Hiroshima-style.,,
ID00216,000163c3,45,（失敗して、モダン焼きもどきに,"If I fail, it'll end up like Modern-yaki.",,
ID00216,000163ff,30,　なるんだろうなぁ）,Guess I'll end up failing.,,
ID00216,0001645e,42,「中華料理で好きなのって？」,Favorite Chinese dish?,,
ID00216,0001661b,24,「棒々鶏が好き」,I like Kung Pao Chicken.,,
ID00216,00016661,54,「ああ、蒸し鶏にゴマだれをかけた…」,That's steamed chicken with sesame sauce...,,
ID00216,00016836,36,「そう。あっさりしてて、,It's light and,,
ID00216,00016869,42,　いくらでも食べられちゃう」,I could eat a ton of it.,,
ID00216,00016b81,36,「洋食で好きなのって？」,Fav Western dish?,,
ID00216,00016d38,21,「オムレツね」,Eggs Benedict.,,
ID00216,00016ee0,45,「ホテルの朝食でよく出るけど、,"Served a lot at hotel breakfasts,",,
ID00216,00016f1c,36,　あのフワフワの食感は、,but that fluffy texture is.,,
ID00216,00016f4f,42,　プロの仕事だなぁって思う」,a pro's work.,,
ID00216,000174f4,39,「私じゃ絶対出来ないもの」,I could never do something like that.,,
ID00216,00017697,27,「外食する時って、,"When eating out,",,
ID00216,000176c1,45,　ネットの評価を気にするか？」,Do you care about online reviews?,,
ID00216,00017881,27,「評価っていうか、,whether or not,,
ID00216,000178ab,45,　自慢の料理があるかどうかは、,"I have any dishes to brag about,",,
ID00216,000178e7,24,　気になるかな」,"You'd be curious, right?",,
ID00216,00017d3f,45,「ないならファミレスでいいよ。,"If not, family restaurant.",,
ID00216,00017d7b,33,　安くておいしいもの」,There's cheap tasty stuff.,,
ID00216,00017f4f,42,「みんなで食べる食事って…」,Eating together with everyone...,,
ID00216,00018118,57,「そうね。卒業まで、なるべく家族一緒に,"Yeah, until graduation.",,
ID00216,00018160,21,　食べたいな」,with my family.,,
ID00217,00001de0,27,「ユイ姉の髪って、,Your hair's so pretty.,,
ID00217,00001e0a,42,　ストレートできれいだよな」,It looks so neat and tidy.,,
ID00217,00001fc7,63,「フフ～ン、そうよ。自慢の黒髪なんだから」,It's my pride and joy.,,
ID00217,0000240f,48,「まぁちゃんみたいなくせっ毛も、,"Even your curly hair like Maa-chan's,",,
ID00217,0000244e,36,　かわいいと思うけどね」,I think it's cute though.,,
ID00217,00002625,39,「さすがモデルだけあって、,"As expected of a model,",,
ID00217,0000265b,30,　スタイルいいよな」,You've got great style.,,
ID00217,0000281e,30,「フフッ、ありがと」,"Hehe, thanks.",,
ID00217,00002b0a,33,「弟からほめられると、,It feels good.,,
ID00217,00002b3a,42,　ちょっとくすぐったいわね」,It's a little ticklish.,,
ID00217,00002e52,48,「仕事が忙しいのに、落第も中退も,Impressive not to fail or drop out.,,
ID00217,00002e91,51,　しないなんて、がんばってるよな」,You really are working hard.,,
ID00217,00003057,42,「卒業はちゃんとしたいのよ。,I want to graduate properly.,,
ID00217,00003090,48,　自慢できる成績じゃないけどね」,But my grades aren't something to brag about.,,
ID00217,00003500,57,「思い出は、仕事の中にあるだけじゃない,Memories aren't just in your work.,,
ID00217,00003548,18,　でしょ？」,Right?,,
ID00217,000036d6,39,「ユイ姉って目力あるよな」,Yui-nee has a strong gaze.,,
ID00217,00003890,60,「フフッ、小さい頃から、カメラのレンズを,Stared at lenses since I was little.,,
ID00217,000038db,39,　見つめ続けてきたからね」,Of course my gaze is strong.,,
ID00217,00003d0b,42,「気弱な目でカメラ目線なんか,Weak-eyed smile for the camera.,,
ID00217,00003d44,27,　意味ないでしょ？,"is pointless, right?",,
ID00217,00003d6e,39,　目力は自信の表れなのよ」,It's a sign of confidence.,,
ID00217,0000409f,63,「制服に黒のハイソックスが似合ってるよな」,You look good in them.,,
ID00217,00004271,51,「ありがと。人と同じことをするのが,Thanks. I don't.,,
ID00217,000042b3,33,　イヤなだけだけどね」,That's all there is to it.,,
ID00217,00004838,39,「ユイ姉って、色白だよな」,"You know, Yuichan has really fair skin.",,
ID00217,000049f2,51,「フフッ、きれいな肌に産んでくれた,"Heh heh, you gave birth to such beautiful skin.",,
ID00217,00004a34,27,　母さんに感謝ね」,Thanks to my mom.,,
ID00217,00004e8f,39,「毎晩のお手入れも万全よ」,I take perfect care of it every night.,,
ID00217,00005032,33,「ユイ姉の魅力って…」,Yuichan's charm...,,
ID00217,000051f8,57,「フフッ、さすがぶろ君、わかってる～」,"Heh heh, I knew you'd get it, @str_000~",,
ID00217,000056bb,51,「ぶろ君って、姉思い、妹思いよね。,"You're always thinking of your sisters, @str_000~",,
ID00217,000056fd,27,　面倒見いいもの」,You're so caring.,,
ID00217,000059f3,48,「な、なんだよ、いきなりほめて」,What's with the sudden compliment?,,
ID00217,00005bb6,45,「それなのに、な～んでちっとも,But why don't you get any...,,
ID00217,00005bf2,27,　モテないのか…」,attention from girls...?,,
ID00217,00006046,33,「ひとこと余計だぞー」,You're overstepping your bounds.,,
ID00217,000060a8,48,「ユイ姉はすごいよ、小さい頃から,"Yui-nee is amazing, she's had",,
ID00217,000060e7,45,　１つの夢を追い続けるなんて。,"one dream since she was little,",,
ID00217,00006123,27,　普通できねーよ」,Most people can't do that.,,
ID00217,000062d1,33,「小さかったからこそ、,"It's because you were so young,",,
ID00217,00006301,42,　無心に夢を追えたのかもね」,Maybe you did.,,
ID00217,00006734,36,「あのころの私に感謝よ」,I'm grateful for the old me.,,
ID00217,000068d4,48,「ユイ姉って無茶ぶりひでぇけど、,"Yui-nee is really demanding, but",,
ID00217,00006913,30,　優しいとこあるよ」,she's also kind.,,
ID00217,00006ac4,36,「なによ～、ほめるなら、,What's that~?,,
ID00217,00006af7,42,　もっと素直にほめなさいよ」,then do it properly.,,
ID00217,00006e26,60,「優しくて、きれいなお姉さんでよかった、,It's good that I'm a nice and pretty big sister.,,
ID00217,00006e71,18,　でしょ？」,Right?,,
ID00217,0000715e,36,「はいはい、よかったよ」,"Sure sure, it was good.",,
ID00217,000071c3,36,「何事もくじけないのが、,That's what makes you great.,,
ID00217,000071f6,42,　ユイ姉のいいところだよな」,It's just like you to say that.,,
ID00217,000073b3,36,「そんなのあったり前よ。,Of course.,,
ID00217,000073e6,57,　落ち込んでる暇なんかないんだからね」,"There's no time to be depressed, after all.",,
ID00217,00007872,54,「ぶろ君は、私の話を聞くの上手よね。,"You're really good at listening to my stories, bro.",,
ID00217,000078b7,27,　話してて楽しい」,It's fun talking to you.,,
ID00217,00007b76,27,「早く弟じゃなく、,Stop being little.,,
ID00217,00007ba0,42,　彼氏に話を聞いてもらえよ」,become my boyfriend who listens to me.,,
ID00217,00007d5d,51,「うっさいわねぇ、モテないくせに。,"You're so noisy, like you've got any game.",,
ID00217,00007d9f,60,　そっちこそ彼女作ってから言いなさいよ」,Make a girlfriend first before saying that to me.,,
ID00217,00008228,36,「うぐ…言い返せねぇ…」,...Ugh... I can't retort...,,
ID00217,0000828d,42,「ユイ姉のいいところって…」,What's good about Yui-nee is...,,
ID00217,0000844a,63,「フフッ、そんなの言われるまでもないわよ」,"Haha, there's no need for you to say it.",,
ID00217,0000863c,57,「カメラの前に立つユイ姉は魅力的だよ。,Yui-nee looks great in front of the camera.,,
ID00217,00008684,33,　さすがプロのモデル」,You're a pro model.,,
ID00217,00008838,48,「フフ～ン、そんなの当たり前よ」,"Hmph, that goes without saying.",,
ID00217,00008b36,60,「感謝なさい、この私を録り放題だなんて」,Thanks for letting me record you.,,
ID00217,00008d12,33,「お、おう、もちろん」,"O-oh, of course",,
ID00217,00008d74,33,「ユイ姉って、歳と共に,"Yui-nee, as you get older",,
ID00217,00008da4,57,　どんどんきれいになってる気がするよ」,You just keep getting prettier,,
ID00217,00008f70,36,「ホント～？　ありがと」,Really? Thanks.,,
ID00217,00009299,54,「もうすぐＪＫモデルじゃなくなるし、,"I'm gonna stop being a JK model soon, so",,
ID00217,000092de,42,　大人の魅力を、もっともっと,I need to work on my adult appeal more.,,
ID00217,00009317,27,　身につけなきゃ」,and get it down pat.,,
ID00217,00009620,54,「子供の頃から働いて、稼いでるのって,I've worked and earned money since childhood.,,
ID00217,00009665,21,　すごいよな」,that's pretty insane.,,
ID00217,000097d6,48,「フフッ、やりたいことをやって、,"Heh heh, doing what you want.",,
ID00217,00009815,63,　お金をもらえるなんて、恵まれてるわよね」,"pretty lucky, isn't it?",,
ID00217,00009c94,54,「ぶろ君も、いつか動画で稼げるように,You should make money from videos someday too.,,
ID00217,00009cd9,21,　なりなさい」,Become that.,,
ID00217,00009e6a,60,「ユイ姉は常に前向きで、すごいと思うよ」,Ui-onee always stays positive.,,
ID00217,0000a039,42,「どんな時も、うつむいてちゃ,"No matter what happens, don't look down.",,
ID00217,0000a072,45,　チャンスなんか来ないからね」,Opportunities won't come to you.,,
ID00217,0000a4a8,51,「わかった？　ぶろ君も前向きにね」,"Got it? You be positive too, Bro-kun.",,
ID00217,0000a7d2,30,「ああ、がんばるよ」,"Yeah, I will.",,
ID00217,0000a831,36,「夢を追うユイ姉って…」,Chasing her dreams...,,
ID00217,0000aa2b,54,「ありがと…。ぶろ君もがんばってね」,"Thanks... You do your best too, Bro-kun.",,
ID00218,000022c9,18,「小さい頃、,"When we were kids,",,
ID00218,000022ea,51,　よく一緒にお風呂に入ったわね～」,"we used to take baths together a lot~""",,
ID00218,000025c1,39,「なっ、いきなりなにを…」,What are you talking about...?,,
ID00218,0000277b,57,「女の子のカラダに、興味津々だった？」,Were you really into girls' bodies back then?,,
ID00218,00002933,63,「そんなこと意識する歳まで入ってないだろ！,You weren't even old enough to think that stuff!,,
ID00218,00002981,60,　３人バラバラに入ると時間がかかるから、,"It takes too long when we go separately,",,
ID00218,000029cc,51,　親に強制的に入らされただけで…」,"so my parents forced us to do it...""",,
ID00218,00002b92,39,「けど、私もまぁちゃんも、,"But Miu and I were also,",,
ID00218,00002bc8,48,　全部見られちゃってるのよねぇ」,"You can see everything, you know.",,
ID00218,00002fd7,39,「俺も全部見られてるぞ！」,I'm getting seen by everyone too!,,
ID00218,00003191,48,「フフッ、ちっちゃかったわねぇ」,"Hehe, you were so small back then.",,
ID00218,00003361,36,「どこがだ！　どこが！」,Where! Where!,,
ID00218,00003518,18,「身長がよ」,My height.,,
ID00218,00003558,33,「お、おう、そうか…」,"Y-Yeah, right...",,
ID00218,000035ba,45,「ユイ姉って、中学あたりから、,"Eri-neechan's bust grew in middle school,",,
ID00218,000035f6,48,　どんどん胸が大きくなったよな」,hasn't it?,,
ID00218,000037b9,45,「まぁね～。バインバイ～ンよ」,"Yeah, it's been growing like crazy.",,
ID00218,0000394f,45,「真奈がズルいって言ってるぞ」,Mana says you're being unfair.,,
ID00218,00003b0f,42,「まぁちゃんは、あれぐらいが,"Well, Maha-chan is cute",,
ID00218,00003b48,39,　かわいくていいじゃない」,"like that, isn't she?",,
ID00218,00003f78,54,「きゅって、抱きしめたくなっちゃう」,I wanna hug her tight.,,
ID00218,0000412a,42,「胸って、やっぱり大きい方が,Bigger boobs are definitely,,
ID00218,00004163,30,　人気が出るのか？」,"more popular, right?",,
ID00218,00004314,24,「ん～、まぁね。,"Hmm, yeah.",,
ID00218,0000433b,54,　大きく見せようとみんな工夫するし」,Everyone tries to look bigger.,,
ID00218,000047b1,30,「私はモデルだけど、,"I'm a model, so",,
ID00218,000047de,39,　グラビアの仕事も多いし、,"I do lots of bikini work,",,
ID00218,00004814,51,　痩せすぎないように気をつけてる」,so I have to be careful not to get too skinny.,,
ID00218,00004b51,45,「ユイ姉って、見えそうなぐらい,"Yui-nee's skirt is really short,",,
ID00218,00004b8d,30,　スカート短いよな」,Your skirt is short.,,
ID00218,00004d3e,54,「撮影だと、もっと短いのも履くわよ」,"For photoshoots, I wear even shorter ones.",,
ID00218,0000517d,36,「見えないようにするのは,"To avoid showing anything,",,
ID00218,000051b0,33,　お手のものってこと」,It's child's play.,,
ID00218,0000534d,51,「撮影の仕事って、エッチなポーズも,"For modeling work, you're asked to do",,
ID00218,0000538f,30,　要求されるだろ？」,"sexy poses too,",,
ID00218,00005540,45,「そうね。下品なのは断るけど、,"Right. I won't do anything crude,",,
ID00218,0000557c,57,　精一杯、要求には応えようと思ってる」,but I'll try my best to meet requests.,,
ID00218,00005b83,33,「ただし、裸はＮＧよ」,But no nudity though.,,
ID00218,00005d0d,45,「ＪＫの裸撮ったら捕まるって」,JKs get arrested for that.,,
ID00218,00005ecd,39,「将来的にもＮＧってこと」,No nudity in the future either.,,
ID00218,00005f35,45,「ファッションショーの服って、,"Fashion show clothes are like,",,
ID00218,00005f71,54,　透けて全部見えちゃってるような服が,they're see-through and everything shows through.,,
ID00218,00005fb6,18,　あるよな」,Yeah.,,
ID00218,00006167,39,「うんうん、未来的よねぇ」,"Mm-hmm, so futuristic.",,
ID00218,00006493,42,「常識を破壊するところから、,"Starting with breaking all the norms,",,
ID00218,000064cc,54,　新しいものが生まれるんじゃない？」,"New things are born from that, right?",,
ID00218,000066b5,54,「ちょっと恥ずかしい話なんだけど…」,There's something a bit embarrassing...,,
ID00218,0000688a,51,「はいはい、その程度で動揺するほど,"Oh yeah, you're not that easily shaken up",,
ID00218,000068cc,30,　子供じゃないわよ」,You're not still a kid,,
ID00218,00006bd8,57,「アメリカのドラマって、その日のうちに,They date and breakup on the same day.,,
ID00218,00006c20,57,　くっついたり、離れたり、すごいよな」,"It's pretty intense, right?",,
ID00218,00006dec,54,「アハハハ、知り合ったばかりなのに、,"Ahahaha, even though you just met them,",,
ID00218,00006e31,45,　すぐベッドインしたりしてね」,they're already jumping into bed together,,
ID00218,0000729e,36,「恋愛をわかりやす～く、,"They make love so damn clear-cut,",,
ID00218,000072d1,39,　表現してるんじゃない？」,don't they?,,
ID00218,0000774b,63,「ねぇ、フェティシズムに走るような動画を、,"Hey, no fetish vids?",,
ID00218,00007799,42,　録ってないでしょうねぇ？」,I hope not.,,
ID00218,00007a67,60,「と、録ってないって。あくまで健全な…」,You're not? Clean.,,
ID00218,00007c36,21,「どうだか…」,Whatever...,,
ID00218,00007dc7,63,「ユイ姉って、自分のことエッチだと思う？」,"Do you think of yourself as a pervert, Yui-nee?",,
ID00218,00007f99,51,「さぁ？　そうでもないんじゃない？,I don't know... I don't think so.,,
ID00218,00007fdb,60,　見た目はエッチっぽいって言われるけど、,"People say I look like a perv, but",,
ID00218,00008026,42,　中身はサバサバしたものよ」,"inside, I'm just straightforward.",,
ID00218,000085b4,60,「自分のカラダで気に入ってるとこって？」,You mean the parts you like about your body?,,
ID00218,00008783,15,「全部よ」,Everything.,,
ID00218,000087c0,24,「ぜ、全部！？」,Z-Z-Everything!?!,,
ID00218,00008934,45,「そうよ。パーフェクトボディを,That's right. A perfect body to,,
ID00218,00008970,33,　目指してるんだから」,I'm aiming for.,,
ID00218,00008de4,51,「ねぇねぇ、ぶろ君のパソコンって、,"Hey hey, Bul-kun, your PC,",,
ID00218,00008e26,42,　エッチな写真がいっぱい？」,Got a bunch of porn pics?,,
ID00218,00009162,48,「なっ、そ、そんなわけないだろ」,N-No way!,,
ID00218,00009325,33,「あ、写真じゃないか。,"Oh, it's photos.",,
ID00218,00009355,45,　エッチな動画がいっぱいだ！」,There are tons of porn videos!,,
ID00218,00009798,21,「違うって！」,"Wait, no!",,
ID00218,000097ee,39,「ユイ姉も今年１８歳か…。,You’re 18 too...,,
ID00218,00009824,42,　エッチなサイトも解禁だな」,Porn sites now.,,
ID00218,000099f3,33,「そんなの見ないわよ。,I wouldn’t.,,
ID00218,00009a23,36,　ぶろ君じゃあるまいし」,I'm not some pervert like Bro-chan.,,
ID00218,00009e5d,39,「俺はまだ見られないっ！」,Still can’t.,,
ID00218,0000a029,36,「はぁ…来年が心配ね…」,Sigh... I hope next year's better...,,
ID00218,0000a1c9,48,「男って、基本エッチなわけで…」,"Guys are basically all horny by nature, right?",,
ID00218,0000a38c,57,「はいはい。おかげで肌露出の多い写真を,"Sure, lots of skin shots.",,
ID00218,0000a3d4,33,　求められて、大変よ」,which is really troublesome.,,
ID00218,0000a6ac,42,「ユイ姉って、好きな人なら、,She likes them a lot...,,
ID00218,0000a6e5,30,　どこまで許せる？」,how far would you go?,,
ID00218,0000a85f,51,「ん？　なにも拒まないんじゃない？,Huh? You don't think she'd refuse anything?,,
ID00218,0000a8a1,15,　けど…」,But...,,
ID00218,0000ab8b,15,「けど？」,But?,,
ID00218,0000ad2d,42,「とことんじらすでしょうね。,"She'll tease them endlessly, right.",,
ID00218,0000ad66,48,　簡単には手も握らせてあげない」,Won't even hold hands easily.,,
ID00218,0000af4c,21,「ドＳだなぁ」,She's a total sadist.,,
ID00218,0000afa2,39,「自分で、エッチだなぁって,"You ever think, 'That's perverted.'",,
ID00218,0000afd8,36,　思うことってあるか？」,by yourself?,,
ID00218,0000b18f,39,「撮られた自分の写真見て、,"When you see your own photo,",,
ID00218,0000b1c5,48,　うわぁ…って思うことはあるよ」,"you do think, 'Ugh...'",,
ID00218,0000b635,42,「写真に出ちゃうってことは、,Means there's somewhere,,
ID00218,0000b66e,36,　自分の内面のどこかに、,"inside of you,",,
ID00218,0000b6a1,51,　すごくエッチな私がいるのかもね」,Maybe there's a really perverted me inside of you.,,
ID00218,0000bafd,45,「エッチな男って、どう思う？」,What do you think about perverted guys?,,
ID00218,0000bcbd,36,「エッチなのはいいけど、,"Perverted stuff is fine, but",,
ID00218,0000bcf0,33,　女好きなのはイヤね」,I hate it when they like girls.,,
ID00218,0000c151,57,「すぐ他の女になびく男なんて、最低よ」,Guys like that are trash.,,
ID00218,0000c33d,42,「ユイ姉って、下着もいっぱい,"Yui-nee must have lots of underwear,",,
ID00218,0000c376,36,　持ってるんだろうなぁ」,right?,,
ID00218,0000c52d,24,「そりゃそうよ」,Of course.,,
ID00218,0000c6d8,63,「きれいな服を着てカメラの前に立ってるのに,You're in front of the camera.,,
ID00218,0000c726,36,　その下がイマイチじゃ、,"but if what's underneath is off,",,
ID00218,0000c759,39,　気分が乗らないじゃない」,"you can't get into it, right?",,
ID00218,0000ccfb,54,「写らなくても、ビシッと決めるわよ」,I'll still pose perfectly even if I'm not smiling.,,
ID00218,0000cead,45,「ユイ姉って、バストのサイズ、,"Yui-nee, how big are your boobs?",,
ID00218,0000cee9,27,　いくつなんだ？」,How much?,,
ID00218,0000d097,45,「知らないの？　ネットに行けば,Don't you know? You can see it online.,,
ID00218,0000d0d3,48,　見られるわよ。公表してるから」,It's public information.,,
ID00218,0000d3de,54,「いや、去年の数字はあてにならない。,"No, last year's numbers don't count.",,
ID00218,0000d423,42,　もっと大きくなってるはず」,Should be bigger now.,,
ID00218,0000d5e0,48,「うわぁ…姉の胸に注目しすぎ…」,Too focused on her chest.,,
ID00218,0000d7b0,42,「データを更新する予定は？」,When are you planning to update the data?,,
ID00218,0000d96d,45,「ないわよ。後は想像にお任せ」,Not gonna tell you.,,
ID00218,0000dc88,51,「ちょっとエッチな話なんだけど…」,I was just gonna say something a little naughty...,,
ID00218,0000de4e,57,「はいはい、そういう話は彼女になさい」,"Yeah yeah, save that for your girlfriend.",,
ID00219,000030e0,63,「３年だし、クラスでつき合ってるヤツって、,There are people dating in class.,,
ID00219,0000312e,36,　結構いるんじゃない？」,"There should be quite a few, huh?",,
ID00219,000032ae,45,「どうだろ？　そんな話するほど,I don't talk about it much.,,
ID00219,000032ea,39,　深いつき合いしてないし、,"Besides, we're not that close anyway,",,
ID00219,00003320,33,　よくわかんないなぁ」,"I don't really know, you know?",,
ID00219,000038f3,42,「まぁ、コソコソ電話したり、,"Well, we do sneak around on the phone,",,
ID00219,0000392c,36,　メールしたりしてるし、,"and send each other texts and stuff,",,
ID00219,0000395f,51,　幸せそうな子は何人かいるけどね」,but there are a few couples who look happy.,,
ID00219,00003dbb,30,「ユイ姉って、誰とも,"You know, Yuu-onee hasn't...",,
ID00219,00003de8,42,　つき合ったことないだろ？」,"dated anyone, right?",,
ID00219,00003fa5,48,「そういうあんたもないでしょ？」,"You haven't either, have you?",,
ID00219,0000413e,12,「う…」,...,,
ID00219,000042dd,27,「さっさとまひろと,Just get with Mahiro.,,
ID00219,00004307,42,　くっついちゃえばいいのに」,You should just hook up already.,,
ID00219,0000435f,48,「なんでまひろが出てくるんだっ」,Why are you bringing Mahiro into this?,,
ID00219,000043d0,54,「言い寄ってくる男っていないのか？」,Don't tell me no guys hit on you?,,
ID00219,00004599,30,「いなくはないわよ。,There are some.,,
ID00219,000045c6,39,　一緒にお茶したりするし」,I even hang out with them for tea.,,
ID00219,0000478d,24,「そうなのか？」,Is that so?,,
ID00219,00004936,63,「けど、み～んな薄っぺらで退屈なのよねぇ。,But they're all shallow and boring though...,,
ID00219,00004984,33,　３０分ともたなくて」,They can't last thirty minutes.,,
ID00219,00004e05,45,「男の経済力って、気になる？」,Do you care about a guy's economic power?,,
ID00219,00004fc5,36,「ん～、そういうのって、,Don't guys care?,,
ID00219,00004ff8,45,　男の方が気にするんじゃない？,Don't they worry more than girls do?,,
ID00219,00005034,36,　彼女より稼ぎたいとか」,Wanting to earn more.,,
ID00219,0000546e,27,「う…そうかも…」,Maybe you're right...,,
ID00219,0000561c,48,「私は気にしないわよ。ただし…」,"I don't care, though...",,
ID00219,0000591a,36,「金遣いの荒い男はイヤ。,Spendthrift guys are a turnoff.,,
ID00219,0000594d,39,　どんなに性格がよくても、,"No matter how nice they are,",,
ID00219,00005983,30,　絶対つき合わない」,I won't date them.,,
ID00219,00005cab,30,「好きになった人に、,If the guy I like,,
ID00219,00005cd8,39,　彼女がいたらどうする？」,already has a girlfriend?,,
ID00219,00005e92,30,「どうもしないわよ」,I wouldn't do anything,,
ID00219,00006043,45,「どんな子とつき合ってるのか、,"What kind of girl he's dating,",,
ID00219,0000607f,39,　ちょっと興味あるけどね」,I'm just a little curious.,,
ID00219,0000635d,42,「男の容姿って気になるか？」,Are you interested in guys' looks?,,
ID00219,0000651a,39,「全然。まるで気にしない」,I don't care.,,
ID00219,000066e1,57,「モデルのイケメンとか見てるだろうし、,"You probably look at handsome models and stuff,",,
ID00219,00006729,36,　目が肥えそうだけど？」,Your eyes are adjusting?,,
ID00219,000068e0,54,「だから、余計気にならなくなるのよ。,That's why I end up not caring anymore.,,
ID00219,00006925,45,　男は見た目じゃなく、中身ね」,It's what's inside.,,
ID00219,00006d7b,48,「年上と年下、どっちが好みだ？」,Do you prefer older or younger guys?,,
ID00219,00006f3e,39,「そんなに離れてなければ、,"If you weren't so far away,",,
ID00219,00006f74,33,　どっちでもいいわよ」,either would be fine.,,
ID00219,0000729a,48,「私を甘えさせてくれる人ならね」,"If they let me get close,",,
ID00219,00007446,48,「恋の季節って、いつだと思う？」,When do you think the season of love is?,,
ID00219,00007609,60,「ん～、ロマンチックなのは、冬じゃない？,"Hmm, isn't winter the romantic season?",,
ID00219,00007654,57,　雪の中、身を寄せ合っちゃったりして」,"You know, snuggling up in the snow...",,
ID00219,00007f00,36,「コート姿の男の人って、,A man in a coat is,,
ID00219,00007f33,39,　ちょっとカッコいいしね」,"kinda hot, right?",,
ID00219,0000810d,57,「街中で声かけられたことってあるか？」,Ever had someone hit on you in public?,,
ID00219,000082d9,33,「そりゃあ、あるわよ。,"Of course, it happens.",,
ID00219,00008309,48,　向こうは手当たり次第なんだし」,They'll hit on anyone they can.,,
ID00219,00008795,39,「ぶろ君も、デジカム持って,"You should bring your digicam too, bro.",,
ID00219,000087cb,39,　声かけまくっちゃダメよ。,Don't go hitting on everyone.,,
ID00219,00008801,54,　絶対、怪しい人だって思われるから」,You'll definitely seem suspicious.,,
ID00219,00008c84,33,「わ、わかってるって」,I-I know,,
ID00219,00008ce6,54,「勉強が出来る男と、運動が出来る男、,Guys who study and guys who play sports...,,
ID00219,00008d2b,27,　どっちがいい？」,Which is better?,,
ID00219,00008ed9,39,「そんなの、両方できる男に,Only a guy who can do both,,
ID00219,00008f0f,33,　決まってるじゃない」,"That's a given, isn't it?",,
ID00219,00009370,51,「あ～あ、私に相応しい男の人って、,Ah~ What kind of guy would suit me...,,
ID00219,000093b2,36,　いつ現れるんだろう…」,When will he appear...?,,
ID00219,000096b1,48,（そのハードルの高さじゃなぁ…）,(The bar is set pretty high there...),,
ID00219,00009722,48,「恋って、よくわからないけど…」,I don't really get love...,,
ID00219,000098e5,42,「フフッ、そんな悩みなんて、,You worry too much.,,
ID00219,0000991e,39,　１０年早いんじゃない？」,You're ten years ahead of yourself!,,
ID00219,00009dae,48,「ぶろ君って、女の子を録ることが,"Recording girls like that, Bro-kun...",,
ID00219,00009ded,42,　多いみたいだし、恋をすると,You do it often.,,
ID00219,00009e26,51,　グッと映像が良くなると思うよ？」,"the footage gets way better, I think?",,
ID00219,0000a16b,39,「お、おう…そうかもな…」,Y-Yeah... Maybe...,,
ID00219,0000a1d3,51,「ユイ姉の恋愛って、猫型だと思う？,Do you think Yu-onee's love is cat-type?,,
ID00219,0000a215,27,　それとも犬型？」,Or maybe dog-type?,,
ID00219,0000a3c3,30,「猫型でしょうねぇ。,Cat-type for sure.,,
ID00219,0000a3f0,42,　自分で言うのもなんだけど、,"I know it sounds arrogant, but",,
ID00219,0000a429,27,　勝手気ままだし」,I'm pretty self-centered.,,
ID00219,0000a884,33,「ネコラヴってとこね」,That's what they call 'cat love',,
ID00219,0000aa0e,18,「はははは」,Hahaha,,
ID00219,0000aa61,60,「好きになったら、自分から告白する方？」,You're the type who confesses first?,,
ID00219,0000ac53,33,「ううん、絶対しない。,"Nope, never will.",,
ID00219,0000ac83,48,　私の魅力で振り向かせてみせる」,I'll make him fall for me with my charm.,,
ID00219,0000b12a,42,「私の良さが伝わらないなら、,"If he doesn't see how great I am,",,
ID00219,0000b163,48,　気持ちを伝えてもムダでしょ？」,then confessing would be pointless anyway.,,
ID00219,0000b481,39,「初恋って、いつだった？」,When was your first crush?,,
ID00219,0000b63b,39,「それが…まだなのよねぇ」,It's... still hasn't happened.,,
ID00219,0000bad7,45,「小さい頃から仕事してるから、,"I've been working since I was little, so",,
ID00219,0000bb13,48,　同年代の男子が子供に思えて…」,"guys my age seem like kids to me...""",,
ID00219,0000be48,60,「みんな早く大人になんなさい、って感じ」,You all need to grow up faster.,,
ID00219,0000c000,45,「ユイ姉の理想のタイプって？」,"What's your ideal type, Yuichan?",,
ID00219,0000c1d6,57,「ぶろ君を～、もっとかっこよくして～、,Make you look cooler~,,
ID00219,0000c21e,42,　包容力があるようにして～、,More like someone with a lot of charisma~,,
ID00219,0000c257,36,　頼れるようにした感じ」,So that I can rely on you~,,
ID00219,0000c866,48,「なんで俺を基準に例えるんだよ」,Why are you using me as an example?,,
ID00219,0000ca29,51,「早くいい男になんなさいってこと」,"Be a good guy already, you know~",,
ID00219,0000cbd8,45,「告白されるなら、直接がいい？,Would you prefer in person?,,
ID00219,0000cc14,27,　メールがいい？」,Or via email?,,
ID00219,0000cdc2,48,「メールはイヤね。直接言う勇気が,You think I'm scared to say it in person?,,
ID00219,0000ce01,45,　ないのかな～って思っちゃう」,I wonder if you don't have the guts...,,
ID00219,0000d26e,63,「男なら、面と向かって言ってくれなくちゃ」,"If you're a man, you gotta tell me face-to-face.",,
ID00219,0000d564,57,「告白されるなら、どんな場所がいい？」,Where would be a good place for confessing?,,
ID00219,0000d730,63,「そりゃあ、ロマンチックな場所がいいわよ」,Of course somewhere romantic!,,
ID00219,0000da3d,45,「誰もいない夕暮れの海とかぁ、,"A beach with no one around at sunset,",,
ID00219,0000da79,48,　２人で星を見上げながらとかぁ」,"or looking up at the stars together, huh?",,
ID00219,0000dee9,60,「一生の思い出になるような演出が必要よ、,We need a setup that'll make for a lifetime memory.,,
ID00219,0000df34,15,　ぶろ君」,Pool boy.,,
ID00219,0000e0ac,36,「またなんで俺の話に…」,Why are you bringing me up again...,,
ID00219,0000e111,63,「相手を絶対に惚れさせるクスリがあったら、,If there was a drug that...,,
ID00219,0000e15f,21,　どうする？」,What do we do then?,,
ID00219,0000e307,54,「フフッ、バカねぇ。女の子はみんな、,"Heh, silly girl. All girls,",,
ID00219,0000e34c,36,　本能的にそのクスリを、,"naturally use that drug,",,
ID00219,0000e37f,36,　とっくに使ってるのよ」,"already, you know.",,
ID00219,0000e7f0,15,「えっ？」,Huh?,,
ID00219,0000e992,51,「仕草や表情で、あなたは特別よって,You show it in your gestures and expressions...,,
ID00219,0000e9d4,27,　アピールして…」,Tell us we're special.,,
ID00219,0000ee2f,60,「女の子はね、好きだって言ってもらいたい,Girls just wanna hear they're loved.,,
ID00219,0000ee7a,21,　生き物なの」,Living things.,,
ID00219,0000eff8,24,「そ、そうか…」,R-Right...,,
ID00219,0000f051,51,「男って、女の子がそばにいた方が、,Guys tend to work harder,,
ID00219,0000f093,45,　なにかとがんばるんだよなぁ。,"when there are girls around,",,
ID00219,0000f0cf,39,　いいとこ見せようとして」,trying to show off their best side.,,
ID00219,0000f2cc,51,「うんうん、男の人のそう言うとこ、,"Yeah, yeah, when guys do that,",,
ID00219,0000f30e,24,　かわいいよね」,So cute.,,
ID00219,0000f766,42,「うまく利用すると楽ちんよ。,you can take advantage of it.,,
ID00219,0000f79f,48,　なんにもしなくていいんだから」,You don't have to do anything.,,
ID00219,0000f96f,30,「くっ、騙されてる。,"Shit, I'm getting played.",,
ID00219,0000f99c,42,　女に騙されてるぞ、みんな」,We're all being played by girls.,,
ID00219,0000fb6c,57,「動画は、ただ録ってるだけじゃダメよ。,Just recording it isn't enough.,,
ID00219,0000fbb4,60,　被写体の子と恋する気持ちで録りなさい」,Record it like you love her.,,
ID00219,0000fff9,42,「そうすれば、その子の魅力が,"Then, her charm will",,
ID00219,00010032,27,　引き出せるから」,come out.,,
ID00219,000101ed,30,「恋する気持ち…か」,In love... huh?,,
ID00219,0001039e,63,「まぁ、ぶろ君はまだ恋してないし、無理か」,"Well, you're not in love yet, so it's impossible.",,
ID00219,00010681,24,「うっさいぞー」,Shut up already.,,
ID00219,000106da,30,「恋って、きっと…」,Love is definitely...,,
ID00219,0001088b,57,「ふうん、いっぱしのこと言うじゃない。,"Hmm, you sure talk the talk.",,
ID00219,000108d3,21,　いい傾向よ」,That's a good sign.,,
ID00219,00010d57,33,「女の子の心と体はね…,Girls' hearts and bodies...,,
ID00219,00010d87,63,　恋するためにあるのよ。よく覚えておいて」,are made for love. Remember that well.,,
ID00219,000110e5,18,「お、おう」,Y-Yeah.,,
ID00219,000112bf,33,「早く…誰かに愛され…,Let someone love you soon...,,
ID00219,000112ef,36,　愛する人になりなさい」,And become the one who loves them.,,
ID00219,00011766,33,「いつかまた…一緒に、,Some day...let's ring,,
ID00219,00011796,45,　海の丘公園の鐘を鳴らそうね」,the bell at Seaside Park together again.,,
ID00219,00011ad5,48,「ああ、お互い…夢を叶えたらな」,"Yeah, we'll both make our dreams come true.",,
ID00219,00011b46,51,「価値観が合うのって、大事だよな」,"It's important to have similar values, huh?",,
ID00219,00011d0c,60,「そうね～、いちいち感じ方が違ってたら、,"Yeah, if we felt everything differently...",,
ID00219,00011d57,45,　一緒にいて疲れちゃうものね」,We'd get tired of being together.,,
ID00219,000121c4,60,「あれこれ考えずに過ごせる仲が、一番よ」,Just relax around each other.,,
ID00219,0001237c,45,「恋の色って、何色だと思う？」,What color do you think love is?,,
ID00219,00012505,48,「フフッ、ずいぶんメルヘンなこと,"Heh heh, that's pretty fairy tale stuff...",,
ID00219,00012544,27,　聞くじゃな～い」,You're listening so much.,,
ID00219,00012899,27,「恋は…そうね…」,Love... yeah...,,
ID00219,00012b4b,48,「ダイヤモンドのか・が・や・き」,Diamond sparkle~,,
ID00219,00012d1b,36,「それ色じゃねーだろ…」,That's not even a color...,,
ID00219,00012d80,51,「ユイ姉って、恋に一途だと思う？」,Do you think Yui-nee's all in for love?,,
ID00219,00012f46,63,「もちろんよ。１人の人をずっと愛し続ける。,Of course.,,
ID00219,00012f94,15,　けど…」,But...,,
ID00219,000132f9,15,「けど？」,But?,,
ID00219,0001349b,30,「仕事も好きだから、,"I like my job too, so",,
ID00219,000134c8,48,　彼には負担をかけちゃうかもね」,it might be a burden on him.,,
ID00219,00013674,51,「出会いって…きっと、運命だよな」,"It's gotta be fate, right?",,
ID00219,0001383a,51,「そうね……こうして、ぶろ君と私が,"That's true... Us and Bro-kun here,",,
ID00219,0001387c,39,　姉弟なのも、運命だしね」,Being siblings is fate too.,,
ID00219,00013ce3,48,「早く、私がビックリするような、,"Hurry up and become a guy that'll surprise me,",,
ID00219,00013d22,42,　かっこい～男になんなさい」,like a cool~ man.,,
ID00219,0001403a,48,「この夏、楽しかったよ、ユイ姉」,"I had fun this summer, Onee-chan.",,
ID00219,000141c6,24,「フフッ、私も」,"Hehe, me too.",,
ID00219,000144e3,48,「ぶろ君とずっと一緒にいられて、,"Getting to be with Bro-kun all the time,",,
ID00219,00014522,21,　よかった…」,was great...,,
ID00219,00014818,36,「ちょっと気が早いけど、,"A little early maybe, but,",,
ID00219,0001484b,36,　来年のバレンタインは、,"Next year's Valentine's Day,",,
ID00219,0001487e,45,　初の手作りチョコをあげるね」,I'll give you my first homemade chocolate.,,
ID00219,00014bcd,18,「マジで？」,Really?,,
ID00219,00014d72,51,「姉のチョコしかもらえないなんて、,Only sister's chocolate.,,
ID00219,00014db4,30,　さびし～青春ねぇ」,such a lonely youth~,,
ID00219,00014f8e,27,「真奈もくれる！」,Mana will too!,,
ID00219,00015105,36,「フフッ、よかったわね、,"Hehe, good for you then,",,
ID00219,00015138,36,　美人姉妹にモテモテで」,Popular with sisters.,,
ID00219,0001544a,60,「ユイ姉って、いつまでに結婚したいとか、,"Yui-nee talks about when she wants to get married,",,
ID00219,00015495,21,　あるのか？」,What's up?,,
ID00219,0001563d,45,「ん～、２０代ではしたいかな。,"Hmm, maybe in my 20s.",,
ID00219,00015679,63,　結婚したら出来なくなる仕事でもないしね」,Marriage won't stop me.,,
ID00219,00015af8,63,「きれいに歳を取っていきたいなぁって思う」,I want to age gracefully you know?,,
ID00219,00015cb3,54,「女って、恋をするときれいになるって,Women get prettier when they fall in love.,,
ID00219,00015cf8,18,　言うよな」,"You know, right?",,
ID00219,00015e9d,30,「そうなのよねぇ…」,That's true...,,
ID00219,0001604e,39,「私も早く恋がしたぁ～い」,Me too~ I wanna fall in love soon.,,
ID00219,00016343,63,「もっとも、これ以上きれいになっちゃったら,"Though, if I get any prettier than this,",,
ID00219,00016391,63,　世界中の男性が振り返って、大変だけどね」,"The guys'll notice, but it's troublesome.",,
ID00219,00016958,18,「はいはい」,Sure sure.,,
ID00219,00016b10,63,「今年のクリスマスはパーッと行きたいわね。,I wanna go all out this Christmas.,,
ID00219,00016b5e,63,　３人揃うのはしばらくないかもしれないし」,It might be a while since we were all together.,,
ID00219,000170e1,63,「そうだな、みんなでうまいもの食いたいな」,"Yeah, let's get some good food.",,
ID00219,000172b3,42,「まぁちゃんと相談しよっと。,We should talk about it properly.,,
ID00219,000172ec,51,　いつも、なにか面白いアイディアを,You always come up with something fun.,,
ID00219,0001732e,36,　出してくれるのよね～」,Isn't that right?,,
ID00219,00017505,30,「ユイ姉と俺って…」,Yui-ne and I...,,
ID00219,000176b6,54,「フフッ、そうよ。ずっとナカヨシよ」,"Heheh, that's right. We've always been close.",,
ID00220,00001198,18,「ユイ姉…」,Onee-san Yui...,,
ID00220,00001387,36,じーーーーーーーーーーっ,*Stares blankly*,,
ID00220,0000153e,12,「むっ」,Mmph.,,
ID00220,000016dd,33,「なににらんでんのよ？,What are you staring at?,,
ID00220,0000170d,33,　不満でもあるわけ？」,You don't like it or something?,,
ID00220,00001a84,48,「そ、そうじゃないって。はは…」,"N-No, that's not it... Haha...",,
ID00220,00001af5,18,「ユイ姉…」,Onee-san Yui...,,
ID00220,00001ce4,36,じーーーーーーーーーーっ,*Stares blankly*,,
ID00220,00001e9b,33,「なによ、急に黙って。,Why did you suddenly go quiet?,,
ID00220,00001ecb,60,　言いたいことがあるなら、言いなさいよ」,"If there's something to say, just spit it out.",,
ID00220,00002398,48,「い、いや、そう言うわけじゃ…」,"N-No, I didn't mean it like that...",,
ID00220,00002409,18,「ユイ姉…」,Onee-san Yui...,,
ID00220,000025f8,36,じーーーーーーーーーーっ,*Stares blankly*,,
ID00220,000027af,51,「プッ、な～にマジな顔してんのよ。,"Heh, what's with that serious face?",,
ID00220,000027f1,27,　似合わないわよ」,You look silly.,,
ID00220,00002b1e,15,「はは…」,Heh...,,
ID00220,00002be9,18,「ユイ姉…」,Onee-san Yui...,,
ID00220,00002dd8,36,じーーーーーーーーーーっ,*Stares blankly*,,
ID00220,00002f8f,51,「な、なによ、ふてくされた顔して。,W-What's up? Why the pouty face now?,,
ID00220,00002fd1,45,　私と話すのが不満だっての？」,You don't like talking to me or something?,,
ID00220,00003586,45,「い、いや、そんなわけじゃ…」,"N-No, it's not like that...",,
ID00220,00003746,18,「どうだか」,Whatever.,,
ID00220,00003814,18,「ユイ姉…」,Onee-san Yui...,,
ID00220,00003a15,36,じーーーーーーーーーーっ,*Stares blankly*,,
ID00220,00003bde,12,「あ…」,...,,
ID00220,00003d7d,48,「フフッ、かっこいいよ、ぶろ君」,"Haha, you're so cool, bro.",,
ID00220,0000421a,18,「ユイ姉…」,Onee-san Yui...,,
ID00220,0000441b,36,じーーーーーーーーーーっ,*Stares blankly*,,
ID00220,000045e4,12,「あ…」,...,,
ID00220,00004783,30,「な、なによ、もう。,Wh-What is it already?,,
ID00220,000047b0,39,　いきなり見つめられたら、,"When someone suddenly looks at you,",,
ID00220,000047e6,33,　照れちゃうじゃない」,I'd get embarrassed.,,
ID00221,000011d8,33,（思い切って、手を…）,"Go for it, and put your hand...",,
ID00221,00001485,9,ぎゅっ,Squeeze,,
ID00221,00001789,54,「どうしたのよ？　お手々つないでって,What's up? You want to hold hands or something?,,
ID00221,000017ce,33,　歳でもないでしょ？」,"You're not that old, are you?",,
ID00221,00001958,39,「そ、そうだよな、はは…」,"S-Sure, hah...",,
ID00221,00001b45,18,「ヘンなの」,That's weird,,
ID00221,00001b98,33,（思い切って、手を…）,"Go for it, and put your hand...",,
ID00221,00001e45,9,ぎゅっ,Squeeze,,
ID00221,00001fe1,12,「痛っ」,Ouch!,,
ID00221,000021ea,36,「な、なによ、いきなり」,W-what's with the sudden move?,,
ID00221,00002377,18,「わ、悪い」,S-Sorry,,
ID00221,0000251c,48,「あんたと違って華奢なんだから、,"You're so much bigger than me, be gentle.",,
ID00221,0000255b,33,　優しく扱いなさいよ」,Stop being such a jerk.,,
ID00221,000026e5,18,「ごめん…」,Sorry...,,
ID00221,00002738,33,（思い切って、手を…）,"Go for it, and put your hand...",,
ID00221,000029e5,9,ぎゅっ,Squeeze,,
ID00221,00002b81,51,「なによ、暑いじゃない。離すわよ」,You're the one who's hot. Let go!,,
ID00221,00002e58,27,「あ、ああ、悪い」,"Oh, sorry about that.",,
ID00221,00002f1e,33,（思い切って、手を…）,"Go for it, and put your hand...",,
ID00221,000031cb,9,ぎゅっ,Squeeze,,
ID00221,00003367,51,「なによ、いきなり手なんか繋いで。,What are you doing? Suddenly holding my hand?,,
ID00221,000033a9,24,　暑いんだけど」,It's so hot.,,
ID00221,0000369c,18,「わ、悪い」,S-Sorry,,
ID00221,00003759,33,（思い切って、手を…）,"Go for it, and put your hand...",,
ID00221,00003a18,9,ぎゅっ,Squeeze,,
ID00221,00003bc6,12,「あ…」,...,,
ID00221,00003d2e,42,「おっきくなったね……手…」,Your hands... have gotten so big...,,
ID00221,00003f3e,33,（思い切って、手を…）,"Go for it, and put your hand...",,
ID00221,000041fd,9,ぎゅっ,Squeeze,,
ID00221,000043ab,12,「あ…」,...,,
ID00221,00004513,48,「も、もう、いきなりなんなのよ？,Wh-what do you think you're doing?,,
ID00221,00004552,33,　恥ずかしいじゃない」,It'd be embarrassing.,,
ID00222,00002a31,24,「な、なによ？」,W-what?,,
ID00222,00002bb2,36,「なんかついてたんだよ」,There was something stuck to it.,,
ID00222,00002d32,45,「あ、そう。気が利くじゃない」,"Oh, right. You're so considerate.",,
ID00222,0000327b,15,「ふぐ…」,Fug...,,
ID00222,0000341d,57,「な、なによ、ほっぺたになんか触れて」,W-what? Why'd you touch my cheek?,,
ID00222,00003835,36,「なんかついてたんだよ」,There was something stuck to it.,,
ID00222,000039ec,63,「あ、そうなんだ。ありがと、取ってくれて」,"Oh, I see. Thanks for getting it off.",,
ID00222,00004028,15,「むぐ…」,Mmmph...,,
ID00222,00004193,57,「な、なによ、そんなとこ触んないでよ」,W-what? Don't touch there!,,
ID00222,000044a7,36,「なんかついてたんだよ」,There was something stuck to it.,,
ID00222,00004627,48,「あ、そうなんだ。ならいいけど」,"Oh, I see. That's fine then.",,
ID00222,00004b50,12,「んっ」,Mmnh,,
ID00222,00004cef,51,「な、なによ、どこ触ってんのよ！」,W-what? What are you touching?,,
ID00222,00005034,36,「なんかついてたんだよ」,There was something stuck to it.,,
ID00222,000051b4,48,「あ、そうなの？　なら、いっか」,"Oh, is that so? Then it's okay.",,
ID00222,000056fc,42,「きゃっ！　ちょ、ちょっと！,Eek! W-wait a minute!,,
ID00222,00005735,33,　どこ触ってんのよ！」,What are you touching?,,
ID00222,00005a31,36,「なんかついてたんだよ」,There was something stuck to it.,,
ID00222,00005be8,57,「もう、言ってくれれば自分で取るわよ。,"If you'd just tell me, I could get it myself.",,
ID00222,00005c30,36,　くすぐったいじゃない」,It tickles.,,
ID00222,00006116,51,「なによ、肩なんか凝ってないわよ」,What now? My shoulders aren't stiff.,,
ID00222,000062b2,21,「そ、そうか」,T-that's right.,,
ID00222,000064ee,63,「あうっ、な、なに！？　どうしたのよ！？」,"Aah, w-what!? What's wrong!?",,
ID00222,00006808,42,「あ…なんかついてたから…」,Oh... there was something stuck...,,
ID00222,000069c5,42,「もう、ビックリするでしょ！,You scared me!,,
ID00222,000069fe,51,　言ってくれれば自分で取るわよ！」,I could've taken it off myself if you'd told me.,,
ID00222,00006e47,15,「悪い…」,Sorry...,,
ID00222,0000707e,51,「な、なによ、いきなり髪に触れて」,W-what? You touched my hair!,,
ID00222,00007355,36,「なんかついてたんだよ」,There was something stuck to it.,,
ID00222,0000750c,42,「あ、そう。まぁ、ありがと」,O-oh. Thanks then.,,
ID00222,00007d3f,15,「ふぐ…」,Fug...,,
ID00222,00007f0f,15,「むぐ…」,Mmmph...,,
ID00222,000080a8,54,「な、なによ、いきなり触らないでよ」,"What are you doing, don't touch me like that.",,
ID00222,000083b9,36,「なんかついてたんだよ」,There was something stuck to it.,,
ID00222,00008539,51,「あ、そうなんだ。まぁ、ありがと」,"Oh, I see. Thanks then.",,
ID00222,00008d1b,15,「んん…」,Hmm...,,
ID00222,00008e86,36,「な、なによ、いきなり！,W-what are you doing?!,,
ID00222,00008eb9,36,　どこ触ってんのよ！？」,Don't touch me like that!!,,
ID00222,000091ef,42,「な、なんかついてたんだよ」,There was something on it.,,
ID00222,000093ec,36,「ひゃっ！　な、なに！？,Eek! What is it?!,,
ID00222,0000941f,48,　いきなりどこ触ってんのよ！？」,Why did you suddenly start touching me?!,,
ID00222,0000972a,42,「な、なんかついてたんだよ」,There was something on it.,,
ID00222,00009915,57,「あ…そうなんだ。なら…まぁいいけど」,Oh...I see. Well...it's fine then.,,
ID00222,00009f14,42,「姉の肩に気安く触れるとか、,Don't touch my shoulder.,,
ID00222,00009f4d,30,　どういうつもり？」,What's your intention?,,
ID00222,0000a0d4,48,「いや、肩が凝ってないかなと…」,I just wondered if your shoulder was stiff...,,
ID00222,0000a297,54,「凝ってれば言うわよ。気安いわねぇ」,"If it were, I'd tell you. You're so casual.",,
ID00222,0000a436,15,「悪い…」,Sorry...,,
ID00222,0000a66c,24,「ひゃあっ！？」,Hyaa!?,,
ID00222,0000a7e0,45,「な、なに！？　どうしたの！？,W-what!? What's wrong!?,,
ID00222,0000a81c,39,　変態！？　変態なの！？」,Pervert!? You're a pervert!?,,
ID00222,0000ac90,60,「そうじゃなくて、なにかついてたんだよ」,"It wasn't that, something was stuck.",,
ID00222,0000ae5f,63,「はぁ？　…ったく、ならそう言いなさいよ、,"Huh? ...Fine, then just say so.",,
ID00222,0000aead,27,　自分で取るから」,I could've.,,
ID00222,0000b325,15,「悪い…」,Sorry...,,
ID00222,0000b55c,42,「なによ？　髪なんか触れて」,What's up? Touching my hair and all.,,
ID00222,0000b6ef,36,「なんかついてたんだよ」,There was something stuck to it.,,
ID00222,0000b86f,30,「ああ、そうなんだ。,"Oh, I see.",,
ID00222,0000b89c,39,　ありがと、取ってくれて」,Thanks for getting it for me.,,
ID00222,0000c0a9,15,「ふぐ…」,Fug...,,
ID00222,0000c226,48,「な、なによ、ほっぺたに触れて」,W-what are you doing? Touching my cheek!,,
ID00222,0000c6c5,15,「むぐ…」,Mmmph...,,
ID00222,0000c842,48,「な、なによ、鼻に触れるなんて」,W-what are you doing? Touching my nose!,,
ID00222,0000cb68,36,「なんかついてたんだよ」,There was something stuck to it.,,
ID00222,0000cd1f,36,「あ、ああ、そうなんだ。,"Ah, I see.",,
ID00222,0000cd52,39,　ありがと、取ってくれて」,Thanks for getting it for me.,,
ID00222,0000d4b1,12,「んっ」,Mmnh,,
ID00222,0000d62b,48,「な、なによ、どういうつもり！？,Wh-what do you think you're doing!?!,,
ID00222,0000d66a,30,　唇に触れるなんて」,Don't go touching my lips.,,
ID00222,0000dad5,36,「なんかついてたんだよ」,There was something stuck to it.,,
ID00222,0000dc55,36,「あ、ああ、そうなんだ。,"Ah, I see.",,
ID00222,0000dc88,39,　ありがと、取ってくれて」,Thanks for getting it for me.,,
ID00222,0000e41e,42,「きゃっ！　ちょ、ちょっと、,"Kyaa! Hey, wait a sec,",,
ID00222,0000e457,39,　くすぐったいじゃない！」,You're tickling me!,,
ID00222,0000e759,42,「悪い、なにかついてたから」,"I'm sorry, it was just stuck there.",,
ID00222,0000e8df,63,「あ、ああ、そうなんだ。気が利くじゃない。,"A-Ah, I see. You really are considerate.",,
ID00222,0000e92d,18,　ありがと」,Thanks.,,
ID00222,0000f0ae,45,「な、なによ、肩なんか抱いて」,"What are you doing, hugging me?",,
ID00222,0000f37f,54,「俺は…いつだってユイ姉の味方だよ」,"I've always been on your side, Yu-onee.",,
ID00222,0000f55a,48,「そ、そんなことわかってるわよ。,"S-Sure, I know that already.",,
ID00222,0000f599,42,　私の為に尽くしなさいよね」,"You should do everything for me, right?",,
ID00222,0000fbd2,36,「はうっ、なっ、なに！？,Huh? W-What?!,,
ID00222,0000fc05,30,　どうしたのよ！？」,What's wrong with you?!,,
ID00222,0000fefe,51,「ご、ごめん、なにかついてたから」,"S-Sorry, I was lost in thought.",,
ID00222,000100c4,57,「もう！　エッチ！　自分で取るわよ！」,Ugh! Pervert! I'll get it myself!,,
ID00222,000103a1,15,「悪い…」,Sorry...,,
ID00222,000105a1,51,「な、なによ、いきなり髪に触れて」,W-what now? Touched my hair...,,
ID00222,00010774,36,「なんかついてたんだよ」,There was something stuck to it.,,
ID00222,000108f4,54,「あ、ああ、そうなんだ。ありがとね」,"Y-Yeah, thanks...",,
ID00222,00011110,15,「ふぐ…」,Fug...,,
ID00222,000112b2,54,「な、なによ、いきなり頬に触れて…」,"W-What are you doing, suddenly touching my cheek...",,
ID00222,00011720,15,「むぐ…」,Mmmph...,,
ID00222,0001188b,54,「な、なによ、いきなり鼻に触れて…」,"W-What are you doing, suddenly touching my nose...",,
ID00222,00011bb7,36,「なんかついてたんだよ」,There was something stuck to it.,,
ID00222,00011d6e,54,「あ、ああ、そうなんだ。ありがとね」,"Y-Yeah, thanks...",,
ID00222,000123a1,15,「んん…」,Hmm...,,
ID00222,0001250c,36,「な、なによ、いきなり！,W-what are you doing?!,,
ID00222,0001253f,36,　黙ってろってこと！？」,Shut up!,,
ID00222,0001283e,60,「そうじゃなくて、なにかついてたんだよ」,"It wasn't that, something was stuck.",,
ID00222,000129d6,36,「あ、ああ、そうなんだ。,"Ah, I see.",,
ID00222,00012a09,39,　ありがと、取ってくれて」,Thanks for getting it for me.,,
ID00222,00013064,45,「ひゃうっ！　な、な、なに！？,Eek! W-What's this!?,,
ID00222,000130a0,48,　いきなりどこ触ってんのよ！？」,Why did you suddenly start touching me?!,,
ID00222,000134e6,51,「わ、悪い、なにかついてたんだよ」,"S-Sorry, there was something stuck.",,
ID00222,000136ac,42,「あ…そう。まぁ、ありがと」,"Ah, thanks...",,
ID00222,00013cd3,30,「…どうしたのよ？」,What's up?,,
ID00222,00013d1f,45,「いや、肩が凝ってないかなと」,I was checking your shoulders.,,
ID00222,00013edf,27,「凝ってないわよ。,They're not.,,
ID00222,00013f09,45,　ほぐして欲しい時は言うわよ」,Tell me if you want me to rub them out.,,
ID00222,00014211,27,「そ、そうだよな」,"S-sorry, right.",,
ID00222,00014441,18,「きゃっ！」,"""Eek!""",,
ID00222,000145af,51,「な、なに！？　どうしたのよ！？」,W-what!? What's wrong!?,,
ID00222,00014782,48,「わ、悪い、なにかついてたから」,"S-Sorry, I didn't mean to.",,
ID00222,00014945,63,「そんなの言ってくれれば、自分で取るわよ！,"If you say something like that, I can do it myself!",,
ID00222,00014993,30,　エッチ！　変態！」,Pervert!变态！,,
ID00222,00014d90,21,「ご、ごめん」,S-Sorry,,
ID00222,00014fdf,12,「あ…」,...,,
ID00222,0001517e,39,「フフッ、優しく触れてね」,"Hehe, be gentle",,
ID00222,00015507,12,「ん…」,Hmm...,,
ID00222,000156a6,36,「フフッ、女の子の扱いに,"Hehe, treat the girl right",,
ID00222,000156d9,33,　慣れて来ちゃって…」,Getting used to it...,,
ID00222,00015bce,15,「んぐ…」,...Nngh...,,
ID00222,00015d39,45,「フフッ、姉をからかうなんて、,"Hehe, teasing your big sis?",,
ID00222,00015d75,27,　１０年早いわよ」,by like ten years.,,
ID00222,00016264,15,「んん…」,Hmm...,,
ID00222,00016406,63,「もう…そういうことは、彼女にやりなさい」,Do it to your girlfriend already...,,
ID00222,00016919,15,「あぅ…」,Ow...,,
ID00222,00016abb,45,「ダメよ、くすぐったいでしょ」,"Nope, you're ticklish",,
ID00222,00016e13,12,「あ…」,...,,
ID00222,00016fb2,42,「ありがと、励ましてくれて」,Thanks for cheering me up,,
ID00222,0001733e,18,「はうぅ…」,Haa...,,
ID00222,000174ac,36,「もう…いけない弟ねぇ」,"Already bad enough, little bro...",,
ID00222,00017833,51,「ど、どうしたのよ？　髪に触れて」,W-What's wrong? You touched my hair...,,
ID00222,000179cf,33,「なにかついてたから」,There was something there.,,
ID00222,00017b83,30,「そっか、ありがと」,"Oh, thanks.",,
ID00222,000180a3,15,「ふぐ…」,Fug...,,
ID00222,00018245,54,「ど、どうしたのよ？　頬に触れて…」,W-What's wrong? You touched my cheek...,,
ID00222,00018615,15,「むぐ…」,Mmmph...,,
ID00222,000187b7,30,「ど、どうしたのよ？,W-What's wrong?,,
ID00222,000187e4,36,　いきなり鼻に触れて…」,You suddenly touched my nose...,,
ID00222,00018b12,33,「なにかついてたから」,There was something.,,
ID00222,00018c8f,36,「あ…そっか、ありがと」,"Ah... I see, thanks.",,
ID00222,00019187,15,「んん…」,Hmm...,,
ID00222,00019329,60,「ど、どうしたのよ？　唇に触れるなんて」,W-What's wrong? You touched my lips...,,
ID00222,00019744,33,「なにかついてたから」,There was something.,,
ID00222,0001993f,36,「あ…そっか、ありがと」,"Ah... I see, thanks.",,
ID00222,00019e00,36,「ひゃっ、な、なに！？」,Hyaa! W-what!?,,
ID00222,00019f8d,42,「いや、なにかついてたから」,"No, there was something stuck on it.",,
ID00222,0001a113,48,「そっか、取ってくれてありがと」,Thanks for getting rid of it.,,
ID00222,0001a4dc,12,「あ…」,...,,
ID00222,0001a67b,51,「もう、いきなり肩に触れるなんて、,You touched my shoulder.,,
ID00222,0001a6bd,24,　気安いわねぇ」,It's annoying.,,
ID00222,0001aaa7,27,「まぁ…いいけど」,Sure...I guess.,,
ID00222,0001ae5b,15,「あぅっ」,Ow!,,
ID00222,0001affd,42,「もう！　エッチ！　バカ！」,Stop it! Pervert! Idiot!,,
ID00223,0000123a,42,「ふうん、楽しい話ばかりね」,"Hmm, all fun stories.",,
ID00223,00001548,45,「意外といい話を知ってるのね」,You know some pretty good ones.,,
ID00223,00001859,57,「どの話も、なかなかいい感じじゃない」,All of them are really nice.,,
ID00223,00001dd6,42,「フフッ、なかなか楽しませて,"Hehe, you sure do entertain",,
ID00223,00001e0f,27,　くれるじゃない」,pretty well.,,
ID00223,00002145,45,「クスクス、ぶろ君らしい話ね」,"Kukuku, typical bro-kun stories.",,
ID00223,0000248d,42,「へぇ～っ、どれもいい話ね。,"Wow, they're all great stories.",,
ID00223,000024c6,24,　感心しちゃう」,I'm impressed.,,
ID00223,00002a53,45,「フフッ、ぶろ君と話してると、,"Hehe, when I talk with Bro-kun,",,
ID00223,00002a8f,33,　なんだかホッとする」,I feel relieved.,,
ID00223,00002ecf,54,「クスッ、変わんないなぁ、ぶろ君は。,"Heh, you sure haven't changed, bro.",,
ID00223,00002f14,24,　いつも楽しい」,You're always so fun.,,
ID00223,00003500,36,「うんうん、いい感じよ。,"Yeah, this is great.",,
ID00223,00003533,36,　もっと私を楽しませて」,Make me even happier.,,
ID00224,00000d89,33,「あ～あ…さっきから、,Aah... Still on that?,,
ID00224,00000db9,36,　同じような話ばっかり」,Same old story.,,
ID00224,0000122f,51,「その手の話は聞き飽きたってばぁ」,I'm sick of hearing that crap.,,
ID00224,00001579,39,「もっと違う話しようよぉ」,Let's talk about something else.,,
ID00225,00000dc0,57,「また似たような話してぇ…嫌がらせ？」,Another one? Harassin' me?,,
ID00225,000010d9,57,「同じような話ばっかり…。バカみたい」,Same old story... Stupid.,,
ID00225,00001599,45,「もうその手の話はいいってば！,Stop with that crap already!,,
ID00225,000015d5,33,　いい加減にしてよね」,Cut it out already.,,
ID00226,00000dc0,57,「話したいことがないなら、行くけど？」,"If not, I'm off.",,
ID00226,000010d9,54,「黙ってたって、つまんないでしょ？」,"Even if you stay quiet, it's gonna be boring, right?",,
ID00226,00001426,39,「退屈～、なにか話して～」,This is so boring~. Say something~,,
ID00227,0000235a,57,「夏を…９年分の夏休みを取り戻す…か。,Get back nine summers?,,
ID00227,000023a2,27,　ユイ姉らしいよ」,Sounds like you.,,
ID00227,00002550,57,「でしょ～っ。たっぷり楽しませてよね」,You betcha~. Have fun to your heart's content!,,
ID00227,00002877,51,「夕日に向かって決意を誓うなんて、,To swear your resolve toward the setting sun...,,
ID00227,000028b9,27,　マジ熱血だよな」,That's so热血 (netchaku)!,,
ID00227,00002a67,27,「フフッ、時には、,"Heh heh, sometimes,",,
ID00227,00002a91,60,　そういう芝居がかったことも必要なのよ」,it's necessary to put on such a dramatic show.,,
ID00227,00002ef6,36,「今日もいい天気だなぁ」,It's a nice day today.,,
ID00227,00003076,51,「そうねぇ、まさに夏って感じよね」,"Yeah, it's definitely summery.",,
ID00227,000034fc,57,「こう日差しが強いと、日焼けが心配よ」,I worry about burning.,,
ID00227,0000369e,51,「仕事柄、焼くわけにいかないしな」,I can't afford to get tanned because of my job.,,
ID00227,00003864,24,「そうなのよぉ。,That's right.,,
ID00227,0000388b,51,　そういうとこ自由がないのよねぇ」,There's no freedom in that kind of thing.,,
ID00227,00003cfe,42,「ま、好きで始めたことだし、,"Well, I chose to do it.",,
ID00227,00003d37,33,　仕方ないんだけどね」,There's nothing we can.,,
ID00227,000041ab,54,「はぁ…今年の夏も暑くなりそうねぇ」,Sigh... This summer is going to be hot again.,,
ID00227,00004538,21,「そうだな…」,Yeah...,,
ID00227,00004781,39,「海から来る蒸し暑い風が、,"The steamy sea breeze,",,
ID00227,000047b7,42,　不快指数を上げるのよねぇ」,really makes you uncomfortable.,,
ID00227,00004c59,36,「撮影って、天気が悪いと,No good in bad weather.,,
ID00227,00004c8c,42,　中止になったりするだろ？」,Gets canceled then.,,
ID00227,00004e49,48,「そうね、土砂降りなら中止かな」,"Yeah, they'd probably cancel in a downpour.",,
ID00227,0000534f,51,「急な休みって、うれしいのよねぇ」,Unexpected days off are always so nice.,,
ID00227,0000569d,42,「夏は洗濯物があっという間に,Summer clothes dry so fast.,,
ID00227,000056d6,27,　乾いていいよな」,"Dries real quick, huh?",,
ID00227,00005884,27,「フフッ、そうね。,"Heh, that's right.",,
ID00227,000058ae,63,　バスタオルがパリッと乾いて、気持ちいい」,The bath towel gets all crisp and feels great.,,
ID00227,00005d5a,51,「ユイ姉にとって、夏ってなんだ？」,"What does summer mean to you, Yu-san?",,
ID00227,00005f20,36,「水着のお・し・ご・と」,@str_000 swimsuit business,,
ID00227,0000618d,48,「なんか、夢があるのかないのか、,"I dunno if it's a dream or not,",,
ID00227,000061cc,36,　わかんねー答えだなぁ」,Unclear answer.,,
ID00227,00006383,33,「現実を言ったまでよ」,That's just the truth.,,
ID00227,000063e5,24,「夏といえば…」,What about summer...,,
ID00227,00006590,51,「そうね～、暑さに負けないように、,"Yeah, we can't let the heat get to us~",,
ID00227,000065d2,30,　元気出さなきゃね」,we've gotta stay positive.,,
ID00227,000068de,33,「こう暑いと、下敷きで,So hot you wanna fan each other~,,
ID00227,0000690e,42,　扇ぎあいしたくもなるよな」,don't you?,,
ID00227,00006acb,63,「あ、あれは、ちょっと童心に帰っただけよ。,"Hey, I was just being a little playful.",,
ID00227,00006b19,33,　いいでしょ、べつに」,"It's fine, really.",,
ID00227,0000738c,63,「ぐはぁ……暑い…。猛烈に暑い…きつい…」,Guh... It's so hot... So unbearably hot...,,
ID00227,0000755e,54,「も～っ、そんなに暑い暑い言わない！,Don't say it's that hot!,,
ID00227,000075a3,45,　こっちまで暑くなるでしょ！」,You'll make me hot too!,,
ID00227,000079e6,60,「んなこと言ったって、暑いものは暑い…」,"No matter what you say, it's still unbearably hot...",,
ID00227,00007bb5,45,「だから、我慢なさいってば！」,That's why I'm telling you to endure it!,,
ID00227,00007f07,63,「ユイ姉って、花粉症は大丈夫なんだっけ？」,"Hey, are you okay with hay fever?",,
ID00227,000080d9,21,「今んとこね」,For now.,,
ID00227,0000840b,36,「顔隠すのに便利だから、,"It's useful for hiding your face,",,
ID00227,0000843e,39,　マスクはよくしてるけど」,so I wear a mask often.,,
ID00227,000087ba,51,「はぁ…通り雨でも降ってくれれば、,If only there was a passing shower...,,
ID00227,000087fc,39,　涼しくなるんだけどなぁ」,It would get cooler though.,,
ID00227,00008b9d,42,「洗濯物、干してないのか？」,You didn't hang your laundry out to dry?,,
ID00227,00008dfb,39,「う…洗い直しはイヤね…。,"Ugh, hate washing it again...",,
ID00227,00008e31,33,　宿舎以外で降って！」,Why can't it rain somewhere else?,,
ID00227,00009439,33,「ははは、無理だって」,"Haha, you wish.",,
ID00227,0000949b,45,「こう暑いと夜、寝苦しくて…」,Too hot to sleep well...,,
ID00227,0000965b,63,「冷たいシャワーをサッと浴びるといいわよ。,Take a quick cold shower.,,
ID00227,000096a9,63,　汗を流してスッキリすると、寝やすいから」,It'll refresh you and make it easier to sleep.,,
ID00227,00009afe,42,「なるほど、やってみるか…」,"Got it, let's give it a try...",,
ID00227,00009b69,42,「ユイ姉の好きな季節って？」,What season does Yui-nee like?,,
ID00227,00009d26,21,「秋から冬ね」,From fall to winter.,,
ID00227,00009d69,21,「どうして？」,Why?,,
ID00227,00009f11,54,「アウターや帽子で、いろいろコーデが,You can do many outfits with outerwear and hats.,,
ID00227,00009f56,24,　楽しめるから」,It's fun that way.,,
ID00227,0000a23c,63,「秋冬は、ファッションが楽しい季節なのよ」,Autumn and winter are fun for fashion.,,
ID00227,0000a421,48,「はぁ…天気予報の降水確率って、,Haa... Weather forecasts aren't reliable.,,
ID00227,0000a460,39,　あてにならないわよねぇ。,They're just not dependable.,,
ID00227,0000a496,63,　０％なのに、急に滝のように降ってきたり」,"Even at 0%, it suddenly pours like a waterfall.",,
ID00227,0000ab98,42,「ゲリラ豪雨は局地的だから、,"Squall lines are localized, so",,
ID00227,0000abd1,33,　当てづらいらしいぞ」,they're hard to predict.,,
ID00227,0000ad85,42,「まぁ、そうなんだろうけど、,"Yeah, I guess that's how it is, but",,
ID00227,0000adbe,42,　天気予報が当たった確率も、,It'd be nice if they gave the odds too.,,
ID00227,0000adf7,30,　出して欲しいわよ」,You know?,,
ID00227,0000b22b,33,「ははは、それいいな」,"Hahaha, that's a good point.",,
ID00227,0000b28d,36,「こう暑い日が続くと…」,When it's this hot for so long...,,
ID00227,0000b444,45,「ホ～ント、体調崩さないように,"Really, you gotta be careful not to get sick",,
ID00227,0000b480,36,　気をつけなくっちゃね」,or else~,,
ID00227,0000b8f7,60,「この間、初等部の花壇の方を歩いてたら、,The other day while walking by...,,
ID00227,0000b942,45,　アサガオがいっぱい咲いてて、,I saw lots of morning glories blooming,,
ID00227,0000b97e,30,　懐かしかったなぁ」,It brought back some memories,,
ID00227,0000bc77,45,「観察日記を書かされたからな」,We had to write observation diaries back then,,
ID00227,0000be37,48,「私は仕事でろくに手伝えなくて、,I could barely help with work.,,
ID00227,0000be76,57,　同じ班の子に迷惑かけちゃったけどね」,And ended up being a burden on my teammates,,
ID00227,0000c1a3,51,「フフッ、今でも胸がチクッと痛む。,"Heh, it still stings a bit in my chest.",,
ID00227,0000c1e5,48,　けど、それも大切な思い出よね」,But those are precious memories too.,,
ID00227,0000c6bc,51,「暑いのと寒いの、どっちが苦手？」,Do you hate hot weather or cold weather more?,,
ID00227,0000c882,45,「どっちも苦手だけど耐えるの」,I hate both of them but I endure it.,,
ID00227,0000cb7d,51,「まだ寒いのに水着の撮影だったり、,Swimsuit photos in chilly weather.,,
ID00227,0000cbbf,45,　暑いのに厚着させられたり…、,And when it's hot they make me wear heavy,,
ID00227,0000cbfb,45,　季節先取りで大変なんだから」,It's hard to deal with.,,
ID00227,0000d051,60,「朝、昼、夕方、夜、どの時間が好きだ？」,Which time of day do you prefer?,,
ID00227,0000d220,54,「夕方が好きよ。静かで…穏やかで…」,Evening's my favorite. It's quiet... peaceful...,,
ID00227,0000d703,33,「慌ただしかった１日が,At the end of a busy day.,,
ID00227,0000d733,39,　終わるんだなぁって思う」,I feel it's coming to an end.,,
ID00227,0000da17,57,「ちょっと…寂しくなる時もあるけどね」,Sometimes I do get a little lonely though.,,
ID00227,0000dea3,24,「いつか、３人で,We should go together.,,
ID00227,0000deca,48,　ちゃんとお祭りへ行きたいわね」,to the festival properly.,,
ID00227,0000e19e,54,「そうだな…。録画は任せといてくれ」,Yeah... You can count on me for recording it.,,
ID00227,0000e330,45,「フフッ、じゃあ、まぁちゃんと,"Hehe, alright then, let's just make sure",,
ID00227,0000e36c,51,　お揃いの浴衣着ちゃお。楽しみ～」,Let's wear matching yukatas~,,
ID00227,0000e9be,36,「季節が移り変わる度に、,"With every changing season,",,
ID00227,0000e9f1,36,　時が流れていくのね…」,time just keeps flowing...,,
ID00227,0000ed33,27,「ああ、そうだな」,Sure thing.,,
ID00227,0000ef28,36,「ぶろ君もがんばってね」,"Keep up the good work, Bro-kun.",,
ID00227,0000f11b,39,「今年の夏は終わるけど…」,This summer is coming to an end...,,
ID00227,0000f2d5,48,「そうね、また夏は来るものね…。,"Yeah, summer always comes back...",,
ID00227,0000f314,27,　楽しみにしてる」,I can't wait.,,
ID00228,000025c4,51,「はぁ…この暑いのに勉強なんて…。,Phew... I can't even study in this heat...,,
ID00228,00002606,54,　学校休んで、パァ～ッと遊びた～い」,I wanna skip school and just have fun~,,
ID00228,00002cc8,15,「同感…」,...Agreed.,,
ID00228,00002e6a,30,「夏休みを返せ～っ」,Give back my summer~!,,
ID00228,00003004,60,「期末テスト、赤点は大丈夫だったのか？」,Did you pass your finals?,,
ID00228,000031d3,27,「ギリなんとかね」,Just barely made it.,,
ID00228,00003485,48,「仕事で授業を休んでるからって、,"Even though we're skipping classes for work,",,
ID00228,000034c4,36,　赤点だけは避けなきゃ。,we gotta avoid getting an F.,,
ID00228,000034f7,33,　仕事と学業の両立よ」,Balancing work and school.,,
ID00228,00003859,42,「ユイ姉って、初等部のころは,Yui-nee was top.,,
ID00228,00003892,57,　成績良かったのに、もったいないよな」,"but it's such a waste now, isn't it?",,
ID00228,00003a5e,33,「勉強より大切なことを,Found something better.,,
ID00228,00003a8e,57,　見つけちゃったからね。仕方ないわよ」,There's no help for it.,,
ID00228,00003dfc,42,「好きな教科ってあるのか？」,Do you have any favorite subjects?,,
ID00228,00003fb9,18,「世界史ね」,World history.,,
ID00228,00003ff9,30,「へ～っ、なんで？」,Oh? Why?,,
ID00228,000041aa,45,「色んな国の歴史を知るのって、,"Learning history's fun,",,
ID00228,000041e6,51,　楽しいじゃない？　実際行った時、,Isn't that cool?,,
ID00228,00004228,30,　役に立ちそうだし」,right?,,
ID00228,0000471a,57,「テストがなければ、最高なんだけどね」,It'd be perfect if there weren't any tests.,,
ID00228,0000493a,18,「はははは」,Hahaha,,
ID00228,0000498d,33,「宿舎で勉強してる？」,Are you studying in your dorm?,,
ID00228,00004b9b,60,「ちっとも。ストレスは美容の大敵だから」,Not at all. Stress is bad for beauty.,,
ID00228,00004d77,18,「はいはい」,Sure sure.,,
ID00228,00004dca,63,「一貫教育校でよかったよな、受験がなくて」,Glad we don't have exams.,,
ID00228,00004f9c,18,「そうね～」,Yeah~,,
ID00228,00005141,33,「高校受験があったら、,"If we had exams,",,
ID00228,00005171,54,　仕事に集中できなかったでしょうね」,"You wouldn't have been able to focus on work, right?",,
ID00228,00005722,39,「いい学校よ、光海学園は。,Mitsumi Academy is a great school.,,
ID00228,00005758,42,　夏休みがないこと以外はね」,Aside from that...,,
ID00228,00005b98,18,「はははは」,Hahaha,,
ID00228,00005beb,48,「夏休みだってのに勉強なんて…」,Even though it's summer vacation... studying...,,
ID00228,00005dba,51,「そうそう、詰め込み教育反た～い」,"Yeah, I hate cramming so much",,
ID00228,000060db,60,「心美先生も心配してるし、夏を満喫したら,"Ms. Shinmi is worried too, so enjoy your summer and",,
ID00228,00006126,36,　ちょっとは勉強しろよ」,Study a little bit,,
ID00228,0000631e,42,「はいはい、わかってるわよ」,"Okay okay, I know",,
ID00228,0000664d,54,「ぶろ君こそ、ちゃんと勉強なさいよ」,"You should study properly too, Bro-kun.",,
ID00228,000067ec,21,「お、おう…」,...right...,,
ID00228,00006842,48,「ユイ姉って、字がきれいだよな」,Yui-nee's handwriting is really nice.,,
ID00228,00006a21,63,「字は人を表す。いくらきれいに着飾っても、,Handwriting reflects you.,,
ID00228,00006a6f,48,　字が雑だったら幻滅じゃない？」,Messy writing disappoints?,,
ID00228,00006f23,51,「見られても恥ずかしくないように、,I write neatly so no one's embarrassed.,,
ID00228,00006f65,63,　一字一字、丁寧に書くように心がけてるの」,I make an effort to write every character carefully.,,
ID00228,000073cd,42,「ユイ姉の苦手な教科って？」,What subject is Yui-nee bad at?,,
ID00228,0000758a,18,「数学よ…」,Math...,,
ID00228,00007776,33,「高等部の数学なんて、,"High school math and stuff,",,
ID00228,000077a6,36,　実生活でいらなくない？,Isn't it useless in real life?,,
ID00228,000077d9,33,　中等部までで十分よ」,That's enough till middle school.,,
ID00228,00007ad5,24,「まったくだ…」,You're right...,,
ID00228,00007c80,45,「はぁ…難しくなればなるほど、,"Haa... The more difficult it gets,",,
ID00228,00007cbc,60,　数学が嫌いになっていく。悪循環よねぇ」,the more I hate math. It's a vicious cycle.,,
ID00228,00008087,60,「最初の授業でいきなり苦手な数学なのと、,"Which would you prefer? Math first,",,
ID00228,000080d2,60,　最後の授業で数学なら、どっちがいい？」,or ending with it?,,
ID00228,000082bd,24,「最後よ、最後」,"Last one, the last one.",,
ID00228,000085a3,51,「朝いきなり数学で疲れちゃったら、,"If we start with math in the morning,",,
ID00228,000085e5,45,　その後の授業が大変じゃない」,the rest of your classes will be a hassle.,,
ID00228,00008a52,33,「数学は最後に回して、,"Let's put math at the end,",,
ID00228,00008a82,54,　出来ることならサボりたいぐらいよ」,I'd rather skip it if I could...,,
ID00228,00008ddb,63,「３年って、テストが多いんじゃないのか？」,Isn't there a lot of tests in third year?,,
ID00228,00008fad,48,「多いわよ～、イヤんなるぐらい」,There are so many~ It's annoying as hell.,,
ID00228,000092ab,57,「いい点取れる人は楽しいんだろうけど、,People who can get good grades probably enjoy it...,,
ID00228,000092f3,57,　私はユウウツになるばかり。はぁ～あ」,I just end up depressed~ Ahhh...,,
ID00228,00009890,54,「塾に通ってみたかったとかないか？」,Did you ever want to go to a cram school?,,
ID00228,00009a59,48,「そんなのあるわけないじゃない。,There's no way I'd do something like that.,,
ID00228,00009a98,39,　放課後にまた勉強なんて、,"Studying after school again,",,
ID00228,00009ace,39,　頼まれたってやんない！」,"Even if you asked me, I wouldn't do it!",,
ID00228,00009f0b,60,「塾で知り合う友達ってのもいると思うぞ」,"You'll make friends at cram schools, too.",,
ID00228,0000a0da,45,「なら、あんたが行きなさいよ」,Then why don't YOU go then?,,
ID00228,0000a135,39,「いや…俺も遠慮しとく…」,Nah... I'll pass on that too...,,
ID00228,0000a19d,39,「ユイ姉の場合、気分転換に,"For Yui-nee, it's gotta be tough that",,
ID00228,0000a1d3,54,　カフェで勉強ってわけにいかないのが,she can't just hit up a cafe to study.,,
ID00228,0000a218,18,　辛いよな」,That must suck.,,
ID00228,0000a3f2,39,「そうね～、気分転換なら、,"Yeah, if she wants a break,",,
ID00228,0000a428,33,　人気のないところね」,"Somewhere quiet, then.",,
ID00228,0000a724,33,「よく行く場所って？」,What's a usual spot for you?,,
ID00228,0000a8d8,36,「一番落ち着くのは家よ。,The most relaxing place is home.,,
ID00228,0000a90b,45,　特に仕事から帰って来た時は、,"Especially when I get back from work,",,
ID00228,0000a947,21,　ホッとする」,Relaxes me.,,
ID00228,0000ad85,39,「ユイ姉の場合、気分転換に,"For Yui-nee, it's gotta be tough that",,
ID00228,0000adbb,54,　カフェで勉強ってわけにいかないのが,she can't just hit up a cafe to study.,,
ID00228,0000ae00,18,　辛いよな」,That must suck.,,
ID00228,0000afda,39,「そうね～、気分転換なら、,"Yeah, if she wants a break,",,
ID00228,0000b010,33,　人気のないところね」,"Somewhere quiet, then.",,
ID00228,0000b30c,33,「よく行く場所って？」,What's a usual spot for you?,,
ID00228,0000b4c0,27,「ぶろ君の部屋よ」,"It's your room, Bro-kun.",,
ID00228,0000b637,15,「はは…」,Heh...,,
ID00228,0000b687,21,「勉強って…」,Studying...,,
ID00228,0000b852,48,「あ～あ～、真面目ぶっちゃって。,"Oh~ Oh~, being so serious.",,
ID00228,0000b891,27,　似合わないわよ」,You look silly.,,
ID00228,0000be71,57,「心美先生の補習、ハードだったわねぇ」,"Teacher Shinomiya's tutoring was tough, wasn't it?",,
ID00228,0000c013,51,「俺なんか、ユイ姉の巻き添えだよ」,I'm just getting dragged along by Yui-nee.,,
ID00228,0000c1d9,48,「なに言ってんのよ！　うまく私を,What are you saying! Trying to make me out...,,
ID00228,0000c218,63,　かくまえなかったのがいけないんでしょ？」,"It's because I didn't protect you, right?",,
ID00228,0000c532,33,「ユイ姉がもうちょっと,If Yui-nee had studied a bit,,
ID00228,0000c562,48,　勉強しとけばよかったんだよ！」,"more, this wouldn't have happened!",,
ID00228,0000c725,60,「あんたこそ勉強しとけばよかったのよ！」,You should've studied more too!,,
ID00228,0000c8ca,21,「ユイ姉が！」,About Yui-nee!,,
ID00228,0000ca72,21,「あんたが！」,About you!,,
ID00228,0000cc1d,15,「う～っ」,~,,
ID00228,0000cc5a,48,「はぁ…２人ともダメってことか」,Haa... Does that mean both of us are useless?,,
ID00228,0000ce1d,36,「そうね…、姉弟揃って、,Yeah... both of you lack in studies.,,
ID00228,0000ce50,54,　勉強が足りないってことよ。はぁ…」,"Both siblings, huh? Haa...",,
ID00228,0000d2af,51,「夏の課題って、全部終わったか？」,You finished all the summer assignments?,,
ID00228,0000d475,51,「あんなのこれから気合い入れれば、,"With some effort, you can do that now.",,
ID00228,0000d4b7,27,　すぐ終わるわよ」,You'll finish it soon.,,
ID00228,0000d7ad,48,「…ってことは終わってないのか」,"Still, you haven't finished them?",,
ID00228,0000d970,57,「うっさいわねぇ。人のこと言えるの？」,You're such a nag. Who are you to talk?,,
ID00228,0000db49,12,「う…」,...,,
ID00228,0000dcfb,45,「勉強漬けのミツミキャンプも、,"The all-study Mitsumi Camp, too,",,
ID00228,0000dd37,42,　終わるとなると寂しいわね」,It's kind of lonely when it ends.,,
ID00228,0000e140,45,「ユイ姉は今年で最後だからな」,This is the last Mitsumi Camp for Yui-nee.,,
ID00228,0000e2c9,57,「フフッ、ぶろ君は来年もがんばってね」,"Heheh, keep up the good work next year too, bro.",,
ID00228,0000e63a,45,「はぁ…気が重くなることを…」,Sigh... thinking about heavy stuff...,,
ID00228,0000e80d,63,「秋といえば、勉強の秋よ。がんばりなさい」,It's time to study hard.,,
ID00228,0000eb27,36,「俺のこと言ってないで、,"Don't talk about me,",,
ID00228,0000eb5a,33,　ユイ姉もがんばれよ」,You should do your best too.,,
ID00228,0000ed0e,36,「私はほどほどでいいの。,I'm fine with just doing okay.,,
ID00228,0000ed41,51,　卒業したら、人生という名の勉強が,"After graduation, keep learning.",,
ID00228,0000ed83,27,　始まるんだから」,It's just beginning.,,
ID00228,0000f3aa,57,「ぶろ君って、光海大学へ進学するの？」,Are you going to Mitsumi University?,,
ID00228,0000f54c,36,「たぶん、そうだろうな」,"Probably, huh?",,
ID00228,0000f703,15,「そっか」,Oh yeah,,
ID00228,0000f86e,48,「まぁちゃんのこと、よろしくね」,Take care of Maa-chan for me.,,
ID00228,0000fa3e,27,「ああ、もちろん」,"Sure, of course.",,
ID00228,0000fa9a,39,「一生勉強って言うけど…」,They say it's a life of study...,,
ID00228,0000fc60,57,「そうね。いろいろ経験を積みなさいって,Yeah. Just try lots of different things.,,
ID00228,0000fca8,15,　ことよ」,That's right.,,
ID00229,0000354b,36,「まひろは明るいわよね。,"Mahiro's so cheerful, isn't she?",,
ID00229,0000357e,33,　慣れない光海学園で、,Still getting used to it.,,
ID00229,000035ae,45,　戸惑うことも多いはずなのに」,and must be confused a lot,,
ID00229,00003a1b,63,「なるべく話しかけるようにしてあげなきゃ」,I should try to talk to her more.,,
ID00229,00003a88,27,「ああ、そうだな」,Sure thing.,,
ID00229,00003ae4,57,「前の学期は、出席日数足りてたのか？」,Did she have enough attendance days last semester?,,
ID00229,00003cb0,54,「なんとかね～。どんな小さな仕事も、,"Yeah, just barely...",,
ID00229,00003cf5,42,　上京しなきゃならないから、,"I have to move to the city though,",,
ID00229,00003d2e,39,　学校を休みがちで大変よ」,so I end up missing a lot of school.,,
ID00229,0000417e,39,「都会の学校に転校した方が,Maybe a city school.,,
ID00229,000041b4,54,　仕事的にはよかったんじゃないか？」,for work reasons?,,
ID00229,0000437d,33,「イヤよ、１人なんて」,"Don't wanna, I hate being alone",,
ID00229,0000466c,57,「ぶろ君のお世話になれないじゃなぁい」,You won't be able to take care of me then,,
ID00229,0000485b,15,「はは…」,Heh...,,
ID00229,000048ab,45,「１日の計画表って出したか？」,Did you make a schedule for the day?,,
ID00229,00004a6b,63,「もちろん。すっごく勉強する優等生のをね」,Like an overachiever.,,
ID00229,00004daf,42,「あんなのウソでもなんでも、,No matter how fake that is,,
ID00229,00004de8,33,　出しとけばいいのよ」,Just put it out there,,
ID00229,00004f72,30,「身も蓋もないなぁ」,That's brutally honest.,,
ID00229,00004fd1,33,「光海学園の良さって、,What's good about it?,,
ID00229,00005001,36,　どんなとこだと思う？」,Where do you think it's great?,,
ID00229,000051b8,12,「ん～」,Hmm~,,
ID00229,00005357,60,「ぶろ君や、まぁちゃんがいるってとこね」,"It's places like bro-kun and Maa-chan, right?",,
ID00229,000054fc,36,「それ、学校の良さか？」,Is that what makes a school good?,,
ID00229,000056b3,33,「２人がいなかったら、,"If those two weren't there,",,
ID00229,000056e3,63,　魅力なんてないも同然よ。どんな学校もね」,No charm at all.,,
ID00229,00005a10,51,「宿舎での暮らしはもう慣れたか？」,You're used to living in the dorms now?,,
ID00229,00005bd6,48,「ぶろ君の部屋に行きづらいのが、,"It's a bit hard to go to your room, bro.",,
ID00229,00005c15,24,　ちょっとねぇ」,Kind of tough.,,
ID00229,00005d96,39,「俺の部屋に忍び込むな！」,Don't sneak into my room!,,
ID00229,00005f50,45,「またまたぁ、うれしいくせに」,"Oh, come on, don't get so happy.",,
ID00229,00006133,27,「うれしくない！」,I'm not happy!,,
ID00229,0000618f,51,「宿舎での暮らしはもう慣れたか？」,You're used to living in the dorms now?,,
ID00229,00006355,60,「まぁね。１人暮らしみたいでいいものよ」,"Well, it's like living alone and that's okay.",,
ID00229,000067d1,57,「ぶろ君の部屋に押しかけられないのが、,"I can't just barge into your room anymore,",,
ID00229,00006819,21,　残念だけど」,which is kinda sad.,,
ID00229,000069ce,42,「大人しくしてろ、大人しく」,"Behave, behave.",,
ID00229,00006a39,57,「学校で気に入ってる場所ってあるか？」,Are there any places at school you like?,,
ID00229,00006c05,21,「特にな～い」,Not really~,,
ID00229,00006c48,24,「そうなのか？」,Is that so?,,
ID00229,00006df3,51,「部活に打ち込んだわけでもないし、,"I'm not that into club activities either,",,
ID00229,00006e35,63,　そんな思い入れのある場所なんてないわよ」,There's nowhere I have such strong feelings for.,,
ID00229,000072cc,51,「…強いて挙げれば、初等部の教室が,...the elementary classroom.,,
ID00229,0000730e,33,　懐かしくて好きかな。,It feels nostalgic and nice.,,
ID00229,0000733e,36,　机が小さくてかわいい」,The desks are small and cute.,,
ID00229,00007809,60,「学校にプライベートビーチがあるなんて、,"Having a private beach at school,",,
ID00229,00007854,42,　世界でもうちぐらいだよな」,One of the coolest.,,
ID00229,00007a11,60,「そうね。そこが魅力で入学してくる生徒も,That's why students enroll here.,,
ID00229,00007a5c,18,　多いしね」,It sure does.,,
ID00229,00007d73,48,「体育でビーチスポーツが出来て、,"We can play beach sports during PE,",,
ID00229,00007db2,30,　いいんじゃない？」,Isn't that nice?,,
ID00229,00007f4c,57,「うちの学校の制服って気に入ってる？」,Do you like our school uniform?,,
ID00229,00008118,60,「ありきたりじゃなくていいんじゃない？」,"I think it's pretty cool, not your usual stuff.",,
ID00229,00008422,63,「襟の形を見れば、すぐ光海学園ってわかるし,It's obvious it's Mitsumi.,,
ID00229,00008470,42,　特徴があるのはいいことよ」,Having distinctive features is good too.,,
ID00229,00008788,51,「宿舎暮らしだと、学校が近いから、,"Living in the dorms means school's close,",,
ID00229,000087ca,36,　遅刻しなくていいよな」,"so you won't be late, right?",,
ID00229,00008981,60,「フフッ、そうね。朝の時間に余裕があって,"Hehe, that's true. You have more time in the morning",,
ID00229,000089cc,21,　いいわよね」,which is nice.,,
ID00229,00008e0a,39,「昼休みってなにしてる？」,What do during lunch?,,
ID00229,00008ff9,27,「お昼を食べたら、,"After eating lunch,",,
ID00229,00009023,48,　学校の周りをブラブラ散歩かな」,I guess I just walk around the school.,,
ID00229,0000945c,51,「仕事のメールとか電話が入るから、,"Since work emails and calls come in,",,
ID00229,0000949e,33,　１人になりたいのよ」,I want to be alone.,,
ID00229,00009672,54,「屋上からの眺めって、きれいだよな」,"The view from the rooftop is nice, right?",,
ID00229,0000983b,39,「フフッ、海が近いからね」,"Hehe, because it's close to the sea.",,
ID00229,00009b30,27,「けど…夕焼けは、,But... sometimes...,,
ID00229,00009b5a,51,　ちょっともの悲しい時があるかな」,feels a bit melancholic.,,
ID00229,00009e44,30,「うちの学校って…」,Our school is...,,
ID00229,0000a001,45,「そうね、いい学校だと思うよ」,"Yeah, I think it's a good school.",,
ID00229,0000a346,51,「ウフフッ、黒板消し落としなんて、,"Heheh, tricked by chalk erasers...",,
ID00229,0000a388,63,　古典的なイタズラに引っかかるなんてねぇ」,I can't believe you fell for such a classic prank!,,
ID00229,0000a6a2,39,「俺を心配させるからだ！」,You're making me worried!,,
ID00229,0000a85c,63,「フフッ、血相変えて飛び込んできたものね」,"Hehe, you came rushing in with your face all red.",,
ID00229,0000ab69,57,「ぶろ君のいいところね、そういうとこ」,"That's one of your good points, isn't it?",,
ID00229,0000ad1e,63,「学園の公式サイトってチェックしてるか？」,Do you check the school's official website?,,
ID00229,0000af13,39,「ぜ～んぜん。興味ないし」,Not at all. I'm not interested.,,
ID00229,0000b0da,63,「大事なことを見逃してたらどうするんだ？」,What if you miss something important?,,
ID00229,0000b2c2,57,「そんなのぶろ君が教えてくれるでしょ？,Isn't that what Bro-kun would say?,,
ID00229,0000b30a,21,　よろしくね」,Nice to meet you.,,
ID00229,0000b60d,63,「心美先生って、みんなから人気あるよなぁ」,"Sensei is really popular with everyone, right?",,
ID00229,0000b7df,60,「先生っぽくないところがいいんじゃない？,Maybe it's because she doesn't seem like a teacher?,,
ID00229,0000b82a,48,　すっごくかわいらしい人だもの」,She's super cute.,,
ID00229,0000bb5f,39,「あれで、勉強しなさいって,If only she'd say 'Study harder',,
ID00229,0000bb95,30,　言わなければなぁ」,right?,,
ID00229,0000bd1c,33,「いや、先生だから…」,"No, because she's the teacher.",,
ID00229,0000bd7e,63,「宿舎に置いてある新聞って、読んでるか？」,Do you read the newspapers left in the dorms?,,
ID00229,0000bf50,51,「芸能欄だけね。全国紙が取り上げる,Only in the entertainment section.,,
ID00229,0000bf92,63,　トピックスって、どんなのか気になるのよ」,I'm curious what kind of topics they feature.,,
ID00229,0000c424,51,「うちの学校って部活が盛んよねぇ。,"Our school has a lot of clubs, huh?",,
ID00229,0000c466,54,　ぶろ君でさえ入るくらいなんだから」,Even Bro-kun joined one.,,
ID00229,0000c777,36,「俺は成り行きだけどな」,It just happened for me.,,
ID00229,0000c92e,57,「みんなでワイワイガヤガヤ楽しそうね」,Everyone looks like they're having fun chatting.,,
ID00229,0000cad0,51,「…ユイ姉も入ってみたかったか？」,"...Did you want to join too, Yui-nee?",,
ID00229,0000ccee,36,「ううん、そうでもない。,"Nah, not really.",,
ID00229,0000cd21,54,　みんなに合わせるのって苦手だから」,I'm not good at going with the flow.,,
ID00229,0000d307,36,「けど、楽しそうにしてる,But everyone looks happy.,,
ID00229,0000d33a,57,　ぶろ君を見るのは好き。がんばってね」,"I like looking at you, bro. Good luck.",,
ID00229,0000d661,54,「うちの学校の気に入らないとこって、,What don't you like about our school?,,
ID00229,0000d6a6,18,　あるか？」,Is there anything?,,
ID00229,0000d8a3,57,「…ううん、ないよ。いい学校だと思う」,"...Nope, nothing. It's great.",,
ID00229,0000dd1c,57,「慣れればミツミキャンプも楽しいしね」,"Once you get used to it, Mitsumi Camp's fun too.",,
ID00229,0000ded1,45,「宿舎の部屋って、海が見えて、,"The dorm rooms have a view of the sea,",,
ID00229,0000df0d,48,　高級マンションみたいだよなぁ」,it feels like a fancy apartment building.,,
ID00229,0000e0dc,57,「そうそう、学校の宿舎にしておくのは、,"Yeah, yeah. School dorms would be a waste.",,
ID00229,0000e124,33,　もったいないわよね」,If we rented them out...,,
ID00229,0000e585,54,「リゾートホテルとして貸し出したら、,they'd be booked solid.,,
ID00229,0000e5ca,21,　予約殺到よ」,School's packed.,,
ID00229,0000e77f,18,「はははは」,Hahaha,,
ID00229,0000e7d2,60,「学校で涼むなら、やっぱり図書室だよな」,it's gotta be the library.,,
ID00229,0000e9a1,48,「いやよ、あんな居心地悪いとこ」,"No way, it's so uncomfortable there.",,
ID00229,0000ec9f,39,「勉強禁止の図書室があれば,If there was a study-free library,,
ID00229,0000ecd5,30,　いいんだけどねぇ」,that'd be great though.,,
ID00229,0000ee5c,36,「いやいや、学校だから」,"Nah, it's school after all.",,
ID00229,0000eec1,54,「校則だと、学園内の携帯電話の使用を,"The school rules ban cell phone use,",,
ID00229,0000ef06,42,　禁じてるって知ってるか？」,Did you know about it?,,
ID00229,0000f0c3,60,「そんなの初等部の頃から守ってないわよ」,I've been fighting that since elementary school.,,
ID00229,0000f12d,54,「携帯なしじゃ仕事にならないもんな」,You can't work without your phone anyway.,,
ID00229,0000f312,24,「そういうこと」,That's it.,,
ID00229,0000f36b,60,「どんな学校にも怪談話がつきものだよな」,"Every school has its ghost stories, right?",,
ID00229,0000f53a,33,「全く信じないけどね」,I don't believe it.,,
ID00229,0000f829,39,「霊だの、妖怪だのなんて、,"You know, ghosts and yokai,",,
ID00229,0000f85f,42,　何かの見間違いか、迷信よ」,Misidentifications or superstition.,,
ID00229,0000fb40,36,「うちの学校の周りって、,Nature surrounds our school.,,
ID00229,0000fb73,36,　自然が多くていいよな」,It's nice with nature.,,
ID00229,0000fcf3,54,「そうね～、リラックスできるわよね」,"Yeah, it is relaxing.",,
ID00229,0001002e,54,「都会の学校じゃ、味わえない贅沢よ」,Something you can't experience in the city.,,
ID00229,000101e0,33,「この間、昼休みに…」,The other day at lunch...,,
ID00229,00010394,57,「フフッ、いいわね。楽しそうじゃない」,"Hehe, that sounds nice. It looks like fun.",,
ID00229,00010820,45,「夏の砂浜を３人で歩くなんて…,Walking on the beach with three people...,,
ID00229,0001085c,39,　もうあんまりないかもね」,It might not happen again soon.,,
ID00229,000109ec,54,「日本に帰ってきたら、また歩けるよ」,You'll be able to walk then.,,
ID00229,00010b7e,51,「うん、そうね。その時が…楽しみ」,"Yeah, I'm looking forward to it.",,
ID00229,00010fda,57,「職員室へ入る時って、緊張しないか？」,Don't you feel nervous going into the faculty room?,,
ID00229,000111b2,63,「するする。いい話で呼び出されないものね」,Of course. They never call us in for good news.,,
ID00229,00011631,51,「はぁ～あ…優等生がうらやましい」,Phew... I'm so jealous of the honor students,,
ID00229,00011908,24,「ホントだよ…」,You're right...,,
ID00229,00011961,42,「ミツミキャンプが終わって、,"Now that Mitsumi Camp is over,",,
ID00229,0001199a,51,　一番にやりたいことってなんだ？」,What's the first thing you wanna do?,,
ID00229,00011b60,36,「ソファに寝っ転がって、,Lay on the couch and,,
ID00229,00011b93,36,　おせんべい食べた～い」,eat some crackers...,,
ID00229,00011d57,60,「そんなの宿舎のベッドでも出来るだろ？」,You can do that in the dorm beds too.,,
ID00229,00011f26,33,「家のソファがいいの。,My couch at home.,,
ID00229,00011f56,42,　音に誘われて、まぁちゃんが,Maa-chan comes over lured by the sound.,,
ID00229,00011f8f,33,　やってくるんだから」,So I said.,,
ID00229,0001252b,27,「一緒にのんびり、,Let's chill together.,,
ID00229,00012555,51,　もたれ合って食べるのがいいのよ」,lean on each other while we eat.,,
ID00229,000129a4,57,「卒業まであと半年…。これまで以上に、,Only six months left...,,
ID00229,000129ec,48,　ぶろ君に甘えておかなくっちゃ」,"I have to be a bit of a brat with you, Blur-kun.",,
ID00229,00012cf7,51,「はは…これまで以上って…無理…」,Haha... More than ever... That's impossible...,,
ID00229,00012d6b,54,「光海学園で、一番学んだことって？」,What did I learn the most at Mitsumi Academy?,,
ID00229,00012f34,42,「自主性…かな。自分で考えて,Maybe independence?,,
ID00229,00012f6d,54,　行動しなさいって、校風じゃない？」,"Yeah, everything's free here.",,
ID00229,000133f0,42,「ああ、何事も自由だからな」,"Right, you can do whatever you want.",,
ID00229,000135ad,36,「私に合ってたと思うよ」,I think it suited me.,,
ID00229,00013612,60,「いつか将来…自分に子供が出来たとして、,When I have kids someday...,,
ID00229,0001365d,39,　光海学園に通わせたい？」,I want to send them to Mitsumi Academy?,,
ID00229,00013817,36,「もちろんよ。子供にも、,"Of course, my kids,",,
ID00229,0001384a,63,　ミツミキャンプの厳しさを味わわせなきゃ」,Taste camp's harshness.,,
ID00229,00013b64,21,「そこかよ！」,That's it!,,
ID00229,00013bba,48,「新学期が始まると、衣替えだな」,Time to change clothes.,,
ID00229,00013d7d,60,「そうね～、冬服に袖を通すのも最後だし、,Last time for winter uniform...,,
ID00229,00013dc8,51,　じっくり堪能しておかなくっちゃ」,I have to enjoy it while I can.,,
ID00229,0001423b,51,「もうすぐＪＫじゃなくなるなんて、,"It's sad that I won't be a junior anymore soon,",,
ID00229,0001427d,33,　寂しいよぉ、ぶろ君」,It'll be lonely.,,
ID00229,00014579,60,「じゃあ、来年もミツミキャンプやるか？」,"So, will there still be Mitsumi Camp next year?",,
ID00229,0001477d,33,「さ～て、卒業、卒業。,"Graduation, graduation.",,
ID00229,000147ad,36,　寂しくなんかないぞ～」,I'm not gonna be lonely~,,
ID00229,00014b3b,60,「屋上に吹く風が、涼しくなってきたよな」,"The wind on the rooftop's gotten cooler, huh?",,
ID00229,00014d0a,42,「もう、夏が終わるからね…」,"Well, summer's over now...",,
ID00229,00015002,33,「楽しい夏だったわね」,"It was a fun summer, huh?",,
ID00229,00015051,27,「ああ、そうだな」,Sure thing.,,
ID00229,000150ad,57,「もうすぐミツミキャンプも終わるけど、,"Soon, Mitsumi Camp will be over too, but",,
ID00229,000150f5,42,　宿舎暮らしも楽しかったな」,living in the dorms was fun.,,
ID00229,000152b2,60,「そうね～、たまには集団生活もいいわね」,Yeah~ sometimes group living is nice.,,
ID00229,000156f7,54,「ぶろ君のおかげで、いっぱい思い出が,"Thanks to you, Bro-kun, I have lots of memories",,
ID00229,0001573c,24,　出来ちゃった」,Turns out that way.,,
ID00229,00015a35,39,「出会いと別れを繰り返す…,Meeting and parting over and over...,,
ID00229,00015a6b,42,　学校ってそういうものよね」,"School is like that, right?",,
ID00229,00015d39,21,「そうだな…」,Yeah...,,
ID00229,00015ee1,51,「いつまでも同じ所にいられない…。,Can't stay in the same place forever...,,
ID00229,00015f23,51,　巣立たなきゃいけないってことね」,It's time to leave the nest.,,
ID00229,00016244,36,「光海学園の良さって…」,What's good about Mitsumi Academy...,,
ID00229,000163fb,51,「そうね…いい思い出がいっぱいよ」,Yeah... I have lots of good memories.,,
ID00230,00002812,55,「『End of Summer』か…。いい企画だな…」,"'End of Summer', huh... That's a good idea...",,
ID00230,000029dc,57,「当たり前よ。私の集大成にするつもりで,Of course. I'll make it my masterpiece.,,
ID00230,00002a24,27,　受けたんだから」,I accepted it after all.,,
ID00230,00002e9b,45,「絶対にいい写真集にするわよ」,I'll definitely make a great photo album.,,
ID00230,0000306e,45,「楽しかったわね、２人で行った,"That was fun, the two of us going to",,
ID00230,000030aa,24,　ブックカフェ」,the book cafe.,,
ID00230,0000322b,57,「俺は読みたい本が読めなかったけどな」,I couldn't read the books I wanted to though.,,
ID00230,000033f7,45,「心の狭いこと言っちゃってぇ。,You're such a tightwad.,,
ID00230,00003433,45,　そんなことじゃモテないわよ」,That won't get you any dates.,,
ID00230,000038b3,42,「ったく、気をつけなさいよ。,"Honestly, be more careful.",,
ID00230,000038ec,48,　ブックカフェで、小さな女の子の,"At the book cafe, there's a little girl.",,
ID00230,0000392b,51,　水着グラビアを立ち読みなんて…」,Flipping through swimsuit pictorials...,,
ID00230,00004021,51,「わ、わかってるって。小さいころの,"I know that already. When I was little,",,
ID00230,00004063,48,　ユイ姉を思い出しただけだって」,It's just because I remembered my sister Yui.,,
ID00230,000040d4,54,「普段、どんな音楽聴いてんだっけ？」,What kind of music do you usually listen to?,,
ID00230,0000429d,42,「話題になってる曲を一通り」,I'll play the popular songs.,,
ID00230,00004595,48,「ヒットするには理由があるから、,"There's a reason they're hits, so",,
ID00230,000045d4,33,　聴いておかなきゃね」,I should listen to them.,,
ID00230,000048e3,54,「ＣＤって何枚ぐらい持ってたっけ？」,How many CDs do I have anyway?,,
ID00230,00004aac,57,「事務所からサンプル版をもらえることが,"Sometimes the agency gives me samples,",,
ID00230,00004af4,45,　あるから、いっぱいあるわよ。,so I've got lots of them.,,
ID00230,00004b30,36,　１００枚ぐらいかな？」,Maybe about 100?,,
ID00230,00004e2f,51,「部屋のどこに置いてあるんだよ？」,Where are they kept in my room?,,
ID00230,00004ff5,45,「押し入れの奥にしまってある。,They're stored at the back of the closet.,,
ID00230,00005031,39,　パソコンに読み込んだら、,"Once I load them onto the PC,",,
ID00230,00005067,30,　もう使わないしね」,I won't use them anymore.,,
ID00230,00005373,51,「ＣＤデビューする気はないのか？」,You don't want to make a CD debut?,,
ID00230,00005539,45,「そんな話、何度もあったけど、,"We've had that conversation so many times,",,
ID00230,00005575,27,　断ったじゃない」,"I said no, didn't I?",,
ID00230,00005895,51,「柄じゃないわよ、アイドルなんて」,It's not my style to be an idol.,,
ID00230,00005a44,54,「メジャーなアーティストのＣＤって、,CDs by major artists have such great sound quality.,,
ID00230,00005a89,33,　すげー音がいいよな」,The sound is amazing.,,
ID00230,00005c3d,33,「ああ、わかるわかる。,"Oh yeah, I get it.",,
ID00230,00005c6d,36,　楽器の音が生っぽくて、,The sound is natural.,,
ID00230,00005ca0,51,　１音１音がくっきりしてるわよね」,"Every note is crystal clear, isn't it?",,
ID00230,00006403,54,「録音にお金をかけてるからじゃない？,Isn't that because they spent a lot on recording?,,
ID00230,00006448,36,　服も音楽も、いいものは,Good clothes and music show.,,
ID00230,0000647b,39,　仕上がりに差が出るのよ」,It shows in the finish.,,
ID00230,000068cb,51,「本格的なオーディオを買おうとか、,Shouldn't you get some audio gear?,,
ID00230,0000690d,27,　思わないのか？」,Or something?,,
ID00230,00006abb,36,「ん～、私の部屋に合う、,"Hmm, something to fit my room.",,
ID00230,00006aee,54,　アーティスティックなデザインなら、,I might consider buying it.,,
ID00230,00006b33,30,　買ってもいいかな」,Maybe I could...,,
ID00230,0000705e,36,「けど、そういうのって、,But stuff like that...,,
ID00230,00007091,54,　メチャクチャ高いのよ。何百万とか」,"It's super expensive, like millions.",,
ID00230,00007514,30,「ゲッ、なんだそれ」,"Whoa, what's that?",,
ID00230,000076fa,48,「ま、いつか買ってもいいけどね。,"Well, maybe I could buy it someday.",,
ID00230,00007739,39,　モデルでもっと稼いだら」,If I earn more as a model.,,
ID00230,00007b89,51,「楽器が弾けるようになるとしたら、,"If I could play an instrument,",,
ID00230,00007bcb,33,　どんな楽器がいい？」,which one would you like?,,
ID00230,00007d7f,27,「別に興味な～い」,I don't really care~,,
ID00230,00008068,27,「楽器は弾くより、,I prefer listening.,,
ID00230,00008092,42,　聴かせてくれる方が好きよ」,Calm music is essential.,,
ID00230,00008373,21,「音楽って…」,Music is...,,
ID00230,0000851b,33,「そうね、リラックスに,"That's right,",,
ID00230,0000854b,42,　いい音楽は欠かせないわね」,It's important.,,
ID00230,00008991,33,「『Summer Memories』か…」,"'Summer Memories', huh...",,
ID00230,00008b45,63,「私が協力するんだから、いい作品にしないと,"I'm helping out, so you have to make a good work or",,
ID00230,00008b93,27,　承知しないわよ」,I won't accept it.,,
ID00230,00008edc,57,「わ、わかってるって。俺なりに、精一杯,W-We get it. I'll do my best,,
ID00230,00008f24,45,　ユイ姉の９年分の夏を録るよ」,to record nine years of summer for Yuichan.,,
ID00230,00008fdb,30,「うん…それでいい」,"...Yeah, that's fine.",,
ID00230,00009327,51,「フフッ、私の代わりに読書感想文、,"Hehe, reading reports in place of me,",,
ID00230,00009369,21,　よろしくね」,Nice to meet you.,,
ID00230,00009659,36,「はぁ…わかってるって」,Haa... We know.,,
ID00230,000096be,45,「ユイ姉って、本読まないよな」,"You don't read books, do you, Yuu-neesan?",,
ID00230,0000987e,48,「しっつれいねぇ、読んでるわよ。,"Sorry, I do read them.",,
ID00230,000098bd,33,　雑誌とか、漫画とか」,Magazines and manga too.,,
ID00230,00009d1e,45,「本は気楽に読めるのが一番よ」,Books are best when they're easy to read.,,
ID00230,00009ec7,45,「電子書籍って利用してるか？」,Do you use e-books?,,
ID00230,0000a087,57,「あんまり。スマホだと画面が小さいし、,"Not really. The screen's small on a phone,",,
ID00230,0000a0cf,48,　タブレットだと重たいんだもん」,and tablets are heavy.,,
ID00230,0000a576,42,「今んとこ、紙の本の勝ちね」,"Right now, paper books win.",,
ID00230,0000a71c,54,「写真集もデジタル化されてるよなぁ」,"Photobooks are going digital, too, right?",,
ID00230,0000a8e5,45,「私はあんまり好きじゃな～い」,I'm not really into that.,,
ID00230,0000a940,21,「どうして？」,Why?,,
ID00230,0000aae8,60,「写真って、スマホやタブレットによって、,Photos vary by device.,,
ID00230,0000ab33,54,　色や画質が変わっちゃうじゃない？」,right? The colors and quality change.,,
ID00230,0000afa9,48,「すっごくきれいなのがあったり、,"Some are super clear,",,
ID00230,0000afe8,39,　ボヤけたのがあったり…」,while others are blurry...,,
ID00230,0000b314,39,「意図した形で見てもらえる,I like physical photobooks,,
ID00230,0000b34a,30,　紙の写真集が好き」,I love paper photo books.,,
ID00230,0000b4e4,51,「ネット通販と電子書籍に押されて、,"With online shopping and e-books pushing them out,",,
ID00230,0000b526,24,　街の本屋さんが,Bookstores in town are,,
ID00230,0000b54d,45,　どんどん潰れてるみたいだぞ」,going under one after another.,,
ID00230,0000b70d,54,「そうなのよねぇ…、みんな便利な方に,"That's true... everyone's going for convenience,",,
ID00230,0000b752,42,　流されて行っちゃうから…」,...we're all just getting swept away.,,
ID00230,0000ba81,63,「お店独自のポップとか、私は好きだけどね」,I like the unique displays in stores...,,
ID00230,0000bc3c,57,「ヘッドホンって、どんなの使ってる？」,What kind of headphones do you use?,,
ID00230,0000be08,57,「お店でかわいいって思ったのを適当に」,Just pick something cute from the store.,,
ID00230,0000c10f,45,「耳に付けるアクセサリーだし、,"It's an accessory for your ears, so",,
ID00230,0000c14b,36,　音より、見た目重視よ」,looks are more important than sound.,,
ID00230,0000c33e,42,「いつも読んでる雑誌って？」,What magazine do you usually read?,,
ID00230,0000c4fb,45,「もちろん、ファッション誌よ。,"Naturally, fashion magazines.",,
ID00230,0000c537,57,　行きつけの美容室にいっぱいあるから、,"There are plenty at my regular salon,",,
ID00230,0000c57f,30,　一気に読んじゃう」,So I just breeze through them.,,
ID00230,0000c9c6,33,「たまに読む本って…」,What occasional reads?,,
ID00230,0000cbaf,51,「はいはい、読書家でもないクセに、,"Yeah yeah, even though you're not a reader,",,
ID00230,0000cbf1,45,　もっともらしいこと言わない」,don't say such bullshit,,
ID00230,0000cf43,39,「まさか、漫画の一気買いに,I never thought you'd do that.,,
ID00230,0000cf79,39,　つき合わされるとはなぁ」,and get dragged along with it,,
ID00230,0000d133,57,「フフッ、読みたい時が面白い時ってね」,"Hehe, when reading's fun is when I want to read",,
ID00230,0000d5e8,60,「ユイ姉って、意外とカラオケ好きだよな」,Yui-nee sure likes karaoke a lot,,
ID00230,0000d7b7,63,「大声で歌うと、ストレス解消になるからね」,Screaming your lungs out helps relieve stress,,
ID00230,0000dac4,36,「カロリーも消費するし、,It burns calories too,,
ID00230,0000daf7,33,　願ったり叶ったりよ」,It couldn't be better.,,
ID00230,0000dc94,60,「ものすごく画像修正してるグラビアって、,"super heavily photoshopped gravure pics,",,
ID00230,0000dcdf,18,　あるよな」,Yeah.,,
ID00230,0000de90,48,「あるある、本人より痩せてたり、,They're thinner than the real ones.,,
ID00230,0000decf,39,　肌がきれいになってたり」,or have clearer skin.,,
ID00230,0000e40e,39,「私はやったことないわよ」,I've never done that myself.,,
ID00230,0000e463,27,「わかってるって」,I know that.,,
ID00230,0000e4bf,30,「ブックカフェって、,"A book cafe,",,
ID00230,0000e4ec,54,　ユイ姉の写真集コーナーがあるよな」,"There's a corner for Yui-nee's photobooks, right?",,
ID00230,0000e6b5,57,「地元だからね、応援してくれてるのよ」,"It's local, so they support her.",,
ID00230,0000e9bc,39,「もっといい写真集出して、,Let's put out a better photobook and,,
ID00230,0000e9f2,39,　売り上げに貢献しなきゃ」,contribute to the sales.,,
ID00230,0000eb95,54,「海外へ行くと、なかなか日本語の本を,Hard to find Japanese books.,,
ID00230,0000ebda,39,　売ってないんじゃない？」,right?,,
ID00230,0000ed94,42,「ネットで見るからいいわよ」,It's fine if I can see them online.,,
ID00230,0000edec,60,「英語が得意でもないユイ姉が海外なんて、,Yui-nee's bad at English.,,
ID00230,0000ee37,18,　心配だよ」,you know?,,
ID00230,0000efdc,60,「な～に、行ってみればなんとかなるって。,She'll manage somehow.,,
ID00230,0000f027,27,　大丈夫、大丈夫」,"It's okay, it's okay.",,
ID00230,0000f46b,48,「漫画喫茶って行ったことある？」,Do you have any experience with manga cafes?,,
ID00230,0000f5f7,54,「ないわよ。会員登録がいるんでしょ？,"Nope. You need to register as a member, right?",,
ID00230,0000f63c,45,　個人情報取られたくないもの」,I don't want my personal info taken...,,
ID00230,0000f944,42,「そっか…有名人は大変だな。,Oh... celebrities have it rough.,,
ID00230,0000f97d,51,　マッサージチェアなんかもあって、,"There are massage chairs and stuff too,",,
ID00230,0000f9bf,27,　快適なんだけど」,and they're really comfy.,,
ID00230,0000fb6d,63,「うぐぐ…う、うらやましくなんかないわよ」,Nngh... I'm not jealous at all!,,
ID00230,0001024b,48,「ＣＤって売れなくなったよなぁ」,"CDs don't sell as much anymore, huh?",,
ID00230,0001040e,60,「ネットの定額サービスの方がいいからね。,Streaming's better these days.,,
ID00230,00010459,39,　月々１０００円ぐらいで、,It's just a thousand yen monthly.,,
ID00230,0001048f,48,　数百万曲が聞き放題なんだから」,you can listen to millions of songs.,,
ID00230,0001079a,27,「入ってんの！？」,You're in it!?,,
ID00230,00010954,12,「ええ」,Yeah.,,
ID00230,0001098e,30,「くっ、金持ちめ…」,"Gah, you rich bastard...",,
ID00230,00010b3f,60,「あんたも早く、稼げるようになんなさい」,Hurry up and get a job too.,,
ID00230,00010d0d,57,「音楽って、動画にも欠かせないけど…」,Music is indispensable for videos...,,
ID00230,00010ed9,48,「フフッ、いろいろ考えてるのね。,"Heh heh, you've got a lot on your mind.",,
ID00230,00010f18,24,　やるじゃない」,Good job!,,
ID00231,00002ece,37,「『End of Summer』の撮影を、,Can't I even record 'End of Summer'?,,
ID00231,00002f02,48,　横から録っちゃダメなのかよ？」,Can't I even film it from the side?,,
ID00231,000030c5,57,「当たり前でしょ？　気が散るじゃない」,Of course not! It'll distract everyone.,,
ID00231,00003403,57,「プロの撮影現場に割り込まないでよね」,"Don't butt in on a professional set, okay?",,
ID00231,0000346a,24,「う…ごめん…」,Ugh... sorry...,,
ID00231,00003628,60,「ぶろ君の部のお友達って、ユニークね～。,Your friends in the pool club are pretty unique~,,
ID00231,00003673,45,　私のことすっごく知ってたし」,They knew a lot about me.,,
ID00231,0000397b,54,「まぁ、動画に対する熱意はスゲェって,"Well, their passion for videos is intense.",,
ID00231,000039c0,15,　思うよ」,right?,,
ID00231,00003b62,63,「ぶろ君も負けないようにがんばらなきゃね」,You gotta work hard not to lose to Bro-kun too.,,
ID00231,00003d41,48,「はは…目指す方向性が違うって」,"Haha... Our goals are different, huh?",,
ID00231,00003f17,39,「美宇って、印象的よね～。,Miu sure is impressive~,,
ID00231,00003f4d,51,　絶対、写真写りがいいと思うのよ」,I'm sure you'd look great in photos.,,
ID00231,0000425b,63,「演劇部だし、見せ方はわかってるだろうな」,Since you're in drama club...,,
ID00231,0000442d,57,「いつかきっと、世に出る子だと思うよ」,"One day, for sure, you'll make it big.",,
ID00231,000045e2,45,「最近、どんなテレビ見てる？」,What TV shows have you been watching lately?,,
ID00231,000047a2,33,「バラエティを適当に。,Just random variety shows.,,
ID00231,000047d2,63,　けど、あんまり面白い番組がないのよねぇ」,but there's not much that's interesting.,,
ID00231,00004eda,57,「Ｃムービー部はどう？　もう慣れた？」,How's the C-Movie Club going?,,
ID00231,000050b3,57,「まぁね。自由に録らせてもらってるし」,"Well, yeah. They let me record freely.",,
ID00231,00005248,63,「せっかく入ったんだし、がんばりなさいよ」,"You joined, so do your best, okay?",,
ID00231,0000559f,51,「Ｅ動画部はどう？　もう慣れた？」,How's the E-Video Club going?,,
ID00231,00005772,63,「まぁね。自由に録ってるだけって感じだし」,"Well, yeah. It's just like recording freely.",,
ID00231,00005944,30,「恥ずかしい動画は、,If they're embarrassing...,,
ID00231,00005971,42,　ほどほどにしときなさいよ」,Don't go overboard.,,
ID00231,00005b04,33,「わ、わかってるって」,I-I know,,
ID00231,00005b66,57,「ネットの動画って、どんなの見てる？」,What kind of videos do you watch online?,,
ID00231,00005d32,63,「知り合いが公開したプライベートな動画とか,Videos posted by acquaintances or,,
ID00231,00005d80,51,　ファッションブランドの公式とか」,official fashion brand stuff.,,
ID00231,000061f3,42,「情報は収集しとかないとね」,"You gotta gather info, right?",,
ID00231,000064fe,48,「ぶろ君は、どんなネットの動画を,What kind of online videos does,,
ID00231,0000653d,21,　見てるの？」,Buro-kun watch?,,
ID00231,00006580,51,「“○○してみた”から、映画まで、,"From 'I tried doing this' stuff to movies,",,
ID00231,000065c2,36,　最近は幅広く見てるよ」,I've been watching a lot lately.,,
ID00231,00006779,54,「ふ～ん、勉強熱心なのはいいことね」,"Hmm, it's good to be so studious.",,
ID00231,00006962,45,「デジカメって持ってたっけ？」,Did you have a digital camera?,,
ID00231,00006b3e,30,「小さいのを１つね。,Just one small one.,,
ID00231,00006b6b,42,　けど、ほとんど使ってない。,But I hardly ever use it.,,
ID00231,00006ba4,57,　ちょっと撮るならスマホで十分だから」,My phone is enough for quick snaps.,,
ID00231,000072ca,54,「海外ロケとか、特別な時じゃないと、,"Unless it's something special like overseas shoots,",,
ID00231,0000730f,42,　わざわざ持ち歩かないわよ」,I don't carry it around on purpose.,,
ID00231,000075f0,51,「動画って、始めたばかりだけど…」,"I just started making videos, though...",,
ID00231,000077b6,42,「フフッ、がんばりなさいよ。,"Haha, keep it up.",,
ID00231,000077ef,30,　協力したげるから」,I'll help you.,,
ID00231,00007cdc,45,「よりによって、動画のテーマが,The theme of your video is...,,
ID00231,00007d18,34,　『Friends』だなんて…」,"""Friends,"" huh...",,
ID00231,00007fde,42,「約束だぞ、モデルよろしく」,Promise me you'll be a good model.,,
ID00231,000081ab,33,「わ、わかってるわよ」,I-I know that.,,
ID00231,0000837f,57,「マリアさんと２人、いいブルマシーンが,Mariana and I will have fun with this.,,
ID00231,000083c7,18,　録れたよ」,Got it recorded.,,
ID00231,0000856c,63,「はぁ…最初のシーンからサービス満点ねぇ」,You've been giving us so much service.,,
ID00231,00008886,48,「つまんない動画よりいいだろ？」,"Better than boring videos, right?",,
ID00231,00008a49,33,「それはそうだけど…」,That's true... but...,,
ID00231,00008d21,49,「『End of Summer』の撮影、お疲れ様」,Thanks for filming 'End of Summer'.,,
ID00231,00008ee5,57,「ホ～ント、やっと終わった～って感じ」,Finally done~ I'm so relieved.,,
ID00231,0000935e,54,「プール行って、羽伸ばさなくっちゃ」,I gotta go to the pool and stretch my legs.,,
ID00231,000093d5,39,「眼鏡で優等生を演出…か。,Acting like an honor student... huh?,,
ID00231,0000940b,57,　アクセサリーって、撮影で大事だよな」,Accessories are important for photoshoots.,,
ID00231,000095d7,48,「そうよ、わかってきたじゃない」,"Yeah, I get it now.",,
ID00231,000098d5,48,「アクセサリーや髪型を変えると、,Changes accessories or hairstyles.,,
ID00231,00009914,42,　被写体の雰囲気が変わって、,Changing the mood of the subject.,,
ID00231,0000994d,48,　動画も写真も説得力が増すのよ」,It makes both videos and photos more convincing.,,
ID00231,00009f0b,48,「一緒にプリントシールだなんて、,Taking a print photo together...,,
ID00231,00009f4a,33,　久しぶりだったわね」,"It's been a while, hasn't it?",,
ID00231,0000a270,48,「現役ＪＫモデルと撮れるなんて、,"To take photos with an active JK model,",,
ID00231,0000a2af,39,　ラッキーと思いなさいよ」,Consider yourself lucky.,,
ID00231,0000a476,18,「はいはい」,Sure sure.,,
ID00231,0000a62e,57,「いつか、ピラティスのＤＶＤを出すのも,I might release a Pilates DVD someday,,
ID00231,0000a676,18,　ありねぇ」,Who knows?,,
ID00231,0000a7f1,48,「恥ずかしいポーズはやめとけよ」,Don't do any embarrassing poses,,
ID00231,0000a9b4,63,「女性向けよ！　女性向け！　男は見ない！」,It's for women! For women! No men allowed!,,
ID00231,0000acce,21,「そ、そっか」,R-Really?,,
ID00231,0000ad24,57,「ドラマと映画なら、どっちが好きだ？」,"Which do you prefer, dramas or movies?",,
ID00231,0000aef0,45,「ドラマね。毎週、家に帰るのが,Dramas. I look forward to coming home.,,
ID00231,0000af2c,30,　楽しみになるから」,because it's fun.,,
ID00231,0000b201,45,「どんなドラマが好きなんだ？」,What kind of dramas do you like?,,
ID00231,0000b3c1,57,「ん～、お涙頂戴なラブストーリーより、,"Hmm, suspense over tear-jerking love stories.",,
ID00231,0000b409,60,　先の読めないサスペンスの方が好きかな」,I guess I like mysteries more than sappy romances.,,
ID00231,0000bafb,45,「恋人が殺されて、その犯人が、,When your boyfriend gets killed and...,,
ID00231,0000bb37,48,　友達の誰かわからない…とかね」,Someone you don't know... like a friend.,,
ID00231,0000bf90,36,「アニメって見てるか？」,Do you watch anime?,,
ID00231,0000c16a,36,「ううん、そっち方面は、,Not really.,,
ID00231,0000c19d,33,　まぁちゃんにお任せ」,Maa-chan's got it covered.,,
ID00231,0000c499,33,「ホント、姉妹なのに、,"Seriously, we're sisters",,
ID00231,0000c4c9,45,　趣味も見た目も似てないよな」,Our hobbies and looks differ.,,
ID00231,0000c6be,39,「けど、心は通じてるわよ」,"But our hearts connect, you know?",,
ID00231,0000c861,51,「スマホで愛用してるアプリって？」,What's the app you use on your phone?,,
ID00231,0000ca27,51,「写真アプリね、ブログに使うから」,It's a photo app. I use it for my blog.,,
ID00231,0000cd28,63,「背景をぼかしたり、フィルターをかけたり、,I blur backgrounds and add filters so that,,
ID00231,0000cd76,54,　私が撮っても、きれいに見えるのよ」,even photos I take look nice.,,
ID00231,0000d09a,42,「自撮りって、よくやる方？」,Do you often take selfies?,,
ID00231,0000d27a,51,「ううん、自分をきれいに撮るために,"not really, I'm too self-conscious to try",,
ID00231,0000d2bc,51,　工夫するのは、気恥ずかしくて…」,to take good photos of myself...,,
ID00231,0000d8a1,36,「街角とか、ランチとか、,I mostly take pictures of stuff like,,
ID00231,0000d8d4,33,　撮るのはそんなのよ」,street corners and lunch...,,
ID00231,0000dbe3,51,「ＢＳとかＣＳで、ドラマの一挙放送,BS/CS dramas sometimes.,,
ID00231,0000dc25,48,　やってるけど、見たことある？」,have you seen any?,,
ID00231,0000dde8,30,「せっかくの休みを、,Don't waste your break.,,
ID00231,0000de15,51,　テレビの前で過ごすなんてイヤよ」,sitting in front of the TV all day.,,
ID00231,0000e0ec,54,「夜中にやってるのを見るって手も…」,Watching it late at night's an option...,,
ID00231,0000e2b5,21,「徹夜もイヤ」,All-nighters are bad.,,
ID00231,0000e30b,33,「映像の面白さって…」,The fun of the footage...,,
ID00231,0000e4bf,36,「フフッ、よかったわね、,"Hehe, good for you then,",,
ID00231,0000e4f2,48,　夢中になれるものが見つかって」,...is finding something you can get into.,,
ID00231,0000e93e,54,「『Summer Memories』が、どんな仕上がりに,I'm excited to see how 'Summer Memories' turns out,,
ID00231,0000e983,30,　なるのか、楽しみ」,Can't wait for it.,,
ID00231,0000eb0a,60,「Ｃムービー部展での展示に期待しててよ」,I'm excited for the display.,,
ID00231,0000ece5,42,「ええ、必ず見に行くからね」,"Yeah, I'll definitely check it out",,
ID00231,0000f027,36,「ぶろ君の部の人たちの、,"The guys from the Bro-kun club,",,
ID00231,0000f05a,42,　動画への執念はすごいわね。,their obsession with videos is insane.,,
ID00231,0000f093,54,　上と下、同時に攻めてくるんだから」,They attack you from top and bottom at once.,,
ID00231,0000f3a4,54,「それを軽くかわすユイ姉もすごいよ」,"You're amazing too, Iori!",,
ID00231,0000f56b,57,「ま、その手のあしらいは慣れたものよ」,"Well, I'm used to handling such things.",,
ID00231,0000f8bc,46,「『Friends』で…御前や、マリアと,In 'Friends'... Misaki and Mariana and,,
ID00231,0000f8f9,51,　一緒に録ってもらえてうれしい…」,...I'm happy we got to record together...,,
ID00231,0000fd35,30,「ありがと、ぶろ君」,"Thanks, Bro-kun.",,
ID00231,0000fd81,48,「いや、礼を言うのはこっちだよ。,"No, I'm the one who should thank you.",,
ID00231,0000fdc0,42,　いい動画が録れたんだから」,We got some good footage.,,
ID00231,0000ff46,30,「フフッ、そうよぉ、,"Hehe, that's right,",,
ID00231,0000ff73,63,　きれいどころを３人も揃えて、うまく録れて,Three beauties on tape.,,
ID00231,0000ffc1,51,　なかったら、承知しないんだから」,"If we failed, I wouldn't have.",,
ID00231,0001058f,63,「一緒に見た映画、マジでつまんなかったぞ」,That movie was seriously boring.,,
ID00231,00010761,48,「おごってもらって文句いわない。,I won't complain about being treated to dinner.,,
ID00231,000107a0,27,　どんな映画でも、,"Any movie,",,
ID00231,000107ca,42,　動画の参考になるでしょ？」,"It'll be useful for the video, right?",,
ID00231,00010acf,33,「それは…まぁ、な…」,Well... I guess so...,,
ID00231,00010c96,54,「動画を録る楽しさ、わかってきた？」,You're starting to get a feel for recording videos?,,
ID00231,00010e35,51,「ああ、じゃなきゃ続いてないって」,"Yeah, that's why we're still going.",,
ID00231,00010ffb,27,「フフッ、そっか」,"Heh, right.",,
ID00231,000112e4,30,「ぶろ君がこれから、,Bro-kun is gonna,,
ID00231,00011311,45,　どんな動画を録っていくのか、,what kind of videos we'll be recording?,,
ID00231,0001134d,27,　すっごく楽しみ」,It sounds awesome.,,
ID00231,000117bb,57,「動画にない写真の魅力って、わかる？」,Get it?,,
ID00231,0001195d,51,「ん～、一瞬を切り取る良さ…かな」,"Hmm, the charm of capturing a moment... maybe.",,
ID00231,00011b23,51,「それもあるけど、シャッター音よ」,"That's part of it, but also the shutter sound.",,
ID00231,00011cbf,27,「シャッター音？」,The shutter sound?,,
ID00231,00011e6d,33,「ポーズを取りながら、,"While posing, you know,",,
ID00231,00011e9d,63,　連続で切られていくシャッター音を聞くと、,"hearing the continuous shutter sounds,",,
ID00231,00011eeb,42,　気持ちが乗せられていくの」,it gets you into the mood.,,
ID00231,0001231e,54,「自然と、いい表情が出来たりしてね」,You naturally make good expressions too.,,
ID00231,000124bd,57,「へ～っ、モデルならではの感想だなぁ」,Only you would.,,
ID00231,00012689,21,「でしょ～っ」,See?,,
ID00231,000126df,54,「写真って、シャッターを切った瞬間が,A photo ends the moment you snap it...,,
ID00231,00012724,63,　終わりだけど、動画は始まりなんだよなぁ。,"but a video's just getting started, right?",,
ID00231,00012772,57,　どんな動画にするか、そこからが勝負」,It all comes down to what kind of video you make.,,
ID00231,0001293e,48,「へ～っ、いいこと言うじゃない」,"Wow, that's some good stuff.",,
ID00231,00012c3c,57,「写真は終わり…で、動画は始まり…か。,A photo is the end...and a video's the beginning...,,
ID00231,00012c84,51,　私も撮られる上で参考にしよっと」,I'll keep that in mind next time I'm filmed.,,
ID00231,00013245,57,「この夏、どれぐらい動画を録ったの？」,How many videos did you record this summer?,,
ID00231,000133e7,63,「そりゃあ…わけわかんないぐらい録ったよ。,"That's... I recorded so much, I can't even count.",,
ID00231,00013435,30,　無我夢中って感じ」,Like a trance.,,
ID00231,000135e6,33,「フフッ、いいことね。,"Hehe, that's great.",,
ID00231,00013616,45,　一生、夢中で録り続けてよね」,I'll keep recording.,,
ID00231,00013a96,54,「いつか、世界をあっと言わせるような,Blow them away.,,
ID00231,00013adb,39,　動画を録って欲しいなぁ」,"One day, I hope you can.",,
ID00231,00013da6,39,「お、おう…ハードル高ぇ」,O-oh... That's a high bar.,,
ID00231,00013f60,33,「な～に言ってんのよ。,What are you saying?,,
ID00231,00013f90,51,　夢は大きく持たなきゃダメでしょ」,You've gotta have big dreams.,,
ID00231,000142b1,36,「俺にとって映像って…」,"For me, movies are...",,
ID00231,00014468,45,「フフッ、生意気言っちゃって」,"Heh heh, talking big again.",,
ID00232,0000402a,63,「勝手に俺の部屋に入り込むのやめてくれよ。,"Don't just barge into my room, okay?",,
ID00232,00004078,39,　プライバシーの侵害だぞ」,"Hey, that's an invasion of privacy.",,
ID00232,00004232,21,「またまたぁ、,Just kidding~,,
ID00232,00004256,54,　そんな水くさいこと言っちゃってぇ」,Don't say such wet stuff like that.,,
ID00232,0000455a,36,「大丈夫よ、ベッドの下は,I'm fine.,,
ID00232,0000458d,36,　見ないようにするから」,I promise.,,
ID00232,00004855,27,「はぁ…ったく…」,Hah... Whatever...,,
ID00232,000048b1,60,「いくら稼いでても、ファッションサイトで,"No matter how much you earn, on fashion sites,",,
ID00232,000048fc,57,　買いまくってたら、金がいくらあっても,You'll run out.,,
ID00232,00004944,24,　足りないぞ？」,Not enough.,,
ID00232,00004aef,60,「わ、わかってるわよ。気をつけてるって」,I-I know that. I'm being careful.,,
ID00232,00004e06,54,「押し入れの収納に、ろくに着ない服が,Too many unworn clothes...,,
ID00232,00004e4b,45,　大量に押し込まれてるくせに」,That I hardly ever put on...,,
ID00232,00004fd4,33,「うっ、痛いとこを…」,"Ow, right where it hurts...",,
ID00232,000052fa,39,「流行りのファッションは、,Fashion trends go out of style fast.,,
ID00232,00005330,60,　廃れるのも早いのよ。仕方ないでしょ？」,What can you do?,,
ID00232,000058fa,60,「ひめちゃんって、放っとけないのよねぇ。,"You can't just leave Hime-chan alone, huh?",,
ID00232,00005945,48,　見かけると、つい声かけちゃう」,"Whenever I see her, I end up talking to her",,
ID00232,00005ddf,60,（ユイ姉も凜世も、いつも１人だからな…）,They're alone...,,
ID00232,00005e78,60,（ユイ姉も妃月も、いつも１人だからな…）,They're alone...,,
ID00232,00006076,42,「なによ、急に黙っちゃって」,What's with you suddenly going quiet?,,
ID00232,00006209,42,「い、いや、なんでもない…」,"N-No, it's nothing...",,
ID00232,000063d9,30,「ぶろ君とまひろは、,"You two, Maru-kun and Mahiro,",,
ID00232,00006406,48,　お似合いだと思うんだけどねぇ」,really suit each other,,
ID00232,000066da,42,「あいつは妹みたいなもんだ」,He's like a little sister to me.,,
ID00232,00006897,18,「はいはい」,Sure sure.,,
ID00232,00006ae2,42,「鈍いのにもほどがあるわね」,"You're really dense, aren't you?",,
ID00232,00006b3a,21,「なんだよ？」,What's up?,,
ID00232,00006d83,54,「あー、なんでもない、なんでもない」,"Ah, nothing, nothing.",,
ID00232,000071d5,57,「コスプレかぁ…またやってみたいなぁ」,...I wanna try cosplay again sometime.,,
ID00232,00007377,42,「おっ、いいな。録らせてよ」,"Hey, that's cool. Let me record it.",,
ID00232,00007534,63,「…なんか、エッチな動画になりそうだから、,"...It might turn out kinda porny though,",,
ID00232,00007582,21,　遠慮しとく」,so I'll pass.,,
ID00232,00007872,51,「露出の高いコスを選ぶ方が悪い！」,Choosing revealing costumes is not my fault!,,
ID00232,00007a38,54,「アニメはそういうキャラが多いの！」,There are a lot of characters like that in anime!,,
ID00232,00007d4f,42,「私が髪を切ったことぐらい、,You should be able to tell right away,,
ID00232,00007d88,36,　すぐわかりなさいよね」,"that I got my hair cut, right?",,
ID00232,00007f4c,51,「わかんねーように切ってるくせに」,Even though you didn't understand.,,
ID00232,0000812e,60,「だからこそ、気づけばポイント高いのよ」,That's why I end up with something revealing.,,
ID00232,000085c0,48,「ニブいと女の子にモテないわよ」,"If you're not perceptive, girls won't like you.",,
ID00232,0000876c,63,「ブログのネタって、いつも探してるのか？」,Are you always looking for blog material?,,
ID00232,0000893e,45,「いつもってわけじゃないわよ。,Not all the time.,,
ID00232,0000897a,51,　義務感でやってたら続かないしね」,"If I do it out of obligation, I can't keep it up.",,
ID00232,00008ded,42,「たま～に更新するぐらいで、,"Only update it every once in a while,",,
ID00232,00008e26,30,　ちょうどいいのよ」,That's just right for me.,,
ID00232,00008fc0,39,「ユイ姉って、朝弱いよな」,You're bad in the mornings.,,
ID00232,000091af,45,「それは、仕事が忙しいから！」,That's because I'm busy with work!,,
ID00232,00009473,27,「仕事がなければ、,"If I didn't have work,",,
ID00232,0000949d,57,　ちゃ～んと規則正しい生活をするわよ」,I'd live a regular and healthy life.,,
ID00232,000097e8,24,「そうかなぁ…」,"Hmm, really...?",,
ID00232,00009841,42,「この街で好きな場所って？」,What's your favorite place in this town?,,
ID00232,000099fe,24,「駅前モールね。,The station front mall.,,
ID00232,00009a25,48,　服を眺めながら歩くのが好きよ」,I like to walk around while window shopping.,,
ID00232,00009c08,51,「髪の色を変えようと思ったことは、,"I've never thought about changing my hair color,",,
ID00232,00009c4a,21,　ないのか？」,Aren't there any?,,
ID00232,00009df2,42,「ないわよ。せっかくの黒髪を,never. I'd never dye my perfect black hair,,
ID00232,00009e2b,42,　カラーで染めちゃうなんて、,"with some color, you know?",,
ID00232,00009e64,36,　もったいないじゃない」,yet can't appreciate it.,,
ID00232,0000a2c8,24,「黒髪ロングは、,My long black hair is,,
ID00232,0000a2ef,48,　私のモデルとしての特徴だから」,That's one of my model traits.,,
ID00232,0000a5d6,57,「ユイ姉の好きな色って、何色だっけ？」,What color did you say Ui-onee likes?,,
ID00232,0000a7a2,39,「ん～、どんな色も好きよ。,"Hmm, she likes all colors.",,
ID00232,0000a7d8,51,　なんでも似合う自分でいたいから」,I want to be someone who suits anything.,,
ID00232,0000aaaf,42,「赤が好きなんじゃないのか？,Don't you like red?,,
ID00232,0000aae8,39,　カチューシャもそうだし」,She even wears a red headband.,,
ID00232,0000aca2,39,「赤はね、元気が出るのよ」,Red makes me feel energetic.,,
ID00232,0000ae45,63,「ユイ姉と真奈って、性格ぜんぜん違うのに、,"Ui-onee and Mana are so different,",,
ID00232,0000ae93,21,　仲いいよな」,You guys get along.,,
ID00232,0000b03b,63,「あったりまえよぉ、かわいい妹なんだから」,Of course! She's my cute sister.,,
ID00232,0000b37f,36,「まぁちゃんのためなら、,"For Maa-chan,",,
ID00232,0000b3b2,33,　なんだってしちゃう」,I'd do anything for her.,,
ID00232,0000b53c,27,「俺のためには？」,For me?,,
ID00232,0000b6ea,30,「なんだってしてね、,"I'll do anything for you,",,
ID00232,0000b717,39,　私とまぁちゃんのために」,for Maa-chan and me.,,
ID00232,0000b8de,18,「はいはい」,Sure sure.,,
ID00232,0000b931,54,「服って、何着ぐらい持ってるんだ？」,How many clothes do you have?,,
ID00232,0000bafa,45,「そんなの数えたことないわよ」,I've never counted.,,
ID00232,0000bcba,60,「職業柄、流行が終わった服は着づらいし、,I find it hard to wear out-of-date clothes.,,
ID00232,0000bd05,45,　クローゼットはいつも一杯ね」,so my closet is always full.,,
ID00232,0000c1a2,51,「ユイ姉って、パソコン苦手だよな」,"You're not good with computers, Yui-nee?",,
ID00232,0000c368,33,「そんなことないわよ。,That's not true.,,
ID00232,0000c398,60,　メールだって、ネットだって見られるし」,I can read emails and browse the web just fine.,,
ID00232,0000c6af,30,「設定は無理だろ？」,You can't set things up?,,
ID00232,0000c860,63,「ああ…そこは、まぁちゃんに頼りっぱなし。,Yeah... I rely on Maa-chan for that.,,
ID00232,0000c8ae,15,　エヘヘ」,Heheh,,
ID00232,0000cce6,63,「芸能人だと、いきなりサインを求められたり,People ask for autographs.,,
ID00232,0000cd34,21,　大変だろ？」,That must be tough.,,
ID00232,0000cedc,36,「まぁね。こっちの都合は,Yeah. It’s all about them.,,
ID00232,0000cf0f,33,　お構いなしだからね」,It's all about their convenience.,,
ID00232,0000d235,33,「ぶろ君と一緒の時は、,"When I'm with Bro-kun,",,
ID00232,0000d265,51,　魔除けになっていいんだ・け・ど」,"I can be a good luck charm, you know?",,
ID00232,0000d82b,36,「はいはい、俺が断るよ」,"Yeah yeah, I'll say no.",,
ID00232,0000d890,39,「一番仲のいい友達って？」,What's your best friend?,,
ID00232,0000da4a,45,「よく一緒にいるのはマリアね。,I'm usually with Mariana.,,
ID00232,0000da86,48,　物怖じしないところがいいのよ」,That she isn't scared of anything.,,
ID00232,0000dd91,42,（なるほど、いいコンビだな）,"(Makes sense, they're a good pair.)",,
ID00232,0000ddfc,42,「何時ぐらいに寝てるんだ？」,When do you go to bed?,,
ID00232,0000dfb9,30,「１２時ぐらいかな。,Around midnight.,,
ID00232,0000dfe6,45,　夜更かしは美容の大敵だから、,"Staying up late is bad for beauty, so,",,
ID00232,0000e022,48,　なるべく早く寝るようにしてる」,and try to go to bed as early as possible.,,
ID00232,0000e340,39,「ユイ姉が苦手なのって？」,You're bad at lying?,,
ID00232,0000e4fa,21,「ウソが苦手」,I'm bad at lying.,,
ID00232,0000e6a2,36,「業界にいるといるのよ、,There are people around.,,
ID00232,0000e6d5,33,　すぐウソをつく人が」,can lie right away.,,
ID00232,0000e9c4,33,「適当で、いい加減で、,"They're careless and unreliable,",,
ID00232,0000e9f4,30,　イヤんなっちゃう」,and I can't stand that.,,
ID00232,0000ecb6,24,（大変だなぁ…）,(That's tough...),,
ID00232,0000ed0f,39,「ユイ姉って、写真週刊誌に,Yui-nee's photos have been in,,
ID00232,0000ed45,42,　スクープされたことないな」,never got scooped before.,,
ID00232,0000ef02,39,「あはは…ネタがないしね」,Hehe... I don't have any dirt on me.,,
ID00232,0000f22e,45,「お仕事して帰ってくるだけの、,"I just come home from work,",,
ID00232,0000f26a,24,　健全な生活よ」,a healthy lifestyle.,,
ID00232,0000f435,36,「俺って、こう見えて…」,I'm not what I look like...,,
ID00232,0000f621,63,「はいはい、そう思ってるのはぶろ君だけよ」,"Yeah, yeah, only bro thinks that.",,
ID00232,0000fab3,51,「真夜中の花火、楽しかったわね～」,The fireworks at midnight were so much fun~,,
ID00232,0000fc4f,27,「ああ、そうだな」,Sure thing.,,
ID00232,0000fdfd,63,「まぁちゃんも楽しんでくれたし、満足満足」,"Maa-chan had a good time too, perfect.",,
ID00232,0000ffb8,39,「秘密基地、気に入った？」,Did you like our secret hideout?,,
ID00232,00010172,60,「もちろんよ！　すっごくよく出来てる！」,Of course! It's really well done!,,
ID00232,000105b7,33,「ありがとね、ぶろ君」,"Thanks, bro.",,
ID00232,000108b9,63,「マリアったら、私と御前が仲がいいなんて、,Mariana must've thought we're good friends...,,
ID00232,00010907,30,　とんだ勘違いを…」,That was wrong...,,
ID00232,00010bc9,42,「そうかなぁ…勘違いかなぁ」,I wonder if I'm mistaken.,,
ID00232,00010d86,21,「そうなの！」,That's true!,,
ID00232,00010f41,51,「エアホッケー、楽しかったわね～。,The air hockey was so much fun~,,
ID00232,00010f83,27,　またやろうね？」,Let's do it again sometime.,,
ID00232,00011279,33,「色仕掛けはなしだぞ」,"No more tricks, okay?",,
ID00232,0001142d,48,「も～、姉の肌に照れちゃってぇ」,I'm blushing at my sister's skin~,,
ID00232,000115c6,48,「目のやりどころに困るんだよ！」,I don't know where to look!,,
ID00232,00011637,48,「ユイ姉のスマホのカレンダーは、,Yui-nee's phone's packed with work.,,
ID00232,00011676,63,　仕事のスケジュールで一杯なんだろうなぁ」,I wonder?,,
ID00232,00011848,30,「忙しかった頃はね。,"Back then, when I was busy.",,
ID00232,00011875,36,　今はセーブしてるから、,"Now that I've taken a break though,",,
ID00232,000118a8,36,　そこまでじゃないわよ」,it's not like that anymore.,,
ID00232,00011bba,48,「俺って、プライベートないよな…,I don't really have any private time...,,
ID00232,00011bf9,39,　ユイ姉に振り回されて…」,I'm getting bossed around by Yui-nee...,,
ID00232,00011db3,48,「振り回すとは人聞き悪いわねぇ」,You shouldn't say it like that.,,
ID00232,000120c7,57,「感謝なさい、構ってあげてるんだから」,"Be grateful, I'm giving you my attention.",,
ID00232,000122a0,18,「はいはい」,Sure sure.,,
ID00232,000122f3,57,「ペットを飼うなら、どんなのがいい？」,What kind of pet do you want?,,
ID00232,000124bf,51,「ん～、不規則な生活だからなぁ…」,"Hmm, it's because of my irregular schedule...",,
ID00232,000127c0,63,「ぶろ君が世話してくれるなら、ネコがいい」,"If you'll take care of me, I like cats.",,
ID00232,00012968,27,「俺も無理だって」,I can't do that either.,,
ID00232,00012b16,63,「じゃあ、街角のノラネコで我慢しよ～っと」,Guess I'll take a stray cat.,,
ID00232,00012e0c,39,「もし背が伸びなかったら、,"If I hadn't grown taller,",,
ID00232,00012e42,33,　どうなってたと思う」,What do you think?,,
ID00232,00012ff6,45,「残念だけど、引退でしょうね。,I guess I'm retiring.,,
ID00232,00013032,57,　背が低いとモデルの仕事は無理だもの」,It's tough being short when it comes to modeling.,,
ID00232,00013474,54,「キッズモデルの頃を懐かしみながら、,Do you miss the days of being a kid model?,,
ID00232,000134b9,48,　違う夢を追ってたんじゃない？」,Weren't you chasing after different dreams then?,,
ID00232,00013665,51,「笑顔の練習って、やってるのか？」,Aren't you practicing your smile?,,
ID00232,0001382b,33,「やってるわよ、毎日。,I practice every day.,,
ID00232,0001385b,45,　笑顔に限らず、表情筋を動かす,"Not just smiles, I move my facial muscles",,
ID00232,00013897,30,　エクササイズをね」,with exercises too.,,
ID00232,00013f6b,39,「魅せる表情は大事だから」,It's important to show an expression.,,
ID00232,0001410e,39,「モデルにならなかったら、,"Even if I didn't become a model,",,
ID00232,00014144,39,　なんになってたと思う？」,What do you think I would've been?,,
ID00232,0001431a,21,「女子アナ！」,a news anchor!,,
ID00232,0001435d,21,「マジか！？」,Really!?,,
ID00232,0001453a,51,「になるには、勉強しなきゃだから、,"I'd have to study to become one,",,
ID00232,0001457c,21,　無理ねぇ…」,No way...,,
ID00232,00014970,42,「勉強すればいいじゃないか」,Just study harder.,,
ID00232,00014b2d,27,「あはは…パ～ス。,Haha... Path.,,
ID00232,00014b57,57,　勉強苦手～、女子アナなりたくな～い」,I suck at studying~ I don't wanna be an announcer~,,
ID00232,00014fb9,60,「芸能界に入りたいって相談に来る子とか、,"Kids who come for advice on joining the industry,",,
ID00232,00015004,33,　いるんじゃないか？」,"There probably are, yeah.",,
ID00232,000151b8,39,「あ～、たま～にいるわよ、,"Sometimes there are kids like that,",,
ID00232,000151ee,42,　思い詰めた顔して来る子が」,with a really serious expression.,,
ID00232,000154f3,30,「どうしてるんだ？」,What's up?,,
ID00232,000156a4,60,「私のマネージャーに写真を送ってみれば？,Why don't you send a photo to my manager?,,
ID00232,000156ef,48,　って、メアドを教えてあげてる」,"Actually, I've given her my email",,
ID00232,00015b28,63,「うまくいったことは、ないみたいだけどね」,But it doesn't seem like it's worked out,,
ID00232,00015e1e,36,「ＵＦＯって信じてる？」,Do you believe in UFOs?,,
ID00232,00015fd5,30,「私は信じないけど、,"I don't, but",,
ID00232,00016002,54,　まぁちゃんが私の分も信じてるわよ」,Maho-chan believes for both of us.,,
ID00232,00016306,63,「そんなまぁちゃんが、微笑ましくて大好き」,It's cute and I love that about her.,,
ID00232,000165fc,63,「セーラー服とブレザー、どっちが好きだ？」,"Which do you prefer, sailor or blazer?",,
ID00232,00016803,60,「ん～、どっちも撮影で何度も着たけど…」,"Hmm~, I've worn both so many times...",,
ID00232,00016b0d,39,「ブレザーの方が好きかな。,I guess I like the blazer better.,,
ID00232,00016b43,36,　着こなす幅が広いから」,It has more versatility.,,
ID00232,00016d1a,42,「ついやっちゃうクセって？」,What do you mean by a habit like that?,,
ID00232,00016ed7,39,「ぶろ君をついつい呼んで、,"I always end up calling you bro,",,
ID00232,00016f0d,30,　お願い事しちゃう」,I end up making requests too.,,
ID00232,0001721c,30,「イヤなクセだなぁ」,It's a bad habit.,,
ID00232,000173cd,42,「イヤとはなによ、イヤとは。,"What do you mean no, what do you mean no.",,
ID00232,00017406,39,　さっさと、心のひろ～い、,"Hurry up and be more open-minded,",,
ID00232,0001743c,33,　いい男になんなさい」,"Come on, be a good guy already.",,
ID00232,000178bd,30,「生まれ変わったら、,"If I were reborn,",,
ID00232,000178ea,39,　男と女、どっちがいい？」,which would you choose?,,
ID00232,00017aa4,24,「もちろん女よ。,Of course a girl.,,
ID00232,00017acb,51,　また、今みたいな人生を送りたい」,I'd like to live my life again just like this one.,,
ID00232,00017cb1,45,「ナイショなんだけど、実は…」,It's a secret but actually...,,
ID00232,00017e71,57,「ふうん…ちょっとは、大人になったって,"Hmm... You've grown up a little, huh?",,
ID00232,00017eb9,21,　ことかな？」,Maybe.,,
ID00232,00018081,54,「秘密基地での１日、楽しかったなぁ」,That day at the secret hideout was so much fun,,
ID00232,00018281,51,「そうね……とっても楽しかった…」,Yeah... It was really fun...,,
ID00232,000185b8,60,「見張り台から見た星空は…一生忘れない」,I'll never forget it,,
ID00232,000188e2,39,「防犯ブザー、解約しても、,"Even if we cancel it,",,
ID00232,00018918,36,　捨てずに置いておくよ」,I'm gonna keep it around though,,
ID00232,00018acf,51,「ありがと。２人の思い出だものね」,Thanks. It's a memento of us two,,
ID00232,00018e1a,42,「遊園地、楽しかったわね～。,"The amusement park was fun, wasn't it~?",,
ID00232,00018e53,51,　いっぱい泳いで、いっぱい遊んで」,Swimming and playing all day long.,,
ID00232,00019161,45,「ああ、１日、遊び倒したよな」,"Yeah, we had a blast the whole day.",,
ID00232,0001931f,48,「また…いつか、一緒に行こうね」,We should go together again someday.,,
ID00232,0001963d,54,「誕生日プレゼント、なにが欲しい？」,What do you want for your birthday present?,,
ID00232,00019806,21,「くれるの？」,You're getting me?,,
ID00232,00019849,27,「今年は卒業だし、,It's my graduation.,,
ID00232,00019873,54,　特別にちょっと高いものでもいいぞ」,So I can get something a little more expensive.,,
ID00232,00019a3c,39,「ホント！？　やったぁ！」,Really!? Great!!,,
ID00232,00019d47,24,「じゃあねぇ……,"Then, I guess not...",,
ID00232,00019d6e,54,　身につけられるものがいいからぁ…」,I want something I can wear...,,
ID00232,0001a0c7,54,「身につけ…って、アクセサリーか？」,Something to wear... like an accessory?,,
ID00232,0001a2a6,24,「ダイヤのぉ…」,Diamond...,,
ID00232,0001a2ec,33,「ダイ…無茶いうな！」,Don't be ridiculous!,,
ID00232,0001a4a0,21,「な～んてね」,Just kidding.,,
ID00232,0001a648,30,「１２月７日までに、,"By December 7th,",,
ID00232,0001a675,51,　お手頃で、なにかいいものがないか,anything affordable that might be good,,
ID00232,0001a6b7,39,　探しておく。ありがとね」,I'll look around for something. Thanks.,,
ID00232,0001ab3e,36,「ぶっちゃけユイ姉って、,"To be honest, Ui-onee,",,
ID00232,0001ab71,42,　月にいくら稼いでるんだ？」,How much do you make a month?,,
ID00232,0001ad2e,33,「そんなのナイショよ。,That's a secret.,,
ID00232,0001ad5e,36,　言うわけないじゃない」,"I wouldn't tell you that, duh.",,
ID00232,0001b087,48,「私の収入なんか気にしてないで、,"Don't worry about my income,",,
ID00232,0001b0c6,39,　早く一人前になんなさい」,and hurry up and become an adult.,,
ID00232,0001b2a0,51,「髪型を変えるつもりはないのか？」,Aren't you thinking of changing your hairstyle?,,
ID00232,0001b466,63,「ん～、卒業したら、変えるのもいいかもね。,"Hmm, after graduation, maybe I should change it.",,
ID00232,0001b4b4,57,　イメージチェンジするいい機会だから」,Changing my image would be a good opportunity too.,,
ID00232,0001ba68,63,「けど、黒髪は染めない。大事にしたいから」,But I won't dye my black hair. It's important to me.,,
ID00232,0001bd5e,54,「部屋の掃除、ちゃんとやってるか？」,"You're cleaning your room properly, right?",,
ID00232,0001bf27,36,「うっ…も、もちろんよ」,Eh... Of course I am!,,
ID00232,0001c226,36,「モデルのユイナたる者、,"As a model named Yuna,",,
ID00232,0001c259,33,　部屋をきれいにして、,I need to keep my room clean and,,
ID00232,0001c289,48,　ミツミキャンプを去らないとな」,not leave Mitsumi Camp.,,
ID00232,0001c44c,57,「ぶろくぅ～ん、今度、部屋の掃除ぃ～」,"Buuu~rooook, next time I'll clean my room~",,
ID00232,0001c776,36,「自分でやれ、自分で！」,Do it yourself! Do it!,,
ID00232,0001c916,42,「ジンクスって信じる方か？」,Do you believe in jinxes?,,
ID00232,0001cad3,54,「ぜ～んぜん。自分の実力以上のことは,Not at all.,,
ID00232,0001cb18,63,　出来ないし、力を発揮できなかったとしたら,"And if I don't manage to show what I'm capable of,",,
ID00232,0001cb66,39,　自分が未熟だからだもの」,It's because I'm still immature.,,
ID00232,0001d1ad,51,「自分を信じて、精一杯やるだけよ」,Believe in myself.,,
ID00232,0001d35c,48,「ユイ姉って、メイクにどれぐらい,How long does it take?,,
ID00232,0001d39b,27,　時間かけてる？」,How long does it take you?,,
ID00232,0001d549,48,「自分でやる時は３０分ってとこ」,About 30 mins.,,
ID00232,0001d847,48,「メイクさんがやってくれる時は、,"When the makeup artist does it for me,",,
ID00232,0001d886,57,　１時間以上かかるわよ。念入りだから」,"it takes over an hour, because they're thorough.",,
ID00232,0001dbad,48,「ユイ姉の一番大切なものって？」,What's the most important thing to Yui-nee?,,
ID00232,0001dd70,60,「ぶろ君とまぁちゃん。家族が一番大切よ」,Bro-kun and Mah-chan. Family is what matters most.,,
ID00232,0001e0b1,63,「だから、一足先に旅立っていくのは寂しい」,That's why it's sad to see them go first.,,
ID00232,0001e394,18,「ユイ姉…」,Onee-san Yui...,,
ID00232,0001e3e7,30,「ユイ姉って実は…」,"Actually, Yui-nee...",,
ID00232,0001e561,33,「フフッ、その通りよ。,"Hehe, that's right.",,
ID00232,0001e591,57,　ぶろ君は、私のこと全部知ってるよね」,"You know everything about me, Bro-kun.",,
ID00233,00002be9,48,「日傘を差してくれてありがとね。,Thanks for holding the umbrella for me.,,
ID00233,00002c28,27,　助かっちゃった」,I really appreciate it.,,
ID00233,00003083,36,「また呼ぶから助けてね」,I'll call you if I need help.,,
ID00233,000030d5,42,「ああ、どうせ断れないしな」,"Yeah, there's no way I can say no anyway.",,
ID00233,0000325b,48,「フフッ、わかってるじゃな～い」,"Hehe, don't pretend like you didn't know that~",,
ID00233,0000343e,27,「ピラティスか…。,Pilates huh...,,
ID00233,00003468,54,　やっぱ美容にこだわってるんだなぁ」,"You really care about your looks, don't you?",,
ID00233,00003631,57,「当然よ。人に見られる仕事なんだから」,It's a job where people watch me.,,
ID00233,00003938,57,「カメラの前に立ってない時の準備こそ、,"The preparation off-camera is key,",,
ID00233,00003980,21,　大切なのよ」,It's important.,,
ID00233,00003b11,51,「屋上で、真奈の膝枕で寝てたろ？」,"You were sleeping on Mana's lap on the roof, right?",,
ID00233,00003cd7,45,「え？　どうして知ってるの？」,Huh? How do you know that?,,
ID00233,00003e6d,45,「たまたま通りがかったんだよ」,I just happened to pass by.,,
ID00233,00003ec8,39,「仕事で疲れてるんだな…。,You're tired from work...,,
ID00233,00003efe,27,　体に気をつけて」,Take care of yourself.,,
ID00233,000040be,51,「わ、わかってるわよ、そんなこと。,I-I know that much.,,
ID00233,00004100,21,　…ありがと」,...Thanks.,,
ID00233,0000453e,60,「マッサージなら、いつでもしてやるから、,"If you want a massage, I'll do it anytime, so",,
ID00233,00004589,48,　俺の部屋へ忍び込むのはよせよ」,don't sneak into my room again.,,
ID00233,0000474c,63,「またまたぁ、不意に会えてうれしいくせに」,"You're such a tease, happy to see me unexpectedly",,
ID00233,00004a66,45,「うれしくねぇって、焦るだろ」,but acting all upset about it.,,
ID00233,00004ad4,39,「海の丘公園の坂を登って、,"If you weren't happy, you'd freak out.",,
ID00233,00004b0a,33,　脚を引き締める、か。,Climbing the hill for toned legs?,,
ID00233,00004b3a,57,　ユイ姉って、仕事には妥協しないよな」,Sis Yui doesn't cut corners at work.,,
ID00233,00004d06,54,「もちろんね。プロなんだから、プロ」,"Well of course. I'm a pro, so I gotta act like one.",,
ID00233,0000502a,45,「脚を引き締めるためとはいえ、,"Even if it's to tone your legs,",,
ID00233,00005066,57,　海の丘公園の坂を５往復もするとは…」,running up and down that hill five times...?,,
ID00233,00005232,51,「フフ～ン、美しいボディラインは、,Hmm~ a beautiful body comes from,,
ID00233,00005274,60,　日々の絶え間ない努力から生まれるのよ」,"daily, relentless effort.",,
ID00233,00005567,45,「宿舎の枕がイマイチというか、,The dorm pillows aren't comfy.,,
ID00233,000055a3,48,　なかなか寝られないんだよなぁ」,I can't seem to fall asleep.,,
ID00233,00005766,57,「なに？　マイ枕、持ってきてないの？」,What? You didn't bring your own pillow?,,
ID00233,00005908,60,「持ってきてないって、わざわざそんなの」,You didn't bring it on purpose or something?,,
ID00233,00005ad7,57,「私なんか泊まりの時は、常に枕持参よ。,I always bring my own pillow when I stay overnight.,,
ID00233,00005b1f,63,　首を寝違えたら、仕事にならないじゃない」,A stiff neck ruins work.,,
ID00233,00005f74,33,「モデルは大変だなぁ」,"Being a model is tough, huh?",,
ID00233,00006128,39,「週末、家に取りに帰れば？,Why not get one this weekend?,,
ID00233,0000615e,27,　大事よ、安眠は」,Good sleep is important.,,
ID00233,00006467,60,「ユイ姉って、常に体型を維持してるよな」,"Yui-nee is always keeping her figure, isn't she?",,
ID00233,00006636,39,「モデルだからね、当然よ」,Of course. She's a model after all.,,
ID00233,000067c6,39,「ダイエットのコツって？」,Any tips for dieting?,,
ID00233,00006980,18,「それは…」,It's...,,
ID00233,00006b25,54,「食べないことよ…。あと適度な運動」,Don't eat... And moderate exercise.,,
ID00233,00006dff,21,「大変だなぁ」,That's tough.,,
ID00233,00006fa7,39,「小さい頃から続けてるし、,I've been doing it since I was little.,,
ID00233,00006fdd,36,　なんてことないけどね」,it's nothing to worry about.,,
ID00233,000071b4,45,「学期末の健康診断の結果って、,How did your end-of-term physical go?,,
ID00233,000071f0,24,　どうだった？」,How was it?,,
ID00233,0000739b,36,「それが…肝臓の数値が、,"But... my liver values,",,
ID00233,000073ce,33,　今一つよくなくて…」,aren't quite right...,,
ID00233,00007693,33,「肝臓って…酒か！？」,My liver? Alcohol!?!,,
ID00233,00007859,63,「んなわけないでしょ！　慢性疲労なのよ！」,No way! It's chronic fatigue!,,
ID00233,00007a38,57,「え…ダメだろ、それ。休み取らないと」,Eh... That can't be good. You should take a break.,,
ID00233,00007c04,60,「今の仕事が終わったらね、そのつもりよ」,I'll do that after I finish my current work.,,
ID00233,00007dbc,30,「夏バテは大丈夫？」,Are you okay with the heat?,,
ID00233,00007f6d,54,「なんとかね～。脱水症状が怖いから、,"Just barely. I'm scared of dehydration, so",,
ID00233,00007fb2,51,　たくさん水分を取るようにしてる」,I make sure to drink lots of fluids.,,
ID00233,00008425,63,「教室のクーラーが、もうちょっと効いてると,"It'd be easier if the classroom AC worked better,",,
ID00233,00008473,30,　楽なんだけどねぇ」,but it doesn't.,,
ID00233,000088de,18,「言えてる」,You're right.,,
ID00233,00008931,63,「Ｏ型の性格って、どんなのか知ってるか？」,What's an O-type personality like?,,
ID00233,00008b03,45,「明るくて、優しくて、弟想いの,"Bright, kind, protective.",,
ID00233,00008b3f,30,　かわいいお姉さん」,a cute big sister,,
ID00233,00008f73,39,「はいはい、その通りだよ」,"Yeah yeah, that's exactly right.",,
ID00233,0000912d,21,「でしょ～っ。,~right?,,
ID00233,00009151,51,　よかったわね、私がお姉ちゃんで」,I'm glad I get to be the older sister.,,
ID00233,00009472,54,「このところ暑いから、寝苦しくて…」,"It's been so hot lately, I can't sleep...",,
ID00233,00009672,60,「目を閉じて、海から聞こえてくる波の音に,Close your eyes and listen.,,
ID00233,000096bd,36,　耳を傾けるといいわよ」,it'll help you relax.,,
ID00233,00009a5f,30,「心が静かになって、,"When your mind is calm,",,
ID00233,00009a8c,42,　いつの間にか眠ってるから」,you'll fall asleep before you know it.,,
ID00233,00009c32,51,「健康って大切だから、ユイ姉も…」,Take care of yourself too...,,
ID00233,00009df8,48,「わかってるって。心配しすぎよ」,I get it. You're worrying too much.,,
ID00233,00009fdb,51,「ったく、いきなり朝の体操なんて…,"Geez, morning exercises...",,
ID00233,0000a01d,42,　事前に言っておいてくれよ」,You could've told me beforehand.,,
ID00233,0000a1da,48,「それじゃ、驚きがないじゃない」,Then there wouldn't be any surprise.,,
ID00233,0000a373,45,「驚きなんて求めてねーっての」,I don't even want a surprise.,,
ID00233,0000a533,27,「私が求めてるの。,What I'm after is.,,
ID00233,0000a55d,45,　せっかくの夏休みなんだから、,Since it's the summer vacation.,,
ID00233,0000a599,39,　最大限楽しまなくっちゃ」,I gotta have as much fun as possible.,,
ID00233,0000a89b,15,「はぁ…」,...,,
ID00233,0000aa3d,48,「朝の体操は健康にいいんだから、,"Morning exercises are good for your health, so",,
ID00233,0000aa7c,24,　文句言わない」,don't complain.,,
ID00233,0000ac10,60,「タオル一枚で寝るとか、風邪引く気かよ？,You’ll catch a cold!,,
ID00233,0000ac5b,27,　気をつけろよな」,"Be careful, okay?",,
ID00233,0000ae09,57,「ぶろ君がちゃんとケアしてくれるから、,"Since Bro-kun will take care of you properly,",,
ID00233,0000ae51,15,　大丈夫」,It's okay.,,
ID00233,0000b13b,51,「俺がいなかったらどうするんだよ？,What are you gonna do without me around?,,
ID00233,0000b17d,48,　ユイ姉の部屋まで行けないぞ？」,You won't even make it to Yui-nee's room.,,
ID00233,0000b340,45,「自分の部屋じゃやらないわよ。,I wouldn't do that in my own room.,,
ID00233,0000b37c,57,　ぶろ君の部屋だから、気を許しただけ」,It's just 'cause I'm relaxed in Bro-kun's room.,,
ID00233,0000b7cb,54,「はぁ…俺の部屋でも気をつけろって」,Hmm... You still gotta be careful in my room too.,,
ID00233,0000b842,48,「ユイ姉って、視力どれぐらい？」,"How's your eyesight, Yuichan?",,
ID00233,0000ba05,33,「０．７…だったかな」,0.7... I think,,
ID00233,0000bb8f,33,「あんまりよくないな」,That's not too good.,,
ID00233,0000bd43,39,「ぶろ君のカッコいい顔が、,Bro-kun's handsome face is gonna get,,
ID00233,0000bd79,39,　ボケちゃってざんね～ん」,blurry... That sucks~,,
ID00233,0000c05a,18,「はいはい」,Sure sure.,,
ID00233,0000c0ad,63,「家の風呂にある、高そうなシャンプーって、,"The expensive shampoo in the bath at home,",,
ID00233,0000c0fb,30,　どこで買うんだ？」,Where do you buy that?,,
ID00233,0000c2ac,51,「あーっ、ぶろ君は使っちゃダメよ！,"Aah, Bro-kun, you can't use it!",,
ID00233,0000c2ee,39,　ホントに高いんだから！」,It's really expensive!,,
ID00233,0000c627,33,「んなの使わないって」,I told you not to use it.,,
ID00233,0000c7db,45,「まぁちゃんには使っていいって,But I said Maa-chan can use it,,
ID00233,0000c817,30,　言ってるんだけど、,though.,,
ID00233,0000c844,42,　興味ないみたいなのよねぇ」,Seems like you're not interested in it.,,
ID00233,0000cb5c,33,「ユイ姉って、学校でも,"Yui-nee, even at school",,
ID00233,0000cb8c,39,　歯を磨いてるんだっけ？」,"You brush your teeth, right?",,
ID00233,0000cd46,45,「もちろんよ。虫歯になったら、,"Of course. If you get cavities,",,
ID00233,0000cd82,45,　取り返しがつかないじゃない」,"You're screwed, aren't you?",,
ID00233,0000d0b4,39,「笑顔に白い歯は不可欠よ」,A smile needs white teeth.,,
ID00233,0000d257,48,「ユイ姉って、クラスの女子じゃ、,"Yui-nee is the tallest girl in our class,",,
ID00233,0000d296,45,　一番背が高いんじゃないか？」,isn't she?,,
ID00233,0000d479,54,「ううん、バレーボール部の子の方が、,"No, the volleyball girls are taller.",,
ID00233,0000d4be,30,　ちょっと高いわね」,She's a bit taller than me.,,
ID00233,0000d91c,39,「バレーボールもモデルも、,"Volleyball and modeling,",,
ID00233,0000d952,48,　背が高い方が有利なのは一緒ね」,both benefit from being tall.,,
ID00233,0000dc39,39,「ユイ姉って、長湯だよな」,"You know, Yuichan likes long baths.",,
ID00233,0000ddf3,63,「体のメンテナンスも、仕事のうちだからね」,Maintaining your body is part of the job too.,,
ID00233,0000e100,48,「じっくり磨き上げておかないと」,You gotta really take care of it.,,
ID00233,0000e171,57,「怪しげな健康器具を買っちゃったことは,"I ended up buying some sketchy health equipment,",,
ID00233,0000e1b9,21,　ないのか？」,Aren't there any?,,
ID00233,0000e361,42,「ないわよ。モデル仲間から、,I didn't.,,
ID00233,0000e39a,42,　しつこく勧められたことは、,"A modeling friend kept pushing it on me,",,
ID00233,0000e3d3,30,　何度もあるけどね」,but it has.,,
ID00233,0000e841,39,「ああいうのは１つ買うと、,"Once you buy something like that,",,
ID00233,0000e877,39,　いっぱい買わされるから、,you end up buying a bunch of them.,,
ID00233,0000e8ad,42,　絶対手を出しちゃダメなの」,can't touch it.,,
ID00233,0000ec1f,27,「健康といえば…」,Speaking of health...,,
ID00233,0000edcd,27,「ふうん…ぶろ君も,hmm... even bro-kun is,,
ID00233,0000edf7,45,　それなりに気遣ってるのねぇ」,"considerate to some extent, huh?",,
ID00233,0000f112,48,「ユイ姉って、いつか引退したら、,"You know, Yu-sis, when she retires someday,",,
ID00233,0000f151,39,　太るタイプじゃないか？」,isn't she the type who'll gain weight?,,
ID00233,0000f30b,45,「うっ、イヤなこと言うわねぇ」,"Ugh, what an unpleasant thing to say.",,
ID00233,0000f622,51,「私は生涯現役だから、太らないの」,"I'll stay fit my whole life, so I won't get fat.",,
ID00233,0000f7d1,45,「整体って行ったことあるか？」,Have you ever been to a massage parlor?,,
ID00233,0000f9b4,60,「ううん、マネージャーに勧められたことは,"Well, the manager recommended it once,",,
ID00233,0000f9ff,36,　あるけど、行ってない」,but I never went.,,
ID00233,0000fe63,42,「私にはぶろ君がいるからね」,I've got Bro-kun after all.,,
ID00233,0000fff6,36,「はいはい、がんばるよ」,"Sure sure, I'll do my best.",,
ID00233,0001005b,36,「風呂は、ぬるめと熱め、,"The bath is lukewarm and hot,",,
ID00233,0001008e,36,　どっちが好きなんだ？」,which one do you like better?,,
ID00233,00010245,45,「ぬる～いのにしばらく入って、,"and I soak in the warm one for a while,",,
ID00233,00010281,42,　段々熱くしていくのが好き」,I like it when it gets hotter gradually.,,
ID00233,0001054f,21,「長湯だなぁ」,Long bath.,,
ID00233,000106f7,18,「そんなの、,It didn't.,,
ID00233,00010718,54,　今に始まったことじゃないでしょ？」,is it?,,
ID00233,000108ca,63,「季節の変わり目って、風邪引きやすいから、,"When the seasons change, you get sick easily,",,
ID00233,00010918,24,　気をつけてな」,so be careful.,,
ID00233,00010acf,54,「そうね、薄着しすぎないようにする」,"Right, I'll make sure to dress warmly.",,
ID00233,00010e0a,42,「ありがと、心配してくれて」,Thanks for worrying about me.,,
ID00233,00010fb0,60,「太く短く生きるのと、細く長く生きるの、,"Living big and short, or living small and long?",,
ID00233,00010ffb,27,　どっちがいい？」,Which is better?,,
ID00233,000111c5,33,「もちろん太く短くよ」,"Of course, big and short.",,
ID00233,000114b4,54,「なにか…私が生きた証を残したい…」,I want to leave some proof that I lived...,,
ID00233,000117b8,51,「けど、長生きに越したことないし、,"But, there's nothing better than longevity.",,
ID00233,000117fa,45,　無茶はしないようしなきゃね」,So no taking unnecessary risks.,,
ID00233,00011acb,30,「ははは、そうだな」,"Haha, yeah.",,
ID00233,00011b2a,45,「不意に涼しい夜があるから…」,Just in case a cool night comes up...,,
ID00233,00011cf6,42,「そうね、風邪引かないように,Be careful.,,
ID00233,00011d2f,30,　気をつけなきゃね」,Got it.,,
ID00234,00002348,33,「ダイエットのために、,Do you swim for weight loss?,,
ID00234,00002378,54,　よく学校のプールを泳いでるのか？」,Do you often swim at the school pool for that?,,
ID00234,00002541,48,「そうよ。体育の後のお昼休みの、,It's a good use of time.,,
ID00234,00002580,36,　有効な活用法でしょ？」,That's an effective use.,,
ID00234,000029ad,57,「常に体を引き締めておかなくっちゃね」,You gotta keep your body tight at all times.,,
ID00234,00002a27,39,「ユイ姉って、足をつかずに,How far can you swim?,,
ID00234,00002a5d,39,　どれぐらい泳げるんだ？」,I wonder how far you can go?,,
ID00234,00002c17,42,「１００メートルぐらいかな。,Maybe a hundred meters or so.,,
ID00234,00002c50,36,　そんなに早くないけど」,"Not that fast, though.",,
ID00234,000030b4,30,「好きよ、泳ぐのは。,I like swimming.,,
ID00234,000030e1,54,　気持ちいいし、ダイエットにいいし」,It's relaxing and good for dieting.,,
ID00234,00003540,48,「ビーチの授業と、プールの授業、,"Beach class and pool class,",,
ID00234,0000357f,27,　どっちがいい？」,Which is better?,,
ID00234,0000372d,51,「プールよ。ビーチは砂がつくから、,pool is better.,,
ID00234,0000376f,33,　洗い流すのが大変で」,"the beach gets sandy, so",,
ID00234,00003c17,33,「リゾートで行くなら、,"If it’s a resort trip,",,
ID00234,00003c47,42,　ビーチの方が好きだけどね。,I prefer the beach.,,
ID00234,00003c80,57,　ショッピングモールで買い物できるし」,You can go shopping at the mall too.,,
ID00234,00003fa7,63,「こう暑いと、体育は全部水泳でもいいよな」,"It's so hot, maybe we could do all PE in the pool?",,
ID00234,00004179,63,「嫌よ、そんなの。日に焼けちゃうじゃない」,No way! I'll get sunburned!,,
ID00234,00004486,54,「体育館で適度な運動ってのが最高よ」,Working out in the gym is perfect.,,
ID00234,0000479d,30,「まぁちゃんは結局、,Maa-chan never did.,,
ID00234,000047ca,51,　泳げるようにならなかったわねぇ」,did she?,,
ID00234,00004aa1,48,「手取り足取り教えたんだけどな」,I taught her step-by-step though.,,
ID00234,00004c64,60,「私も教えたんだけど、使い手の宿命とか、,I taught you too.,,
ID00234,00004caf,63,　等価交換とか、よくわかんないこと言って、,Don't get equivalent exchange.,,
ID00234,00004cfd,33,　逃げちゃうのよねぇ」,She just runs away though.,,
ID00234,000052a6,36,「本人、気にしてないし、,"She doesn't care herself,",,
ID00234,000052d9,33,　いいんじゃないか？」,to take your mind off things?,,
ID00234,0000548d,45,「水が嫌いってわけじゃないし、,"I mean she's not actually afraid of water,",,
ID00234,000054c9,57,　プールでも楽しそうに遊んでるものね」,and seems to have fun swimming in the pool too.,,
ID00234,0000567e,42,「ユイ姉の得意な泳ぎって？」,What's Ui good at swimming?,,
ID00234,0000583b,60,「得意っていうか、好きなのはクロールよ。,I love freestyle.,,
ID00234,00005886,45,　一番カロリー消費がいいから」,It burns the most calories.,,
ID00234,00005cf3,60,「ひとかきひとかきに、想いを乗せるのよ。,I put my feelings into every stroke.,,
ID00234,00005d3e,39,　燃えろ～、脂肪め～って」,"Burn up, you fatty!",,
ID00234,000061b2,18,「はははは」,Hahaha,,
ID00234,00006205,51,「うちのプールって、きれいだよな」,Our pool is so pretty.,,
ID00234,0000640e,42,「そうね～、リゾートホテルの,Yeah~ it rivals a resort hotel's,,
ID00234,00006447,30,　プール顔負けよね」,"pool, doesn't it?",,
ID00234,00006733,63,「見栄えがするし、動画のロケーションとして,It looks great and would be perfect,,
ID00234,00006781,39,　バッチリなんじゃない？」,for filming.,,
ID00234,00006a4c,18,「そうだな」,You're right.,,
ID00234,00006bf1,42,「あとは、ぶろ君の腕次第ね」,"It's up to you, Bro-kun.",,
ID00234,00006d84,24,「うっさいぞー」,Shut up already.,,
ID00234,00006ddd,21,「水泳って…」,"Swimming, huh...",,
ID00234,00006f85,54,「そうね～、いい運動になるわよね～」,"Yeah, it'll be a good workout~",,
ID00234,0000729c,63,「どう？　私の水着を選ぶのは楽しかった？」,How was it? Did you enjoy picking out my swimsuit?,,
ID00234,0000757f,42,「か、からかうなよ、ユイ姉」,"Don't tease me, Yui-nee.",,
ID00234,00007705,27,「肩紐を結ぶ指が、,Your tying fingers are,,
ID00234,0000772f,48,　ちょっと震えちゃってたりね～」,Kind of trembling a little~,,
ID00234,00007a3a,24,「震えてねぇ！」,They're not shaking!,,
ID00234,00007ac4,33,（ユイ姉のスク水姿…）,(Yui-nee in her swimsuit...),,
ID00234,00007cfc,45,「なぁに？　じっと見ちゃって。,What's up? You're staring.,,
ID00234,00007d38,39,　私のスク水姿に釘付け？」,Are you fixated on my swimsuit?,,
ID00234,000080e1,39,「そ、そうじゃないって！」,"N-No, that's not it!",,
ID00234,0000829b,42,「フフッ、隠さない隠さない。,"Hehe, I'm not hiding anything.",,
ID00234,000082d4,54,　さすが私ね。弟も惑わしちゃうかぁ」,My little brother gets distracted.,,
ID00234,0000876a,33,「水泳の授業の後って、,After swimming class...,,
ID00234,0000879a,36,　疲れて眠くなるよなぁ」,You get tired and sleepy.,,
ID00234,00008951,33,「ホ～ント、先生の声が,"Honestly, the teacher's voice",,
ID00234,00008981,42,　子守歌に聞こえるのよねぇ」,really sounds like a lullaby.,,
ID00234,00008cc0,39,「あれで眠くならないのは、,"You'd think you couldn't stay awake,",,
ID00234,00008cf6,63,　体力が有り余ってるか、余程の勉強好きね」,You have too much energy.,,
ID00234,00008ee8,60,「スク水って、なんで紺とか黒なんだろ？」,Why are swimsuits usually navy or black?,,
ID00234,000090b7,54,「出来るだけ地味にしたいんじゃない？,Don't you want to be as inconspicuous as possible?,,
ID00234,000090fc,33,　授業で着るものだし」,It's just for class after all.,,
ID00234,00009422,39,「私は、派手な水着の方が、,"I prefer flashy swimsuits myself,",,
ID00234,00009458,51,　盛り上がっていいと思うけどね～」,I think it's fine to go all out~,,
ID00234,00009779,63,「モデルやってると、色んな水着を着るよな」,"When you're a model, lots of swimsuits.",,
ID00234,0000994b,39,「そうね～、競泳水着から、,Yeah~ from racing swimsuits to,,
ID00234,00009981,36,　セクシーなビキニまで、,"sexy bikinis,",,
ID00234,000099b4,51,　着たことがない水着がないくらい」,I've tried on every swimsuit.,,
ID00234,00009f62,36,「水泳選手でもないのに、,"We're not even swimmers, but",,
ID00234,00009f95,51,　競泳水着を着たことがあるなんて、,"to have worn racing swimsuits,",,
ID00234,00009fd7,39,　私たちぐらいじゃない？」,aren't we the ones?,,
ID00234,0000a2d9,18,「はははは」,Hahaha,,
ID00234,0000a32c,57,「競泳水着の着心地って、どんな感じ？」,How does it feel to wear a racing swimsuit?,,
ID00234,0000a4f8,33,「ぴっちりしてるわね。,It's really tight.,,
ID00234,0000a528,39,　体が引き締められる感じ」,You feel your body tightening.,,
ID00234,0000a854,51,「けど、腕と脚は動かしやすいのよ」,"But, they're easy to move your arms and legs in.",,
ID00234,0000a9f0,15,「へ～っ」,Wow...,,
ID00234,0000ab92,42,「ま、男の人が気になるのは、,"Well, guys are more interested in",,
ID00234,0000abcb,45,　下のハイカット具合でしょ？」,"how low-cut they are, right?",,
ID00234,0000aeb2,30,「う…言い返せねぇ」,Ugh... I can't argue.,,
ID00234,0000af11,57,「ユイ姉の好きな水着って、どんなの？」,What kind of swimsuit does Ui-onee like?,,
ID00234,0000b0dd,39,「好きなのは…マイクロ…」,My favorite... is micro...,,
ID00234,0000b2a4,24,「マイクロ！？」,Micro?!?,,
ID00234,0000b44f,51,「な～んてね、そんな訳ないでしょ。,"I was just kidding, of course not.",,
ID00234,0000b491,54,　モノキニなんか面白いんじゃない？」,"Monokini's way more fun, right?",,
ID00234,0000b914,21,「モノキニ？」,Monokini?,,
ID00234,0000ba85,42,「前から見るとワンピースで、,"It looks like a one-piece from the front,",,
ID00234,0000babe,57,　後ろから見るとビキニに見える水着よ。,but like a bikini from behind.,,
ID00234,0000bb06,45,　すっごくセクシーなんだから」,It's super sexy.,,
ID00234,0000be21,33,「水泳の楽しさって…」,Swimming is so much fun...,,
ID00234,0000bfd5,27,「フフッ、その上、,"Hehe, and on top of that,",,
ID00234,0000bfff,48,　いっぱいカロリー消費するしね」,You burn a lot of calories too.,,
ID00234,0000c482,60,「せっかくの仕事抜きのプールだったのに、,"I was looking forward to the pool without work, but",,
ID00234,0000c4cd,42,　結局、ぶろ君のカメラの前に,"In the end, in front of Bro-kun's camera.",,
ID00234,0000c506,27,　立っちゃったか」,You did it huh?,,
ID00234,0000c7fc,30,「いきなり、ごめん」,Sorry for just showing up.,,
ID00234,0000c9ad,54,「いいわよ、１カットだけだったしね。,"It's fine, it was only one shot anyway.",,
ID00234,0000c9f2,39,　その後、存分に泳げたし」,I got to swim plenty after that.,,
ID00234,0000cd38,33,（ユイ姉のスク水姿…）,(Yui-nee in her swimsuit...),,
ID00234,0000cf82,12,「あ…」,...,,
ID00234,0000d14c,39,「も、もう、じっと見ない！,D-Don't stare at me anymore!,,
ID00234,0000d182,42,　弟とはいえ、照れるでしょ」,You'd be embarrassed too.,,
ID00234,0000d281,18,「わ、悪い」,S-Sorry,,
ID00234,0000d2d4,60,「挑戦したいマリンスポーツってあるか？」,Is there a marine sport you want to try?,,
ID00234,0000d4a3,48,「パラセーリングをやってみたい。,I wanna do parasailing.,,
ID00234,0000d4e2,39,　青い空と海を満喫するの」,Enjoy the blue sky and sea.,,
ID00234,0000d6a9,54,「高いとこ好きだなぁ。怖くないか？」,You like heights? Aren't you scared?,,
ID00234,0000d895,42,「ちっとも。世界を見渡せて、,See the world from up high.,,
ID00234,0000d8ce,33,　気持ちいいじゃない」,It's so nice.,,
ID00234,0000dbdd,63,「スパッツタイプのスク水って、どう思う？」,What do you think of spats-type swimsuits?,,
ID00234,0000ddaf,27,「時代が一周して、,"A cycle has passed,",,
ID00234,0000ddd9,39,　古くなっちゃった感じ？」,they feel old-fashioned?,,
ID00234,0000e0ce,39,「いっそ、膝丈の競泳水着を,How about a knee-length one?,,
ID00234,0000e104,57,　スク水にしちゃえばいいと思うけどね」,I think that'd be better.,,
ID00234,0000e52f,63,「うちのスク水のデザインって、どう思う？」,What do you think of our swimsuit design?,,
ID00234,0000e701,42,「変わってていいんじゃない？,Isn't it cool to have something different?,,
ID00234,0000e73a,48,　三角のラインがスポーティよね」,The triangle line makes it sporty.,,
ID00234,0000ea58,42,「そろそろ泳ぎ納めだけど…」,Season's end is near.,,
ID00234,0000ec15,48,「そうねぇ…なんだか名残惜しい」,Yeah... I kind of feel bad to part with it.,,
ID00235,00003b12,57,「さすがユイ姉、体操服のウオーキング、,"As expected of you, Yui-nee.",,
ID00235,00003b5a,54,　まるでファッションショーだったよ」,just like a fashion show.,,
ID00235,00003d23,45,「当たり前よ、プロなんだから」,"It's my job, I'm a pro.",,
ID00235,0000401e,54,「どんな服装でも、魅せてみせるわよ」,"No matter what I wear, I'll show off.",,
ID00235,000041d0,42,「スカートの下にブルマとは、,"There's a leotard under the skirt,",,
ID00235,00004209,27,　刺激的だったよ」,That was provocative.,,
ID00235,000043b7,51,「うわぁ…姉のブルマ姿を喜ぶとか、,"Ugh... I'm so glad you liked my leotard look,",,
ID00235,000043f9,21,　ドン引き…」,I can't believe it...,,
ID00235,000046e9,48,「お、俺は、被写体としてだな！」,"Hey, I'm the one getting photographed here!",,
ID00235,000048ac,54,「はいはい、ぶろ君はブルマ好きっと」,"Yeah, yeah, bro's into bikinis.",,
ID00235,00004bbd,18,「ったく…」,...Man...,,
ID00235,00004c10,51,「撮影がなければやれるんだけどな、,"I could do it if there wasn't a shoot going on,",,
ID00235,00004c52,24,　バレーボール」,volleyball.,,
ID00235,00004dfd,45,「そうね、時期が悪かったわね」,"Well, the timing was bad.",,
ID00235,0000513f,45,「撮影が終わったら、いくらでも,"Once we're done with this shoot,",,
ID00235,0000517b,36,　レシーブしてやるわよ」,I'll catch as many as you want.,,
ID00235,00005480,63,「ひめちゃんって、体操やってるだけあって、,"Hime-chan, your gymnastics training really shows,",,
ID00235,000054ce,63,　背筋がピンッと伸びて、きれいなのよねぇ」,your back is so straight and beautiful.,,
ID00235,00005a88,36,「モデルになれば、絶対に,"If you become a model, I'm sure",,
ID00235,00005abb,39,　仕事あると思うけどなぁ」,you'll get work.,,
ID00235,00005c9f,57,「ユイ姉みたいに、雑誌のグラビアを飾る,"Like how Yui-nee poses for magazine spreads,",,
ID00235,00005ce7,45,　凜世なんて、想像つかないよ」,I can't even imagine Rinze doing that.,,
ID00235,00005d71,57,「ユイ姉みたいに、雑誌のグラビアを飾る,"Like how Yui-nee poses for magazine spreads,",,
ID00235,00005db9,45,　妃月なんて、想像つかないよ」,I can't even imagine Himeragi doing that.,,
ID00235,00005f71,54,「フフッ、そうね。あり得ないわよね」,"Hehe, yeah. It's impossible.",,
ID00235,00006295,51,「相良さんと一緒にランニングか…」,Running with Sagara-san...,,
ID00235,0000645b,60,「フフッ、いいでしょ？　うらやましい？」,"Hehe, isn't it nice? Jealous?",,
ID00235,00006772,63,「この暑いのに、ランニングってとこがなぁ」,"It's hot out, but I like that you're running.",,
ID00235,00006944,51,「だからいいんじゃない、汗が出て。,"So it's good, right? You're sweating.",,
ID00235,00006986,33,　わかってないわねぇ」,"You really don't get it, do you?",,
ID00235,00006c95,63,「キックターゲットは、マトに当てるゲームで,Kick target is aiming for the bullseye.,,
ID00235,00006ce3,54,　ただボールを蹴る遊びじゃないぞ？」,It's not just kicking the ball around.,,
ID00235,00006eac,33,「いいの、楽しければ。,That's fine if you're having fun.,,
ID00235,00006edc,45,　おかげでスッキリしちゃった」,"Thanks to that, I feel refreshed now.",,
ID00235,000070bc,57,「ユイ姉って、結構、足が速い方だよな」,Yui-nee is actually pretty fast.,,
ID00235,00007288,51,「そんなに運動してないわりにはね」,Even though you don't do much exercise.,,
ID00235,0000744e,36,「ちゃ～んと練習すれば、,"If you trained properly,",,
ID00235,00007481,60,　陸上部にも引けを取らないんだけどなぁ」,"you'd be just as good as the track team, ya know?",,
ID00235,00007798,18,「はいはい」,Sure sure.,,
ID00235,000077eb,36,「苦手なスポーツって？」,What sport are you bad at?,,
ID00235,000079a2,39,「ボクシングね。殴られると,"Boxing. When I get hit,",,
ID00235,000079d8,57,　血が出るじゃない？　あれが苦手で…」,"I bleed, right? That's what I'm bad at...",,
ID00235,00007f55,45,「目とかすっごく腫れちゃって、,"My eyes swell up really badly,",,
ID00235,00007f91,63,　見てられない。ぶろ君がやるって言ったら、,"I can't stand it. When you said you'd do it,",,
ID00235,00007fdf,24,　絶対反対する」,I'd oppose it.,,
ID00235,0000857f,45,「安心してくれ、やんねーから」,"Don't worry, I won't do it.",,
ID00235,000085ed,48,「ユイ姉って、体、柔らかいよな」,"Yui-nee's body is really soft, right?",,
ID00235,000087b0,57,「大事だからね、柔軟性は。体が固いと、,"It's important to be flexible. If your body's stiff,",,
ID00235,000087f8,51,　ポーズがぎこちなくなるでしょ？」,"your poses will look awkward, right?",,
ID00235,00008da6,24,「小さい頃から、,"Ever since I was little,",,
ID00235,00008dcd,54,　ストレッチを欠かした日はないわよ」,there hasn't been a day when I didn't stretch.,,
ID00235,00008f7f,60,「サッカーと野球なら、どっちが好きだ？」,"Which one do you like better, soccer or baseball?",,
ID00235,0000914e,36,「そりゃあ、サッカーよ。,"Of course, soccer.",,
ID00235,00009181,60,　髪型とか、個性的な人が多いじゃない？」,There are many unique hairstyles.,,
ID00235,000095c6,63,「野球は丸刈りの印象がすごくあるのよねぇ」,Baseball's all buzz cuts.,,
ID00235,000098a9,51,「まぁ、髪型の自由はなさそうだな」,No hair freedom there.,,
ID00235,0000991d,45,「ユイ姉って、チームスポーツが,"You're not good at team sports, Yui-nee.",,
ID00235,00009959,27,　苦手そうだよな」,aren't you?,,
ID00235,00009b07,51,「まぁね。人に合わせるの苦手だし、,"Yeah. I'm bad at going with the flow,",,
ID00235,00009b49,21,　難しいわね」,it's tough.,,
ID00235,00009d65,36,「得意なスポーツって？」,What's your favorite sport?,,
ID00235,00009f1c,24,「陸上が好きよ」,I like track and field.,,
ID00235,0000a0c7,39,「少しでも記録が伸びると、,"It's nice when my times improve, right?",,
ID00235,0000a0fd,33,　うれしいじゃない？」,aren't you happy then?,,
ID00235,0000a2d1,45,「ユイ姉って、体育の成績は？」,"How are you doing in PE class, Yu-san?",,
ID00235,0000a491,60,「仕事で休みがちだから、よくはないわね」,"You're often absent for work, so not great.",,
ID00235,0000a79b,63,「本気出せば、いい成績取れるんだけどなぁ」,"If I really tried, I could get good grades.",,
ID00235,0000aa91,63,「テレビのスポーツ中継でよく見るのって？」,The sports you often see on TV?,,
ID00235,0000ac63,63,「スポーツは結果だけわかればいいって感じ。,It's just the results that matter in sports.,,
ID00235,0000acb1,39,　ニュースとかネットでね」,"You know, on news and stuff online.",,
ID00235,0000b118,45,「試合に勝ったり、優勝した人の,I find interviews with winners or champions,,
ID00235,0000b154,42,　インタビューが面白いのよ」,really interesting.,,
ID00235,0000b46c,54,「体操選手の運動神経ってすごいよな」,Gymnasts have amazing coordination skills.,,
ID00235,0000b641,45,「そうね～、素質って大事よね」,"Yeah, talent is important, isn't it?",,
ID00235,0000b973,33,「一流のアスリートは、,Top athletes chosen.,,
ID00235,0000b9a3,57,　みんな選ばれた人なんだなぁって思う」,aren't they?,,
ID00235,0000bcda,63,「ユイ姉って、レオタード着たことあるよな」,"You've worn a leotard before, right, Yuichan?",,
ID00235,0000beb8,42,「あるわよ、撮影で何度もね」,I've had plenty.,,
ID00235,0000c1e7,51,「レオタードって、体操はもちろん、,"Leotards for gymnastics,",,
ID00235,0000c229,57,　グラビア、レースクイーンに至るまで、,"for glamour shots and race queen outfits too,",,
ID00235,0000c271,54,　幅広く使われるスポーツウェアよね」,aren't they? They're pretty versatile sports wear.,,
ID00235,0000c82f,18,「はははは」,Hahaha,,
ID00235,0000c882,54,「腕立て伏せって何回ぐらい出来る？」,How many push-ups can you do?,,
ID00235,0000ca4b,33,「１５回は出来るわよ」,Fifteen or so.,,
ID00235,0000cbd5,21,「お、スゲェ」,Whoa!,,
ID00235,0000cd7d,60,「バストアップにいいのよ、腕立て伏せは」,Push-ups are great for bust growth.,,
ID00235,0000cf35,45,「ダンスの授業って、好きか？」,Do you like dance class?,,
ID00235,0000d0f5,39,「好きよ、有酸素運動だし」,"I like them, they're aerobic exercise.",,
ID00235,0000d421,45,「毎回ダンスでもいいぐらいよ」,It's almost as good as dancing every time.,,
ID00235,0000d48f,30,「体育の授業って…」,Physical education class...,,
ID00235,0000d640,60,「そうよ～、ぶろ君は運動不足なんだから、,"That's right, Bro-kun is out of shape, so",,
ID00235,0000d68b,33,　手を抜いちゃダメよ」,You can't slack off.,,
ID00235,0000daff,48,「スイカ割り、楽しかったわね～。,Watermelon smashing was fun.,,
ID00235,0000db3e,48,　まぁちゃんもノリノリだったし」,Maa-chan was really into it too.,,
ID00235,0000dd0e,33,「俺も童心に帰れたよ」,I got to be a kid again too.,,
ID00235,0000dec2,57,「フフッ、いいわね、３人の夏休みって」,"Hehe, summer break with you three.",,
ID00235,0000e1e9,48,「ユイ姉って、ダンスうまいよな」,Yui-nee is really good at dancing.,,
ID00235,0000e3ac,63,「フフッ、魅せる動きに慣れてるってことよ」,"Hehe, it's because you're used to showing off.",,
ID00235,0000e5cf,33,（ユイ姉の体操服姿…）,Yui-nee in her gym clothes...,,
ID00235,0000e807,48,「はぁ…姉の脚に釘付けってのも、,Haa... Getting stuck on your sister's legs is...,,
ID00235,0000e846,33,　どうかと思うわよ？」,I don't think that's a good idea?,,
ID00235,0000e93c,36,「そ、そうじゃないって。,S-That's not it.,,
ID00235,0000e96f,39,　体操服にニーソックスって,You don't really wear,,
ID00235,0000e9a5,45,　あんまり履かないよな、と…」,leggings with a PE uniform...,,
ID00235,0000eb65,24,「面白いでしょ？,Isn't that interesting?,,
ID00235,0000eb8c,54,　ファッションは遊び心も大事なのよ」,Fashion is all about fun too.,,
ID00235,0000eeb0,57,「スポーツテストで一番得意なのって？」,You're best at the sports test?,,
ID00235,0000f07c,39,「ハンドボール投げ、かな」,Maybe handball throw?,,
ID00235,0000f371,42,「男子顔負けの投げ方だって、,"They say you can throw like a guy,",,
ID00235,0000f3aa,39,　ほめられたことあるのよ」,You've been praised for it before.,,
ID00235,0000f54d,54,「ユイ姉が野球の始球式に呼ばれたら、,"If Yui-nee was asked to throw the first pitch,",,
ID00235,0000f592,36,　ノーバンいけそうだな」,she could probably do it no problem.,,
ID00235,0000f749,63,「あ、ノーパン始球式と空目しちゃうアレね」,"Oh, no panties mixed up with first pitch.",,
ID00235,0000fbc8,57,「いいわね～、ノーパン決めちゃうわよ」,That's nice~ I'll go all out then.,,
ID00235,0000fd6a,42,「ノーバンだ！　ノーバン！」,No panties! No panties!,,
ID00235,0000ff27,33,「フフッ、空耳、空耳」,"Heheh, misheard, misheard.",,
ID00235,000100c4,45,「キャンプへ行くなら、海と山、,"If we camp, beach or mountains.",,
ID00235,00010100,27,　どっちがいい？」,Which is better?,,
ID00235,000102ae,54,「山ね。海は撮影で散々行ってるから」,"Mountains, I've been to beaches enough.",,
ID00235,00010724,51,「高いところに登るの、好きだしね」,I like climbing up high places too.,,
ID00235,00010a38,57,「スポーツが得意な男はモテるんだから、,"Sports are popular with girls, you know.",,
ID00235,00010a80,39,　もっとがんばりなさいよ」,You can do better than that.,,
ID00235,00010d82,54,「別にモテたいからってスポーツを…」,It's not like I'm doing sports just to be popular...,,
ID00235,00010f4b,42,「動機なんて不純でいいのよ。,Your motives don't have to be pure.,,
ID00235,00010f84,33,　男って、モテたいから,Guys do things to get attention.,,
ID00235,00010fb4,39,　がんばる生き物じゃない」,They're animals that work hard for it.,,
ID00235,000112b6,33,「ぐぐ…言い返せない」,...Guh...I can't argue back,,
ID00235,00011318,36,「護身術に合気道なんか、,"Self-defense with aikido, huh?",,
ID00235,0001134b,45,　覚えるといいんじゃないか？」,Maybe it's good to learn that kind of stuff?,,
ID00235,0001150b,45,「ん～、太極拳の方がいいかな。,Mmm...maybe tai chi is better.,,
ID00235,00011547,33,　美容に良さそうだし」,It seems good for my looks.,,
ID00235,00011856,60,「朝練やってる運動部って、大変だよなぁ」,Morning practice's tough.,,
ID00235,00011a25,45,「軽い運動ならいいんだけどね。,As long as it's light exercise though.,,
ID00235,00011a61,48,　早寝早起きで、いい生活リズムが,Waking up early and going to bed early makes,,
ID00235,00011aa0,21,　作れるから」,I can make one.,,
ID00235,00011ff9,42,「けど、起き抜けに猛練習は、,But intense training right away is,,
ID00235,00012032,45,　あんまりよくないと思うなぁ」,"not so good, I think.",,
ID00235,0001234d,39,「ウエストの引き締めには、,"For tightening the waist,",,
ID00235,00012383,39,　腹筋がよさそうだよな？」,"crunches seem pretty effective, huh?",,
ID00235,0001253d,33,「適度にしておけばね」,As long as you're moderate.,,
ID00235,0001282c,51,「やりすぎて腹筋が割れちゃったら、,"If your abs get too cut from overdoing it,",,
ID00235,0001286e,39,　可愛げがなくなっちゃう」,you'll lose that cute look.,,
ID00235,00012a48,63,「スマートウォッチって、心拍数とか計れて、,Smartwatches can measure heart rate and,,
ID00235,00012a96,54,　エクササイズにいいんじゃないか？」,Isn't it good for exercise?,,
ID00235,00012c5f,45,「ん～、それはそうなんだけど、,"Hmm, that's true, but...",,
ID00235,00012c9b,30,　デザインがねぇ…」,The design is lacking...,,
ID00235,000130f9,48,「もうちょっと、薄くて、軽くて、,If they were a bit thinner and lighter...,,
ID00235,00013138,45,　オシャレになったら、考える」,I'll think about it if they get more stylish.,,
ID00235,0001357b,63,（薄くて軽いのは、なかなか無理だろうなぁ）,Probably can't make 'em thin.,,
ID00235,000135fb,57,「スポーツジムに通ったりしないのか？」,Don't you go to the gym or anything?,,
ID00235,000137c7,30,「卒業したら考える。,I'll think about it then.,,
ID00235,000137f4,51,　運動する機会が減るだろうからね」,Since you'll have fewer chances to exercise.,,
ID00235,000139a3,30,「日々の運動って…」,Daily exercise...,,
ID00235,00013b54,54,「そうよぉ、ぶろ君もがんばりなさい」,"Yeah, do your best too, Bro-kun!",,
ID00235,00013ea2,57,「階段から落ちそうになったまぁちゃんを,I caught Maa-chan.,,
ID00235,00013eea,42,　抱き止めたのが私だなんて、,"that I saved her like that,",,
ID00235,00013f23,39,　出遅れてどうすんのよ？」,You're just being slow!,,
ID00235,00014225,15,「悪い…」,Sorry...,,
ID00235,000143c7,39,「ホ～ント、鈍いんだから」,"Really, you are so dense.",,
ID00235,0001459b,33,（ユイ姉の体操服姿…）,Yui-nee in her gym clothes...,,
ID00235,000147e5,48,「フフッ、ぶろ君は私の体操服姿に,"Hehe, Bro-kun is staring at my gym clothes.",,
ID00235,00014824,21,　釘付けっと」,"You're glued, huh.",,
ID00235,0001490e,39,「そ、そういうわけじゃ！」,"N-no, that's not it!",,
ID00235,00014ac8,51,「いいのよ、見ても。弟なんだもん、,"It's fine, go ahead.",,
ID00235,00014b0a,39,　いくらでも見せてあげる」,I'll let you see as much as you want.,,
ID00235,00014f87,24,「ほら、ほらぁ」,"Look, look.",,
ID00235,00015155,45,「くっ、からかうなよ、ユイ姉」,"Cut it out, Yuu-neesan.",,
ID00235,000151c3,60,「体育のソフトボールのポジションって？」,What position do you play in softball?,,
ID00235,00015392,63,「外野ね。返球がいいから、みんな喜ぶのよ」,Outfield. They love it.,,
ID00235,00015824,27,「涼しくなったら、,When it cools down.,,
ID00235,0001584e,57,　みんなでサイクリングなんていいわね」,we can all go cycling together.,,
ID00235,00015b2b,33,「真奈が乗れないぞ？」,"You can't ride a bike, Mana?",,
ID00235,00015cdf,45,「サイクリングコースへ行くと、,"When we get to the cycling course,",,
ID00235,00015d1b,60,　２人乗りの自転車を借りられるじゃない？,"you can rent tandem bikes, right?",,
ID00235,00015d66,45,　まぁちゃんはぶろ君とそっち」,"Maa-chan, you and Bu-ro-kun over there.",,
ID00235,0001606e,45,「はぁ…俺が２人分漕ぐのか…」,Hah... I'll have to pedal for both of us...,,
ID00235,0001622e,57,「かわいい妹の為なんだから、当たり前」,"It's for my cute sis, of course.",,
ID00235,000163d0,45,「はいはい、わかってますって」,"Yeah, yeah, I know.",,
ID00235,000165a3,33,「あ～あ…卒業したら、,"Aah... Once we graduate,",,
ID00235,000165d3,36,　バレーもバスケットも、,No ball sports.,,
ID00235,00016606,51,　やる機会がなくなるんだろうなぁ」,No more chances.,,
ID00235,00016914,21,「そうだな…」,Yeah...,,
ID00235,00016abc,57,「今度、３人で、トスバレーやろっか？」,Let's play!,,
ID00235,00016d99,45,「おっ、いいな。真奈も喜ぶよ」,Sounds good!,,
ID00235,00016f59,39,「フフッ、すごそうな名前の,"Hehe, what a cool-sounding name,",,
ID00235,00016f8f,36,　レシーブしてくれそう」,She'd probably catch it for you.,,
ID00235,00017257,30,「明後日の方向にな」,Look ahead.,,
ID00235,000172b6,51,「冬の長距離走大会に参加するのも、,"Participating in the winter long-distance race is,",,
ID00235,000172f8,24,　次で最後だな」,It'll be my last.,,
ID00235,000174a3,57,「そうね～、毎年楽しみだったのに残念」,Sigh~ I was looking forward to it every year though.,,
ID00235,000178e5,45,「体育の授業も大会にあわせて、,PE will focus on it.,,
ID00235,00017921,54,　ランニングが主体になるじゃない？」,won't they? It'll mainly be running.,,
ID00235,00017c25,42,「有酸素運動がしたい私には、,"For me who wants aerobic exercise,",,
ID00235,00017c5e,42,　もってこいだったのよね～」,it couldn't have been better.,,
ID00235,00017df1,60,「長距離走が楽しみなんて、少数派だよ…」,You're in the minority there...,,
ID00235,00017e6e,48,「いつか、ホノルルマラソンとかに,Someday you'll try it.,,
ID00235,00017ead,30,　挑戦しそうだよな」,You seem like it.,,
ID00235,00018027,24,「あ、いいわね」,"Oh, that's nice.",,
ID00235,00018344,36,「ハワイの景色を見ながら,Checkin' out Hawaii's views,,
ID00235,00018377,36,　４２．１９５キロか…」,runnin' 42.195 km... huh?,,
ID00235,00018669,51,「まぁちゃんはゴールで待ってるだけ,"Maa-chan'll just be waitin' at the finish line, so",,
ID00235,000186ab,54,　だろうから、ぶろ君は一緒に参加ね」,Bro-kun's gonna join you too.,,
ID00235,00018985,36,「ゲエッ、無茶言うな！」,"Geez, you're pushin' it!",,
ID00235,00018b3c,30,「一緒に走らなくて、,"If we don't run together,",,
ID00235,00018b69,42,　どうやって動画録るのよ？」,how the hell'll I record it?,,
ID00235,00018cfc,33,「うぐぐ…考えとく…」,Ugh...I'll think about it...,,
ID00235,00018d5e,36,「スキーとスケートなら、,"Which one do you like better,",,
ID00235,00018d91,36,　どっちが好きだっけ？」,skiiin' or skatin'?,,
ID00235,00018f48,33,「私はスノーボード派」,I'm a snowboard kinda gal.,,
ID00235,00019200,45,「スキーよりスピード出ないし、,"It's not as fast as skiiin',",,
ID00235,0001923c,45,　軽く楽しむなら、スノボの方が,Snowboarding's better fun,,
ID00235,00019278,51,　大きなケガをしないんじゃない？」,You're less likely to get seriously hurt right?,,
ID00235,00019599,57,「日本のフィギュアスケートの選手って、,Figure skaters in Japan are,,
ID00235,000195e1,42,　世界トップクラスだよなぁ」,at the top of their game aren't they,,
ID00235,0001979e,36,「ホント、すごいわよね」,It's really amazing isn't it,,
ID00235,00019955,51,「ハードな運動なのに、いつも笑顔で,Even though it's such a tough sport,,
ID00235,00019997,51,　スピンしたり、ジャンプしたり…」,They look so happy spinning,,
ID00235,00019e0a,60,「きっと普段、猛練習してるんでしょうね。,I bet they train super hard all the time.,,
ID00235,00019e55,24,　応援しなきゃ」,so cheer for them.,,
ID00235,0001a15b,45,「ミツミキャンプが終わったら、,Check out my room later.,,
ID00235,0001a197,36,　ジャージに衣替えだな」,Changing to tracksuit.,,
ID00235,0001a34e,60,「そうね～、ショートパンツともお別れか」,"Yeah, guess it's time to say goodbye to the shorts.",,
ID00235,0001a658,57,「卒業しても、仕事でブルマを履くことは,I might still wear one.,,
ID00235,0001a6a0,27,　ありそうだけど」,but that's okay.,,
ID00235,0001a95f,18,「はははは」,Hahaha,,
ID00235,0001a9b2,39,「この間、体育の授業で…」,In P.E. class the other day...,,
ID00235,0001ab78,48,「そうそう、がんばって運動して、,"Right, right, gotta get moving and",,
ID00235,0001abb7,27,　体を鍛えなきゃ」,I've got to work out too.,,
ID00236,000021a9,63,「水分をよく取って、夏バテしないようにね」,Drink plenty of water and don't get heatstroke.,,
ID00236,00002351,39,「ユイ姉も忙しいんだから、,"Yui-nee's busy too, so",,
ID00236,00002387,30,　体調に気をつけて」,take care of yourself.,,
ID00236,00002538,60,「わかってるって。仕事に穴を開けるわけに,I know that. I can't afford to mess up my work.,,
ID00236,00002583,27,　いかないからね」,I can't afford to screw up.,,
ID00236,0000288c,51,「ユイ姉がよく飲む飲みものって？」,I'm asking about what Yui-nee drinks a lot of?,,
ID00236,00002a52,42,「軟水のミネラルウォーター。,It's mineral water with soft water.,,
ID00236,00002a8b,30,　撮影現場のお供ね」,An assistant on set.,,
ID00236,00002c25,36,「スポーツドリンクって、,Sports drinks are...,,
ID00236,00002c58,39,　あんまり飲まないのか？」,You don't drink them much?,,
ID00236,00002e1e,45,「普段はね。甘いから避けてる」,"Usually, yeah. I avoid the sweet ones.",,
ID00236,00003119,36,「スポーツの後に飲むと、,"They're good to drink after sports,",,
ID00236,0000314c,54,　素早く水分が吸収できていいのよね」,since you absorb the fluids quickly.,,
ID00236,00003470,51,「ユイ姉の好きなサンドイッチって、,What kind of sandwich does Ui-onee like?,,
ID00236,000034b2,24,　なんだっけ？」,I forgot.,,
ID00236,0000365d,48,「スタンダードなＢＬＴサンドよ。,It's a standard BLT.,,
ID00236,0000369c,42,　ベーコンとレタスとトマト」,"bacon, lettuce, and tomato.",,
ID00236,00003aeb,57,「ただし、ベーコンはいいものじゃないと,but the bacon has to be good,,
ID00236,00003b33,57,　ダメよ。風味が悪いと、味のバランスが,otherwise it ruins the flavor balance,,
ID00236,00003b7b,33,　壊れちゃうんだから」,it just doesn't work otherwise.,,
ID00236,000040ed,18,「はいはい」,Sure sure.,,
ID00236,00004140,45,「ソーダ類ならなにが好きだ？」,What kind of soda do you like?,,
ID00236,00004300,33,「特に好みはないかな、,I don't really prefer one.,,
ID00236,00004330,42,　なんでも飲むわよ。けど…」,I'll drink anything. But...,,
ID00236,00004763,45,「まぁちゃんがた～まに飲んでる,Maa-chan drinks it sometimes,,
ID00236,0000479f,30,　変なソーダは無理」,No way for weird sodas.,,
ID00236,00004bc6,57,「キュウリ味とか、エスプレッソ味とか、,"Like cucumber flavor or espresso flavor,",,
ID00236,00004c0e,27,　ビックリよね～」,Isn't that surprising~?,,
ID00236,00004f17,57,「コーヒーと紅茶ならどっちが好きだ？」,"Which do you like better, coffee or tea?",,
ID00236,000050e3,54,「どっちも好きだけど、お店で頼むなら,"I like both, but if I order at a cafe,",,
ID00236,00005128,36,　コーヒーね。ラテとか」,I'll go with coffee. Like latte.,,
ID00236,00005562,21,「どうして？」,Why?,,
ID00236,0000570a,60,「きれいなカフェでも、紅茶はティーバッグ,"Even in nice cafes, tea is usually",,
ID00236,00005755,30,　だったりするのよ」,in teabags.,,
ID00236,00005a41,57,「コーヒーならマシンで入れ立てだから、,"If it's coffee, the machine makes it fresh.",,
ID00236,00005a89,39,　そう外さないじゃない？」,"It can't go wrong, right?",,
ID00236,00005d67,57,「こう暑いと、つい冷たい飲みものを…」,"When it's this hot, I end up wanting cold drinks...",,
ID00236,00005f33,63,「そうね～、飲み過ぎに気をつけなくちゃね」,Yeah~ gotta be careful not to drink too much.,,
ID00236,000060ee,39,「コンビニのコーヒーって、,"Convenience store coffee,",,
ID00236,00006124,30,　意外とうまいよな」,"Surprisingly tasty, huh?",,
ID00236,000062e1,63,「そうね～、香りは弱いけど、入れ立てだし、,True~ the aroma is mild but fresh.,,
ID00236,0000632f,39,　値段を考えれば十分よね」,It's good enough for the price.,,
ID00236,00006a56,48,「麦茶って、意外と体にいいのよ」,Barley tea is surprisingly healthy.,,
ID00236,00006bef,24,「そうなのか？」,Is that so?,,
ID00236,00006da6,39,「そう。ノンカロリーだし、,"That's right. It has no calories,",,
ID00236,00006ddc,57,　お茶なのにカフェインも入ってないの」,No caffeine even though it's a tea.,,
ID00236,00007390,42,「オススメの夏の飲みものよ」,It's my recommended summer drink.,,
ID00236,000073fb,33,「ユイ姉って、何時から,When'd you stop eating?,,
ID00236,0000742b,39,　食べないようにしてる？」,"a certain time, Yu-nee?",,
ID00236,000075e5,42,「２１時以降は食べないわよ。,I don't eat anything after 9 PM.,,
ID00236,0000761e,48,　寝る前に食べると太るんだから」,"If I eat before bed, I'll get fat.",,
ID00236,00007a77,48,「パンケーキって流行ってるけど、,"Pancakes are all the rage these days, but",,
ID00236,00007ab6,48,　なにをかけて食べるのが好き？」,What do you like to eat it with?,,
ID00236,00007c79,57,「バターをひとかけらと、バナナを添えて,A little bit of butter and a banana on the side,,
ID00236,00007cc1,27,　食べるのが好き。,is what I like.,,
ID00236,00007ceb,42,　スイーツというより食事ね」,More like a meal than dessert.,,
ID00236,0000813e,51,「コンビニのホットスナックなんて…,Can't stand that junk...,,
ID00236,00008180,27,　食べないよな？」,"You don't eat them, right?",,
ID00236,0000832e,24,「食べないわね。,You really don't.,,
ID00236,00008355,48,　いかにもカロリー高そうだもの」,They sure look high in calories.,,
ID00236,0000868a,33,「揚げ物を食べるなら、,"If I'm going to eat fried food,",,
ID00236,000086ba,42,　野菜もしっかりとりたいし、,Want some veggies.,,
ID00236,000086f3,39,　買い食いはちょっと…ね」,and snacking a little is... not good.,,
ID00236,00008db9,45,「おにぎりとサンドイッチなら、,Rice balls or sandwiches are better.,,
ID00236,00008df5,30,　どっちが好きだ？」,Which one's your favorite?,,
ID00236,00008fa6,21,「おにぎりね」,"A rice ball, then.",,
ID00236,00008fe9,21,「どうして？」,Why?,,
ID00236,00009191,39,「私でも簡単に作れるから。,Even I can make those easily.,,
ID00236,000091c7,63,　サンドイッチはちょっと作るの面倒なのよ」,Making a sandwich is kind of a hassle though.,,
ID00236,000094f4,30,「簡単な食事って…」,Simple food...,,
ID00236,000096b1,51,「そうそう、食べ過ぎには要注意よ」,"Yeah, yeah, don't overeat though.",,
ID00236,000099ee,57,「栄養ドリンクって、飲んだりするか？」,Do you ever drink those energy drinks?,,
ID00236,00009bdd,51,「ううん、味が苦手だから飲まない」,"Nope, I don't like the taste.",,
ID00236,00009f15,36,「疲れたときに飲むなら、,Drink it when you're tired?,,
ID00236,00009f48,60,　グリーンスムージーね。元気出るわよ～」,A green smoothie! It'll perk you up~,,
ID00236,0000a272,63,「果汁１００％ジュースならなにが好きだ？」,What kind of 100% juice do you like?,,
ID00236,0000a444,33,「オレンジジュースね」,"Orange juice, huh.",,
ID00236,0000a5c1,60,「ホテルの朝って大体それが出てくるから、,"Breakfast at hotels is usually like that, so",,
ID00236,0000a60c,24,　慣れちゃった」,I've gotten used to it.,,
ID00236,0000a7d7,42,「おにぎりの好きな具って？」,What onigiri fillings do you like?,,
ID00236,0000a994,18,「梅干しよ」,Pickled plums!,,
ID00236,0000ab39,48,「冷たいご飯と、酸っぱい梅干しの,Cold rice and sour pickled plums,,
ID00236,0000ab78,60,　取り合わせって、絶妙だと思うのよね～」,make a perfect combination~,,
ID00236,0000aea2,45,「お酒って飲める方だと思う？」,Do you drink alcohol?,,
ID00236,0000b062,48,「ん～、飲めるかもしれないけど、,"Hmm, I might be able to drink it, but",,
ID00236,0000b0a1,39,　飲めなくてもいいかなぁ」,maybe not drinking is fine too.,,
ID00236,0000b3a3,21,「どうして？」,Why?,,
ID00236,0000b567,36,「夜、誘われそうでしょ？,You'll likely be invited tonight.,,
ID00236,0000b59a,39,　イヤなのよ、そういうの」,I don't like that kind of thing.,,
ID00236,0000ba01,36,「酔っ払わないお酒なら、,"If it's non-intoxicating alcohol,",,
ID00236,0000ba34,30,　飲んでもいいかな」,then maybe I could drink it.,,
ID00236,0000bbbb,54,「いや、それソフトドリンクだから…」,"No, that's just a soft drink though...",,
ID00236,0000bc32,54,「コンビニのおでんで好きなのって？」,What kind of instant ramen do you like?,,
ID00236,0000bdfb,24,「こんにゃくよ」,Konnyaku.,,
ID00236,0000be41,36,「ああ、太らないから…」,"Oh, because it won't make me fat...",,
ID00236,0000c004,48,「そう。お出汁ともよく合うしね」,"Yeah, and it goes well with the broth too.",,
ID00236,0000c1e7,36,「小腹が空いた時って…」,When I'm a little hungry...,,
ID00236,0000c39e,48,「もう…夜中に食べると太るわよ」,You'll get fat if you eat that at midnight...,,
ID00237,000020f4,48,「夏によく食べるスイーツって？」,What kind of summer sweets?,,
ID00237,000022b7,36,「よく冷えたわらび餅ね。,Well-chilled warabi mochi.,,
ID00237,000022ea,48,　器も黒蜜も冷えてなきゃダメよ」,The serving dish and syrup must be cold.,,
ID00237,00002608,39,「ユイ姉って、洋菓子より、,Yui-nee prefers wagashi.,,
ID00237,0000263e,36,　和菓子が好きだよな？」,"Japanese sweets, right?",,
ID00237,00002801,57,「そうよ。和菓子って、甘味が優しいし、,"That's right, they're not too sweet.",,
ID00237,00002849,48,　伝統的な美しさがあるじゃない？,"they have a traditional beauty, don't they?",,
ID00237,00002888,39,　洋菓子より断然和菓子よ」,Definitely prefer wagashi.,,
ID00237,00002fd8,33,「好きな和菓子って？」,What's your fav wagashi?,,
ID00237,0000318c,54,「白玉団子にときめかない女子なんて、,No girls resist mochi.,,
ID00237,000031d1,18,　いないわ」,They don't exist.,,
ID00237,00003376,42,「かき氷でも、あんみつでも、,"Shaved ice or dessert,",,
ID00237,000033af,45,　つい白玉入りのを選んじゃう」,I always end up picking the one with mochi.,,
ID00237,00003957,48,「もっちりした食感がいいのよ～」,The chewy texture is so good~,,
ID00237,00003b03,57,「無性に甘いものが食べたくなる時って、,"When you suddenly crave something sweet,",,
ID00237,00003b4b,18,　あるよな」,Yeah.,,
ID00237,00003cf0,27,「あ～、あるある」,"""Oh yeah, totally!""",,
ID00237,00003eb7,39,「そんな時、どうしてる？」,What do you usually do then?,,
ID00237,0000403a,45,「そんなの、ぶろ君にコンビニで,Blorin buys me stuff.,,
ID00237,00004076,60,　買ってきてもらうに決まってるじゃない。,"It's a given, isn't it?",,
ID00237,000040c1,27,　どら焼きとかね」,Like dorayaki or whatever.,,
ID00237,00004536,30,「はは…そうだよな」,Haha... You're right.,,
ID00237,00004595,45,「苦手な甘いものってあるか？」,Are there any sweets you can't eat?,,
ID00237,00004755,57,「…ドーナツは、あんまり食べないように,...I try not to eat too many donuts,,
ID00237,0000479d,15,　してる」,though.,,
ID00237,00004a50,18,「なんで？」,Why not?,,
ID00237,00004bf5,42,「溶いた小麦粉を油で揚げて、,"You fry dissolved flour in oil,",,
ID00237,00004c2e,60,　砂糖をまぶしたり、チョコレートかけたり,then coat it with sugar or chocolate?,,
ID00237,00004c79,57,　してんのよ？　カロリーの塊じゃない」,Isn't that just a calorie bomb?,,
ID00237,0000510e,39,「危険よ、ドーナツは危険」,Donuts are dangerous.,,
ID00237,000053ec,39,「かき氷で好きなのって？」,What kind of shaved ice do you like?,,
ID00237,000055a6,27,「白玉宇治金時ね」,Mochi with uji-kinako.,,
ID00237,0000588f,42,「抹茶だけのとこを食べたり、,"I eat the matcha-only parts sometimes,",,
ID00237,000058c8,51,　あんこと一緒のとこを食べたり…、,and other times I eat the anko ones...,,
ID00237,0000590a,45,　色んな味が楽しめて、最高よ」,"Many flavors, amazing.",,
ID00237,00005d60,42,「コンビニのスイーツって…」,Convenience store sweets are...,,
ID00237,00005f1d,42,「フフッ、手軽でいいわよね」,"Hehe, they're so convenient, aren't they?",,
ID00237,000060c3,48,「ったく、栗抜きの栗どら焼きを、,"Dammit, even a chestnut-free chestnut dorayaki,",,
ID00237,00006102,54,　５つも食わされる羽目になるとは…」,I never thought I'd end up eating five of them...,,
ID00237,000062cb,33,「おいしかったわね～」,"It was delicious, wasn't it~",,
ID00237,00006455,45,「俺は胸焼けがひどかったよ！」,"Man, I had some serious heartburn!",,
ID00237,00006615,60,「私はほっぺたが落ちちゃった～、フフッ」,My cheeks are so full they're gonna fall off~ hehe.,,
ID00237,0000693f,42,「ユイ姉の好きな果物って？」,"What's your favorite fruit, Yu-san?",,
ID00237,00006afc,18,「キウイね」,Kiwi.,,
ID00237,00006ca1,60,「ビタミンＣに食物繊維、ミネラルなんかが,"It's got lots of vitamin C, fiber, and minerals,",,
ID00237,00006cec,45,　豊富で、美容の味方って感じ」,and it's great for beauty.,,
ID00237,00007122,57,「ヨーグルトと一緒に食べるのが好きよ」,I like to eat it with yogurt.,,
ID00237,0000719c,60,「風呂上がりのアイスって、うまいよなぁ」,"Ice cream after a bath is really tasty, isn't it?",,
ID00237,0000736b,45,「む…抗えない魅力があるわね」,Mm... It has an irresistible charm.,,
ID00237,00007683,30,「何アイスが好き？」,What ice cream do you like?,,
ID00237,00007834,51,「抹茶アイスよ。香りがいいからね」,Matcha ice cream. It has a nice aroma.,,
ID00237,000079e3,60,「クロワッサンたい焼きって、うまいよな」,"That croissant dango is really tasty, isn't it?",,
ID00237,00007b7b,60,「あ、おいしいわよね。皮がサクサクして」,"Oh, it's delicious. The skin is crispy.",,
ID00237,00007ff7,54,「たい焼きって、中のあんを変えるしか,I thought you could only change the filling inside,,
ID00237,0000803c,39,　出来ないと思ってたけど、,I didn't think it'd work...,,
ID00237,00008072,48,　あんな工夫があったなんてねぇ」,You've got to be kidding me.,,
ID00237,000084e2,27,「感心しちゃった」,I'm impressed.,,
ID00237,000086a3,57,「はぁ…また、京都の仕事がないかなぁ」,...if there'll be work in Kyoto.,,
ID00237,00008980,18,「なんで？」,Why not?,,
ID00237,00008b25,42,「そんなの決まってるでしょ。,"That's a given, right?",,
ID00237,00008b5e,39,　和菓子の宝庫だからよ！」,It's a treasure trove of wagashi!,,
ID00237,00008e8a,54,「お店でしか食べられない生菓子から、,From fresh sweets you can only eat at the shop to,,
ID00237,00008ecf,39,　お団子、抹茶パフェまで！,dango and matcha parfaits!,,
ID00237,00008f05,36,　あ～、食べ歩きたい～」,"Aaaah, I wanna go on a food crawl~",,
ID00237,00009389,51,「回転寿司にもスイーツがあるよな」,"There are desserts at sushi places too, right?",,
ID00237,0000954f,45,「そうね、食べたことないけど」,"True, I've never tried it though.",,
ID00237,000096e5,36,「真奈は結構食ってるぞ」,Mina eats quite a bit.,,
ID00237,0000989c,48,「まぁちゃんは、新しいものとか、,"Maa-chan likes new things,",,
ID00237,000098db,42,　変わったものが好きだから」,and weird stuff too.,,
ID00237,00009d45,42,「私は食べものは保守的なの」,I'm pretty traditional with food.,,
ID00237,00009db0,45,「あずきバーって、固いよなぁ」,"Azuki bars are hard though, right?",,
ID00237,00009f70,60,「あはは、そうね。かじりつけないわよね」,"Hehe, yeah. You can't really bite into them.",,
ID00237,0000a3ec,60,「長く楽しめていいじゃない。私は好きよ」,But you can enjoy them for a long time. I like that.,,
ID00237,0000a5db,39,「夏のスイーツといえば…」,When it comes to summer sweets...,,
ID00237,0000a795,24,「あ、いいわね。,"Oh, nice.",,
ID00237,0000a7bc,39,　よ～く冷やして食べたい」,I want to eat it really cold.,,
ID00237,0000ab08,60,「女子向けのランチって、食後のデザートが,"Girl's lunches usually come with a dessert,",,
ID00237,0000ab53,24,　付いてるよな」,right?,,
ID00237,0000acfe,63,「最後は甘いものをちょっと食べたいからね」,I just wanna have something sweet at the end.,,
ID00237,0000b146,63,「それに、食後のデザートは太りにくいのよ」,"Plus, desserts after meals don't make you fat.",,
ID00237,0000b2ee,24,「そうなのか？」,Is that so?,,
ID00237,0000b4a5,48,「そう。デザートだけ食べるより、,"It's better than just dessert,",,
ID00237,0000b4e4,63,　脂肪が蓄えられにくいの。食後のデザートは,Less fat gets stored up.,,
ID00237,0000b532,33,　理にかなってるのよ」,meals are actually healthier.,,
ID00237,0000b9cf,45,「好きな食後のデザートって？」,What's your favorite dessert?,,
ID00237,0000bb8f,51,「カボチャのプリンなんかいいわね。,Pumpkin pudding is nice.,,
ID00237,0000bbd1,24,　自然な甘さで」,It's naturally sweet.,,
ID00237,0000bed7,57,「甘いものって、疲れたときにいいよな」,"Sweets are good when you're tired, right?",,
ID00237,0000c0a3,63,「そんな疲れるようなこと、してないくせに」,You don't even do anything that tiring...,,
ID00237,0000c24b,57,「お、俺だって、夜、勉強したりだな…」,"Hey, I study at night too...",,
ID00237,0000c417,63,「はいはい、おまんじゅうでも食べてなさい」,"Sure sure, go have some buns then.",,
ID00237,0000c5d2,33,「好きなケーキって？」,What kind of cake do you like?,,
ID00237,0000c786,24,「モンブランよ。,Mont Blanc.,,
ID00237,0000c7ad,51,　ただし、和栗を使ったもの限定ね」,Only the ones with Japanese sweet chestnuts.,,
ID00237,0000cc3c,57,「和栗の爽やかな甘さがたまらないのよ」,The sweet chestnuts are irresistible.,,
ID00237,0000cdde,42,「ははは、もうすぐ季節だな」,"Hehe, it's almost that season now.",,
ID00237,0000cf64,36,「そうね、今から楽しみ」,I'm looking forward to it.,,
ID00237,0000d13b,39,「秋のスイーツといえば…」,When it comes to fall desserts...,,
ID00237,0000d2f5,60,「フフッ、いいわね。まぁちゃんも誘って、,"Fufu, how nice. Invite Maa-chan too,",,
ID00237,0000d340,27,　みんなで食べよ」,and let's all eat together.,,
ID00238,00003943,42,「特製ニンジン入りラーメン、,"Special carrot ramen,",,
ID00238,0000397c,27,　おいしかった？」,Was it good?,,
ID00238,00003b00,36,「ああ、カレー風味でな」,"Yeah, curry-flavored.",,
ID00238,00003cb7,48,「ニンジンは目にいいっていうし、,"Carrots are good for your eyes,",,
ID00238,00003cf6,45,　クリアーな動画を録れるように,"So you can record clear videos,",,
ID00238,00003d32,30,　なるんじゃない？」,"You can eat more, right?",,
ID00238,00003ef0,24,「はは…ったく」,Haha... damn,,
ID00238,000040ae,57,「はぁ…せっかく家庭科で作った料理を、,"Ugh... I made this in home ec class,",,
ID00238,000040f6,39,　食べられないなんてねぇ」,"that you can't eat it, huh.",,
ID00238,000043c1,33,「早く撮影が終わって、,"Can't wait for the shoot to end,",,
ID00238,000043f1,60,　思う存分食べられるようになるといいな」,I hope I can eat my fill soon.,,
ID00238,000045c0,51,「ホ～ント、がまんせず食べた～い」,"Man, I really wanna stop holding back and just eat.",,
ID00238,000048e1,51,「朝ご飯って、ちゃんと食べてる？」,Are you actually eating breakfast properly?,,
ID00238,00004ab3,57,「そうね、１日２食だと太るっていうし、,"If you eat twice daily, you'll gain weight.",,
ID00238,00004afb,39,　軽く食べるようにしてる」,I'm just having light meals.,,
ID00238,00004f62,60,「ご飯と卵焼きとか、パンとミルクとかね」,"I have rice and tamagoyaki, or bread and milk.",,
ID00238,00005255,51,「宿舎のパンって、焼き立てだから、,"The bread in the dorm is freshly baked, so",,
ID00238,00005297,21,　うまいよな」,it's pretty tasty.,,
ID00238,0000544b,45,「そうね、バターをつけなくても,"It's true, it tastes good even without butter",,
ID00238,00005487,45,　おいしいから、カロリー的にも,so it's also low-calorie.,,
ID00238,000054c3,24,　助かっちゃう」,It's a lifesaver.,,
ID00238,0000593b,54,「夜中に腹減ったらどうしてるんだ？」,What do you do when hungry at night?,,
ID00238,00005b04,30,「水を飲んで我慢よ。,I just drink water.,,
ID00238,00005b31,48,　食べるわけにいかないでしょ？」,"You can't exactly eat, right?",,
ID00238,00005fa1,57,「いいわねぇ、ぶろ君は。何時だろうと、,"You're lucky, Bro-kun.",,
ID00238,00005fe9,39,　お腹いっぱい食べられて」,you can eat your fill.,,
ID00238,000061b0,51,「大食いキャラみたいに言うなよ…」,Don't say things like that... It's not cool.,,
ID00238,00006224,60,「テレビでやってる大食いってどう思う？」,What do you think of big-eating shows?,,
ID00238,000063f3,33,「インパクトあるわね」,That's quite the impact.,,
ID00238,000065a7,60,「よく出てる人は大食いタレントさんだし、,Big-eating talents usually do this.,,
ID00238,000065f2,45,　簡単に負けられないじゃない？,"It'd be hard to lose easily, wouldn't it?",,
ID00238,0000662e,42,　大変な仕事だな～って思う」,I think it must be a tough job.,,
ID00238,00006c2a,51,「食堂のメニューで好きなのって？」,What do you like from the cafeteria menu?,,
ID00238,00006df0,60,「カレーとか、パスタとか、ハーフサイズが,"Curry and pasta, you can order half sizes too.",,
ID00238,00006e3b,30,　頼めるメニューね」,Many menu choices.,,
ID00238,00006fc2,36,「ダイエットしてるなぁ」,"You're on a diet, huh?",,
ID00238,00007179,33,「食べ過ぎは厳禁なの」,Overeating is strictly forbidden.,,
ID00238,000071db,27,「食堂の定食って、,The cafeteria set meals...,,
ID00238,00007205,48,　ご飯を半分にしてもらえるぞ？」,Can I get my rice portion halved?,,
ID00238,000073c8,45,「おかずも半分にしてくれると、,"If they also halve the side dishes,",,
ID00238,00007404,36,　うれしいんだけどねぇ」,...but you know?,,
ID00238,000076f6,63,「少しずつ色んな味を楽しみたいじゃない？」,"You wanna try a little bit of everything, right?",,
ID00238,000079ec,60,「夏バテにいい料理って、なんだと思う？」,What do you think is good for summer fatigue?,,
ID00238,00007bbb,51,「なんといってもエスニック料理よ。,Nothing beats ethnic food.,,
ID00238,00007bfd,51,　タイ料理とか、ベトナム料理とか」,Like Thai or Vietnamese cuisine.,,
ID00238,000080a7,57,「辛みは食欲を増進させてくれるからね」,Spiciness actually increases your appetite.,,
ID00238,0000825c,42,「回転寿司で好きなのって？」,What's your fav sushi?,,
ID00238,00008419,30,「アボカドロールね」,Avocado rolls.,,
ID00238,000085ca,48,「カリフォルニアロールみたいに、,"Like California rolls,",,
ID00238,00008609,42,　ちゃんと裏巻きになってると,when they're properly wrapped,,
ID00238,00008642,30,　ポイント高いわね」,they score high points.,,
ID00238,0000894e,48,「女子って、アボカド好きだよな」,"Girls like avocados, don't they?",,
ID00238,00008b11,57,「なんにでも合うし、コクがあるからね」,They go with anything and have a rich flavor.,,
ID00238,00008e18,33,「食べるだけじゃなく、,"It's not just for eating,",,
ID00238,00008e48,39,　石けんにしてもいいのよ。,you can even use them in soap.,,
ID00238,00008e7e,45,　植物性だから、肌に優しいの」,They're plant-based.,,
ID00238,000092c1,15,「へ～っ」,Wow...,,
ID00238,00009311,39,「麺料理で好きなのって？」,What kind of noodle dishes do you like?,,
ID00238,000094cb,42,「ベトナムのフォーが好きよ」,I love Vietnamese pho.,,
ID00238,00009688,42,「さっぱりした酸味と辛みが、,"The tangy and spicy flavors are addictive,",,
ID00238,000096c1,30,　クセになるのよね」,aren't they?,,
ID00238,00009892,48,「冷たい麺料理で好きなのって？」,What cold noodle dishes do you like?,,
ID00238,00009a55,57,「トマトとバジルの冷製カッペリーニね」,Cold capellini with tomatoes and basil.,,
ID00238,00009abc,18,「パスタか」,"Pasta, huh?",,
ID00238,00009c61,57,「見た目がまず、女子心をくすぐるのよ」,It's the look that tickles a girl's fancy.,,
ID00238,00009e16,60,「うどんとそばならどっちが好きなんだ？」,"Which do you like better, udon or soba?",,
ID00238,00009fe5,48,「うどんね。さっぱりしてるから」,Udon. It's light.,,
ID00238,0000a31a,39,「そばは、つゆが濃くて…」,Soba has a strong broth...,,
ID00238,0000a4bd,42,「この間、食ったんだけど…」,I ate it a while ago...,,
ID00238,0000a67a,48,「ふうん、いいわね。おいしそう」,"Hmm, that's nice. Looks tasty.",,
ID00238,0000a9cf,36,「撮影のイメージぐらい、,If only I could be good at cooking,,
ID00238,0000aa02,39,　料理上手になればなぁ…」,for the photoshoot...,,
ID00238,0000abbc,27,「うっさいわねぇ。,You're so annoying.,,
ID00238,0000abe6,42,　所帯じみたことは苦手なの」,I'm not good with domestic stuff.,,
ID00238,0000add0,60,「飲食店からサインを求められたことって、,Getting asked for signatures is rare,,
ID00238,0000ae1b,15,　ある？」,Anything else?,,
ID00238,0000afbd,30,「あんまりないわよ。,I don't get that often.,,
ID00238,0000afea,39,　滅多にテレビに出ないし、,"I rarely appear on TV, so",,
ID00238,0000b020,42,　そこまでの知名度ないから」,I'm not that famous yet.,,
ID00238,0000b48a,42,「それに、女子高生がサインに,High school girls write 'delicious'.,,
ID00238,0000b4c3,36,　おいしいって書いても、,"isn't really impressive,",,
ID00238,0000b4f6,36,　信憑性ないじゃない？」,Isn't it totally unconvincing?,,
ID00238,0000b930,30,「ははは、そうかも」,"Haha, maybe.",,
ID00238,0000b98f,54,「カレーの香りって、食欲そそるよな」,Curry smells appetizing.,,
ID00238,0000bb58,63,「そうね～、食欲がなくても、カレー風味なら,"Yeah, even if you're not hungry, the taste of curry",,
ID00238,0000bba6,42,　ちょっと食べられるのよね」,is something you can eat a little bit of.,,
ID00238,0000c14b,39,「まさに夏向きメニューね」,It's perfect for summer food.,,
ID00238,0000c1b3,57,「カレーなら、ビーフ、ポーク、チキン、,"When it comes to curry, beef, pork, chicken,",,
ID00238,0000c1fb,24,　どれが好き？」,which do you like?,,
ID00238,0000c3a6,48,「チキンのスープカレーが好きよ」,I like chicken soup curry.,,
ID00238,0000c569,48,「普通のカレーより、季節の野菜が,It has more seasonal veggies.,,
ID00238,0000c5a8,60,　いっぱい入ってて、ヘルシーじゃない？」,"and is healthier, right?",,
ID00238,0000ca0d,54,「肉料理ならなにが好きなんだっけ？」,What kind of meat dish do you like?,,
ID00238,0000cbd6,27,「しゃぶしゃぶよ」,Shabu-shabu.,,
ID00238,0000cd84,51,「余分な脂肪を落とした薄いお肉を、,Eating thinly sliced meat,,
ID00238,0000cdc6,42,　おいしく食べられるなんて、,"tastes delicious, doesn't it?",,
ID00238,0000cdff,27,　理想的じゃない」,It's ideal.,,
ID00238,0000d25a,63,「いっぱい食べても、罪悪感がないのよね～」,I can eat a lot without feeling guilty~,,
ID00238,0000d415,42,「しゃぶしゃぶで好きなのは、,What I like about shabu-shabu is...,,
ID00238,0000d44e,36,　ポン酢？　ゴマだれ？」,ponzu? sesame sauce?,,
ID00238,0000d605,36,「ポン酢よ。大根おろしを,Ponzu. With grated radish.,,
ID00238,0000d638,39,　ちょっと入れるのが好き」,A little bit is best.,,
ID00238,0000dbed,60,「すき焼きの時って、ぶろ君もまぁちゃんも,"When we have sukiyaki, both Bro-kun and Maa-chan...",,
ID00238,0000dc38,63,　いっぱい食べるわよね。ご飯おかわりして、,"eat a lot, don't they? Have seconds on rice...",,
ID00238,0000dc86,36,　締めにうどん食べて…」,and finish off with udon...,,
ID00238,0000e0c0,57,「うまくて、つい食っちゃうんだよなぁ」,"It's so good, I can't help but eat it.",,
ID00238,0000e28c,60,「私なんか、見てるだけでお腹いっぱいよ」,Just watching makes me feel full.,,
ID00238,0000e5c6,42,「好きなスパゲッティって？」,What kind of spaghetti do you like?,,
ID00238,0000e783,54,「ボンゴレが好きだけど、休日限定ね。,"I love bolognese, but only on weekends.",,
ID00238,0000e7c8,51,　ニンニクがいっぱい入ってるから」,There's a lot of garlic in it.,,
ID00238,0000eae9,60,「冷やし中華は、しょう油だれとゴマだれ、,Cold ramen: soy or sesame?,,
ID00238,0000eb34,27,　どっちが好き？」,Which one do you prefer?,,
ID00238,0000ece2,45,「ゴマだれよ。しょう油だれは、,Sesame sauce. Soy sauce is,,
ID00238,0000ed1e,30,　ちょっとクドくて」,a bit too rich.,,
ID00238,0000f17c,48,「食堂の冷やし中華が人気だけど、,"Cold noodles are popular,",,
ID00238,0000f1bb,30,　私は食べないなぁ」,I don't eat them.,,
ID00238,0000f38c,57,「ラーメンならどんなのが好きなんだ？」,What kind of ramen do you like?,,
ID00238,0000f521,54,「タンメンが好きよ。鶏ガラスープに、,I love tantanmen. Chicken broth with,,
ID00238,0000f566,42,　野菜が山盛りになってるの」,mountains of veggies on top.,,
ID00238,0000fa07,54,「完食しても、野菜だから大丈夫って、,"Just veggies, so okay.",,
ID00238,0000fa4c,39,　言い訳できるじゃない？」,"it's not a big deal, right?",,
ID00238,0000fd17,18,「はははは」,Hahaha,,
ID00238,0000fd6a,42,「夏といえば、うな丼だよな」,"It's eel donburi for summer, right?",,
ID00238,0000ff27,51,「白焼きならつき合ってあげるわよ」,I'll go with you if it's grilled,,
ID00238,000100c3,45,「たれがかかってないうなぎの、,"What's good about unagi without sauce,",,
ID00238,000100ff,36,　どこがうまいんだよ？」,anyway?,,
ID00238,000102d2,60,「うなぎの風味を味わうなら、白焼きなの。,"If you want to taste the flavor of unagi,",,
ID00238,0001031d,33,　カロリーも低いしね」,And it's low in calories.,,
ID00238,0001062c,54,「ファミレスでよく頼むメニューって、,"The usual menu at family restaurants is,",,
ID00238,00010671,24,　なんだっけ？」,I forgot.,,
ID00238,0001081c,24,「和食のお膳ね」,A Japanese meal set.,,
ID00238,00010862,51,「和膳か…イタリアンだとないぞ？」,...Not in Italian.,,
ID00238,00010a28,51,「そういうとこはチキンステーキね。,A place like that would serve chicken steak.,,
ID00238,00010a6a,33,　皮はぶろ君にあげる」,"I'll give you the skin, bro.",,
ID00238,00010c2b,51,「はは…俺を太らす気満々だなぁ…」,Haha... You're really trying to make me fat...,,
ID00238,00010c9f,45,「Ｂ級グルメで好きなのって？」,What's your favorite B-grade gourmet food?,,
ID00238,00010e5f,42,「広島風お好み焼きが好きよ。,I love Hiroshima-style okonomiyaki.,,
ID00238,00010e98,54,　焼きそばが入ってボリュームあるし、,"It's got udon and is super filling,",,
ID00238,00010edd,57,　キャベツともやしがたっぷりだからね」,and it comes with lots of cabbage and bean sprouts.,,
ID00238,00011204,33,「うまい食い物って…」,Yummy food...,,
ID00238,000113b8,45,「フフッ、そうね。どうせなら、,"Heheh, yeah. Since we're at it,",,
ID00238,000113f4,48,　おいしいものが食べたいわよね」,I want to eat something tasty.,,
ID00238,0001197b,57,「学食で家族団らんってのもいいわね～」,Family dinner at the cafeteria~,,
ID00238,00011b54,39,「そうだな、楽しかったよ」,"Yeah, it was fun.",,
ID00238,00011d0e,36,「また３人で食べましょ。,Let's eat together again sometime.,,
ID00238,00011d41,48,　まぁちゃんの分は私が出すから」,I'll pay for Maa-chan's portion too.,,
ID00238,0001204c,30,「くっ、妹は得だな」,You're lucky.,,
ID00238,00012210,33,「私が焼いたステーキ、,"The steak I grilled,",,
ID00238,00012240,36,　おいしかったでしょ？」,"was good, right?",,
ID00238,00012404,51,「ああ、メチャクチャうまかったよ」,"Yeah, it was super tasty.",,
ID00238,000125ca,51,「素材がよければ、手を加えなくても,"If the ingredients are good,",,
ID00238,0001260c,27,　おいしいのよね」,aren't they?,,
ID00238,000128f5,27,「私向きの料理よ」,It suits me.,,
ID00238,00012951,39,「和風パスタって好きか？」,Do you like Japanese pasta?,,
ID00238,00012b4e,18,「もちろん」,Of course.,,
ID00238,00012cf3,36,「梅しそのパスタなんて、,"Ume shiso pasta is really nice,",,
ID00238,00012d26,60,　味も香りもさわやかでいいんじゃない？」,"it's refreshing in both taste and smell, right?",,
ID00238,00013019,45,「ユイ姉って、立ち食いの店には,Don't you hate standing restaurants?,,
ID00238,00013055,30,　行かなそうだよな」,"do you, Ui-ne?",,
ID00238,00013206,60,「おじさんにジロジロ見られちゃうからね」,Because I'd get stared at by old guys,,
ID00238,0001364b,54,「ぶろ君と一緒なら行ってもいいけど」,"I might go if you're with me, Blur-kun",,
ID00238,000137fd,54,「卒業したら一人暮らしするわけだし、,"Since I'll be living alone after graduation,",,
ID00238,00013842,39,　もっと料理が出来るように,I should learn to cook more,,
ID00238,00013878,33,　なった方がいいぞ？」,It'd be better that way.,,
ID00238,00013a2c,57,「いいのよ、食べに行けばいいんだから」,"That's fine, you can just go eat somewhere.",,
ID00238,00013d33,27,「いざとなったら、,"If push comes to shove,",,
ID00238,00013d5d,48,　フランスパンかじればいいしね」,you could always munch on a baguette.,,
ID00238,00013f09,57,「ピザのトッピングなら、なにがいい？」,What toppings do you like on pizza?,,
ID00238,000140d5,18,「半熟玉子」,Semi-soft eggs,,
ID00238,00014115,15,「はぁ？」,Huh?,,
ID00238,000142b7,60,「ビスマルクよ。いつも私が頼むじゃない」,Bismarck. I always order it.,,
ID00238,00014493,57,「ああ、真ん中に目玉焼きが乗ってる…」,"Oh, with a fried egg in the middle...",,
ID00238,0001466b,63,「そうそれ。コクがあっておいしいのよね～」,"That's right, it has a nice depth of flavor~",,
ID00238,00014ad3,42,「ユイ姉なら、世界３大珍味を,Yui-nee tried them all.,,
ID00238,00014b0c,51,　全部食ったことあるんだろうなぁ」,"at some point, huh?",,
ID00238,00014cd2,45,「まぁ、仕事先のパーティとかで,"Well, at work parties and stuff",,
ID00238,00014d0e,36,　食べたことあるけど？」,"I've had it before, though.",,
ID00238,0001500d,39,「どれが一番うまかった？」,Which one was the best?,,
ID00238,000151c7,63,「キャビアね。カナッペによく乗ってるけど、,"Caviar. It's often on canapés, but",,
ID00238,00015215,36,　色んな食材と合うのよ」,It goes well with many ingredients.,,
ID00238,0001568c,57,「フフッ、そろそろ、家族で食べるご飯が,"Hehe, I'm starting to miss eating with my family.",,
ID00238,000156d4,39,　恋しくなってきちゃった」,Kinda wanna have it now.,,
ID00238,000159d6,57,「…そうだな。みんなでなに食いたい？」,...True. What do you guys want to eat?,,
ID00238,00015ba2,45,「そうねぇ…ホットプレートで、,Let's use a hot plate...,,
ID00238,00015bde,51,　お好み焼きパーティなんてどう？」,How about an okonomiyaki party?,,
ID00238,00016027,63,「お、いいな、それぞれ好きな具で焼いて…」,"Ooh, let's each make our own.",,
ID00238,000161f9,42,「私は広島風に挑戦しよっと」,I'll try my hand at Hiroshima-style.,,
ID00238,000163c3,45,（失敗して、モダン焼きもどきに,"If I fail, it'll end up like Modern-yaki.",,
ID00238,000163ff,30,　なるんだろうなぁ）,Guess I'll end up failing.,,
ID00238,0001645e,42,「中華料理で好きなのって？」,Favorite Chinese dish?,,
ID00238,0001661b,24,「棒々鶏が好き」,I like Kung Pao Chicken.,,
ID00238,00016661,54,「ああ、蒸し鶏にゴマだれをかけた…」,That's steamed chicken with sesame sauce...,,
ID00238,00016836,36,「そう。あっさりしてて、,It's light and,,
ID00238,00016869,42,　いくらでも食べられちゃう」,I could eat a ton of it.,,
ID00238,00016b81,36,「洋食で好きなのって？」,Fav Western dish?,,
ID00238,00016d38,21,「オムレツね」,Eggs Benedict.,,
ID00238,00016ee0,45,「ホテルの朝食でよく出るけど、,"Served a lot at hotel breakfasts,",,
ID00238,00016f1c,36,　あのフワフワの食感は、,but that fluffy texture is.,,
ID00238,00016f4f,42,　プロの仕事だなぁって思う」,a pro's work.,,
ID00238,000174f4,39,「私じゃ絶対出来ないもの」,I could never do something like that.,,
ID00238,00017697,27,「外食する時って、,"When eating out,",,
ID00238,000176c1,45,　ネットの評価を気にするか？」,Do you care about online reviews?,,
ID00238,00017881,27,「評価っていうか、,whether or not,,
ID00238,000178ab,45,　自慢の料理があるかどうかは、,"I have any dishes to brag about,",,
ID00238,000178e7,24,　気になるかな」,"You'd be curious, right?",,
ID00238,00017d3f,45,「ないならファミレスでいいよ。,"If not, family restaurant.",,
ID00238,00017d7b,33,　安くておいしいもの」,There's cheap tasty stuff.,,
ID00238,00017f4f,42,「みんなで食べる食事って…」,Eating together with everyone...,,
ID00238,00018118,57,「そうね。卒業まで、なるべく家族一緒に,Yeah. Eat together 'til grad.,,
ID00238,00018160,21,　食べたいな」,with my family.,,
ID00239,00001de0,27,「ユイ姉の髪って、,"Your hair's nice, Yui-nee.",,
ID00239,00001e0a,42,　ストレートできれいだよな」,It looks so neat and tidy.,,
ID00239,00001fc7,63,「フフ～ン、そうよ。自慢の黒髪なんだから」,My pride.,,
ID00239,0000240f,48,「まぁちゃんみたいなくせっ毛も、,"Even your curly hair like Maa-chan's,",,
ID00239,0000244e,36,　かわいいと思うけどね」,I think it's cute though.,,
ID00239,00002625,39,「さすがモデルだけあって、,"As expected of a model,",,
ID00239,0000265b,30,　スタイルいいよな」,You've got great style.,,
ID00239,0000281e,30,「フフッ、ありがと」,"Hehe, thanks.",,
ID00239,00002b0a,33,「弟からほめられると、,Means a lot.,,
ID00239,00002b3a,42,　ちょっとくすぐったいわね」,It's a little ticklish.,,
ID00239,00002e52,48,「仕事が忙しいのに、落第も中退も,Impressive.,,
ID00239,00002e91,51,　しないなんて、がんばってるよな」,You really are working hard.,,
ID00239,00003057,42,「卒業はちゃんとしたいのよ。,I want to graduate properly.,,
ID00239,00003090,48,　自慢できる成績じゃないけどね」,But my grades aren't something to brag about.,,
ID00239,00003500,57,「思い出は、仕事の中にあるだけじゃない,Memories aren't just in your work.,,
ID00239,00003548,18,　でしょ？」,Right?,,
ID00239,000036d6,39,「ユイ姉って目力あるよな」,Yui-nee has a strong gaze.,,
ID00239,00003890,60,「フフッ、小さい頃から、カメラのレンズを,Stared at lenses.,,
ID00239,000038db,39,　見つめ続けてきたからね」,Of course my gaze is strong.,,
ID00239,00003d0b,42,「気弱な目でカメラ目線なんか,Weak-eyed.,,
ID00239,00003d44,27,　意味ないでしょ？,"is pointless, right?",,
ID00239,00003d6e,39,　目力は自信の表れなのよ」,It's a sign of confidence.,,
ID00239,0000409f,63,「制服に黒のハイソックスが似合ってるよな」,You look good in them.,,
ID00239,00004271,51,「ありがと。人と同じことをするのが,Thanks. I don't.,,
ID00239,000042b3,33,　イヤなだけだけどね」,That's all there is to it.,,
ID00239,00004838,39,「ユイ姉って、色白だよな」,"You know, Yuichan has really fair skin.",,
ID00239,000049f2,51,「フフッ、きれいな肌に産んでくれた,"Heh heh, you gave birth to such beautiful skin.",,
ID00239,00004a34,27,　母さんに感謝ね」,Thanks to my mom.,,
ID00239,00004e8f,39,「毎晩のお手入れも万全よ」,I take perfect care of it every night.,,
ID00239,00005032,33,「ユイ姉の魅力って…」,Yuichan's charm...,,
ID00239,000051f8,57,「フフッ、さすがぶろ君、わかってる～」,"Heh heh, I knew you'd get it, @str_000~",,
ID00239,000056bb,51,「ぶろ君って、姉思い、妹思いよね。,"You're always thinking of your sisters, @str_000~",,
ID00239,000056fd,27,　面倒見いいもの」,You're so caring.,,
ID00239,000059f3,48,「な、なんだよ、いきなりほめて」,What's with the sudden compliment?,,
ID00239,00005bb6,45,「それなのに、な～んでちっとも,But why don't you get any...,,
ID00239,00005bf2,27,　モテないのか…」,attention from girls...?,,
ID00239,00006046,33,「ひとこと余計だぞー」,You're overstepping your bounds.,,
ID00239,000060a8,48,「ユイ姉はすごいよ、小さい頃から,"Yui-nee is amazing, she's had",,
ID00239,000060e7,45,　１つの夢を追い続けるなんて。,"one dream since she was little,",,
ID00239,00006123,27,　普通できねーよ」,Most people can't do that.,,
ID00239,000062d1,33,「小さかったからこそ、,"It's because you were so young,",,
ID00239,00006301,42,　無心に夢を追えたのかもね」,Maybe you did.,,
ID00239,00006734,36,「あのころの私に感謝よ」,I'm grateful for the old me.,,
ID00239,000068d4,48,「ユイ姉って無茶ぶりひでぇけど、,"Yui-nee is really demanding, but",,
ID00239,00006913,30,　優しいとこあるよ」,she's also kind.,,
ID00239,00006ac4,36,「なによ～、ほめるなら、,What's that~?,,
ID00239,00006af7,42,　もっと素直にほめなさいよ」,then do it properly.,,
ID00239,00006e26,60,「優しくて、きれいなお姉さんでよかった、,It's good that I'm a nice and pretty big sister.,,
ID00239,00006e71,18,　でしょ？」,Right?,,
ID00239,0000715e,36,「はいはい、よかったよ」,"Sure sure, it was good.",,
ID00239,000071c3,36,「何事もくじけないのが、,That's what makes you great.,,
ID00239,000071f6,42,　ユイ姉のいいところだよな」,It's just like you to say that.,,
ID00239,000073b3,36,「そんなのあったり前よ。,Of course.,,
ID00239,000073e6,57,　落ち込んでる暇なんかないんだからね」,"There's no time to be depressed, after all.",,
ID00239,00007872,54,「ぶろ君は、私の話を聞くの上手よね。,"You're really good at listening to my stories, bro.",,
ID00239,000078b7,27,　話してて楽しい」,It's fun talking to you.,,
ID00239,00007b76,27,「早く弟じゃなく、,Stop being little.,,
ID00239,00007ba0,42,　彼氏に話を聞いてもらえよ」,become my boyfriend who listens to me.,,
ID00239,00007d5d,51,「うっさいわねぇ、モテないくせに。,"You're so noisy, like you've got any game.",,
ID00239,00007d9f,60,　そっちこそ彼女作ってから言いなさいよ」,Make a girlfriend first before saying that to me.,,
ID00239,00008228,36,「うぐ…言い返せねぇ…」,...Ugh... I can't retort...,,
ID00239,0000828d,42,「ユイ姉のいいところって…」,What's good about Yui-nee is...,,
ID00239,0000844a,63,「フフッ、そんなの言われるまでもないわよ」,"Haha, there's no need for you to say it.",,
ID00239,0000863c,57,「カメラの前に立つユイ姉は魅力的だよ。,Yui-nee looks great in front of the camera.,,
ID00239,00008684,33,　さすがプロのモデル」,You're a pro model.,,
ID00239,00008838,48,「フフ～ン、そんなの当たり前よ」,"Hmph, that goes without saying.",,
ID00239,00008b36,60,「感謝なさい、この私を録り放題だなんて」,Thanks for letting me record you.,,
ID00239,00008d12,33,「お、おう、もちろん」,"O-oh, of course",,
ID00239,00008d74,33,「ユイ姉って、歳と共に,"Yui-nee, as you get older",,
ID00239,00008da4,57,　どんどんきれいになってる気がするよ」,You just keep getting prettier,,
ID00239,00008f70,36,「ホント～？　ありがと」,Really? Thanks.,,
ID00239,00009299,54,「もうすぐＪＫモデルじゃなくなるし、,"I'm gonna stop being a JK model soon, so",,
ID00239,000092de,42,　大人の魅力を、もっともっと,I need to work on my adult appeal more.,,
ID00239,00009317,27,　身につけなきゃ」,and get it down pat.,,
ID00239,00009620,54,「子供の頃から働いて、稼いでるのって,I've worked and earned money since childhood.,,
ID00239,00009665,21,　すごいよな」,that's pretty insane.,,
ID00239,000097d6,48,「フフッ、やりたいことをやって、,"Heh heh, doing what you want.",,
ID00239,00009815,63,　お金をもらえるなんて、恵まれてるわよね」,"pretty lucky, isn't it?",,
ID00239,00009c94,54,「ぶろ君も、いつか動画で稼げるように,You should make money from videos too.,,
ID00239,00009cd9,21,　なりなさい」,Become that.,,
ID00239,00009e6a,60,「ユイ姉は常に前向きで、すごいと思うよ」,Ui-onee's always positive.,,
ID00239,0000a039,42,「どんな時も、うつむいてちゃ,"No matter what happens, don't look down.",,
ID00239,0000a072,45,　チャンスなんか来ないからね」,Opportunities won't come to you.,,
ID00239,0000a4a8,51,「わかった？　ぶろ君も前向きにね」,"Got it? You be positive too, Bro-kun.",,
ID00239,0000a7d2,30,「ああ、がんばるよ」,"Yeah, I will.",,
ID00239,0000a831,36,「夢を追うユイ姉って…」,Chasing her dreams...,,
ID00239,0000aa2b,54,「ありがと…。ぶろ君もがんばってね」,"Thanks... You do your best too, Bro-kun.",,
ID00240,000022c9,18,「小さい頃、,"When we were kids,",,
ID00240,000022ea,51,　よく一緒にお風呂に入ったわね～」,"we used to take baths together a lot~""",,
ID00240,000025c1,39,「なっ、いきなりなにを…」,What are you talking about...?,,
ID00240,0000277b,57,「女の子のカラダに、興味津々だった？」,Were you really into girls' bodies back then?,,
ID00240,00002933,63,「そんなこと意識する歳まで入ってないだろ！,You weren't even old enough to think that stuff!,,
ID00240,00002981,60,　３人バラバラに入ると時間がかかるから、,"It took too long when we went separately,",,
ID00240,000029cc,51,　親に強制的に入らされただけで…」,"so my parents forced us to do it...""",,
ID00240,00002b92,39,「けど、私もまぁちゃんも、,"But Miu and I were also,",,
ID00240,00002bc8,48,　全部見られちゃってるのよねぇ」,"You can see everything, you know.",,
ID00240,00002fd7,39,「俺も全部見られてるぞ！」,I'm getting seen by everyone too!,,
ID00240,00003191,48,「フフッ、ちっちゃかったわねぇ」,"Hehe, you were so small back then.",,
ID00240,00003361,36,「どこがだ！　どこが！」,Where! Where!,,
ID00240,00003518,18,「身長がよ」,My height.,,
ID00240,00003558,33,「お、おう、そうか…」,"Y-Yeah, right...",,
ID00240,000035ba,45,「ユイ姉って、中学あたりから、,"Eri-neechan's bust grew in middle school,",,
ID00240,000035f6,48,　どんどん胸が大きくなったよな」,hasn't it?,,
ID00240,000037b9,45,「まぁね～。バインバイ～ンよ」,"Yeah, it's been growing like crazy.",,
ID00240,0000394f,45,「真奈がズルいって言ってるぞ」,Mana says you're being unfair.,,
ID00240,00003b0f,42,「まぁちゃんは、あれぐらいが,"Well, Maha-chan is cute",,
ID00240,00003b48,39,　かわいくていいじゃない」,"like that, isn't she?",,
ID00240,00003f78,54,「きゅって、抱きしめたくなっちゃう」,I wanna hug her tight.,,
ID00240,0000412a,42,「胸って、やっぱり大きい方が,Bigger boobs are definitely,,
ID00240,00004163,30,　人気が出るのか？」,"more popular, right?",,
ID00240,00004314,24,「ん～、まぁね。,"Hmm, yeah.",,
ID00240,0000433b,54,　大きく見せようとみんな工夫するし」,Everyone tries to look bigger.,,
ID00240,000047b1,30,「私はモデルだけど、,"I'm a model, so",,
ID00240,000047de,39,　グラビアの仕事も多いし、,"I do lots of bikini work,",,
ID00240,00004814,51,　痩せすぎないように気をつけてる」,so I have to be careful not to get too skinny.,,
ID00240,00004b51,45,「ユイ姉って、見えそうなぐらい,"Yui-nee's skirt is really short,",,
ID00240,00004b8d,30,　スカート短いよな」,Your skirt is short.,,
ID00240,00004d3e,54,「撮影だと、もっと短いのも履くわよ」,"For photoshoots, I wear even shorter ones.",,
ID00240,0000517d,36,「見えないようにするのは,"To avoid showing anything,",,
ID00240,000051b0,33,　お手のものってこと」,It's child's play.,,
ID00240,0000534d,51,「撮影の仕事って、エッチなポーズも,"For modeling work, you're asked to do",,
ID00240,0000538f,30,　要求されるだろ？」,"sexy poses too,",,
ID00240,00005540,45,「そうね。下品なのは断るけど、,"Right. I won't do anything crude,",,
ID00240,0000557c,57,　精一杯、要求には応えようと思ってる」,but I'll try my best to meet requests.,,
ID00240,00005b83,33,「ただし、裸はＮＧよ」,But no nudity though.,,
ID00240,00005d0d,45,「ＪＫの裸撮ったら捕まるって」,JKs get arrested for that.,,
ID00240,00005ecd,39,「将来的にもＮＧってこと」,No nudity in the future either.,,
ID00240,00005f35,45,「ファッションショーの服って、,"Fashion show clothes are like,",,
ID00240,00005f71,54,　透けて全部見えちゃってるような服が,they're see-through and everything shows through.,,
ID00240,00005fb6,18,　あるよな」,Yeah.,,
ID00240,00006167,39,「うんうん、未来的よねぇ」,"Mm-hmm, so futuristic.",,
ID00240,00006493,42,「常識を破壊するところから、,"Starting with breaking all the norms,",,
ID00240,000064cc,54,　新しいものが生まれるんじゃない？」,"New things are born from that, right?",,
ID00240,000066b5,54,「ちょっと恥ずかしい話なんだけど…」,There's something a bit embarrassing...,,
ID00240,0000688a,51,「はいはい、その程度で動揺するほど,"Oh yeah, you're not that easily shaken up",,
ID00240,000068cc,30,　子供じゃないわよ」,You're not still a kid,,
ID00240,00006bd8,57,「アメリカのドラマって、その日のうちに,They date and breakup the same day.,,
ID00240,00006c20,57,　くっついたり、離れたり、すごいよな」,"It's pretty intense, right?",,
ID00240,00006dec,54,「アハハハ、知り合ったばかりなのに、,"Ahahaha, even though you just met them,",,
ID00240,00006e31,45,　すぐベッドインしたりしてね」,they're already jumping into bed together,,
ID00240,0000729e,36,「恋愛をわかりやす～く、,"They make love so damn clear-cut,",,
ID00240,000072d1,39,　表現してるんじゃない？」,don't they?,,
ID00240,0000774b,63,「ねぇ、フェティシズムに走るような動画を、,"Hey, no fetish vids?",,
ID00240,00007799,42,　録ってないでしょうねぇ？」,I hope not.,,
ID00240,00007a67,60,「と、録ってないって。あくまで健全な…」,You're not recording it.,,
ID00240,00007c36,21,「どうだか…」,Whatever...,,
ID00240,00007dc7,63,「ユイ姉って、自分のことエッチだと思う？」,"Do you think of yourself as a pervert, Yui-nee?",,
ID00240,00007f99,51,「さぁ？　そうでもないんじゃない？,I don't know... I don't think so.,,
ID00240,00007fdb,60,　見た目はエッチっぽいって言われるけど、,"People say I look like a perv, but",,
ID00240,00008026,42,　中身はサバサバしたものよ」,"inside, I'm just straightforward.",,
ID00240,000085b4,60,「自分のカラダで気に入ってるとこって？」,You mean the parts you like about your body?,,
ID00240,00008783,15,「全部よ」,Everything.,,
ID00240,000087c0,24,「ぜ、全部！？」,Z-Z-Everything!?!,,
ID00240,00008934,45,「そうよ。パーフェクトボディを,That's right. A perfect body to,,
ID00240,00008970,33,　目指してるんだから」,I'm aiming for.,,
ID00240,00008de4,51,「ねぇねぇ、ぶろ君のパソコンって、,"Hey hey, Bul-kun, your PC,",,
ID00240,00008e26,42,　エッチな写真がいっぱい？」,Got a bunch of porn pics?,,
ID00240,00009162,48,「なっ、そ、そんなわけないだろ」,N-No way!,,
ID00240,00009325,33,「あ、写真じゃないか。,"Oh, it's photos.",,
ID00240,00009355,45,　エッチな動画がいっぱいだ！」,There are tons of porn videos!,,
ID00240,00009798,21,「違うって！」,"Wait, no!",,
ID00240,000097ee,39,「ユイ姉も今年１８歳か…。,You’re 18 too...,,
ID00240,00009824,42,　エッチなサイトも解禁だな」,Porn sites now.,,
ID00240,000099f3,33,「そんなの見ないわよ。,I wouldn’t watch it.,,
ID00240,00009a23,36,　ぶろ君じゃあるまいし」,I'm not some pervert like Bro-chan.,,
ID00240,00009e5d,39,「俺はまだ見られないっ！」,I still can't.,,
ID00240,0000a029,36,「はぁ…来年が心配ね…」,Sigh... I hope next year's better...,,
ID00240,0000a1c9,48,「男って、基本エッチなわけで…」,"Guys are basically all horny by nature, right?",,
ID00240,0000a38c,57,「はいはい。おかげで肌露出の多い写真を,"Sure, lots of skin shots.",,
ID00240,0000a3d4,33,　求められて、大変よ」,which is really troublesome.,,
ID00240,0000a6ac,42,「ユイ姉って、好きな人なら、,She likes them a lot...,,
ID00240,0000a6e5,30,　どこまで許せる？」,how far would you go?,,
ID00240,0000a85f,51,「ん？　なにも拒まないんじゃない？,Huh? You don't think she'd refuse anything?,,
ID00240,0000a8a1,15,　けど…」,But...,,
ID00240,0000ab8b,15,「けど？」,But?,,
ID00240,0000ad2d,42,「とことんじらすでしょうね。,"She'll tease them endlessly, right.",,
ID00240,0000ad66,48,　簡単には手も握らせてあげない」,Won't even hold hands easily.,,
ID00240,0000af4c,21,「ドＳだなぁ」,She's a total sadist.,,
ID00240,0000afa2,39,「自分で、エッチだなぁって,"You ever think, 'That's perverted.'",,
ID00240,0000afd8,36,　思うことってあるか？」,by yourself?,,
ID00240,0000b18f,39,「撮られた自分の写真見て、,"When you see your own photo,",,
ID00240,0000b1c5,48,　うわぁ…って思うことはあるよ」,"you do think, 'Ugh...'",,
ID00240,0000b635,42,「写真に出ちゃうってことは、,You're in the picture.,,
ID00240,0000b66e,36,　自分の内面のどこかに、,"inside of you,",,
ID00240,0000b6a1,51,　すごくエッチな私がいるのかもね」,Maybe there's a really perverted me inside of you.,,
ID00240,0000bafd,45,「エッチな男って、どう思う？」,What do you think about perverted guys?,,
ID00240,0000bcbd,36,「エッチなのはいいけど、,"Perverted stuff is fine, but",,
ID00240,0000bcf0,33,　女好きなのはイヤね」,I hate it when they like girls.,,
ID00240,0000c151,57,「すぐ他の女になびく男なんて、最低よ」,Guys like that are trash.,,
ID00240,0000c33d,42,「ユイ姉って、下着もいっぱい,"Yui-nee must have lots of underwear,",,
ID00240,0000c376,36,　持ってるんだろうなぁ」,right?,,
ID00240,0000c52d,24,「そりゃそうよ」,Of course.,,
ID00240,0000c6d8,63,「きれいな服を着てカメラの前に立ってるのに,In front of the camera now.,,
ID00240,0000c726,36,　その下がイマイチじゃ、,"but if what's underneath is off,",,
ID00240,0000c759,39,　気分が乗らないじゃない」,"you can't get into it, right?",,
ID00240,0000ccfb,54,「写らなくても、ビシッと決めるわよ」,I'll still pose perfectly even if I'm not smiling.,,
ID00240,0000cead,45,「ユイ姉って、バストのサイズ、,"Yui-nee, how big are your boobs?",,
ID00240,0000cee9,27,　いくつなんだ？」,How much?,,
ID00240,0000d097,45,「知らないの？　ネットに行けば,Don't you know? You can see it online.,,
ID00240,0000d0d3,48,　見られるわよ。公表してるから」,It's public information.,,
ID00240,0000d3de,54,「いや、去年の数字はあてにならない。,"No, last year's numbers don't count.",,
ID00240,0000d423,42,　もっと大きくなってるはず」,Should be bigger now.,,
ID00240,0000d5e0,48,「うわぁ…姉の胸に注目しすぎ…」,Too focused on her chest.,,
ID00240,0000d7b0,42,「データを更新する予定は？」,When are you planning to update the data?,,
ID00240,0000d96d,45,「ないわよ。後は想像にお任せ」,Not gonna tell you.,,
ID00240,0000dc88,51,「ちょっとエッチな話なんだけど…」,I was just gonna say something a little naughty...,,
ID00240,0000de4e,57,「はいはい、そういう話は彼女になさい」,"Yeah yeah, save that for your girlfriend.",,
ID00241,000030e0,63,「３年だし、クラスでつき合ってるヤツって、,There are couples in our class.,,
ID00241,0000312e,36,　結構いるんじゃない？」,"There should be quite a few, huh?",,
ID00241,000032ae,45,「どうだろ？　そんな話するほど,I don’t talk about it much.,,
ID00241,000032ea,39,　深いつき合いしてないし、,"Besides, we're not that close anyway,",,
ID00241,00003320,33,　よくわかんないなぁ」,"I don't really know, you know?",,
ID00241,000038f3,42,「まぁ、コソコソ電話したり、,"Well, we do sneak around on the phone,",,
ID00241,0000392c,36,　メールしたりしてるし、,"and send each other texts and stuff,",,
ID00241,0000395f,51,　幸せそうな子は何人かいるけどね」,but there are a few couples who look happy.,,
ID00241,00003dbb,30,「ユイ姉って、誰とも,"You know, Yuu-onee hasn't...",,
ID00241,00003de8,42,　つき合ったことないだろ？」,"dated anyone, right?",,
ID00241,00003fa5,48,「そういうあんたもないでしょ？」,"You haven't either, have you?",,
ID00241,0000413e,12,「う…」,...,,
ID00241,000042dd,27,「さっさとまひろと,Just get with Mahiro.,,
ID00241,00004307,42,　くっついちゃえばいいのに」,You should just hook up already.,,
ID00241,0000435f,48,「なんでまひろが出てくるんだっ」,Why are you bringing Mahiro into this?,,
ID00241,000043d0,54,「言い寄ってくる男っていないのか？」,Don't tell me no guys hit on you?,,
ID00241,00004599,30,「いなくはないわよ。,There are some.,,
ID00241,000045c6,39,　一緒にお茶したりするし」,I even hang out with them for tea.,,
ID00241,0000478d,24,「そうなのか？」,Is that so?,,
ID00241,00004936,63,「けど、み～んな薄っぺらで退屈なのよねぇ。,But they're all shallow and boring though...,,
ID00241,00004984,33,　３０分ともたなくて」,They can't last thirty minutes.,,
ID00241,00004e05,45,「男の経済力って、気になる？」,Do you care about a guy's economic power?,,
ID00241,00004fc5,36,「ん～、そういうのって、,Don't guys care?,,
ID00241,00004ff8,45,　男の方が気にするんじゃない？,Don't they worry more than girls do?,,
ID00241,00005034,36,　彼女より稼ぎたいとか」,Wanting to earn more?,,
ID00241,0000546e,27,「う…そうかも…」,Maybe you're right...,,
ID00241,0000561c,48,「私は気にしないわよ。ただし…」,"I don't care, though...",,
ID00241,0000591a,36,「金遣いの荒い男はイヤ。,Spendthrift guys are a turnoff.,,
ID00241,0000594d,39,　どんなに性格がよくても、,"No matter how nice they are,",,
ID00241,00005983,30,　絶対つき合わない」,I won't date them.,,
ID00241,00005cab,30,「好きになった人に、,If the guy I like,,
ID00241,00005cd8,39,　彼女がいたらどうする？」,already has a girlfriend?,,
ID00241,00005e92,30,「どうもしないわよ」,I wouldn't do anything,,
ID00241,00006043,45,「どんな子とつき合ってるのか、,"What kind of girl he's dating,",,
ID00241,0000607f,39,　ちょっと興味あるけどね」,I'm just a little curious.,,
ID00241,0000635d,42,「男の容姿って気になるか？」,Are you interested in guys' looks?,,
ID00241,0000651a,39,「全然。まるで気にしない」,I don't care.,,
ID00241,000066e1,57,「モデルのイケメンとか見てるだろうし、,"You probably look at handsome models and stuff,",,
ID00241,00006729,36,　目が肥えそうだけど？」,Your eyes are getting used to it?,,
ID00241,000068e0,54,「だから、余計気にならなくなるのよ。,That's why I end up not caring anymore.,,
ID00241,00006925,45,　男は見た目じゃなく、中身ね」,It's what's inside that counts.,,
ID00241,00006d7b,48,「年上と年下、どっちが好みだ？」,Do you prefer older or younger guys?,,
ID00241,00006f3e,39,「そんなに離れてなければ、,"If you weren't so far away,",,
ID00241,00006f74,33,　どっちでもいいわよ」,either would be fine.,,
ID00241,0000729a,48,「私を甘えさせてくれる人ならね」,"If they let me get close,",,
ID00241,00007446,48,「恋の季節って、いつだと思う？」,When do you think the season of love is?,,
ID00241,00007609,60,「ん～、ロマンチックなのは、冬じゃない？,"Hmm, isn't winter the romantic season?",,
ID00241,00007654,57,　雪の中、身を寄せ合っちゃったりして」,"You know, snuggling up in the snow...",,
ID00241,00007f00,36,「コート姿の男の人って、,A man in a coat is,,
ID00241,00007f33,39,　ちょっとカッコいいしね」,"kinda hot, right?",,
ID00241,0000810d,57,「街中で声かけられたことってあるか？」,Ever had someone hit on you in public?,,
ID00241,000082d9,33,「そりゃあ、あるわよ。,"Of course, it happens.",,
ID00241,00008309,48,　向こうは手当たり次第なんだし」,They'll hit on anyone they can.,,
ID00241,00008795,39,「ぶろ君も、デジカム持って,"You should bring your digicam too, bro.",,
ID00241,000087cb,39,　声かけまくっちゃダメよ。,Don't go hitting on everyone.,,
ID00241,00008801,54,　絶対、怪しい人だって思われるから」,You'll definitely seem suspicious.,,
ID00241,00008c84,33,「わ、わかってるって」,I-I know,,
ID00241,00008ce6,54,「勉強が出来る男と、運動が出来る男、,Guys who study and guys who play sports...,,
ID00241,00008d2b,27,　どっちがいい？」,Which is better?,,
ID00241,00008ed9,39,「そんなの、両方できる男に,Only a guy who can do both,,
ID00241,00008f0f,33,　決まってるじゃない」,"That's a given, isn't it?",,
ID00241,00009370,51,「あ～あ、私に相応しい男の人って、,Ah~ What kind of guy would suit me...,,
ID00241,000093b2,36,　いつ現れるんだろう…」,When will he appear...?,,
ID00241,000096b1,48,（そのハードルの高さじゃなぁ…）,(The bar is set pretty high there...),,
ID00241,00009722,48,「恋って、よくわからないけど…」,I don't really get love...,,
ID00241,000098e5,42,「フフッ、そんな悩みなんて、,You're worrying too early.,,
ID00241,0000991e,39,　１０年早いんじゃない？」,You're ten years ahead of yourself!,,
ID00241,00009dae,48,「ぶろ君って、女の子を録ることが,"Recording girls like that, Bro-kun...",,
ID00241,00009ded,42,　多いみたいだし、恋をすると,You do this a lot?,,
ID00241,00009e26,51,　グッと映像が良くなると思うよ？」,"the footage gets way better, I think?",,
ID00241,0000a16b,39,「お、おう…そうかもな…」,Y-Yeah... Maybe...,,
ID00241,0000a1d3,51,「ユイ姉の恋愛って、猫型だと思う？,Do you think Yu-onee's love is cat-type?,,
ID00241,0000a215,27,　それとも犬型？」,Or maybe dog-type?,,
ID00241,0000a3c3,30,「猫型でしょうねぇ。,Cat-type for sure.,,
ID00241,0000a3f0,42,　自分で言うのもなんだけど、,"I know it sounds arrogant, but",,
ID00241,0000a429,27,　勝手気ままだし」,I'm pretty self-centered.,,
ID00241,0000a884,33,「ネコラヴってとこね」,That's what they call 'cat love',,
ID00241,0000aa0e,18,「はははは」,Hahaha,,
ID00241,0000aa61,60,「好きになったら、自分から告白する方？」,You're the type who confesses first?,,
ID00241,0000ac53,33,「ううん、絶対しない。,"Nope, never will.",,
ID00241,0000ac83,48,　私の魅力で振り向かせてみせる」,I'll make him fall for me with my charm.,,
ID00241,0000b12a,42,「私の良さが伝わらないなら、,"If he doesn't see how great I am,",,
ID00241,0000b163,48,　気持ちを伝えてもムダでしょ？」,then confessing would be pointless anyway.,,
ID00241,0000b481,39,「初恋って、いつだった？」,When was your first crush?,,
ID00241,0000b63b,39,「それが…まだなのよねぇ」,It's... still hasn't happened.,,
ID00241,0000bad7,45,「小さい頃から仕事してるから、,"I've been working since I was little, so",,
ID00241,0000bb13,48,　同年代の男子が子供に思えて…」,"guys my age seem like kids to me...""",,
ID00241,0000be48,60,「みんな早く大人になんなさい、って感じ」,You all need to grow up faster.,,
ID00241,0000c000,45,「ユイ姉の理想のタイプって？」,"What's your ideal type, Yuichan?",,
ID00241,0000c1d6,57,「ぶろ君を～、もっとかっこよくして～、,Make you look cooler~,,
ID00241,0000c21e,42,　包容力があるようにして～、,More like someone with a lot of charisma~,,
ID00241,0000c257,36,　頼れるようにした感じ」,So that I can rely on you~,,
ID00241,0000c866,48,「なんで俺を基準に例えるんだよ」,Why are you using me as an example?,,
ID00241,0000ca29,51,「早くいい男になんなさいってこと」,"Be a good guy already, you know~",,
ID00241,0000cbd8,45,「告白されるなら、直接がいい？,Would you prefer in person?,,
ID00241,0000cc14,27,　メールがいい？」,Or via email?,,
ID00241,0000cdc2,48,「メールはイヤね。直接言う勇気が,You think I'm scared to say it in person?,,
ID00241,0000ce01,45,　ないのかな～って思っちゃう」,I wonder if you don't have the guts...,,
ID00241,0000d26e,63,「男なら、面と向かって言ってくれなくちゃ」,"If you're a man, you gotta tell me face-to-face.",,
ID00241,0000d564,57,「告白されるなら、どんな場所がいい？」,Where would be a good place for confessing?,,
ID00241,0000d730,63,「そりゃあ、ロマンチックな場所がいいわよ」,Of course somewhere romantic!,,
ID00241,0000da3d,45,「誰もいない夕暮れの海とかぁ、,"A beach with no one around at sunset,",,
ID00241,0000da79,48,　２人で星を見上げながらとかぁ」,"or looking up at the stars together, huh?",,
ID00241,0000dee9,60,「一生の思い出になるような演出が必要よ、,We need a setup that'll make for a lifetime memory.,,
ID00241,0000df34,15,　ぶろ君」,Pool boy.,,
ID00241,0000e0ac,36,「またなんで俺の話に…」,Why are you bringing me up again...,,
ID00241,0000e111,63,「相手を絶対に惚れさせるクスリがあったら、,If there was a drug that...,,
ID00241,0000e15f,21,　どうする？」,What do we do then?,,
ID00241,0000e307,54,「フフッ、バカねぇ。女の子はみんな、,"Heh, silly girl. All girls,",,
ID00241,0000e34c,36,　本能的にそのクスリを、,"naturally use that drug,",,
ID00241,0000e37f,36,　とっくに使ってるのよ」,"already, you know.",,
ID00241,0000e7f0,15,「えっ？」,Huh?,,
ID00241,0000e992,51,「仕草や表情で、あなたは特別よって,You show it in your gestures and expressions...,,
ID00241,0000e9d4,27,　アピールして…」,Tell us we're special.,,
ID00241,0000ee2f,60,「女の子はね、好きだって言ってもらいたい,Girls just wanna hear they're loved.,,
ID00241,0000ee7a,21,　生き物なの」,Living things.,,
ID00241,0000eff8,24,「そ、そうか…」,R-Right...,,
ID00241,0000f051,51,「男って、女の子がそばにいた方が、,Guys tend to work harder,,
ID00241,0000f093,45,　なにかとがんばるんだよなぁ。,"when there are girls around,",,
ID00241,0000f0cf,39,　いいとこ見せようとして」,trying to show off their best side.,,
ID00241,0000f2cc,51,「うんうん、男の人のそう言うとこ、,"Yeah, yeah, when guys do that,",,
ID00241,0000f30e,24,　かわいいよね」,So cute.,,
ID00241,0000f766,42,「うまく利用すると楽ちんよ。,you can take advantage of it.,,
ID00241,0000f79f,48,　なんにもしなくていいんだから」,You don't have to do anything.,,
ID00241,0000f96f,30,「くっ、騙されてる。,"Shit, I'm getting played.",,
ID00241,0000f99c,42,　女に騙されてるぞ、みんな」,We're all being played by girls.,,
ID00241,0000fb6c,57,「動画は、ただ録ってるだけじゃダメよ。,Just recording it isn't enough.,,
ID00241,0000fbb4,60,　被写体の子と恋する気持ちで録りなさい」,Record it with love.,,
ID00241,0000fff9,42,「そうすれば、その子の魅力が,"Then, her charm will",,
ID00241,00010032,27,　引き出せるから」,come out.,,
ID00241,000101ed,30,「恋する気持ち…か」,In love... huh?,,
ID00241,0001039e,63,「まぁ、ぶろ君はまだ恋してないし、無理か」,"Well, you're not in love yet, so it's impossible.",,
ID00241,00010681,24,「うっさいぞー」,Shut up already.,,
ID00241,000106da,30,「恋って、きっと…」,Love is definitely...,,
ID00241,0001088b,57,「ふうん、いっぱしのこと言うじゃない。,"Hmm, you sure talk the talk.",,
ID00241,000108d3,21,　いい傾向よ」,That's a good sign.,,
ID00241,00010d57,33,「女の子の心と体はね…,Girls' hearts and bodies...,,
ID00241,00010d87,63,　恋するためにあるのよ。よく覚えておいて」,are made for love. Remember that well.,,
ID00241,000110e5,18,「お、おう」,Y-Yeah.,,
ID00241,000112bf,33,「早く…誰かに愛され…,Let someone love you...,,
ID00241,000112ef,36,　愛する人になりなさい」,And become the one who loves them.,,
ID00241,00011766,33,「いつかまた…一緒に、,Some day...let's ring,,
ID00241,00011796,45,　海の丘公園の鐘を鳴らそうね」,the bell at Seaside Park together again.,,
ID00241,00011ad5,48,「ああ、お互い…夢を叶えたらな」,"Yeah, we'll both make our dreams come true.",,
ID00241,00011b46,51,「価値観が合うのって、大事だよな」,"It's important to have similar values, huh?",,
ID00241,00011d0c,60,「そうね～、いちいち感じ方が違ってたら、,"Yeah, if we felt everything differently...",,
ID00241,00011d57,45,　一緒にいて疲れちゃうものね」,We'd get tired of being together.,,
ID00241,000121c4,60,「あれこれ考えずに過ごせる仲が、一番よ」,Just relax around each other.,,
ID00241,0001237c,45,「恋の色って、何色だと思う？」,What color do you think love is?,,
ID00241,00012505,48,「フフッ、ずいぶんメルヘンなこと,"Heh heh, that's pretty fairy tale stuff...",,
ID00241,00012544,27,　聞くじゃな～い」,You're listening so much.,,
ID00241,00012899,27,「恋は…そうね…」,Love... yeah...,,
ID00241,00012b4b,48,「ダイヤモンドのか・が・や・き」,Diamond sparkle~,,
ID00241,00012d1b,36,「それ色じゃねーだろ…」,That's not even a color...,,
ID00241,00012d80,51,「ユイ姉って、恋に一途だと思う？」,Do you think Yui-nee's all in for love?,,
ID00241,00012f46,63,「もちろんよ。１人の人をずっと愛し続ける。,Of course.,,
ID00241,00012f94,15,　けど…」,But...,,
ID00241,000132f9,15,「けど？」,But?,,
ID00241,0001349b,30,「仕事も好きだから、,"I like my job too, so",,
ID00241,000134c8,48,　彼には負担をかけちゃうかもね」,it might be a burden on him.,,
ID00241,00013674,51,「出会いって…きっと、運命だよな」,"It's gotta be fate, right?",,
ID00241,0001383a,51,「そうね……こうして、ぶろ君と私が,"That's true... Us and Bro-kun here,",,
ID00241,0001387c,39,　姉弟なのも、運命だしね」,Being siblings is fate too.,,
ID00241,00013ce3,48,「早く、私がビックリするような、,"Hurry up and become a guy that'll surprise me,",,
ID00241,00013d22,42,　かっこい～男になんなさい」,like a cool~ man.,,
ID00241,0001403a,48,「この夏、楽しかったよ、ユイ姉」,"I had fun this summer, Onee-chan.",,
ID00241,000141c6,24,「フフッ、私も」,"Hehe, me too.",,
ID00241,000144e3,48,「ぶろ君とずっと一緒にいられて、,"Getting to be with Bro-kun all the time,",,
ID00241,00014522,21,　よかった…」,was great...,,
ID00241,00014818,36,「ちょっと気が早いけど、,"A little early maybe, but,",,
ID00241,0001484b,36,　来年のバレンタインは、,"Next year's Valentine's Day,",,
ID00241,0001487e,45,　初の手作りチョコをあげるね」,I'll give you my first homemade chocolate.,,
ID00241,00014bcd,18,「マジで？」,Really?,,
ID00241,00014d72,51,「姉のチョコしかもらえないなんて、,Only sister's chocolate.,,
ID00241,00014db4,30,　さびし～青春ねぇ」,such a lonely youth~,,
ID00241,00014f8e,27,「真奈もくれる！」,Mana will too!,,
ID00241,00015105,36,「フフッ、よかったわね、,"Hehe, good for you then,",,
ID00241,00015138,36,　美人姉妹にモテモテで」,Popular with sisters.,,
ID00241,0001544a,60,「ユイ姉って、いつまでに結婚したいとか、,"Yui-nee talks about when she wants to get married,",,
ID00241,00015495,21,　あるのか？」,What's up?,,
ID00241,0001563d,45,「ん～、２０代ではしたいかな。,"Hmm, maybe in my 20s.",,
ID00241,00015679,63,　結婚したら出来なくなる仕事でもないしね」,Marriage won't stop me.,,
ID00241,00015af8,63,「きれいに歳を取っていきたいなぁって思う」,I want to age gracefully you know?,,
ID00241,00015cb3,54,「女って、恋をするときれいになるって,Women get prettier when they fall in love.,,
ID00241,00015cf8,18,　言うよな」,"You get it, right?",,
ID00241,00015e9d,30,「そうなのよねぇ…」,That's true...,,
ID00241,0001604e,39,「私も早く恋がしたぁ～い」,Me too~ I wanna fall in love soon.,,
ID00241,00016343,63,「もっとも、これ以上きれいになっちゃったら,"Though, if I get any prettier than this,",,
ID00241,00016391,63,　世界中の男性が振り返って、大変だけどね」,"Guys'll check me out, but it's troublesome.",,
ID00241,00016958,18,「はいはい」,Sure sure.,,
ID00241,00016b10,63,「今年のクリスマスはパーッと行きたいわね。,I wanna go all out this Christmas.,,
ID00241,00016b5e,63,　３人揃うのはしばらくないかもしれないし」,It's been a while since we were all here.,,
ID00241,000170e1,63,「そうだな、みんなでうまいもの食いたいな」,"Yeah, let's get some good food.",,
ID00241,000172b3,42,「まぁちゃんと相談しよっと。,We should talk about it properly.,,
ID00241,000172ec,51,　いつも、なにか面白いアイディアを,You always come up with something fun.,,
ID00241,0001732e,36,　出してくれるのよね～」,Isn't that right?,,
ID00241,00017505,30,「ユイ姉と俺って…」,Yui-ne and I...,,
ID00241,000176b6,54,「フフッ、そうよ。ずっとナカヨシよ」,"Heheh, that's right. We've always been close.",,
ID00242,00001198,18,「ユイ姉…」,Onee-san Yui...,,
ID00242,00001387,36,じーーーーーーーーーーっ,*Stares blankly*,,
ID00242,0000153e,12,「むっ」,Mmph.,,
ID00242,000016dd,33,「なににらんでんのよ？,What are you staring at?,,
ID00242,0000170d,33,　不満でもあるわけ？」,You don't like it or something?,,
ID00242,00001a84,48,「そ、そうじゃないって。はは…」,"N-No, that's not it... Haha...",,
ID00242,00001af5,18,「ユイ姉…」,Onee-san Yui...,,
ID00242,00001ce4,36,じーーーーーーーーーーっ,*Stares blankly*,,
ID00242,00001e9b,33,「なによ、急に黙って。,Why did you suddenly go quiet?,,
ID00242,00001ecb,60,　言いたいことがあるなら、言いなさいよ」,"If there's something to say, just spit it out.",,
ID00242,00002398,48,「い、いや、そう言うわけじゃ…」,"N-No, I didn't mean it like that...",,
ID00242,00002409,18,「ユイ姉…」,Onee-san Yui...,,
ID00242,000025f8,36,じーーーーーーーーーーっ,*Stares blankly*,,
ID00242,000027af,51,「プッ、な～にマジな顔してんのよ。,"Heh, what's with that serious face?",,
ID00242,000027f1,27,　似合わないわよ」,You look silly.,,
ID00242,00002b1e,15,「はは…」,Heh...,,
ID00242,00002be9,18,「ユイ姉…」,Onee-san Yui...,,
ID00242,00002dd8,36,じーーーーーーーーーーっ,*Stares blankly*,,
ID00242,00002f8f,51,「な、なによ、ふてくされた顔して。,W-What's up? Why the pouty face now?,,
ID00242,00002fd1,45,　私と話すのが不満だっての？」,You don't like talking to me or something?,,
ID00242,00003586,45,「い、いや、そんなわけじゃ…」,"N-No, it's not like that...",,
ID00242,00003746,18,「どうだか」,Whatever.,,
ID00242,00003814,18,「ユイ姉…」,Onee-san Yui...,,
ID00242,00003a15,36,じーーーーーーーーーーっ,*Stares blankly*,,
ID00242,00003bde,12,「あ…」,...,,
ID00242,00003d7d,48,「フフッ、かっこいいよ、ぶろ君」,"Haha, you're so cool, bro.",,
ID00242,0000421a,18,「ユイ姉…」,Onee-san Yui...,,
ID00242,0000441b,36,じーーーーーーーーーーっ,*Stares blankly*,,
ID00242,000045e4,12,「あ…」,...,,
ID00242,00004783,30,「な、なによ、もう。,Wh-What is it already?,,
ID00242,000047b0,39,　いきなり見つめられたら、,"When someone suddenly looks at you,",,
ID00242,000047e6,33,　照れちゃうじゃない」,I'd get embarrassed.,,
ID00243,000011d8,33,（思い切って、手を…）,"Go for it, and put your hand...",,
ID00243,00001485,9,ぎゅっ,Squeeze,,
ID00243,00001789,54,「どうしたのよ？　お手々つないでって,What's up? You want to hold hands or something?,,
ID00243,000017ce,33,　歳でもないでしょ？」,"You're not that old, are you?",,
ID00243,00001958,39,「そ、そうだよな、はは…」,"S-Sure, hah...",,
ID00243,00001b45,18,「ヘンなの」,That's weird,,
ID00243,00001b98,33,（思い切って、手を…）,"Go for it, and put your hand...",,
ID00243,00001e45,9,ぎゅっ,Squeeze,,
ID00243,00001fe1,12,「痛っ」,Ouch!,,
ID00243,000021ea,36,「な、なによ、いきなり」,W-what's with the sudden move?,,
ID00243,00002377,18,「わ、悪い」,S-Sorry,,
ID00243,0000251c,48,「あんたと違って華奢なんだから、,"You're so much bigger than me, be gentle.",,
ID00243,0000255b,33,　優しく扱いなさいよ」,Stop being such a jerk.,,
ID00243,000026e5,18,「ごめん…」,Sorry...,,
ID00243,00002738,33,（思い切って、手を…）,"Go for it, and put your hand...",,
ID00243,000029e5,9,ぎゅっ,Squeeze,,
ID00243,00002b81,51,「なによ、暑いじゃない。離すわよ」,You're the one who's hot. Let go!,,
ID00243,00002e58,27,「あ、ああ、悪い」,"Oh, sorry about that.",,
ID00243,00002f1e,33,（思い切って、手を…）,"Go for it, and put your hand...",,
ID00243,000031cb,9,ぎゅっ,Squeeze,,
ID00243,00003367,51,「なによ、いきなり手なんか繋いで。,What are you doing? Suddenly holding my hand?,,
ID00243,000033a9,24,　暑いんだけど」,It's so hot.,,
ID00243,0000369c,18,「わ、悪い」,S-Sorry,,
ID00243,00003759,33,（思い切って、手を…）,"Go for it, and put your hand...",,
ID00243,00003a18,9,ぎゅっ,Squeeze,,
ID00243,00003bc6,12,「あ…」,...,,
ID00243,00003d2e,42,「おっきくなったね……手…」,Your hands... have gotten so big...,,
ID00243,00003f3e,33,（思い切って、手を…）,"Go for it, and put your hand...",,
ID00243,000041fd,9,ぎゅっ,Squeeze,,
ID00243,000043ab,12,「あ…」,...,,
ID00243,00004513,48,「も、もう、いきなりなんなのよ？,Wh-what do you think you're doing?,,
ID00243,00004552,33,　恥ずかしいじゃない」,It'd be embarrassing.,,
ID00244,00002a31,24,「な、なによ？」,W-what?,,
ID00244,00002bb2,36,「なんかついてたんだよ」,There was something stuck to it.,,
ID00244,00002d32,45,「あ、そう。気が利くじゃない」,"Oh, right. You're so considerate.",,
ID00244,0000327b,15,「ふぐ…」,Fug...,,
ID00244,0000341d,57,「な、なによ、ほっぺたになんか触れて」,W-what? Why'd you touch my cheek?,,
ID00244,00003835,36,「なんかついてたんだよ」,There was something stuck to it.,,
ID00244,000039ec,63,「あ、そうなんだ。ありがと、取ってくれて」,"Oh, I see. Thanks for getting it off.",,
ID00244,00004028,15,「むぐ…」,Mmmph...,,
ID00244,00004193,57,「な、なによ、そんなとこ触んないでよ」,W-what? Don't touch there!,,
ID00244,000044a7,36,「なんかついてたんだよ」,There was something stuck to it.,,
ID00244,00004627,48,「あ、そうなんだ。ならいいけど」,"Oh, I see. That's fine then.",,
ID00244,00004b50,12,「んっ」,Mmnh,,
ID00244,00004cef,51,「な、なによ、どこ触ってんのよ！」,W-what? What are you touching?,,
ID00244,00005034,36,「なんかついてたんだよ」,There was something stuck to it.,,
ID00244,000051b4,48,「あ、そうなの？　なら、いっか」,"Oh, is that so? Then it's okay.",,
ID00244,000056fc,42,「きゃっ！　ちょ、ちょっと！,Eek! W-wait a minute!,,
ID00244,00005735,33,　どこ触ってんのよ！」,What are you touching?,,
ID00244,00005a31,36,「なんかついてたんだよ」,There was something stuck to it.,,
ID00244,00005be8,57,「もう、言ってくれれば自分で取るわよ。,"If you'd just tell me, I could get it myself.",,
ID00244,00005c30,36,　くすぐったいじゃない」,It tickles.,,
ID00244,00006116,51,「なによ、肩なんか凝ってないわよ」,What now? My shoulders aren't stiff.,,
ID00244,000062b2,21,「そ、そうか」,T-that's right.,,
ID00244,000064ee,63,「あうっ、な、なに！？　どうしたのよ！？」,"Aah, w-what!? What's wrong!?",,
ID00244,00006808,42,「あ…なんかついてたから…」,Oh... there was something stuck...,,
ID00244,000069c5,42,「もう、ビックリするでしょ！,You scared me!,,
ID00244,000069fe,51,　言ってくれれば自分で取るわよ！」,I could've taken it off myself if you'd told me.,,
ID00244,00006e47,15,「悪い…」,Sorry...,,
ID00244,0000707e,51,「な、なによ、いきなり髪に触れて」,W-what? You touched my hair!,,
ID00244,00007355,36,「なんかついてたんだよ」,There was something stuck to it.,,
ID00244,0000750c,42,「あ、そう。まぁ、ありがと」,O-oh. Thanks then.,,
ID00244,00007d3f,15,「ふぐ…」,Fug...,,
ID00244,00007f0f,15,「むぐ…」,Mmmph...,,
ID00244,000080a8,54,「な、なによ、いきなり触らないでよ」,"What are you doing, don't touch me like that.",,
ID00244,000083b9,36,「なんかついてたんだよ」,There was something stuck to it.,,
ID00244,00008539,51,「あ、そうなんだ。まぁ、ありがと」,"Oh, I see. Thanks then.",,
ID00244,00008d1b,15,「んん…」,Hmm...,,
ID00244,00008e86,36,「な、なによ、いきなり！,W-what are you doing?!,,
ID00244,00008eb9,36,　どこ触ってんのよ！？」,Don't touch me like that!!,,
ID00244,000091ef,42,「な、なんかついてたんだよ」,There was something on it.,,
ID00244,000093ec,36,「ひゃっ！　な、なに！？,Eek! What is it?!,,
ID00244,0000941f,48,　いきなりどこ触ってんのよ！？」,Why did you suddenly start touching me?!,,
ID00244,0000972a,42,「な、なんかついてたんだよ」,There was something on it.,,
ID00244,00009915,57,「あ…そうなんだ。なら…まぁいいけど」,Oh...I see. Well...it's fine then.,,
ID00244,00009f14,42,「姉の肩に気安く触れるとか、,Don't touch my sister's shoulder.,,
ID00244,00009f4d,30,　どういうつもり？」,What's your intention?,,
ID00244,0000a0d4,48,「いや、肩が凝ってないかなと…」,I just wondered if your shoulder was stiff...,,
ID00244,0000a297,54,「凝ってれば言うわよ。気安いわねぇ」,"If it were, I'd tell you. You're so casual.",,
ID00244,0000a436,15,「悪い…」,Sorry...,,
ID00244,0000a66c,24,「ひゃあっ！？」,Hyaa!?,,
ID00244,0000a7e0,45,「な、なに！？　どうしたの！？,W-what!? What's wrong!?,,
ID00244,0000a81c,39,　変態！？　変態なの！？」,Pervert!? You're a pervert!?,,
ID00244,0000ac90,60,「そうじゃなくて、なにかついてたんだよ」,"It wasn't that, something was stuck.",,
ID00244,0000ae5f,63,「はぁ？　…ったく、ならそう言いなさいよ、,"Huh? ...Fine, then just say so.",,
ID00244,0000aead,27,　自分で取るから」,I could've.,,
ID00244,0000b325,15,「悪い…」,Sorry...,,
ID00244,0000b55c,42,「なによ？　髪なんか触れて」,What's up? Touching my hair and all.,,
ID00244,0000b6ef,36,「なんかついてたんだよ」,There was something stuck to it.,,
ID00244,0000b86f,30,「ああ、そうなんだ。,"Oh, I see.",,
ID00244,0000b89c,39,　ありがと、取ってくれて」,Thanks for getting it for me.,,
ID00244,0000c0a9,15,「ふぐ…」,Fug...,,
ID00244,0000c226,48,「な、なによ、ほっぺたに触れて」,W-what are you doing? Touching my cheek!,,
ID00244,0000c6c5,15,「むぐ…」,Mmmph...,,
ID00244,0000c842,48,「な、なによ、鼻に触れるなんて」,W-what are you doing? Touching my nose!,,
ID00244,0000cb68,36,「なんかついてたんだよ」,There was something stuck to it.,,
ID00244,0000cd1f,36,「あ、ああ、そうなんだ。,"Ah, I see.",,
ID00244,0000cd52,39,　ありがと、取ってくれて」,Thanks for getting it for me.,,
ID00244,0000d4b1,12,「んっ」,Mmnh,,
ID00244,0000d62b,48,「な、なによ、どういうつもり！？,Wh-what do you think you're doing!?!,,
ID00244,0000d66a,30,　唇に触れるなんて」,Don't go touching my lips.,,
ID00244,0000dad5,36,「なんかついてたんだよ」,There was something stuck to it.,,
ID00244,0000dc55,36,「あ、ああ、そうなんだ。,"Ah, I see.",,
ID00244,0000dc88,39,　ありがと、取ってくれて」,Thanks for getting it for me.,,
ID00244,0000e41e,42,「きゃっ！　ちょ、ちょっと、,"Kyaa! Hey, wait a sec,",,
ID00244,0000e457,39,　くすぐったいじゃない！」,You're tickling me!,,
ID00244,0000e759,42,「悪い、なにかついてたから」,"I'm sorry, it was just stuck there.",,
ID00244,0000e8df,63,「あ、ああ、そうなんだ。気が利くじゃない。,"A-Ah, I see. You really are considerate.",,
ID00244,0000e92d,18,　ありがと」,Thanks.,,
ID00244,0000f0ae,45,「な、なによ、肩なんか抱いて」,"What are you doing, hugging me?",,
ID00244,0000f37f,54,「俺は…いつだってユイ姉の味方だよ」,"I've always been on your side, Yu-onee.",,
ID00244,0000f55a,48,「そ、そんなことわかってるわよ。,"S-Sure, I know that already.",,
ID00244,0000f599,42,　私の為に尽くしなさいよね」,"You should do everything for me, right?",,
ID00244,0000fbd2,36,「はうっ、なっ、なに！？,Huh? W-What?!,,
ID00244,0000fc05,30,　どうしたのよ！？」,What's wrong with you?!,,
ID00244,0000fefe,51,「ご、ごめん、なにかついてたから」,"S-Sorry, I was lost in thought.",,
ID00244,000100c4,57,「もう！　エッチ！　自分で取るわよ！」,Ugh! Pervert! I'll get it myself!,,
ID00244,000103a1,15,「悪い…」,Sorry...,,
ID00244,000105a1,51,「な、なによ、いきなり髪に触れて」,W-what now? Touched my hair...,,
ID00244,00010774,36,「なんかついてたんだよ」,There was something stuck to it.,,
ID00244,000108f4,54,「あ、ああ、そうなんだ。ありがとね」,"Y-Yeah, thanks...",,
ID00244,00011110,15,「ふぐ…」,Fug...,,
ID00244,000112b2,54,「な、なによ、いきなり頬に触れて…」,"W-What are you doing, suddenly touching my cheek...",,
ID00244,00011720,15,「むぐ…」,Mmmph...,,
ID00244,0001188b,54,「な、なによ、いきなり鼻に触れて…」,"W-What are you doing, suddenly touching my nose...",,
ID00244,00011bb7,36,「なんかついてたんだよ」,There was something stuck to it.,,
ID00244,00011d6e,54,「あ、ああ、そうなんだ。ありがとね」,"Y-Yeah, thanks...",,
ID00244,000123a1,15,「んん…」,Hmm...,,
ID00244,0001250c,36,「な、なによ、いきなり！,W-what are you doing?!,,
ID00244,0001253f,36,　黙ってろってこと！？」,Shut up!,,
ID00244,0001283e,60,「そうじゃなくて、なにかついてたんだよ」,"It wasn't that, something was stuck.",,
ID00244,000129d6,36,「あ、ああ、そうなんだ。,"Ah, I see.",,
ID00244,00012a09,39,　ありがと、取ってくれて」,Thanks for getting it for me.,,
ID00244,00013064,45,「ひゃうっ！　な、な、なに！？,Eek! W-What's this!?,,
ID00244,000130a0,48,　いきなりどこ触ってんのよ！？」,Why did you suddenly start touching me?!,,
ID00244,000134e6,51,「わ、悪い、なにかついてたんだよ」,"S-Sorry, there was something stuck.",,
ID00244,000136ac,42,「あ…そう。まぁ、ありがと」,"Ah, thanks...",,
ID00244,00013cd3,30,「…どうしたのよ？」,What's up?,,
ID00244,00013d1f,45,「いや、肩が凝ってないかなと」,I was checking your shoulders.,,
ID00244,00013edf,27,「凝ってないわよ。,They're not.,,
ID00244,00013f09,45,　ほぐして欲しい時は言うわよ」,Tell me if you want me to rub them out.,,
ID00244,00014211,27,「そ、そうだよな」,"S-sorry, right.",,
ID00244,00014441,18,「きゃっ！」,"""Eek!""",,
ID00244,000145af,51,「な、なに！？　どうしたのよ！？」,W-what!? What's wrong!?,,
ID00244,00014782,48,「わ、悪い、なにかついてたから」,"S-Sorry, I didn't mean to.",,
ID00244,00014945,63,「そんなの言ってくれれば、自分で取るわよ！,"If you say something like that, I can do it myself!",,
ID00244,00014993,30,　エッチ！　変態！」,Pervert!变态！,,
ID00244,00014d90,21,「ご、ごめん」,S-Sorry,,
ID00244,00014fdf,12,「あ…」,...,,
ID00244,0001517e,39,「フフッ、優しく触れてね」,"Hehe, be gentle",,
ID00244,00015507,12,「ん…」,Hmm...,,
ID00244,000156a6,36,「フフッ、女の子の扱いに,"Hehe, treat the girl right",,
ID00244,000156d9,33,　慣れて来ちゃって…」,Getting used to it...,,
ID00244,00015bce,15,「んぐ…」,...Nngh...,,
ID00244,00015d39,45,「フフッ、姉をからかうなんて、,"Hehe, teasing your big sis?",,
ID00244,00015d75,27,　１０年早いわよ」,by like ten years.,,
ID00244,00016264,15,「んん…」,Hmm...,,
ID00244,00016406,63,「もう…そういうことは、彼女にやりなさい」,Do it to your girlfriend already...,,
ID00244,00016919,15,「あぅ…」,Ow...,,
ID00244,00016abb,45,「ダメよ、くすぐったいでしょ」,"Nope, you're ticklish",,
ID00244,00016e13,12,「あ…」,...,,
ID00244,00016fb2,42,「ありがと、励ましてくれて」,Thanks for cheering me up,,
ID00244,0001733e,18,「はうぅ…」,Haa...,,
ID00244,000174ac,36,「もう…いけない弟ねぇ」,"Already bad enough, little bro...",,
ID00244,00017833,51,「ど、どうしたのよ？　髪に触れて」,W-What's wrong? You touched my hair...,,
ID00244,000179cf,33,「なにかついてたから」,There was something there.,,
ID00244,00017b83,30,「そっか、ありがと」,"Oh, thanks.",,
ID00244,000180a3,15,「ふぐ…」,Fug...,,
ID00244,00018245,54,「ど、どうしたのよ？　頬に触れて…」,W-What's wrong? You touched my cheek...,,
ID00244,00018615,15,「むぐ…」,Mmmph...,,
ID00244,000187b7,30,「ど、どうしたのよ？,W-What's wrong?,,
ID00244,000187e4,36,　いきなり鼻に触れて…」,You suddenly touched my nose...,,
ID00244,00018b12,33,「なにかついてたから」,There was something on it...,,
ID00244,00018c8f,36,「あ…そっか、ありがと」,"Ah... I see, thanks.",,
ID00244,00019187,15,「んん…」,Hmm...,,
ID00244,00019329,60,「ど、どうしたのよ？　唇に触れるなんて」,W-What's wrong? You touched my lips...,,
ID00244,00019744,33,「なにかついてたから」,There was something on it...,,
ID00244,0001993f,36,「あ…そっか、ありがと」,"Ah... I see, thanks.",,
ID00244,00019e00,36,「ひゃっ、な、なに！？」,Hyaa! W-what!?,,
ID00244,00019f8d,42,「いや、なにかついてたから」,"No, there was something stuck on it.",,
ID00244,0001a113,48,「そっか、取ってくれてありがと」,Thanks for getting rid of it.,,
ID00244,0001a4dc,12,「あ…」,...,,
ID00244,0001a67b,51,「もう、いきなり肩に触れるなんて、,You touched my shoulder...,,
ID00244,0001a6bd,24,　気安いわねぇ」,It's annoying.,,
ID00244,0001aaa7,27,「まぁ…いいけど」,Sure...I guess.,,
ID00244,0001ae5b,15,「あぅっ」,Ow!,,
ID00244,0001affd,42,「もう！　エッチ！　バカ！」,Stop it! Pervert! Idiot!,,
ID00245,0000123a,42,「ふうん、楽しい話ばかりね」,"Hmm, all fun stories.",,
ID00245,00001548,45,「意外といい話を知ってるのね」,You know some pretty good ones.,,
ID00245,00001859,57,「どの話も、なかなかいい感じじゃない」,All of them are really nice.,,
ID00245,00001dd6,42,「フフッ、なかなか楽しませて,"Hehe, you sure do entertain",,
ID00245,00001e0f,27,　くれるじゃない」,pretty well.,,
ID00245,00002145,45,「クスクス、ぶろ君らしい話ね」,"Kukuku, typical bro-kun stories.",,
ID00245,0000248d,42,「へぇ～っ、どれもいい話ね。,"Wow, they're all great stories.",,
ID00245,000024c6,24,　感心しちゃう」,I'm impressed.,,
ID00245,00002a53,45,「フフッ、ぶろ君と話してると、,"Hehe, when I talk with Bro-kun,",,
ID00245,00002a8f,33,　なんだかホッとする」,I feel relieved.,,
ID00245,00002ecf,54,「クスッ、変わんないなぁ、ぶろ君は。,"Heh, you sure haven't changed, bro.",,
ID00245,00002f14,24,　いつも楽しい」,You're always so fun.,,
ID00245,00003500,36,「うんうん、いい感じよ。,"Yeah, this is great.",,
ID00245,00003533,36,　もっと私を楽しませて」,Make me even happier.,,
ID00246,00000d89,33,「あ～あ…さっきから、,Aah... Still on that?,,
ID00246,00000db9,36,　同じような話ばっかり」,Same old story.,,
ID00246,0000122f,51,「その手の話は聞き飽きたってばぁ」,I'm sick of hearing that crap.,,
ID00246,00001579,39,「もっと違う話しようよぉ」,Let's talk about something else.,,
ID00247,00000dc0,57,「また似たような話してぇ…嫌がらせ？」,Another one? Are you harassing me?,,
ID00247,000010d9,57,「同じような話ばっかり…。バカみたい」,Same old story... Stupid.,,
ID00247,00001599,45,「もうその手の話はいいってば！,I said no more of that nonsense!,,
ID00247,000015d5,33,　いい加減にしてよね」,Cut it out already.,,
ID00248,00000dc0,57,「話したいことがないなら、行くけど？」,"If not, I'm off.",,
ID00248,000010d9,54,「黙ってたって、つまんないでしょ？」,"Even if you stay quiet, it's gonna be boring, right?",,
ID00248,00001426,39,「退屈～、なにか話して～」,This is so boring~. Say something~,,
